<?xml version="1.0" encoding="UTF-8"?>
<kml xmlns="http://www.opengis.net/kml/2.2">
<Document>
<Placemark>
<name>Jose Collas (-47)</name>
<LineString>
<coordinates>-71.850632,-13.421085,2991.2 -71.850632,-13.421085,2991.2 -71.850632,-13.421085,2991.4 -71.850632,-13.421084,2991.4 -71.850632,-13.421085,2991.4 -71.850632,-13.421084,2991.4 -71.850633,-13.421084,2991.4 -71.850633,-13.421083,2991.4 -71.850634,-13.421082,2991.4 -71.850634,-13.421082,2991.4 -71.850634,-13.421081,2991.4 -71.850635,-13.421081,2991.4 -71.850636,-13.421080,2991.2 -71.850637,-13.421079,2991.2 -71.850638,-13.421079,2991.4 -71.850638,-13.421079,2991.4 -71.850639,-13.421078,2991.2 -71.850640,-13.421078,2991.2 -71.850641,-13.421077,2991.2 -71.850642,-13.421077,2991.2 -71.850642,-13.421077,2991.2 -71.850643,-13.421077,2991 -71.850644,-13.421077,2991 -71.850644,-13.421077,2991.2 -71.850644,-13.421077,2991.2 -71.850645,-13.421077,2991.2 -71.850645,-13.421076,2991.2 -71.850645,-13.421076,2991.2 -71.850646,-13.421076,2991.2 -71.850646,-13.421076,2991.2 -71.850647,-13.421076,2991.2 -71.850647,-13.421076,2991.2 -71.850647,-13.421076,2991.2 -71.850647,-13.421076,2991.2 -71.850647,-13.421076,2991 -71.850647,-13.421076,2991 -71.850647,-13.421076,2991 -71.850647,-13.421076,2991 -71.850647,-13.421076,2991 -71.850646,-13.421076,2990.6 -71.850646,-13.421076,2990.6 -71.850646,-13.421076,2990.6 -71.850646,-13.421076,2990.6 -71.850646,-13.421077,2990.4 -71.850646,-13.421077,2990.4 -71.850646,-13.421078,2990.4 -71.850646,-13.421078,2990.4 -71.850646,-13.421078,2990.2 -71.850646,-13.421078,2990.2 -71.850645,-13.421078,2990 -71.850645,-13.421078,2990 -71.850644,-13.421078,2990 -71.850644,-13.421078,2990 -71.850644,-13.421078,2990 -71.850643,-13.421077,2989.8 -71.850643,-13.421078,2989.8 -71.850643,-13.421078,2989.8 -71.850642,-13.421079,2989.8 -71.850642,-13.421079,2989.6 -71.850641,-13.421078,2989.6 -71.850640,-13.421078,2989.6 -71.850640,-13.421078,2989.8 -71.850640,-13.421078,2989.8 -71.850641,-13.421077,2989.8 -71.850641,-13.421076,2989.8 -71.850638,-13.421075,2989.8 -71.850637,-13.421074,2989.8 -71.850637,-13.421073,2989.8 -71.850636,-13.421073,2989.8 -71.850637,-13.421073,2989.8 -71.850636,-13.421073,2989.8 -71.850639,-13.421073,2989.8 -71.850641,-13.421072,2989.8 -71.850641,-13.421073,2990 -71.850641,-13.421073,2990 -71.850642,-13.421073,2989.8 -71.850641,-13.421072,2989.6 -71.850641,-13.421071,2989.6 -71.850643,-13.421071,2990 -71.850643,-13.421070,2989.6 -71.850641,-13.421071,2989.6 -71.850641,-13.421071,2989.4 -71.850642,-13.421070,2989.6 -71.850644,-13.421070,2990 -71.850645,-13.421070,2990.4 -71.850645,-13.421069,2990.2 -71.850645,-13.421070,2990.2 -71.850646,-13.421070,2990.4 -71.850646,-13.421070,2989.8 -71.850645,-13.421069,2989.4 -71.850644,-13.421069,2989.4 -71.850644,-13.421069,2989.4 -71.850643,-13.421068,2989.2 -71.850644,-13.421069,2989 -71.850644,-13.421069,2988.8 -71.850645,-13.421070,2988.8 -71.850645,-13.421071,2988.8 -71.850645,-13.421071,2988.8 -71.850645,-13.421070,2989 -71.850645,-13.421070,2988.8 -71.850646,-13.421071,2988.8 -71.850646,-13.421069,2989 -71.850646,-13.421070,2989 -71.850647,-13.421071,2989 -71.850647,-13.421072,2988.8 -71.850648,-13.421072,2989 -71.850649,-13.421072,2989 -71.850649,-13.421073,2989.2 -71.850651,-13.421074,2989.2 -71.850652,-13.421075,2989.2 -71.850652,-13.421076,2989.4 -71.850652,-13.421078,2989.2 -71.850652,-13.421080,2989.2 -71.850653,-13.421080,2989.4 -71.850653,-13.421080,2989.4 -71.850654,-13.421081,2989.4 -71.850654,-13.421082,2989.4 -71.850654,-13.421083,2989.4 -71.850654,-13.421084,2989.4 -71.850653,-13.421085,2989.2 -71.850653,-13.421086,2989.2 -71.850653,-13.421087,2989.2 -71.850651,-13.421087,2989 -71.850651,-13.421088,2988.8 -71.850651,-13.421088,2988.6 -71.850650,-13.421089,2988.6 -71.850649,-13.421089,2988.6 -71.850649,-13.421089,2988.4 -71.850648,-13.421089,2988.4 -71.850648,-13.421089,2988.4 -71.850647,-13.421088,2988.2 -71.850647,-13.421088,2988.4 -71.850646,-13.421088,2988.4 -71.850646,-13.421089,2988.4 -71.850646,-13.421088,2988.4 -71.850645,-13.421088,2988.6 -71.850645,-13.421088,2988.6 -71.850645,-13.421090,2988.8 -71.850644,-13.421090,2988.8 -71.850644,-13.421090,2988.8 -71.850644,-13.421090,2988.8 -71.850643,-13.421090,2988.8 -71.850643,-13.421091,2988.6 -71.850643,-13.421091,2988.6 -71.850643,-13.421092,2988.4 -71.850642,-13.421091,2988.4 -71.850637,-13.421089,2988.2 -71.850632,-13.421085,2988 -71.850629,-13.421081,2988 -71.850625,-13.421075,2987.8 -71.850623,-13.421067,2987.4 -71.850623,-13.421057,2987.4 -71.850625,-13.421042,2987.2 -71.850631,-13.421026,2987.2 -71.850637,-13.421010,2987 -71.850641,-13.420994,2987.2 -71.850644,-13.420978,2987.6 -71.850649,-13.420960,2987.8 -71.850653,-13.420945,2988 -71.850657,-13.420934,2988 -71.850660,-13.420924,2988.2 -71.850667,-13.420913,2988.6 -71.850674,-13.420898,2989.2 -71.850678,-13.420884,2989.2 -71.850679,-13.420871,2989.4 -71.850678,-13.420859,2989.8 -71.850675,-13.420852,2989.8 -71.850670,-13.420841,2989.8 -71.850667,-13.420830,2989.8 -71.850669,-13.420817,2989.8 -71.850672,-13.420804,2990 -71.850683,-13.420787,2990.4 -71.850692,-13.420772,2990.4 -71.850697,-13.420757,2990.6 -71.850703,-13.420747,2990.8 -71.850709,-13.420741,2990.8 -71.850715,-13.420735,2990.6 -71.850723,-13.420730,2990.4 -71.850732,-13.420726,2990.4 -71.850742,-13.420721,2990.2 -71.850753,-13.420715,2990 -71.850765,-13.420712,2989.8 -71.850777,-13.420709,2989.8 -71.850789,-13.420707,2989.6 -71.850802,-13.420707,2989.6 -71.850819,-13.420707,2989.4 -71.850839,-13.420706,2989.4 -71.850854,-13.420702,2989.2 -71.850869,-13.420699,2989 -71.850883,-13.420693,2988.8 -71.850895,-13.420691,2988.8 -71.850906,-13.420687,2988.6 -71.850918,-13.420682,2988.4 -71.850930,-13.420675,2988.4 -71.850942,-13.420668,2988.2 -71.850955,-13.420658,2988 -71.850969,-13.420647,2988 -71.850986,-13.420639,2988.2 -71.851004,-13.420632,2988.2 -71.851022,-13.420625,2988.2 -71.851040,-13.420616,2988 -71.851056,-13.420611,2988 -71.851069,-13.420607,2987.8 -71.851081,-13.420604,2987.8 -71.851095,-13.420599,2987.6 -71.851106,-13.420597,2987.6 -71.851118,-13.420594,2987.4 -71.851132,-13.420593,2987.4 -71.851143,-13.420591,2987.2 -71.851153,-13.420587,2987.2 -71.851163,-13.420580,2987.2 -71.851170,-13.420576,2987.2 -71.851180,-13.420572,2987.2 -71.851189,-13.420565,2987.2 -71.851201,-13.420558,2987 -71.851211,-13.420553,2986.8 -71.851221,-13.420547,2986.8 -71.851233,-13.420543,2986.6 -71.851253,-13.420537,2986.4 -71.851263,-13.420537,2986.4 -71.851275,-13.420535,2986.4 -71.851299,-13.420532,2986.2 -71.851314,-13.420527,2986 -71.851333,-13.420511,2986 -71.851336,-13.420499,2985.8 -71.851337,-13.420487,2986 -71.851333,-13.420461,2985.8 -71.851326,-13.420439,2985.8 -71.851321,-13.420428,2985.6 -71.851318,-13.420416,2985.4 -71.851313,-13.420397,2985.2 -71.851310,-13.420389,2985.2 -71.851301,-13.420371,2984.8 -71.851298,-13.420358,2984.6 -71.851295,-13.420331,2984.4 -71.851289,-13.420317,2984.4 -71.851279,-13.420286,2984 -71.851256,-13.420254,2983.6 -71.851249,-13.420244,2983.4 -71.851239,-13.420222,2983.2 -71.851235,-13.420193,2982.8 -71.851233,-13.420182,2982.8 -71.851226,-13.420157,2982.8 -71.851222,-13.420144,2982.6 -71.851215,-13.420134,2982.8 -71.851204,-13.420118,2982.8 -71.851201,-13.420107,2982.6 -71.851190,-13.420083,2982.6 -71.851184,-13.420075,2982.6 -71.851179,-13.420066,2982.4 -71.851173,-13.420049,2982.4 -71.851169,-13.420040,2982.2 -71.851159,-13.420014,2982.2 -71.851151,-13.419997,2982 -71.851141,-13.419976,2981.8 -71.851136,-13.419966,2981.8 -71.851132,-13.419945,2982 -71.851128,-13.419937,2982.2 -71.851125,-13.419926,2982.6 -71.851112,-13.419905,2983.2 -71.851107,-13.419898,2983.4 -71.851101,-13.419882,2984.2 -71.851097,-13.419870,2984.8 -71.851093,-13.419861,2985 -71.851092,-13.419843,2985.4 -71.851087,-13.419831,2985.6 -71.851083,-13.419810,2986.2 -71.851084,-13.419793,2986.6 -71.851082,-13.419783,2986.6 -71.851075,-13.419761,2986.4 -71.851071,-13.419754,2986.4 -71.851069,-13.419746,2986.4 -71.851059,-13.419729,2986.6 -71.851055,-13.419720,2986.6 -71.851047,-13.419701,2986.8 -71.851043,-13.419691,2986.8 -71.851028,-13.419662,2987 -71.851012,-13.419640,2987.4 -71.851007,-13.419631,2987.6 -71.850997,-13.419607,2988 -71.850997,-13.419607,2988 -71.850994,-13.419596,2988 -71.850991,-13.419588,2987.8 -71.850988,-13.419580,2987.8 -71.850985,-13.419569,2987.8 -71.850983,-13.419558,2987.6 -71.850980,-13.419548,2987.4 -71.850977,-13.419539,2987.4 -71.850974,-13.419530,2987.4 -71.850972,-13.419522,2987.2 -71.850971,-13.419516,2987.2 -71.850967,-13.419509,2987.2 -71.850962,-13.419500,2987.2 -71.850957,-13.419491,2987.2 -71.850953,-13.419482,2987.2 -71.850946,-13.419474,2987.2 -71.850939,-13.419467,2987.4 -71.850933,-13.419461,2987.6 -71.850931,-13.419453,2987.8 -71.850930,-13.419444,2987.8 -71.850927,-13.419434,2987.8 -71.850926,-13.419426,2987.8 -71.850925,-13.419419,2988 -71.850923,-13.419412,2988 -71.850922,-13.419405,2988 -71.850922,-13.419397,2988.2 -71.850919,-13.419386,2988.4 -71.850917,-13.419376,2988.4 -71.850917,-13.419367,2988.6 -71.850918,-13.419358,2988.4 -71.850918,-13.419348,2988.6 -71.850919,-13.419338,2988.6 -71.850922,-13.419329,2988.8 -71.850927,-13.419320,2988.8 -71.850927,-13.419309,2989 -71.850928,-13.419295,2989.2 -71.850928,-13.419283,2989.2 -71.850931,-13.419274,2989.2 -71.850934,-13.419263,2989.4 -71.850938,-13.419251,2989.4 -71.850941,-13.419239,2989.4 -71.850946,-13.419227,2989.6 -71.850950,-13.419216,2989.6 -71.850954,-13.419209,2989.8 -71.850958,-13.419198,2990 -71.850964,-13.419187,2990 -71.850967,-13.419176,2990.2 -71.850969,-13.419166,2990.4 -71.850971,-13.419157,2990.4 -71.850976,-13.419149,2990.6 -71.850983,-13.419139,2990.8 -71.850988,-13.419127,2991 -71.850991,-13.419115,2991.2 -71.850995,-13.419105,2991.2 -71.851002,-13.419099,2991.2 -71.851008,-13.419091,2991.4 -71.851013,-13.419081,2991.4 -71.851017,-13.419069,2991.6 -71.851020,-13.419057,2991.8 -71.851023,-13.419048,2991.8 -71.851028,-13.419041,2992 -71.851035,-13.419029,2992.2 -71.851040,-13.419017,2992.2 -71.851043,-13.419005,2992.6 -71.851046,-13.418991,2992.6 -71.851050,-13.418977,2992.8 -71.851054,-13.418966,2992.8 -71.851057,-13.418958,2992.8 -71.851061,-13.418950,2992.8 -71.851066,-13.418937,2992.8 -71.851069,-13.418924,2992.8 -71.851072,-13.418912,2992.8 -71.851074,-13.418899,2993 -71.851077,-13.418884,2993 -71.851080,-13.418870,2993 -71.851083,-13.418860,2993.2 -71.851087,-13.418852,2993.2 -71.851091,-13.418840,2993 -71.851095,-13.418827,2992.8 -71.851099,-13.418815,2992.8 -71.851102,-13.418804,2992.8 -71.851108,-13.418791,2992.8 -71.851111,-13.418779,2992.6 -71.851115,-13.418770,2992.6 -71.851119,-13.418760,2992.6 -71.851123,-13.418749,2992.4 -71.851128,-13.418739,2992.6 -71.851132,-13.418728,2992.6 -71.851138,-13.418715,2992.8 -71.851145,-13.418702,2993 -71.851154,-13.418688,2993 -71.851161,-13.418677,2993.2 -71.851164,-13.418667,2993 -71.851168,-13.418657,2993 -71.851174,-13.418646,2992.8 -71.851179,-13.418635,2992.6 -71.851182,-13.418623,2992.4 -71.851188,-13.418612,2992.6 -71.851196,-13.418598,2992.8 -71.851201,-13.418584,2993 -71.851206,-13.418573,2993 -71.851208,-13.418565,2993.2 -71.851210,-13.418561,2993.4 -71.851210,-13.418562,2993.4 -71.851210,-13.418562,2993.4 -71.851211,-13.418563,2993.6 -71.851211,-13.418563,2993.4 -71.851211,-13.418563,2993.6 -71.851212,-13.418564,2993.6 -71.851212,-13.418564,2993.6 -71.851212,-13.418564,2993.6 -71.851212,-13.418564,2993.6 -71.851213,-13.418564,2993.6 -71.851213,-13.418564,2993.6 -71.851213,-13.418565,2993.6 -71.851213,-13.418565,2993.6 -71.851214,-13.418566,2993.6 -71.851214,-13.418567,2993.6 -71.851214,-13.418567,2993.6 -71.851215,-13.418567,2993.6 -71.851216,-13.418567,2993.6 -71.851217,-13.418567,2993.6 -71.851218,-13.418567,2993.6 -71.851218,-13.418567,2993.6 -71.851219,-13.418568,2993.6 -71.851219,-13.418568,2993.6 -71.851220,-13.418568,2993.6 -71.851220,-13.418569,2993.6 -71.851220,-13.418568,2993.6 -71.851220,-13.418569,2993.6 -71.851219,-13.418568,2993.6 -71.851219,-13.418568,2993.6 -71.851219,-13.418568,2993.6 -71.851219,-13.418568,2993.8 -71.851219,-13.418568,2993.8 -71.851219,-13.418568,2993.8 -71.851219,-13.418568,2993.8 -71.851219,-13.418568,2994 -71.851220,-13.418568,2994 -71.851221,-13.418568,2994 -71.851221,-13.418569,2994 -71.851222,-13.418569,2994.2 -71.851221,-13.418568,2994.2 -71.851222,-13.418569,2994.2 -71.851222,-13.418569,2994.2 -71.851222,-13.418569,2994.2 -71.851222,-13.418569,2994.2 -71.851222,-13.418569,2994.2 -71.851222,-13.418569,2994.2 -71.851222,-13.418569,2994.2 -71.851223,-13.418569,2994.2 -71.851223,-13.418569,2994.2 -71.851223,-13.418570,2994.2 -71.851223,-13.418570,2994.2 -71.851224,-13.418570,2994.2 -71.851224,-13.418570,2994.2 -71.851224,-13.418571,2994.2 -71.851224,-13.418570,2994.2 -71.851224,-13.418570,2994.2 -71.851224,-13.418570,2994.2 -71.851224,-13.418570,2994.2 -71.851224,-13.418570,2994.2 -71.851224,-13.418570,2994.2 -71.851224,-13.418570,2994.2 -71.851224,-13.418570,2994.2 -71.851224,-13.418571,2994.2 -71.851224,-13.418571,2994.2 -71.851224,-13.418571,2994.2 -71.851224,-13.418571,2994.2 -71.851224,-13.418571,2994.2 -71.851225,-13.418572,2994.2 -71.851224,-13.418572,2994.2 -71.851224,-13.418572,2994.2 -71.851225,-13.418572,2994.2 -71.851225,-13.418573,2994.2 -71.851225,-13.418573,2994.2 -71.851225,-13.418573,2994.2 -71.851225,-13.418573,2994.2 -71.851226,-13.418573,2994.2 -71.851226,-13.418573,2994.2 -71.851227,-13.418573,2994.2 -71.851228,-13.418574,2994.2 -71.851229,-13.418574,2994.2 -71.851230,-13.418574,2994.2 -71.851231,-13.418575,2994.2 -71.851232,-13.418576,2994.2 -71.851232,-13.418576,2994.2 -71.851233,-13.418577,2994.2 -71.851234,-13.418578,2994.2 -71.851235,-13.418579,2994.2 -71.851235,-13.418579,2994.2 -71.851235,-13.418579,2994.4 -71.851235,-13.418579,2994.2 -71.851235,-13.418579,2994.2 -71.851235,-13.418579,2994.2 -71.851236,-13.418578,2994.4 -71.851236,-13.418575,2994.4 -71.851238,-13.418568,2994.4 -71.851243,-13.418558,2994.2 -71.851248,-13.418547,2994.2 -71.851251,-13.418538,2994.2 -71.851253,-13.418528,2994.2 -71.851258,-13.418517,2994.2 -71.851267,-13.418504,2994.2 -71.851276,-13.418490,2994.2 -71.851282,-13.418477,2993.8 -71.851288,-13.418465,2993.8 -71.851298,-13.418454,2994 -71.851310,-13.418444,2994.2 -71.851326,-13.418434,2994.4 -71.851337,-13.418426,2994.6 -71.851344,-13.418420,2994.6 -71.851352,-13.418412,2994.6 -71.851360,-13.418404,2994.4 -71.851366,-13.418395,2994.6 -71.851369,-13.418388,2994.6 -71.851371,-13.418382,2994.8 -71.851374,-13.418377,2995 -71.851376,-13.418370,2995 -71.851378,-13.418364,2995 -71.851378,-13.418356,2995.2 -71.851377,-13.418349,2995.2 -71.851378,-13.418344,2995.4 -71.851377,-13.418339,2995.4 -71.851375,-13.418334,2995.6 -71.851374,-13.418327,2995.6 -71.851373,-13.418320,2995.8 -71.851372,-13.418314,2995.8 -71.851369,-13.418308,2996 -71.851366,-13.418303,2996 -71.851363,-13.418298,2996.2 -71.851362,-13.418290,2996.4 -71.851360,-13.418285,2996.4 -71.851357,-13.418279,2996.6 -71.851353,-13.418275,2996.6 -71.851348,-13.418270,2996.6 -71.851343,-13.418267,2996.8 -71.851340,-13.418264,2996.8 -71.851338,-13.418257,2997 -71.851336,-13.418252,2997 -71.851335,-13.418245,2997.2 -71.851333,-13.418236,2997.2 -71.851331,-13.418228,2997.4 -71.851328,-13.418222,2997.4 -71.851325,-13.418217,2997.4 -71.851321,-13.418212,2997.4 -71.851318,-13.418204,2997.6 -71.851315,-13.418198,2997.6 -71.851315,-13.418190,2997.8 -71.851311,-13.418184,2997.8 -71.851309,-13.418179,2997.8 -71.851303,-13.418174,2998 -71.851299,-13.418170,2998 -71.851292,-13.418165,2998 -71.851286,-13.418160,2998.2 -71.851281,-13.418157,2998.2 -71.851275,-13.418154,2998.4 -71.851271,-13.418151,2998.4 -71.851265,-13.418150,2998.6 -71.851261,-13.418148,2998.6 -71.851257,-13.418146,2998.6 -71.851255,-13.418142,2998.8 -71.851252,-13.418135,2998.8 -71.851249,-13.418131,2999 -71.851245,-13.418128,2999 -71.851241,-13.418125,2999.2 -71.851237,-13.418122,2999.2 -71.851233,-13.418119,2999.4 -71.851230,-13.418118,2999.4 -71.851225,-13.418116,2999.4 -71.851219,-13.418113,2999.6 -71.851216,-13.418110,2999.8 -71.851212,-13.418109,2999.8 -71.851208,-13.418108,2999.8 -71.851202,-13.418108,3000 -71.851198,-13.418108,3000 -71.851193,-13.418108,3000.2 -71.851188,-13.418107,3000.2 -71.851181,-13.418108,3000.2 -71.851175,-13.418110,3000.2 -71.851167,-13.418109,3000.4 -71.851159,-13.418107,3000.4 -71.851154,-13.418107,3000.4 -71.851148,-13.418109,3000.6 -71.851141,-13.418111,3000.6 -71.851133,-13.418113,3000.6 -71.851127,-13.418115,3000.8 -71.851121,-13.418116,3000.8 -71.851112,-13.418116,3001 -71.851105,-13.418117,3001 -71.851098,-13.418119,3001 -71.851093,-13.418120,3001.2 -71.851085,-13.418122,3001.2 -71.851076,-13.418124,3001.4 -71.851068,-13.418125,3001.4 -71.851057,-13.418126,3001.6 -71.851046,-13.418125,3001.6 -71.851039,-13.418124,3001.6 -71.851034,-13.418124,3001.8 -71.851030,-13.418124,3001.8 -71.851026,-13.418123,3002 -71.851022,-13.418122,3002 -71.851021,-13.418120,3002.2 -71.851021,-13.418119,3002.2 -71.851021,-13.418115,3002.4 -71.851019,-13.418113,3002.6 -71.851019,-13.418111,3002.4 -71.851018,-13.418109,3002.6 -71.851016,-13.418106,3002.4 -71.851013,-13.418104,3002.4 -71.851011,-13.418101,3002.4 -71.851008,-13.418099,3002.4 -71.851007,-13.418096,3002.4 -71.851007,-13.418091,3002.4 -71.851007,-13.418086,3002.4 -71.851007,-13.418082,3002.4 -71.851006,-13.418079,3002.4 -71.851007,-13.418076,3002.4 -71.851007,-13.418073,3002.4 -71.851007,-13.418070,3002.4 -71.851007,-13.418068,3002.4 -71.851005,-13.418065,3002.4 -71.851004,-13.418063,3002.4 -71.851001,-13.418059,3002.6 -71.851001,-13.418057,3002.6 -71.851002,-13.418056,3002.6 -71.851001,-13.418054,3002.6 -71.851001,-13.418051,3002.6 -71.851000,-13.418052,3002.6 -71.850999,-13.418049,3002.6 -71.850995,-13.418046,3002.8 -71.850992,-13.418044,3002.8 -71.850991,-13.418041,3003 -71.850990,-13.418040,3003 -71.850989,-13.418038,3003 -71.850983,-13.418037,3003 -71.850980,-13.418036,3003 -71.850976,-13.418037,3003 -71.850971,-13.418037,3003 -71.850968,-13.418037,3003.2 -71.850964,-13.418036,3003.2 -71.850958,-13.418034,3003.2 -71.850957,-13.418029,3003.2 -71.850955,-13.418024,3003.2 -71.850953,-13.418021,3003.4 -71.850947,-13.418018,3003.4 -71.850942,-13.418014,3003.4 -71.850941,-13.418011,3003.6 -71.850939,-13.418008,3003.6 -71.850938,-13.418006,3003.8 -71.850937,-13.418004,3003.8 -71.850938,-13.418000,3004 -71.850938,-13.417996,3004.2 -71.850938,-13.417993,3004.2 -71.850936,-13.417989,3004.4 -71.850934,-13.417986,3004.4 -71.850930,-13.417983,3004.6 -71.850924,-13.417979,3004.6 -71.850920,-13.417976,3004.8 -71.850912,-13.417972,3004.8 -71.850905,-13.417968,3005 -71.850900,-13.417967,3005 -71.850895,-13.417965,3005.2 -71.850890,-13.417965,3005.2 -71.850886,-13.417967,3005.4 -71.850880,-13.417968,3005.4 -71.850876,-13.417968,3005.6 -71.850877,-13.417970,3005.6 -71.850870,-13.417974,3005.6 -71.850860,-13.417979,3005.8 -71.850852,-13.417982,3005.8 -71.850846,-13.417985,3005.8 -71.850843,-13.417988,3005.8 -71.850838,-13.417991,3006 -71.850832,-13.417993,3006 -71.850828,-13.417994,3006 -71.850822,-13.417996,3006.2 -71.850820,-13.417997,3006.2 -71.850815,-13.417998,3006.2 -71.850811,-13.417998,3006.2 -71.850807,-13.417997,3006.2 -71.850808,-13.417998,3006.4 -71.850803,-13.417999,3006.4 -71.850801,-13.418001,3006.6 -71.850799,-13.418003,3006.6 -71.850795,-13.418004,3006.6 -71.850793,-13.418004,3006.6 -71.850789,-13.418003,3006.6 -71.850785,-13.418004,3006.8 -71.850781,-13.418003,3006.8 -71.850777,-13.418001,3006.8 -71.850771,-13.418000,3007 -71.850765,-13.417999,3007 -71.850761,-13.417998,3007 -71.850756,-13.417999,3007.2 -71.850752,-13.417998,3007.2 -71.850748,-13.417998,3007.2 -71.850744,-13.417999,3007.4 -71.850740,-13.417999,3007.4 -71.850737,-13.418001,3007.4 -71.850732,-13.418002,3007.4 -71.850728,-13.418004,3007.4 -71.850725,-13.418009,3007.6 -71.850722,-13.418014,3007.6 -71.850717,-13.418020,3007.6 -71.850713,-13.418025,3007.8 -71.850710,-13.418031,3007.8 -71.850703,-13.418037,3007.8 -71.850699,-13.418041,3008 -71.850693,-13.418044,3008 -71.850689,-13.418047,3008 -71.850686,-13.418052,3008.2 -71.850685,-13.418060,3008.2 -71.850684,-13.418065,3008.2 -71.850681,-13.418071,3008.4 -71.850679,-13.418076,3008.4 -71.850676,-13.418080,3008.4 -71.850671,-13.418084,3008.6 -71.850666,-13.418086,3008.6 -71.850660,-13.418088,3008.8 -71.850656,-13.418090,3008.8 -71.850650,-13.418093,3009 -71.850646,-13.418095,3009 -71.850640,-13.418098,3009.2 -71.850636,-13.418100,3009.2 -71.850629,-13.418102,3009.2 -71.850626,-13.418103,3009.4 -71.850619,-13.418102,3009.4 -71.850613,-13.418102,3009.6 -71.850610,-13.418101,3009.6 -71.850606,-13.418102,3009.8 -71.850601,-13.418103,3009.8 -71.850597,-13.418104,3010 -71.850593,-13.418104,3010 -71.850588,-13.418106,3010 -71.850585,-13.418107,3010.2 -71.850580,-13.418110,3010.2 -71.850578,-13.418111,3010.4 -71.850574,-13.418114,3010.4 -71.850570,-13.418118,3010.6 -71.850564,-13.418124,3010.8 -71.850559,-13.418128,3010.8 -71.850557,-13.418131,3011 -71.850554,-13.418135,3011 -71.850550,-13.418140,3011.2 -71.850545,-13.418145,3011.4 -71.850538,-13.418149,3011.4 -71.850533,-13.418152,3011.6 -71.850529,-13.418157,3011.6 -71.850525,-13.418162,3011.8 -71.850521,-13.418166,3011.8 -71.850518,-13.418169,3012 -71.850515,-13.418172,3012.2 -71.850513,-13.418176,3012.4 -71.850512,-13.418181,3012.4 -71.850509,-13.418185,3012.6 -71.850508,-13.418188,3012.8 -71.850506,-13.418192,3012.8 -71.850502,-13.418197,3013 -71.850500,-13.418201,3013.2 -71.850497,-13.418205,3013.2 -71.850495,-13.418209,3013.4 -71.850493,-13.418212,3013.4 -71.850491,-13.418214,3013.6 -71.850490,-13.418216,3013.6 -71.850490,-13.418218,3013.8 -71.850487,-13.418223,3013.8 -71.850486,-13.418228,3013.8 -71.850486,-13.418232,3014 -71.850485,-13.418235,3014.2 -71.850485,-13.418239,3014.2 -71.850483,-13.418243,3014.4 -71.850480,-13.418245,3014.6 -71.850478,-13.418249,3014.6 -71.850477,-13.418252,3014.8 -71.850475,-13.418254,3014.8 -71.850473,-13.418255,3015 -71.850470,-13.418258,3015.2 -71.850470,-13.418258,3015 -71.850468,-13.418259,3015 -71.850467,-13.418261,3015 -71.850465,-13.418263,3015 -71.850463,-13.418266,3015 -71.850461,-13.418268,3015 -71.850458,-13.418271,3015 -71.850456,-13.418274,3015 -71.850451,-13.418276,3015 -71.850445,-13.418276,3015 -71.850440,-13.418275,3015 -71.850433,-13.418273,3015.2 -71.850429,-13.418272,3015.2 -71.850426,-13.418268,3015.2 -71.850422,-13.418267,3015.2 -71.850419,-13.418264,3015.2 -71.850417,-13.418264,3015.2 -71.850415,-13.418261,3015.2 -71.850411,-13.418256,3015.2 -71.850410,-13.418254,3015.2 -71.850408,-13.418250,3015.2 -71.850406,-13.418248,3015.4 -71.850404,-13.418246,3015.4 -71.850402,-13.418246,3015.4 -71.850399,-13.418246,3015.4 -71.850397,-13.418246,3015.6 -71.850394,-13.418244,3015.6 -71.850393,-13.418245,3015.6 -71.850388,-13.418244,3015.6 -71.850384,-13.418242,3015.6 -71.850380,-13.418238,3015.6 -71.850377,-13.418234,3015.6 -71.850376,-13.418232,3015.6 -71.850374,-13.418227,3015.6 -71.850373,-13.418224,3015.8 -71.850371,-13.418221,3015.8 -71.850370,-13.418218,3015.8 -71.850369,-13.418214,3016 -71.850368,-13.418211,3016 -71.850367,-13.418207,3016 -71.850364,-13.418201,3016.2 -71.850363,-13.418195,3016.2 -71.850359,-13.418191,3016.4 -71.850357,-13.418187,3016.4 -71.850355,-13.418182,3016.4 -71.850350,-13.418176,3016.6 -71.850347,-13.418171,3016.6 -71.850346,-13.418167,3016.8 -71.850344,-13.418164,3016.8 -71.850342,-13.418161,3017 -71.850339,-13.418156,3017 -71.850338,-13.418153,3017.2 -71.850336,-13.418151,3017.2 -71.850336,-13.418147,3017.4 -71.850333,-13.418144,3017.6 -71.850331,-13.418141,3017.6 -71.850328,-13.418135,3017.8 -71.850324,-13.418132,3018 -71.850319,-13.418132,3018 -71.850315,-13.418132,3018.2 -71.850312,-13.418131,3018.2 -71.850309,-13.418132,3018.4 -71.850306,-13.418133,3018.4 -71.850303,-13.418134,3018.6 -71.850301,-13.418134,3018.6 -71.850298,-13.418134,3018.8 -71.850294,-13.418131,3019 -71.850288,-13.418127,3019 -71.850283,-13.418124,3019.2 -71.850280,-13.418120,3019.4 -71.850275,-13.418117,3019.6 -71.850272,-13.418114,3019.6 -71.850268,-13.418112,3019.8 -71.850265,-13.418110,3020 -71.850261,-13.418107,3020 -71.850258,-13.418104,3020.2 -71.850255,-13.418102,3020.4 -71.850253,-13.418099,3020.4 -71.850251,-13.418098,3020.6 -71.850250,-13.418096,3020.8 -71.850248,-13.418094,3020.8 -71.850246,-13.418092,3021 -71.850243,-13.418089,3021.2 -71.850243,-13.418090,3021.2 -71.850241,-13.418087,3021.2 -71.850239,-13.418085,3021.2 -71.850236,-13.418082,3021.2 -71.850234,-13.418079,3021.2 -71.850232,-13.418076,3021.4 -71.850230,-13.418074,3021.4 -71.850227,-13.418071,3021.6 -71.850224,-13.418068,3021.6 -71.850221,-13.418064,3021.8 -71.850218,-13.418061,3021.8 -71.850218,-13.418059,3022 -71.850215,-13.418057,3022 -71.850213,-13.418055,3022.2 -71.850211,-13.418052,3022.2 -71.850208,-13.418049,3022.2 -71.850205,-13.418046,3022.4 -71.850201,-13.418043,3022.4 -71.850196,-13.418040,3022.6 -71.850193,-13.418037,3022.6 -71.850186,-13.418038,3022.6 -71.850183,-13.418037,3022.8 -71.850180,-13.418039,3022.8 -71.850178,-13.418042,3023 -71.850175,-13.418044,3023 -71.850174,-13.418045,3023 -71.850169,-13.418046,3023 -71.850165,-13.418048,3023.2 -71.850161,-13.418051,3023.2 -71.850158,-13.418052,3023.2 -71.850154,-13.418054,3023.4 -71.850149,-13.418056,3023.4 -71.850146,-13.418058,3023.4 -71.850142,-13.418061,3023.6 -71.850138,-13.418062,3023.6 -71.850132,-13.418063,3023.8 -71.850128,-13.418064,3023.8 -71.850123,-13.418065,3024 -71.850117,-13.418063,3024 -71.850113,-13.418061,3024.2 -71.850109,-13.418059,3024.2 -71.850107,-13.418056,3024.4 -71.850105,-13.418053,3024.4 -71.850104,-13.418050,3024.6 -71.850105,-13.418047,3024.8 -71.850104,-13.418044,3025 -71.850103,-13.418042,3025 -71.850100,-13.418040,3025.2 -71.850098,-13.418039,3025.2 -71.850096,-13.418038,3025.4 -71.850094,-13.418036,3025.6 -71.850092,-13.418035,3025.6 -71.850090,-13.418034,3025.8 -71.850089,-13.418031,3026 -71.850089,-13.418031,3026 -71.850087,-13.418027,3025.8 -71.850084,-13.418023,3025.8 -71.850080,-13.418019,3025.6 -71.850076,-13.418017,3025.6 -71.850075,-13.418014,3025.6 -71.850075,-13.418010,3025.6 -71.850074,-13.418005,3025.4 -71.850073,-13.418002,3025.4 -71.850072,-13.417999,3025.4 -71.850069,-13.417996,3025.4 -71.850068,-13.417994,3025.4 -71.850066,-13.417990,3025.4 -71.850064,-13.417987,3025.4 -71.850062,-13.417983,3025.4 -71.850060,-13.417978,3025.4 -71.850061,-13.417973,3025.4 -71.850061,-13.417970,3025.4 -71.850060,-13.417968,3025.4 -71.850060,-13.417965,3025.4 -71.850059,-13.417962,3025.4 -71.850058,-13.417958,3025.4 -71.850056,-13.417953,3025.6 -71.850055,-13.417949,3025.6 -71.850054,-13.417943,3025.6 -71.850052,-13.417939,3025.6 -71.850051,-13.417935,3025.8 -71.850049,-13.417931,3025.8 -71.850048,-13.417928,3026 -71.850046,-13.417924,3026 -71.850045,-13.417921,3026 -71.850044,-13.417915,3026.2 -71.850044,-13.417911,3026.2 -71.850043,-13.417906,3026.2 -71.850041,-13.417904,3026.4 -71.850039,-13.417901,3026.4 -71.850039,-13.417898,3026.6 -71.850038,-13.417895,3026.6 -71.850037,-13.417892,3026.8 -71.850035,-13.417889,3026.8 -71.850034,-13.417887,3027 -71.850033,-13.417883,3027.2 -71.850033,-13.417881,3027.2 -71.850034,-13.417878,3027.6 -71.850033,-13.417878,3027.4 -71.850032,-13.417874,3027.4 -71.850032,-13.417871,3027.4 -71.850033,-13.417871,3027.4 -71.850033,-13.417871,3027.4 -71.850033,-13.417871,3027.6 -71.850033,-13.417871,3027.6 -71.850033,-13.417870,3027.6 -71.850034,-13.417869,3027.6 -71.850034,-13.417869,3027.8 -71.850034,-13.417869,3027.8 -71.850033,-13.417869,3027.8 -71.850033,-13.417868,3027.8 -71.850035,-13.417866,3028 -71.850036,-13.417865,3028.2 -71.850037,-13.417864,3028.2 -71.850037,-13.417864,3028.2 -71.850038,-13.417865,3028.4 -71.850039,-13.417863,3028.4 -71.850038,-13.417865,3028.4 -71.850036,-13.417859,3028.6 -71.850035,-13.417856,3028.6 -71.850033,-13.417852,3028.6 -71.850031,-13.417851,3028.4 -71.850031,-13.417851,3028.6 -71.850031,-13.417851,3028.6 -71.850031,-13.417851,3028.6 -71.850033,-13.417849,3028.8 -71.850032,-13.417848,3028.8 -71.850032,-13.417847,3028.8 -71.850033,-13.417846,3028.8 -71.850035,-13.417841,3029 -71.850035,-13.417836,3029 -71.850036,-13.417832,3029.2 -71.850037,-13.417827,3029.2 -71.850039,-13.417823,3029.4 -71.850043,-13.417819,3029.6 -71.850045,-13.417812,3029.6 -71.850046,-13.417809,3029.8 -71.850047,-13.417803,3029.8 -71.850048,-13.417799,3030 -71.850054,-13.417793,3030.2 -71.850056,-13.417788,3030.4 -71.850059,-13.417785,3030.6 -71.850063,-13.417780,3030.8 -71.850067,-13.417776,3030.8 -71.850071,-13.417773,3031 -71.850075,-13.417771,3031.2 -71.850079,-13.417768,3031.4 -71.850082,-13.417766,3031.6 -71.850085,-13.417762,3031.8 -71.850088,-13.417759,3032 -71.850091,-13.417758,3032.4 -71.850093,-13.417755,3032.6 -71.850096,-13.417750,3032.8 -71.850096,-13.417747,3033 -71.850100,-13.417741,3033.2 -71.850101,-13.417737,3033.4 -71.850106,-13.417735,3033.8 -71.850111,-13.417731,3034 -71.850115,-13.417728,3034.2 -71.850112,-13.417725,3034.4 -71.850110,-13.417723,3034.6 -71.850109,-13.417724,3034.8 -71.850105,-13.417724,3035 -71.850103,-13.417724,3035.2 -71.850100,-13.417723,3035.2 -71.850092,-13.417724,3035.2 -71.850089,-13.417722,3035.4 -71.850086,-13.417725,3035.4 -71.850081,-13.417726,3035.4 -71.850077,-13.417728,3035.6 -71.850071,-13.417728,3035.6 -71.850066,-13.417729,3035.8 -71.850063,-13.417730,3035.8 -71.850058,-13.417730,3035.8 -71.850055,-13.417733,3036 -71.850048,-13.417736,3036 -71.850046,-13.417738,3036.2 -71.850041,-13.417739,3036.2 -71.850037,-13.417740,3036.4 -71.850031,-13.417739,3036.4 -71.850033,-13.417740,3036.4 -71.850031,-13.417740,3036.4 -71.850028,-13.417740,3036.6 -71.850024,-13.417740,3036.6 -71.850019,-13.417739,3036.6 -71.850014,-13.417740,3036.6 -71.850013,-13.417740,3036.8 -71.850010,-13.417739,3036.8 -71.850007,-13.417738,3036.8 -71.850005,-13.417736,3036.8 -71.850004,-13.417737,3036.8 -71.850001,-13.417737,3036.8 -71.850000,-13.417735,3036.8 -71.849999,-13.417735,3036.8 -71.849995,-13.417733,3036.8 -71.849994,-13.417731,3037 -71.849991,-13.417731,3037 -71.849985,-13.417731,3037 -71.849982,-13.417731,3037 -71.849977,-13.417733,3037 -71.849973,-13.417734,3037 -71.849967,-13.417733,3037.2 -71.849961,-13.417734,3037.2 -71.849957,-13.417736,3037.2 -71.849953,-13.417736,3037.2 -71.849949,-13.417736,3037.4 -71.849946,-13.417735,3037.4 -71.849946,-13.417736,3037.4 -71.849945,-13.417736,3037.4 -71.849945,-13.417735,3037.4 -71.849944,-13.417735,3037.4 -71.849944,-13.417735,3037.4 -71.849940,-13.417734,3037.4 -71.849935,-13.417735,3037.6 -71.849932,-13.417736,3037.6 -71.849926,-13.417737,3037.6 -71.849924,-13.417737,3037.8 -71.849923,-13.417737,3037.8 -71.849923,-13.417736,3037.8 -71.849922,-13.417735,3037.8 -71.849920,-13.417734,3038 -71.849921,-13.417731,3038 -71.849926,-13.417728,3038.2 -71.849926,-13.417724,3038.4 -71.849928,-13.417721,3038.4 -71.849929,-13.417717,3038.6 -71.849930,-13.417715,3038.8 -71.849931,-13.417711,3039 -71.849935,-13.417708,3039.2 -71.849937,-13.417705,3039.4 -71.849945,-13.417701,3039.6 -71.849950,-13.417697,3039.8 -71.849953,-13.417695,3040.2 -71.849960,-13.417690,3040.4 -71.849966,-13.417685,3040.6 -71.849968,-13.417681,3040.8 -71.849971,-13.417679,3041.2 -71.849973,-13.417674,3041.4 -71.849974,-13.417671,3041.8 -71.849978,-13.417668,3042 -71.849981,-13.417663,3042.4 -71.849981,-13.417659,3042.6 -71.849982,-13.417654,3042.8 -71.849982,-13.417649,3043.2 -71.849974,-13.417642,3043.2 -71.849968,-13.417638,3043.4 -71.849966,-13.417636,3043.6 -71.849960,-13.417635,3043.8 -71.849958,-13.417633,3044 -71.849956,-13.417636,3044.2 -71.849953,-13.417637,3044.4 -71.849951,-13.417639,3044.6 -71.849946,-13.417643,3044.8 -71.849942,-13.417646,3045 -71.849941,-13.417647,3045 -71.849938,-13.417646,3045.2 -71.849935,-13.417646,3045.4 -71.849931,-13.417647,3045.4 -71.849932,-13.417647,3045.4 -71.849928,-13.417646,3045.6 -71.849922,-13.417645,3045.6 -71.849918,-13.417646,3045.8 -71.849913,-13.417648,3046 -71.849907,-13.417652,3046 -71.849901,-13.417657,3046.2 -71.849895,-13.417662,3046.4 -71.849889,-13.417667,3046.4 -71.849881,-13.417669,3046.6 -71.849872,-13.417673,3046.8 -71.849865,-13.417676,3047 -71.849857,-13.417679,3047.2 -71.849851,-13.417681,3047.4 -71.849847,-13.417682,3047.4 -71.849845,-13.417683,3047.6 -71.849845,-13.417683,3047.6 -71.849844,-13.417684,3047.6 -71.849844,-13.417683,3047.6 -71.849844,-13.417683,3047.6 -71.849844,-13.417683,3047.6 -71.849844,-13.417683,3047.8 -71.849839,-13.417685,3047.8 -71.849830,-13.417689,3047.8 -71.849825,-13.417692,3047.8 -71.849819,-13.417694,3047.8 -71.849813,-13.417696,3047.8 -71.849806,-13.417697,3048 -71.849802,-13.417699,3048 -71.849794,-13.417701,3048 -71.849787,-13.417704,3048.2 -71.849783,-13.417705,3048.2 -71.849777,-13.417706,3048.2 -71.849771,-13.417706,3048.2 -71.849764,-13.417703,3048.4 -71.849759,-13.417703,3048.4 -71.849757,-13.417702,3048.6 -71.849755,-13.417702,3048.6 -71.849753,-13.417702,3048.6 -71.849749,-13.417701,3048.6 -71.849747,-13.417700,3048.8 -71.849746,-13.417698,3048.8 -71.849747,-13.417695,3048.8 -71.849748,-13.417692,3048.8 -71.849749,-13.417691,3048.8 -71.849747,-13.417690,3048.8 -71.849748,-13.417690,3049 -71.849743,-13.417690,3049 -71.849739,-13.417689,3049.2 -71.849738,-13.417685,3049.2 -71.849737,-13.417684,3049.4 -71.849736,-13.417683,3049.4 -71.849736,-13.417683,3049.4 -71.849736,-13.417683,3049.4 -71.849737,-13.417683,3049.4 -71.849738,-13.417680,3049.4 -71.849746,-13.417676,3049.6 -71.849755,-13.417674,3049.8 -71.849762,-13.417674,3050 -71.849762,-13.417672,3050.2 -71.849763,-13.417668,3050.2 -71.849762,-13.417661,3050.4 -71.849761,-13.417658,3050.6 -71.849763,-13.417655,3050.8 -71.849764,-13.417652,3051 -71.849766,-13.417650,3051.2 -71.849767,-13.417645,3051.4 -71.849766,-13.417643,3051.6 -71.849763,-13.417638,3051.8 -71.849764,-13.417637,3051.8 -71.849764,-13.417632,3052 -71.849763,-13.417631,3052 -71.849762,-13.417630,3052.2 -71.849762,-13.417631,3052.2 -71.849762,-13.417630,3052.4 -71.849762,-13.417630,3052.4 -71.849764,-13.417627,3052.4 -71.849766,-13.417623,3052.6 -71.849769,-13.417616,3052.6 -71.849770,-13.417611,3052.8 -71.849773,-13.417608,3052.8 -71.849779,-13.417605,3053 -71.849782,-13.417602,3053 -71.849786,-13.417598,3053.2 -71.849787,-13.417592,3053.4 -71.849791,-13.417590,3053.6 -71.849793,-13.417586,3053.8 -71.849794,-13.417583,3054 -71.849794,-13.417579,3054.2 -71.849793,-13.417579,3054.2 -71.849791,-13.417577,3054.4 -71.849792,-13.417575,3054.4 -71.849794,-13.417571,3054.6 -71.849796,-13.417569,3054.6 -71.849797,-13.417567,3054.6 -71.849800,-13.417561,3054.8 -71.849803,-13.417558,3055 -71.849807,-13.417555,3055.2 -71.849811,-13.417552,3055.4 -71.849816,-13.417552,3055.6 -71.849820,-13.417550,3055.8 -71.849823,-13.417549,3056 -71.849827,-13.417549,3056 -71.849834,-13.417549,3056.2 -71.849842,-13.417549,3056.4 -71.849850,-13.417548,3056.6 -71.849855,-13.417548,3056.8 -71.849861,-13.417546,3057 -71.849866,-13.417544,3057.2 -71.849871,-13.417543,3057.4 -71.849874,-13.417543,3057.6 -71.849878,-13.417545,3057.8 -71.849884,-13.417548,3058 -71.849892,-13.417549,3058.2 -71.849897,-13.417549,3058.6 -71.849901,-13.417548,3058.8 -71.849904,-13.417550,3059 -71.849911,-13.417550,3059.2 -71.849920,-13.417549,3059.4 -71.849927,-13.417550,3059.6 -71.849931,-13.417546,3059.8 -71.849934,-13.417545,3060 -71.849935,-13.417545,3060.2 -71.849937,-13.417543,3060.4 -71.849940,-13.417539,3060.6 -71.849940,-13.417539,3060.4 -71.849941,-13.417536,3060.6 -71.849941,-13.417535,3060.6 -71.849942,-13.417535,3060.8 -71.849942,-13.417535,3060.8 -71.849943,-13.417535,3060.8 -71.849943,-13.417535,3060.8 -71.849944,-13.417534,3060.8 -71.849945,-13.417534,3061 -71.849944,-13.417534,3061 -71.849944,-13.417534,3061 -71.849944,-13.417534,3061 -71.849945,-13.417534,3061 -71.849944,-13.417534,3061 -71.849945,-13.417534,3061 -71.849946,-13.417533,3061 -71.849952,-13.417530,3061.2 -71.849956,-13.417530,3061.2 -71.849960,-13.417527,3061.4 -71.849963,-13.417525,3061.6 -71.849966,-13.417522,3061.6 -71.849969,-13.417519,3061.8 -71.849976,-13.417517,3062 -71.849981,-13.417513,3062.2 -71.849985,-13.417512,3062.4 -71.849989,-13.417509,3062.6 -71.849992,-13.417507,3062.6 -71.849996,-13.417504,3062.8 -71.849999,-13.417501,3063 -71.850001,-13.417500,3063.4 -71.850008,-13.417500,3063.6 -71.850011,-13.417497,3063.8 -71.850014,-13.417496,3064 -71.850017,-13.417493,3064.2 -71.850020,-13.417492,3064.4 -71.850027,-13.417494,3065 -71.850032,-13.417500,3065.2 -71.850040,-13.417509,3066.6 -71.850041,-13.417506,3066.6 -71.850044,-13.417504,3066.8 -71.850047,-13.417504,3067 -71.850051,-13.417504,3067.2 -71.850055,-13.417503,3067.6 -71.850055,-13.417501,3067.6 -71.850054,-13.417500,3067.8 -71.850050,-13.417498,3067.8 -71.850046,-13.417498,3068 -71.850044,-13.417495,3068.2 -71.850038,-13.417491,3068.2 -71.850037,-13.417492,3068.4 -71.850032,-13.417487,3068.6 -71.850028,-13.417482,3068.8 -71.850019,-13.417473,3068.8 -71.850012,-13.417470,3069 -71.850008,-13.417463,3069.2 -71.850003,-13.417464,3069.4 -71.849999,-13.417462,3069.4 -71.849997,-13.417460,3069.6 -71.849994,-13.417457,3069.8 -71.849990,-13.417454,3070 -71.849986,-13.417452,3070 -71.849982,-13.417449,3070.2 -71.849979,-13.417448,3070.4 -71.849973,-13.417443,3070.6 -71.849969,-13.417439,3070.6 -71.849964,-13.417441,3070.8 -71.849960,-13.417438,3071 -71.849956,-13.417434,3071 -71.849953,-13.417436,3071.2 -71.849950,-13.417437,3071.4 -71.849944,-13.417434,3071.6 -71.849938,-13.417431,3071.8 -71.849932,-13.417429,3071.8 -71.849927,-13.417428,3072 -71.849922,-13.417433,3072.2 -71.849916,-13.417438,3072.2 -71.849912,-13.417441,3072.4 -71.849911,-13.417441,3072.6 -71.849907,-13.417442,3072.6 -71.849905,-13.417444,3072.8 -71.849898,-13.417443,3072.8 -71.849894,-13.417443,3073 -71.849891,-13.417444,3073.2 -71.849887,-13.417444,3073.4 -71.849883,-13.417444,3073.6 -71.849881,-13.417442,3073.6 -71.849879,-13.417441,3073.8 -71.849875,-13.417440,3073.8 -71.849874,-13.417436,3074 -71.849872,-13.417434,3074 -71.849870,-13.417432,3074.2 -71.849868,-13.417431,3074.2 -71.849867,-13.417430,3074.2 -71.849865,-13.417430,3074.2 -71.849864,-13.417429,3074.4 -71.849859,-13.417430,3074.4 -71.849854,-13.417430,3074.4 -71.849851,-13.417430,3074.6 -71.849847,-13.417430,3074.6 -71.849843,-13.417430,3074.6 -71.849837,-13.417429,3074.8 -71.849835,-13.417430,3074.8 -71.849831,-13.417429,3075 -71.849826,-13.417431,3075 -71.849821,-13.417433,3075 -71.849816,-13.417432,3075.2 -71.849810,-13.417431,3075.2 -71.849806,-13.417429,3075.4 -71.849800,-13.417428,3075.4 -71.849796,-13.417427,3075.4 -71.849793,-13.417428,3075.6 -71.849789,-13.417428,3075.6 -71.849784,-13.417426,3075.8 -71.849781,-13.417425,3075.8 -71.849776,-13.417423,3076 -71.849772,-13.417421,3076 -71.849768,-13.417419,3076.2 -71.849765,-13.417418,3076.2 -71.849761,-13.417417,3076.4 -71.849757,-13.417417,3076.4 -71.849752,-13.417416,3076.4 -71.849748,-13.417415,3076.6 -71.849743,-13.417411,3076.6 -71.849736,-13.417410,3076.8 -71.849732,-13.417407,3076.8 -71.849725,-13.417404,3077 -71.849722,-13.417404,3077.2 -71.849716,-13.417402,3077.2 -71.849713,-13.417401,3077.4 -71.849707,-13.417399,3077.6 -71.849702,-13.417397,3077.6 -71.849698,-13.417395,3077.8 -71.849693,-13.417394,3077.8 -71.849691,-13.417393,3078 -71.849686,-13.417392,3078 -71.849683,-13.417392,3078.2 -71.849678,-13.417394,3078.2 -71.849676,-13.417395,3078.2 -71.849671,-13.417397,3078.4 -71.849673,-13.417397,3078.4 -71.849670,-13.417398,3078.4 -71.849668,-13.417397,3078.4 -71.849666,-13.417396,3078.4 -71.849663,-13.417396,3078.4 -71.849661,-13.417396,3078.4 -71.849659,-13.417395,3078.4 -71.849656,-13.417393,3078.4 -71.849653,-13.417393,3078.4 -71.849652,-13.417391,3078.6 -71.849650,-13.417389,3078.6 -71.849649,-13.417385,3078.6 -71.849648,-13.417383,3078.6 -71.849644,-13.417386,3078.6 -71.849637,-13.417387,3078.6 -71.849634,-13.417387,3078.6 -71.849628,-13.417389,3078.6 -71.849622,-13.417392,3078.6 -71.849617,-13.417393,3078.8 -71.849610,-13.417392,3078.8 -71.849606,-13.417392,3078.8 -71.849601,-13.417392,3078.8 -71.849599,-13.417392,3078.8 -71.849591,-13.417391,3078.8 -71.849588,-13.417391,3078.8 -71.849583,-13.417391,3079 -71.849581,-13.417392,3079 -71.849579,-13.417390,3079 -71.849579,-13.417391,3079 -71.849579,-13.417393,3079 -71.849579,-13.417391,3079.2 -71.849572,-13.417385,3079.2 -71.849569,-13.417382,3079.2 -71.849562,-13.417381,3079.2 -71.849558,-13.417379,3079.2 -71.849552,-13.417382,3079.4 -71.849547,-13.417384,3079.4 -71.849543,-13.417386,3079.4 -71.849539,-13.417388,3079.4 -71.849535,-13.417389,3079.4 -71.849531,-13.417390,3079.6 -71.849531,-13.417390,3079.6 -71.849531,-13.417389,3079.6 -71.849530,-13.417389,3079.8 -71.849530,-13.417389,3079.6 -71.849530,-13.417389,3079.8 -71.849529,-13.417389,3079.8 -71.849527,-13.417388,3079.8 -71.849522,-13.417385,3079.8 -71.849519,-13.417383,3079.8 -71.849513,-13.417382,3079.8 -71.849508,-13.417378,3079.8 -71.849508,-13.417376,3079.8 -71.849505,-13.417374,3080 -71.849503,-13.417372,3080 -71.849500,-13.417367,3080 -71.849499,-13.417365,3080 -71.849494,-13.417362,3080.2 -71.849492,-13.417361,3080.2 -71.849488,-13.417360,3080.2 -71.849487,-13.417359,3080.4 -71.849482,-13.417356,3080.4 -71.849481,-13.417353,3080.4 -71.849477,-13.417351,3080.6 -71.849476,-13.417351,3080.6 -71.849471,-13.417351,3080.6 -71.849467,-13.417353,3080.8 -71.849464,-13.417355,3080.8 -71.849461,-13.417358,3080.8 -71.849459,-13.417360,3081 -71.849454,-13.417363,3081 -71.849453,-13.417367,3081 -71.849450,-13.417371,3081 -71.849450,-13.417370,3081 -71.849448,-13.417372,3081 -71.849445,-13.417373,3081 -71.849441,-13.417374,3081.2 -71.849436,-13.417376,3081.2 -71.849431,-13.417377,3081.2 -71.849425,-13.417378,3081.2 -71.849423,-13.417379,3081.2 -71.849419,-13.417380,3081.4 -71.849415,-13.417380,3081.4 -71.849412,-13.417382,3081.4 -71.849406,-13.417382,3081.4 -71.849402,-13.417381,3081.4 -71.849397,-13.417379,3081.6 -71.849393,-13.417376,3081.6 -71.849390,-13.417373,3081.8 -71.849387,-13.417372,3081.8 -71.849385,-13.417373,3082 -71.849383,-13.417372,3082 -71.849381,-13.417372,3082 -71.849378,-13.417371,3082 -71.849375,-13.417366,3082 -71.849372,-13.417363,3082 -71.849370,-13.417361,3082 -71.849366,-13.417361,3082.2 -71.849364,-13.417361,3082.2 -71.849358,-13.417359,3082.2 -71.849360,-13.417360,3082.2 -71.849357,-13.417360,3082.2 -71.849357,-13.417359,3082.2 -71.849355,-13.417358,3082.2 -71.849348,-13.417353,3082.2 -71.849343,-13.417350,3082.2 -71.849341,-13.417346,3082.2 -71.849339,-13.417344,3082.2 -71.849337,-13.417340,3082.4 -71.849336,-13.417340,3082.4 -71.849335,-13.417341,3082.6 -71.849335,-13.417342,3082.6 -71.849335,-13.417343,3082.6 -71.849336,-13.417343,3082.8 -71.849338,-13.417344,3082.8 -71.849336,-13.417343,3082.8 -71.849335,-13.417338,3082.8 -71.849331,-13.417335,3082.8 -71.849328,-13.417331,3082.8 -71.849324,-13.417326,3082.6 -71.849322,-13.417324,3082.6 -71.849322,-13.417323,3082.6 -71.849322,-13.417322,3082.6 -71.849322,-13.417320,3082.6 -71.849321,-13.417320,3082.8 -71.849319,-13.417320,3082.8 -71.849317,-13.417319,3082.8 -71.849315,-13.417320,3082.8 -71.849313,-13.417320,3082.8 -71.849309,-13.417319,3082.8 -71.849306,-13.417318,3082.8 -71.849304,-13.417318,3083 -71.849305,-13.417318,3082.8 -71.849307,-13.417317,3082.8 -71.849308,-13.417316,3082.8 -71.849308,-13.417315,3082.8 -71.849309,-13.417315,3082.8 -71.849308,-13.417315,3083 -71.849309,-13.417315,3083 -71.849309,-13.417316,3083 -71.849309,-13.417316,3083 -71.849309,-13.417316,3083.2 -71.849309,-13.417316,3083 -71.849309,-13.417316,3083.2 -71.849309,-13.417316,3083 -71.849309,-13.417316,3083 -71.849309,-13.417316,3083 -71.849309,-13.417316,3083 -71.849309,-13.417315,3083 -71.849309,-13.417316,3083 -71.849309,-13.417315,3083 -71.849309,-13.417315,3083 -71.849308,-13.417315,3083 -71.849309,-13.417315,3083 -71.849308,-13.417315,3083 -71.849308,-13.417315,3083 -71.849308,-13.417314,3083.2 -71.849308,-13.417315,3083 -71.849308,-13.417314,3083 -71.849308,-13.417315,3083 -71.849308,-13.417314,3083 -71.849308,-13.417315,3083 -71.849308,-13.417313,3083 -71.849308,-13.417313,3083 -71.849308,-13.417312,3083 -71.849307,-13.417312,3083 -71.849308,-13.417312,3083 -71.849307,-13.417312,3083 -71.849307,-13.417312,3083 -71.849307,-13.417312,3083 -71.849307,-13.417312,3083 -71.849307,-13.417312,3083 -71.849307,-13.417312,3083 -71.849307,-13.417312,3083 -71.849307,-13.417312,3083 -71.849307,-13.417312,3083 -71.849307,-13.417312,3083 -71.849307,-13.417312,3083 -71.849307,-13.417312,3083 -71.849307,-13.417312,3083 -71.849307,-13.417312,3083 -71.849307,-13.417312,3083 -71.849307,-13.417312,3083 -71.849307,-13.417312,3083 -71.849307,-13.417312,3083 -71.849307,-13.417312,3083 -71.849307,-13.417312,3083 -71.849307,-13.417312,3083 -71.849307,-13.417311,3083 -71.849306,-13.417309,3082.8 -71.849304,-13.417299,3083.2 -71.849304,-13.417293,3083.6 -71.849303,-13.417288,3084 -71.849303,-13.417282,3084.4 -71.849304,-13.417277,3084.8 -71.849312,-13.417274,3085.4 -71.849317,-13.417269,3085.8 -71.849321,-13.417268,3086.2 -71.849324,-13.417265,3086.6 -71.849328,-13.417263,3087 -71.849333,-13.417263,3087 -71.849337,-13.417260,3087.4 -71.849342,-13.417259,3087.8 -71.849349,-13.417258,3088 -71.849352,-13.417256,3088.4 -71.849356,-13.417254,3088.8 -71.849357,-13.417252,3089.2 -71.849360,-13.417252,3089.2 -71.849362,-13.417252,3089.6 -71.849364,-13.417251,3089.6 -71.849365,-13.417252,3089.8 -71.849369,-13.417249,3090 -71.849373,-13.417248,3090.2 -71.849378,-13.417248,3090.2 -71.849380,-13.417247,3090.4 -71.849383,-13.417246,3090.4 -71.849387,-13.417244,3090.6 -71.849394,-13.417242,3090.6 -71.849398,-13.417240,3090.8 -71.849401,-13.417237,3091 -71.849403,-13.417235,3091.2 -71.849409,-13.417234,3091.4 -71.849415,-13.417233,3091.6 -71.849419,-13.417229,3091.8 -71.849423,-13.417227,3092 -71.849429,-13.417226,3092.2 -71.849433,-13.417224,3092.4 -71.849440,-13.417227,3092.6 -71.849446,-13.417226,3092.8 -71.849448,-13.417224,3093 -71.849451,-13.417223,3093.2 -71.849454,-13.417220,3093.4 -71.849457,-13.417218,3093.8 -71.849462,-13.417217,3094 -71.849467,-13.417216,3094.2 -71.849473,-13.417217,3094.4 -71.849477,-13.417216,3094.6 -71.849479,-13.417213,3095 -71.849480,-13.417211,3095.2 -71.849480,-13.417210,3095.4 -71.849481,-13.417211,3095.4 -71.849481,-13.417212,3095.6 -71.849480,-13.417211,3095.6 -71.849481,-13.417213,3095.6 -71.849486,-13.417212,3096 -71.849490,-13.417211,3096.4 -71.849493,-13.417210,3096.8 -71.849495,-13.417211,3097.2 -71.849496,-13.417210,3097.2 -71.849496,-13.417210,3097.2 -71.849497,-13.417210,3097.2 -71.849497,-13.417210,3097 -71.849497,-13.417210,3097.2 -71.849498,-13.417210,3097.2 -71.849498,-13.417211,3097.2 -71.849498,-13.417210,3097.2 -71.849498,-13.417210,3097.2 -71.849497,-13.417210,3097.2 -71.849497,-13.417210,3097.2 -71.849497,-13.417210,3097.2 -71.849497,-13.417210,3097.2 -71.849497,-13.417210,3097.2 -71.849497,-13.417210,3097.2 -71.849497,-13.417210,3097.2 -71.849497,-13.417210,3097.2 -71.849497,-13.417209,3097.2 -71.849497,-13.417209,3097.2 -71.849497,-13.417209,3097.2 -71.849498,-13.417209,3097.2 -71.849498,-13.417209,3097.2 -71.849498,-13.417209,3097.2 -71.849498,-13.417209,3097.2 -71.849499,-13.417210,3097.2 -71.849499,-13.417209,3097.2 -71.849499,-13.417210,3097.2 -71.849499,-13.417209,3097.2 -71.849499,-13.417209,3097.2 -71.849499,-13.417209,3097.2 -71.849499,-13.417209,3097.2 -71.849499,-13.417209,3097.2 -71.849499,-13.417209,3097.2 -71.849499,-13.417209,3097.2 -71.849499,-13.417209,3097.2 -71.849498,-13.417207,3097.4 -71.849499,-13.417208,3097.4 -71.849498,-13.417208,3097.4 -71.849498,-13.417207,3097.4 -71.849498,-13.417207,3097.4 -71.849497,-13.417206,3097.4 -71.849498,-13.417205,3097.4 -71.849499,-13.417204,3097.4 -71.849499,-13.417204,3097.4 -71.849500,-13.417202,3097.6 -71.849501,-13.417202,3097.6 -71.849503,-13.417202,3097.6 -71.849504,-13.417201,3097.6 -71.849505,-13.417201,3097.6 -71.849506,-13.417201,3097.8 -71.849506,-13.417202,3097.8 -71.849507,-13.417202,3097.8 -71.849507,-13.417202,3097.8 -71.849507,-13.417202,3097.8 -71.849507,-13.417202,3097.8 -71.849507,-13.417202,3097.8 -71.849507,-13.417202,3097.8 -71.849507,-13.417202,3097.8 -71.849507,-13.417202,3097.8 -71.849507,-13.417202,3097.8 -71.849506,-13.417202,3097.8 -71.849506,-13.417202,3097.8 -71.849506,-13.417202,3098 -71.849506,-13.417202,3098 -71.849506,-13.417203,3098 -71.849507,-13.417203,3098 -71.849507,-13.417204,3098 -71.849507,-13.417204,3098 -71.849507,-13.417204,3098 -71.849506,-13.417204,3098 -71.849506,-13.417204,3098 -71.849505,-13.417205,3098.2 -71.849504,-13.417206,3098.2 -71.849504,-13.417206,3098.2 -71.849504,-13.417206,3098.2 -71.849504,-13.417206,3098.2 -71.849504,-13.417206,3098.2 -71.849504,-13.417206,3098.2 -71.849504,-13.417206,3098.2 -71.849504,-13.417206,3098.2 -71.849504,-13.417207,3098.2 -71.849504,-13.417207,3098.2 -71.849504,-13.417207,3098.2 -71.849504,-13.417207,3098.2 -71.849504,-13.417207,3098.2 -71.849505,-13.417207,3098.2 -71.849505,-13.417207,3098.2 -71.849505,-13.417207,3098.2 -71.849506,-13.417207,3098.2 -71.849506,-13.417207,3098.2 -71.849507,-13.417206,3098.2 -71.849508,-13.417206,3098.4 -71.849509,-13.417205,3098.4 -71.849510,-13.417205,3098.4 -71.849511,-13.417205,3098.4 -71.849511,-13.417204,3098.4 -71.849512,-13.417203,3098.4 -71.849512,-13.417203,3098.4 -71.849513,-13.417203,3098.6 -71.849514,-13.417202,3098.6 -71.849515,-13.417202,3098.6 -71.849515,-13.417201,3098.6 -71.849515,-13.417201,3098.6 -71.849515,-13.417200,3098.6 -71.849515,-13.417200,3098.6 -71.849515,-13.417200,3098.8 -71.849515,-13.417200,3098.8 -71.849515,-13.417199,3098.8 -71.849515,-13.417198,3098.8 -71.849515,-13.417198,3098.8 -71.849515,-13.417197,3098.8 -71.849515,-13.417197,3098.8 -71.849516,-13.417196,3098.8 -71.849516,-13.417196,3098.8 -71.849516,-13.417196,3098.8 -71.849517,-13.417196,3099 -71.849517,-13.417195,3099 -71.849517,-13.417195,3099 -71.849517,-13.417195,3099.2 -71.849517,-13.417194,3099.2 -71.849518,-13.417194,3099.4 -71.849518,-13.417194,3099.4 -71.849518,-13.417194,3099.4 -71.849519,-13.417194,3099.6 -71.849519,-13.417194,3099.6 -71.849519,-13.417194,3099.8 -71.849520,-13.417195,3099.8 -71.849520,-13.417195,3100 -71.849520,-13.417195,3099.8 -71.849520,-13.417195,3099.8 -71.849520,-13.417195,3100 -71.849520,-13.417195,3100 -71.849520,-13.417195,3100 -71.849521,-13.417195,3100 -71.849520,-13.417195,3100.2 -71.849520,-13.417195,3100.2 -71.849520,-13.417195,3100.2 -71.849521,-13.417196,3100.4 -71.849521,-13.417196,3100.4 -71.849521,-13.417197,3100.6 -71.849521,-13.417197,3100.6 -71.849521,-13.417197,3100.8 -71.849521,-13.417197,3100.8 -71.849522,-13.417198,3101 -71.849522,-13.417198,3101 -71.849523,-13.417198,3101.2 -71.849523,-13.417198,3101.4 -71.849523,-13.417198,3101.6 -71.849524,-13.417198,3101.8 -71.849523,-13.417198,3101.6 -71.849524,-13.417198,3101.6 -71.849524,-13.417198,3101.6 -71.849524,-13.417198,3101.6 -71.849524,-13.417198,3101.6 -71.849524,-13.417198,3101.6 -71.849524,-13.417198,3101.6 -71.849525,-13.417198,3101.6 -71.849525,-13.417197,3101.6 -71.849525,-13.417197,3101.8 -71.849525,-13.417197,3101.8 -71.849525,-13.417197,3101.8 -71.849526,-13.417197,3101.8 -71.849526,-13.417197,3101.8 -71.849526,-13.417197,3101.8 -71.849526,-13.417197,3101.8 -71.849526,-13.417197,3101.8 -71.849526,-13.417198,3101.8 -71.849526,-13.417197,3101.8 -71.849526,-13.417198,3101.8 -71.849526,-13.417198,3101.8 -71.849527,-13.417198,3101.8 -71.849527,-13.417198,3101.8 -71.849526,-13.417198,3101.8 -71.849526,-13.417198,3101.8 -71.849526,-13.417198,3101.8 -71.849527,-13.417198,3101.8 -71.849527,-13.417198,3101.8 -71.849527,-13.417198,3101.8 -71.849528,-13.417198,3101.8 -71.849528,-13.417198,3101.8 -71.849529,-13.417198,3101.8 -71.849529,-13.417197,3101.8 -71.849530,-13.417197,3101.8 -71.849530,-13.417198,3101.8 -71.849531,-13.417198,3102 -71.849531,-13.417198,3102 -71.849531,-13.417198,3102 -71.849531,-13.417198,3102 -71.849531,-13.417198,3102 -71.849531,-13.417198,3102 -71.849531,-13.417198,3102 -71.849531,-13.417198,3102 -71.849531,-13.417198,3102 -71.849531,-13.417198,3102 -71.849531,-13.417198,3102 -71.849531,-13.417198,3102 -71.849531,-13.417198,3102 -71.849531,-13.417198,3102 -71.849531,-13.417198,3102 -71.849531,-13.417198,3102 -71.849531,-13.417198,3102 -71.849530,-13.417198,3102 -71.849530,-13.417198,3102 -71.849530,-13.417198,3102 -71.849530,-13.417198,3102 -71.849529,-13.417198,3102 -71.849529,-13.417198,3102 -71.849529,-13.417198,3102.2 -71.849530,-13.417198,3102.2 -71.849529,-13.417199,3102.2 -71.849529,-13.417199,3102.2 -71.849529,-13.417199,3102.2 -71.849529,-13.417199,3102.2 -71.849529,-13.417199,3102.2 -71.849529,-13.417199,3102.2 -71.849529,-13.417199,3102.2 -71.849529,-13.417199,3102.2 -71.849529,-13.417199,3102.2 -71.849529,-13.417199,3102.2 -71.849529,-13.417199,3102.2 -71.849529,-13.417198,3102.2 -71.849529,-13.417198,3102.2 -71.849528,-13.417198,3102.2 -71.849528,-13.417198,3102.2 -71.849528,-13.417198,3102.2 -71.849527,-13.417198,3102.2 -71.849527,-13.417198,3102.2 -71.849526,-13.417198,3102.2 -71.849526,-13.417198,3102.2 -71.849525,-13.417198,3102.2 -71.849525,-13.417198,3102.4 -71.849525,-13.417198,3102.4 -71.849524,-13.417199,3102.4 -71.849524,-13.417199,3102.4 -71.849524,-13.417200,3102.4 -71.849523,-13.417201,3102.4 -71.849523,-13.417201,3102.4 -71.849522,-13.417203,3102.6 -71.849523,-13.417202,3102.4 -71.849522,-13.417202,3102.4 -71.849522,-13.417202,3102.4 -71.849522,-13.417203,3102.6 -71.849522,-13.417203,3102.6 -71.849523,-13.417203,3102.8 -71.849523,-13.417204,3103 -71.849524,-13.417204,3103.4 -71.849526,-13.417205,3104 -71.849527,-13.417206,3104.4 -71.849529,-13.417206,3105.2 -71.849532,-13.417207,3105.8 -71.849534,-13.417208,3106.8 -71.849536,-13.417209,3107.6 -71.849539,-13.417210,3108.6 -71.849542,-13.417211,3109.4 -71.849541,-13.417211,3109.2 -71.849543,-13.417211,3109.8 -71.849544,-13.417212,3110.2 -71.849545,-13.417212,3110.6 -71.849547,-13.417213,3111.2 -71.849548,-13.417213,3111.6 -71.849549,-13.417214,3112.2 -71.849550,-13.417214,3112.6 -71.849551,-13.417215,3113.2 -71.849552,-13.417216,3113.6 -71.849553,-13.417217,3114 -71.849554,-13.417217,3114.6 -71.849555,-13.417218,3115 -71.849556,-13.417219,3115.6 -71.849557,-13.417219,3116 -71.849558,-13.417220,3116.6 -71.849559,-13.417221,3117 -71.849560,-13.417222,3117.4 -71.849561,-13.417222,3118 -71.849562,-13.417222,3118.2 -71.849563,-13.417222,3118.8 -71.849564,-13.417222,3119.2 -71.849564,-13.417222,3119.6 -71.849565,-13.417222,3120 -71.849567,-13.417223,3120.4 -71.849568,-13.417223,3120.8 -71.849570,-13.417223,3121.2 -71.849571,-13.417223,3121.6 -71.849573,-13.417224,3122 -71.849574,-13.417224,3122.4 -71.849575,-13.417224,3122.8 -71.849577,-13.417225,3123 -71.849579,-13.417225,3123.4 -71.849580,-13.417226,3123.8 -71.849581,-13.417226,3124 -71.849582,-13.417226,3124.4 -71.849583,-13.417226,3124.6 -71.849583,-13.417224,3124.8 -71.849583,-13.417223,3125 -71.849582,-13.417222,3125 -71.849583,-13.417221,3125.2 -71.849583,-13.417220,3125.4 -71.849584,-13.417220,3125.6 -71.849584,-13.417220,3125.6 -71.849585,-13.417219,3125.6 -71.849585,-13.417218,3125.8 -71.849585,-13.417218,3125.8 -71.849585,-13.417218,3125.8 -71.849586,-13.417218,3126 -71.849586,-13.417219,3126.2 -71.849587,-13.417219,3126.4 -71.849588,-13.417219,3126.6 -71.849588,-13.417219,3126.8 -71.849589,-13.417219,3127 -71.849589,-13.417219,3127 -71.849590,-13.417219,3127.2 -71.849587,-13.417214,3127.8 -71.849587,-13.417214,3127.8 -71.849586,-13.417214,3127.8 -71.849586,-13.417214,3127.8 -71.849586,-13.417214,3127.8 -71.849583,-13.417215,3127.6 -71.849581,-13.417216,3127.6 -71.849579,-13.417216,3127.6 -71.849577,-13.417216,3127.6 -71.849576,-13.417217,3127.4 -71.849575,-13.417217,3127.4 -71.849576,-13.417217,3127.4 -71.849576,-13.417216,3127.4 -71.849576,-13.417216,3127.4 -71.849575,-13.417217,3127.4 -71.849573,-13.417215,3127.4 -71.849565,-13.417207,3127.2 -71.849562,-13.417202,3127.2 -71.849559,-13.417197,3127.2 -71.849556,-13.417194,3127 -71.849552,-13.417191,3127 -71.849546,-13.417188,3127 -71.849540,-13.417188,3126.8 -71.849536,-13.417186,3126.8 -71.849532,-13.417183,3126.8 -71.849528,-13.417181,3126.6 -71.849524,-13.417179,3126.6 -71.849519,-13.417178,3126.4 -71.849513,-13.417176,3126.4 -71.849510,-13.417173,3126.2 -71.849506,-13.417167,3126.2 -71.849502,-13.417166,3126 -71.849498,-13.417164,3126 -71.849495,-13.417163,3125.8 -71.849491,-13.417161,3125.8 -71.849488,-13.417159,3125.6 -71.849484,-13.417157,3125.6 -71.849482,-13.417154,3125.6 -71.849479,-13.417154,3125.4 -71.849477,-13.417151,3125.4 -71.849473,-13.417147,3125.2 -71.849469,-13.417143,3125.2 -71.849467,-13.417140,3125.2 -71.849462,-13.417135,3125.2 -71.849460,-13.417132,3125 -71.849459,-13.417129,3125 -71.849456,-13.417128,3125 -71.849454,-13.417124,3125 -71.849450,-13.417121,3124.8 -71.849444,-13.417118,3124.8 -71.849444,-13.417114,3124.8 -71.849442,-13.417110,3124.8 -71.849441,-13.417108,3124.6 -71.849439,-13.417106,3124.6 -71.849435,-13.417102,3124.6 -71.849432,-13.417098,3124.4 -71.849428,-13.417096,3124.4 -71.849425,-13.417096,3124.4 -71.849423,-13.417095,3124.2 -71.849422,-13.417093,3124.2 -71.849420,-13.417090,3124.2 -71.849416,-13.417087,3124.2 -71.849412,-13.417085,3124.2 -71.849411,-13.417083,3124.2 -71.849409,-13.417081,3124 -71.849406,-13.417079,3124 -71.849402,-13.417078,3124 -71.849397,-13.417082,3124 -71.849394,-13.417078,3123.8 -71.849390,-13.417075,3123.8 -71.849382,-13.417074,3123.8 -71.849377,-13.417071,3123.8 -71.849371,-13.417065,3123.6 -71.849367,-13.417063,3123.6 -71.849363,-13.417057,3123.6 -71.849361,-13.417051,3123.6 -71.849359,-13.417045,3123.6 -71.849355,-13.417040,3123.6 -71.849348,-13.417035,3123.4 -71.849345,-13.417032,3123.4 -71.849342,-13.417030,3123.4 -71.849339,-13.417024,3123.2 -71.849333,-13.417022,3123.2 -71.849331,-13.417020,3123.2 -71.849328,-13.417018,3123.2 -71.849328,-13.417018,3123.2 -71.849329,-13.417018,3123.2 -71.849328,-13.417016,3123.2 -71.849327,-13.417016,3123.2 -71.849327,-13.417014,3123.2 -71.849326,-13.417013,3123.2 -71.849324,-13.417011,3123.2 -71.849322,-13.417008,3123.2 -71.849319,-13.417007,3123.2 -71.849318,-13.417005,3123.2 -71.849316,-13.417003,3123.2 -71.849313,-13.417002,3123.2 -71.849308,-13.417000,3123.2 -71.849305,-13.416999,3123.2 -71.849302,-13.416999,3123.2 -71.849296,-13.416994,3123.2 -71.849291,-13.416990,3123.2 -71.849284,-13.416989,3123.2 -71.849280,-13.416985,3123.2 -71.849274,-13.416981,3123.2 -71.849263,-13.416973,3123.2 -71.849255,-13.416969,3123.2 -71.849245,-13.416972,3123.2 -71.849237,-13.416972,3123.2 -71.849231,-13.416972,3123.2 -71.849226,-13.416971,3123.2 -71.849220,-13.416973,3123.2 -71.849223,-13.416972,3123.2 -71.849219,-13.416973,3123.2 -71.849216,-13.416974,3123.2 -71.849211,-13.416975,3123.2 -71.849210,-13.416976,3123 -71.849206,-13.416978,3123 -71.849201,-13.416979,3123 -71.849197,-13.416979,3123 -71.849198,-13.416980,3123 -71.849194,-13.416980,3123 -71.849191,-13.416978,3123.2 -71.849189,-13.416976,3123.2 -71.849183,-13.416973,3123.2 -71.849182,-13.416972,3123.2 -71.849178,-13.416968,3123.4 -71.849177,-13.416964,3123.4 -71.849175,-13.416960,3123.4 -71.849175,-13.416956,3123.4 -71.849174,-13.416952,3123.6 -71.849174,-13.416949,3123.6 -71.849174,-13.416947,3123.6 -71.849173,-13.416947,3123.6 -71.849172,-13.416945,3123.6 -71.849169,-13.416946,3123.6 -71.849166,-13.416950,3123.6 -71.849164,-13.416953,3123.6 -71.849162,-13.416957,3123.8 -71.849160,-13.416959,3123.8 -71.849157,-13.416960,3123.8 -71.849153,-13.416963,3123.8 -71.849150,-13.416966,3123.8 -71.849151,-13.416966,3123.8 -71.849149,-13.416968,3123.8 -71.849147,-13.416970,3123.8 -71.849144,-13.416971,3123.8 -71.849142,-13.416976,3123.8 -71.849140,-13.416979,3123.8 -71.849138,-13.416980,3123.8 -71.849130,-13.416980,3123.8 -71.849124,-13.416979,3123.8 -71.849120,-13.416978,3123.8 -71.849120,-13.416978,3123.8 -71.849118,-13.416974,3123.8 -71.849117,-13.416970,3123.8 -71.849117,-13.416965,3123.8 -71.849116,-13.416967,3123.8 -71.849116,-13.416964,3123.8 -71.849117,-13.416961,3124 -71.849119,-13.416957,3124 -71.849120,-13.416953,3124 -71.849120,-13.416949,3124.2 -71.849121,-13.416946,3124.2 -71.849120,-13.416941,3124.2 -71.849119,-13.416938,3124.2 -71.849118,-13.416936,3124.4 -71.849119,-13.416934,3124.4 -71.849118,-13.416931,3124.4 -71.849116,-13.416927,3124.4 -71.849115,-13.416922,3124.4 -71.849114,-13.416919,3124.6 -71.849116,-13.416915,3124.6 -71.849117,-13.416911,3124.6 -71.849121,-13.416907,3124.6 -71.849122,-13.416903,3124.6 -71.849123,-13.416900,3124.8 -71.849125,-13.416895,3124.8 -71.849132,-13.416890,3124.8 -71.849134,-13.416886,3124.8 -71.849135,-13.416880,3125 -71.849136,-13.416877,3125 -71.849133,-13.416874,3125 -71.849131,-13.416869,3125.2 -71.849131,-13.416866,3125.2 -71.849128,-13.416865,3125.2 -71.849129,-13.416861,3125.2 -71.849126,-13.416863,3125.4 -71.849127,-13.416860,3125.4 -71.849124,-13.416862,3125.4 -71.849121,-13.416864,3125.4 -71.849120,-13.416865,3125.4 -71.849119,-13.416865,3125.4 -71.849118,-13.416866,3125.4 -71.849114,-13.416868,3125.4 -71.849113,-13.416871,3125.4 -71.849110,-13.416874,3125.4 -71.849108,-13.416876,3125.4 -71.849106,-13.416878,3125.4 -71.849102,-13.416881,3125.4 -71.849097,-13.416884,3125.4 -71.849092,-13.416887,3125.6 -71.849087,-13.416889,3125.6 -71.849081,-13.416890,3125.6 -71.849075,-13.416891,3125.6 -71.849068,-13.416888,3125.6 -71.849062,-13.416886,3125.6 -71.849060,-13.416883,3125.8 -71.849057,-13.416878,3125.8 -71.849059,-13.416874,3125.8 -71.849058,-13.416870,3125.8 -71.849058,-13.416866,3125.8 -71.849064,-13.416863,3126 -71.849059,-13.416862,3126 -71.849062,-13.416862,3126 -71.849065,-13.416857,3126 -71.849066,-13.416852,3126 -71.849067,-13.416846,3126 -71.849067,-13.416842,3126 -71.849068,-13.416838,3126 -71.849069,-13.416835,3126 -71.849074,-13.416832,3126 -71.849077,-13.416829,3126 -71.849081,-13.416828,3126.2 -71.849082,-13.416825,3126.2 -71.849084,-13.416822,3126.2 -71.849085,-13.416818,3126.2 -71.849086,-13.416815,3126.4 -71.849088,-13.416813,3126.4 -71.849092,-13.416808,3126.4 -71.849095,-13.416806,3126.6 -71.849097,-13.416805,3126.6 -71.849100,-13.416803,3126.6 -71.849100,-13.416801,3126.6 -71.849098,-13.416799,3126.8 -71.849100,-13.416798,3126.8 -71.849098,-13.416796,3126.8 -71.849098,-13.416792,3126.8 -71.849099,-13.416788,3126.8 -71.849099,-13.416787,3126.8 -71.849098,-13.416787,3126.8 -71.849098,-13.416786,3126.8 -71.849099,-13.416784,3126.8 -71.849099,-13.416781,3126.8 -71.849100,-13.416778,3127 -71.849099,-13.416774,3127 -71.849098,-13.416769,3127 -71.849098,-13.416764,3127 -71.849098,-13.416760,3127.2 -71.849095,-13.416756,3127.2 -71.849093,-13.416752,3127.2 -71.849093,-13.416748,3127.2 -71.849092,-13.416749,3127.4 -71.849092,-13.416746,3127.2 -71.849096,-13.416743,3127.4 -71.849099,-13.416739,3127.4 -71.849102,-13.416736,3127.6 -71.849105,-13.416731,3127.6 -71.849105,-13.416729,3127.8 -71.849107,-13.416724,3128 -71.849108,-13.416722,3128 -71.849110,-13.416719,3128 -71.849110,-13.416718,3128.2 -71.849111,-13.416714,3128.2 -71.849112,-13.416710,3128.2 -71.849110,-13.416704,3128.4 -71.849109,-13.416698,3128.4 -71.849108,-13.416693,3128.6 -71.849109,-13.416689,3128.6 -71.849111,-13.416685,3128.8 -71.849113,-13.416681,3128.8 -71.849116,-13.416678,3128.8 -71.849114,-13.416678,3128.8 -71.849116,-13.416675,3129 -71.849116,-13.416673,3129 -71.849118,-13.416670,3129 -71.849119,-13.416666,3129 -71.849120,-13.416661,3129 -71.849120,-13.416659,3129 -71.849121,-13.416655,3129 -71.849123,-13.416651,3129 -71.849124,-13.416646,3129 -71.849123,-13.416647,3129 -71.849123,-13.416644,3129 -71.849121,-13.416641,3129 -71.849120,-13.416637,3129.2 -71.849118,-13.416635,3129.2 -71.849117,-13.416634,3129.2 -71.849115,-13.416632,3129.2 -71.849114,-13.416630,3129.2 -71.849114,-13.416630,3129.2 -71.849113,-13.416630,3129.2 -71.849111,-13.416631,3129.2 -71.849108,-13.416632,3129.2 -71.849105,-13.416633,3129.4 -71.849100,-13.416633,3129.4 -71.849099,-13.416632,3129.4 -71.849097,-13.416633,3129.4 -71.849096,-13.416633,3129.4 -71.849095,-13.416634,3129.4 -71.849093,-13.416634,3129.4 -71.849090,-13.416634,3129.4 -71.849088,-13.416634,3129.4 -71.849086,-13.416635,3129.4 -71.849082,-13.416636,3129.4 -71.849083,-13.416636,3129.4 -71.849080,-13.416637,3129.4 -71.849080,-13.416640,3129.4 -71.849079,-13.416643,3129.4 -71.849076,-13.416646,3129.4 -71.849073,-13.416646,3129.4 -71.849070,-13.416647,3129.4 -71.849067,-13.416647,3129.4 -71.849066,-13.416647,3129.4 -71.849064,-13.416646,3129.6 -71.849063,-13.416647,3129.6 -71.849062,-13.416645,3129.6 -71.849061,-13.416640,3129.6 -71.849061,-13.416637,3129.8 -71.849059,-13.416632,3129.8 -71.849058,-13.416628,3130 -71.849058,-13.416623,3130.2 -71.849058,-13.416617,3130.4 -71.849060,-13.416610,3130.4 -71.849062,-13.416605,3130.6 -71.849063,-13.416599,3130.8 -71.849064,-13.416595,3130.8 -71.849066,-13.416589,3131 -71.849068,-13.416585,3131.2 -71.849072,-13.416579,3131.4 -71.849071,-13.416577,3131.6 -71.849072,-13.416577,3131.8 -71.849073,-13.416575,3132 -71.849074,-13.416572,3132 -71.849074,-13.416572,3132 -71.849075,-13.416570,3132 -71.849075,-13.416568,3132.2 -71.849076,-13.416567,3132.2 -71.849074,-13.416566,3132.2 -71.849070,-13.416565,3132.2 -71.849068,-13.416562,3132.2 -71.849068,-13.416558,3132.2 -71.849067,-13.416553,3132.2 -71.849066,-13.416549,3132.2 -71.849065,-13.416544,3132.2 -71.849065,-13.416541,3132.2 -71.849064,-13.416538,3132.2 -71.849063,-13.416539,3132.4 -71.849062,-13.416536,3132.4 -71.849061,-13.416532,3132.4 -71.849059,-13.416529,3132.4 -71.849058,-13.416528,3132.6 -71.849056,-13.416524,3132.6 -71.849053,-13.416522,3132.6 -71.849051,-13.416520,3132.8 -71.849049,-13.416518,3132.8 -71.849047,-13.416516,3132.8 -71.849047,-13.416512,3132.8 -71.849045,-13.416510,3133 -71.849046,-13.416510,3133 -71.849046,-13.416508,3133 -71.849046,-13.416506,3133 -71.849046,-13.416504,3133.2 -71.849047,-13.416504,3133.2 -71.849048,-13.416502,3133.2 -71.849048,-13.416500,3133.2 -71.849048,-13.416498,3133.4 -71.849049,-13.416497,3133.4 -71.849049,-13.416495,3133.4 -71.849050,-13.416490,3133.4 -71.849050,-13.416491,3133.4 -71.849050,-13.416489,3133.4 -71.849051,-13.416486,3133.4 -71.849055,-13.416483,3133.6 -71.849057,-13.416482,3133.6 -71.849060,-13.416480,3133.6 -71.849064,-13.416480,3133.6 -71.849070,-13.416482,3133.8 -71.849078,-13.416482,3134 -71.849084,-13.416483,3134 -71.849090,-13.416484,3134.2 -71.849097,-13.416483,3134.2 -71.849100,-13.416485,3134.2 -71.849105,-13.416483,3134.4 -71.849110,-13.416485,3134.6 -71.849113,-13.416483,3134.8 -71.849116,-13.416483,3134.8 -71.849120,-13.416484,3135 -71.849124,-13.416485,3135.2 -71.849130,-13.416489,3135.2 -71.849136,-13.416491,3135.4 -71.849143,-13.416499,3135.6 -71.849150,-13.416504,3135.8 -71.849154,-13.416510,3136 -71.849157,-13.416507,3136 -71.849160,-13.416508,3136.2 -71.849162,-13.416506,3136.4 -71.849164,-13.416507,3136.4 -71.849168,-13.416504,3136.6 -71.849167,-13.416505,3136.6 -71.849169,-13.416502,3136.6 -71.849168,-13.416498,3136.6 -71.849167,-13.416496,3136.6 -71.849164,-13.416491,3136.6 -71.849163,-13.416489,3136.6 -71.849163,-13.416484,3136.8 -71.849161,-13.416480,3136.8 -71.849161,-13.416475,3136.8 -71.849160,-13.416470,3136.8 -71.849159,-13.416467,3136.8 -71.849158,-13.416463,3137 -71.849156,-13.416458,3137 -71.849158,-13.416449,3137 -71.849158,-13.416443,3137 -71.849153,-13.416440,3137.2 -71.849152,-13.416436,3137.2 -71.849152,-13.416433,3137.4 -71.849152,-13.416428,3137.4 -71.849152,-13.416420,3137.4 -71.849151,-13.416415,3137.6 -71.849149,-13.416412,3137.6 -71.849145,-13.416411,3137.8 -71.849139,-13.416407,3137.8 -71.849133,-13.416406,3137.8 -71.849128,-13.416403,3138 -71.849120,-13.416400,3138 -71.849114,-13.416397,3138.2 -71.849110,-13.416396,3138.2 -71.849106,-13.416393,3138.4 -71.849101,-13.416391,3138.4 -71.849094,-13.416386,3138.6 -71.849092,-13.416383,3138.6 -71.849085,-13.416380,3138.8 -71.849077,-13.416377,3138.8 -71.849068,-13.416377,3139 -71.849062,-13.416375,3139.2 -71.849059,-13.416374,3139.2 -71.849054,-13.416373,3139.4 -71.849050,-13.416374,3139.4 -71.849045,-13.416376,3139.4 -71.849039,-13.416374,3139.6 -71.849033,-13.416367,3139.6 -71.849029,-13.416366,3139.8 -71.849022,-13.416364,3140 -71.849015,-13.416361,3140.2 -71.849010,-13.416362,3140.2 -71.849007,-13.416361,3140.4 -71.849003,-13.416359,3140.4 -71.848999,-13.416357,3140.6 -71.848993,-13.416356,3140.6 -71.848989,-13.416354,3140.8 -71.848983,-13.416355,3141 -71.848975,-13.416355,3141 -71.848970,-13.416356,3141.2 -71.848964,-13.416358,3141.2 -71.848960,-13.416361,3141.4 -71.848955,-13.416365,3141.4 -71.848952,-13.416369,3141.6 -71.848950,-13.416369,3141.8 -71.848943,-13.416371,3141.8 -71.848940,-13.416374,3142 -71.848937,-13.416376,3142 -71.848932,-13.416376,3142.2 -71.848927,-13.416375,3142.4 -71.848923,-13.416375,3142.6 -71.848923,-13.416375,3142.4 -71.848920,-13.416376,3142.4 -71.848916,-13.416377,3142.4 -71.848913,-13.416379,3142.6 -71.848910,-13.416382,3142.6 -71.848907,-13.416384,3142.8 -71.848903,-13.416386,3142.8 -71.848898,-13.416390,3143 -71.848895,-13.416394,3143 -71.848891,-13.416396,3143 -71.848887,-13.416399,3143.2 -71.848885,-13.416403,3143.2 -71.848882,-13.416406,3143.4 -71.848877,-13.416411,3143.4 -71.848875,-13.416413,3143.6 -71.848871,-13.416415,3143.8 -71.848867,-13.416419,3143.8 -71.848864,-13.416425,3143.8 -71.848862,-13.416429,3144 -71.848858,-13.416433,3144 -71.848852,-13.416437,3144.2 -71.848847,-13.416441,3144.2 -71.848844,-13.416445,3144.4 -71.848840,-13.416448,3144.4 -71.848835,-13.416454,3144.6 -71.848832,-13.416457,3144.8 -71.848828,-13.416461,3144.8 -71.848825,-13.416465,3145 -71.848823,-13.416469,3145.2 -71.848821,-13.416471,3145.2 -71.848817,-13.416475,3145.4 -71.848814,-13.416479,3145.6 -71.848809,-13.416484,3145.8 -71.848805,-13.416489,3145.8 -71.848799,-13.416493,3146 -71.848795,-13.416499,3146 -71.848792,-13.416503,3146.2 -71.848788,-13.416509,3146.2 -71.848785,-13.416513,3146.4 -71.848781,-13.416517,3146.6 -71.848776,-13.416522,3146.6 -71.848771,-13.416526,3146.8 -71.848767,-13.416530,3147 -71.848762,-13.416538,3147.2 -71.848757,-13.416544,3147.4 -71.848754,-13.416546,3147.4 -71.848753,-13.416550,3147.6 -71.848751,-13.416552,3147.8 -71.848749,-13.416554,3148 -71.848749,-13.416556,3148 -71.848749,-13.416558,3148.2 -71.848747,-13.416558,3148.2 -71.848747,-13.416559,3148.2 -71.848746,-13.416562,3148.2 -71.848744,-13.416562,3148.4 -71.848743,-13.416563,3148.4 -71.848742,-13.416565,3148.4 -71.848741,-13.416568,3148.4 -71.848739,-13.416571,3148.4 -71.848737,-13.416574,3148.4 -71.848735,-13.416576,3148.6 -71.848734,-13.416577,3148.6 -71.848732,-13.416579,3148.6 -71.848732,-13.416581,3148.6 -71.848731,-13.416587,3148.8 -71.848731,-13.416590,3148.8 -71.848728,-13.416591,3148.8 -71.848726,-13.416593,3149 -71.848723,-13.416593,3149 -71.848720,-13.416595,3149 -71.848720,-13.416598,3149 -71.848717,-13.416600,3149.2 -71.848714,-13.416604,3149.2 -71.848713,-13.416604,3149.4 -71.848710,-13.416603,3149.4 -71.848704,-13.416603,3149.6 -71.848700,-13.416605,3149.6 -71.848698,-13.416608,3149.8 -71.848695,-13.416610,3149.8 -71.848694,-13.416612,3149.8 -71.848693,-13.416615,3150 -71.848690,-13.416618,3150 -71.848689,-13.416620,3150.2 -71.848685,-13.416623,3150.4 -71.848682,-13.416625,3150.4 -71.848680,-13.416628,3150.6 -71.848678,-13.416630,3150.8 -71.848676,-13.416632,3150.8 -71.848672,-13.416633,3151 -71.848670,-13.416638,3151 -71.848669,-13.416641,3151.2 -71.848665,-13.416645,3151.2 -71.848661,-13.416650,3151.4 -71.848656,-13.416655,3151.4 -71.848653,-13.416659,3151.6 -71.848650,-13.416660,3151.8 -71.848647,-13.416662,3151.8 -71.848645,-13.416664,3152 -71.848642,-13.416666,3152.2 -71.848639,-13.416669,3152.2 -71.848634,-13.416670,3152.4 -71.848630,-13.416672,3152.6 -71.848627,-13.416676,3152.8 -71.848622,-13.416679,3152.8 -71.848615,-13.416683,3153 -71.848610,-13.416687,3153.2 -71.848603,-13.416690,3153.4 -71.848596,-13.416689,3153.8 -71.848588,-13.416686,3154 -71.848582,-13.416681,3154.2 -71.848581,-13.416676,3154.6 -71.848585,-13.416670,3154.8 -71.848587,-13.416664,3155 -71.848588,-13.416659,3155.4 -71.848589,-13.416656,3155.6 -71.848589,-13.416651,3155.8 -71.848591,-13.416646,3156.2 -71.848589,-13.416640,3156.4 -71.848590,-13.416635,3156.6 -71.848589,-13.416632,3157 -71.848589,-13.416630,3157.2 -71.848588,-13.416627,3157.6 -71.848587,-13.416625,3157.8 -71.848586,-13.416623,3158.2 -71.848587,-13.416621,3158.4 -71.848586,-13.416620,3158.2 -71.848588,-13.416616,3158.4 -71.848588,-13.416613,3158.4 -71.848587,-13.416609,3158.6 -71.848589,-13.416605,3158.6 -71.848589,-13.416599,3158.8 -71.848589,-13.416595,3158.8 -71.848588,-13.416590,3158.8 -71.848590,-13.416584,3159 -71.848590,-13.416578,3159.2 -71.848589,-13.416574,3159.2 -71.848588,-13.416570,3159.4 -71.848587,-13.416566,3159.6 -71.848585,-13.416561,3159.6 -71.848582,-13.416558,3159.8 -71.848580,-13.416554,3159.8 -71.848577,-13.416551,3160 -71.848576,-13.416546,3160.2 -71.848574,-13.416541,3160.2 -71.848574,-13.416537,3160.4 -71.848572,-13.416533,3160.6 -71.848570,-13.416531,3160.8 -71.848570,-13.416528,3161 -71.848570,-13.416526,3161 -71.848568,-13.416521,3161.2 -71.848568,-13.416522,3161.2 -71.848568,-13.416519,3161.2 -71.848568,-13.416515,3161 -71.848567,-13.416510,3161 -71.848566,-13.416507,3161 -71.848564,-13.416505,3161 -71.848562,-13.416505,3161 -71.848562,-13.416504,3161 -71.848562,-13.416501,3161.2 -71.848563,-13.416496,3161.2 -71.848563,-13.416493,3161.2 -71.848563,-13.416493,3161.2 -71.848563,-13.416492,3161.4 -71.848563,-13.416490,3161.4 -71.848562,-13.416488,3161.6 -71.848561,-13.416486,3161.6 -71.848562,-13.416480,3161.6 -71.848560,-13.416476,3161.8 -71.848560,-13.416473,3162 -71.848561,-13.416470,3162 -71.848560,-13.416466,3162.2 -71.848563,-13.416463,3162.4 -71.848564,-13.416461,3162.6 -71.848564,-13.416459,3162.8 -71.848565,-13.416457,3163 -71.848563,-13.416454,3163.2 -71.848561,-13.416447,3163.4 -71.848559,-13.416441,3163.6 -71.848559,-13.416438,3163.8 -71.848559,-13.416436,3163.8 -71.848558,-13.416434,3164 -71.848558,-13.416431,3164.2 -71.848558,-13.416430,3164.4 -71.848558,-13.416427,3164.6 -71.848558,-13.416426,3164.6 -71.848557,-13.416424,3164.6 -71.848557,-13.416421,3164.6 -71.848561,-13.416415,3164.8 -71.848564,-13.416411,3164.8 -71.848565,-13.416408,3165 -71.848566,-13.416404,3165 -71.848567,-13.416400,3165.2 -71.848567,-13.416396,3165.4 -71.848568,-13.416392,3165.6 -71.848569,-13.416388,3165.6 -71.848572,-13.416385,3165.8 -71.848573,-13.416381,3166 -71.848576,-13.416375,3166.2 -71.848578,-13.416370,3166.4 -71.848580,-13.416365,3166.6 -71.848581,-13.416358,3166.8 -71.848582,-13.416353,3166.8 -71.848584,-13.416350,3167 -71.848585,-13.416346,3167.2 -71.848584,-13.416340,3167.4 -71.848583,-13.416336,3167.8 -71.848587,-13.416333,3168 -71.848590,-13.416329,3168.2 -71.848592,-13.416325,3168.4 -71.848593,-13.416320,3168.6 -71.848593,-13.416316,3168.8 -71.848593,-13.416311,3169 -71.848593,-13.416308,3169.4 -71.848594,-13.416303,3169.6 -71.848595,-13.416300,3169.8 -71.848598,-13.416293,3170 -71.848599,-13.416289,3170.4 -71.848599,-13.416282,3170.6 -71.848598,-13.416278,3170.8 -71.848598,-13.416275,3171.2 -71.848602,-13.416269,3171.4 -71.848607,-13.416262,3171.6 -71.848611,-13.416256,3172 -71.848613,-13.416251,3172.2 -71.848616,-13.416246,3172.4 -71.848619,-13.416241,3172.8 -71.848619,-13.416240,3173 -71.848620,-13.416240,3173.2 -71.848620,-13.416240,3173.4 -71.848620,-13.416241,3173.6 -71.848620,-13.416241,3173.8 -71.848620,-13.416242,3173.8 -71.848621,-13.416242,3174 -71.848621,-13.416243,3174.2 -71.848621,-13.416242,3174 -71.848621,-13.416243,3174.2 -71.848621,-13.416243,3174.2 -71.848621,-13.416243,3174.2 -71.848622,-13.416240,3174.2 -71.848623,-13.416236,3174.2 -71.848625,-13.416230,3174.2 -71.848630,-13.416225,3174.2 -71.848634,-13.416217,3174.4 -71.848636,-13.416209,3174.4 -71.848640,-13.416203,3174.4 -71.848645,-13.416198,3174.6 -71.848648,-13.416192,3174.6 -71.848650,-13.416186,3174.6 -71.848652,-13.416182,3174.8 -71.848657,-13.416179,3174.8 -71.848662,-13.416176,3175 -71.848664,-13.416173,3175 -71.848665,-13.416167,3175.2 -71.848667,-13.416165,3175.2 -71.848670,-13.416164,3175.4 -71.848673,-13.416162,3175.4 -71.848675,-13.416158,3175.6 -71.848677,-13.416154,3175.8 -71.848681,-13.416152,3175.8 -71.848686,-13.416148,3176 -71.848688,-13.416145,3176.2 -71.848690,-13.416141,3176.2 -71.848690,-13.416137,3176.4 -71.848693,-13.416132,3176.6 -71.848693,-13.416127,3176.8 -71.848697,-13.416122,3176.8 -71.848698,-13.416120,3177 -71.848702,-13.416117,3177.2 -71.848702,-13.416112,3177.4 -71.848703,-13.416108,3177.6 -71.848708,-13.416104,3177.8 -71.848712,-13.416102,3178.2 -71.848713,-13.416096,3178.4 -71.848714,-13.416092,3178.6 -71.848714,-13.416087,3178.8 -71.848714,-13.416083,3179 -71.848714,-13.416080,3179.2 -71.848714,-13.416077,3179.4 -71.848714,-13.416073,3179.6 -71.848715,-13.416071,3179.8 -71.848714,-13.416067,3180 -71.848714,-13.416064,3180.2 -71.848712,-13.416060,3180.4 -71.848711,-13.416058,3180.4 -71.848710,-13.416052,3180.6 -71.848709,-13.416047,3180.8 -71.848707,-13.416044,3181 -71.848705,-13.416038,3181 -71.848704,-13.416036,3181.2 -71.848702,-13.416033,3181.4 -71.848702,-13.416030,3181.6 -71.848699,-13.416026,3181.6 -71.848700,-13.416027,3181.8 -71.848698,-13.416024,3181.8 -71.848698,-13.416022,3181.8 -71.848696,-13.416018,3181.8 -71.848695,-13.416015,3182 -71.848692,-13.416011,3182 -71.848694,-13.416007,3182 -71.848691,-13.416002,3182 -71.848690,-13.415997,3182.2 -71.848689,-13.415990,3182.2 -71.848688,-13.415987,3182.4 -71.848688,-13.415982,3182.4 -71.848688,-13.415978,3182.6 -71.848689,-13.415976,3182.6 -71.848690,-13.415972,3182.6 -71.848691,-13.415967,3182.8 -71.848689,-13.415962,3182.8 -71.848691,-13.415959,3183 -71.848689,-13.415957,3183 -71.848689,-13.415953,3183 -71.848688,-13.415945,3183.2 -71.848685,-13.415939,3183.2 -71.848688,-13.415935,3183.4 -71.848687,-13.415931,3183.4 -71.848686,-13.415923,3183.6 -71.848684,-13.415917,3183.6 -71.848686,-13.415915,3183.8 -71.848687,-13.415911,3183.8 -71.848689,-13.415908,3184 -71.848690,-13.415904,3184 -71.848692,-13.415901,3184.2 -71.848695,-13.415897,3184.2 -71.848696,-13.415894,3184.4 -71.848698,-13.415891,3184.4 -71.848700,-13.415887,3184.4 -71.848699,-13.415887,3184.4 -71.848700,-13.415886,3184.4 -71.848698,-13.415884,3184.4 -71.848696,-13.415884,3184.4 -71.848692,-13.415884,3184.6 -71.848687,-13.415884,3184.6 -71.848686,-13.415884,3184.6 -71.848682,-13.415884,3184.6 -71.848679,-13.415885,3184.6 -71.848677,-13.415886,3184.8 -71.848674,-13.415888,3184.8 -71.848672,-13.415888,3184.8 -71.848671,-13.415889,3184.8 -71.848669,-13.415889,3184.8 -71.848664,-13.415887,3184.8 -71.848660,-13.415884,3185 -71.848658,-13.415882,3185.2 -71.848655,-13.415880,3185.4 -71.848651,-13.415880,3185.4 -71.848649,-13.415880,3185.4 -71.848645,-13.415880,3185.4 -71.848643,-13.415881,3185.4 -71.848639,-13.415881,3185.4 -71.848636,-13.415880,3185.4 -71.848632,-13.415878,3185.6 -71.848629,-13.415878,3185.6 -71.848626,-13.415878,3185.6 -71.848623,-13.415875,3185.6 -71.848623,-13.415877,3185.8 -71.848621,-13.415876,3185.6 -71.848617,-13.415875,3185.8 -71.848615,-13.415873,3186 -71.848613,-13.415873,3186 -71.848610,-13.415871,3186 -71.848607,-13.415871,3186 -71.848603,-13.415869,3186.2 -71.848601,-13.415870,3186.2 -71.848597,-13.415873,3186.2 -71.848594,-13.415876,3186.4 -71.848592,-13.415878,3186.4 -71.848590,-13.415880,3186.4 -71.848587,-13.415882,3186.4 -71.848585,-13.415885,3186.6 -71.848583,-13.415886,3186.6 -71.848580,-13.415888,3186.6 -71.848578,-13.415890,3186.6 -71.848574,-13.415893,3186.6 -71.848572,-13.415894,3186.8 -71.848567,-13.415897,3186.8 -71.848565,-13.415900,3186.8 -71.848560,-13.415904,3187 -71.848556,-13.415908,3187 -71.848555,-13.415913,3187.2 -71.848553,-13.415916,3187.2 -71.848552,-13.415920,3187.4 -71.848552,-13.415925,3187.4 -71.848549,-13.415931,3187.6 -71.848548,-13.415935,3187.6 -71.848538,-13.415937,3187.8 -71.848533,-13.415937,3187.8 -71.848528,-13.415938,3188 -71.848524,-13.415939,3188.2 -71.848520,-13.415937,3188.4 -71.848517,-13.415935,3188.6 -71.848514,-13.415932,3188.8 -71.848511,-13.415931,3189 -71.848507,-13.415926,3189.2 -71.848503,-13.415926,3189.2 -71.848499,-13.415925,3189.4 -71.848497,-13.415922,3189.6 -71.848498,-13.415917,3189.8 -71.848495,-13.415914,3190 -71.848494,-13.415908,3190.4 -71.848493,-13.415905,3190.6 -71.848492,-13.415901,3190.8 -71.848490,-13.415900,3191 -71.848488,-13.415897,3191.2 -71.848487,-13.415895,3191.4 -71.848485,-13.415892,3191.6 -71.848483,-13.415889,3191.8 -71.848484,-13.415888,3192 -71.848485,-13.415885,3192.2 -71.848486,-13.415882,3192.4 -71.848484,-13.415880,3192.6 -71.848483,-13.415878,3193 -71.848483,-13.415874,3193.4 -71.848484,-13.415872,3193.6 -71.848483,-13.415868,3194 -71.848483,-13.415863,3194.2 -71.848482,-13.415859,3194.4 -71.848481,-13.415855,3194.6 -71.848478,-13.415851,3195 -71.848476,-13.415849,3195.2 -71.848473,-13.415848,3195.4 -71.848469,-13.415848,3195.6 -71.848465,-13.415848,3195.8 -71.848463,-13.415848,3196 -71.848460,-13.415846,3196.2 -71.848456,-13.415843,3196.6 -71.848453,-13.415841,3196.8 -71.848452,-13.415839,3197.2 -71.848452,-13.415837,3197.4 -71.848453,-13.415835,3197.6 -71.848455,-13.415833,3198 -71.848455,-13.415828,3198.2 -71.848453,-13.415825,3198.4 -71.848450,-13.415821,3198.8 -71.848449,-13.415819,3199.2 -71.848447,-13.415817,3199.2 -71.848444,-13.415814,3199.4 -71.848442,-13.415812,3199.8 -71.848441,-13.415810,3200 -71.848439,-13.415807,3200.2 -71.848438,-13.415804,3200.4 -71.848438,-13.415801,3200.8 -71.848439,-13.415799,3200.8 -71.848439,-13.415795,3201.2 -71.848438,-13.415792,3201.2 -71.848435,-13.415790,3201.6 -71.848433,-13.415787,3201.8 -71.848432,-13.415786,3202 -71.848430,-13.415786,3202.2 -71.848428,-13.415785,3202.4 -71.848427,-13.415785,3202.6 -71.848424,-13.415785,3202.8 -71.848421,-13.415783,3202.8 -71.848416,-13.415782,3203 -71.848413,-13.415781,3203.2 -71.848408,-13.415781,3203.4 -71.848402,-13.415782,3203.6 -71.848399,-13.415782,3203.6 -71.848395,-13.415781,3203.8 -71.848391,-13.415780,3204 -71.848387,-13.415778,3204.2 -71.848384,-13.415776,3204.4 -71.848379,-13.415775,3204.6 -71.848376,-13.415774,3204.8 -71.848370,-13.415772,3205 -71.848367,-13.415771,3205.2 -71.848364,-13.415771,3205.4 -71.848363,-13.415770,3205.6 -71.848363,-13.415770,3205.6 -71.848363,-13.415769,3205.8 -71.848362,-13.415769,3206 -71.848362,-13.415769,3206 -71.848362,-13.415769,3206.2 -71.848361,-13.415769,3206.2 -71.848357,-13.415768,3206.4 -71.848354,-13.415767,3206.6 -71.848348,-13.415767,3206.8 -71.848345,-13.415766,3207 -71.848340,-13.415766,3207.2 -71.848337,-13.415765,3207.2 -71.848330,-13.415764,3207.4 -71.848324,-13.415762,3207.6 -71.848320,-13.415759,3208 -71.848317,-13.415758,3208 -71.848313,-13.415757,3208.2 -71.848310,-13.415757,3208.4 -71.848306,-13.415756,3208.6 -71.848303,-13.415756,3208.8 -71.848300,-13.415755,3208.8 -71.848299,-13.415754,3209 -71.848297,-13.415754,3209.2 -71.848294,-13.415754,3209.2 -71.848293,-13.415757,3209.4 -71.848290,-13.415760,3209.6 -71.848289,-13.415764,3209.8 -71.848288,-13.415767,3210 -71.848286,-13.415771,3210 -71.848285,-13.415774,3210.2 -71.848283,-13.415776,3210.2 -71.848279,-13.415778,3210.4 -71.848275,-13.415778,3210.6 -71.848269,-13.415777,3210.6 -71.848266,-13.415772,3211 -71.848264,-13.415765,3211 -71.848263,-13.415762,3211.2 -71.848262,-13.415758,3211.6 -71.848261,-13.415754,3211.8 -71.848263,-13.415749,3212 -71.848263,-13.415743,3212.2 -71.848264,-13.415738,3212.6 -71.848264,-13.415733,3212.8 -71.848266,-13.415729,3213 -71.848267,-13.415726,3213.4 -71.848266,-13.415724,3213.6 -71.848266,-13.415721,3213.8 -71.848266,-13.415718,3214.2 -71.848265,-13.415714,3214.4 -71.848265,-13.415710,3214.6 -71.848266,-13.415706,3214.8 -71.848266,-13.415702,3215 -71.848267,-13.415699,3215.2 -71.848268,-13.415695,3215.4 -71.848267,-13.415690,3215.6 -71.848267,-13.415684,3215.8 -71.848267,-13.415678,3216 -71.848267,-13.415674,3216.2 -71.848266,-13.415672,3216.4 -71.848266,-13.415669,3216.6 -71.848268,-13.415665,3216.8 -71.848271,-13.415660,3217 -71.848273,-13.415656,3217.2 -71.848275,-13.415651,3217.4 -71.848278,-13.415644,3217.6 -71.848281,-13.415638,3217.8 -71.848283,-13.415632,3218 -71.848282,-13.415625,3218.2 -71.848282,-13.415621,3218.4 -71.848283,-13.415617,3218.6 -71.848283,-13.415614,3218.8 -71.848283,-13.415610,3219 -71.848282,-13.415605,3219.2 -71.848281,-13.415599,3219.4 -71.848279,-13.415595,3219.4 -71.848279,-13.415591,3219.6 -71.848279,-13.415586,3219.8 -71.848279,-13.415581,3220 -71.848277,-13.415577,3220 -71.848277,-13.415573,3220.2 -71.848276,-13.415572,3220.4 -71.848275,-13.415571,3220.6 -71.848275,-13.415568,3220.8 -71.848274,-13.415563,3221 -71.848274,-13.415560,3221.2 -71.848275,-13.415555,3221.4 -71.848275,-13.415551,3221.6 -71.848274,-13.415547,3221.8 -71.848272,-13.415543,3221.8 -71.848271,-13.415538,3222 -71.848270,-13.415534,3222.2 -71.848269,-13.415530,3222.4 -71.848266,-13.415527,3222.6 -71.848264,-13.415524,3222.6 -71.848261,-13.415520,3223 -71.848258,-13.415518,3223 -71.848256,-13.415515,3223.2 -71.848254,-13.415513,3223.4 -71.848252,-13.415511,3223.6 -71.848251,-13.415509,3223.8 -71.848248,-13.415506,3224 -71.848247,-13.415504,3224 -71.848247,-13.415499,3224.2 -71.848245,-13.415493,3224.4 -71.848245,-13.415487,3224.4 -71.848245,-13.415483,3224.6 -71.848245,-13.415479,3224.8 -71.848244,-13.415474,3225 -71.848244,-13.415472,3225.2 -71.848243,-13.415469,3225.4 -71.848242,-13.415467,3225.4 -71.848240,-13.415464,3225.6 -71.848241,-13.415460,3225.6 -71.848240,-13.415457,3225.8 -71.848240,-13.415452,3225.8 -71.848239,-13.415447,3226 -71.848237,-13.415442,3226.2 -71.848232,-13.415433,3226.4 -71.848232,-13.415433,3226.4 -71.848231,-13.415428,3226.6 -71.848230,-13.415424,3226.6 -71.848229,-13.415420,3226.8 -71.848227,-13.415417,3227 -71.848225,-13.415414,3227.2 -71.848225,-13.415410,3227.4 -71.848222,-13.415406,3227.4 -71.848220,-13.415402,3227.6 -71.848217,-13.415398,3227.8 -71.848214,-13.415395,3227.8 -71.848213,-13.415392,3228 -71.848213,-13.415388,3228.2 -71.848212,-13.415385,3228.2 -71.848212,-13.415382,3228.4 -71.848212,-13.415379,3228.6 -71.848210,-13.415376,3228.8 -71.848207,-13.415372,3228.8 -71.848204,-13.415369,3229 -71.848203,-13.415364,3229 -71.848200,-13.415360,3229.2 -71.848197,-13.415359,3229.4 -71.848195,-13.415357,3229.6 -71.848193,-13.415353,3229.6 -71.848190,-13.415349,3229.8 -71.848189,-13.415345,3230 -71.848189,-13.415343,3230 -71.848187,-13.415338,3230 -71.848185,-13.415334,3230 -71.848185,-13.415330,3230.2 -71.848184,-13.415326,3230.2 -71.848182,-13.415321,3230.4 -71.848180,-13.415316,3230.4 -71.848179,-13.415314,3230.6 -71.848179,-13.415312,3230.6 -71.848180,-13.415310,3230.8 -71.848181,-13.415308,3230.8 -71.848180,-13.415305,3231 -71.848180,-13.415303,3231 -71.848178,-13.415300,3231.2 -71.848176,-13.415297,3231.2 -71.848174,-13.415294,3231.4 -71.848172,-13.415291,3231.4 -71.848171,-13.415287,3231.6 -71.848168,-13.415284,3231.6 -71.848167,-13.415279,3231.6 -71.848166,-13.415276,3231.6 -71.848165,-13.415274,3231.8 -71.848164,-13.415272,3232 -71.848162,-13.415269,3232 -71.848162,-13.415266,3232.2 -71.848161,-13.415259,3232.4 -71.848161,-13.415256,3232.4 -71.848160,-13.415253,3232.6 -71.848158,-13.415247,3232.8 -71.848157,-13.415243,3232.8 -71.848155,-13.415237,3233 -71.848152,-13.415234,3233 -71.848152,-13.415228,3233.2 -71.848149,-13.415223,3233.4 -71.848148,-13.415219,3233.4 -71.848146,-13.415216,3233.6 -71.848145,-13.415213,3233.8 -71.848145,-13.415210,3233.8 -71.848145,-13.415205,3234 -71.848143,-13.415202,3234.2 -71.848141,-13.415199,3234.2 -71.848138,-13.415198,3234.4 -71.848136,-13.415197,3234.4 -71.848132,-13.415197,3234.6 -71.848133,-13.415196,3234.6 -71.848132,-13.415196,3234.8 -71.848130,-13.415194,3234.8 -71.848127,-13.415192,3234.8 -71.848125,-13.415191,3235 -71.848122,-13.415188,3235 -71.848119,-13.415187,3235 -71.848116,-13.415183,3235.2 -71.848114,-13.415181,3235.2 -71.848111,-13.415179,3235.2 -71.848109,-13.415177,3235.4 -71.848107,-13.415170,3235.4 -71.848104,-13.415165,3235.6 -71.848101,-13.415163,3235.6 -71.848099,-13.415160,3235.8 -71.848098,-13.415155,3235.8 -71.848095,-13.415150,3236 -71.848094,-13.415145,3236.2 -71.848091,-13.415140,3236.4 -71.848089,-13.415137,3236.4 -71.848088,-13.415134,3236.6 -71.848087,-13.415130,3236.6 -71.848086,-13.415123,3236.8 -71.848086,-13.415118,3237 -71.848085,-13.415114,3237 -71.848084,-13.415110,3237 -71.848082,-13.415106,3237.2 -71.848081,-13.415099,3237.2 -71.848079,-13.415094,3237.4 -71.848079,-13.415089,3237.4 -71.848078,-13.415085,3237.4 -71.848079,-13.415081,3237.6 -71.848079,-13.415076,3237.6 -71.848079,-13.415070,3237.8 -71.848078,-13.415064,3237.8 -71.848078,-13.415059,3237.8 -71.848077,-13.415056,3238 -71.848077,-13.415052,3238.2 -71.848077,-13.415050,3238.2 -71.848078,-13.415047,3238.4 -71.848078,-13.415043,3238.4 -71.848076,-13.415038,3238.6 -71.848073,-13.415034,3238.6 -71.848072,-13.415027,3238.8 -71.848070,-13.415022,3238.8 -71.848068,-13.415017,3239 -71.848067,-13.415012,3239 -71.848064,-13.415005,3239.2 -71.848061,-13.414999,3239.2 -71.848059,-13.414993,3239.4 -71.848056,-13.414985,3239.6 -71.848055,-13.414979,3239.8 -71.848054,-13.414973,3240 -71.848054,-13.414969,3240 -71.848053,-13.414964,3240.2 -71.848052,-13.414960,3240.2 -71.848050,-13.414955,3240.4 -71.848049,-13.414949,3240.6 -71.848050,-13.414941,3240.8 -71.848048,-13.414934,3241 -71.848049,-13.414928,3241 -71.848049,-13.414921,3241.2 -71.848049,-13.414918,3241.4 -71.848049,-13.414913,3241.4 -71.848048,-13.414910,3241.6 -71.848048,-13.414905,3241.8 -71.848048,-13.414900,3241.8 -71.848048,-13.414894,3241.8 -71.848047,-13.414889,3241.8 -71.848047,-13.414883,3242 -71.848046,-13.414878,3242 -71.848047,-13.414873,3242.2 -71.848046,-13.414869,3242.4 -71.848045,-13.414865,3242.4 -71.848046,-13.414858,3242.6 -71.848045,-13.414853,3242.8 -71.848046,-13.414849,3242.8 -71.848047,-13.414844,3243 -71.848047,-13.414842,3243.2 -71.848047,-13.414838,3243.2 -71.848045,-13.414835,3243.2 -71.848045,-13.414833,3243.2 -71.848044,-13.414830,3243.2 -71.848043,-13.414826,3243.2 -71.848042,-13.414820,3243.4 -71.848041,-13.414816,3243.6 -71.848038,-13.414812,3243.8 -71.848037,-13.414808,3244 -71.848037,-13.414802,3244 -71.848038,-13.414797,3244.2 -71.848040,-13.414790,3244.4 -71.848040,-13.414783,3244.6 -71.848037,-13.414776,3244.8 -71.848034,-13.414769,3245 -71.848031,-13.414764,3245.2 -71.848029,-13.414757,3245.4 -71.848027,-13.414751,3245.6 -71.848027,-13.414744,3245.6 -71.848025,-13.414735,3245.8 -71.848023,-13.414729,3245.8 -71.848021,-13.414724,3246 -71.848019,-13.414718,3246 -71.848017,-13.414711,3246.2 -71.848014,-13.414706,3246.4 -71.848011,-13.414700,3246.4 -71.848009,-13.414696,3246.6 -71.848006,-13.414691,3246.6 -71.848004,-13.414686,3246.8 -71.848003,-13.414678,3247 -71.848001,-13.414672,3247.2 -71.848000,-13.414668,3247.4 -71.848000,-13.414661,3247.6 -71.848000,-13.414657,3247.8 -71.848000,-13.414653,3248 -71.848002,-13.414649,3248.2 -71.848003,-13.414644,3248.4 -71.848003,-13.414640,3248.4 -71.848002,-13.414636,3248.6 -71.847998,-13.414632,3248.8 -71.847996,-13.414628,3249 -71.847994,-13.414623,3249.2 -71.847992,-13.414619,3249.2 -71.847991,-13.414617,3249.4 -71.847990,-13.414611,3249.6 -71.847989,-13.414606,3249.8 -71.847985,-13.414601,3250 -71.847982,-13.414594,3250.2 -71.847980,-13.414587,3250.2 -71.847977,-13.414580,3250.4 -71.847974,-13.414571,3250.4 -71.847971,-13.414564,3250.6 -71.847967,-13.414559,3250.8 -71.847963,-13.414555,3250.8 -71.847960,-13.414547,3250.8 -71.847955,-13.414541,3251 -71.847953,-13.414534,3251 -71.847950,-13.414526,3251.2 -71.847948,-13.414521,3251.6 -71.847948,-13.414518,3251.8 -71.847948,-13.414517,3251.8 -71.847946,-13.414509,3251.8 -71.847942,-13.414503,3251.8 -71.847939,-13.414500,3252 -71.847936,-13.414495,3252 -71.847933,-13.414488,3252.2 -71.847932,-13.414484,3252.2 -71.847932,-13.414481,3252.4 -71.847934,-13.414475,3252.4 -71.847934,-13.414470,3252.6 -71.847934,-13.414463,3252.6 -71.847932,-13.414455,3252.8 -71.847930,-13.414450,3253 -71.847928,-13.414444,3253 -71.847926,-13.414436,3253.2 -71.847926,-13.414429,3253.2 -71.847926,-13.414422,3253.4 -71.847927,-13.414415,3253.4 -71.847927,-13.414406,3253.6 -71.847926,-13.414399,3253.6 -71.847926,-13.414394,3253.8 -71.847925,-13.414389,3253.8 -71.847924,-13.414382,3254 -71.847923,-13.414378,3254 -71.847925,-13.414376,3254 -71.847927,-13.414374,3254 -71.847928,-13.414373,3254 -71.847928,-13.414366,3254 -71.847925,-13.414355,3254.2 -71.847922,-13.414349,3254.2 -71.847922,-13.414344,3254.2 -71.847922,-13.414338,3254.2 -71.847921,-13.414334,3254.4 -71.847922,-13.414329,3254.4 -71.847923,-13.414322,3254.6 -71.847924,-13.414315,3254.6 -71.847924,-13.414310,3254.8 -71.847923,-13.414302,3254.8 -71.847922,-13.414294,3255 -71.847920,-13.414287,3255 -71.847917,-13.414277,3255.2 -71.847914,-13.414270,3255.4 -71.847910,-13.414261,3255.4 -71.847905,-13.414252,3255.6 -71.847902,-13.414245,3255.6 -71.847900,-13.414236,3255.8 -71.847898,-13.414227,3256 -71.847895,-13.414221,3256.2 -71.847894,-13.414213,3256.2 -71.847892,-13.414205,3256.4 -71.847890,-13.414199,3256.6 -71.847889,-13.414196,3256.8 -71.847888,-13.414193,3257 -71.847887,-13.414187,3257.2 -71.847885,-13.414182,3257.4 -71.847887,-13.414178,3257.6 -71.847887,-13.414173,3257.6 -71.847888,-13.414168,3257.8 -71.847888,-13.414162,3258 -71.847887,-13.414157,3258 -71.847885,-13.414151,3258.2 -71.847883,-13.414148,3258.2 -71.847879,-13.414144,3258.4 -71.847877,-13.414137,3258.6 -71.847874,-13.414129,3258.8 -71.847870,-13.414123,3259 -71.847867,-13.414119,3259 -71.847867,-13.414112,3259.2 -71.847865,-13.414106,3259.2 -71.847865,-13.414100,3259.4 -71.847865,-13.414094,3259.6 -71.847865,-13.414088,3259.6 -71.847867,-13.414080,3259.8 -71.847867,-13.414074,3260 -71.847867,-13.414068,3260.2 -71.847865,-13.414062,3260.2 -71.847864,-13.414057,3260.2 -71.847863,-13.414049,3260.4 -71.847861,-13.414045,3260.6 -71.847861,-13.414040,3260.6 -71.847860,-13.414033,3260.8 -71.847859,-13.414028,3260.8 -71.847857,-13.414020,3261 -71.847854,-13.414011,3261.2 -71.847852,-13.414004,3261.2 -71.847851,-13.413993,3261.4 -71.847849,-13.413984,3261.4 -71.847847,-13.413978,3261.6 -71.847846,-13.413970,3261.6 -71.847844,-13.413962,3261.8 -71.847843,-13.413957,3262 -71.847842,-13.413950,3262 -71.847839,-13.413946,3262.2 -71.847836,-13.413943,3262.2 -71.847835,-13.413940,3262.4 -71.847833,-13.413935,3262.4 -71.847832,-13.413930,3262.6 -71.847831,-13.413922,3262.8 -71.847829,-13.413915,3263 -71.847829,-13.413911,3263.2 -71.847829,-13.413906,3263.4 -71.847828,-13.413902,3263.4 -71.847828,-13.413896,3263.6 -71.847828,-13.413888,3263.8 -71.847827,-13.413885,3264 -71.847827,-13.413881,3264.2 -71.847827,-13.413877,3264.2 -71.847828,-13.413873,3264.4 -71.847827,-13.413869,3264.6 -71.847827,-13.413866,3264.6 -71.847827,-13.413863,3264.8 -71.847827,-13.413860,3265 -71.847827,-13.413858,3265.2 -71.847826,-13.413856,3265.2 -71.847828,-13.413854,3265.4 -71.847830,-13.413853,3265.4 -71.847834,-13.413852,3265.2 -71.847839,-13.413852,3265.4 -71.847841,-13.413850,3265.4 -71.847838,-13.413845,3265.4 -71.847834,-13.413840,3265.6 -71.847829,-13.413836,3265.6 -71.847827,-13.413828,3265.6 -71.847825,-13.413819,3265.6 -71.847823,-13.413813,3265.8 -71.847822,-13.413807,3265.8 -71.847822,-13.413799,3265.8 -71.847823,-13.413793,3266 -71.847825,-13.413785,3266 -71.847827,-13.413779,3266 -71.847832,-13.413771,3266 -71.847835,-13.413763,3266.2 -71.847838,-13.413757,3266.2 -71.847840,-13.413749,3266.2 -71.847840,-13.413743,3266.2 -71.847840,-13.413737,3266.4 -71.847839,-13.413732,3266.4 -71.847836,-13.413724,3266.4 -71.847832,-13.413718,3266.4 -71.847831,-13.413714,3266.6 -71.847832,-13.413709,3266.6 -71.847830,-13.413706,3266.6 -71.847829,-13.413701,3266.6 -71.847828,-13.413698,3266.6 -71.847826,-13.413694,3266.6 -71.847825,-13.413690,3266.6 -71.847823,-13.413683,3266.6 -71.847821,-13.413674,3266.6 -71.847818,-13.413669,3266.6 -71.847816,-13.413661,3266.6 -71.847812,-13.413657,3266.6 -71.847811,-13.413652,3266.6 -71.847810,-13.413648,3266.6 -71.847808,-13.413640,3266.8 -71.847806,-13.413633,3266.8 -71.847805,-13.413628,3266.8 -71.847808,-13.413621,3266.8 -71.847808,-13.413618,3267 -71.847807,-13.413613,3267 -71.847805,-13.413609,3267.2 -71.847803,-13.413604,3267.2 -71.847803,-13.413599,3267.2 -71.847803,-13.413594,3267.2 -71.847801,-13.413589,3267.2 -71.847802,-13.413586,3267.2 -71.847802,-13.413581,3267.4 -71.847802,-13.413578,3267.4 -71.847804,-13.413574,3267.4 -71.847805,-13.413571,3267.4 -71.847804,-13.413569,3267.4 -71.847803,-13.413566,3267.6 -71.847803,-13.413563,3267.6 -71.847801,-13.413558,3267.6 -71.847802,-13.413555,3267.8 -71.847802,-13.413547,3267.8 -71.847802,-13.413541,3267.8 -71.847802,-13.413536,3267.8 -71.847801,-13.413530,3267.8 -71.847801,-13.413525,3268 -71.847803,-13.413519,3268 -71.847803,-13.413518,3268.2 -71.847800,-13.413520,3268.2 -71.847800,-13.413522,3268.2 -71.847799,-13.413524,3268.2 -71.847799,-13.413522,3268.2 -71.847800,-13.413522,3268.2 -71.847800,-13.413522,3268.2 -71.847800,-13.413522,3268.2 -71.847800,-13.413523,3268.2 -71.847799,-13.413523,3268.2 -71.847799,-13.413524,3268.4 -71.847799,-13.413525,3268.4 -71.847799,-13.413525,3268.4 -71.847799,-13.413526,3268.4 -71.847798,-13.413527,3268.4 -71.847797,-13.413528,3268.4 -71.847796,-13.413528,3268.4 -71.847795,-13.413529,3268.4 -71.847796,-13.413528,3268.4 -71.847794,-13.413525,3268.4 -71.847794,-13.413525,3268.4 -71.847793,-13.413522,3268.4 -71.847790,-13.413518,3268.4 -71.847788,-13.413514,3268.4 -71.847788,-13.413511,3268.4 -71.847786,-13.413506,3268.4 -71.847785,-13.413501,3268.4 -71.847782,-13.413495,3268.4 -71.847781,-13.413491,3268.4 -71.847782,-13.413486,3268.4 -71.847788,-13.413480,3268.4 -71.847788,-13.413476,3268.4 -71.847788,-13.413471,3268.6 -71.847788,-13.413466,3268.6 -71.847788,-13.413462,3268.6 -71.847788,-13.413457,3268.6 -71.847788,-13.413453,3268.6 -71.847788,-13.413448,3268.6 -71.847789,-13.413441,3268.6 -71.847789,-13.413435,3268.6 -71.847789,-13.413428,3268.6 -71.847789,-13.413422,3268.8 -71.847789,-13.413417,3268.8 -71.847788,-13.413411,3268.8 -71.847788,-13.413406,3268.8 -71.847787,-13.413400,3268.8 -71.847785,-13.413397,3268.8 -71.847787,-13.413392,3268.8 -71.847788,-13.413387,3268.8 -71.847787,-13.413382,3268.8 -71.847786,-13.413378,3268.8 -71.847788,-13.413373,3268.8 -71.847788,-13.413370,3268.8 -71.847787,-13.413366,3268.8 -71.847785,-13.413362,3269 -71.847786,-13.413358,3269 -71.847786,-13.413355,3269 -71.847786,-13.413353,3269 -71.847786,-13.413348,3269.2 -71.847787,-13.413345,3269.2 -71.847787,-13.413342,3269.2 -71.847786,-13.413341,3269.2 -71.847785,-13.413339,3269.2 -71.847785,-13.413336,3269.2 -71.847785,-13.413332,3269.4 -71.847782,-13.413327,3269.4 -71.847779,-13.413325,3269.4 -71.847778,-13.413322,3269.4 -71.847777,-13.413321,3269.4 -71.847777,-13.413317,3269.6 -71.847776,-13.413316,3269.6 -71.847776,-13.413314,3269.6 -71.847775,-13.413314,3269.6 -71.847774,-13.413312,3269.6 -71.847774,-13.413309,3269.6 -71.847777,-13.413300,3269.8 -71.847775,-13.413299,3269.8 -71.847774,-13.413295,3269.8 -71.847774,-13.413292,3270 -71.847773,-13.413288,3270 -71.847771,-13.413286,3270 -71.847772,-13.413284,3270 -71.847771,-13.413284,3270 -71.847772,-13.413282,3270 -71.847771,-13.413278,3270.2 -71.847769,-13.413276,3270.4 -71.847767,-13.413276,3270.4 -71.847765,-13.413275,3270.4 -71.847763,-13.413275,3270.4 -71.847761,-13.413274,3270.4 -71.847759,-13.413271,3270.4 -71.847758,-13.413265,3270.6 -71.847755,-13.413259,3270.6 -71.847752,-13.413256,3270.6 -71.847752,-13.413253,3270.8 -71.847750,-13.413251,3270.8 -71.847750,-13.413248,3270.8 -71.847749,-13.413246,3271 -71.847747,-13.413244,3271 -71.847748,-13.413242,3271 -71.847748,-13.413239,3271 -71.847750,-13.413236,3271 -71.847751,-13.413233,3271 -71.847750,-13.413233,3271 -71.847752,-13.413226,3271.2 -71.847753,-13.413221,3271.4 -71.847754,-13.413215,3271.4 -71.847755,-13.413211,3271.6 -71.847756,-13.413206,3271.6 -71.847756,-13.413200,3271.8 -71.847758,-13.413195,3272 -71.847761,-13.413187,3272 -71.847761,-13.413181,3272.2 -71.847763,-13.413174,3272.2 -71.847764,-13.413166,3272.4 -71.847768,-13.413158,3272.6 -71.847769,-13.413151,3272.6 -71.847770,-13.413147,3272.8 -71.847771,-13.413140,3273 -71.847771,-13.413135,3273 -71.847772,-13.413129,3273.2 -71.847773,-13.413123,3273.4 -71.847774,-13.413120,3273.4 -71.847776,-13.413116,3273.6 -71.847778,-13.413113,3273.8 -71.847777,-13.413109,3274 -71.847778,-13.413106,3274.2 -71.847777,-13.413102,3274.2 -71.847776,-13.413098,3274.4 -71.847775,-13.413095,3274.6 -71.847774,-13.413093,3274.8 -71.847775,-13.413091,3274.8 -71.847776,-13.413083,3274.8 -71.847775,-13.413079,3275 -71.847772,-13.413076,3275.2 -71.847769,-13.413071,3275.2 -71.847767,-13.413067,3275.4 -71.847766,-13.413064,3275.4 -71.847768,-13.413061,3275.6 -71.847766,-13.413058,3275.6 -71.847766,-13.413054,3275.8 -71.847764,-13.413050,3275.8 -71.847763,-13.413047,3276 -71.847762,-13.413044,3276 -71.847760,-13.413042,3276.2 -71.847761,-13.413038,3276.2 -71.847759,-13.413039,3276.2 -71.847760,-13.413036,3276.2 -71.847758,-13.413033,3276.4 -71.847757,-13.413029,3276.4 -71.847755,-13.413026,3276.6 -71.847753,-13.413023,3276.6 -71.847751,-13.413021,3276.6 -71.847748,-13.413018,3276.6 -71.847746,-13.413014,3276.8 -71.847744,-13.413011,3276.8 -71.847743,-13.413007,3277 -71.847742,-13.413003,3277 -71.847741,-13.413001,3277 -71.847741,-13.413000,3277.2 -71.847740,-13.412999,3277.2 -71.847740,-13.412999,3277.2 -71.847739,-13.412998,3277.2 -71.847739,-13.412997,3277.2 -71.847739,-13.412995,3277.2 -71.847739,-13.412995,3277.2 -71.847739,-13.412994,3277.2 -71.847739,-13.412993,3277.2 -71.847740,-13.412993,3277.2 -71.847742,-13.412992,3277.2 -71.847742,-13.412992,3277.4 -71.847740,-13.412989,3277.4 -71.847737,-13.412986,3277.4 -71.847736,-13.412982,3277.6 -71.847734,-13.412977,3277.6 -71.847730,-13.412975,3277.6 -71.847725,-13.412972,3277.6 -71.847722,-13.412968,3277.8 -71.847718,-13.412964,3277.8 -71.847716,-13.412958,3277.8 -71.847714,-13.412955,3278 -71.847713,-13.412950,3278 -71.847711,-13.412946,3278.2 -71.847708,-13.412943,3278.2 -71.847707,-13.412939,3278.4 -71.847703,-13.412937,3278.4 -71.847701,-13.412937,3278.6 -71.847701,-13.412935,3278.6 -71.847701,-13.412933,3278.8 -71.847699,-13.412930,3278.8 -71.847699,-13.412930,3278.8 -71.847698,-13.412928,3278.8 -71.847697,-13.412926,3278.8 -71.847695,-13.412924,3278.8 -71.847692,-13.412922,3279 -71.847688,-13.412922,3279 -71.847685,-13.412924,3279 -71.847680,-13.412926,3279 -71.847674,-13.412931,3279.2 -71.847670,-13.412934,3279.2 -71.847665,-13.412937,3279.2 -71.847662,-13.412941,3279.4 -71.847659,-13.412943,3279.4 -71.847657,-13.412943,3279.4 -71.847653,-13.412941,3279.4 -71.847648,-13.412938,3279.4 -71.847644,-13.412934,3279.6 -71.847640,-13.412930,3279.6 -71.847635,-13.412927,3279.6 -71.847627,-13.412926,3279.8 -71.847622,-13.412925,3279.8 -71.847617,-13.412923,3280 -71.847613,-13.412921,3280 -71.847607,-13.412917,3280.2 -71.847603,-13.412915,3280.2 -71.847599,-13.412912,3280.2 -71.847596,-13.412909,3280.4 -71.847591,-13.412907,3280.4 -71.847589,-13.412906,3280.6 -71.847587,-13.412905,3280.6 -71.847583,-13.412903,3280.6 -71.847580,-13.412900,3280.8 -71.847573,-13.412900,3280.8 -71.847571,-13.412898,3281 -71.847569,-13.412895,3281 -71.847567,-13.412892,3281.2 -71.847565,-13.412888,3281.2 -71.847562,-13.412885,3281.4 -71.847560,-13.412884,3281.6 -71.847558,-13.412880,3281.8 -71.847556,-13.412877,3281.8 -71.847554,-13.412873,3282 -71.847553,-13.412868,3282.2 -71.847553,-13.412861,3282.2 -71.847553,-13.412854,3282.4 -71.847554,-13.412848,3282.6 -71.847555,-13.412841,3282.8 -71.847556,-13.412837,3283 -71.847555,-13.412833,3283.2 -71.847552,-13.412828,3283.4 -71.847550,-13.412823,3283.6 -71.847547,-13.412818,3283.6 -71.847544,-13.412815,3283.8 -71.847542,-13.412811,3284 -71.847539,-13.412808,3284.2 -71.847538,-13.412803,3284.4 -71.847535,-13.412800,3284.6 -71.847533,-13.412797,3284.8 -71.847531,-13.412793,3284.8 -71.847528,-13.412790,3285 -71.847527,-13.412787,3285.2 -71.847525,-13.412786,3285.4 -71.847525,-13.412781,3285.6 -71.847524,-13.412779,3285.8 -71.847521,-13.412775,3285.8 -71.847518,-13.412771,3286.2 -71.847518,-13.412767,3286.4 -71.847515,-13.412764,3286.4 -71.847513,-13.412762,3286.6 -71.847511,-13.412758,3287 -71.847508,-13.412757,3287.2 -71.847507,-13.412755,3287.4 -71.847506,-13.412750,3287.4 -71.847504,-13.412743,3287.6 -71.847503,-13.412736,3287.8 -71.847500,-13.412731,3288 -71.847497,-13.412724,3288.2 -71.847494,-13.412718,3288.4 -71.847491,-13.412715,3288.4 -71.847487,-13.412716,3288.6 -71.847485,-13.412716,3288.8 -71.847485,-13.412716,3288.8 -71.847482,-13.412714,3289 -71.847476,-13.412711,3289 -71.847471,-13.412707,3289.2 -71.847469,-13.412705,3289.4 -71.847468,-13.412703,3289.4 -71.847468,-13.412702,3289.4 -71.847466,-13.412702,3289.4 -71.847467,-13.412701,3289.4 -71.847470,-13.412703,3289.6 -71.847474,-13.412704,3289.6 -71.847479,-13.412705,3289.6 -71.847484,-13.412706,3289.6 -71.847485,-13.412706,3289.8 -71.847486,-13.412706,3289.8 -71.847487,-13.412706,3289.8 -71.847487,-13.412706,3289.8 -71.847486,-13.412706,3289.8 -71.847486,-13.412707,3289.8 -71.847487,-13.412707,3289.8 -71.847487,-13.412707,3289.8 -71.847487,-13.412707,3289.8 -71.847487,-13.412708,3289.8 -71.847486,-13.412708,3289.8 -71.847487,-13.412709,3289.8 -71.847488,-13.412708,3289.8 -71.847488,-13.412706,3289.8 -71.847490,-13.412701,3289.8 -71.847491,-13.412697,3289.8 -71.847491,-13.412694,3290 -71.847492,-13.412692,3290 -71.847491,-13.412690,3290 -71.847491,-13.412690,3290.2 -71.847491,-13.412689,3290.2 -71.847491,-13.412689,3290.2 -71.847491,-13.412689,3290.2 -71.847492,-13.412689,3290.2 -71.847492,-13.412690,3290.2 -71.847491,-13.412691,3290.4 -71.847489,-13.412703,3290.2 -71.847486,-13.412710,3290.4 -71.847482,-13.412713,3290.4 -71.847479,-13.412716,3290.4 -71.847478,-13.412717,3290.4 -71.847477,-13.412717,3290.4 -71.847475,-13.412718,3290.4 -71.847474,-13.412719,3290.4 -71.847472,-13.412719,3290.4 -71.847471,-13.412720,3290.4 -71.847471,-13.412720,3290.6 -71.847469,-13.412721,3290.6 -71.847467,-13.412721,3290.6 -71.847466,-13.412721,3290.6 -71.847464,-13.412722,3290.6 -71.847464,-13.412722,3290.8 -71.847463,-13.412723,3290.8 -71.847462,-13.412723,3290.8 -71.847461,-13.412723,3290.8 -71.847460,-13.412724,3291 -71.847461,-13.412723,3290.8 -71.847460,-13.412724,3291 -71.847460,-13.412723,3291 -71.847460,-13.412723,3291 -71.847460,-13.412723,3291 -71.847460,-13.412723,3291 -71.847460,-13.412723,3291 -71.847460,-13.412723,3291 -71.847459,-13.412723,3291 -71.847458,-13.412724,3291 -71.847458,-13.412724,3291 -71.847458,-13.412724,3291 -71.847457,-13.412724,3291 -71.847456,-13.412723,3291 -71.847477,-13.412724,3290.8 -71.847480,-13.412723,3291 -71.847480,-13.412715,3291 -71.847479,-13.412707,3291 -71.847476,-13.412700,3291 -71.847473,-13.412699,3291 -71.847472,-13.412697,3291 -71.847472,-13.412696,3291.2 -71.847472,-13.412695,3291.2 -71.847472,-13.412694,3291.2 -71.847472,-13.412694,3291.4 -71.847472,-13.412694,3291.4 -71.847472,-13.412693,3291.4 -71.847471,-13.412691,3291.4 -71.847471,-13.412691,3291.4 -71.847472,-13.412690,3291.4 -71.847472,-13.412689,3291.4 -71.847472,-13.412689,3291.6 -71.847471,-13.412689,3291.6 -71.847472,-13.412689,3291.6 -71.847472,-13.412689,3291.8 -71.847473,-13.412689,3291.8 -71.847473,-13.412689,3291.8 -71.847473,-13.412689,3291.8 -71.847474,-13.412688,3292 -71.847475,-13.412688,3292 -71.847476,-13.412688,3292 -71.847475,-13.412688,3292 -71.847476,-13.412688,3292 -71.847476,-13.412688,3292 -71.847477,-13.412688,3292 -71.847478,-13.412688,3292 -71.847478,-13.412687,3292 -71.847479,-13.412687,3292 -71.847479,-13.412688,3292 -71.847478,-13.412689,3292 -71.847478,-13.412689,3292 -71.847480,-13.412688,3292 -71.847480,-13.412688,3292 -71.847480,-13.412687,3292 -71.847481,-13.412686,3292 -71.847480,-13.412686,3292 -71.847480,-13.412685,3292 -71.847480,-13.412684,3292 -71.847481,-13.412684,3292.2 -71.847481,-13.412685,3292.2 -71.847481,-13.412685,3292.2 -71.847483,-13.412686,3292.2 -71.847482,-13.412686,3292.2 -71.847483,-13.412687,3292.2 -71.847483,-13.412686,3292.4 -71.847484,-13.412687,3292.4 -71.847485,-13.412687,3292.4 -71.847484,-13.412687,3292.6 -71.847484,-13.412687,3292.6 -71.847483,-13.412687,3292.8 -71.847484,-13.412687,3293 -71.847483,-13.412687,3293 -71.847483,-13.412687,3293.2 -71.847484,-13.412686,3293.4 -71.847484,-13.412684,3293.6 -71.847484,-13.412683,3293.6 -71.847483,-13.412683,3293.8 -71.847484,-13.412682,3294 -71.847484,-13.412682,3294 -71.847484,-13.412681,3294 -71.847483,-13.412681,3294.2 -71.847484,-13.412681,3294 -71.847483,-13.412681,3294.2 -71.847483,-13.412681,3294.2 -71.847483,-13.412681,3294.2 -71.847482,-13.412681,3294.2 -71.847482,-13.412681,3294.2 -71.847483,-13.412681,3294.2 -71.847483,-13.412681,3294.2 -71.847483,-13.412681,3294.2 -71.847483,-13.412681,3294.2 -71.847483,-13.412681,3294.2 -71.847483,-13.412680,3294.2 -71.847483,-13.412680,3294.2 -71.847483,-13.412680,3294.2 -71.847483,-13.412680,3294.2 -71.847483,-13.412680,3294.2 -71.847482,-13.412680,3294.2 -71.847483,-13.412680,3294.2 -71.847482,-13.412680,3294.2 -71.847482,-13.412680,3294.2 -71.847482,-13.412680,3294.2 -71.847482,-13.412680,3294.2 -71.847482,-13.412680,3294.2 -71.847482,-13.412679,3294.2 -71.847482,-13.412679,3294.2 -71.847483,-13.412679,3294.4 -71.847483,-13.412680,3294.4 -71.847484,-13.412681,3294.4 -71.847484,-13.412681,3294.4 -71.847484,-13.412682,3294.4 -71.847484,-13.412682,3294.4 -71.847483,-13.412681,3294.4 -71.847481,-13.412681,3294.6 -71.847480,-13.412680,3294.6 -71.847480,-13.412680,3294.6 -71.847480,-13.412680,3294.8 -71.847480,-13.412679,3294.8 -71.847480,-13.412678,3294.8 -71.847480,-13.412677,3295 -71.847482,-13.412676,3295 -71.847482,-13.412675,3295 -71.847484,-13.412674,3295.2 -71.847485,-13.412674,3295.2 -71.847484,-13.412674,3295.2 -71.847484,-13.412674,3295.4 -71.847484,-13.412674,3295.2 -71.847484,-13.412674,3295.4 -71.847484,-13.412676,3295.6 -71.847486,-13.412674,3295.8 -71.847487,-13.412677,3296.2 -71.847488,-13.412679,3296.4 -71.847487,-13.412678,3296.4 -71.847486,-13.412678,3296.6 -71.847486,-13.412679,3296.8 -71.847485,-13.412680,3297 -71.847486,-13.412681,3297.2 -71.847487,-13.412681,3297.4 -71.847485,-13.412681,3297.2 -71.847485,-13.412681,3297.4 -71.847484,-13.412684,3298 -71.847484,-13.412685,3298 -71.847484,-13.412686,3298.4 -71.847484,-13.412687,3298.8 -71.847483,-13.412688,3298.8 -71.847483,-13.412689,3298.8 -71.847483,-13.412691,3299 -71.847482,-13.412692,3299 -71.847482,-13.412694,3299.2 -71.847482,-13.412696,3299.4 -71.847481,-13.412697,3299.8 -71.847480,-13.412699,3300 -71.847479,-13.412700,3300.4 -71.847478,-13.412701,3300.6 -71.847477,-13.412701,3301 -71.847476,-13.412701,3301.4 -71.847476,-13.412703,3301.8 -71.847477,-13.412703,3302 -71.847478,-13.412704,3302.2 -71.847480,-13.412705,3302.6 -71.847481,-13.412706,3302.8 -71.847482,-13.412707,3303 -71.847484,-13.412708,3303 -71.847486,-13.412709,3303 -71.847488,-13.412711,3303 -71.847489,-13.412712,3302.8 -71.847490,-13.412713,3302.8 -71.847491,-13.412714,3303 -71.847492,-13.412714,3303 -71.847492,-13.412713,3303 -71.847492,-13.412713,3303 -71.847492,-13.412712,3303 -71.847492,-13.412711,3302.8 -71.847491,-13.412711,3303 -71.847491,-13.412711,3303 -71.847489,-13.412710,3302.8 -71.847489,-13.412710,3303 -71.847488,-13.412711,3302.8 -71.847488,-13.412711,3302.8 -71.847488,-13.412711,3303 -71.847488,-13.412712,3303.2 -71.847488,-13.412712,3303.4 -71.847488,-13.412712,3303.6 -71.847489,-13.412712,3303.8 -71.847489,-13.412711,3304.2 -71.847489,-13.412711,3304.2 -71.847489,-13.412711,3304.2 -71.847490,-13.412710,3304.4 -71.847490,-13.412710,3304 -71.847490,-13.412709,3303.8 -71.847490,-13.412709,3303.8 -71.847490,-13.412709,3303.6 -71.847489,-13.412709,3303.4 -71.847488,-13.412709,3303.4 -71.847487,-13.412708,3303.4 -71.847487,-13.412708,3303.4 -71.847486,-13.412708,3303.4 -71.847485,-13.412708,3303.6 -71.847485,-13.412708,3303.8 -71.847485,-13.412708,3304 -71.847485,-13.412708,3304 -71.847485,-13.412709,3304.2 -71.847485,-13.412709,3304.2 -71.847485,-13.412708,3304.2 -71.847485,-13.412708,3304.2 -71.847486,-13.412708,3304 -71.847486,-13.412708,3304 -71.847488,-13.412708,3304 -71.847486,-13.412699,3303.6 -71.847485,-13.412698,3303 -71.847483,-13.412700,3302.6 -71.847482,-13.412701,3302.4 -71.847481,-13.412701,3302.2 -71.847480,-13.412702,3302.2 -71.847479,-13.412702,3302 -71.847479,-13.412702,3302 -71.847479,-13.412702,3302.2 -71.847479,-13.412702,3302.2 -71.847481,-13.412703,3302.2 -71.847480,-13.412704,3302.2 -71.847480,-13.412704,3302.2 -71.847480,-13.412704,3302.2 -71.847478,-13.412704,3302 -71.847479,-13.412704,3302 -71.847479,-13.412704,3302 -71.847479,-13.412703,3301.8 -71.847477,-13.412708,3301.8 -71.847475,-13.412714,3301.8 -71.847474,-13.412716,3301.8 -71.847474,-13.412715,3301.8 -71.847474,-13.412715,3301.8 -71.847473,-13.412715,3301.8 -71.847472,-13.412716,3301.8 -71.847471,-13.412717,3302 -71.847471,-13.412717,3302 -71.847471,-13.412718,3302 -71.847471,-13.412718,3302 -71.847470,-13.412718,3302 -71.847469,-13.412719,3302 -71.847468,-13.412719,3301.8 -71.847468,-13.412720,3301.8 -71.847468,-13.412720,3301.6 -71.847468,-13.412720,3301.4 -71.847467,-13.412720,3301.4 -71.847465,-13.412719,3301.2 -71.847464,-13.412719,3301.2 -71.847462,-13.412719,3301.2 -71.847460,-13.412718,3301 -71.847459,-13.412718,3300.8 -71.847458,-13.412717,3300.8 -71.847457,-13.412716,3300.6 -71.847456,-13.412715,3300.4 -71.847454,-13.412714,3300.4 -71.847453,-13.412713,3300.4 -71.847451,-13.412712,3300.2 -71.847449,-13.412712,3300.4 -71.847447,-13.412717,3300.2 -71.847448,-13.412724,3300.4 -71.847447,-13.412732,3300.8 -71.847447,-13.412744,3301 -71.847450,-13.412755,3301 -71.847452,-13.412764,3300.8 -71.847451,-13.412767,3300.6 -71.847452,-13.412767,3300.6 -71.847452,-13.412767,3300.6 -71.847452,-13.412767,3300.6 -71.847453,-13.412767,3300.6 -71.847454,-13.412768,3300.4 -71.847454,-13.412769,3300.4 -71.847454,-13.412769,3300.4 -71.847455,-13.412769,3300.4 -71.847456,-13.412770,3300.4 -71.847458,-13.412768,3300.6 -71.847460,-13.412768,3300.6 -71.847459,-13.412768,3300.6 -71.847459,-13.412770,3300.6 -71.847458,-13.412770,3300.6 -71.847458,-13.412770,3300.4 -71.847458,-13.412769,3300.4 -71.847459,-13.412769,3300.2 -71.847460,-13.412769,3300.2 -71.847461,-13.412770,3300 -71.847461,-13.412770,3300 -71.847461,-13.412771,3300 -71.847462,-13.412771,3300 -71.847462,-13.412771,3299.8 -71.847463,-13.412772,3299.8 -71.847463,-13.412772,3299.8 -71.847464,-13.412772,3299.8 -71.847464,-13.412772,3299.8 -71.847464,-13.412773,3299.8 -71.847465,-13.412774,3299.6 -71.847466,-13.412774,3299.6 -71.847466,-13.412775,3299.8 -71.847467,-13.412775,3299.8 -71.847468,-13.412776,3299.8 -71.847468,-13.412776,3299.8 -71.847469,-13.412777,3299.8 -71.847469,-13.412778,3300 -71.847469,-13.412778,3300.2 -71.847469,-13.412779,3300.2 -71.847469,-13.412780,3300.4 -71.847469,-13.412781,3300.4 -71.847469,-13.412782,3300.6 -71.847469,-13.412782,3300.6 -71.847469,-13.412783,3300.8 -71.847470,-13.412784,3300.8 -71.847471,-13.412784,3300.8 -71.847471,-13.412784,3300.8 -71.847473,-13.412783,3300.8 -71.847474,-13.412783,3300.8 -71.847476,-13.412782,3300.8 -71.847477,-13.412782,3300.8 -71.847477,-13.412781,3300.8 -71.847478,-13.412780,3300.8 -71.847478,-13.412779,3300.8 -71.847478,-13.412778,3300.8 -71.847477,-13.412777,3300.6 -71.847476,-13.412777,3300.6 -71.847476,-13.412777,3300.4 -71.847475,-13.412778,3300.4 -71.847475,-13.412778,3300.4 -71.847475,-13.412778,3300.4 -71.847475,-13.412778,3300.4 -71.847475,-13.412777,3300.4 -71.847475,-13.412777,3300.6 -71.847475,-13.412777,3300.8 -71.847476,-13.412777,3300.8 -71.847475,-13.412777,3301 -71.847475,-13.412777,3301 -71.847475,-13.412777,3301 -71.847475,-13.412777,3301 -71.847476,-13.412777,3300.8 -71.847476,-13.412776,3300.8 -71.847477,-13.412776,3300.8 -71.847477,-13.412775,3300.8 -71.847478,-13.412775,3300.8 -71.847479,-13.412774,3300.8 -71.847479,-13.412774,3300.8 -71.847480,-13.412773,3300.8 -71.847480,-13.412773,3300.8 -71.847481,-13.412772,3300.8 -71.847481,-13.412772,3300.6 -71.847481,-13.412772,3300.6 -71.847481,-13.412772,3300.4 -71.847481,-13.412772,3300.4 -71.847480,-13.412773,3300.2 -71.847480,-13.412773,3300 -71.847480,-13.412774,3300 -71.847481,-13.412774,3299.8 -71.847481,-13.412773,3299.8 -71.847481,-13.412773,3299.6 -71.847481,-13.412772,3299.4 -71.847481,-13.412772,3299.4 -71.847480,-13.412772,3299.4 -71.847480,-13.412772,3299.4 -71.847479,-13.412772,3299.4 -71.847480,-13.412773,3299.4 -71.847480,-13.412774,3299.4 -71.847479,-13.412774,3299.6 -71.847479,-13.412775,3299.6 -71.847479,-13.412776,3300 -71.847479,-13.412776,3300.2 -71.847479,-13.412777,3300.4 -71.847479,-13.412778,3300.6 -71.847479,-13.412778,3300.8 -71.847479,-13.412779,3301 -71.847479,-13.412779,3301 -71.847479,-13.412779,3301.2 -71.847480,-13.412779,3301.2 -71.847481,-13.412778,3301.2 -71.847481,-13.412778,3301.4 -71.847482,-13.412777,3301.4 -71.847482,-13.412776,3301.4 -71.847483,-13.412776,3301.4 -71.847483,-13.412775,3301.2 -71.847483,-13.412775,3301.2 -71.847483,-13.412774,3301 -71.847483,-13.412774,3301 -71.847483,-13.412773,3300.8 -71.847482,-13.412773,3300.6 -71.847482,-13.412773,3300.4 -71.847481,-13.412773,3300.4 -71.847481,-13.412774,3300.2 -71.847481,-13.412775,3300 -71.847480,-13.412776,3299.8 -71.847480,-13.412776,3299.8 -71.847479,-13.412777,3299.8 -71.847479,-13.412777,3299.8 -71.847478,-13.412778,3299.6 -71.847478,-13.412778,3299.6 -71.847477,-13.412779,3299.4 -71.847478,-13.412778,3299.2 -71.847478,-13.412778,3299 -71.847476,-13.412773,3298.8 -71.847474,-13.412768,3298.6 -71.847473,-13.412763,3298.6 -71.847472,-13.412755,3298.4 -71.847471,-13.412747,3298.6 -71.847472,-13.412738,3298.6 -71.847472,-13.412729,3298.6 -71.847473,-13.412725,3298.6 -71.847474,-13.412724,3298.6 -71.847475,-13.412722,3298.6 -71.847476,-13.412720,3298.8 -71.847478,-13.412718,3298.8 -71.847477,-13.412717,3298.8 -71.847475,-13.412714,3298.8 -71.847473,-13.412713,3298.8 -71.847473,-13.412712,3299 -71.847473,-13.412712,3299 -71.847474,-13.412712,3299 -71.847474,-13.412712,3299.2 -71.847475,-13.412712,3299.2 -71.847475,-13.412712,3299.4 -71.847474,-13.412712,3299.4 -71.847474,-13.412711,3299.6 -71.847474,-13.412711,3299.6 -71.847474,-13.412711,3299.6 -71.847474,-13.412710,3299.6 -71.847473,-13.412710,3299.6 -71.847473,-13.412710,3299.6 -71.847473,-13.412710,3299.6 -71.847473,-13.412710,3299.6 -71.847473,-13.412710,3299.6 -71.847473,-13.412710,3299.6 -71.847473,-13.412710,3299.6 -71.847472,-13.412710,3299.6 -71.847471,-13.412709,3299.6 -71.847472,-13.412709,3299.6 -71.847472,-13.412710,3299.6 -71.847474,-13.412711,3299.6 -71.847475,-13.412713,3299.6 -71.847476,-13.412715,3299.6 -71.847476,-13.412715,3299.6 -71.847477,-13.412715,3299.6 -71.847478,-13.412715,3299.6 -71.847478,-13.412715,3299.6 -71.847479,-13.412715,3299.6 -71.847479,-13.412715,3299.6 -71.847479,-13.412714,3299.6 -71.847478,-13.412714,3299.6 -71.847478,-13.412714,3299.8 -71.847479,-13.412715,3299.8 -71.847478,-13.412714,3299.8 -71.847478,-13.412715,3299.8 -71.847479,-13.412715,3299.8 -71.847478,-13.412715,3299.8 -71.847478,-13.412714,3299.8 -71.847478,-13.412713,3299.8 -71.847477,-13.412713,3299.8 -71.847476,-13.412712,3299.8 -71.847475,-13.412711,3299.8 -71.847475,-13.412710,3299.6 -71.847475,-13.412710,3299.6 -71.847475,-13.412710,3299.6 -71.847476,-13.412711,3299.6 -71.847477,-13.412712,3299.6 -71.847477,-13.412713,3299.8 -71.847478,-13.412713,3299.8 -71.847478,-13.412714,3299.8 -71.847478,-13.412714,3299.8 -71.847478,-13.412714,3299.8 -71.847478,-13.412713,3299.8 -71.847477,-13.412713,3299.8 -71.847477,-13.412713,3299.6 -71.847477,-13.412715,3299.8 -71.847476,-13.412715,3299.6 -71.847475,-13.412716,3299.6 -71.847474,-13.412716,3299.6 -71.847473,-13.412716,3299.6 -71.847473,-13.412717,3299.6 -71.847473,-13.412716,3299.6 -71.847472,-13.412717,3299.6 -71.847472,-13.412717,3299.6 -71.847472,-13.412717,3299.6 -71.847472,-13.412717,3299.6 -71.847472,-13.412717,3299.6 -71.847472,-13.412716,3299.6 -71.847472,-13.412716,3299.6 -71.847472,-13.412716,3299.6 -71.847471,-13.412716,3299.6 -71.847472,-13.412716,3299.6 -71.847472,-13.412716,3299.6 -71.847472,-13.412716,3299.6 -71.847472,-13.412716,3299.6 -71.847471,-13.412716,3299.6 -71.847471,-13.412716,3299.6 -71.847471,-13.412716,3299.6 -71.847470,-13.412716,3299.6 -71.847470,-13.412717,3299.6 -71.847470,-13.412717,3299.6 -71.847470,-13.412717,3299.6 -71.847471,-13.412718,3299.6 -71.847471,-13.412718,3299.6 -71.847471,-13.412719,3299.6 -71.847471,-13.412720,3299.6 -71.847471,-13.412720,3299.6 -71.847472,-13.412721,3299.8 -71.847472,-13.412721,3299.8 -71.847472,-13.412721,3299.8 -71.847472,-13.412720,3299.8 -71.847473,-13.412720,3299.8 -71.847473,-13.412719,3300 -71.847473,-13.412719,3299.8 -71.847474,-13.412718,3299.8 -71.847474,-13.412717,3299.8 -71.847474,-13.412716,3299.8 -71.847474,-13.412715,3299.8 -71.847474,-13.412715,3299.8 -71.847474,-13.412715,3300 -71.847475,-13.412715,3300 -71.847476,-13.412716,3299.8 -71.847476,-13.412716,3300 -71.847477,-13.412716,3300 -71.847477,-13.412717,3300 -71.847479,-13.412719,3300.2 -71.847479,-13.412719,3300.2 -71.847479,-13.412720,3300.2 -71.847481,-13.412722,3300.2 -71.847482,-13.412722,3300.4 -71.847481,-13.412722,3300.4 -71.847480,-13.412721,3300.4 -71.847479,-13.412720,3300.4 -71.847479,-13.412719,3300.6 -71.847478,-13.412718,3300.6 -71.847477,-13.412717,3300.6 -71.847477,-13.412716,3300.6 -71.847477,-13.412716,3300.6 -71.847477,-13.412716,3300.6 -71.847476,-13.412716,3300.8 -71.847476,-13.412716,3300.8 -71.847475,-13.412716,3300.8 -71.847475,-13.412716,3300.6 -71.847475,-13.412717,3300.8 -71.847475,-13.412716,3300.8 -71.847476,-13.412716,3300.8 -71.847476,-13.412716,3300.8 -71.847476,-13.412715,3300.8 -71.847476,-13.412716,3300.8 -71.847476,-13.412715,3301 -71.847475,-13.412715,3301.2 -71.847475,-13.412715,3301.2 -71.847475,-13.412715,3301.4 -71.847475,-13.412713,3301.4 -71.847474,-13.412712,3301.2 -71.847475,-13.412712,3301.2 -71.847475,-13.412711,3301 -71.847475,-13.412711,3301 -71.847476,-13.412710,3301.2 -71.847477,-13.412710,3301.2 -71.847476,-13.412711,3301.2 -71.847476,-13.412711,3301.4 -71.847477,-13.412711,3301.4 -71.847478,-13.412711,3301.4 -71.847478,-13.412712,3301.4 -71.847478,-13.412713,3301.6 -71.847478,-13.412714,3301.6 -71.847479,-13.412714,3301.6 -71.847480,-13.412714,3301.6 -71.847479,-13.412714,3301.8 -71.847478,-13.412714,3302.2 -71.847478,-13.412714,3302.2 -71.847478,-13.412713,3302.2 -71.847478,-13.412714,3302.2 -71.847481,-13.412715,3302.4 -71.847481,-13.412716,3302.2 -71.847479,-13.412716,3302 -71.847481,-13.412717,3302.2 -71.847481,-13.412716,3302.2 -71.847481,-13.412717,3302.2 -71.847481,-13.412717,3302.2 -71.847482,-13.412717,3302.2 -71.847482,-13.412717,3302.2 -71.847483,-13.412717,3302.2 -71.847483,-13.412717,3302.2 -71.847483,-13.412716,3302.2 -71.847477,-13.412715,3302.2 -71.847483,-13.412716,3302.2 -71.847481,-13.412716,3302.2 -71.847481,-13.412716,3302.2 -71.847480,-13.412715,3302.2 -71.847480,-13.412714,3302.2 -71.847479,-13.412714,3302.2 -71.847479,-13.412714,3302.2 -71.847479,-13.412714,3302.2 -71.847478,-13.412715,3302 -71.847477,-13.412714,3302 -71.847477,-13.412715,3302 -71.847476,-13.412716,3302.2 -71.847476,-13.412716,3302.2 -71.847476,-13.412716,3302.2 -71.847476,-13.412715,3302.2 -71.847478,-13.412715,3302.2 -71.847479,-13.412714,3302.2 -71.847478,-13.412713,3302.2 -71.847476,-13.412712,3302.2 -71.847475,-13.412711,3302.2 -71.847475,-13.412711,3302.2 -71.847475,-13.412710,3302.2 -71.847473,-13.412712,3302.2 -71.847473,-13.412710,3302.2 -71.847473,-13.412710,3302.2 -71.847473,-13.412710,3302.2 -71.847475,-13.412712,3302.2 -71.847477,-13.412713,3302.2 -71.847484,-13.412709,3302.2 -71.847489,-13.412705,3302.2 -71.847492,-13.412703,3302.2 -71.847493,-13.412702,3302 -71.847494,-13.412701,3302 -71.847493,-13.412700,3302 -71.847493,-13.412700,3302 -71.847491,-13.412700,3302 -71.847489,-13.412699,3302 -71.847491,-13.412699,3302 -71.847490,-13.412699,3302 -71.847490,-13.412699,3302 -71.847490,-13.412699,3302 -71.847489,-13.412699,3302 -71.847489,-13.412699,3302 -71.847489,-13.412699,3302 -71.847489,-13.412699,3302 -71.847488,-13.412699,3302 -71.847488,-13.412699,3302 -71.847488,-13.412699,3302 -71.847488,-13.412699,3302 -71.847487,-13.412699,3301.8 -71.847487,-13.412699,3301.8 -71.847483,-13.412701,3301.8 -71.847480,-13.412701,3302 -71.847478,-13.412701,3302 -71.847477,-13.412702,3302 -71.847478,-13.412702,3301.8 -71.847478,-13.412702,3301.8 -71.847478,-13.412702,3301.8 -71.847478,-13.412703,3302 -71.847478,-13.412702,3302 -71.847478,-13.412701,3302 -71.847479,-13.412700,3302 -71.847479,-13.412699,3301.8 -71.847479,-13.412698,3302 -71.847479,-13.412698,3302 -71.847480,-13.412697,3302 -71.847480,-13.412697,3302 -71.847481,-13.412697,3302 -71.847481,-13.412697,3302 -71.847482,-13.412696,3302 -71.847482,-13.412695,3302 -71.847482,-13.412695,3302 -71.847483,-13.412695,3302 -71.847483,-13.412695,3302 -71.847483,-13.412694,3302 -71.847483,-13.412693,3302.2 -71.847483,-13.412693,3302.2 -71.847483,-13.412691,3302.2 -71.847483,-13.412690,3302.2 -71.847483,-13.412687,3302.2 -71.847483,-13.412685,3302.2 -71.847482,-13.412685,3302.2 -71.847482,-13.412684,3302.2 -71.847481,-13.412684,3302.4 -71.847480,-13.412684,3302.4 -71.847480,-13.412683,3302.4 -71.847481,-13.412682,3302.6 -71.847481,-13.412681,3302.6 -71.847481,-13.412681,3302.6 -71.847480,-13.412680,3302.6 -71.847480,-13.412681,3302.6 -71.847481,-13.412681,3302.6 -71.847481,-13.412681,3302.6 -71.847481,-13.412681,3302.6 -71.847481,-13.412681,3302.6 -71.847480,-13.412681,3302.6 -71.847481,-13.412680,3302.8 -71.847482,-13.412680,3303.2 -71.847483,-13.412679,3303.4 -71.847483,-13.412679,3303.4 -71.847484,-13.412679,3303.2 -71.847485,-13.412679,3303.2 -71.847485,-13.412678,3303.2 -71.847485,-13.412677,3303.2 -71.847486,-13.412677,3303 -71.847487,-13.412675,3303 -71.847487,-13.412675,3303.2 -71.847488,-13.412674,3303.2 -71.847487,-13.412674,3303.2 -71.847487,-13.412674,3303.4 -71.847487,-13.412674,3303.2 -71.847487,-13.412674,3303.4 -71.847487,-13.412673,3303.4 -71.847487,-13.412673,3303.4 -71.847486,-13.412673,3303.4 -71.847486,-13.412673,3303.4 -71.847486,-13.412674,3303.4 -71.847486,-13.412674,3303.4 -71.847486,-13.412675,3303.4 -71.847486,-13.412676,3303.2 -71.847486,-13.412676,3303.2 -71.847486,-13.412676,3303 -71.847486,-13.412677,3303 -71.847485,-13.412677,3303 -71.847486,-13.412677,3302.8 -71.847485,-13.412678,3302.8 -71.847486,-13.412678,3303 -71.847486,-13.412678,3302.6 -71.847485,-13.412678,3302.4 -71.847485,-13.412678,3302.2 -71.847485,-13.412678,3302.2 -71.847485,-13.412677,3301.8 -71.847486,-13.412677,3301.8 -71.847486,-13.412677,3301.8 -71.847487,-13.412676,3301.6 -71.847487,-13.412677,3301.6 -71.847489,-13.412677,3301.4 -71.847489,-13.412677,3301.2 -71.847490,-13.412677,3301 -71.847490,-13.412678,3300.8 -71.847490,-13.412678,3300.8 -71.847491,-13.412678,3300.6 -71.847491,-13.412678,3300.6 -71.847491,-13.412678,3300.6 -71.847491,-13.412678,3300.6 -71.847491,-13.412678,3300.6 -71.847491,-13.412678,3300.6 -71.847491,-13.412679,3300.6 -71.847491,-13.412679,3300.6 -71.847491,-13.412679,3300.6 -71.847490,-13.412679,3300.6 -71.847490,-13.412679,3300.6 -71.847489,-13.412679,3300.6 -71.847489,-13.412679,3300.6 -71.847489,-13.412679,3300.6 -71.847492,-13.412681,3300.6 -71.847493,-13.412680,3300.6 -71.847493,-13.412681,3300.6 -71.847491,-13.412683,3300.6 -71.847492,-13.412684,3300.6 -71.847494,-13.412681,3300.6 -71.847491,-13.412671,3300.6 -71.847491,-13.412667,3300.6 -71.847490,-13.412662,3300.6 -71.847490,-13.412654,3300.6 -71.847491,-13.412645,3300.6 -71.847492,-13.412639,3300.6 -71.847493,-13.412634,3300.6 -71.847496,-13.412627,3300.6 -71.847498,-13.412623,3300.6 -71.847500,-13.412618,3300.6 -71.847502,-13.412611,3300.6 -71.847504,-13.412606,3300.6 -71.847508,-13.412601,3300.6 -71.847510,-13.412595,3300.6 -71.847514,-13.412592,3300.6 -71.847516,-13.412588,3300.6 -71.847517,-13.412584,3300.6 -71.847518,-13.412579,3300.6 -71.847519,-13.412572,3300.8 -71.847518,-13.412567,3300.8 -71.847519,-13.412561,3300.8 -71.847521,-13.412553,3300.8 -71.847522,-13.412547,3300.8 -71.847523,-13.412541,3300.8 -71.847522,-13.412534,3300.8 -71.847521,-13.412528,3300.8 -71.847522,-13.412522,3301 -71.847521,-13.412518,3301 -71.847522,-13.412515,3301 -71.847523,-13.412512,3301 -71.847523,-13.412509,3301 -71.847523,-13.412501,3301.2 -71.847524,-13.412493,3301.2 -71.847525,-13.412488,3301.2 -71.847525,-13.412484,3301.2 -71.847524,-13.412480,3301.4 -71.847525,-13.412475,3301.4 -71.847526,-13.412469,3301.4 -71.847528,-13.412463,3301.6 -71.847529,-13.412459,3301.6 -71.847531,-13.412455,3301.6 -71.847534,-13.412451,3301.6 -71.847538,-13.412447,3301.8 -71.847544,-13.412442,3301.8 -71.847549,-13.412437,3301.8 -71.847551,-13.412434,3302 -71.847554,-13.412431,3302 -71.847558,-13.412430,3302 -71.847562,-13.412426,3302.2 -71.847564,-13.412424,3302.2 -71.847566,-13.412424,3302.2 -71.847567,-13.412424,3302.2 -71.847567,-13.412424,3302.2 -71.847568,-13.412423,3302.2 -71.847567,-13.412423,3302.4 -71.847567,-13.412423,3302.4 -71.847567,-13.412423,3302.4 -71.847567,-13.412423,3302.4 -71.847567,-13.412423,3302.4 -71.847567,-13.412423,3302.4 -71.847567,-13.412423,3302.4 -71.847568,-13.412423,3302.4 -71.847570,-13.412421,3302.4 -71.847572,-13.412419,3302.4 -71.847573,-13.412414,3302.4 -71.847573,-13.412412,3302.4 -71.847576,-13.412408,3302.6 -71.847576,-13.412405,3302.6 -71.847576,-13.412400,3302.6 -71.847575,-13.412397,3302.6 -71.847576,-13.412391,3302.6 -71.847574,-13.412388,3302.6 -71.847570,-13.412387,3302.8 -71.847569,-13.412386,3302.8 -71.847567,-13.412384,3302.8 -71.847566,-13.412382,3302.8 -71.847564,-13.412380,3302.8 -71.847562,-13.412378,3302.8 -71.847559,-13.412373,3302.8 -71.847557,-13.412369,3303 -71.847555,-13.412364,3303 -71.847554,-13.412361,3303 -71.847550,-13.412359,3303 -71.847548,-13.412357,3303 -71.847547,-13.412354,3303.2 -71.847547,-13.412351,3303.2 -71.847547,-13.412350,3303.2 -71.847549,-13.412343,3303.2 -71.847548,-13.412339,3303.2 -71.847549,-13.412335,3303.2 -71.847548,-13.412330,3303.2 -71.847546,-13.412325,3303.4 -71.847545,-13.412320,3303.4 -71.847545,-13.412315,3303.4 -71.847542,-13.412310,3303.4 -71.847542,-13.412305,3303.6 -71.847538,-13.412301,3303.6 -71.847534,-13.412299,3303.6 -71.847531,-13.412295,3303.8 -71.847528,-13.412292,3303.8 -71.847529,-13.412287,3304 -71.847528,-13.412284,3304 -71.847528,-13.412281,3304 -71.847526,-13.412278,3304.2 -71.847525,-13.412276,3304.2 -71.847525,-13.412275,3304.2 -71.847524,-13.412275,3304.2 -71.847523,-13.412273,3304.2 -71.847523,-13.412271,3304.2 -71.847523,-13.412269,3304.4 -71.847523,-13.412266,3304.4 -71.847523,-13.412263,3304.4 -71.847521,-13.412260,3304.4 -71.847520,-13.412257,3304.4 -71.847518,-13.412253,3304.6 -71.847518,-13.412249,3304.6 -71.847518,-13.412245,3304.6 -71.847517,-13.412243,3304.6 -71.847516,-13.412239,3304.8 -71.847514,-13.412235,3304.8 -71.847514,-13.412231,3304.8 -71.847514,-13.412228,3305 -71.847516,-13.412221,3305 -71.847517,-13.412214,3305 -71.847516,-13.412210,3305 -71.847516,-13.412205,3305.2 -71.847521,-13.412199,3305.2 -71.847521,-13.412194,3305.4 -71.847520,-13.412191,3305.4 -71.847520,-13.412189,3305.6 -71.847520,-13.412185,3305.6 -71.847519,-13.412182,3305.6 -71.847519,-13.412180,3305.6 -71.847517,-13.412176,3305.6 -71.847517,-13.412174,3305.8 -71.847517,-13.412171,3305.8 -71.847518,-13.412170,3305.8 -71.847520,-13.412167,3305.8 -71.847520,-13.412165,3305.8 -71.847522,-13.412162,3305.8 -71.847523,-13.412158,3305.8 -71.847523,-13.412155,3306 -71.847524,-13.412150,3306 -71.847524,-13.412147,3306 -71.847523,-13.412144,3306 -71.847523,-13.412139,3306.2 -71.847522,-13.412135,3306.2 -71.847522,-13.412131,3306.2 -71.847520,-13.412129,3306.2 -71.847519,-13.412126,3306.2 -71.847518,-13.412124,3306.4 -71.847518,-13.412123,3306.4 -71.847518,-13.412122,3306.4 -71.847518,-13.412118,3306.4 -71.847516,-13.412114,3306.6 -71.847516,-13.412111,3306.8 -71.847515,-13.412108,3307 -71.847515,-13.412106,3307.2 -71.847514,-13.412100,3307.2 -71.847513,-13.412096,3307.2 -71.847510,-13.412094,3307.4 -71.847511,-13.412089,3307.4 -71.847511,-13.412084,3307.6 -71.847509,-13.412080,3307.8 -71.847506,-13.412077,3307.8 -71.847505,-13.412072,3308 -71.847500,-13.412071,3308.2 -71.847497,-13.412068,3308.4 -71.847494,-13.412062,3308.6 -71.847490,-13.412059,3308.6 -71.847484,-13.412055,3308.8 -71.847480,-13.412052,3309 -71.847474,-13.412047,3309.2 -71.847468,-13.412044,3309.2 -71.847464,-13.412043,3309.4 -71.847460,-13.412041,3309.6 -71.847457,-13.412039,3309.8 -71.847455,-13.412038,3309.8 -71.847453,-13.412037,3309.8 -71.847449,-13.412035,3309.8 -71.847451,-13.412036,3310 -71.847448,-13.412036,3310 -71.847446,-13.412034,3310 -71.847445,-13.412033,3310 -71.847445,-13.412032,3310 -71.847444,-13.412032,3310 -71.847444,-13.412031,3310 -71.847444,-13.412031,3310 -71.847444,-13.412030,3310 -71.847444,-13.412030,3310 -71.847446,-13.412023,3310 -71.847446,-13.412019,3310.2 -71.847441,-13.412011,3310.2 -71.847440,-13.412002,3310.2 -71.847438,-13.411997,3310.2 -71.847441,-13.411993,3310.2 -71.847440,-13.411986,3310.2 -71.847439,-13.411980,3310.2 -71.847440,-13.411977,3310.4 -71.847440,-13.411976,3310.4 -71.847440,-13.411975,3310.4 -71.847440,-13.411972,3310.4 -71.847440,-13.411973,3310.4 -71.847440,-13.411970,3310.4 -71.847440,-13.411966,3310.4 -71.847440,-13.411963,3310.6 -71.847440,-13.411959,3310.6 -71.847441,-13.411954,3310.6 -71.847441,-13.411951,3310.8 -71.847443,-13.411947,3310.8 -71.847443,-13.411944,3311 -71.847445,-13.411940,3311 -71.847447,-13.411939,3311 -71.847449,-13.411937,3311.2 -71.847454,-13.411935,3311.2 -71.847456,-13.411933,3311.2 -71.847459,-13.411933,3311.4 -71.847463,-13.411932,3311.4 -71.847466,-13.411934,3311.6 -71.847471,-13.411934,3311.6 -71.847473,-13.411932,3311.8 -71.847477,-13.411930,3311.8 -71.847479,-13.411927,3312 -71.847482,-13.411925,3312 -71.847485,-13.411927,3312.2 -71.847485,-13.411928,3312.2 -71.847486,-13.411928,3312.2 -71.847486,-13.411928,3312.2 -71.847487,-13.411927,3312.2 -71.847487,-13.411928,3312.2 -71.847487,-13.411927,3312.2 -71.847491,-13.411925,3312.4 -71.847493,-13.411923,3312.4 -71.847497,-13.411920,3312.4 -71.847501,-13.411917,3312.6 -71.847506,-13.411916,3312.6 -71.847512,-13.411917,3312.6 -71.847516,-13.411917,3312.8 -71.847521,-13.411917,3313 -71.847523,-13.411921,3313 -71.847528,-13.411921,3313 -71.847532,-13.411922,3313.2 -71.847536,-13.411922,3313.2 -71.847539,-13.411923,3313.4 -71.847543,-13.411924,3313.4 -71.847546,-13.411925,3313.6 -71.847552,-13.411924,3313.6 -71.847555,-13.411924,3313.6 -71.847559,-13.411923,3313.8 -71.847562,-13.411923,3313.8 -71.847567,-13.411923,3314 -71.847569,-13.411923,3314 -71.847572,-13.411921,3314.2 -71.847576,-13.411919,3314.2 -71.847581,-13.411918,3314.2 -71.847585,-13.411918,3314.4 -71.847588,-13.411919,3314.4 -71.847592,-13.411921,3314.6 -71.847596,-13.411922,3314.6 -71.847599,-13.411923,3314.8 -71.847602,-13.411924,3314.8 -71.847606,-13.411924,3314.8 -71.847611,-13.411925,3314.8 -71.847611,-13.411925,3314.8 -71.847615,-13.411922,3315 -71.847619,-13.411921,3315 -71.847623,-13.411918,3315.2 -71.847627,-13.411918,3315.4 -71.847631,-13.411915,3315.4 -71.847636,-13.411913,3315.6 -71.847639,-13.411912,3315.6 -71.847643,-13.411911,3315.8 -71.847647,-13.411910,3316 -71.847650,-13.411911,3316 -71.847653,-13.411909,3316 -71.847656,-13.411907,3316.2 -71.847660,-13.411907,3316.2 -71.847662,-13.411908,3316.4 -71.847665,-13.411907,3316.4 -71.847671,-13.411905,3316.4 -71.847674,-13.411905,3316.6 -71.847678,-13.411904,3316.6 -71.847682,-13.411903,3316.8 -71.847686,-13.411901,3316.8 -71.847690,-13.411899,3317 -71.847693,-13.411897,3317 -71.847698,-13.411896,3317.2 -71.847702,-13.411895,3317.2 -71.847709,-13.411893,3317.4 -71.847714,-13.411891,3317.4 -71.847719,-13.411887,3317.6 -71.847724,-13.411886,3317.6 -71.847728,-13.411885,3317.8 -71.847734,-13.411882,3318 -71.847737,-13.411880,3318 -71.847742,-13.411878,3318.2 -71.847744,-13.411878,3318.4 -71.847749,-13.411874,3318.6 -71.847752,-13.411872,3318.6 -71.847756,-13.411871,3318.8 -71.847759,-13.411869,3319 -71.847763,-13.411867,3319 -71.847768,-13.411865,3319.2 -71.847773,-13.411864,3319.4 -71.847776,-13.411861,3319.4 -71.847779,-13.411862,3319.6 -71.847780,-13.411859,3319.8 -71.847781,-13.411857,3320 -71.847782,-13.411854,3320 -71.847782,-13.411852,3320 -71.847784,-13.411850,3320 -71.847783,-13.411850,3320 -71.847784,-13.411848,3320 -71.847783,-13.411849,3320 -71.847783,-13.411850,3320.2 -71.847783,-13.411850,3320.2 -71.847783,-13.411850,3320.2 -71.847783,-13.411849,3320.2 -71.847783,-13.411849,3320.2 -71.847783,-13.411848,3320.2 -71.847783,-13.411848,3320.2 -71.847783,-13.411849,3320.2 -71.847784,-13.411848,3320.2 -71.847783,-13.411848,3320.2 -71.847783,-13.411848,3320.2 -71.847783,-13.411847,3320.2 -71.847783,-13.411846,3320.2 -71.847781,-13.411845,3320.2 -71.847779,-13.411844,3320.4 -71.847774,-13.411841,3320.4 -71.847770,-13.411841,3320.4 -71.847765,-13.411839,3320.6 -71.847760,-13.411838,3320.6 -71.847756,-13.411835,3320.6 -71.847754,-13.411832,3320.8 -71.847751,-13.411831,3320.8 -71.847747,-13.411829,3321 -71.847742,-13.411828,3321 -71.847737,-13.411824,3321.2 -71.847734,-13.411823,3321.2 -71.847731,-13.411820,3321.2 -71.847727,-13.411818,3321.4 -71.847725,-13.411816,3321.4 -71.847723,-13.411813,3321.4 -71.847724,-13.411815,3321.6 -71.847722,-13.411812,3321.6 -71.847726,-13.411808,3321.6 -71.847728,-13.411805,3321.6 -71.847732,-13.411802,3321.8 -71.847734,-13.411801,3322 -71.847738,-13.411800,3322 -71.847742,-13.411800,3322 -71.847746,-13.411800,3322.2 -71.847751,-13.411797,3322.2 -71.847757,-13.411797,3322.4 -71.847763,-13.411798,3322.4 -71.847766,-13.411797,3322.6 -71.847770,-13.411793,3322.8 -71.847773,-13.411793,3322.8 -71.847775,-13.411792,3323 -71.847775,-13.411792,3323 -71.847775,-13.411792,3323 -71.847775,-13.411791,3323 -71.847775,-13.411791,3323 -71.847775,-13.411791,3323 -71.847775,-13.411791,3323 -71.847775,-13.411791,3323.2 -71.847775,-13.411791,3323.2 -71.847775,-13.411791,3323.2 -71.847775,-13.411790,3323.2 -71.847775,-13.411791,3323.2 -71.847775,-13.411790,3323.2 -71.847775,-13.411792,3323.2 -71.847775,-13.411792,3323.2 -71.847775,-13.411793,3323.2 -71.847775,-13.411793,3323.2 -71.847778,-13.411792,3323.2 -71.847786,-13.411793,3323.2 -71.847790,-13.411793,3323.4 -71.847797,-13.411793,3323.6 -71.847802,-13.411791,3323.6 -71.847804,-13.411792,3323.8 -71.847809,-13.411791,3323.8 -71.847813,-13.411792,3323.8 -71.847816,-13.411791,3324 -71.847819,-13.411792,3324.2 -71.847821,-13.411793,3324.2 -71.847822,-13.411793,3324.2 -71.847827,-13.411789,3324.2 -71.847826,-13.411792,3324.2 -71.847828,-13.411788,3324.2 -71.847828,-13.411786,3324.4 -71.847830,-13.411783,3324.4 -71.847831,-13.411781,3324.6 -71.847833,-13.411779,3324.8 -71.847834,-13.411776,3325 -71.847836,-13.411774,3325.2 -71.847837,-13.411771,3325.2 -71.847837,-13.411767,3325 -71.847838,-13.411764,3325.2 -71.847833,-13.411763,3325.2 -71.847829,-13.411762,3325.4 -71.847825,-13.411760,3325.6 -71.847819,-13.411757,3325.6 -71.847815,-13.411754,3325.8 -71.847812,-13.411752,3325.8 -71.847807,-13.411749,3326 -71.847804,-13.411743,3326 -71.847802,-13.411740,3326.2 -71.847802,-13.411735,3326.4 -71.847796,-13.411733,3326.4 -71.847791,-13.411729,3326.6 -71.847787,-13.411726,3326.6 -71.847784,-13.411724,3326.8 -71.847780,-13.411720,3326.8 -71.847777,-13.411719,3327 -71.847774,-13.411714,3327 -71.847771,-13.411710,3327.2 -71.847767,-13.411706,3327.2 -71.847762,-13.411703,3327.2 -71.847759,-13.411700,3327.4 -71.847755,-13.411697,3327.4 -71.847751,-13.411694,3327.6 -71.847746,-13.411692,3327.8 -71.847744,-13.411689,3327.8 -71.847741,-13.411684,3327.8 -71.847737,-13.411681,3328 -71.847734,-13.411677,3328 -71.847728,-13.411673,3328.2 -71.847724,-13.411669,3328.2 -71.847720,-13.411666,3328.4 -71.847714,-13.411661,3328.4 -71.847709,-13.411656,3328.6 -71.847705,-13.411652,3328.6 -71.847699,-13.411647,3328.8 -71.847693,-13.411643,3328.8 -71.847690,-13.411640,3329 -71.847683,-13.411637,3329 -71.847679,-13.411633,3329.2 -71.847675,-13.411630,3329.2 -71.847672,-13.411627,3329.4 -71.847668,-13.411625,3329.4 -71.847664,-13.411623,3329.4 -71.847661,-13.411620,3329.6 -71.847655,-13.411618,3329.6 -71.847650,-13.411617,3329.8 -71.847644,-13.411617,3329.8 -71.847638,-13.411615,3330 -71.847635,-13.411614,3330 -71.847630,-13.411613,3330.2 -71.847626,-13.411609,3330.2 -71.847621,-13.411607,3330.4 -71.847616,-13.411606,3330.4 -71.847612,-13.411605,3330.6 -71.847609,-13.411605,3330.6 -71.847605,-13.411603,3330.6 -71.847602,-13.411603,3330.8 -71.847597,-13.411601,3330.8 -71.847592,-13.411600,3330.8 -71.847589,-13.411595,3331 -71.847584,-13.411592,3331 -71.847581,-13.411590,3331.2 -71.847575,-13.411587,3331.2 -71.847573,-13.411585,3331.4 -71.847571,-13.411584,3331.4 -71.847569,-13.411583,3331.4 -71.847566,-13.411582,3331.6 -71.847563,-13.411579,3331.6 -71.847559,-13.411577,3331.6 -71.847559,-13.411578,3331.6 -71.847557,-13.411577,3331.6 -71.847556,-13.411574,3331.6 -71.847553,-13.411571,3331.6 -71.847551,-13.411567,3331.6 -71.847550,-13.411566,3331.6 -71.847547,-13.411566,3331.6 -71.847544,-13.411564,3331.6 -71.847540,-13.411561,3331.6 -71.847537,-13.411560,3331.8 -71.847532,-13.411559,3331.8 -71.847527,-13.411558,3331.8 -71.847525,-13.411557,3331.8 -71.847523,-13.411554,3331.8 -71.847522,-13.411553,3331.8 -71.847520,-13.411551,3331.8 -71.847520,-13.411551,3331.8 -71.847518,-13.411549,3331.8 -71.847517,-13.411548,3331.8 -71.847515,-13.411547,3331.8 -71.847512,-13.411545,3331.8 -71.847508,-13.411542,3331.8 -71.847504,-13.411538,3332 -71.847501,-13.411536,3332 -71.847498,-13.411534,3332 -71.847494,-13.411530,3332 -71.847489,-13.411527,3332 -71.847485,-13.411525,3332.2 -71.847482,-13.411523,3332.2 -71.847479,-13.411521,3332.2 -71.847475,-13.411516,3332.2 -71.847472,-13.411513,3332.2 -71.847470,-13.411511,3332.4 -71.847465,-13.411508,3332.4 -71.847462,-13.411505,3332.4 -71.847459,-13.411501,3332.4 -71.847455,-13.411499,3332.4 -71.847450,-13.411491,3332.6 -71.847446,-13.411489,3332.6 -71.847445,-13.411488,3332.6 -71.847444,-13.411488,3332.6 -71.847443,-13.411487,3332.6 -71.847443,-13.411487,3332.6 -71.847443,-13.411487,3332.6 -71.847441,-13.411485,3332.8 -71.847442,-13.411484,3332.6 -71.847441,-13.411485,3332.6 -71.847440,-13.411484,3332.6 -71.847438,-13.411485,3332.6 -71.847434,-13.411483,3332.8 -71.847431,-13.411482,3332.8 -71.847428,-13.411482,3332.8 -71.847424,-13.411480,3332.8 -71.847418,-13.411478,3332.8 -71.847415,-13.411476,3332.8 -71.847412,-13.411476,3332.8 -71.847411,-13.411477,3332.8 -71.847411,-13.411478,3332.8 -71.847410,-13.411477,3332.8 -71.847410,-13.411478,3332.8 -71.847410,-13.411478,3332.8 -71.847410,-13.411478,3332.8 -71.847409,-13.411477,3332.8 -71.847407,-13.411477,3333 -71.847405,-13.411476,3333 -71.847404,-13.411475,3333 -71.847403,-13.411475,3333 -71.847403,-13.411475,3333 -71.847401,-13.411474,3333 -71.847400,-13.411474,3333 -71.847401,-13.411475,3333 -71.847401,-13.411476,3333 -71.847401,-13.411476,3333 -71.847401,-13.411476,3333 -71.847401,-13.411476,3333 -71.847400,-13.411477,3333.2 -71.847399,-13.411477,3333.2 -71.847398,-13.411477,3333.2 -71.847398,-13.411478,3333.2 -71.847398,-13.411478,3333.2 -71.847397,-13.411479,3333.2 -71.847397,-13.411479,3333.2 -71.847396,-13.411480,3333.2 -71.847396,-13.411481,3333.2 -71.847396,-13.411480,3333.2 -71.847396,-13.411480,3333.2 -71.847396,-13.411480,3333.2 -71.847396,-13.411480,3333.2 -71.847396,-13.411481,3333.2 -71.847396,-13.411481,3333.2 -71.847396,-13.411481,3333.2 -71.847396,-13.411481,3333.2 -71.847396,-13.411482,3333.2 -71.847396,-13.411482,3333.2 -71.847396,-13.411482,3333.2 -71.847396,-13.411482,3333.2 -71.847396,-13.411482,3333.2 -71.847396,-13.411482,3333.2 -71.847396,-13.411482,3333.2 -71.847396,-13.411482,3333.2 -71.847395,-13.411482,3333.2 -71.847395,-13.411482,3333.2 -71.847394,-13.411483,3333.2 -71.847393,-13.411483,3333.2 -71.847392,-13.411484,3333.2 -71.847391,-13.411485,3333.2 -71.847390,-13.411486,3333.2 -71.847391,-13.411485,3333.2 -71.847391,-13.411485,3333.2 -71.847391,-13.411485,3333.2 -71.847390,-13.411486,3333.2 -71.847391,-13.411486,3333.2 -71.847390,-13.411486,3333.2 -71.847390,-13.411486,3333.2 -71.847390,-13.411486,3333.2 -71.847389,-13.411487,3333.2 -71.847389,-13.411488,3333.2 -71.847389,-13.411487,3333.2 -71.847389,-13.411487,3333.2 -71.847389,-13.411487,3333.2 -71.847389,-13.411487,3333.2 -71.847389,-13.411487,3333.2 -71.847389,-13.411487,3333.2 -71.847389,-13.411487,3333.2 -71.847389,-13.411487,3333.2 -71.847389,-13.411487,3333.2 -71.847389,-13.411487,3333.2 -71.847389,-13.411487,3333.2 -71.847389,-13.411487,3333.2 -71.847389,-13.411487,3333.2 -71.847389,-13.411487,3333.2 -71.847389,-13.411487,3333.2 -71.847389,-13.411487,3333.2 -71.847389,-13.411487,3333.2 -71.847389,-13.411487,3333.2 -71.847389,-13.411487,3333.2 -71.847389,-13.411487,3333.2 -71.847389,-13.411487,3333.2 -71.847389,-13.411487,3333.2 -71.847389,-13.411487,3333.2 -71.847389,-13.411487,3333.2 -71.847389,-13.411487,3333.2 -71.847389,-13.411487,3333.2 -71.847389,-13.411487,3333.2 -71.847389,-13.411487,3333.2 -71.847394,-13.411483,3333.6 -71.847397,-13.411481,3333.6 -71.847403,-13.411480,3333.8 -71.847406,-13.411480,3334 -71.847410,-13.411480,3334.2 -71.847415,-13.411480,3334.2 -71.847418,-13.411479,3334.4 -71.847420,-13.411477,3334.6 -71.847421,-13.411476,3334.6 -71.847424,-13.411476,3334.6 -71.847426,-13.411476,3334.8 -71.847427,-13.411475,3334.8 -71.847431,-13.411474,3335 -71.847433,-13.411473,3335 -71.847436,-13.411470,3335.2 -71.847440,-13.411468,3335.2 -71.847443,-13.411466,3335.2 -71.847448,-13.411465,3335.4 -71.847452,-13.411463,3335.4 -71.847459,-13.411463,3335.4 -71.847466,-13.411462,3335.6 -71.847470,-13.411461,3335.8 -71.847475,-13.411462,3335.8 -71.847479,-13.411462,3336 -71.847485,-13.411464,3336.2 -71.847489,-13.411464,3336.2 -71.847494,-13.411463,3336.4 -71.847498,-13.411463,3336.4 -71.847503,-13.411464,3336.6 -71.847508,-13.411464,3336.8 -71.847511,-13.411464,3336.8 -71.847515,-13.411464,3337 -71.847520,-13.411463,3337.2 -71.847525,-13.411464,3337.4 -71.847529,-13.411463,3337.6 -71.847533,-13.411462,3337.6 -71.847537,-13.411460,3337.8 -71.847541,-13.411459,3338 -71.847545,-13.411458,3338.2 -71.847551,-13.411457,3338.4 -71.847556,-13.411458,3338.6 -71.847560,-13.411458,3338.8 -71.847565,-13.411458,3339.2 -71.847568,-13.411456,3339.4 -71.847571,-13.411455,3339.6 -71.847573,-13.411453,3339.8 -71.847580,-13.411452,3340.2 -71.847582,-13.411451,3340.4 -71.847587,-13.411450,3340.8 -71.847590,-13.411448,3341 -71.847594,-13.411448,3341.2 -71.847598,-13.411447,3341.6 -71.847603,-13.411445,3341.8 -71.847607,-13.411444,3342 -71.847611,-13.411443,3342.4 -71.847614,-13.411444,3342.6 -71.847618,-13.411443,3342.8 -71.847621,-13.411443,3343.2 -71.847624,-13.411442,3343.4 -71.847627,-13.411443,3343.8 -71.847632,-13.411442,3343.8 -71.847635,-13.411442,3344 -71.847639,-13.411440,3344 -71.847638,-13.411440,3344.2 -71.847641,-13.411439,3344.2 -71.847643,-13.411437,3344.4 -71.847646,-13.411437,3344.6 -71.847650,-13.411436,3344.6 -71.847653,-13.411435,3344.8 -71.847657,-13.411434,3344.8 -71.847661,-13.411432,3345 -71.847665,-13.411433,3345.2 -71.847669,-13.411434,3345.2 -71.847673,-13.411437,3345.4 -71.847678,-13.411438,3345.6 -71.847682,-13.411439,3345.6 -71.847688,-13.411437,3345.8 -71.847692,-13.411437,3346 -71.847695,-13.411435,3346 -71.847697,-13.411433,3346.2 -71.847702,-13.411431,3346.2 -71.847701,-13.411431,3346.2 -71.847704,-13.411429,3346.2 -71.847708,-13.411428,3346.4 -71.847712,-13.411428,3346.6 -71.847716,-13.411427,3346.8 -71.847719,-13.411425,3347 -71.847721,-13.411424,3347.2 -71.847723,-13.411421,3347.2 -71.847728,-13.411420,3347.4 -71.847734,-13.411420,3347.4 -71.847740,-13.411418,3347.6 -71.847746,-13.411419,3347.8 -71.847749,-13.411419,3348 -71.847753,-13.411418,3348 -71.847756,-13.411416,3348 -71.847761,-13.411412,3348.2 -71.847763,-13.411410,3348.4 -71.847768,-13.411409,3348.6 -71.847773,-13.411407,3348.6 -71.847776,-13.411406,3348.8 -71.847783,-13.411405,3349 -71.847786,-13.411404,3349.2 -71.847790,-13.411405,3349.2 -71.847794,-13.411404,3349.4 -71.847798,-13.411404,3349.6 -71.847802,-13.411401,3349.8 -71.847809,-13.411399,3349.8 -71.847812,-13.411398,3350 -71.847817,-13.411398,3350.2 -71.847818,-13.411397,3350.4 -71.847821,-13.411395,3350.6 -71.847824,-13.411394,3350.8 -71.847829,-13.411393,3350.8 -71.847832,-13.411390,3351 -71.847836,-13.411390,3351.2 -71.847839,-13.411389,3351.4 -71.847843,-13.411388,3351.6 -71.847844,-13.411388,3351.8 -71.847850,-13.411388,3351.8 -71.847855,-13.411387,3352 -71.847858,-13.411388,3352.2 -71.847859,-13.411386,3352.2 -71.847861,-13.411387,3352.2 -71.847863,-13.411387,3352.2 -71.847865,-13.411387,3352.2 -71.847868,-13.411388,3352.4 -71.847872,-13.411387,3352.4 -71.847875,-13.411386,3352.4 -71.847879,-13.411386,3352.4 -71.847883,-13.411386,3352.4 -71.847885,-13.411386,3352.6 -71.847888,-13.411384,3352.6 -71.847893,-13.411383,3352.8 -71.847898,-13.411383,3352.8 -71.847903,-13.411380,3353 -71.847904,-13.411378,3353.2 -71.847906,-13.411374,3353.4 -71.847907,-13.411373,3353.4 -71.847907,-13.411369,3353.4 -71.847908,-13.411371,3353.6 -71.847907,-13.411368,3353.6 -71.847906,-13.411365,3353.8 -71.847905,-13.411361,3354 -71.847905,-13.411359,3354 -71.847902,-13.411356,3354 -71.847898,-13.411354,3354.2 -71.847894,-13.411355,3354.2 -71.847891,-13.411355,3354.4 -71.847889,-13.411353,3354.4 -71.847887,-13.411350,3354.6 -71.847886,-13.411347,3354.6 -71.847884,-13.411344,3354.6 -71.847883,-13.411341,3354.6 -71.847882,-13.411342,3354.6 -71.847880,-13.411340,3354.6 -71.847879,-13.411340,3354.6 -71.847878,-13.411339,3354.6 -71.847877,-13.411337,3354.8 -71.847876,-13.411336,3354.6 -71.847875,-13.411335,3354.6 -71.847874,-13.411335,3354.6 -71.847873,-13.411333,3354.6 -71.847872,-13.411332,3354.8 -71.847870,-13.411330,3354.8 -71.847866,-13.411328,3354.8 -71.847865,-13.411327,3355 -71.847862,-13.411325,3355 -71.847860,-13.411323,3355 -71.847859,-13.411321,3355 -71.847857,-13.411318,3355 -71.847857,-13.411318,3355 -71.847855,-13.411317,3355 -71.847854,-13.411316,3355 -71.847852,-13.411316,3355 -71.847849,-13.411313,3355 -71.847844,-13.411311,3355.2 -71.847839,-13.411309,3355.2 -71.847834,-13.411308,3355.2 -71.847830,-13.411306,3355.2 -71.847830,-13.411304,3355.4 -71.847829,-13.411302,3355.4 -71.847827,-13.411299,3355.4 -71.847826,-13.411295,3355.4 -71.847826,-13.411295,3355.4 -71.847823,-13.411293,3355.6 -71.847820,-13.411289,3355.6 -71.847817,-13.411287,3355.8 -71.847812,-13.411284,3356 -71.847807,-13.411282,3356 -71.847804,-13.411279,3356.2 -71.847801,-13.411277,3356.2 -71.847798,-13.411275,3356.4 -71.847792,-13.411273,3356.6 -71.847788,-13.411271,3356.6 -71.847786,-13.411268,3356.8 -71.847783,-13.411266,3357 -71.847779,-13.411263,3357 -71.847775,-13.411260,3357.2 -71.847771,-13.411255,3357.4 -71.847767,-13.411252,3357.4 -71.847763,-13.411249,3357.6 -71.847760,-13.411248,3357.8 -71.847757,-13.411245,3358 -71.847752,-13.411243,3358.2 -71.847748,-13.411242,3358.2 -71.847742,-13.411241,3358.4 -71.847738,-13.411241,3358.6 -71.847733,-13.411241,3358.8 -71.847727,-13.411240,3358.8 -71.847724,-13.411239,3359 -71.847720,-13.411236,3359.2 -71.847717,-13.411235,3359.4 -71.847713,-13.411232,3359.4 -71.847708,-13.411229,3359.6 -71.847708,-13.411226,3359.8 -71.847704,-13.411223,3360 -71.847702,-13.411221,3360 -71.847697,-13.411220,3360.2 -71.847694,-13.411217,3360.4 -71.847691,-13.411214,3360.6 -71.847688,-13.411212,3360.8 -71.847685,-13.411209,3361 -71.847681,-13.411207,3361.2 -71.847677,-13.411207,3361.2 -71.847674,-13.411204,3361.6 -71.847670,-13.411202,3361.8 -71.847666,-13.411199,3362 -71.847663,-13.411198,3362.2 -71.847658,-13.411196,3362.4 -71.847655,-13.411195,3362.8 -71.847653,-13.411192,3363 -71.847651,-13.411191,3363.2 -71.847645,-13.411189,3363.6 -71.847641,-13.411188,3363.8 -71.847638,-13.411187,3364.2 -71.847634,-13.411185,3364.6 -71.847628,-13.411184,3365 -71.847623,-13.411182,3365.6 -71.847618,-13.411179,3366 -71.847614,-13.411177,3366.4 -71.847611,-13.411176,3366.6 -71.847608,-13.411174,3367 -71.847604,-13.411173,3367.4 -71.847599,-13.411171,3367.8 -71.847599,-13.411167,3368.2 -71.847594,-13.411161,3369 -71.847591,-13.411158,3369.4 -71.847589,-13.411155,3369.8 -71.847586,-13.411152,3370.4 -71.847582,-13.411149,3370.8 -71.847578,-13.411146,3371.2 -71.847576,-13.411142,3371.8 -71.847572,-13.411139,3372.2 -71.847568,-13.411137,3373 -71.847564,-13.411134,3373.6 -71.847560,-13.411132,3374.2 -71.847556,-13.411129,3374.6 -71.847551,-13.411126,3375.2 -71.847547,-13.411123,3375.8 -71.847543,-13.411121,3376 -71.847538,-13.411119,3376.6 -71.847536,-13.411118,3377.2 -71.847532,-13.411116,3377.6 -71.847530,-13.411115,3378 -71.847530,-13.411109,3377.2 -71.847528,-13.411107,3377.6 -71.847526,-13.411102,3377.2 -71.847522,-13.411101,3377.4 -71.847519,-13.411101,3377.6 -71.847513,-13.411098,3378 -71.847511,-13.411096,3378.2 -71.847509,-13.411093,3378.2 -71.847508,-13.411091,3378.2 -71.847507,-13.411091,3378.4 -71.847506,-13.411090,3378.4 -71.847506,-13.411090,3378.6 -71.847506,-13.411089,3378.6 -71.847506,-13.411090,3378.6 -71.847505,-13.411089,3378.6 -71.847504,-13.411088,3378.6 -71.847501,-13.411088,3378.6 -71.847497,-13.411088,3378.6 -71.847494,-13.411085,3378.6 -71.847490,-13.411084,3378.6 -71.847485,-13.411082,3378.6 -71.847478,-13.411079,3378.6 -71.847473,-13.411077,3378.8 -71.847469,-13.411077,3378.8 -71.847465,-13.411078,3378.8 -71.847459,-13.411076,3378.8 -71.847460,-13.411077,3378.8 -71.847456,-13.411077,3378.8 -71.847452,-13.411077,3378.8 -71.847446,-13.411077,3378.8 -71.847444,-13.411075,3378.8 -71.847439,-13.411075,3378.8 -71.847436,-13.411075,3378.8 -71.847431,-13.411074,3378.8 -71.847431,-13.411074,3378.8 -71.847429,-13.411073,3378.8 -71.847427,-13.411073,3378.8 -71.847423,-13.411072,3378.8 -71.847420,-13.411072,3378.6 -71.847416,-13.411070,3378.6 -71.847411,-13.411069,3378.6 -71.847407,-13.411069,3378.6 -71.847404,-13.411069,3378.6 -71.847400,-13.411068,3378.6 -71.847396,-13.411067,3378.6 -71.847396,-13.411067,3378.6 -71.847392,-13.411067,3378.6 -71.847391,-13.411067,3378.6 -71.847388,-13.411067,3378.6 -71.847386,-13.411067,3378.6 -71.847382,-13.411066,3378.6 -71.847380,-13.411065,3378.6 -71.847376,-13.411063,3378.6 -71.847370,-13.411060,3378.6 -71.847367,-13.411057,3378.8 -71.847362,-13.411055,3378.8 -71.847356,-13.411050,3378.8 -71.847351,-13.411048,3378.8 -71.847344,-13.411044,3378.8 -71.847340,-13.411040,3378.8 -71.847336,-13.411039,3379 -71.847332,-13.411037,3379 -71.847329,-13.411036,3379 -71.847327,-13.411035,3379 -71.847328,-13.411035,3379 -71.847327,-13.411035,3379 -71.847328,-13.411035,3379 -71.847327,-13.411035,3379 -71.847326,-13.411036,3379 -71.847325,-13.411036,3379 -71.847325,-13.411036,3379 -71.847326,-13.411036,3379 -71.847325,-13.411036,3379 -71.847326,-13.411036,3379 -71.847325,-13.411036,3379 -71.847326,-13.411036,3379 -71.847325,-13.411036,3379 -71.847326,-13.411036,3379 -71.847325,-13.411036,3379 -71.847326,-13.411036,3379 -71.847325,-13.411036,3379 -71.847326,-13.411037,3379 -71.847327,-13.411037,3379 -71.847327,-13.411037,3379 -71.847326,-13.411037,3379 -71.847327,-13.411037,3379 -71.847326,-13.411037,3379 -71.847327,-13.411037,3379 -71.847326,-13.411037,3379 -71.847327,-13.411037,3379 -71.847326,-13.411037,3379 -71.847325,-13.411038,3379 -71.847325,-13.411038,3379 -71.847325,-13.411038,3379 -71.847324,-13.411038,3379 -71.847319,-13.411037,3379.2 -71.847317,-13.411036,3379.2 -71.847315,-13.411035,3379.2 -71.847313,-13.411034,3379.2 -71.847311,-13.411032,3379.4 -71.847309,-13.411030,3379.4 -71.847305,-13.411028,3379.4 -71.847301,-13.411026,3379.4 -71.847298,-13.411023,3379.4 -71.847295,-13.411020,3379.6 -71.847293,-13.411018,3379.6 -71.847288,-13.411013,3379.6 -71.847289,-13.411014,3379.6 -71.847286,-13.411012,3379.6 -71.847284,-13.411011,3379.6 -71.847284,-13.411010,3379.6 -71.847284,-13.411009,3379.6 -71.847281,-13.411006,3379.6 -71.847279,-13.411005,3379.6 -71.847277,-13.411004,3379.6 -71.847275,-13.411003,3379.6 -71.847274,-13.411001,3379.8 -71.847272,-13.410999,3379.8 -71.847267,-13.410997,3379.8 -71.847261,-13.410995,3379.8 -71.847256,-13.410994,3379.8 -71.847252,-13.410993,3379.8 -71.847249,-13.410992,3380 -71.847246,-13.410990,3380 -71.847243,-13.410988,3380 -71.847238,-13.410983,3380 -71.847239,-13.410984,3380 -71.847237,-13.410982,3380.2 -71.847235,-13.410980,3380.2 -71.847234,-13.410979,3380.2 -71.847232,-13.410975,3380.4 -71.847232,-13.410976,3380.4 -71.847231,-13.410974,3380.4 -71.847230,-13.410972,3380.4 -71.847229,-13.410970,3380.4 -71.847229,-13.410970,3380.4 -71.847230,-13.410968,3380.6 -71.847233,-13.410966,3380.6 -71.847235,-13.410965,3380.6 -71.847238,-13.410967,3380.8 -71.847243,-13.410970,3380.8 -71.847246,-13.410970,3381 -71.847248,-13.410970,3381.2 -71.847250,-13.410970,3381.2 -71.847252,-13.410968,3381.4 -71.847253,-13.410966,3381.4 -71.847254,-13.410965,3381.6 -71.847255,-13.410964,3381.6 -71.847258,-13.410963,3381.8 -71.847261,-13.410963,3381.8 -71.847264,-13.410962,3382 -71.847269,-13.410961,3382.2 -71.847274,-13.410959,3382.4 -71.847278,-13.410958,3382.4 -71.847281,-13.410957,3382.6 -71.847284,-13.410956,3382.8 -71.847288,-13.410956,3383 -71.847292,-13.410956,3383.2 -71.847295,-13.410959,3383.4 -71.847300,-13.410956,3383.6 -71.847302,-13.410955,3383.8 -71.847305,-13.410954,3384.2 -71.847307,-13.410954,3384.4 -71.847311,-13.410953,3384.6 -71.847313,-13.410951,3384.8 -71.847316,-13.410951,3384.8 -71.847321,-13.410951,3385 -71.847325,-13.410950,3385.2 -71.847328,-13.410948,3385.6 -71.847331,-13.410949,3385.8 -71.847335,-13.410950,3386 -71.847338,-13.410949,3386.2 -71.847340,-13.410947,3386.6 -71.847342,-13.410945,3386.8 -71.847342,-13.410945,3386.8 -71.847343,-13.410947,3387 -71.847343,-13.410947,3387 -71.847344,-13.410947,3387 -71.847347,-13.410946,3387.2 -71.847352,-13.410944,3387.4 -71.847355,-13.410943,3387.6 -71.847358,-13.410942,3387.6 -71.847361,-13.410940,3387.6 -71.847365,-13.410941,3387.8 -71.847370,-13.410944,3388 -71.847372,-13.410943,3388.2 -71.847373,-13.410943,3388.2 -71.847373,-13.410943,3388.2 -71.847373,-13.410944,3388.2 -71.847373,-13.410944,3388.4 -71.847373,-13.410944,3388.4 -71.847373,-13.410944,3388.4 -71.847373,-13.410944,3388.4 -71.847373,-13.410944,3388.4 -71.847373,-13.410944,3388.4 -71.847373,-13.410944,3388.4 -71.847374,-13.410945,3388.4 -71.847374,-13.410945,3388.6 -71.847374,-13.410947,3388.6 -71.847374,-13.410945,3388.6 -71.847381,-13.410947,3388.8 -71.847383,-13.410945,3389 -71.847388,-13.410943,3389.4 -71.847392,-13.410941,3389.6 -71.847396,-13.410944,3389.8 -71.847399,-13.410946,3390 -71.847402,-13.410950,3390.4 -71.847406,-13.410953,3390.6 -71.847409,-13.410956,3390.8 -71.847413,-13.410959,3391 -71.847416,-13.410961,3391.2 -71.847418,-13.410964,3391.4 -71.847422,-13.410966,3391.8 -71.847423,-13.410967,3392 -71.847427,-13.410970,3392 -71.847429,-13.410971,3392.2 -71.847434,-13.410971,3392.4 -71.847435,-13.410971,3392.4 -71.847439,-13.410970,3392.6 -71.847444,-13.410971,3392.6 -71.847448,-13.410972,3392.6 -71.847452,-13.410974,3392.8 -71.847455,-13.410974,3392.8 -71.847458,-13.410975,3393 -71.847461,-13.410975,3393 -71.847466,-13.410975,3393 -71.847470,-13.410977,3393.2 -71.847474,-13.410977,3393.2 -71.847478,-13.410978,3393.4 -71.847480,-13.410981,3393.4 -71.847485,-13.410984,3393.4 -71.847487,-13.410986,3393.6 -71.847492,-13.410986,3393.8 -71.847497,-13.410983,3393.8 -71.847499,-13.410984,3394 -71.847501,-13.410982,3394 -71.847503,-13.410983,3394 -71.847503,-13.410983,3394.2 -71.847504,-13.410984,3394.2 -71.847505,-13.410984,3394.2 -71.847506,-13.410985,3394.2 -71.847510,-13.410983,3394.4 -71.847515,-13.410981,3394.6 -71.847518,-13.410979,3394.8 -71.847520,-13.410977,3394.8 -71.847522,-13.410973,3395 -71.847525,-13.410969,3395 -71.847530,-13.410968,3395.2 -71.847536,-13.410967,3395.4 -71.847542,-13.410966,3395.6 -71.847547,-13.410964,3395.8 -71.847552,-13.410962,3396 -71.847557,-13.410960,3396 -71.847562,-13.410959,3396.2 -71.847569,-13.410958,3396.4 -71.847577,-13.410956,3396.6 -71.847583,-13.410956,3396.8 -71.847591,-13.410954,3397 -71.847596,-13.410952,3397 -71.847603,-13.410948,3397.2 -71.847607,-13.410946,3397.4 -71.847613,-13.410948,3397.6 -71.847618,-13.410947,3397.8 -71.847624,-13.410944,3398 -71.847628,-13.410941,3398.2 -71.847630,-13.410941,3398.4 -71.847633,-13.410940,3398.4 -71.847635,-13.410942,3398.6 -71.847635,-13.410942,3398.6 -71.847636,-13.410942,3398.6 -71.847643,-13.410937,3398.8 -71.847646,-13.410934,3399 -71.847649,-13.410933,3399 -71.847653,-13.410931,3399.2 -71.847656,-13.410931,3399.4 -71.847661,-13.410928,3399.6 -71.847665,-13.410927,3399.8 -71.847668,-13.410924,3399.8 -71.847672,-13.410922,3400 -71.847676,-13.410922,3400.2 -71.847682,-13.410921,3400.4 -71.847688,-13.410920,3400.4 -71.847693,-13.410922,3400.6 -71.847698,-13.410923,3400.8 -71.847701,-13.410923,3401 -71.847707,-13.410927,3401.2 -71.847712,-13.410929,3401.4 -71.847717,-13.410931,3401.6 -71.847719,-13.410933,3401.8 -71.847720,-13.410933,3401.8 -71.847720,-13.410933,3401.8 -71.847720,-13.410933,3401.8 -71.847720,-13.410934,3402 -71.847719,-13.410933,3402 -71.847720,-13.410933,3402 -71.847720,-13.410932,3402 -71.847720,-13.410933,3402 -71.847719,-13.410933,3402.2 -71.847719,-13.410933,3402.2 -71.847719,-13.410933,3402.2 -71.847720,-13.410933,3402.2 -71.847719,-13.410934,3402.2 -71.847720,-13.410933,3402.2 -71.847719,-13.410934,3402.2 -71.847720,-13.410933,3402.2 -71.847720,-13.410934,3402.2 -71.847720,-13.410933,3402.2 -71.847720,-13.410934,3402.2 -71.847720,-13.410933,3402.2 -71.847720,-13.410933,3402.2 -71.847720,-13.410933,3402.2 -71.847720,-13.410933,3402.2 -71.847720,-13.410933,3402.2 -71.847720,-13.410933,3402.2 -71.847720,-13.410933,3402.2 -71.847720,-13.410933,3402.2 -71.847720,-13.410933,3402.2 -71.847720,-13.410933,3402.2 -71.847720,-13.410933,3402.2 -71.847720,-13.410933,3402.2 -71.847720,-13.410933,3402.2 -71.847720,-13.410933,3402.2 -71.847720,-13.410933,3402.2 -71.847720,-13.410933,3402.2 -71.847720,-13.410933,3402.2 -71.847720,-13.410933,3402.2 -71.847720,-13.410933,3402.2 -71.847720,-13.410933,3402.2 -71.847720,-13.410933,3402.2 -71.847720,-13.410933,3402.2 -71.847720,-13.410933,3402.2 -71.847720,-13.410933,3402.2 -71.847720,-13.410933,3402.2 -71.847720,-13.410933,3402.2 -71.847720,-13.410933,3402.2 -71.847724,-13.410931,3402.4 -71.847723,-13.410925,3402.4 -71.847721,-13.410921,3402.6 -71.847720,-13.410921,3402.6 -71.847719,-13.410920,3402.6 -71.847720,-13.410919,3402.6 -71.847719,-13.410919,3402.6 -71.847719,-13.410918,3402.6 -71.847719,-13.410919,3402.6 -71.847719,-13.410918,3402.6 -71.847719,-13.410919,3402.6 -71.847719,-13.410917,3402.6 -71.847718,-13.410918,3402.6 -71.847719,-13.410918,3402.6 -71.847719,-13.410918,3402.6 -71.847719,-13.410918,3402.6 -71.847718,-13.410918,3402.6 -71.847719,-13.410918,3402.6 -71.847719,-13.410918,3402.6 -71.847720,-13.410918,3402.6 -71.847720,-13.410918,3402.6 -71.847719,-13.410917,3402.6 -71.847720,-13.410917,3402.8 -71.847719,-13.410917,3402.6 -71.847720,-13.410918,3402.8 -71.847718,-13.410912,3402.8 -71.847718,-13.410909,3403 -71.847715,-13.410907,3403 -71.847712,-13.410905,3403.2 -71.847709,-13.410902,3403.2 -71.847707,-13.410901,3403.2 -71.847704,-13.410901,3403.4 -71.847704,-13.410901,3403.4 -71.847703,-13.410900,3403.4 -71.847703,-13.410902,3403.4 -71.847702,-13.410901,3403.4 -71.847703,-13.410901,3403.4 -71.847703,-13.410901,3403.4 -71.847703,-13.410901,3403.4 -71.847702,-13.410900,3403.4 -71.847701,-13.410900,3403.4 -71.847701,-13.410900,3403.4 -71.847701,-13.410899,3403.4 -71.847701,-13.410899,3403.4 -71.847700,-13.410898,3403.6 -71.847700,-13.410898,3403.6 -71.847700,-13.410898,3403.6 -71.847700,-13.410898,3403.6 -71.847700,-13.410898,3403.6 -71.847699,-13.410898,3403.6 -71.847699,-13.410898,3403.6 -71.847699,-13.410898,3403.6 -71.847699,-13.410897,3403.6 -71.847699,-13.410897,3403.6 -71.847699,-13.410897,3403.6 -71.847699,-13.410897,3403.6 -71.847699,-13.410897,3403.6 -71.847699,-13.410897,3403.6 -71.847699,-13.410897,3403.6 -71.847699,-13.410897,3403.6 -71.847699,-13.410897,3403.6 -71.847700,-13.410897,3403.6 -71.847699,-13.410896,3403.6 -71.847697,-13.410893,3403.8 -71.847696,-13.410892,3403.8 -71.847696,-13.410892,3403.6 -71.847697,-13.410891,3403.8 -71.847698,-13.410890,3404 -71.847699,-13.410890,3404.2 -71.847699,-13.410890,3404.4 -71.847700,-13.410891,3404.6 -71.847700,-13.410891,3404.6 -71.847701,-13.410891,3404.8 -71.847700,-13.410891,3404.8 -71.847700,-13.410890,3404.8 -71.847700,-13.410889,3405 -71.847700,-13.410889,3405 -71.847701,-13.410887,3405.2 -71.847702,-13.410886,3405.2 -71.847703,-13.410884,3405.2 -71.847704,-13.410883,3405.4 -71.847706,-13.410882,3405.8 -71.847707,-13.410882,3405.8 -71.847710,-13.410883,3406 -71.847711,-13.410882,3406.2 -71.847714,-13.410884,3406.4 -71.847716,-13.410884,3406.6 -71.847718,-13.410886,3406.8 -71.847719,-13.410887,3407 -71.847723,-13.410887,3407 -71.847728,-13.410887,3407 -71.847734,-13.410888,3407.2 -71.847737,-13.410891,3407.2 -71.847742,-13.410892,3407.4 -71.847745,-13.410892,3407.4 -71.847747,-13.410895,3407.4 -71.847750,-13.410896,3407.4 -71.847754,-13.410897,3407.6 -71.847755,-13.410898,3407.6 -71.847758,-13.410897,3407.6 -71.847759,-13.410898,3407.6 -71.847761,-13.410897,3407.8 -71.847764,-13.410899,3407.8 -71.847767,-13.410901,3407.8 -71.847771,-13.410908,3408 -71.847773,-13.410912,3408.2 -71.847775,-13.410915,3408.2 -71.847774,-13.410920,3408.4 -71.847778,-13.410924,3408.6 -71.847781,-13.410927,3408.8 -71.847785,-13.410930,3409 -71.847790,-13.410931,3409 -71.847793,-13.410934,3409.2 -71.847798,-13.410940,3409.4 -71.847802,-13.410943,3409.6 -71.847808,-13.410945,3409.8 -71.847813,-13.410948,3409.8 -71.847817,-13.410952,3410 -71.847821,-13.410954,3410.2 -71.847824,-13.410956,3410.4 -71.847827,-13.410958,3410.4 -71.847831,-13.410959,3410.6 -71.847835,-13.410961,3410.8 -71.847838,-13.410961,3410.8 -71.847841,-13.410962,3411 -71.847844,-13.410961,3411 -71.847847,-13.410964,3411 -71.847847,-13.410962,3411 -71.847850,-13.410965,3411.2 -71.847851,-13.410967,3411.2 -71.847851,-13.410967,3411.2 -71.847852,-13.410967,3411.2 -71.847852,-13.410968,3411.2 -71.847851,-13.410967,3411.4 -71.847852,-13.410968,3411.4 -71.847853,-13.410968,3411.4 -71.847854,-13.410968,3411.4 -71.847854,-13.410968,3411.4 -71.847855,-13.410969,3411.4 -71.847855,-13.410969,3411.4 -71.847858,-13.410971,3411.6 -71.847861,-13.410972,3411.6 -71.847863,-13.410975,3411.6 -71.847868,-13.410977,3411.8 -71.847869,-13.410978,3411.8 -71.847873,-13.410982,3412 -71.847876,-13.410984,3412 -71.847881,-13.410986,3412.2 -71.847885,-13.410988,3412.4 -71.847888,-13.410990,3412.4 -71.847891,-13.410993,3412.6 -71.847894,-13.410995,3412.6 -71.847897,-13.410998,3412.8 -71.847902,-13.411000,3412.8 -71.847906,-13.411000,3413 -71.847909,-13.411002,3413.2 -71.847911,-13.411003,3413.2 -71.847912,-13.411005,3413.2 -71.847912,-13.411003,3413.2 -71.847913,-13.411004,3413.2 -71.847913,-13.411004,3413.4 -71.847913,-13.411005,3413.4 -71.847913,-13.411005,3413.4 -71.847913,-13.411006,3413.4 -71.847915,-13.411000,3413.4 -71.847918,-13.410997,3413.4 -71.847919,-13.410992,3413.4 -71.847922,-13.410989,3413.4 -71.847921,-13.410983,3413.6 -71.847920,-13.410979,3413.6 -71.847923,-13.410971,3413.6 -71.847923,-13.410966,3413.6 -71.847923,-13.410962,3413.8 -71.847923,-13.410957,3413.8 -71.847922,-13.410954,3413.8 -71.847920,-13.410950,3413.8 -71.847920,-13.410946,3414 -71.847919,-13.410941,3414 -71.847918,-13.410938,3414 -71.847916,-13.410935,3414 -71.847915,-13.410933,3414.2 -71.847914,-13.410931,3414.2 -71.847914,-13.410928,3414.2 -71.847916,-13.410923,3414.2 -71.847914,-13.410925,3414.2 -71.847916,-13.410922,3414.2 -71.847919,-13.410920,3414.4 -71.847921,-13.410920,3414.4 -71.847923,-13.410925,3414.6 -71.847926,-13.410928,3414.6 -71.847929,-13.410932,3414.8 -71.847933,-13.410934,3414.8 -71.847933,-13.410938,3415 -71.847934,-13.410943,3415.2 -71.847936,-13.410946,3415.2 -71.847940,-13.410947,3415.4 -71.847942,-13.410949,3415.6 -71.847944,-13.410949,3415.6 -71.847946,-13.410951,3415.8 -71.847948,-13.410953,3415.8 -71.847951,-13.410955,3416 -71.847955,-13.410957,3416 -71.847959,-13.410960,3416.2 -71.847963,-13.410963,3416.2 -71.847966,-13.410965,3416.4 -71.847970,-13.410968,3416.4 -71.847974,-13.410971,3416.6 -71.847978,-13.410976,3416.6 -71.847982,-13.410979,3416.8 -71.847986,-13.410982,3417 -71.847990,-13.410985,3417 -71.847994,-13.410988,3417.2 -71.847996,-13.410988,3417.4 -71.847998,-13.410988,3417.6 -71.848002,-13.410985,3417.6 -71.848005,-13.410984,3417.8 -71.848008,-13.410983,3417.8 -71.848010,-13.410983,3418 -71.848011,-13.410983,3418 -71.848012,-13.410983,3418 -71.848015,-13.410983,3418.2 -71.848015,-13.410982,3418.2 -71.848016,-13.410982,3418.2 -71.848016,-13.410983,3418.2 -71.848017,-13.410983,3418.2 -71.848018,-13.410983,3418.2 -71.848019,-13.410983,3418.2 -71.848021,-13.410983,3418.2 -71.848022,-13.410982,3418.2 -71.848024,-13.410982,3418.2 -71.848026,-13.410981,3418.2 -71.848025,-13.410982,3418.2 -71.848026,-13.410981,3418.4 -71.848026,-13.410980,3418.4 -71.848027,-13.410980,3418.4 -71.848027,-13.410980,3418.4 -71.848027,-13.410979,3418.4 -71.848028,-13.410978,3418.6 -71.848028,-13.410977,3418.6 -71.848029,-13.410976,3418.6 -71.848029,-13.410975,3418.8 -71.848030,-13.410974,3418.8 -71.848031,-13.410973,3418.8 -71.848032,-13.410972,3418.8 -71.848033,-13.410971,3419 -71.848034,-13.410970,3419 -71.848034,-13.410970,3419 -71.848035,-13.410969,3419 -71.848035,-13.410970,3419 -71.848035,-13.410969,3419 -71.848035,-13.410969,3419 -71.848035,-13.410969,3419.2 -71.848035,-13.410969,3419.2 -71.848035,-13.410969,3419.2 -71.848036,-13.410969,3419.2 -71.848036,-13.410969,3419.4 -71.848035,-13.410970,3419.6 -71.848035,-13.410970,3419.8 -71.848035,-13.410970,3420 -71.848036,-13.410970,3420.2 -71.848036,-13.410971,3420.6 -71.848037,-13.410971,3420.8 -71.848036,-13.410971,3421 -71.848037,-13.410971,3421.4 -71.848036,-13.410972,3421.6 -71.848036,-13.410973,3422 -71.848036,-13.410972,3422.2 -71.848036,-13.410973,3422.4 -71.848035,-13.410974,3422.8 -71.848036,-13.410973,3422.6 -71.848035,-13.410974,3422.6 -71.848036,-13.410974,3422.8 -71.848036,-13.410974,3422.8 -71.848036,-13.410974,3422.8 -71.848036,-13.410974,3422.8 -71.848036,-13.410974,3422.8 -71.848036,-13.410974,3422.8 -71.848037,-13.410973,3422.8 -71.848037,-13.410973,3422.8 -71.848037,-13.410972,3422.8 -71.848037,-13.410972,3422.8 -71.848037,-13.410971,3422.8 -71.848037,-13.410971,3422.8 -71.848038,-13.410970,3422.8 -71.848038,-13.410969,3422.8 -71.848038,-13.410968,3422.8 -71.848038,-13.410969,3422.8 -71.848038,-13.410968,3422.8 -71.848038,-13.410968,3422.8 -71.848038,-13.410968,3422.8 -71.848038,-13.410968,3422.8 -71.848038,-13.410968,3423 -71.848038,-13.410968,3423 -71.848037,-13.410968,3423 -71.848037,-13.410968,3423 -71.848037,-13.410968,3423 -71.848037,-13.410968,3423 -71.848036,-13.410968,3423.2 -71.848036,-13.410969,3423.2 -71.848036,-13.410969,3423.2 -71.848036,-13.410969,3423.4 -71.848036,-13.410970,3423.6 -71.848035,-13.410972,3423.8 -71.848036,-13.410971,3423.6 -71.848035,-13.410972,3423.8 -71.848035,-13.410972,3423.8 -71.848035,-13.410972,3424 -71.848034,-13.410973,3424.2 -71.848034,-13.410972,3424.2 -71.848035,-13.410972,3424.4 -71.848035,-13.410972,3424.6 -71.848035,-13.410972,3424.6 -71.848035,-13.410972,3424.8 -71.848035,-13.410973,3425 -71.848035,-13.410973,3425.2 -71.848035,-13.410973,3425.2 -71.848035,-13.410973,3425.4 -71.848035,-13.410973,3425.4 -71.848035,-13.410973,3425.6 -71.848035,-13.410973,3425.8 -71.848035,-13.410973,3425.8 -71.848036,-13.410974,3426 -71.848036,-13.410974,3426.2 -71.848037,-13.410974,3426.4 -71.848037,-13.410975,3426.4 -71.848038,-13.410975,3426.6 -71.848039,-13.410974,3426.8 -71.848039,-13.410975,3426.8 -71.848039,-13.410975,3426.8 -71.848040,-13.410975,3427 -71.848040,-13.410975,3427.2 -71.848040,-13.410974,3427.2 -71.848041,-13.410974,3427.4 -71.848041,-13.410974,3427.6 -71.848041,-13.410974,3427.6 -71.848042,-13.410975,3427.8 -71.848042,-13.410975,3428 -71.848042,-13.410975,3428 -71.848042,-13.410975,3428 -71.848043,-13.410975,3428.2 -71.848043,-13.410975,3428.2 -71.848043,-13.410975,3428.4 -71.848043,-13.410975,3428.6 -71.848043,-13.410975,3428.6 -71.848043,-13.410975,3428.8 -71.848043,-13.410975,3428.8 -71.848043,-13.410976,3429 -71.848043,-13.410976,3429.2 -71.848042,-13.410977,3429.2 -71.848042,-13.410977,3429.4 -71.848041,-13.410978,3429.4 -71.848041,-13.410979,3429.6 -71.848041,-13.410978,3429.6 -71.848041,-13.410979,3429.6 -71.848041,-13.410979,3429.8 -71.848041,-13.410979,3429.6 -71.848041,-13.410979,3429.6 -71.848041,-13.410979,3429.6 -71.848042,-13.410980,3429.8 -71.848041,-13.410980,3429.8 -71.848041,-13.410981,3429.8 -71.848041,-13.410981,3429.8 -71.848041,-13.410981,3429.8 -71.848041,-13.410981,3429.8 -71.848041,-13.410981,3429.8 -71.848041,-13.410981,3429.8 -71.848041,-13.410981,3429.8 -71.848041,-13.410981,3429.8 -71.848041,-13.410981,3430 -71.848041,-13.410981,3430 -71.848042,-13.410981,3430 -71.848041,-13.410981,3430 -71.848042,-13.410981,3430 -71.848041,-13.410981,3430 -71.848042,-13.410981,3430.2 -71.848042,-13.410981,3430.2 -71.848042,-13.410981,3430.2 -71.848043,-13.410982,3430.4 -71.848043,-13.410982,3430.4 -71.848044,-13.410982,3430.6 -71.848044,-13.410982,3430.6 -71.848044,-13.410982,3430.6 -71.848044,-13.410982,3430.6 -71.848044,-13.410982,3430.6 -71.848044,-13.410982,3430.6 -71.848044,-13.410982,3430.6 -71.848044,-13.410983,3430.6 -71.848044,-13.410982,3430.6 -71.848044,-13.410983,3430.6 -71.848044,-13.410982,3430.6 -71.848044,-13.410983,3430.6 -71.848044,-13.410982,3430.6 -71.848043,-13.410982,3430.4 -71.848044,-13.410981,3430.6 -71.848043,-13.410982,3430.4 -71.848044,-13.410982,3430.6 -71.848044,-13.410982,3430.4 -71.848044,-13.410982,3430.6 -71.848043,-13.410982,3430.4 -71.848043,-13.410982,3430.6 -71.848043,-13.410982,3430.6 -71.848043,-13.410982,3430.8 -71.848043,-13.410982,3430.6 -71.848043,-13.410983,3430.8 -71.848043,-13.410982,3430.8 -71.848043,-13.410983,3431 -71.848043,-13.410982,3430.8 -71.848043,-13.410983,3431 -71.848043,-13.410982,3430.8 -71.848043,-13.410983,3431.2 -71.848043,-13.410982,3431 -71.848043,-13.410983,3431.2 -71.848043,-13.410982,3431 -71.848043,-13.410983,3431.2 -71.848043,-13.410983,3431 -71.848042,-13.410983,3431.2 -71.848043,-13.410982,3431 -71.848043,-13.410982,3431 -71.848043,-13.410982,3431 -71.848044,-13.410981,3431 -71.848044,-13.410981,3431 -71.848044,-13.410981,3431 -71.848043,-13.410981,3431 -71.848043,-13.410981,3431.2 -71.848043,-13.410981,3431.2 -71.848043,-13.410981,3431 -71.848043,-13.410981,3431.2 -71.848043,-13.410981,3431 -71.848043,-13.410981,3431.2 -71.848043,-13.410981,3431 -71.848043,-13.410981,3431 -71.848043,-13.410981,3431.2 -71.848042,-13.410981,3431 -71.848043,-13.410981,3431 -71.848042,-13.410981,3431 -71.848042,-13.410981,3431 -71.848042,-13.410981,3430.8 -71.848042,-13.410981,3430.8 -71.848042,-13.410981,3430.8 -71.848042,-13.410981,3430.8 -71.848042,-13.410981,3430.6 -71.848041,-13.410979,3430.8 -71.848038,-13.410976,3431 -71.848036,-13.410975,3431 -71.848035,-13.410971,3431 -71.848034,-13.410968,3430.8 -71.848032,-13.410966,3430.6 -71.848029,-13.410962,3430.8 -71.848027,-13.410960,3430.8 -71.848027,-13.410959,3430.8 -71.848029,-13.410957,3430.8 -71.848033,-13.410955,3431 -71.848033,-13.410954,3431 -71.848035,-13.410952,3431 -71.848038,-13.410948,3431.2 -71.848040,-13.410945,3431.4 -71.848041,-13.410940,3431.4 -71.848040,-13.410936,3431.6 -71.848039,-13.410933,3431.8 -71.848037,-13.410929,3431.8 -71.848037,-13.410927,3432 -71.848033,-13.410923,3432 -71.848032,-13.410919,3432 -71.848031,-13.410915,3432.2 -71.848029,-13.410912,3432.4 -71.848029,-13.410910,3432.4 -71.848029,-13.410907,3432.4 -71.848029,-13.410907,3432.6 -71.848028,-13.410905,3432.6 -71.848028,-13.410904,3432.6 -71.848028,-13.410904,3432.6 -71.848028,-13.410904,3432.6 -71.848029,-13.410904,3432.6 -71.848029,-13.410904,3432.6 -71.848029,-13.410903,3432.6 -71.848031,-13.410902,3432.6 -71.848031,-13.410899,3432.6 -71.848033,-13.410895,3432.6 -71.848031,-13.410890,3432.6 -71.848030,-13.410888,3432.6 -71.848028,-13.410884,3432.8 -71.848025,-13.410881,3432.8 -71.848018,-13.410879,3432.8 -71.848020,-13.410878,3432.8 -71.848016,-13.410879,3432.6 -71.848012,-13.410879,3432.6 -71.848010,-13.410879,3432.6 -71.848010,-13.410878,3432.6 -71.848009,-13.410875,3432.6 -71.848009,-13.410872,3432.6 -71.848009,-13.410871,3432.6 -71.848009,-13.410868,3432.8 -71.848009,-13.410866,3432.6 -71.848013,-13.410863,3432.8 -71.848016,-13.410862,3432.8 -71.848021,-13.410860,3432.8 -71.848022,-13.410857,3432.8 -71.848024,-13.410853,3432.8 -71.848026,-13.410850,3432.8 -71.848027,-13.410848,3432.8 -71.848028,-13.410845,3432.8 -71.848029,-13.410843,3432.8 -71.848030,-13.410838,3432.8 -71.848029,-13.410839,3432.8 -71.848028,-13.410835,3432.8 -71.848027,-13.410832,3432.8 -71.848026,-13.410830,3432.8 -71.848027,-13.410828,3433 -71.848030,-13.410825,3433 -71.848031,-13.410822,3433 -71.848034,-13.410820,3433 -71.848035,-13.410818,3433 -71.848035,-13.410814,3433 -71.848034,-13.410812,3433 -71.848035,-13.410809,3433 -71.848034,-13.410809,3433 -71.848035,-13.410808,3433 -71.848036,-13.410804,3433.2 -71.848036,-13.410801,3433.2 -71.848035,-13.410800,3433.2 -71.848029,-13.410799,3433.4 -71.848024,-13.410797,3433.4 -71.848020,-13.410794,3433.4 -71.848015,-13.410796,3433.6 -71.848012,-13.410794,3433.6 -71.848008,-13.410791,3433.8 -71.848005,-13.410789,3433.8 -71.848004,-13.410789,3433.8 -71.848001,-13.410786,3433.8 -71.847998,-13.410784,3434 -71.847999,-13.410785,3434 -71.847997,-13.410783,3434 -71.847998,-13.410779,3434 -71.847999,-13.410776,3434 -71.848002,-13.410776,3434.2 -71.848005,-13.410775,3434.2 -71.848007,-13.410774,3434.2 -71.848010,-13.410770,3434.2 -71.848011,-13.410767,3434.4 -71.848014,-13.410764,3434.4 -71.848017,-13.410762,3434.4 -71.848021,-13.410762,3434.4 -71.848024,-13.410762,3434.4 -71.848028,-13.410763,3434.6 -71.848032,-13.410761,3434.6 -71.848035,-13.410759,3434.6 -71.848039,-13.410758,3434.8 -71.848045,-13.410755,3434.8 -71.848047,-13.410754,3435 -71.848049,-13.410754,3435 -71.848052,-13.410753,3435 -71.848054,-13.410749,3435 -71.848055,-13.410748,3435 -71.848060,-13.410749,3435 -71.848062,-13.410749,3435.2 -71.848062,-13.410744,3435.2 -71.848065,-13.410741,3435.2 -71.848068,-13.410739,3435.2 -71.848069,-13.410734,3435.2 -71.848071,-13.410731,3435.4 -71.848072,-13.410728,3435.4 -71.848073,-13.410726,3435.4 -71.848074,-13.410723,3435.4 -71.848074,-13.410724,3435.6 -71.848073,-13.410722,3435.6 -71.848073,-13.410720,3435.6 -71.848073,-13.410717,3435.6 -71.848073,-13.410715,3435.6 -71.848073,-13.410713,3435.6 -71.848074,-13.410709,3435.6 -71.848075,-13.410707,3435.6 -71.848076,-13.410704,3435.8 -71.848074,-13.410699,3435.8 -71.848075,-13.410700,3435.8 -71.848074,-13.410697,3435.8 -71.848072,-13.410694,3435.8 -71.848070,-13.410690,3436 -71.848070,-13.410687,3436 -71.848072,-13.410683,3436 -71.848077,-13.410678,3436 -71.848079,-13.410676,3436 -71.848081,-13.410672,3436.2 -71.848086,-13.410669,3436.2 -71.848089,-13.410667,3436.2 -71.848091,-13.410666,3436.4 -71.848094,-13.410664,3436.4 -71.848095,-13.410663,3436.4 -71.848095,-13.410662,3436.4 -71.848097,-13.410662,3436.4 -71.848096,-13.410661,3436.4 -71.848096,-13.410661,3436.4 -71.848097,-13.410660,3436.4 -71.848097,-13.410658,3436.4 -71.848099,-13.410653,3436.6 -71.848100,-13.410651,3436.6 -71.848100,-13.410647,3436.6 -71.848100,-13.410643,3436.6 -71.848101,-13.410641,3436.6 -71.848101,-13.410637,3436.6 -71.848101,-13.410632,3436.6 -71.848102,-13.410628,3436.6 -71.848102,-13.410622,3436.8 -71.848102,-13.410626,3436.8 -71.848102,-13.410622,3436.8 -71.848102,-13.410621,3436.8 -71.848102,-13.410620,3436.8 -71.848101,-13.410619,3436.8 -71.848101,-13.410617,3436.8 -71.848101,-13.410618,3436.8 -71.848102,-13.410617,3436.8 -71.848102,-13.410618,3436.8 -71.848102,-13.410617,3436.8 -71.848102,-13.410618,3436.8 -71.848102,-13.410616,3436.8 -71.848102,-13.410616,3436.8 -71.848102,-13.410615,3436.8 -71.848102,-13.410616,3436.8 -71.848102,-13.410616,3436.8 -71.848103,-13.410616,3436.8 -71.848102,-13.410616,3436.8 -71.848103,-13.410616,3436.8 -71.848102,-13.410616,3436.8 -71.848103,-13.410616,3436.8 -71.848103,-13.410616,3436.8 -71.848103,-13.410616,3436.8 -71.848103,-13.410616,3436.8 -71.848103,-13.410616,3436.8 -71.848103,-13.410616,3436.8 -71.848103,-13.410616,3436.8 -71.848103,-13.410616,3436.8 -71.848100,-13.410615,3437 -71.848095,-13.410616,3437 -71.848088,-13.410619,3437 -71.848083,-13.410622,3437 -71.848077,-13.410622,3437 -71.848073,-13.410623,3437 -71.848071,-13.410621,3437 -71.848070,-13.410620,3437 -71.848072,-13.410620,3437 -71.848072,-13.410620,3437.2 -71.848072,-13.410620,3437.2 -71.848072,-13.410620,3437 -71.848072,-13.410619,3437 -71.848072,-13.410620,3437.2 -71.848072,-13.410619,3437 -71.848072,-13.410620,3437 -71.848072,-13.410619,3437 -71.848072,-13.410620,3437 -71.848072,-13.410619,3437 -71.848072,-13.410620,3437 -71.848072,-13.410619,3437 -71.848072,-13.410620,3437 -71.848072,-13.410618,3437 -71.848072,-13.410619,3437 -71.848072,-13.410618,3437 -71.848071,-13.410617,3437 -71.848071,-13.410617,3437 -71.848072,-13.410617,3437 -71.848071,-13.410617,3437 -71.848072,-13.410617,3437 -71.848071,-13.410617,3436.8 -71.848072,-13.410617,3436.8 -71.848071,-13.410617,3436.8 -71.848071,-13.410617,3436.8 -71.848071,-13.410616,3436.8 -71.848071,-13.410617,3436.8 -71.848071,-13.410616,3436.8 -71.848071,-13.410617,3436.8 -71.848071,-13.410616,3436.8 -71.848071,-13.410617,3436.8 -71.848071,-13.410616,3436.8 -71.848071,-13.410617,3436.8 -71.848072,-13.410616,3436.8 -71.848071,-13.410617,3436.8 -71.848072,-13.410616,3436.8 -71.848067,-13.410618,3437 -71.848062,-13.410619,3437 -71.848057,-13.410622,3437.2 -71.848051,-13.410625,3437.4 -71.848046,-13.410627,3437.6 -71.848040,-13.410635,3437.6 -71.848037,-13.410641,3437.8 -71.848033,-13.410644,3438 -71.848031,-13.410646,3438 -71.848029,-13.410647,3438.2 -71.848028,-13.410647,3438.2 -71.848025,-13.410647,3438.2 -71.848026,-13.410646,3438.2 -71.848023,-13.410647,3438.2 -71.848021,-13.410646,3438.2 -71.848017,-13.410645,3438.4 -71.848014,-13.410644,3438.4 -71.848011,-13.410641,3438.4 -71.848008,-13.410638,3438.6 -71.848006,-13.410632,3438.8 -71.848004,-13.410629,3439 -71.848003,-13.410626,3439.2 -71.848004,-13.410621,3439.2 -71.848003,-13.410618,3439.4 -71.848002,-13.410616,3439.6 -71.848002,-13.410614,3439.8 -71.848002,-13.410612,3439.8 -71.848001,-13.410606,3439.8 -71.848002,-13.410600,3440 -71.848001,-13.410596,3440.2 -71.848001,-13.410592,3440.4 -71.848000,-13.410588,3440.6 -71.848001,-13.410583,3440.8 -71.848001,-13.410578,3441 -71.848002,-13.410573,3441.2 -71.848002,-13.410567,3441.4 -71.848001,-13.410563,3441.6 -71.848001,-13.410559,3441.8 -71.847999,-13.410557,3442 -71.847999,-13.410553,3442.2 -71.848000,-13.410547,3442.4 -71.848000,-13.410542,3442.6 -71.847999,-13.410537,3442.8 -71.848000,-13.410532,3443 -71.847994,-13.410531,3443.2 -71.847987,-13.410533,3443.4 -71.847979,-13.410534,3443.6 -71.847971,-13.410538,3443.8 -71.847965,-13.410542,3444 -71.847958,-13.410545,3444.4 -71.847953,-13.410547,3444.6 -71.847947,-13.410550,3444.6 -71.847943,-13.410553,3444.8 -71.847939,-13.410556,3445 -71.847936,-13.410557,3445 -71.847929,-13.410557,3445.2 -71.847924,-13.410557,3445.4 -71.847921,-13.410557,3445.4 -71.847919,-13.410557,3445.6 -71.847917,-13.410557,3445.6 -71.847914,-13.410557,3445.6 -71.847912,-13.410557,3445.8 -71.847906,-13.410557,3445.8 -71.847902,-13.410555,3445.8 -71.847898,-13.410553,3446 -71.847896,-13.410551,3446.2 -71.847897,-13.410551,3446.4 -71.847898,-13.410550,3446.6 -71.847900,-13.410549,3446.6 -71.847900,-13.410549,3446.8 -71.847897,-13.410543,3446.8 -71.847894,-13.410540,3447 -71.847891,-13.410537,3447.2 -71.847888,-13.410535,3447.2 -71.847885,-13.410533,3447.4 -71.847883,-13.410531,3447.6 -71.847882,-13.410528,3447.8 -71.847882,-13.410524,3447.8 -71.847881,-13.410521,3448 -71.847881,-13.410518,3448.2 -71.847884,-13.410513,3448.2 -71.847885,-13.410510,3448.4 -71.847888,-13.410507,3448.4 -71.847891,-13.410504,3448.6 -71.847892,-13.410500,3448.8 -71.847892,-13.410497,3448.8 -71.847893,-13.410493,3449 -71.847894,-13.410490,3449.2 -71.847895,-13.410486,3449.4 -71.847893,-13.410483,3449.4 -71.847893,-13.410479,3449.6 -71.847892,-13.410476,3449.8 -71.847890,-13.410472,3450 -71.847888,-13.410468,3450.2 -71.847884,-13.410465,3450.4 -71.847881,-13.410463,3450.4 -71.847880,-13.410459,3450.6 -71.847878,-13.410455,3450.8 -71.847875,-13.410452,3451 -71.847873,-13.410448,3451.4 -71.847871,-13.410444,3451.4 -71.847869,-13.410442,3451.8 -71.847867,-13.410440,3452 -71.847866,-13.410439,3452 -71.847865,-13.410440,3452.2 -71.847864,-13.410440,3452.2 -71.847862,-13.410439,3452.2 -71.847857,-13.410437,3452.4 -71.847853,-13.410436,3452.4 -71.847850,-13.410432,3452.6 -71.847844,-13.410431,3452.8 -71.847839,-13.410430,3452.8 -71.847832,-13.410431,3453 -71.847827,-13.410431,3453.2 -71.847822,-13.410430,3453.2 -71.847817,-13.410428,3453.4 -71.847812,-13.410426,3453.6 -71.847806,-13.410423,3453.6 -71.847803,-13.410421,3453.8 -71.847804,-13.410417,3454 -71.847802,-13.410412,3454.2 -71.847801,-13.410409,3454.4 -71.847797,-13.410408,3454.6 -71.847794,-13.410404,3454.8 -71.847790,-13.410400,3454.8 -71.847789,-13.410397,3455 -71.847790,-13.410393,3455.2 -71.847790,-13.410391,3455.4 -71.847793,-13.410388,3455.4 -71.847796,-13.410386,3455.6 -71.847801,-13.410383,3455.6 -71.847805,-13.410378,3455.8 -71.847809,-13.410374,3455.8 -71.847813,-13.410368,3456 -71.847816,-13.410365,3456.2 -71.847820,-13.410361,3456.2 -71.847820,-13.410359,3456.4 -71.847822,-13.410354,3456.4 -71.847822,-13.410351,3456.6 -71.847818,-13.410349,3456.8 -71.847814,-13.410347,3456.8 -71.847809,-13.410347,3457 -71.847805,-13.410347,3457.2 -71.847801,-13.410347,3457.2 -71.847795,-13.410346,3457.4 -71.847789,-13.410346,3457.4 -71.847782,-13.410346,3457.6 -71.847776,-13.410347,3457.6 -71.847771,-13.410347,3457.8 -71.847767,-13.410346,3457.8 -71.847764,-13.410345,3458 -71.847762,-13.410343,3458 -71.847764,-13.410341,3458.2 -71.847767,-13.410333,3458.2 -71.847766,-13.410330,3458.4 -71.847766,-13.410327,3458.4 -71.847765,-13.410324,3458.6 -71.847763,-13.410321,3458.6 -71.847761,-13.410318,3458.8 -71.847758,-13.410317,3459 -71.847755,-13.410317,3459 -71.847750,-13.410316,3459.2 -71.847745,-13.410315,3459.2 -71.847739,-13.410314,3459.4 -71.847734,-13.410313,3459.6 -71.847728,-13.410312,3459.6 -71.847722,-13.410311,3459.8 -71.847718,-13.410310,3459.8 -71.847715,-13.410308,3459.8 -71.847712,-13.410305,3460 -71.847709,-13.410303,3460 -71.847707,-13.410300,3460.2 -71.847704,-13.410297,3460.2 -71.847702,-13.410294,3460.4 -71.847701,-13.410293,3460.6 -71.847699,-13.410291,3460.6 -71.847697,-13.410291,3460.6 -71.847695,-13.410290,3460.8 -71.847692,-13.410290,3460.8 -71.847688,-13.410289,3461 -71.847684,-13.410286,3461 -71.847680,-13.410283,3461 -71.847677,-13.410281,3461.2 -71.847675,-13.410279,3461.2 -71.847674,-13.410276,3461.4 -71.847672,-13.410273,3461.4 -71.847672,-13.410272,3461.6 -71.847672,-13.410273,3461.6 -71.847672,-13.410273,3461.6 -71.847673,-13.410272,3461.8 -71.847674,-13.410271,3461.8 -71.847675,-13.410270,3461.8 -71.847676,-13.410270,3461.8 -71.847677,-13.410271,3461.8 -71.847678,-13.410271,3461.8 -71.847678,-13.410271,3461.8 -71.847678,-13.410267,3462 -71.847677,-13.410264,3462 -71.847676,-13.410260,3462.2 -71.847675,-13.410255,3462.2 -71.847674,-13.410251,3462.2 -71.847671,-13.410247,3462.4 -71.847669,-13.410244,3462.4 -71.847667,-13.410241,3462.6 -71.847665,-13.410238,3462.8 -71.847661,-13.410235,3462.8 -71.847656,-13.410234,3462.8 -71.847651,-13.410231,3463 -71.847649,-13.410230,3463 -71.847645,-13.410228,3463.2 -71.847642,-13.410228,3463.4 -71.847641,-13.410224,3463.4 -71.847640,-13.410223,3463.6 -71.847640,-13.410218,3463.6 -71.847639,-13.410214,3463.6 -71.847639,-13.410210,3463.8 -71.847639,-13.410207,3463.8 -71.847641,-13.410203,3464 -71.847642,-13.410200,3464.2 -71.847643,-13.410197,3464.2 -71.847644,-13.410195,3464.4 -71.847646,-13.410190,3464.4 -71.847646,-13.410186,3464.4 -71.847647,-13.410181,3464.6 -71.847647,-13.410176,3464.6 -71.847644,-13.410171,3464.8 -71.847641,-13.410168,3464.8 -71.847640,-13.410166,3465 -71.847638,-13.410163,3465 -71.847637,-13.410160,3465.2 -71.847634,-13.410157,3465.2 -71.847632,-13.410155,3465.4 -71.847628,-13.410152,3465.4 -71.847626,-13.410148,3465.6 -71.847623,-13.410145,3465.6 -71.847620,-13.410142,3465.6 -71.847617,-13.410139,3465.8 -71.847616,-13.410136,3465.8 -71.847614,-13.410135,3465.8 -71.847613,-13.410136,3465.8 -71.847612,-13.410135,3466 -71.847609,-13.410133,3466 -71.847607,-13.410132,3466.2 -71.847604,-13.410130,3466.2 -71.847603,-13.410128,3466.4 -71.847602,-13.410126,3466.4 -71.847602,-13.410123,3466.4 -71.847601,-13.410120,3466.6 -71.847602,-13.410117,3466.6 -71.847602,-13.410115,3466.6 -71.847604,-13.410111,3466.8 -71.847605,-13.410108,3466.8 -71.847606,-13.410106,3466.8 -71.847606,-13.410104,3467 -71.847608,-13.410100,3467 -71.847609,-13.410096,3467 -71.847610,-13.410092,3467.2 -71.847611,-13.410088,3467.4 -71.847611,-13.410086,3467.4 -71.847611,-13.410086,3467.4 -71.847612,-13.410085,3467.6 -71.847614,-13.410084,3467.6 -71.847616,-13.410082,3467.8 -71.847616,-13.410080,3467.8 -71.847615,-13.410078,3467.8 -71.847614,-13.410079,3467.8 -71.847612,-13.410079,3467.8 -71.847611,-13.410079,3467.8 -71.847610,-13.410080,3468 -71.847609,-13.410080,3468 -71.847606,-13.410079,3468 -71.847603,-13.410077,3468.2 -71.847598,-13.410074,3468.2 -71.847593,-13.410071,3468.2 -71.847589,-13.410070,3468.4 -71.847586,-13.410067,3468.4 -71.847583,-13.410066,3468.6 -71.847581,-13.410064,3468.6 -71.847580,-13.410062,3468.6 -71.847579,-13.410059,3468.8 -71.847578,-13.410056,3468.8 -71.847578,-13.410050,3469 -71.847579,-13.410045,3469 -71.847581,-13.410041,3469 -71.847582,-13.410037,3469.2 -71.847582,-13.410032,3469.2 -71.847582,-13.410027,3469.4 -71.847582,-13.410023,3469.4 -71.847582,-13.410018,3469.6 -71.847580,-13.410016,3469.6 -71.847580,-13.410013,3469.6 -71.847578,-13.410011,3469.8 -71.847578,-13.410008,3469.8 -71.847577,-13.410005,3469.8 -71.847579,-13.410001,3470 -71.847580,-13.409997,3470 -71.847581,-13.409994,3470.2 -71.847583,-13.409990,3470.4 -71.847583,-13.409988,3470.4 -71.847584,-13.409987,3470.6 -71.847585,-13.409986,3470.6 -71.847586,-13.409985,3470.8 -71.847586,-13.409985,3471 -71.847586,-13.409984,3471.2 -71.847586,-13.409983,3471.4 -71.847586,-13.409983,3471.6 -71.847587,-13.409980,3471.6 -71.847589,-13.409977,3471.6 -71.847589,-13.409972,3471.6 -71.847590,-13.409969,3471.8 -71.847589,-13.409964,3471.8 -71.847585,-13.409963,3471.8 -71.847578,-13.409960,3471.8 -71.847574,-13.409957,3472 -71.847567,-13.409956,3471.8 -71.847562,-13.409954,3472 -71.847555,-13.409953,3472 -71.847548,-13.409952,3472 -71.847542,-13.409950,3472.2 -71.847536,-13.409946,3472.2 -71.847531,-13.409941,3472.4 -71.847528,-13.409939,3472.6 -71.847524,-13.409936,3472.6 -71.847520,-13.409934,3472.6 -71.847514,-13.409932,3472.8 -71.847508,-13.409930,3473 -71.847504,-13.409928,3473 -71.847501,-13.409926,3473.2 -71.847499,-13.409924,3473.2 -71.847497,-13.409921,3473.4 -71.847497,-13.409917,3473.4 -71.847498,-13.409913,3473.6 -71.847500,-13.409909,3473.6 -71.847502,-13.409904,3473.8 -71.847503,-13.409900,3474 -71.847504,-13.409897,3474 -71.847504,-13.409894,3474.2 -71.847503,-13.409891,3474.2 -71.847501,-13.409887,3474.4 -71.847499,-13.409884,3474.6 -71.847496,-13.409881,3474.6 -71.847493,-13.409879,3474.8 -71.847490,-13.409877,3475 -71.847487,-13.409875,3475 -71.847485,-13.409872,3475.2 -71.847484,-13.409871,3475.2 -71.847482,-13.409868,3475.4 -71.847479,-13.409865,3475.4 -71.847478,-13.409865,3475.6 -71.847478,-13.409864,3475.6 -71.847478,-13.409864,3475.6 -71.847477,-13.409862,3475.6 -71.847473,-13.409858,3475.8 -71.847469,-13.409856,3475.8 -71.847467,-13.409852,3476 -71.847465,-13.409849,3476.2 -71.847463,-13.409848,3476.2 -71.847463,-13.409847,3476.2 -71.847462,-13.409847,3476.4 -71.847463,-13.409846,3476.4 -71.847463,-13.409846,3476.4 -71.847463,-13.409845,3476.4 -71.847462,-13.409845,3476.4 -71.847461,-13.409845,3476.6 -71.847457,-13.409843,3476.6 -71.847453,-13.409841,3476.6 -71.847450,-13.409840,3476.8 -71.847446,-13.409839,3476.8 -71.847442,-13.409836,3476.8 -71.847438,-13.409834,3477 -71.847435,-13.409832,3477.2 -71.847432,-13.409827,3477.4 -71.847429,-13.409824,3477.6 -71.847426,-13.409819,3477.6 -71.847423,-13.409816,3477.8 -71.847417,-13.409815,3477.8 -71.847411,-13.409813,3477.8 -71.847405,-13.409811,3477.8 -71.847400,-13.409809,3478 -71.847396,-13.409807,3478 -71.847391,-13.409805,3478.2 -71.847386,-13.409802,3478.2 -71.847382,-13.409799,3478.4 -71.847381,-13.409799,3478.6 -71.847380,-13.409798,3478.6 -71.847379,-13.409797,3478.6 -71.847375,-13.409794,3478.8 -71.847372,-13.409790,3478.8 -71.847367,-13.409785,3479 -71.847364,-13.409782,3479 -71.847360,-13.409779,3479.2 -71.847356,-13.409776,3479.2 -71.847352,-13.409773,3479.4 -71.847348,-13.409769,3479.4 -71.847344,-13.409765,3479.6 -71.847340,-13.409762,3479.8 -71.847334,-13.409758,3480 -71.847327,-13.409757,3480 -71.847321,-13.409756,3480.2 -71.847315,-13.409755,3480.4 -71.847310,-13.409753,3480.4 -71.847303,-13.409751,3480.4 -71.847296,-13.409750,3480.6 -71.847289,-13.409748,3480.8 -71.847281,-13.409748,3480.8 -71.847273,-13.409747,3481 -71.847265,-13.409745,3481 -71.847258,-13.409743,3481.2 -71.847252,-13.409742,3481.2 -71.847246,-13.409740,3481.4 -71.847241,-13.409737,3481.6 -71.847238,-13.409735,3481.6 -71.847232,-13.409734,3481.8 -71.847227,-13.409733,3482 -71.847222,-13.409730,3482.2 -71.847217,-13.409727,3482.2 -71.847212,-13.409725,3482.4 -71.847207,-13.409722,3482.6 -71.847203,-13.409720,3482.6 -71.847196,-13.409719,3482.8 -71.847188,-13.409717,3483 -71.847184,-13.409715,3483.2 -71.847180,-13.409713,3483.4 -71.847177,-13.409711,3483.6 -71.847172,-13.409709,3483.8 -71.847168,-13.409708,3484 -71.847162,-13.409705,3484.2 -71.847157,-13.409703,3484.4 -71.847152,-13.409700,3484.6 -71.847147,-13.409696,3484.8 -71.847141,-13.409691,3484.8 -71.847137,-13.409688,3485 -71.847133,-13.409685,3485.2 -71.847128,-13.409683,3485.4 -71.847122,-13.409679,3485.4 -71.847115,-13.409677,3485.6 -71.847108,-13.409675,3485.8 -71.847103,-13.409674,3486 -71.847099,-13.409675,3486 -71.847094,-13.409674,3486.2 -71.847088,-13.409672,3486.4 -71.847083,-13.409670,3486.4 -71.847078,-13.409666,3486.6 -71.847075,-13.409662,3487 -71.847079,-13.409651,3487.4 -71.847079,-13.409651,3487.4 -71.847081,-13.409647,3487.6 -71.847084,-13.409643,3487.8 -71.847087,-13.409641,3488 -71.847092,-13.409640,3488.2 -71.847097,-13.409638,3488.2 -71.847102,-13.409637,3488.4 -71.847104,-13.409635,3488.6 -71.847108,-13.409633,3488.6 -71.847111,-13.409631,3488.8 -71.847115,-13.409628,3489 -71.847118,-13.409627,3489.2 -71.847124,-13.409625,3489.4 -71.847129,-13.409622,3489.4 -71.847135,-13.409618,3489.6 -71.847142,-13.409613,3489.8 -71.847148,-13.409611,3489.8 -71.847155,-13.409609,3490 -71.847163,-13.409605,3490 -71.847170,-13.409600,3490.2 -71.847177,-13.409597,3490.2 -71.847182,-13.409593,3490.4 -71.847187,-13.409588,3490.6 -71.847190,-13.409584,3490.6 -71.847196,-13.409580,3490.6 -71.847200,-13.409578,3490.8 -71.847204,-13.409574,3490.8 -71.847211,-13.409569,3490.8 -71.847215,-13.409566,3490.8 -71.847220,-13.409563,3491 -71.847224,-13.409560,3491 -71.847228,-13.409557,3491.2 -71.847231,-13.409554,3491.2 -71.847234,-13.409550,3491.4 -71.847236,-13.409546,3491.4 -71.847237,-13.409543,3491.6 -71.847238,-13.409540,3491.6 -71.847242,-13.409534,3491.6 -71.847246,-13.409528,3491.8 -71.847249,-13.409524,3492 -71.847251,-13.409519,3492 -71.847251,-13.409516,3492.2 -71.847253,-13.409513,3492.2 -71.847253,-13.409509,3492.2 -71.847252,-13.409507,3492.4 -71.847251,-13.409504,3492.4 -71.847250,-13.409502,3492.6 -71.847247,-13.409498,3492.6 -71.847246,-13.409496,3492.6 -71.847245,-13.409494,3492.8 -71.847248,-13.409492,3492.8 -71.847252,-13.409489,3493 -71.847255,-13.409487,3493 -71.847258,-13.409483,3493.2 -71.847259,-13.409480,3493.2 -71.847261,-13.409477,3493.4 -71.847261,-13.409476,3493.2 -71.847262,-13.409473,3493.4 -71.847262,-13.409471,3493.6 -71.847264,-13.409469,3493.6 -71.847265,-13.409467,3493.8 -71.847267,-13.409464,3493.8 -71.847269,-13.409461,3494 -71.847270,-13.409458,3494 -71.847272,-13.409453,3494 -71.847277,-13.409448,3494.2 -71.847280,-13.409444,3494.2 -71.847281,-13.409439,3494.4 -71.847281,-13.409432,3494.4 -71.847277,-13.409428,3494.6 -71.847273,-13.409424,3494.8 -71.847270,-13.409421,3494.8 -71.847267,-13.409418,3494.8 -71.847265,-13.409415,3495 -71.847264,-13.409412,3495 -71.847263,-13.409409,3495.2 -71.847263,-13.409406,3495.4 -71.847265,-13.409404,3495.4 -71.847269,-13.409401,3495.4 -71.847272,-13.409398,3495.6 -71.847275,-13.409393,3495.6 -71.847279,-13.409390,3495.8 -71.847283,-13.409387,3496 -71.847287,-13.409384,3496.2 -71.847291,-13.409379,3496.4 -71.847294,-13.409375,3496.6 -71.847300,-13.409373,3496.6 -71.847308,-13.409371,3496.8 -71.847313,-13.409370,3497 -71.847319,-13.409369,3497.2 -71.847325,-13.409367,3497.4 -71.847329,-13.409365,3497.4 -71.847332,-13.409363,3497.6 -71.847336,-13.409360,3497.8 -71.847340,-13.409358,3498 -71.847343,-13.409354,3498 -71.847345,-13.409348,3498.2 -71.847347,-13.409342,3498.2 -71.847348,-13.409335,3498.4 -71.847348,-13.409332,3498.6 -71.847347,-13.409330,3498.8 -71.847346,-13.409328,3498.8 -71.847344,-13.409323,3499 -71.847341,-13.409319,3499 -71.847340,-13.409314,3499.2 -71.847339,-13.409311,3499.2 -71.847338,-13.409307,3499.4 -71.847338,-13.409305,3499.6 -71.847339,-13.409304,3499.6 -71.847339,-13.409304,3499.6 -71.847339,-13.409303,3499.6 -71.847340,-13.409303,3499.6 -71.847339,-13.409303,3499.4 -71.847339,-13.409302,3499.4 -71.847339,-13.409301,3499.4 -71.847339,-13.409301,3499.4 -71.847339,-13.409301,3499.4 -71.847339,-13.409300,3499.6 -71.847339,-13.409300,3499.6 -71.847339,-13.409299,3499.6 -71.847339,-13.409299,3499.6 -71.847339,-13.409299,3499.6 -71.847340,-13.409299,3499.6 -71.847340,-13.409298,3499.6 -71.847340,-13.409298,3499.6 -71.847340,-13.409298,3499.6 -71.847340,-13.409298,3499.6 -71.847340,-13.409297,3499.6 -71.847340,-13.409298,3499.6 -71.847338,-13.409295,3499.6 -71.847337,-13.409290,3499.6 -71.847338,-13.409288,3499.6 -71.847339,-13.409288,3499.6 -71.847340,-13.409288,3499.6 -71.847341,-13.409288,3499.6 -71.847342,-13.409288,3499.6 -71.847344,-13.409288,3499.8 -71.847345,-13.409288,3499.8 -71.847346,-13.409288,3499.8 -71.847347,-13.409288,3499.8 -71.847348,-13.409288,3499.8 -71.847349,-13.409289,3499.8 -71.847350,-13.409289,3499.8 -71.847351,-13.409289,3499.8 -71.847352,-13.409289,3499.8 -71.847353,-13.409290,3499.8 -71.847354,-13.409291,3499.8 -71.847355,-13.409291,3499.8 -71.847356,-13.409291,3499.8 -71.847357,-13.409291,3499.8 -71.847357,-13.409292,3500 -71.847358,-13.409292,3500.2 -71.847358,-13.409292,3500.2 -71.847358,-13.409292,3500.4 -71.847358,-13.409293,3500.4 -71.847358,-13.409294,3500.6 -71.847359,-13.409294,3500.6 -71.847359,-13.409295,3500.8 -71.847360,-13.409295,3500.8 -71.847361,-13.409296,3500.8 -71.847361,-13.409296,3500.8 -71.847361,-13.409296,3500.8 -71.847361,-13.409297,3500.8 -71.847361,-13.409297,3500.8 -71.847360,-13.409297,3500.8 -71.847360,-13.409297,3500.8 -71.847360,-13.409297,3500.6 -71.847360,-13.409298,3500.6 -71.847360,-13.409298,3500.6 -71.847361,-13.409298,3500.6 -71.847361,-13.409297,3500.6 -71.847362,-13.409298,3500.6 -71.847362,-13.409298,3500.4 -71.847362,-13.409297,3500.4 -71.847360,-13.409292,3500.4 -71.847358,-13.409287,3500.4 -71.847357,-13.409282,3500.4 -71.847360,-13.409278,3500.6 -71.847363,-13.409274,3500.8 -71.847365,-13.409271,3501 -71.847361,-13.409267,3501.2 -71.847356,-13.409264,3501.2 -71.847351,-13.409260,3501.2 -71.847346,-13.409255,3501.4 -71.847342,-13.409252,3501.4 -71.847338,-13.409249,3501.6 -71.847337,-13.409246,3501.6 -71.847336,-13.409242,3501.8 -71.847333,-13.409239,3501.8 -71.847332,-13.409234,3502 -71.847331,-13.409227,3502.2 -71.847329,-13.409223,3502.4 -71.847329,-13.409219,3502.4 -71.847329,-13.409216,3502.6 -71.847329,-13.409211,3502.8 -71.847329,-13.409206,3503 -71.847329,-13.409202,3503.2 -71.847331,-13.409196,3503.2 -71.847331,-13.409192,3503.4 -71.847331,-13.409187,3503.4 -71.847331,-13.409181,3503.6 -71.847330,-13.409177,3503.8 -71.847331,-13.409176,3504 -71.847332,-13.409176,3504 -71.847333,-13.409176,3504 -71.847334,-13.409176,3504 -71.847335,-13.409175,3504.2 -71.847336,-13.409175,3504.2 -71.847338,-13.409174,3504.2 -71.847339,-13.409174,3504.2 -71.847341,-13.409173,3504.2 -71.847341,-13.409173,3504.2 -71.847339,-13.409170,3504.2 -71.847337,-13.409165,3504.2 -71.847332,-13.409160,3504.2 -71.847330,-13.409154,3504.2 -71.847327,-13.409150,3504.4 -71.847327,-13.409146,3504.4 -71.847327,-13.409142,3504.4 -71.847326,-13.409138,3504.6 -71.847325,-13.409135,3504.6 -71.847325,-13.409132,3504.6 -71.847326,-13.409130,3504.8 -71.847327,-13.409127,3504.8 -71.847327,-13.409124,3505 -71.847326,-13.409120,3505 -71.847327,-13.409116,3505.2 -71.847327,-13.409111,3505.2 -71.847325,-13.409107,3505.4 -71.847324,-13.409104,3505.4 -71.847322,-13.409100,3505.4 -71.847321,-13.409098,3505.6 -71.847321,-13.409094,3505.6 -71.847321,-13.409091,3505.8 -71.847321,-13.409088,3505.8 -71.847320,-13.409084,3506 -71.847318,-13.409080,3506 -71.847317,-13.409076,3506.2 -71.847314,-13.409073,3506.2 -71.847308,-13.409069,3506.2 -71.847304,-13.409065,3506.4 -71.847301,-13.409063,3506.4 -71.847299,-13.409060,3506.6 -71.847298,-13.409057,3506.6 -71.847297,-13.409056,3506.8 -71.847297,-13.409056,3506.8 -71.847297,-13.409056,3506.8 -71.847297,-13.409056,3506.8 -71.847297,-13.409056,3506.8 -71.847296,-13.409056,3506.8 -71.847296,-13.409056,3506.8 -71.847295,-13.409056,3507 -71.847295,-13.409057,3507 -71.847294,-13.409057,3507 -71.847294,-13.409058,3507 -71.847294,-13.409058,3507 -71.847294,-13.409058,3507 -71.847294,-13.409058,3507.2 -71.847294,-13.409058,3507.2 -71.847295,-13.409058,3507.2 -71.847295,-13.409058,3507.4 -71.847295,-13.409058,3507.4 -71.847294,-13.409059,3507.6 -71.847294,-13.409059,3507.6 -71.847293,-13.409058,3507.6 -71.847293,-13.409057,3507.6 -71.847294,-13.409058,3507.6 -71.847295,-13.409057,3507.6 -71.847295,-13.409057,3507.6 -71.847295,-13.409058,3507.6 -71.847295,-13.409057,3507.8 -71.847294,-13.409059,3507.8 -71.847293,-13.409059,3507.8 -71.847294,-13.409060,3507.8 -71.847295,-13.409060,3508 -71.847296,-13.409060,3507.8 -71.847297,-13.409060,3507.8 -71.847298,-13.409059,3507.8 -71.847299,-13.409059,3507.8 -71.847299,-13.409058,3507.8 -71.847299,-13.409058,3507.8 -71.847300,-13.409058,3508 -71.847301,-13.409058,3508 -71.847302,-13.409057,3508 -71.847302,-13.409058,3508.2 -71.847301,-13.409058,3508.2 -71.847301,-13.409059,3508.2 -71.847301,-13.409059,3508.4 -71.847300,-13.409059,3508.4 -71.847300,-13.409059,3508.2 -71.847300,-13.409054,3508.4 -71.847300,-13.409051,3508.4 -71.847300,-13.409047,3508.6 -71.847301,-13.409041,3508.6 -71.847300,-13.409036,3508.8 -71.847300,-13.409031,3508.8 -71.847299,-13.409026,3508.8 -71.847298,-13.409020,3509 -71.847296,-13.409013,3509 -71.847293,-13.409006,3509 -71.847291,-13.409001,3509.2 -71.847291,-13.408994,3509.2 -71.847289,-13.408989,3509.4 -71.847287,-13.408983,3509.4 -71.847285,-13.408977,3509.4 -71.847282,-13.408973,3509.6 -71.847278,-13.408967,3509.6 -71.847275,-13.408963,3509.8 -71.847272,-13.408957,3509.8 -71.847267,-13.408951,3510 -71.847262,-13.408946,3510 -71.847258,-13.408941,3510.2 -71.847256,-13.408936,3510.2 -71.847254,-13.408931,3510.4 -71.847252,-13.408926,3510.6 -71.847252,-13.408921,3510.6 -71.847251,-13.408916,3510.8 -71.847252,-13.408910,3511 -71.847250,-13.408906,3511 -71.847249,-13.408901,3511.2 -71.847247,-13.408895,3511.4 -71.847246,-13.408892,3511.6 -71.847246,-13.408887,3511.6 -71.847246,-13.408883,3511.8 -71.847247,-13.408876,3512 -71.847248,-13.408869,3512 -71.847247,-13.408865,3512.2 -71.847247,-13.408860,3512.4 -71.847246,-13.408854,3512.6 -71.847245,-13.408850,3512.8 -71.847245,-13.408844,3512.8 -71.847245,-13.408840,3513 -71.847243,-13.408837,3513.2 -71.847242,-13.408833,3513.2 -71.847240,-13.408830,3513.4 -71.847238,-13.408826,3513.6 -71.847237,-13.408822,3513.6 -71.847238,-13.408818,3513.8 -71.847240,-13.408812,3514 -71.847239,-13.408808,3514 -71.847239,-13.408804,3514.2 -71.847238,-13.408802,3514.4 -71.847239,-13.408799,3514.6 -71.847241,-13.408794,3514.6 -71.847241,-13.408792,3514.8 -71.847242,-13.408788,3514.8 -71.847242,-13.408785,3515 -71.847242,-13.408782,3515 -71.847242,-13.408779,3515.2 -71.847242,-13.408776,3515.2 -71.847243,-13.408772,3515.4 -71.847241,-13.408769,3515.6 -71.847241,-13.408767,3515.6 -71.847242,-13.408764,3515.8 -71.847242,-13.408762,3515.8 -71.847242,-13.408759,3516 -71.847241,-13.408757,3516 -71.847240,-13.408753,3516 -71.847239,-13.408748,3516.2 -71.847240,-13.408744,3516.2 -71.847239,-13.408738,3516.4 -71.847238,-13.408733,3516.4 -71.847236,-13.408728,3516.6 -71.847233,-13.408725,3516.6 -71.847232,-13.408722,3516.8 -71.847231,-13.408719,3516.8 -71.847230,-13.408714,3516.8 -71.847230,-13.408711,3517 -71.847229,-13.408707,3517 -71.847229,-13.408703,3517.2 -71.847229,-13.408698,3517.2 -71.847230,-13.408692,3517.4 -71.847231,-13.408686,3517.4 -71.847231,-13.408682,3517.6 -71.847232,-13.408676,3517.8 -71.847233,-13.408670,3517.8 -71.847233,-13.408667,3518 -71.847235,-13.408661,3518.2 -71.847235,-13.408658,3518.4 -71.847234,-13.408653,3518.6 -71.847232,-13.408648,3518.6 -71.847231,-13.408643,3518.8 -71.847230,-13.408637,3519 -71.847229,-13.408636,3519 -71.847229,-13.408636,3519.2 -71.847228,-13.408637,3519.2 -71.847227,-13.408637,3519.2 -71.847226,-13.408638,3519.2 -71.847225,-13.408638,3519.2 -71.847224,-13.408636,3519.2 -71.847223,-13.408635,3519.2 -71.847222,-13.408635,3519.2 -71.847221,-13.408636,3519.2 -71.847219,-13.408637,3519.2 -71.847218,-13.408638,3519.2 -71.847217,-13.408641,3519.2 -71.847218,-13.408648,3519.4 -71.847220,-13.408655,3519.4 -71.847220,-13.408661,3519.4 -71.847218,-13.408668,3519.4 -71.847218,-13.408676,3519.4 -71.847217,-13.408682,3519.4 -71.847215,-13.408687,3519.4 -71.847212,-13.408692,3519.4 -71.847209,-13.408697,3519.4 -71.847204,-13.408705,3519.4 -71.847200,-13.408711,3519.4 -71.847198,-13.408714,3519.2 -71.847197,-13.408714,3519.4 -71.847196,-13.408715,3519.4 -71.847196,-13.408716,3519.4 -71.847195,-13.408716,3519.4 -71.847195,-13.408717,3519.4 -71.847194,-13.408717,3519.4 -71.847193,-13.408718,3519.6 -71.847193,-13.408718,3519.6 -71.847192,-13.408718,3519.6 -71.847192,-13.408719,3519.6 -71.847191,-13.408719,3519.8 -71.847191,-13.408719,3519.8 -71.847191,-13.408720,3519.8 -71.847191,-13.408720,3519.8 -71.847190,-13.408721,3519.8 -71.847191,-13.408721,3519.8 -71.847193,-13.408721,3519.8 -71.847193,-13.408721,3519.8 -71.847194,-13.408721,3519.8 -71.847194,-13.408721,3519.8 -71.847194,-13.408721,3519.8 -71.847195,-13.408720,3519.8 -71.847195,-13.408719,3519.8 -71.847195,-13.408719,3519.8 -71.847195,-13.408720,3519.8 -71.847195,-13.408720,3519.8 -71.847194,-13.408720,3519.8 -71.847194,-13.408720,3519.6 -71.847193,-13.408720,3519.6 -71.847193,-13.408720,3519.6 -71.847193,-13.408720,3519.6 -71.847193,-13.408720,3519.6 -71.847193,-13.408719,3519.6 -71.847193,-13.408718,3519.6 -71.847193,-13.408718,3519.6 -71.847193,-13.408718,3519.4 -71.847193,-13.408718,3519.4 -71.847193,-13.408718,3519.4 -71.847193,-13.408718,3519.6 -71.847193,-13.408718,3519.6 -71.847193,-13.408717,3519.6 -71.847193,-13.408718,3519.6 -71.847193,-13.408718,3519.8 -71.847193,-13.408718,3519.8 -71.847193,-13.408718,3519.8 -71.847193,-13.408718,3519.8 -71.847193,-13.408719,3519.8 -71.847193,-13.408719,3520 -71.847193,-13.408720,3520 -71.847193,-13.408721,3520.2 -71.847193,-13.408722,3520.2 -71.847193,-13.408723,3520.2 -71.847193,-13.408724,3520.2 -71.847193,-13.408724,3520.2 -71.847194,-13.408725,3520.2 -71.847194,-13.408726,3520.2 -71.847194,-13.408726,3520.2 -71.847194,-13.408726,3520.2 -71.847194,-13.408726,3520.2 -71.847194,-13.408726,3520.2 -71.847194,-13.408726,3520.2 -71.847194,-13.408726,3520.2 -71.847194,-13.408726,3520.2 -71.847193,-13.408725,3520.2 -71.847193,-13.408725,3520.2 -71.847193,-13.408725,3520.2 -71.847193,-13.408724,3520.4 -71.847193,-13.408724,3520.4 -71.847193,-13.408725,3520.4 -71.847193,-13.408725,3520.4 -71.847193,-13.408725,3520.6 -71.847193,-13.408726,3520.6 -71.847193,-13.408726,3520.6 -71.847193,-13.408726,3520.6 -71.847193,-13.408726,3520.6 -71.847193,-13.408726,3520.6 -71.847193,-13.408726,3520.6 -71.847193,-13.408726,3520.6 -71.847193,-13.408726,3520.6 -71.847193,-13.408726,3520.6 -71.847193,-13.408726,3520.6 -71.847192,-13.408726,3520.6 -71.847192,-13.408726,3520.6 -71.847193,-13.408727,3520.6 -71.847194,-13.408726,3520.6 -71.847196,-13.408726,3520.6 -71.847199,-13.408722,3520.8 -71.847200,-13.408718,3520.8 -71.847202,-13.408714,3520.8 -71.847205,-13.408710,3520.8 -71.847208,-13.408704,3520.8 -71.847209,-13.408699,3520.8 -71.847210,-13.408695,3520.8 -71.847212,-13.408687,3520.8 -71.847213,-13.408683,3520.6 -71.847215,-13.408677,3520.8 -71.847216,-13.408673,3520.8 -71.847216,-13.408669,3520.8 -71.847215,-13.408665,3520.8 -71.847215,-13.408659,3521 -71.847214,-13.408653,3521 -71.847214,-13.408647,3521 -71.847215,-13.408641,3521 -71.847217,-13.408636,3521.2 -71.847219,-13.408632,3521.2 -71.847221,-13.408628,3521.2 -71.847222,-13.408626,3521.4 -71.847226,-13.408622,3521.4 -71.847227,-13.408618,3521.6 -71.847228,-13.408615,3521.6 -71.847230,-13.408611,3521.8 -71.847233,-13.408609,3522 -71.847236,-13.408607,3522 -71.847240,-13.408606,3522 -71.847244,-13.408602,3522.2 -71.847247,-13.408599,3522.2 -71.847250,-13.408594,3522.4 -71.847252,-13.408591,3522.6 -71.847252,-13.408587,3522.6 -71.847251,-13.408583,3522.8 -71.847250,-13.408578,3522.8 -71.847249,-13.408573,3523 -71.847247,-13.408569,3523 -71.847248,-13.408564,3523.2 -71.847250,-13.408558,3523.2 -71.847252,-13.408555,3523.4 -71.847255,-13.408554,3523.6 -71.847257,-13.408553,3523.8 -71.847260,-13.408552,3523.8 -71.847263,-13.408549,3524 -71.847267,-13.408547,3524.2 -71.847271,-13.408544,3524.2 -71.847275,-13.408544,3524.4 -71.847280,-13.408543,3524.6 -71.847284,-13.408542,3524.6 -71.847286,-13.408538,3525 -71.847287,-13.408533,3525 -71.847287,-13.408529,3525.2 -71.847287,-13.408526,3525.2 -71.847289,-13.408521,3525.4 -71.847290,-13.408515,3525.6 -71.847291,-13.408511,3525.6 -71.847291,-13.408506,3525.8 -71.847292,-13.408502,3525.8 -71.847291,-13.408498,3526 -71.847289,-13.408493,3526 -71.847284,-13.408489,3526.2 -71.847280,-13.408487,3526.2 -71.847276,-13.408486,3526.4 -71.847273,-13.408484,3526.4 -71.847269,-13.408482,3526.4 -71.847266,-13.408479,3526.6 -71.847264,-13.408476,3526.8 -71.847263,-13.408471,3526.8 -71.847262,-13.408467,3527 -71.847260,-13.408462,3527 -71.847259,-13.408459,3527.2 -71.847259,-13.408455,3527.4 -71.847258,-13.408452,3527.4 -71.847259,-13.408449,3527.4 -71.847260,-13.408447,3527.6 -71.847263,-13.408445,3527.6 -71.847266,-13.408443,3527.8 -71.847269,-13.408442,3527.8 -71.847270,-13.408441,3528 -71.847273,-13.408440,3528.2 -71.847275,-13.408438,3528.2 -71.847278,-13.408438,3528.4 -71.847279,-13.408439,3528.4 -71.847279,-13.408439,3528.6 -71.847279,-13.408439,3528.6 -71.847277,-13.408435,3528.6 -71.847276,-13.408432,3528.8 -71.847276,-13.408428,3528.8 -71.847273,-13.408423,3528.8 -71.847270,-13.408419,3528.8 -71.847267,-13.408416,3529 -71.847266,-13.408413,3529 -71.847266,-13.408409,3529 -71.847265,-13.408405,3529 -71.847265,-13.408400,3529.2 -71.847266,-13.408396,3529.2 -71.847271,-13.408392,3529.4 -71.847274,-13.408389,3529.4 -71.847278,-13.408387,3529.6 -71.847279,-13.408386,3529.6 -71.847279,-13.408382,3529.8 -71.847281,-13.408378,3529.8 -71.847281,-13.408373,3529.8 -71.847280,-13.408370,3530 -71.847281,-13.408370,3530 -71.847281,-13.408369,3530.2 -71.847279,-13.408367,3530.2 -71.847276,-13.408363,3530.2 -71.847271,-13.408359,3530.4 -71.847266,-13.408356,3530.4 -71.847260,-13.408352,3530.6 -71.847253,-13.408349,3530.6 -71.847247,-13.408346,3530.8 -71.847244,-13.408343,3530.8 -71.847242,-13.408341,3531 -71.847240,-13.408337,3531 -71.847238,-13.408332,3531.2 -71.847237,-13.408329,3531.4 -71.847237,-13.408326,3531.4 -71.847238,-13.408324,3531.6 -71.847240,-13.408321,3531.8 -71.847243,-13.408321,3532 -71.847247,-13.408320,3532.2 -71.847252,-13.408319,3532.4 -71.847260,-13.408317,3532.4 -71.847270,-13.408316,3532.6 -71.847278,-13.408315,3532.8 -71.847286,-13.408316,3533 -71.847292,-13.408316,3533.2 -71.847293,-13.408316,3533.4 -71.847296,-13.408317,3533.4 -71.847301,-13.408315,3533.6 -71.847305,-13.408312,3533.8 -71.847310,-13.408311,3533.8 -71.847320,-13.408310,3534 -71.847331,-13.408309,3534.2 -71.847340,-13.408309,3534.4 -71.847349,-13.408305,3534.4 -71.847359,-13.408300,3534.6 -71.847366,-13.408296,3534.8 -71.847370,-13.408294,3535 -71.847374,-13.408292,3535 -71.847380,-13.408288,3535.2 -71.847386,-13.408284,3535.4 -71.847391,-13.408279,3535.6 -71.847394,-13.408274,3536 -71.847396,-13.408272,3536.2 -71.847399,-13.408270,3536.4 -71.847402,-13.408264,3536.6 -71.847405,-13.408260,3536.8 -71.847410,-13.408257,3537 -71.847417,-13.408252,3537 -71.847423,-13.408249,3537.2 -71.847430,-13.408246,3537.4 -71.847436,-13.408241,3537.6 -71.847440,-13.408237,3537.8 -71.847446,-13.408235,3538 -71.847452,-13.408234,3538.2 -71.847461,-13.408231,3538.4 -71.847467,-13.408228,3538.6 -71.847471,-13.408223,3538.8 -71.847476,-13.408217,3539 -71.847478,-13.408214,3539.2 -71.847481,-13.408210,3539.4 -71.847485,-13.408206,3539.6 -71.847489,-13.408202,3540 -71.847491,-13.408196,3540.2 -71.847491,-13.408192,3540.4 -71.847491,-13.408184,3540.6 -71.847491,-13.408176,3541 -71.847492,-13.408171,3541.2 -71.847492,-13.408168,3541.4 -71.847493,-13.408165,3541.6 -71.847494,-13.408162,3541.8 -71.847495,-13.408158,3541.8 -71.847496,-13.408152,3541.6 -71.847495,-13.408148,3541.6 -71.847491,-13.408143,3541.6 -71.847489,-13.408140,3541.8 -71.847490,-13.408137,3541.8 -71.847492,-13.408130,3541.6 -71.847490,-13.408125,3541.8 -71.847488,-13.408119,3541.8 -71.847485,-13.408115,3541.8 -71.847483,-13.408107,3541.8 -71.847483,-13.408098,3542 -71.847482,-13.408092,3542 -71.847482,-13.408087,3542 -71.847485,-13.408080,3542 -71.847486,-13.408072,3542 -71.847487,-13.408066,3542 -71.847489,-13.408060,3542.2 -71.847491,-13.408054,3542.2 -71.847493,-13.408047,3542.2 -71.847495,-13.408041,3542.4 -71.847495,-13.408035,3542.4 -71.847494,-13.408029,3542.4 -71.847495,-13.408022,3542.4 -71.847496,-13.408015,3542.4 -71.847496,-13.408011,3542.4 -71.847496,-13.408006,3542.6 -71.847495,-13.408002,3542.6 -71.847495,-13.407997,3542.6 -71.847495,-13.407992,3542.6 -71.847496,-13.407985,3542.6 -71.847496,-13.407979,3542.8 -71.847496,-13.407975,3542.8 -71.847498,-13.407969,3543 -71.847498,-13.407964,3543 -71.847498,-13.407959,3543 -71.847497,-13.407955,3543.2 -71.847496,-13.407950,3543.2 -71.847496,-13.407946,3543.4 -71.847495,-13.407942,3543.4 -71.847496,-13.407936,3543.6 -71.847495,-13.407930,3543.8 -71.847494,-13.407928,3543.8 -71.847496,-13.407924,3544 -71.847498,-13.407917,3544 -71.847500,-13.407912,3544 -71.847504,-13.407905,3544.2 -71.847505,-13.407899,3544.2 -71.847505,-13.407893,3544.4 -71.847506,-13.407886,3544.4 -71.847507,-13.407880,3544.6 -71.847510,-13.407875,3544.6 -71.847512,-13.407870,3544.6 -71.847514,-13.407864,3544.8 -71.847515,-13.407859,3544.8 -71.847521,-13.407852,3544.8 -71.847526,-13.407845,3544.8 -71.847529,-13.407838,3545 -71.847532,-13.407830,3545 -71.847534,-13.407824,3545 -71.847537,-13.407817,3545 -71.847538,-13.407810,3545.2 -71.847538,-13.407806,3545.2 -71.847539,-13.407801,3545.2 -71.847540,-13.407797,3545.2 -71.847542,-13.407793,3545.4 -71.847545,-13.407790,3545.4 -71.847548,-13.407785,3545.4 -71.847552,-13.407780,3545.4 -71.847554,-13.407775,3545.4 -71.847556,-13.407769,3545.4 -71.847558,-13.407763,3545.6 -71.847561,-13.407755,3545.6 -71.847563,-13.407750,3545.8 -71.847565,-13.407745,3545.8 -71.847565,-13.407741,3545.8 -71.847566,-13.407737,3545.8 -71.847567,-13.407732,3546 -71.847568,-13.407728,3546 -71.847570,-13.407723,3546 -71.847576,-13.407718,3546 -71.847581,-13.407713,3546.2 -71.847584,-13.407708,3546.2 -71.847587,-13.407704,3546.2 -71.847589,-13.407701,3546.2 -71.847591,-13.407698,3546.4 -71.847592,-13.407695,3546.4 -71.847596,-13.407691,3546.4 -71.847600,-13.407686,3546.4 -71.847604,-13.407681,3546.6 -71.847607,-13.407676,3546.6 -71.847609,-13.407671,3546.6 -71.847609,-13.407668,3546.6 -71.847607,-13.407664,3546.8 -71.847607,-13.407661,3546.8 -71.847606,-13.407657,3546.8 -71.847605,-13.407655,3546.8 -71.847603,-13.407653,3546.8 -71.847600,-13.407651,3546.8 -71.847596,-13.407648,3547 -71.847594,-13.407647,3547 -71.847592,-13.407645,3547 -71.847590,-13.407643,3547 -71.847587,-13.407640,3547 -71.847586,-13.407637,3547.2 -71.847585,-13.407633,3547.2 -71.847585,-13.407629,3547.2 -71.847587,-13.407624,3547.4 -71.847588,-13.407620,3547.4 -71.847592,-13.407616,3547.6 -71.847594,-13.407612,3547.6 -71.847597,-13.407608,3547.6 -71.847598,-13.407603,3547.8 -71.847599,-13.407598,3547.8 -71.847598,-13.407596,3547.8 -71.847598,-13.407596,3547.8 -71.847598,-13.407596,3547.8 -71.847598,-13.407596,3547.8 -71.847598,-13.407596,3547.8 -71.847599,-13.407596,3547.8 -71.847599,-13.407596,3547.8 -71.847598,-13.407596,3547.8 -71.847598,-13.407597,3547.8 -71.847597,-13.407597,3547.8 -71.847596,-13.407597,3547.8 -71.847596,-13.407597,3547.8 -71.847595,-13.407598,3547.8 -71.847594,-13.407598,3547.8 -71.847594,-13.407597,3547.8 -71.847594,-13.407597,3548 -71.847596,-13.407591,3548 -71.847597,-13.407587,3548 -71.847600,-13.407582,3548.2 -71.847601,-13.407578,3548.2 -71.847604,-13.407570,3548.4 -71.847605,-13.407563,3548.4 -71.847605,-13.407561,3548.4 -71.847606,-13.407557,3548.4 -71.847610,-13.407549,3548.6 -71.847612,-13.407545,3548.6 -71.847615,-13.407539,3548.8 -71.847618,-13.407534,3548.8 -71.847622,-13.407528,3549 -71.847626,-13.407521,3549 -71.847628,-13.407514,3549 -71.847632,-13.407507,3549.2 -71.847632,-13.407501,3549.2 -71.847632,-13.407496,3549.2 -71.847634,-13.407490,3549.2 -71.847638,-13.407481,3549.4 -71.847639,-13.407475,3549.4 -71.847641,-13.407471,3549.4 -71.847643,-13.407464,3549.4 -71.847646,-13.407457,3549.4 -71.847650,-13.407449,3549.6 -71.847653,-13.407443,3549.6 -71.847656,-13.407435,3549.6 -71.847659,-13.407427,3549.6 -71.847662,-13.407422,3549.6 -71.847668,-13.407415,3549.8 -71.847672,-13.407408,3549.8 -71.847675,-13.407400,3549.8 -71.847680,-13.407392,3549.8 -71.847682,-13.407388,3549.8 -71.847682,-13.407382,3550 -71.847684,-13.407376,3550 -71.847687,-13.407369,3550.2 -71.847689,-13.407360,3550.2 -71.847690,-13.407355,3550.2 -71.847693,-13.407349,3550.4 -71.847695,-13.407346,3550.4 -71.847696,-13.407342,3550.4 -71.847694,-13.407339,3550.4 -71.847692,-13.407336,3550.4 -71.847691,-13.407334,3550.4 -71.847690,-13.407330,3550.6 -71.847689,-13.407326,3550.8 -71.847687,-13.407323,3551 -71.847687,-13.407320,3551 -71.847689,-13.407316,3551 -71.847693,-13.407309,3551.2 -71.847696,-13.407304,3551.2 -71.847698,-13.407299,3551.2 -71.847699,-13.407296,3551.4 -71.847697,-13.407292,3551.4 -71.847696,-13.407288,3551.4 -71.847694,-13.407286,3551.6 -71.847695,-13.407283,3551.6 -71.847696,-13.407279,3551.6 -71.847698,-13.407276,3551.8 -71.847700,-13.407271,3551.8 -71.847700,-13.407267,3552 -71.847701,-13.407261,3552 -71.847701,-13.407255,3552 -71.847699,-13.407252,3552.2 -71.847697,-13.407249,3552.2 -71.847694,-13.407248,3552.2 -71.847690,-13.407249,3552.4 -71.847687,-13.407250,3552.4 -71.847685,-13.407249,3552.6 -71.847686,-13.407245,3552.6 -71.847688,-13.407240,3552.8 -71.847690,-13.407237,3553 -71.847691,-13.407236,3553 -71.847692,-13.407236,3553 -71.847693,-13.407237,3553 -71.847693,-13.407237,3553.2 -71.847693,-13.407237,3553.2 -71.847693,-13.407237,3553.2 -71.847693,-13.407238,3553.4 -71.847693,-13.407237,3553.4 -71.847693,-13.407234,3553.4 -71.847693,-13.407228,3553.4 -71.847693,-13.407220,3553.4 -71.847692,-13.407213,3553.6 -71.847691,-13.407208,3553.6 -71.847693,-13.407200,3553.6 -71.847694,-13.407194,3553.6 -71.847696,-13.407188,3553.8 -71.847695,-13.407184,3553.8 -71.847693,-13.407180,3554 -71.847692,-13.407176,3554 -71.847692,-13.407171,3554 -71.847692,-13.407165,3554.2 -71.847689,-13.407160,3554.2 -71.847685,-13.407157,3554.2 -71.847682,-13.407155,3554.4 -71.847678,-13.407155,3554.4 -71.847674,-13.407158,3554.4 -71.847668,-13.407159,3554.6 -71.847661,-13.407162,3554.6 -71.847656,-13.407163,3554.8 -71.847652,-13.407162,3554.8 -71.847649,-13.407159,3554.8 -71.847648,-13.407155,3555 -71.847647,-13.407151,3555.2 -71.847646,-13.407148,3555.2 -71.847644,-13.407143,3555.4 -71.847642,-13.407140,3555.4 -71.847639,-13.407135,3555.6 -71.847636,-13.407132,3555.8 -71.847634,-13.407129,3555.8 -71.847630,-13.407126,3556 -71.847627,-13.407124,3556 -71.847623,-13.407123,3556.2 -71.847618,-13.407122,3556.2 -71.847614,-13.407121,3556.4 -71.847611,-13.407119,3556.6 -71.847608,-13.407117,3556.6 -71.847604,-13.407116,3556.8 -71.847600,-13.407114,3557 -71.847595,-13.407110,3557 -71.847591,-13.407107,3557.2 -71.847587,-13.407102,3557.4 -71.847583,-13.407097,3557.4 -71.847580,-13.407091,3557.6 -71.847578,-13.407086,3557.8 -71.847577,-13.407084,3558 -71.847575,-13.407080,3558 -71.847572,-13.407076,3558.2 -71.847568,-13.407071,3558.2 -71.847565,-13.407065,3558.4 -71.847563,-13.407062,3558.6 -71.847561,-13.407059,3558.6 -71.847559,-13.407056,3558.8 -71.847555,-13.407054,3559 -71.847551,-13.407049,3559.2 -71.847548,-13.407044,3559.2 -71.847544,-13.407038,3559.4 -71.847543,-13.407032,3559.6 -71.847541,-13.407026,3559.8 -71.847539,-13.407020,3559.8 -71.847539,-13.407015,3560 -71.847538,-13.407010,3560 -71.847540,-13.407003,3560.2 -71.847542,-13.406996,3560.2 -71.847543,-13.406988,3560.4 -71.847542,-13.406980,3560.4 -71.847541,-13.406975,3560.6 -71.847542,-13.406970,3560.6 -71.847542,-13.406966,3560.6 -71.847543,-13.406965,3560.8 -71.847543,-13.406965,3560.8 -71.847544,-13.406966,3561 -71.847544,-13.406966,3561 -71.847544,-13.406967,3561 -71.847544,-13.406967,3560.8 -71.847544,-13.406968,3560.8 -71.847543,-13.406968,3560.8 -71.847543,-13.406964,3560.8 -71.847544,-13.406957,3561 -71.847541,-13.406952,3561 -71.847535,-13.406949,3561 -71.847530,-13.406947,3561.2 -71.847525,-13.406945,3561.2 -71.847521,-13.406940,3561.2 -71.847518,-13.406932,3561.4 -71.847517,-13.406926,3561.4 -71.847515,-13.406920,3561.4 -71.847513,-13.406915,3561.6 -71.847513,-13.406910,3561.6 -71.847517,-13.406900,3561.6 -71.847522,-13.406890,3561.6 -71.847526,-13.406883,3561.8 -71.847531,-13.406875,3561.8 -71.847535,-13.406867,3562 -71.847537,-13.406861,3562 -71.847538,-13.406856,3562.2 -71.847539,-13.406850,3562.2 -71.847537,-13.406843,3562.2 -71.847538,-13.406837,3562.2 -71.847540,-13.406831,3562.4 -71.847543,-13.406826,3562.4 -71.847545,-13.406820,3562.4 -71.847545,-13.406812,3562.6 -71.847546,-13.406806,3562.6 -71.847550,-13.406799,3562.8 -71.847552,-13.406792,3562.8 -71.847554,-13.406785,3562.8 -71.847556,-13.406779,3563 -71.847557,-13.406773,3563 -71.847558,-13.406770,3563.2 -71.847558,-13.406766,3563.2 -71.847556,-13.406762,3563.2 -71.847555,-13.406757,3563.2 -71.847553,-13.406752,3563.4 -71.847549,-13.406749,3563.4 -71.847547,-13.406743,3563.6 -71.847544,-13.406737,3563.6 -71.847541,-13.406728,3563.8 -71.847539,-13.406721,3563.8 -71.847540,-13.406713,3563.8 -71.847542,-13.406703,3564 -71.847544,-13.406695,3564.2 -71.847548,-13.406687,3564.2 -71.847551,-13.406680,3564.4 -71.847553,-13.406673,3564.4 -71.847558,-13.406665,3564.6 -71.847564,-13.406654,3564.6 -71.847567,-13.406647,3564.8 -71.847568,-13.406642,3564.8 -71.847568,-13.406636,3565 -71.847568,-13.406628,3565 -71.847569,-13.406619,3565 -71.847568,-13.406613,3565.2 -71.847569,-13.406605,3565.2 -71.847569,-13.406598,3565.4 -71.847567,-13.406592,3565.4 -71.847565,-13.406587,3565.6 -71.847564,-13.406585,3565.6 -71.847565,-13.406584,3565.8 -71.847565,-13.406583,3565.8 -71.847566,-13.406583,3565.8 -71.847566,-13.406582,3566 -71.847567,-13.406579,3566 -71.847567,-13.406574,3566 -71.847567,-13.406567,3566.2 -71.847565,-13.406559,3566.4 -71.847564,-13.406550,3566.4 -71.847565,-13.406543,3566.4 -71.847567,-13.406538,3566.6 -71.847568,-13.406530,3566.6 -71.847570,-13.406524,3566.8 -71.847574,-13.406517,3566.8 -71.847577,-13.406509,3566.8 -71.847580,-13.406504,3566.8 -71.847581,-13.406499,3567 -71.847580,-13.406494,3567 -71.847580,-13.406490,3567 -71.847579,-13.406483,3567 -71.847576,-13.406477,3567.2 -71.847574,-13.406471,3567.2 -71.847573,-13.406467,3567.4 -71.847575,-13.406460,3567.4 -71.847578,-13.406454,3567.4 -71.847579,-13.406447,3567.6 -71.847580,-13.406441,3567.6 -71.847581,-13.406435,3567.6 -71.847582,-13.406427,3567.6 -71.847582,-13.406421,3567.8 -71.847581,-13.406415,3567.8 -71.847580,-13.406411,3568 -71.847582,-13.406404,3568 -71.847582,-13.406398,3568 -71.847584,-13.406389,3568.2 -71.847585,-13.406382,3568.2 -71.847586,-13.406376,3568.2 -71.847588,-13.406368,3568.4 -71.847589,-13.406364,3568.4 -71.847587,-13.406359,3568.6 -71.847587,-13.406352,3568.6 -71.847588,-13.406344,3568.6 -71.847587,-13.406336,3568.8 -71.847589,-13.406326,3568.8 -71.847588,-13.406318,3568.8 -71.847586,-13.406311,3568.8 -71.847587,-13.406302,3569 -71.847587,-13.406296,3569 -71.847586,-13.406288,3569.2 -71.847585,-13.406279,3569.2 -71.847585,-13.406272,3569.4 -71.847584,-13.406266,3569.4 -71.847582,-13.406260,3569.4 -71.847585,-13.406250,3569.6 -71.847587,-13.406240,3569.8 -71.847590,-13.406231,3569.8 -71.847591,-13.406224,3569.8 -71.847591,-13.406218,3570 -71.847593,-13.406211,3570 -71.847594,-13.406207,3570 -71.847595,-13.406202,3570.2 -71.847594,-13.406196,3570.2 -71.847594,-13.406189,3570.2 -71.847594,-13.406182,3570.2 -71.847595,-13.406176,3570.4 -71.847594,-13.406168,3570.4 -71.847593,-13.406159,3570.4 -71.847593,-13.406153,3570.6 -71.847596,-13.406145,3570.6 -71.847600,-13.406137,3570.6 -71.847607,-13.406127,3570.8 -71.847612,-13.406120,3570.8 -71.847615,-13.406113,3570.8 -71.847617,-13.406105,3570.8 -71.847620,-13.406097,3571 -71.847623,-13.406091,3571 -71.847624,-13.406081,3571 -71.847626,-13.406073,3571 -71.847626,-13.406063,3570.8 -71.847626,-13.406055,3571 -71.847629,-13.406045,3571 -71.847630,-13.406036,3571 -71.847632,-13.406028,3571 -71.847634,-13.406022,3571 -71.847633,-13.406014,3571.2 -71.847632,-13.406008,3571.2 -71.847633,-13.405998,3571.2 -71.847634,-13.405990,3571.2 -71.847635,-13.405984,3571.4 -71.847638,-13.405978,3571.4 -71.847640,-13.405971,3571.4 -71.847640,-13.405964,3571.4 -71.847642,-13.405958,3571.6 -71.847645,-13.405950,3571.6 -71.847646,-13.405943,3571.8 -71.847650,-13.405937,3571.8 -71.847653,-13.405928,3571.8 -71.847655,-13.405921,3572 -71.847660,-13.405914,3572 -71.847662,-13.405905,3572 -71.847663,-13.405899,3572.2 -71.847664,-13.405889,3572.2 -71.847666,-13.405880,3572.2 -71.847667,-13.405874,3572.4 -71.847668,-13.405868,3572.4 -71.847667,-13.405860,3572.6 -71.847666,-13.405855,3572.6 -71.847667,-13.405848,3572.6 -71.847668,-13.405841,3572.8 -71.847667,-13.405836,3572.8 -71.847669,-13.405830,3573 -71.847670,-13.405828,3573 -71.847672,-13.405827,3573.2 -71.847674,-13.405826,3573.2 -71.847675,-13.405825,3573.2 -71.847677,-13.405825,3573.4 -71.847677,-13.405824,3573.4 -71.847677,-13.405824,3573.6 -71.847677,-13.405824,3573.8 -71.847677,-13.405824,3573.8 -71.847678,-13.405823,3574 -71.847679,-13.405822,3574.2 -71.847680,-13.405821,3574.2 -71.847681,-13.405820,3574.4 -71.847682,-13.405819,3574.4 -71.847683,-13.405819,3574.4 -71.847685,-13.405818,3574.6 -71.847687,-13.405817,3574.6 -71.847688,-13.405817,3574.6 -71.847690,-13.405817,3574.6 -71.847692,-13.405818,3574.8 -71.847693,-13.405818,3574.8 -71.847694,-13.405817,3575 -71.847695,-13.405817,3575 -71.847694,-13.405816,3575.2 -71.847694,-13.405816,3575.2 -71.847693,-13.405815,3575.2 -71.847692,-13.405814,3575.2 -71.847693,-13.405813,3575.2 -71.847695,-13.405811,3575.2 -71.847694,-13.405807,3575 -71.847688,-13.405802,3575 -71.847680,-13.405799,3574.8 -71.847677,-13.405798,3574.8 -71.847674,-13.405798,3574.8 -71.847674,-13.405798,3574.8 -71.847673,-13.405800,3574.8 -71.847673,-13.405801,3575 -71.847674,-13.405800,3575 -71.847675,-13.405799,3575.2 -71.847675,-13.405799,3575.2 -71.847676,-13.405798,3575.4 -71.847675,-13.405798,3575.4 -71.847675,-13.405798,3575.4 -71.847674,-13.405798,3575.4 -71.847674,-13.405799,3575.4 -71.847673,-13.405799,3575.4 -71.847674,-13.405798,3575.4 -71.847673,-13.405799,3575.4 -71.847674,-13.405798,3575.4 -71.847674,-13.405798,3575.4 -71.847674,-13.405798,3575.4 -71.847674,-13.405798,3575.4 -71.847674,-13.405797,3575.4 -71.847673,-13.405796,3575.2 -71.847672,-13.405795,3575.2 -71.847670,-13.405795,3575.2 -71.847669,-13.405795,3575.2 -71.847666,-13.405795,3575.2 -71.847664,-13.405794,3575.4 -71.847662,-13.405794,3575.2 -71.847660,-13.405794,3575.2 -71.847658,-13.405795,3575.2 -71.847657,-13.405795,3575.2 -71.847656,-13.405795,3575.2 -71.847655,-13.405795,3575.2 -71.847654,-13.405796,3575.2 -71.847654,-13.405796,3575.2 -71.847653,-13.405797,3575 -71.847653,-13.405797,3575 -71.847653,-13.405798,3575 -71.847652,-13.405800,3575 -71.847653,-13.405799,3575 -71.847652,-13.405800,3575 -71.847652,-13.405800,3575 -71.847653,-13.405799,3575 -71.847652,-13.405799,3575 -71.847647,-13.405795,3575 -71.847645,-13.405790,3575 -71.847642,-13.405782,3575 -71.847640,-13.405776,3575 -71.847637,-13.405771,3575 -71.847634,-13.405766,3575 -71.847632,-13.405760,3575 -71.847630,-13.405754,3575 -71.847628,-13.405748,3575 -71.847627,-13.405741,3575 -71.847627,-13.405735,3575 -71.847626,-13.405731,3575 -71.847625,-13.405726,3575 -71.847623,-13.405721,3575 -71.847621,-13.405715,3575 -71.847618,-13.405711,3575 -71.847614,-13.405706,3575 -71.847612,-13.405699,3575 -71.847613,-13.405690,3575 -71.847612,-13.405683,3575 -71.847611,-13.405676,3575 -71.847608,-13.405669,3575 -71.847604,-13.405661,3575 -71.847601,-13.405654,3575 -71.847600,-13.405647,3575 -71.847600,-13.405642,3575 -71.847596,-13.405636,3575 -71.847592,-13.405630,3575 -71.847589,-13.405625,3575 -71.847585,-13.405620,3575 -71.847582,-13.405616,3574.8 -71.847577,-13.405609,3574.8 -71.847574,-13.405603,3574.8 -71.847571,-13.405599,3574.8 -71.847570,-13.405592,3574.8 -71.847568,-13.405587,3574.8 -71.847564,-13.405580,3574.8 -71.847561,-13.405575,3574.8 -71.847557,-13.405569,3574.8 -71.847554,-13.405561,3574.8 -71.847552,-13.405553,3574.8 -71.847550,-13.405548,3574.8 -71.847549,-13.405543,3574.8 -71.847548,-13.405538,3574.6 -71.847547,-13.405531,3574.8 -71.847546,-13.405524,3574.6 -71.847545,-13.405519,3574.6 -71.847543,-13.405512,3574.6 -71.847542,-13.405505,3574.6 -71.847541,-13.405500,3574.6 -71.847541,-13.405493,3574.6 -71.847539,-13.405487,3574.6 -71.847537,-13.405477,3574.6 -71.847536,-13.405469,3574.6 -71.847536,-13.405461,3574.6 -71.847536,-13.405453,3574.6 -71.847535,-13.405447,3574.6 -71.847534,-13.405440,3574.6 -71.847532,-13.405434,3574.6 -71.847530,-13.405429,3574.6 -71.847530,-13.405423,3574.8 -71.847531,-13.405418,3574.8 -71.847533,-13.405414,3574.8 -71.847535,-13.405411,3575 -71.847537,-13.405406,3575 -71.847538,-13.405402,3575 -71.847540,-13.405399,3575 -71.847542,-13.405394,3575.2 -71.847544,-13.405390,3575.2 -71.847547,-13.405387,3575.4 -71.847552,-13.405383,3575.4 -71.847555,-13.405376,3575.4 -71.847559,-13.405369,3575.4 -71.847557,-13.405363,3575.6 -71.847559,-13.405357,3575.8 -71.847559,-13.405352,3575.8 -71.847558,-13.405344,3576 -71.847555,-13.405339,3576 -71.847552,-13.405332,3576.2 -71.847548,-13.405327,3576.4 -71.847547,-13.405322,3576.6 -71.847544,-13.405315,3576.8 -71.847542,-13.405312,3577 -71.847541,-13.405307,3577 -71.847540,-13.405302,3577.2 -71.847538,-13.405297,3577.4 -71.847536,-13.405292,3577.6 -71.847534,-13.405286,3577.8 -71.847532,-13.405283,3577.8 -71.847532,-13.405280,3578 -71.847533,-13.405276,3578.2 -71.847537,-13.405269,3578.4 -71.847541,-13.405265,3578.6 -71.847546,-13.405262,3578.8 -71.847550,-13.405260,3578.8 -71.847552,-13.405256,3579 -71.847553,-13.405252,3579 -71.847553,-13.405248,3579.2 -71.847556,-13.405242,3579.2 -71.847557,-13.405238,3579.4 -71.847556,-13.405234,3579.4 -71.847556,-13.405230,3579.6 -71.847556,-13.405226,3579.8 -71.847556,-13.405223,3580 -71.847555,-13.405220,3580 -71.847556,-13.405216,3580.2 -71.847556,-13.405211,3580.4 -71.847556,-13.405207,3580.4 -71.847554,-13.405203,3580.6 -71.847552,-13.405199,3580.6 -71.847549,-13.405195,3580.8 -71.847545,-13.405191,3581 -71.847544,-13.405191,3581 -71.847544,-13.405191,3581.2 -71.847544,-13.405191,3581.4 -71.847545,-13.405190,3581.4 -71.847545,-13.405190,3581.4 -71.847546,-13.405190,3581.6 -71.847546,-13.405190,3581.6 -71.847546,-13.405190,3581.8 -71.847546,-13.405191,3581.8 -71.847546,-13.405191,3581.8 -71.847545,-13.405192,3581.8 -71.847543,-13.405192,3582 -71.847542,-13.405193,3582 -71.847542,-13.405193,3582 -71.847541,-13.405194,3582 -71.847541,-13.405194,3582 -71.847542,-13.405191,3582.2 -71.847540,-13.405190,3582.2 -71.847538,-13.405184,3582.4 -71.847537,-13.405182,3582.2 -71.847538,-13.405175,3582.4 -71.847539,-13.405169,3582.4 -71.847538,-13.405166,3582.4 -71.847538,-13.405161,3582.6 -71.847538,-13.405155,3582.8 -71.847539,-13.405151,3582.8 -71.847539,-13.405147,3583 -71.847541,-13.405146,3583 -71.847543,-13.405145,3583 -71.847544,-13.405145,3583 -71.847546,-13.405144,3583 -71.847546,-13.405145,3583 -71.847547,-13.405141,3583 -71.847549,-13.405135,3583.2 -71.847550,-13.405128,3583.2 -71.847552,-13.405120,3583.2 -71.847552,-13.405114,3583.4 -71.847551,-13.405108,3583.4 -71.847551,-13.405101,3583.4 -71.847551,-13.405096,3583.6 -71.847551,-13.405090,3583.6 -71.847551,-13.405086,3583.8 -71.847552,-13.405079,3583.8 -71.847552,-13.405073,3584 -71.847553,-13.405069,3584 -71.847554,-13.405064,3584 -71.847556,-13.405060,3584.2 -71.847558,-13.405056,3584.4 -71.847559,-13.405051,3584.4 -71.847559,-13.405047,3584.4 -71.847559,-13.405042,3584.4 -71.847559,-13.405037,3584.4 -71.847559,-13.405031,3584.6 -71.847560,-13.405025,3584.6 -71.847558,-13.405018,3584.6 -71.847561,-13.405013,3584.6 -71.847563,-13.405009,3584.6 -71.847565,-13.405004,3584.8 -71.847566,-13.405001,3585 -71.847568,-13.404998,3585 -71.847567,-13.404995,3585.2 -71.847568,-13.404990,3585.4 -71.847567,-13.404991,3585.2 -71.847565,-13.404988,3585.4 -71.847565,-13.404984,3585.4 -71.847565,-13.404980,3585.4 -71.847565,-13.404975,3585.6 -71.847568,-13.404966,3585.8 -71.847567,-13.404959,3585.8 -71.847564,-13.404953,3586 -71.847563,-13.404949,3586.2 -71.847564,-13.404943,3586.4 -71.847566,-13.404937,3586.4 -71.847566,-13.404932,3586.6 -71.847567,-13.404925,3586.8 -71.847568,-13.404917,3586.8 -71.847569,-13.404911,3587 -71.847571,-13.404904,3587.2 -71.847571,-13.404898,3587.2 -71.847573,-13.404890,3587.4 -71.847573,-13.404882,3587.6 -71.847572,-13.404875,3587.6 -71.847569,-13.404871,3587.8 -71.847567,-13.404867,3588 -71.847566,-13.404863,3588.2 -71.847566,-13.404859,3588.2 -71.847566,-13.404857,3588.4 -71.847567,-13.404856,3588.4 -71.847569,-13.404854,3588.6 -71.847570,-13.404851,3588.6 -71.847572,-13.404849,3588.6 -71.847573,-13.404846,3588.6 -71.847574,-13.404844,3588.6 -71.847576,-13.404842,3588.6 -71.847577,-13.404843,3588.6 -71.847578,-13.404839,3588.6 -71.847579,-13.404834,3588.8 -71.847579,-13.404828,3588.8 -71.847577,-13.404822,3588.8 -71.847576,-13.404816,3589 -71.847574,-13.404813,3589 -71.847573,-13.404811,3589.2 -71.847572,-13.404809,3589.2 -71.847570,-13.404804,3589.2 -71.847568,-13.404800,3589.4 -71.847567,-13.404795,3589.4 -71.847565,-13.404788,3589.6 -71.847562,-13.404783,3589.6 -71.847558,-13.404778,3589.8 -71.847554,-13.404774,3590 -71.847549,-13.404769,3590 -71.847545,-13.404764,3590.2 -71.847541,-13.404758,3590.2 -71.847538,-13.404751,3590.4 -71.847535,-13.404747,3590.4 -71.847532,-13.404741,3590.6 -71.847531,-13.404735,3590.6 -71.847530,-13.404731,3590.8 -71.847530,-13.404727,3591 -71.847527,-13.404723,3591 -71.847523,-13.404719,3591.2 -71.847520,-13.404715,3591.2 -71.847518,-13.404711,3591.4 -71.847516,-13.404707,3591.6 -71.847514,-13.404704,3591.8 -71.847511,-13.404701,3591.8 -71.847509,-13.404698,3592 -71.847507,-13.404694,3592.2 -71.847505,-13.404692,3592.4 -71.847505,-13.404689,3592.4 -71.847507,-13.404687,3592.6 -71.847507,-13.404687,3592.6 -71.847506,-13.404686,3592.6 -71.847506,-13.404686,3592.6 -71.847507,-13.404686,3592.8 -71.847508,-13.404685,3592.8 -71.847509,-13.404684,3592.8 -71.847510,-13.404683,3592.8 -71.847511,-13.404683,3592.8 -71.847513,-13.404679,3592.8 -71.847514,-13.404677,3593 -71.847514,-13.404673,3593 -71.847511,-13.404670,3593.2 -71.847510,-13.404667,3593.2 -71.847510,-13.404665,3593.4 -71.847510,-13.404661,3593.6 -71.847510,-13.404658,3593.8 -71.847510,-13.404652,3593.8 -71.847509,-13.404648,3594 -71.847507,-13.404643,3594 -71.847504,-13.404639,3594.2 -71.847504,-13.404633,3594.4 -71.847507,-13.404627,3594.4 -71.847510,-13.404627,3594.6 -71.847516,-13.404629,3594.6 -71.847522,-13.404632,3594.8 -71.847528,-13.404632,3595 -71.847534,-13.404631,3595 -71.847539,-13.404631,3595.2 -71.847541,-13.404627,3595.2 -71.847542,-13.404622,3595.4 -71.847544,-13.404616,3595.4 -71.847544,-13.404610,3595.6 -71.847543,-13.404605,3595.6 -71.847541,-13.404600,3595.6 -71.847539,-13.404596,3595.8 -71.847540,-13.404590,3595.8 -71.847539,-13.404588,3595.8 -71.847540,-13.404587,3595.8 -71.847540,-13.404586,3596 -71.847540,-13.404586,3596 -71.847540,-13.404586,3596.2 -71.847541,-13.404585,3596.2 -71.847541,-13.404585,3596.2 -71.847542,-13.404584,3596.4 -71.847541,-13.404584,3596.4 -71.847541,-13.404583,3596.4 -71.847540,-13.404583,3596.2 -71.847540,-13.404582,3596.2 -71.847539,-13.404581,3596.2 -71.847538,-13.404581,3596 -71.847537,-13.404581,3596 -71.847537,-13.404580,3596 -71.847537,-13.404581,3596 -71.847537,-13.404581,3596 -71.847538,-13.404582,3596 -71.847538,-13.404582,3596 -71.847538,-13.404583,3596 -71.847539,-13.404584,3596 -71.847540,-13.404584,3596 -71.847541,-13.404583,3596 -71.847541,-13.404581,3596 -71.847539,-13.404578,3596 -71.847538,-13.404570,3595.8 -71.847537,-13.404562,3596 -71.847535,-13.404556,3596 -71.847532,-13.404550,3596 -71.847532,-13.404545,3596.2 -71.847532,-13.404542,3596.2 -71.847535,-13.404538,3596.4 -71.847538,-13.404534,3596.4 -71.847542,-13.404533,3596.6 -71.847546,-13.404528,3596.6 -71.847549,-13.404523,3596.6 -71.847550,-13.404522,3596.8 -71.847550,-13.404521,3596.8 -71.847549,-13.404521,3597 -71.847548,-13.404520,3597 -71.847547,-13.404519,3597.2 -71.847547,-13.404519,3597.2 -71.847544,-13.404515,3597.4 -71.847541,-13.404510,3597.6 -71.847539,-13.404506,3597.6 -71.847539,-13.404501,3597.8 -71.847539,-13.404497,3598 -71.847540,-13.404493,3598.2 -71.847543,-13.404488,3598.4 -71.847542,-13.404483,3598.6 -71.847540,-13.404477,3599 -71.847540,-13.404471,3599.2 -71.847539,-13.404467,3599.2 -71.847539,-13.404464,3599.4 -71.847536,-13.404460,3599.4 -71.847534,-13.404454,3599.6 -71.847532,-13.404449,3599.6 -71.847531,-13.404444,3599.6 -71.847531,-13.404437,3599.8 -71.847531,-13.404430,3600 -71.847531,-13.404425,3600.2 -71.847531,-13.404418,3600.4 -71.847532,-13.404412,3600.6 -71.847533,-13.404406,3600.8 -71.847532,-13.404400,3600.8 -71.847531,-13.404396,3601 -71.847528,-13.404390,3601 -71.847527,-13.404384,3601.2 -71.847526,-13.404378,3601.2 -71.847527,-13.404371,3601.4 -71.847528,-13.404366,3601.6 -71.847527,-13.404363,3601.8 -71.847526,-13.404358,3602 -71.847524,-13.404354,3602 -71.847523,-13.404350,3602.2 -71.847522,-13.404345,3602.2 -71.847521,-13.404341,3602.4 -71.847521,-13.404338,3602.4 -71.847521,-13.404334,3602.6 -71.847521,-13.404331,3602.8 -71.847521,-13.404328,3602.8 -71.847520,-13.404325,3603 -71.847519,-13.404322,3603 -71.847518,-13.404319,3603.2 -71.847519,-13.404319,3603.2 -71.847519,-13.404319,3603.4 -71.847520,-13.404318,3603.4 -71.847521,-13.404320,3603.4 -71.847526,-13.404318,3603.6 -71.847532,-13.404317,3603.6 -71.847538,-13.404315,3603.6 -71.847544,-13.404311,3603.8 -71.847547,-13.404308,3603.8 -71.847553,-13.404305,3603.8 -71.847559,-13.404300,3604.2 -71.847564,-13.404297,3604.2 -71.847569,-13.404297,3604.4 -71.847578,-13.404298,3604.4 -71.847586,-13.404299,3604.6 -71.847590,-13.404293,3604.6 -71.847593,-13.404286,3604.6 -71.847594,-13.404280,3604.8 -71.847596,-13.404274,3604.8 -71.847602,-13.404267,3605 -71.847607,-13.404263,3605 -71.847613,-13.404260,3605 -71.847619,-13.404256,3605.2 -71.847624,-13.404252,3605.2 -71.847631,-13.404247,3605.4 -71.847637,-13.404242,3605.4 -71.847641,-13.404239,3605.4 -71.847647,-13.404234,3605.4 -71.847656,-13.404230,3605.4 -71.847663,-13.404227,3605.6 -71.847668,-13.404224,3605.4 -71.847674,-13.404219,3605.4 -71.847681,-13.404212,3605.4 -71.847685,-13.404205,3605.4 -71.847687,-13.404199,3605.4 -71.847692,-13.404191,3605.4 -71.847696,-13.404184,3605.6 -71.847701,-13.404181,3605.6 -71.847708,-13.404176,3605.6 -71.847716,-13.404173,3605.8 -71.847725,-13.404168,3606 -71.847731,-13.404165,3606 -71.847735,-13.404161,3606 -71.847740,-13.404154,3606 -71.847742,-13.404149,3606 -71.847746,-13.404146,3606.2 -71.847752,-13.404141,3606.4 -71.847757,-13.404137,3606.4 -71.847765,-13.404130,3606.4 -71.847770,-13.404126,3606.6 -71.847774,-13.404125,3606.8 -71.847782,-13.404119,3606.8 -71.847788,-13.404114,3606.8 -71.847794,-13.404109,3607 -71.847799,-13.404102,3607 -71.847804,-13.404097,3607.2 -71.847808,-13.404093,3607 -71.847811,-13.404088,3607.2 -71.847814,-13.404083,3607.2 -71.847816,-13.404079,3607.4 -71.847817,-13.404075,3607.4 -71.847820,-13.404069,3607.4 -71.847821,-13.404063,3607.4 -71.847822,-13.404060,3607.6 -71.847823,-13.404056,3607.6 -71.847824,-13.404053,3607.8 -71.847825,-13.404049,3607.8 -71.847826,-13.404046,3608 -71.847832,-13.404043,3608.2 -71.847838,-13.404040,3608.2 -71.847844,-13.404039,3608.4 -71.847848,-13.404036,3608.4 -71.847851,-13.404036,3608.6 -71.847853,-13.404033,3608.6 -71.847853,-13.404031,3608.8 -71.847853,-13.404028,3608.8 -71.847853,-13.404024,3609 -71.847854,-13.404022,3609.2 -71.847855,-13.404020,3609.2 -71.847859,-13.404019,3609.4 -71.847865,-13.404014,3609.4 -71.847868,-13.404011,3609.6 -71.847871,-13.404009,3609.8 -71.847876,-13.404005,3609.8 -71.847881,-13.404001,3610 -71.847888,-13.403995,3610.2 -71.847893,-13.403992,3610.4 -71.847898,-13.403990,3610.4 -71.847905,-13.403987,3610.6 -71.847911,-13.403987,3610.6 -71.847915,-13.403984,3610.8 -71.847918,-13.403980,3610.8 -71.847919,-13.403973,3611 -71.847923,-13.403966,3611 -71.847923,-13.403961,3611 -71.847925,-13.403957,3611.2 -71.847925,-13.403953,3611.2 -71.847928,-13.403950,3611.4 -71.847929,-13.403948,3611.4 -71.847930,-13.403945,3611.6 -71.847931,-13.403941,3611.6 -71.847931,-13.403938,3611.6 -71.847933,-13.403934,3611.8 -71.847933,-13.403931,3612 -71.847935,-13.403927,3612 -71.847936,-13.403923,3612 -71.847936,-13.403920,3612.2 -71.847937,-13.403918,3612.2 -71.847939,-13.403915,3612.2 -71.847942,-13.403912,3612.2 -71.847945,-13.403911,3612.2 -71.847948,-13.403907,3612.4 -71.847947,-13.403903,3612.4 -71.847946,-13.403896,3612.6 -71.847944,-13.403890,3612.6 -71.847941,-13.403881,3612.6 -71.847937,-13.403873,3612.6 -71.847933,-13.403866,3612.8 -71.847932,-13.403860,3612.8 -71.847932,-13.403852,3612.8 -71.847931,-13.403845,3613 -71.847929,-13.403838,3613 -71.847931,-13.403828,3613 -71.847931,-13.403822,3613 -71.847931,-13.403815,3613 -71.847930,-13.403807,3613 -71.847928,-13.403800,3613.2 -71.847928,-13.403793,3613.2 -71.847927,-13.403787,3613.4 -71.847926,-13.403779,3613.4 -71.847927,-13.403771,3613.4 -71.847926,-13.403763,3613.6 -71.847925,-13.403755,3613.6 -71.847923,-13.403748,3613.6 -71.847922,-13.403744,3613.8 -71.847922,-13.403743,3613.8 -71.847923,-13.403742,3613.8 -71.847923,-13.403740,3613.8 -71.847924,-13.403739,3613.8 -71.847925,-13.403738,3613.8 -71.847925,-13.403737,3613.8 -71.847926,-13.403736,3613.8 -71.847926,-13.403735,3614 -71.847926,-13.403734,3613.8 -71.847927,-13.403732,3614 -71.847927,-13.403732,3614 -71.847927,-13.403731,3614 -71.847927,-13.403731,3614 -71.847927,-13.403729,3614 -71.847928,-13.403723,3614 -71.847928,-13.403714,3614 -71.847927,-13.403706,3614 -71.847926,-13.403699,3614 -71.847924,-13.403693,3614.2 -71.847920,-13.403688,3614.2 -71.847919,-13.403680,3614.2 -71.847918,-13.403672,3614.2 -71.847918,-13.403661,3614.2 -71.847919,-13.403653,3614.4 -71.847919,-13.403645,3614.4 -71.847921,-13.403637,3614.4 -71.847923,-13.403632,3614.4 -71.847925,-13.403626,3614.4 -71.847928,-13.403614,3614.6 -71.847930,-13.403609,3614.6 -71.847933,-13.403604,3614.6 -71.847938,-13.403599,3614.8 -71.847941,-13.403593,3615 -71.847948,-13.403586,3615 -71.847954,-13.403581,3615 -71.847960,-13.403575,3615.2 -71.847967,-13.403572,3615.2 -71.847974,-13.403568,3615.4 -71.847981,-13.403566,3615.4 -71.847989,-13.403566,3615.4 -71.847997,-13.403570,3615.4 -71.848005,-13.403572,3615.4 -71.848014,-13.403572,3615.4 -71.848020,-13.403572,3615.4 -71.848020,-13.403572,3615.4 -71.848020,-13.403572,3615.4 -71.848020,-13.403572,3615.4 -71.848020,-13.403572,3615.4 -71.848026,-13.403571,3615.4 -71.848033,-13.403572,3615.4 -71.848043,-13.403575,3615.4 -71.848053,-13.403578,3615.4 -71.848061,-13.403580,3615.4 -71.848070,-13.403580,3615.4 -71.848080,-13.403579,3615.4 -71.848087,-13.403574,3615.4 -71.848088,-13.403565,3615.6 -71.848088,-13.403557,3615.8 -71.848086,-13.403551,3615.8 -71.848085,-13.403550,3615.8 -71.848086,-13.403549,3615.8 -71.848086,-13.403546,3615.8 -71.848086,-13.403545,3615.8 -71.848086,-13.403543,3615.8 -71.848086,-13.403542,3615.8 -71.848087,-13.403541,3615.8 -71.848088,-13.403540,3615.8 -71.848089,-13.403539,3615.8 -71.848090,-13.403540,3615.8 -71.848090,-13.403540,3615.8 -71.848091,-13.403540,3615.8 -71.848090,-13.403539,3615.8 -71.848090,-13.403537,3615.8 -71.848091,-13.403537,3615.8 -71.848091,-13.403537,3615.8 -71.848089,-13.403538,3615.6 -71.848087,-13.403536,3615.6 -71.848085,-13.403536,3615.6 -71.848084,-13.403536,3615.4 -71.848082,-13.403537,3615.4 -71.848081,-13.403538,3615.2 -71.848079,-13.403538,3615.2 -71.848078,-13.403539,3615.2 -71.848077,-13.403539,3615 -71.848077,-13.403541,3615.2 -71.848076,-13.403542,3615.2 -71.848076,-13.403543,3615.2 -71.848076,-13.403544,3615.2 -71.848076,-13.403545,3615.2 -71.848076,-13.403545,3615.2 -71.848076,-13.403546,3615.2 -71.848076,-13.403547,3615.4 -71.848076,-13.403547,3615.4 -71.848077,-13.403546,3615.4 -71.848077,-13.403546,3615.6 -71.848076,-13.403545,3615.6 -71.848076,-13.403545,3615.8 -71.848076,-13.403546,3615.8 -71.848075,-13.403547,3616 -71.848074,-13.403548,3616 -71.848074,-13.403549,3616.2 -71.848073,-13.403550,3616.4 -71.848073,-13.403552,3616.4 -71.848072,-13.403553,3616.6 -71.848072,-13.403555,3616.6 -71.848072,-13.403556,3616.6 -71.848072,-13.403558,3616.6 -71.848073,-13.403559,3616.6 -71.848073,-13.403559,3616.6 -71.848073,-13.403560,3616.6 -71.848073,-13.403561,3616.4 -71.848073,-13.403561,3616.4 -71.848073,-13.403562,3616.4 -71.848073,-13.403563,3616.4 -71.848073,-13.403563,3616.4 -71.848074,-13.403564,3616.2 -71.848074,-13.403565,3616.2 -71.848075,-13.403565,3616 -71.848075,-13.403566,3616 -71.848075,-13.403567,3615.8 -71.848076,-13.403567,3615.8 -71.848076,-13.403567,3615.8 -71.848075,-13.403568,3615.8 -71.848075,-13.403569,3615.8 -71.848075,-13.403570,3615.8 -71.848074,-13.403570,3615.8 -71.848074,-13.403571,3616 -71.848073,-13.403571,3616 -71.848072,-13.403571,3616 -71.848072,-13.403572,3616 -71.848072,-13.403572,3616 -71.848071,-13.403572,3616 -71.848071,-13.403572,3616 -71.848071,-13.403573,3616 -71.848070,-13.403573,3616 -71.848070,-13.403573,3616 -71.848070,-13.403573,3616 -71.848070,-13.403573,3616 -71.848070,-13.403573,3616 -71.848069,-13.403573,3616 -71.848069,-13.403573,3616 -71.848069,-13.403573,3616 -71.848069,-13.403573,3616 -71.848069,-13.403574,3616 -71.848069,-13.403574,3616 -71.848069,-13.403574,3616 -71.848069,-13.403574,3616 -71.848069,-13.403575,3616 -71.848069,-13.403575,3616 -71.848069,-13.403575,3616 -71.848070,-13.403575,3616.2 -71.848070,-13.403575,3616.2 -71.848070,-13.403575,3616.2 -71.848070,-13.403575,3616.2 -71.848070,-13.403575,3616.2 -71.848070,-13.403575,3616.2 -71.848075,-13.403578,3616.2 -71.848082,-13.403580,3616.2 -71.848092,-13.403585,3616.2 -71.848103,-13.403591,3616.2 -71.848111,-13.403597,3616.2 -71.848115,-13.403603,3616.2 -71.848121,-13.403610,3616.2 -71.848127,-13.403615,3616.4 -71.848130,-13.403618,3616.4 -71.848134,-13.403623,3616.4 -71.848138,-13.403631,3616.4 -71.848141,-13.403637,3616.4 -71.848144,-13.403642,3616.4 -71.848148,-13.403648,3616.4 -71.848152,-13.403652,3616.6 -71.848157,-13.403655,3616.6 -71.848160,-13.403657,3616.8 -71.848163,-13.403661,3616.8 -71.848166,-13.403665,3616.8 -71.848169,-13.403670,3617 -71.848171,-13.403672,3617 -71.848173,-13.403674,3617.2 -71.848174,-13.403675,3617.2 -71.848175,-13.403675,3617.2 -71.848178,-13.403676,3617.2 -71.848178,-13.403676,3617.2 -71.848180,-13.403678,3617.2 -71.848183,-13.403680,3617.4 -71.848187,-13.403684,3617.2 -71.848194,-13.403691,3617.4 -71.848200,-13.403696,3617.4 -71.848201,-13.403696,3617.6 -71.848200,-13.403697,3617.6 -71.848201,-13.403699,3617.6 -71.848206,-13.403706,3617.6 -71.848214,-13.403711,3617.6 -71.848220,-13.403716,3617.8 -71.848224,-13.403722,3617.8 -71.848226,-13.403730,3618 -71.848231,-13.403736,3618 -71.848236,-13.403742,3618.2 -71.848240,-13.403747,3618.4 -71.848244,-13.403751,3618.4 -71.848248,-13.403754,3618.4 -71.848251,-13.403758,3618.6 -71.848253,-13.403761,3618.6 -71.848258,-13.403768,3618.8 -71.848263,-13.403775,3618.8 -71.848268,-13.403780,3618.8 -71.848273,-13.403784,3619 -71.848277,-13.403788,3619 -71.848281,-13.403792,3619 -71.848283,-13.403795,3619.2 -71.848284,-13.403796,3619.2 -71.848286,-13.403797,3619.2 -71.848293,-13.403804,3619.2 -71.848298,-13.403808,3619.4 -71.848302,-13.403810,3619.4 -71.848306,-13.403814,3619.4 -71.848310,-13.403816,3619.6 -71.848313,-13.403817,3619.6 -71.848317,-13.403820,3619.8 -71.848322,-13.403821,3619.8 -71.848326,-13.403825,3620 -71.848329,-13.403830,3620 -71.848331,-13.403831,3620.2 -71.848330,-13.403831,3620.2 -71.848330,-13.403832,3620.2 -71.848330,-13.403832,3620.2 -71.848331,-13.403832,3620 -71.848331,-13.403831,3620 -71.848331,-13.403831,3620 -71.848331,-13.403831,3620 -71.848332,-13.403831,3620 -71.848333,-13.403831,3620 -71.848336,-13.403842,3620 -71.848340,-13.403849,3620 -71.848343,-13.403854,3620 -71.848345,-13.403859,3620 -71.848350,-13.403863,3620 -71.848355,-13.403866,3620 -71.848361,-13.403871,3620.2 -71.848368,-13.403872,3620.2 -71.848373,-13.403871,3620.2 -71.848378,-13.403870,3620.2 -71.848382,-13.403870,3620.2 -71.848387,-13.403872,3620.4 -71.848392,-13.403875,3620.4 -71.848397,-13.403876,3620.6 -71.848401,-13.403871,3620.6 -71.848403,-13.403867,3620.6 -71.848404,-13.403861,3620.8 -71.848403,-13.403855,3620.8 -71.848401,-13.403850,3620.8 -71.848399,-13.403842,3620.8 -71.848399,-13.403835,3621 -71.848399,-13.403830,3621 -71.848400,-13.403828,3621 -71.848403,-13.403813,3621.2 -71.848403,-13.403813,3621.2 -71.848402,-13.403805,3621.2 -71.848404,-13.403798,3621.4 -71.848404,-13.403795,3621.4 -71.848409,-13.403794,3621.4 -71.848414,-13.403795,3621.6 -71.848417,-13.403798,3621.6 -71.848419,-13.403799,3621.8 -71.848421,-13.403800,3621.8 -71.848423,-13.403803,3621.8 -71.848426,-13.403806,3621.8 -71.848429,-13.403809,3622 -71.848431,-13.403810,3622 -71.848434,-13.403813,3622.2 -71.848437,-13.403815,3622.4 -71.848439,-13.403816,3622.4 -71.848441,-13.403820,3622.4 -71.848443,-13.403823,3622.4 -71.848445,-13.403827,3622.4 -71.848448,-13.403831,3622.6 -71.848450,-13.403836,3622.6 -71.848453,-13.403839,3622.8 -71.848455,-13.403843,3622.8 -71.848457,-13.403846,3623 -71.848461,-13.403849,3623 -71.848464,-13.403852,3623.2 -71.848468,-13.403853,3623.4 -71.848472,-13.403852,3623.4 -71.848476,-13.403850,3623.6 -71.848478,-13.403847,3623.6 -71.848482,-13.403845,3623.8 -71.848482,-13.403843,3623.8 -71.848482,-13.403841,3623.8 -71.848482,-13.403840,3623.8 -71.848481,-13.403838,3623.8 -71.848482,-13.403836,3623.8 -71.848482,-13.403834,3623.8 -71.848483,-13.403831,3623.8 -71.848486,-13.403828,3623.8 -71.848490,-13.403828,3624 -71.848494,-13.403826,3624.2 -71.848498,-13.403826,3624.2 -71.848504,-13.403830,3624.2 -71.848512,-13.403836,3624.4 -71.848519,-13.403843,3624.4 -71.848525,-13.403850,3624.4 -71.848530,-13.403858,3624.6 -71.848535,-13.403867,3624.6 -71.848539,-13.403877,3624.8 -71.848542,-13.403887,3624.8 -71.848546,-13.403896,3624.8 -71.848551,-13.403904,3625.2 -71.848556,-13.403915,3625.2 -71.848559,-13.403924,3625.4 -71.848562,-13.403933,3625.4 -71.848568,-13.403941,3625.6 -71.848573,-13.403951,3625.6 -71.848577,-13.403960,3625.6 -71.848581,-13.403968,3625.6 -71.848586,-13.403976,3625.4 -71.848593,-13.403985,3625.4 -71.848599,-13.403993,3625.4 -71.848604,-13.404001,3625.2 -71.848610,-13.404010,3625.2 -71.848617,-13.404017,3625.2 -71.848622,-13.404023,3625.2 -71.848625,-13.404033,3625.2 -71.848628,-13.404041,3625.2 -71.848633,-13.404047,3625.2 -71.848639,-13.404053,3625 -71.848644,-13.404058,3625 -71.848648,-13.404067,3625 -71.848652,-13.404076,3624.8 -71.848658,-13.404083,3624.8 -71.848666,-13.404093,3624.8 -71.848673,-13.404107,3625 -71.848677,-13.404120,3624.8 -71.848680,-13.404129,3624.6 -71.848681,-13.404136,3624.8 -71.848682,-13.404147,3624.6 -71.848681,-13.404157,3624.6 -71.848679,-13.404164,3624.6 -71.848673,-13.404169,3624.6 -71.848669,-13.404172,3624.6 -71.848668,-13.404174,3624.6 -71.848668,-13.404175,3624.6 -71.848668,-13.404175,3624.4 -71.848668,-13.404175,3624.4 -71.848668,-13.404175,3624.4 -71.848668,-13.404175,3624.2 -71.848668,-13.404175,3624.2 -71.848668,-13.404175,3624.2 -71.848669,-13.404175,3624.2 -71.848669,-13.404175,3624 -71.848669,-13.404175,3624 -71.848669,-13.404175,3624 -71.848669,-13.404175,3624.2 -71.848669,-13.404175,3624.2 -71.848669,-13.404175,3624.2 -71.848669,-13.404177,3624.4 -71.848671,-13.404173,3624.4 -71.848672,-13.404172,3624.6 -71.848673,-13.404171,3624.6 -71.848674,-13.404170,3624.6 -71.848675,-13.404170,3624.4 -71.848676,-13.404169,3624.4 -71.848677,-13.404169,3624.4 -71.848678,-13.404168,3624.4 -71.848679,-13.404166,3624.4 -71.848680,-13.404164,3624.4 -71.848681,-13.404163,3624.4 -71.848682,-13.404162,3624.4 -71.848683,-13.404160,3624.2 -71.848685,-13.404159,3624.2 -71.848686,-13.404158,3624.2 -71.848688,-13.404157,3624.2 -71.848690,-13.404156,3624.2 -71.848692,-13.404155,3624 -71.848693,-13.404154,3624 -71.848692,-13.404155,3624 -71.848693,-13.404154,3624 -71.848693,-13.404154,3624 -71.848693,-13.404154,3624 -71.848694,-13.404154,3624 -71.848694,-13.404153,3624 -71.848695,-13.404143,3623.8 -71.848694,-13.404135,3624.2 -71.848692,-13.404123,3624.2 -71.848690,-13.404110,3624 -71.848689,-13.404101,3624 -71.848689,-13.404094,3624 -71.848691,-13.404084,3624.2 -71.848692,-13.404073,3624.2 -71.848689,-13.404061,3624.4 -71.848684,-13.404050,3624.4 -71.848678,-13.404041,3624.4 -71.848673,-13.404035,3624.6 -71.848665,-13.404028,3624.6 -71.848658,-13.404021,3624.8 -71.848651,-13.404014,3624.8 -71.848645,-13.404007,3625 -71.848640,-13.403999,3625 -71.848633,-13.403991,3625.2 -71.848626,-13.403982,3625.2 -71.848619,-13.403972,3625.2 -71.848611,-13.403961,3625.2 -71.848604,-13.403953,3625.2 -71.848597,-13.403944,3625.2 -71.848591,-13.403934,3625.4 -71.848586,-13.403925,3625.4 -71.848579,-13.403915,3625.4 -71.848573,-13.403907,3625.4 -71.848570,-13.403897,3625.4 -71.848567,-13.403888,3625.6 -71.848565,-13.403881,3625.6 -71.848564,-13.403875,3625.6 -71.848563,-13.403868,3625.6 -71.848559,-13.403861,3625.6 -71.848553,-13.403852,3625.6 -71.848549,-13.403841,3625.8 -71.848545,-13.403829,3625.8 -71.848542,-13.403817,3625.8 -71.848539,-13.403803,3625.8 -71.848533,-13.403792,3625.8 -71.848526,-13.403784,3625.8 -71.848520,-13.403776,3625.8 -71.848514,-13.403767,3625.8 -71.848510,-13.403758,3626 -71.848506,-13.403749,3626 -71.848502,-13.403741,3626.2 -71.848497,-13.403734,3626.2 -71.848490,-13.403724,3626.2 -71.848483,-13.403712,3626.2 -71.848477,-13.403703,3626.4 -71.848473,-13.403694,3626.4 -71.848467,-13.403684,3626.4 -71.848461,-13.403675,3626.6 -71.848456,-13.403665,3626.4 -71.848452,-13.403658,3626.4 -71.848448,-13.403650,3626.4 -71.848444,-13.403642,3626.6 -71.848440,-13.403632,3626.4 -71.848436,-13.403623,3626.4 -71.848430,-13.403616,3626.4 -71.848422,-13.403606,3626.4 -71.848415,-13.403595,3626.2 -71.848407,-13.403585,3626.4 -71.848400,-13.403573,3626.2 -71.848393,-13.403559,3626.2 -71.848386,-13.403548,3626 -71.848380,-13.403539,3626 -71.848376,-13.403530,3626 -71.848371,-13.403520,3626.2 -71.848366,-13.403508,3626 -71.848359,-13.403498,3626.4 -71.848353,-13.403488,3626.2 -71.848348,-13.403478,3626.2 -71.848345,-13.403469,3626.2 -71.848341,-13.403460,3626 -71.848338,-13.403455,3626 -71.848337,-13.403456,3626 -71.848337,-13.403456,3626 -71.848337,-13.403457,3626.2 -71.848336,-13.403457,3626.2 -71.848336,-13.403457,3626.2 -71.848336,-13.403457,3626.2 -71.848337,-13.403458,3626.2 -71.848337,-13.403458,3626.2 -71.848338,-13.403459,3626.2 -71.848339,-13.403459,3626.2 -71.848340,-13.403460,3626 -71.848341,-13.403460,3626 -71.848342,-13.403461,3626 -71.848343,-13.403458,3626 -71.848340,-13.403455,3626 -71.848336,-13.403450,3626 -71.848330,-13.403439,3626 -71.848323,-13.403427,3626.2 -71.848318,-13.403415,3626.2 -71.848315,-13.403404,3626.4 -71.848311,-13.403390,3626.4 -71.848307,-13.403378,3626.4 -71.848304,-13.403368,3626.2 -71.848302,-13.403360,3626.4 -71.848300,-13.403351,3626.4 -71.848297,-13.403338,3626.4 -71.848292,-13.403326,3626.4 -71.848288,-13.403315,3626.4 -71.848285,-13.403305,3626.2 -71.848279,-13.403295,3626 -71.848274,-13.403286,3626 -71.848271,-13.403277,3626 -71.848268,-13.403267,3625.8 -71.848261,-13.403257,3625.6 -71.848255,-13.403247,3625.4 -71.848253,-13.403235,3625 -71.848252,-13.403223,3624.6 -71.848249,-13.403213,3624.4 -71.848248,-13.403203,3624.4 -71.848246,-13.403193,3624.4 -71.848245,-13.403182,3624.2 -71.848244,-13.403171,3624.2 -71.848244,-13.403162,3624 -71.848244,-13.403155,3624 -71.848247,-13.403152,3624 -71.848249,-13.403150,3623.8 -71.848251,-13.403150,3623.8 -71.848253,-13.403150,3623.8 -71.848251,-13.403149,3623.8 -71.848253,-13.403150,3623.8 -71.848256,-13.403142,3624 -71.848258,-13.403139,3624.4 -71.848257,-13.403133,3624.6 -71.848257,-13.403128,3624.8 -71.848257,-13.403124,3625 -71.848254,-13.403119,3625.4 -71.848254,-13.403115,3625.6 -71.848253,-13.403110,3625.8 -71.848253,-13.403105,3626.2 -71.848252,-13.403099,3626.4 -71.848251,-13.403093,3626.6 -71.848247,-13.403089,3627 -71.848247,-13.403082,3627.2 -71.848246,-13.403078,3627.4 -71.848244,-13.403073,3627.8 -71.848244,-13.403067,3628 -71.848244,-13.403062,3628.2 -71.848244,-13.403056,3628.6 -71.848242,-13.403049,3628.8 -71.848241,-13.403043,3629 -71.848240,-13.403037,3629.2 -71.848236,-13.403031,3629.4 -71.848234,-13.403026,3629.8 -71.848232,-13.403020,3630 -71.848231,-13.403013,3630.2 -71.848230,-13.403008,3630.4 -71.848228,-13.403004,3630.6 -71.848227,-13.403001,3631 -71.848227,-13.402999,3631 -71.848228,-13.402999,3631 -71.848227,-13.402998,3631.2 -71.848227,-13.402999,3631.2 -71.848228,-13.402998,3631.2 -71.848228,-13.402998,3631.2 -71.848228,-13.402998,3631.2 -71.848228,-13.402998,3631.2 -71.848229,-13.402998,3631.2 -71.848230,-13.402998,3631.2 -71.848231,-13.402998,3631.2 -71.848231,-13.402998,3631.2 -71.848231,-13.402998,3631.2 -71.848232,-13.402998,3631.2 -71.848232,-13.402997,3631 -71.848232,-13.402996,3631 -71.848232,-13.402995,3631 -71.848232,-13.402994,3631 -71.848233,-13.402993,3631 -71.848233,-13.402991,3631 -71.848233,-13.402990,3631 -71.848232,-13.402988,3631 -71.848232,-13.402986,3631 -71.848234,-13.402982,3631.2 -71.848234,-13.402980,3631.2 -71.848236,-13.402978,3631.2 -71.848236,-13.402972,3631.4 -71.848235,-13.402966,3631.4 -71.848236,-13.402963,3631.4 -71.848235,-13.402960,3631.4 -71.848236,-13.402956,3631.4 -71.848238,-13.402953,3631.4 -71.848240,-13.402950,3631.4 -71.848243,-13.402947,3631.6 -71.848245,-13.402944,3631.6 -71.848247,-13.402942,3631.6 -71.848252,-13.402938,3631.8 -71.848253,-13.402936,3631.8 -71.848253,-13.402933,3631.8 -71.848254,-13.402928,3631.8 -71.848253,-13.402923,3631.8 -71.848255,-13.402918,3631.8 -71.848255,-13.402916,3632 -71.848254,-13.402912,3631.8 -71.848252,-13.402908,3632 -71.848248,-13.402901,3632 -71.848248,-13.402892,3632 -71.848246,-13.402886,3632 -71.848245,-13.402878,3632 -71.848245,-13.402870,3632 -71.848244,-13.402864,3632.2 -71.848245,-13.402858,3632.2 -71.848246,-13.402854,3632.2 -71.848248,-13.402852,3632.2 -71.848250,-13.402850,3632.4 -71.848253,-13.402850,3632.4 -71.848257,-13.402848,3632.4 -71.848261,-13.402847,3632.4 -71.848265,-13.402842,3632.6 -71.848268,-13.402840,3632.6 -71.848272,-13.402836,3632.6 -71.848275,-13.402836,3632.6 -71.848279,-13.402832,3632.6 -71.848282,-13.402828,3632.8 -71.848282,-13.402823,3632.8 -71.848282,-13.402818,3632.8 -71.848281,-13.402815,3632.8 -71.848277,-13.402811,3632.8 -71.848274,-13.402806,3632.8 -71.848270,-13.402801,3633 -71.848266,-13.402795,3633 -71.848265,-13.402790,3633 -71.848263,-13.402784,3633 -71.848260,-13.402778,3633 -71.848256,-13.402772,3633 -71.848253,-13.402767,3633.2 -71.848250,-13.402761,3633.2 -71.848248,-13.402757,3633.4 -71.848247,-13.402756,3633.4 -71.848247,-13.402756,3633.4 -71.848246,-13.402756,3633.4 -71.848246,-13.402756,3633.4 -71.848246,-13.402756,3633.4 -71.848247,-13.402755,3633.4 -71.848248,-13.402755,3633.4 -71.848248,-13.402755,3633.4 -71.848249,-13.402754,3633.2 -71.848249,-13.402754,3633.2 -71.848250,-13.402754,3633.2 -71.848251,-13.402753,3633.2 -71.848251,-13.402753,3633.2 -71.848251,-13.402753,3633.2 -71.848251,-13.402752,3633.2 -71.848251,-13.402752,3633 -71.848251,-13.402752,3633 -71.848251,-13.402752,3633 -71.848252,-13.402752,3632.8 -71.848253,-13.402751,3632.8 -71.848253,-13.402751,3632.6 -71.848254,-13.402751,3632.6 -71.848254,-13.402750,3632.6 -71.848254,-13.402751,3632.6 -71.848255,-13.402751,3632.6 -71.848255,-13.402751,3632.6 -71.848256,-13.402751,3632.6 -71.848255,-13.402752,3632.6 -71.848254,-13.402749,3632.6 -71.848253,-13.402748,3632.4 -71.848249,-13.402744,3632.4 -71.848246,-13.402737,3632.6 -71.848246,-13.402728,3633 -71.848249,-13.402718,3633.2 -71.848249,-13.402711,3633.2 -71.848246,-13.402704,3633.2 -71.848243,-13.402700,3633.4 -71.848240,-13.402694,3633.4 -71.848238,-13.402688,3633.6 -71.848237,-13.402683,3633.8 -71.848236,-13.402679,3633.8 -71.848233,-13.402676,3634 -71.848230,-13.402671,3634 -71.848228,-13.402668,3634.2 -71.848227,-13.402666,3634.4 -71.848228,-13.402665,3634.4 -71.848228,-13.402665,3634.4 -71.848229,-13.402666,3634.4 -71.848230,-13.402666,3634.6 -71.848232,-13.402669,3634.8 -71.848234,-13.402669,3635 -71.848236,-13.402669,3635.2 -71.848239,-13.402673,3635.4 -71.848242,-13.402675,3635.6 -71.848245,-13.402677,3636 -71.848249,-13.402675,3636.2 -71.848252,-13.402672,3636.4 -71.848250,-13.402666,3636.4 -71.848247,-13.402658,3636.6 -71.848244,-13.402652,3636.8 -71.848243,-13.402647,3636.8 -71.848241,-13.402640,3637 -71.848238,-13.402635,3637 -71.848236,-13.402631,3637.2 -71.848237,-13.402624,3637.2 -71.848236,-13.402619,3637.4 -71.848230,-13.402616,3637.4 -71.848225,-13.402611,3637.6 -71.848223,-13.402610,3637.6 -71.848224,-13.402609,3637.6 -71.848225,-13.402609,3637.8 -71.848226,-13.402609,3637.8 -71.848227,-13.402611,3638 -71.848232,-13.402614,3638 -71.848235,-13.402618,3638 -71.848241,-13.402624,3638.2 -71.848245,-13.402628,3638.2 -71.848249,-13.402631,3638.2 -71.848253,-13.402633,3638.2 -71.848255,-13.402635,3638.4 -71.848259,-13.402637,3638.6 -71.848264,-13.402641,3638.8 -71.848267,-13.402645,3639 -71.848271,-13.402647,3639.2 -71.848274,-13.402649,3639.4 -71.848277,-13.402650,3639.4 -71.848280,-13.402653,3639.6 -71.848281,-13.402655,3639.8 -71.848281,-13.402656,3639.8 -71.848282,-13.402657,3639.8 -71.848283,-13.402659,3640 -71.848288,-13.402661,3640 -71.848294,-13.402661,3640 -71.848298,-13.402663,3640.2 -71.848304,-13.402665,3640.2 -71.848309,-13.402668,3640.2 -71.848314,-13.402666,3640.4 -71.848316,-13.402663,3640.4 -71.848316,-13.402656,3640.4 -71.848317,-13.402647,3640.4 -71.848317,-13.402641,3640.6 -71.848316,-13.402633,3640.6 -71.848315,-13.402626,3640.6 -71.848313,-13.402621,3640.8 -71.848310,-13.402616,3640.8 -71.848307,-13.402612,3640.8 -71.848307,-13.402608,3641 -71.848306,-13.402604,3641 -71.848306,-13.402603,3641 -71.848306,-13.402602,3641.2 -71.848307,-13.402601,3641.2 -71.848306,-13.402601,3641.2 -71.848307,-13.402599,3641.2 -71.848310,-13.402596,3641.4 -71.848310,-13.402593,3641.4 -71.848310,-13.402590,3641.4 -71.848308,-13.402586,3641.6 -71.848304,-13.402581,3641.6 -71.848297,-13.402576,3641.6 -71.848290,-13.402571,3641.8 -71.848286,-13.402566,3641.8 -71.848284,-13.402558,3642 -71.848283,-13.402549,3642.2 -71.848282,-13.402540,3642.2 -71.848281,-13.402532,3642.4 -71.848280,-13.402522,3642.4 -71.848279,-13.402513,3642.4 -71.848277,-13.402506,3642.6 -71.848277,-13.402497,3642.6 -71.848274,-13.402489,3642.8 -71.848272,-13.402483,3642.8 -71.848270,-13.402476,3643 -71.848270,-13.402466,3643.2 -71.848268,-13.402460,3643.2 -71.848269,-13.402453,3643.4 -71.848271,-13.402446,3643.4 -71.848272,-13.402440,3643.6 -71.848275,-13.402433,3643.6 -71.848275,-13.402428,3643.8 -71.848275,-13.402421,3644 -71.848275,-13.402413,3644 -71.848274,-13.402409,3644.2 -71.848273,-13.402405,3644.2 -71.848272,-13.402401,3644.2 -71.848273,-13.402397,3644.4 -71.848275,-13.402392,3644.6 -71.848278,-13.402387,3644.6 -71.848281,-13.402382,3644.8 -71.848281,-13.402379,3645 -71.848283,-13.402374,3645 -71.848282,-13.402371,3645.2 -71.848282,-13.402363,3645.4 -71.848284,-13.402355,3645.4 -71.848286,-13.402351,3645.6 -71.848288,-13.402346,3645.8 -71.848290,-13.402342,3645.8 -71.848292,-13.402338,3646 -71.848294,-13.402336,3646.2 -71.848297,-13.402335,3646.4 -71.848299,-13.402334,3646.4 -71.848300,-13.402334,3646.6 -71.848301,-13.402334,3646.6 -71.848302,-13.402334,3646.6 -71.848303,-13.402331,3646.6 -71.848307,-13.402327,3646.6 -71.848312,-13.402321,3646.8 -71.848316,-13.402318,3646.8 -71.848319,-13.402315,3647 -71.848322,-13.402313,3647 -71.848325,-13.402311,3647.2 -71.848330,-13.402307,3647.2 -71.848333,-13.402306,3647.2 -71.848336,-13.402303,3647.4 -71.848338,-13.402301,3647.6 -71.848339,-13.402298,3647.6 -71.848340,-13.402295,3647.8 -71.848342,-13.402293,3647.8 -71.848343,-13.402289,3648 -71.848343,-13.402288,3648 -71.848343,-13.402287,3648 -71.848344,-13.402288,3648 -71.848345,-13.402288,3648 -71.848345,-13.402288,3648 -71.848346,-13.402287,3648 -71.848346,-13.402287,3648 -71.848346,-13.402287,3648 -71.848346,-13.402287,3648 -71.848346,-13.402287,3648 -71.848347,-13.402287,3648 -71.848347,-13.402287,3648 -71.848347,-13.402287,3648 -71.848347,-13.402287,3648 -71.848347,-13.402286,3648 -71.848347,-13.402284,3648 -71.848347,-13.402284,3648 -71.848348,-13.402283,3648 -71.848349,-13.402283,3648 -71.848349,-13.402284,3648 -71.848350,-13.402284,3648 -71.848351,-13.402284,3648 -71.848352,-13.402284,3648 -71.848353,-13.402285,3648 -71.848354,-13.402285,3648 -71.848355,-13.402286,3648 -71.848354,-13.402285,3648 -71.848355,-13.402286,3648 -71.848355,-13.402286,3648 -71.848355,-13.402286,3648 -71.848355,-13.402286,3648 -71.848356,-13.402286,3648 -71.848355,-13.402285,3648 -71.848354,-13.402286,3648 -71.848354,-13.402286,3648 -71.848353,-13.402287,3648 -71.848353,-13.402288,3648.2 -71.848353,-13.402288,3648.2 -71.848353,-13.402289,3648.2 -71.848352,-13.402289,3648.2 -71.848351,-13.402290,3648.2 -71.848352,-13.402289,3648.2 -71.848352,-13.402289,3648.2 -71.848351,-13.402289,3648.2 -71.848351,-13.402289,3648.2 -71.848351,-13.402289,3648.2 -71.848351,-13.402290,3648.2 -71.848351,-13.402290,3648.2 -71.848351,-13.402291,3648.2 -71.848350,-13.402292,3648.2 -71.848350,-13.402292,3648.2 -71.848349,-13.402293,3648.2 -71.848349,-13.402293,3648.2 -71.848349,-13.402293,3648.2 -71.848349,-13.402293,3648.2 -71.848349,-13.402294,3648.2 -71.848349,-13.402295,3648.2 -71.848349,-13.402295,3648.2 -71.848349,-13.402296,3648.2 -71.848349,-13.402297,3648.2 -71.848349,-13.402297,3648.2 -71.848349,-13.402298,3648.2 -71.848349,-13.402298,3648.2 -71.848349,-13.402298,3648.2 -71.848349,-13.402298,3648.2 -71.848349,-13.402298,3648.2 -71.848349,-13.402298,3648.2 -71.848349,-13.402298,3648.2 -71.848349,-13.402298,3648.2 -71.848349,-13.402298,3648.2 -71.848349,-13.402298,3648 -71.848350,-13.402298,3648 -71.848350,-13.402298,3648 -71.848349,-13.402298,3648 -71.848350,-13.402298,3647.8 -71.848349,-13.402298,3647.8 -71.848350,-13.402299,3647.8 -71.848354,-13.402295,3647.4 -71.848358,-13.402294,3647.2 -71.848357,-13.402294,3647.4 -71.848360,-13.402288,3647.6 -71.848363,-13.402285,3647.8 -71.848369,-13.402281,3648.2 -71.848372,-13.402277,3648.4 -71.848376,-13.402275,3648.6 -71.848379,-13.402271,3648.8 -71.848380,-13.402267,3649 -71.848382,-13.402263,3649.4 -71.848383,-13.402257,3649.6 -71.848385,-13.402254,3649.8 -71.848388,-13.402250,3650 -71.848388,-13.402246,3650.2 -71.848390,-13.402242,3650.4 -71.848393,-13.402236,3650.6 -71.848396,-13.402233,3650.8 -71.848398,-13.402229,3651 -71.848400,-13.402227,3651.2 -71.848403,-13.402223,3651.2 -71.848406,-13.402218,3651.4 -71.848408,-13.402216,3651.6 -71.848413,-13.402214,3651.6 -71.848417,-13.402214,3651.8 -71.848420,-13.402213,3651.8 -71.848424,-13.402212,3652 -71.848428,-13.402209,3652.2 -71.848431,-13.402207,3652.2 -71.848435,-13.402205,3652.4 -71.848437,-13.402204,3652.4 -71.848438,-13.402203,3652.4 -71.848439,-13.402203,3652.4 -71.848440,-13.402203,3652.4 -71.848439,-13.402203,3652.4 -71.848440,-13.402203,3652.4 -71.848441,-13.402203,3652.4 -71.848441,-13.402204,3652.4 -71.848446,-13.402200,3652.6 -71.848452,-13.402194,3652.6 -71.848456,-13.402190,3652.6 -71.848458,-13.402183,3652.6 -71.848460,-13.402177,3652.6 -71.848461,-13.402172,3652.6 -71.848462,-13.402165,3652.6 -71.848464,-13.402160,3652.8 -71.848465,-13.402155,3652.8 -71.848468,-13.402150,3652.8 -71.848468,-13.402148,3652.8 -71.848468,-13.402147,3652.8 -71.848469,-13.402147,3652.8 -71.848470,-13.402147,3653 -71.848470,-13.402147,3653 -71.848472,-13.402148,3653 -71.848470,-13.402147,3653 -71.848472,-13.402147,3653 -71.848472,-13.402147,3653 -71.848473,-13.402146,3653 -71.848474,-13.402145,3653 -71.848477,-13.402143,3653 -71.848480,-13.402141,3653 -71.848481,-13.402141,3653 -71.848483,-13.402141,3653 -71.848485,-13.402142,3653 -71.848486,-13.402141,3653.2 -71.848486,-13.402142,3653.2 -71.848488,-13.402144,3653.2 -71.848493,-13.402148,3653.2 -71.848496,-13.402151,3653.2 -71.848497,-13.402158,3653.2 -71.848499,-13.402163,3653.2 -71.848503,-13.402169,3653.2 -71.848503,-13.402174,3653.4 -71.848504,-13.402179,3653.4 -71.848505,-13.402182,3653.4 -71.848503,-13.402187,3653.4 -71.848500,-13.402192,3653.4 -71.848495,-13.402198,3653.4 -71.848491,-13.402204,3653.4 -71.848486,-13.402210,3653.6 -71.848480,-13.402216,3653.6 -71.848478,-13.402222,3653.6 -71.848475,-13.402228,3653.6 -71.848473,-13.402234,3653.8 -71.848471,-13.402242,3653.8 -71.848470,-13.402248,3653.8 -71.848471,-13.402253,3654 -71.848474,-13.402257,3654 -71.848477,-13.402261,3654.2 -71.848481,-13.402265,3654.4 -71.848482,-13.402268,3654.4 -71.848483,-13.402272,3654.6 -71.848483,-13.402274,3654.8 -71.848483,-13.402278,3654.8 -71.848485,-13.402280,3655 -71.848486,-13.402281,3655 -71.848486,-13.402282,3655 -71.848487,-13.402283,3655.2 -71.848486,-13.402283,3655.2 -71.848485,-13.402284,3655.2 -71.848484,-13.402284,3655.2 -71.848486,-13.402287,3655.2 -71.848491,-13.402289,3655.2 -71.848496,-13.402292,3655.4 -71.848498,-13.402289,3655.4 -71.848501,-13.402284,3655.4 -71.848504,-13.402280,3655.4 -71.848507,-13.402275,3655.6 -71.848508,-13.402272,3655.6 -71.848512,-13.402269,3655.6 -71.848515,-13.402264,3655.8 -71.848518,-13.402260,3655.8 -71.848521,-13.402257,3656 -71.848523,-13.402256,3656 -71.848526,-13.402255,3656.2 -71.848529,-13.402253,3656.2 -71.848532,-13.402250,3656.2 -71.848536,-13.402247,3656.4 -71.848540,-13.402244,3656.4 -71.848542,-13.402244,3656.6 -71.848545,-13.402247,3656.8 -71.848546,-13.402249,3656.8 -71.848547,-13.402252,3657 -71.848549,-13.402253,3657 -71.848551,-13.402254,3657.2 -71.848552,-13.402255,3657.4 -71.848553,-13.402257,3657.4 -71.848555,-13.402260,3657.6 -71.848555,-13.402263,3657.6 -71.848554,-13.402268,3657.6 -71.848553,-13.402272,3657.8 -71.848555,-13.402276,3658 -71.848559,-13.402279,3658 -71.848564,-13.402280,3658.2 -71.848566,-13.402281,3658.4 -71.848567,-13.402281,3658.4 -71.848567,-13.402282,3658.4 -71.848567,-13.402282,3658.6 -71.848567,-13.402283,3658.6 -71.848568,-13.402283,3658.6 -71.848568,-13.402283,3658.8 -71.848568,-13.402283,3658.8 -71.848568,-13.402284,3658.8 -71.848569,-13.402285,3658.8 -71.848570,-13.402283,3659 -71.848571,-13.402279,3659 -71.848574,-13.402271,3659 -71.848574,-13.402267,3659 -71.848574,-13.402263,3659.2 -71.848577,-13.402257,3659.2 -71.848578,-13.402252,3659.2 -71.848580,-13.402246,3659.2 -71.848582,-13.402241,3659.2 -71.848583,-13.402236,3659.4 -71.848584,-13.402230,3659.4 -71.848585,-13.402227,3659.6 -71.848586,-13.402223,3659.6 -71.848587,-13.402220,3659.6 -71.848586,-13.402216,3659.8 -71.848584,-13.402211,3659.8 -71.848583,-13.402207,3659.8 -71.848583,-13.402205,3660 -71.848584,-13.402203,3660 -71.848590,-13.402202,3660.2 -71.848593,-13.402200,3660.2 -71.848597,-13.402200,3660.4 -71.848599,-13.402198,3660.4 -71.848604,-13.402199,3660.6 -71.848606,-13.402201,3660.8 -71.848607,-13.402207,3660.8 -71.848610,-13.402213,3661 -71.848610,-13.402218,3661 -71.848610,-13.402223,3661.2 -71.848608,-13.402232,3661.4 -71.848607,-13.402238,3661.4 -71.848605,-13.402245,3661.6 -71.848607,-13.402252,3661.8 -71.848608,-13.402257,3661.8 -71.848609,-13.402264,3662 -71.848610,-13.402268,3662.2 -71.848612,-13.402272,3662.2 -71.848615,-13.402275,3662.4 -71.848617,-13.402277,3662.6 -71.848618,-13.402278,3662.6 -71.848618,-13.402278,3662.6 -71.848619,-13.402279,3662.6 -71.848620,-13.402279,3662.6 -71.848621,-13.402279,3662.6 -71.848621,-13.402280,3662.6 -71.848621,-13.402281,3662.6 -71.848621,-13.402282,3662.6 -71.848621,-13.402282,3662.6 -71.848622,-13.402282,3662.6 -71.848622,-13.402282,3662.6 -71.848622,-13.402282,3662.6 -71.848622,-13.402283,3662.6 -71.848623,-13.402282,3662.6 -71.848623,-13.402282,3662.6 -71.848624,-13.402282,3662.8 -71.848624,-13.402283,3662.8 -71.848624,-13.402283,3662.8 -71.848624,-13.402283,3663 -71.848624,-13.402283,3662.8 -71.848624,-13.402283,3663 -71.848625,-13.402282,3663 -71.848627,-13.402282,3663 -71.848628,-13.402280,3663.2 -71.848629,-13.402279,3663.2 -71.848629,-13.402278,3663.2 -71.848630,-13.402278,3663.2 -71.848630,-13.402275,3663.2 -71.848631,-13.402274,3663.2 -71.848631,-13.402272,3663.4 -71.848631,-13.402271,3663.4 -71.848632,-13.402270,3663.4 -71.848632,-13.402270,3663.6 -71.848632,-13.402270,3663.6 -71.848633,-13.402269,3663.6 -71.848632,-13.402268,3663.8 -71.848633,-13.402268,3663.8 -71.848633,-13.402267,3664 -71.848633,-13.402266,3664.2 -71.848633,-13.402266,3664.2 -71.848633,-13.402265,3664.4 -71.848633,-13.402265,3664.4 -71.848633,-13.402264,3664.6 -71.848633,-13.402264,3664.8 -71.848633,-13.402263,3664.8 -71.848633,-13.402263,3665 -71.848633,-13.402262,3665.2 -71.848633,-13.402261,3665.4 -71.848633,-13.402261,3665.4 -71.848633,-13.402260,3665.6 -71.848633,-13.402259,3665.8 -71.848633,-13.402260,3665.6 -71.848632,-13.402260,3665.8 -71.848632,-13.402259,3665.8 -71.848632,-13.402259,3665.8 -71.848632,-13.402260,3666 -71.848632,-13.402259,3666 -71.848632,-13.402259,3666 -71.848632,-13.402258,3666 -71.848632,-13.402258,3666 -71.848632,-13.402258,3666 -71.848632,-13.402258,3666.2 -71.848631,-13.402257,3666.2 -71.848631,-13.402257,3666.2 -71.848630,-13.402257,3666.4 -71.848630,-13.402256,3666.4 -71.848630,-13.402256,3666.6 -71.848629,-13.402256,3666.8 -71.848629,-13.402255,3666.8 -71.848628,-13.402255,3667 -71.848628,-13.402254,3667.2 -71.848628,-13.402254,3667.2 -71.848629,-13.402254,3667.2 -71.848630,-13.402254,3667.4 -71.848630,-13.402254,3667.4 -71.848631,-13.402254,3667.4 -71.848631,-13.402254,3667.4 -71.848632,-13.402254,3667.4 -71.848634,-13.402254,3667.2 -71.848635,-13.402254,3667.2 -71.848636,-13.402254,3667.2 -71.848637,-13.402254,3667 -71.848636,-13.402254,3667 -71.848637,-13.402254,3667 -71.848637,-13.402251,3667.2 -71.848639,-13.402242,3667.8 -71.848640,-13.402237,3668 -71.848642,-13.402236,3668.4 -71.848645,-13.402236,3668.4 -71.848647,-13.402236,3668.2 -71.848651,-13.402235,3668.2 -71.848653,-13.402230,3668.2 -71.848654,-13.402227,3668.4 -71.848657,-13.402224,3668.4 -71.848658,-13.402221,3668.4 -71.848661,-13.402216,3668.6 -71.848664,-13.402211,3668.6 -71.848664,-13.402209,3668.8 -71.848666,-13.402209,3668.8 -71.848667,-13.402207,3668.8 -71.848669,-13.402204,3668.8 -71.848669,-13.402201,3668.8 -71.848672,-13.402196,3668.8 -71.848674,-13.402195,3668.8 -71.848674,-13.402194,3668.8 -71.848677,-13.402191,3668.8 -71.848678,-13.402191,3668.8 -71.848683,-13.402188,3669 -71.848684,-13.402185,3669 -71.848684,-13.402179,3669 -71.848681,-13.402175,3669.2 -71.848681,-13.402172,3669.2 -71.848682,-13.402171,3669.2 -71.848682,-13.402170,3669.2 -71.848685,-13.402167,3669.4 -71.848687,-13.402163,3669.4 -71.848688,-13.402160,3669.4 -71.848692,-13.402157,3669.6 -71.848693,-13.402157,3669.6 -71.848694,-13.402157,3669.6 -71.848694,-13.402157,3669.6 -71.848696,-13.402157,3669.6 -71.848698,-13.402158,3669.6 -71.848700,-13.402161,3669.6 -71.848703,-13.402164,3669.6 -71.848706,-13.402166,3669.6 -71.848712,-13.402165,3669.6 -71.848715,-13.402165,3669.6 -71.848717,-13.402163,3669.8 -71.848719,-13.402160,3669.8 -71.848719,-13.402155,3669.8 -71.848719,-13.402150,3669.8 -71.848719,-13.402146,3669.8 -71.848721,-13.402143,3669.8 -71.848722,-13.402139,3669.8 -71.848724,-13.402135,3670 -71.848726,-13.402132,3670 -71.848729,-13.402128,3670 -71.848732,-13.402129,3670.2 -71.848734,-13.402127,3670.2 -71.848736,-13.402124,3670.4 -71.848739,-13.402119,3670.4 -71.848741,-13.402117,3670.4 -71.848741,-13.402116,3670.4 -71.848741,-13.402116,3670.4 -71.848741,-13.402116,3670.6 -71.848740,-13.402115,3670.6 -71.848739,-13.402115,3670.6 -71.848739,-13.402115,3670.6 -71.848739,-13.402114,3670.8 -71.848739,-13.402114,3670.8 -71.848739,-13.402114,3670.8 -71.848739,-13.402114,3670.8 -71.848738,-13.402114,3670.8 -71.848738,-13.402113,3671 -71.848738,-13.402113,3671 -71.848739,-13.402114,3671 -71.848741,-13.402114,3671 -71.848743,-13.402115,3671.2 -71.848745,-13.402120,3671.2 -71.848750,-13.402125,3671.2 -71.848751,-13.402127,3671.4 -71.848754,-13.402130,3671.4 -71.848756,-13.402132,3671.4 -71.848758,-13.402134,3671.6 -71.848760,-13.402136,3671.6 -71.848763,-13.402139,3671.8 -71.848766,-13.402142,3671.8 -71.848769,-13.402144,3672 -71.848772,-13.402147,3672 -71.848774,-13.402151,3672.2 -71.848777,-13.402154,3672.2 -71.848780,-13.402155,3672.4 -71.848781,-13.402155,3672.4 -71.848784,-13.402152,3672.6 -71.848785,-13.402152,3672.8 -71.848787,-13.402151,3672.8 -71.848790,-13.402147,3673 -71.848791,-13.402143,3673 -71.848793,-13.402140,3673.2 -71.848795,-13.402136,3673.2 -71.848795,-13.402134,3673.4 -71.848799,-13.402133,3673.6 -71.848803,-13.402131,3673.6 -71.848805,-13.402130,3673.8 -71.848810,-13.402127,3673.8 -71.848811,-13.402126,3674 -71.848814,-13.402125,3674 -71.848815,-13.402124,3674 -71.848815,-13.402124,3674 -71.848816,-13.402124,3674.2 -71.848815,-13.402123,3674.2 -71.848814,-13.402120,3674.2 -71.848814,-13.402116,3674.2 -71.848815,-13.402112,3674.4 -71.848817,-13.402109,3674.4 -71.848819,-13.402108,3674.4 -71.848822,-13.402106,3674.6 -71.848825,-13.402103,3674.6 -71.848829,-13.402099,3674.8 -71.848830,-13.402097,3674.8 -71.848832,-13.402099,3675 -71.848834,-13.402101,3675 -71.848836,-13.402106,3675.2 -71.848839,-13.402108,3675.2 -71.848840,-13.402111,3675.4 -71.848842,-13.402112,3675.4 -71.848845,-13.402115,3675.6 -71.848847,-13.402116,3675.8 -71.848847,-13.402120,3675.8 -71.848848,-13.402124,3676 -71.848849,-13.402129,3676.2 -71.848850,-13.402134,3676.2 -71.848851,-13.402139,3676.4 -71.848853,-13.402142,3676.4 -71.848857,-13.402142,3676.6 -71.848861,-13.402141,3676.6 -71.848861,-13.402138,3676.8 -71.848862,-13.402134,3676.8 -71.848862,-13.402132,3677 -71.848862,-13.402128,3677 -71.848862,-13.402123,3677.2 -71.848863,-13.402120,3677.2 -71.848866,-13.402116,3677.4 -71.848868,-13.402113,3677.4 -71.848872,-13.402109,3677.6 -71.848873,-13.402107,3677.8 -71.848873,-13.402106,3677.8 -71.848873,-13.402106,3677.8 -71.848873,-13.402105,3678 -71.848873,-13.402105,3678 -71.848872,-13.402104,3678 -71.848873,-13.402103,3678 -71.848873,-13.402103,3678 -71.848874,-13.402103,3678.2 -71.848874,-13.402102,3678.2 -71.848874,-13.402102,3678.2 -71.848875,-13.402101,3678.2 -71.848875,-13.402101,3678.2 -71.848875,-13.402100,3678.2 -71.848876,-13.402100,3678.2 -71.848875,-13.402100,3678.4 -71.848876,-13.402099,3678.4 -71.848881,-13.402091,3678.6 -71.848884,-13.402085,3678.8 -71.848886,-13.402082,3678.8 -71.848891,-13.402080,3679 -71.848895,-13.402078,3679 -71.848899,-13.402075,3679.2 -71.848902,-13.402073,3679.2 -71.848903,-13.402074,3679.2 -71.848904,-13.402077,3679.2 -71.848905,-13.402080,3679.4 -71.848908,-13.402084,3679.6 -71.848910,-13.402088,3679.6 -71.848914,-13.402091,3679.8 -71.848918,-13.402094,3680 -71.848921,-13.402097,3680.2 -71.848924,-13.402101,3680.2 -71.848928,-13.402103,3680.4 -71.848932,-13.402101,3680.6 -71.848935,-13.402098,3680.8 -71.848939,-13.402092,3681 -71.848940,-13.402086,3681 -71.848942,-13.402081,3681.2 -71.848943,-13.402078,3681.4 -71.848944,-13.402074,3681.6 -71.848947,-13.402068,3681.8 -71.848948,-13.402066,3681.8 -71.848950,-13.402064,3682 -71.848952,-13.402062,3682.2 -71.848955,-13.402059,3682.4 -71.848956,-13.402059,3682.6 -71.848959,-13.402060,3682.8 -71.848960,-13.402061,3682.8 -71.848964,-13.402065,3682.8 -71.848967,-13.402066,3683 -71.848968,-13.402067,3683.2 -71.848968,-13.402069,3683.2 -71.848968,-13.402071,3683.2 -71.848968,-13.402073,3683.4 -71.848967,-13.402075,3683.4 -71.848966,-13.402077,3683.4 -71.848966,-13.402079,3683.6 -71.848967,-13.402081,3683.6 -71.848967,-13.402081,3683.8 -71.848967,-13.402082,3684 -71.848968,-13.402083,3684 -71.848968,-13.402083,3684.2 -71.848971,-13.402081,3684.2 -71.848976,-13.402079,3684.4 -71.848978,-13.402077,3684.4 -71.848979,-13.402075,3684.6 -71.848982,-13.402070,3684.6 -71.848984,-13.402068,3684.6 -71.848986,-13.402064,3684.6 -71.848988,-13.402061,3684.8 -71.848990,-13.402053,3684.8 -71.848990,-13.402049,3685 -71.848990,-13.402047,3685 -71.848989,-13.402047,3685.2 -71.848989,-13.402047,3685.2 -71.848989,-13.402046,3685.4 -71.848990,-13.402046,3685.4 -71.848990,-13.402046,3685.6 -71.848990,-13.402047,3685.6 -71.848991,-13.402048,3685.6 -71.848992,-13.402050,3685.8 -71.848992,-13.402051,3685.8 -71.848993,-13.402052,3685.8 -71.848993,-13.402052,3685.8 -71.848992,-13.402053,3685.8 -71.848993,-13.402053,3686 -71.848993,-13.402054,3686 -71.848993,-13.402054,3686 -71.848993,-13.402055,3686 -71.848994,-13.402055,3686 -71.848995,-13.402055,3686.2 -71.848996,-13.402054,3686.2 -71.848997,-13.402054,3686.2 -71.848998,-13.402054,3686.4 -71.849000,-13.402054,3686.6 -71.849000,-13.402054,3686.8 -71.849002,-13.402054,3687 -71.849003,-13.402054,3687.2 -71.849003,-13.402054,3687.4 -71.849003,-13.402055,3687.6 -71.849004,-13.402055,3687.8 -71.849004,-13.402055,3688 -71.849005,-13.402054,3688.4 -71.849005,-13.402053,3688.8 -71.849007,-13.402052,3689.2 -71.849008,-13.402051,3689.4 -71.849009,-13.402050,3689.8 -71.849010,-13.402049,3690 -71.849012,-13.402047,3690.2 -71.849012,-13.402047,3690.2 -71.849012,-13.402046,3690.4 -71.849012,-13.402045,3690.4 -71.849012,-13.402045,3690.6 -71.849012,-13.402044,3691 -71.849011,-13.402045,3691.2 -71.849011,-13.402045,3691.2 -71.849010,-13.402046,3691.2 -71.849009,-13.402046,3691.2 -71.849009,-13.402046,3691 -71.849008,-13.402047,3691 -71.849008,-13.402048,3690.8 -71.849006,-13.402048,3690.6 -71.849005,-13.402049,3690.6 -71.849006,-13.402048,3690.6 -71.849005,-13.402049,3690.6 -71.849006,-13.402049,3690.6 -71.849006,-13.402048,3690.6 -71.849007,-13.402048,3690.6 -71.849010,-13.402045,3690.6 -71.849010,-13.402044,3690.6 -71.849010,-13.402041,3690.6 -71.849011,-13.402037,3690.6 -71.849013,-13.402036,3690.6 -71.849017,-13.402035,3690.6 -71.849018,-13.402033,3690.6 -71.849020,-13.402031,3690.6 -71.849023,-13.402028,3690.6 -71.849025,-13.402027,3690.8 -71.849028,-13.402026,3690.8 -71.849029,-13.402024,3690.8 -71.849032,-13.402022,3690.8 -71.849033,-13.402022,3690.8 -71.849033,-13.402022,3690.8 -71.849033,-13.402023,3690.8 -71.849033,-13.402023,3690.8 -71.849034,-13.402024,3690.8 -71.849035,-13.402024,3690.8 -71.849036,-13.402025,3690.8 -71.849036,-13.402025,3690.8 -71.849037,-13.402025,3690.8 -71.849037,-13.402026,3690.8 -71.849038,-13.402026,3690.8 -71.849038,-13.402026,3691 -71.849038,-13.402027,3691 -71.849039,-13.402027,3691 -71.849039,-13.402027,3691 -71.849038,-13.402026,3691 -71.849037,-13.402026,3691 -71.849037,-13.402027,3691 -71.849037,-13.402026,3691 -71.849036,-13.402026,3691 -71.849036,-13.402026,3691 -71.849035,-13.402025,3691 -71.849035,-13.402023,3691 -71.849033,-13.402017,3691 -71.849034,-13.402013,3691 -71.849035,-13.402009,3691 -71.849035,-13.402003,3691 -71.849037,-13.401997,3691 -71.849038,-13.401994,3691 -71.849040,-13.401990,3691 -71.849042,-13.401987,3691 -71.849045,-13.401982,3691.2 -71.849046,-13.401978,3691.2 -71.849048,-13.401975,3691.2 -71.849051,-13.401972,3691.2 -71.849052,-13.401968,3691.2 -71.849052,-13.401966,3691.2 -71.849052,-13.401959,3691.4 -71.849051,-13.401951,3691.4 -71.849049,-13.401945,3691.6 -71.849046,-13.401940,3691.8 -71.849041,-13.401936,3691.8 -71.849038,-13.401929,3692 -71.849036,-13.401924,3692 -71.849035,-13.401921,3692.2 -71.849034,-13.401918,3692.2 -71.849033,-13.401916,3692.2 -71.849033,-13.401916,3692.2 -71.849032,-13.401915,3692.2 -71.849033,-13.401915,3692.2 -71.849032,-13.401915,3692.2 -71.849033,-13.401915,3692.2 -71.849033,-13.401915,3692.2 -71.849033,-13.401915,3692.2 -71.849032,-13.401916,3692.2 -71.849031,-13.401917,3692.2 -71.849037,-13.401919,3692.2 -71.849042,-13.401920,3692.4 -71.849046,-13.401922,3692.4 -71.849050,-13.401924,3692.6 -71.849055,-13.401926,3692.6 -71.849060,-13.401928,3692.6 -71.849067,-13.401929,3692.8 -71.849074,-13.401931,3692.8 -71.849079,-13.401933,3693 -71.849084,-13.401935,3693 -71.849090,-13.401937,3693.2 -71.849096,-13.401941,3693.2 -71.849102,-13.401945,3693.2 -71.849107,-13.401947,3693.4 -71.849112,-13.401951,3693.4 -71.849117,-13.401955,3693.6 -71.849122,-13.401957,3693.6 -71.849127,-13.401958,3693.8 -71.849130,-13.401960,3693.8 -71.849134,-13.401961,3694 -71.849137,-13.401962,3694 -71.849141,-13.401963,3694.2 -71.849144,-13.401963,3694.2 -71.849147,-13.401963,3694.2 -71.849151,-13.401964,3694.4 -71.849154,-13.401965,3694.4 -71.849156,-13.401965,3694.4 -71.849159,-13.401966,3694.6 -71.849160,-13.401966,3694.6 -71.849160,-13.401966,3694.6 -71.849160,-13.401966,3694.6 -71.849160,-13.401966,3694.6 -71.849161,-13.401966,3694.6 -71.849161,-13.401966,3694.6 -71.849161,-13.401966,3694.6 -71.849161,-13.401966,3694.6 -71.849161,-13.401966,3694.6 -71.849162,-13.401966,3694.6 -71.849162,-13.401966,3694.8 -71.849162,-13.401966,3694.8 -71.849162,-13.401965,3694.8 -71.849162,-13.401965,3694.8 -71.849163,-13.401964,3694.8 -71.849163,-13.401964,3694.8 -71.849163,-13.401964,3694.8 -71.849163,-13.401964,3694.8 -71.849163,-13.401964,3694.8 -71.849163,-13.401964,3694.8 -71.849162,-13.401964,3694.8 -71.849163,-13.401964,3694.8 -71.849163,-13.401963,3694.8 -71.849163,-13.401965,3695 -71.849162,-13.401965,3695 -71.849163,-13.401966,3694.8 -71.849163,-13.401966,3695 -71.849164,-13.401967,3695 -71.849164,-13.401968,3695.2 -71.849164,-13.401968,3695.2 -71.849164,-13.401969,3695.4 -71.849163,-13.401970,3695.6 -71.849163,-13.401971,3695.6 -71.849163,-13.401972,3695.6 -71.849162,-13.401972,3695.8 -71.849164,-13.401971,3696.4 -71.849167,-13.401974,3696.8 -71.849170,-13.401975,3696.2 -71.849174,-13.401978,3696.6 -71.849178,-13.401982,3696.8 -71.849181,-13.401984,3696.8 -71.849185,-13.401988,3697 -71.849189,-13.401994,3697.2 -71.849194,-13.401999,3697.2 -71.849198,-13.402001,3697.4 -71.849201,-13.402004,3697.6 -71.849205,-13.402007,3697.6 -71.849208,-13.402007,3697.8 -71.849211,-13.402009,3698 -71.849212,-13.402009,3698 -71.849215,-13.402010,3698.2 -71.849217,-13.402011,3698.2 -71.849220,-13.402013,3698.2 -71.849221,-13.402013,3698.4 -71.849222,-13.402013,3698.4 -71.849222,-13.402013,3698.4 -71.849224,-13.402012,3698.4 -71.849226,-13.402011,3698.4 -71.849229,-13.402009,3698.4 -71.849232,-13.402007,3698.4 -71.849235,-13.402006,3698.4 -71.849239,-13.402004,3698.4 -71.849244,-13.402001,3698.4 -71.849248,-13.401998,3698.6 -71.849251,-13.401994,3698.6 -71.849254,-13.401992,3698.6 -71.849258,-13.401988,3698.6 -71.849262,-13.401984,3698.6 -71.849263,-13.401980,3698.6 -71.849264,-13.401974,3698.6 -71.849265,-13.401970,3698.6 -71.849266,-13.401965,3698.6 -71.849266,-13.401962,3698.8 -71.849269,-13.401959,3698.8 -71.849271,-13.401956,3698.8 -71.849274,-13.401953,3698.8 -71.849273,-13.401952,3698.8 -71.849275,-13.401951,3698.8 -71.849276,-13.401950,3698.8 -71.849278,-13.401950,3698.8 -71.849279,-13.401950,3698.8 -71.849280,-13.401949,3698.8 -71.849279,-13.401945,3698.8 -71.849279,-13.401941,3698.8 -71.849279,-13.401934,3699 -71.849276,-13.401927,3699 -71.849274,-13.401920,3699 -71.849274,-13.401909,3699 -71.849273,-13.401900,3699 -71.849270,-13.401891,3699 -71.849267,-13.401886,3699 -71.849266,-13.401879,3699 -71.849264,-13.401874,3699 -71.849262,-13.401869,3699.2 -71.849260,-13.401864,3699.2 -71.849260,-13.401859,3699.2 -71.849259,-13.401854,3699.2 -71.849258,-13.401850,3699.2 -71.849255,-13.401846,3699.4 -71.849252,-13.401843,3699.4 -71.849248,-13.401839,3699.6 -71.849245,-13.401837,3699.6 -71.849240,-13.401833,3699.6 -71.849237,-13.401831,3699.8 -71.849236,-13.401829,3699.8 -71.849236,-13.401828,3699.8 -71.849236,-13.401828,3699.8 -71.849237,-13.401825,3699.8 -71.849237,-13.401820,3699.8 -71.849237,-13.401816,3700 -71.849237,-13.401812,3700 -71.849236,-13.401809,3700 -71.849236,-13.401805,3700.2 -71.849237,-13.401800,3700.2 -71.849239,-13.401796,3700.4 -71.849240,-13.401790,3700.4 -71.849240,-13.401786,3700.6 -71.849241,-13.401779,3700.6 -71.849241,-13.401774,3700.8 -71.849241,-13.401771,3700.8 -71.849241,-13.401770,3701 -71.849241,-13.401768,3701 -71.849240,-13.401766,3701 -71.849239,-13.401761,3701.2 -71.849237,-13.401757,3701.2 -71.849236,-13.401751,3701.4 -71.849235,-13.401745,3701.4 -71.849235,-13.401738,3701.6 -71.849234,-13.401732,3701.6 -71.849233,-13.401724,3701.8 -71.849230,-13.401718,3701.8 -71.849228,-13.401714,3701.8 -71.849227,-13.401708,3702 -71.849225,-13.401705,3702.2 -71.849223,-13.401703,3702.4 -71.849223,-13.401703,3702.4 -71.849222,-13.401703,3702.4 -71.849222,-13.401702,3702.6 -71.849221,-13.401702,3702.6 -71.849221,-13.401701,3702.6 -71.849221,-13.401701,3702.6 -71.849221,-13.401701,3702.8 -71.849220,-13.401701,3702.8 -71.849221,-13.401696,3702.8 -71.849224,-13.401689,3703 -71.849223,-13.401685,3703 -71.849225,-13.401680,3703 -71.849228,-13.401676,3703.2 -71.849231,-13.401674,3703.2 -71.849234,-13.401671,3703.4 -71.849234,-13.401670,3703.4 -71.849236,-13.401667,3703.6 -71.849237,-13.401665,3703.6 -71.849238,-13.401662,3703.8 -71.849238,-13.401659,3703.8 -71.849237,-13.401654,3704 -71.849237,-13.401649,3704 -71.849238,-13.401645,3704.2 -71.849240,-13.401640,3704.4 -71.849240,-13.401636,3704.4 -71.849241,-13.401633,3704.6 -71.849244,-13.401628,3704.8 -71.849245,-13.401626,3704.8 -71.849249,-13.401625,3705 -71.849252,-13.401624,3705.2 -71.849255,-13.401622,3705.2 -71.849257,-13.401619,3705.4 -71.849259,-13.401616,3705.4 -71.849260,-13.401612,3705.6 -71.849260,-13.401609,3705.6 -71.849261,-13.401606,3705.8 -71.849263,-13.401603,3705.8 -71.849264,-13.401601,3706 -71.849264,-13.401600,3706 -71.849264,-13.401598,3706.2 -71.849264,-13.401597,3706.2 -71.849265,-13.401597,3706.4 -71.849265,-13.401597,3706.4 -71.849266,-13.401597,3706.4 -71.849266,-13.401597,3706.4 -71.849266,-13.401597,3706.4 -71.849266,-13.401597,3706.4 -71.849266,-13.401597,3706.4 -71.849266,-13.401598,3706.4 -71.849266,-13.401598,3706.4 -71.849267,-13.401597,3706.6 -71.849266,-13.401597,3706.6 -71.849266,-13.401597,3706.6 -71.849266,-13.401597,3706.6 -71.849266,-13.401598,3706.6 -71.849266,-13.401598,3706.6 -71.849266,-13.401597,3706.6 -71.849266,-13.401597,3706.6 -71.849266,-13.401597,3706.6 -71.849266,-13.401597,3706.6 -71.849266,-13.401597,3706.6 -71.849266,-13.401598,3706.6 -71.849269,-13.401598,3706.6 -71.849270,-13.401597,3706.8 -71.849271,-13.401598,3706.8 -71.849272,-13.401598,3706.8 -71.849275,-13.401593,3706.8 -71.849277,-13.401587,3706.8 -71.849279,-13.401583,3707 -71.849280,-13.401579,3707 -71.849282,-13.401577,3707.2 -71.849283,-13.401573,3707.2 -71.849285,-13.401566,3707.4 -71.849285,-13.401560,3707.4 -71.849286,-13.401553,3707.6 -71.849286,-13.401546,3707.8 -71.849286,-13.401542,3707.8 -71.849287,-13.401537,3708 -71.849286,-13.401531,3708.2 -71.849284,-13.401526,3708.2 -71.849283,-13.401521,3708.4 -71.849282,-13.401518,3708.6 -71.849281,-13.401512,3708.6 -71.849281,-13.401505,3708.8 -71.849281,-13.401502,3709 -71.849283,-13.401497,3709 -71.849283,-13.401494,3709.2 -71.849285,-13.401490,3709.4 -71.849287,-13.401485,3709.6 -71.849289,-13.401484,3709.6 -71.849292,-13.401482,3709.8 -71.849292,-13.401479,3710 -71.849294,-13.401474,3710 -71.849295,-13.401469,3710.2 -71.849296,-13.401465,3710.4 -71.849295,-13.401460,3710.4 -71.849294,-13.401456,3710.6 -71.849294,-13.401452,3710.6 -71.849292,-13.401449,3710.8 -71.849290,-13.401445,3711 -71.849288,-13.401442,3711.2 -71.849287,-13.401441,3711.2 -71.849287,-13.401441,3711.4 -71.849287,-13.401441,3711.4 -71.849287,-13.401441,3711.4 -71.849291,-13.401440,3711.6 -71.849296,-13.401438,3711.6 -71.849301,-13.401437,3711.8 -71.849304,-13.401436,3712 -71.849309,-13.401436,3712 -71.849313,-13.401435,3712.2 -71.849317,-13.401434,3712.2 -71.849320,-13.401432,3712.4 -71.849323,-13.401430,3712.6 -71.849326,-13.401425,3712.6 -71.849327,-13.401422,3712.8 -71.849327,-13.401417,3713 -71.849326,-13.401413,3713.2 -71.849324,-13.401407,3713.2 -71.849321,-13.401402,3713.4 -71.849320,-13.401394,3713.6 -71.849319,-13.401391,3713.8 -71.849319,-13.401390,3713.8 -71.849320,-13.401390,3713.8 -71.849320,-13.401390,3714 -71.849320,-13.401390,3714 -71.849321,-13.401389,3714.2 -71.849321,-13.401389,3714.2 -71.849321,-13.401390,3714.2 -71.849321,-13.401390,3714.2 -71.849321,-13.401390,3714.2 -71.849321,-13.401391,3714.4 -71.849320,-13.401391,3714.4 -71.849320,-13.401391,3714.6 -71.849320,-13.401390,3714.6 -71.849318,-13.401388,3714.8 -71.849315,-13.401386,3714.8 -71.849315,-13.401382,3714.8 -71.849313,-13.401379,3715 -71.849313,-13.401378,3715.2 -71.849312,-13.401377,3715.2 -71.849312,-13.401377,3715.4 -71.849312,-13.401378,3715.4 -71.849312,-13.401378,3715.4 -71.849312,-13.401379,3715.4 -71.849312,-13.401380,3715.4 -71.849312,-13.401380,3715.4 -71.849312,-13.401378,3715.4 -71.849313,-13.401374,3715.6 -71.849315,-13.401372,3715.8 -71.849318,-13.401370,3715.8 -71.849331,-13.401368,3716 -71.849336,-13.401368,3716.2 -71.849341,-13.401371,3716.4 -71.849345,-13.401372,3716.4 -71.849346,-13.401372,3716.6 -71.849346,-13.401373,3716.6 -71.849346,-13.401373,3716.6 -71.849346,-13.401374,3716.6 -71.849347,-13.401374,3716.6 -71.849347,-13.401375,3716.4 -71.849348,-13.401376,3716.4 -71.849348,-13.401376,3716.4 -71.849348,-13.401377,3716.4 -71.849354,-13.401379,3716.4 -71.849360,-13.401381,3716.6 -71.849365,-13.401384,3716.6 -71.849371,-13.401389,3716.6 -71.849381,-13.401391,3716.8 -71.849389,-13.401394,3716.8 -71.849395,-13.401394,3716.8 -71.849401,-13.401393,3717 -71.849406,-13.401395,3717 -71.849409,-13.401396,3717.2 -71.849412,-13.401397,3717.4 -71.849415,-13.401395,3717.4 -71.849419,-13.401393,3717.6 -71.849423,-13.401390,3717.6 -71.849426,-13.401386,3717.6 -71.849428,-13.401382,3717.8 -71.849432,-13.401379,3717.8 -71.849434,-13.401376,3718 -71.849437,-13.401373,3718.2 -71.849442,-13.401371,3718.2 -71.849445,-13.401372,3718.4 -71.849450,-13.401374,3718.6 -71.849454,-13.401376,3718.6 -71.849459,-13.401376,3718.8 -71.849462,-13.401375,3718.8 -71.849468,-13.401372,3719 -71.849472,-13.401369,3719.2 -71.849475,-13.401366,3719.2 -71.849479,-13.401363,3719.4 -71.849482,-13.401360,3719.4 -71.849485,-13.401355,3719.6 -71.849487,-13.401350,3719.8 -71.849490,-13.401345,3719.8 -71.849492,-13.401340,3720 -71.849493,-13.401337,3720.2 -71.849494,-13.401334,3720.4 -71.849494,-13.401333,3720.4 -71.849496,-13.401330,3720.4 -71.849498,-13.401327,3720.6 -71.849501,-13.401325,3720.8 -71.849506,-13.401322,3720.8 -71.849509,-13.401319,3721 -71.849513,-13.401317,3721.2 -71.849515,-13.401313,3721.4 -71.849518,-13.401309,3721.4 -71.849521,-13.401305,3721.6 -71.849524,-13.401301,3721.8 -71.849528,-13.401297,3722 -71.849529,-13.401294,3722 -71.849531,-13.401290,3722.2 -71.849533,-13.401286,3722.4 -71.849537,-13.401281,3722.4 -71.849542,-13.401276,3722.6 -71.849547,-13.401271,3722.8 -71.849551,-13.401264,3723 -71.849554,-13.401258,3723 -71.849556,-13.401253,3723.2 -71.849557,-13.401247,3723.2 -71.849559,-13.401239,3723.4 -71.849562,-13.401233,3723.4 -71.849564,-13.401229,3723.4 -71.849565,-13.401227,3723.6 -71.849571,-13.401224,3723.6 -71.849573,-13.401220,3723.8 -71.849576,-13.401219,3723.8 -71.849578,-13.401217,3724 -71.849579,-13.401217,3724 -71.849579,-13.401218,3724 -71.849580,-13.401218,3724.2 -71.849581,-13.401219,3724.2 -71.849582,-13.401220,3724.2 -71.849583,-13.401221,3724.2 -71.849583,-13.401222,3724.2 -71.849583,-13.401223,3724.4 -71.849583,-13.401224,3724.4 -71.849583,-13.401224,3724.4 -71.849583,-13.401225,3724.6 -71.849582,-13.401225,3724.6 -71.849582,-13.401226,3724.6 -71.849583,-13.401226,3724.6 -71.849583,-13.401226,3724.6 -71.849583,-13.401225,3724.8 -71.849583,-13.401225,3724.8 -71.849583,-13.401223,3725 -71.849583,-13.401222,3725 -71.849583,-13.401222,3725.2 -71.849583,-13.401221,3725.2 -71.849583,-13.401220,3725.4 -71.849583,-13.401220,3725.4 -71.849583,-13.401220,3725.4 -71.849584,-13.401220,3725.4 -71.849590,-13.401216,3725.4 -71.849591,-13.401214,3725.4 -71.849595,-13.401212,3725.4 -71.849598,-13.401210,3725.6 -71.849602,-13.401209,3725.6 -71.849608,-13.401206,3725.8 -71.849614,-13.401203,3725.8 -71.849616,-13.401202,3725.8 -71.849620,-13.401201,3726 -71.849624,-13.401198,3726 -71.849628,-13.401198,3726.2 -71.849633,-13.401197,3726.2 -71.849637,-13.401195,3726.4 -71.849642,-13.401192,3726.4 -71.849647,-13.401189,3726.4 -71.849652,-13.401188,3726.6 -71.849656,-13.401184,3726.6 -71.849658,-13.401182,3726.8 -71.849660,-13.401181,3727 -71.849661,-13.401180,3727 -71.849662,-13.401179,3727.2 -71.849663,-13.401178,3727.2 -71.849664,-13.401178,3727.4 -71.849664,-13.401177,3727.4 -71.849665,-13.401176,3727.6 -71.849665,-13.401175,3727.6 -71.849666,-13.401174,3727.8 -71.849666,-13.401173,3727.8 -71.849666,-13.401171,3728 -71.849666,-13.401171,3728 -71.849667,-13.401170,3728 -71.849668,-13.401170,3728 -71.849668,-13.401168,3728.2 -71.849668,-13.401168,3728.2 -71.849669,-13.401168,3728 -71.849669,-13.401167,3728 -71.849669,-13.401167,3728 -71.849670,-13.401167,3728 -71.849670,-13.401166,3727.8 -71.849670,-13.401166,3727.8 -71.849670,-13.401166,3727.8 -71.849670,-13.401165,3727.6 -71.849670,-13.401165,3727.6 -71.849670,-13.401166,3727.6 -71.849673,-13.401162,3727.4 -71.849676,-13.401158,3727.4 -71.849680,-13.401156,3727.4 -71.849685,-13.401153,3727.6 -71.849689,-13.401149,3727.4 -71.849693,-13.401147,3727.6 -71.849698,-13.401143,3727.6 -71.849701,-13.401139,3727.8 -71.849706,-13.401135,3727.8 -71.849711,-13.401132,3727.8 -71.849714,-13.401129,3728 -71.849716,-13.401124,3728 -71.849719,-13.401117,3728 -71.849723,-13.401114,3728.2 -71.849727,-13.401111,3728.2 -71.849730,-13.401109,3728.4 -71.849731,-13.401106,3728.4 -71.849733,-13.401103,3728.4 -71.849738,-13.401096,3728.6 -71.849742,-13.401090,3728.6 -71.849744,-13.401085,3728.6 -71.849745,-13.401080,3728.6 -71.849745,-13.401077,3728.8 -71.849745,-13.401073,3728.8 -71.849746,-13.401069,3729 -71.849746,-13.401064,3729 -71.849746,-13.401059,3729 -71.849746,-13.401054,3729.2 -71.849745,-13.401049,3729.2 -71.849744,-13.401045,3729.4 -71.849743,-13.401041,3729.6 -71.849742,-13.401039,3729.8 -71.849742,-13.401039,3729.8 -71.849742,-13.401039,3729.8 -71.849742,-13.401039,3730 -71.849741,-13.401038,3730 -71.849740,-13.401036,3730 -71.849739,-13.401032,3730.2 -71.849737,-13.401029,3730.2 -71.849735,-13.401025,3730.2 -71.849734,-13.401021,3730.4 -71.849733,-13.401019,3730.6 -71.849733,-13.401018,3730.6 -71.849733,-13.401018,3730.6 -71.849734,-13.401018,3730.6 -71.849735,-13.401018,3730.6 -71.849736,-13.401018,3730.6 -71.849736,-13.401017,3730.6 -71.849736,-13.401017,3730.8 -71.849737,-13.401017,3730.8 -71.849738,-13.401016,3730.8 -71.849738,-13.401016,3731 -71.849738,-13.401016,3731 -71.849738,-13.401016,3731 -71.849738,-13.401016,3731 -71.849737,-13.401014,3731 -71.849736,-13.401009,3731 -71.849736,-13.401004,3731 -71.849731,-13.400998,3731.2 -71.849727,-13.400992,3731.2 -71.849723,-13.400986,3731.4 -71.849721,-13.400981,3731.4 -71.849719,-13.400978,3731.4 -71.849714,-13.400976,3731.6 -71.849708,-13.400973,3731.6 -71.849702,-13.400969,3731.6 -71.849697,-13.400965,3731.6 -71.849693,-13.400959,3731.6 -71.849690,-13.400954,3731.6 -71.849684,-13.400947,3731.6 -71.849675,-13.400939,3731.4 -71.849670,-13.400932,3731.6 -71.849665,-13.400927,3731.6 -71.849663,-13.400919,3731.6 -71.849662,-13.400911,3731.4 -71.849663,-13.400903,3731.6 -71.849658,-13.400895,3731.4 -71.849652,-13.400889,3731.4 -71.849648,-13.400882,3731.4 -71.849645,-13.400878,3731.4 -71.849641,-13.400872,3731.4 -71.849637,-13.400866,3731.4 -71.849632,-13.400858,3731.4 -71.849627,-13.400851,3731.4 -71.849623,-13.400844,3731.4 -71.849620,-13.400836,3731.2 -71.849618,-13.400828,3731.2 -71.849617,-13.400822,3731.2 -71.849614,-13.400815,3731.2 -71.849608,-13.400807,3731.2 -71.849601,-13.400798,3731 -71.849597,-13.400791,3731 -71.849593,-13.400783,3731 -71.849588,-13.400776,3731 -71.849584,-13.400768,3730.8 -71.849579,-13.400758,3730.8 -71.849576,-13.400751,3730.8 -71.849573,-13.400741,3730.6 -71.849570,-13.400731,3730.6 -71.849569,-13.400725,3730.6 -71.849569,-13.400715,3730.4 -71.849569,-13.400707,3730.4 -71.849568,-13.400702,3730.2 -71.849568,-13.400699,3730.2 -71.849568,-13.400698,3730.2 -71.849570,-13.400696,3730 -71.849571,-13.400695,3730 -71.849571,-13.400694,3730.2 -71.849571,-13.400693,3730.2 -71.849571,-13.400692,3730.4 -71.849572,-13.400691,3730.6 -71.849572,-13.400690,3730.6 -71.849573,-13.400689,3730.6 -71.849573,-13.400688,3730.6 -71.849574,-13.400687,3730.6 -71.849573,-13.400688,3730.6 -71.849575,-13.400689,3730.6 -71.849577,-13.400695,3730.6 -71.849579,-13.400703,3730.6 -71.849580,-13.400711,3730.6 -71.849581,-13.400717,3730.6 -71.849586,-13.400724,3730.8 -71.849590,-13.400734,3730.8 -71.849594,-13.400743,3730.8 -71.849598,-13.400752,3730.8 -71.849602,-13.400762,3731 -71.849606,-13.400772,3731 -71.849608,-13.400780,3731 -71.849610,-13.400787,3731 -71.849613,-13.400793,3731 -71.849615,-13.400803,3731.2 -71.849618,-13.400809,3731.2 -71.849621,-13.400814,3731.2 -71.849624,-13.400822,3731.4 -71.849628,-13.400829,3731.4 -71.849632,-13.400836,3731.6 -71.849634,-13.400843,3731.6 -71.849636,-13.400851,3731.6 -71.849640,-13.400861,3731.6 -71.849643,-13.400868,3731.8 -71.849644,-13.400877,3731.6 -71.849648,-13.400887,3731.8 -71.849651,-13.400896,3731.8 -71.849655,-13.400901,3731.8 -71.849658,-13.400907,3731.8 -71.849661,-13.400913,3732 -71.849663,-13.400918,3732 -71.849663,-13.400925,3732 -71.849663,-13.400934,3732.2 -71.849665,-13.400941,3732.2 -71.849669,-13.400947,3732.2 -71.849674,-13.400953,3732.2 -71.849679,-13.400959,3732.4 -71.849683,-13.400964,3732.4 -71.849687,-13.400968,3732.6 -71.849691,-13.400974,3732.6 -71.849696,-13.400979,3732.6 -71.849700,-13.400986,3732.6 -71.849706,-13.400994,3732.6 -71.849714,-13.401000,3732.8 -71.849721,-13.401005,3732.8 -71.849728,-13.401010,3733 -71.849734,-13.401016,3733.2 -71.849738,-13.401020,3733.2 -71.849743,-13.401024,3733.2 -71.849745,-13.401025,3733.2 -71.849746,-13.401023,3733.4 -71.849749,-13.401020,3733.4 -71.849754,-13.401016,3733.6 -71.849759,-13.401015,3733.6 -71.849763,-13.401013,3733.8 -71.849767,-13.401011,3733.8 -71.849770,-13.401007,3733.8 -71.849772,-13.401005,3733.8 -71.849777,-13.401004,3733.8 -71.849780,-13.401003,3733.8 -71.849784,-13.401002,3734 -71.849787,-13.401001,3734 -71.849792,-13.401001,3734.2 -71.849795,-13.400999,3734.2 -71.849796,-13.400999,3734.2 -71.849797,-13.400998,3734.2 -71.849797,-13.400998,3734.2 -71.849798,-13.400998,3734.2 -71.849803,-13.400997,3734.2 -71.849809,-13.400995,3734.2 -71.849813,-13.400992,3734.2 -71.849818,-13.400989,3734 -71.849821,-13.400986,3734 -71.849821,-13.400984,3734 -71.849822,-13.400984,3734 -71.849822,-13.400984,3734 -71.849823,-13.400985,3734 -71.849823,-13.400985,3734 -71.849824,-13.400985,3734 -71.849826,-13.400985,3734.2 -71.849827,-13.400985,3734.2 -71.849828,-13.400985,3734.4 -71.849829,-13.400985,3734.4 -71.849830,-13.400985,3734.6 -71.849831,-13.400985,3734.6 -71.849831,-13.400985,3734.8 -71.849831,-13.400985,3734.8 -71.849831,-13.400985,3734.8 -71.849831,-13.400985,3734.8 -71.849831,-13.400985,3734.8 -71.849831,-13.400985,3735 -71.849831,-13.400985,3735 -71.849832,-13.400985,3735.2 -71.849832,-13.400985,3735.2 -71.849832,-13.400985,3735.2 -71.849832,-13.400985,3735.4 -71.849833,-13.400985,3735.4 -71.849833,-13.400985,3735.4 -71.849833,-13.400984,3735.6 -71.849834,-13.400984,3735.8 -71.849835,-13.400983,3736 -71.849835,-13.400983,3736.2 -71.849836,-13.400982,3736.4 -71.849836,-13.400982,3736.4 -71.849837,-13.400981,3736.6 -71.849838,-13.400981,3736.8 -71.849839,-13.400980,3736.8 -71.849839,-13.400980,3737 -71.849840,-13.400980,3737 -71.849841,-13.400980,3737 -71.849842,-13.400979,3737 -71.849842,-13.400979,3737 -71.849843,-13.400979,3737.2 -71.849845,-13.400976,3737 -71.849845,-13.400974,3736.8 -71.849844,-13.400972,3736.8 -71.849843,-13.400969,3736.6 -71.849840,-13.400962,3736.2 -71.849835,-13.400955,3736.4 -71.849833,-13.400948,3736.4 -71.849830,-13.400943,3736.4 -71.849823,-13.400938,3736.2 -71.849815,-13.400931,3736 -71.849809,-13.400927,3736 -71.849802,-13.400925,3736 -71.849794,-13.400924,3736 -71.849787,-13.400921,3735.8 -71.849781,-13.400917,3735.8 -71.849773,-13.400909,3735.8 -71.849765,-13.400901,3735.8 -71.849756,-13.400894,3735.8 -71.849752,-13.400890,3736 -71.849749,-13.400884,3736.2 -71.849745,-13.400878,3736.2 -71.849744,-13.400872,3736.4 -71.849744,-13.400867,3736.4 -71.849743,-13.400861,3736.6 -71.849744,-13.400855,3736.6 -71.849746,-13.400850,3736.6 -71.849749,-13.400843,3736.8 -71.849750,-13.400839,3736.8 -71.849753,-13.400834,3737.2 -71.849755,-13.400828,3737.4 -71.849755,-13.400824,3737.4 -71.849754,-13.400822,3737.6 -71.849755,-13.400821,3737.6 -71.849756,-13.400820,3737.6 -71.849757,-13.400818,3737.6 -71.849758,-13.400817,3737.8 -71.849761,-13.400815,3737.8 -71.849759,-13.400816,3737.8 -71.849762,-13.400812,3738 -71.849761,-13.400806,3738 -71.849761,-13.400798,3738 -71.849761,-13.400790,3738 -71.849762,-13.400784,3738 -71.849762,-13.400778,3738 -71.849763,-13.400777,3738 -71.849764,-13.400777,3738 -71.849764,-13.400776,3738 -71.849765,-13.400775,3738 -71.849764,-13.400776,3738 -71.849764,-13.400776,3738 -71.849764,-13.400776,3738.2 -71.849764,-13.400776,3738.2 -71.849764,-13.400776,3738.2 -71.849764,-13.400776,3738.2 -71.849764,-13.400775,3738.2 -71.849764,-13.400775,3738.2 -71.849765,-13.400775,3738.2 -71.849769,-13.400772,3738.2 -71.849774,-13.400768,3738.4 -71.849778,-13.400765,3738.4 -71.849780,-13.400760,3738.4 -71.849783,-13.400755,3738.6 -71.849786,-13.400751,3738.6 -71.849790,-13.400747,3738.6 -71.849792,-13.400745,3738.6 -71.849795,-13.400742,3738.8 -71.849798,-13.400739,3738.8 -71.849801,-13.400735,3738.8 -71.849801,-13.400733,3739 -71.849804,-13.400729,3739 -71.849807,-13.400724,3739 -71.849810,-13.400721,3739.2 -71.849814,-13.400717,3739.2 -71.849817,-13.400713,3739.2 -71.849820,-13.400713,3739.4 -71.849826,-13.400715,3739.4 -71.849835,-13.400719,3739.4 -71.849842,-13.400721,3739.6 -71.849848,-13.400723,3739.6 -71.849855,-13.400724,3739.6 -71.849861,-13.400724,3739.8 -71.849865,-13.400720,3739.8 -71.849867,-13.400713,3740 -71.849868,-13.400705,3740 -71.849869,-13.400698,3740.2 -71.849870,-13.400692,3740.2 -71.849874,-13.400687,3740.4 -71.849877,-13.400684,3740.4 -71.849881,-13.400683,3740.4 -71.849884,-13.400681,3740.6 -71.849889,-13.400683,3740.6 -71.849892,-13.400686,3740.8 -71.849896,-13.400687,3740.8 -71.849900,-13.400690,3740.8 -71.849906,-13.400691,3741 -71.849911,-13.400690,3741 -71.849915,-13.400691,3741.2 -71.849920,-13.400693,3741.4 -71.849926,-13.400695,3741.4 -71.849931,-13.400696,3741.6 -71.849938,-13.400696,3741.8 -71.849943,-13.400695,3741.8 -71.849946,-13.400693,3742 -71.849948,-13.400692,3742 -71.849949,-13.400692,3742.2 -71.849949,-13.400692,3742.2 -71.849950,-13.400692,3742.2 -71.849951,-13.400692,3742.2 -71.849951,-13.400692,3742.2 -71.849952,-13.400692,3742.4 -71.849952,-13.400692,3742.4 -71.849953,-13.400692,3742.4 -71.849954,-13.400692,3742.6 -71.849954,-13.400692,3742.6 -71.849954,-13.400692,3742.8 -71.849954,-13.400692,3742.8 -71.849955,-13.400692,3743 -71.849955,-13.400692,3743 -71.849955,-13.400693,3743.2 -71.849955,-13.400694,3743.4 -71.849957,-13.400694,3743.4 -71.849957,-13.400695,3743.4 -71.849957,-13.400695,3743.4 -71.849956,-13.400695,3743.6 -71.849956,-13.400695,3743.6 -71.849956,-13.400697,3743.8 -71.849957,-13.400698,3743.8 -71.849957,-13.400699,3743.8 -71.849960,-13.400693,3744 -71.849962,-13.400692,3744 -71.849967,-13.400691,3744 -71.849974,-13.400688,3744.2 -71.849981,-13.400685,3744.4 -71.849985,-13.400681,3744.6 -71.849988,-13.400678,3744.6 -71.849990,-13.400671,3744.8 -71.849992,-13.400667,3745 -71.849995,-13.400663,3745.4 -71.850000,-13.400658,3745.6 -71.850001,-13.400655,3745.8 -71.850002,-13.400652,3746.2 -71.850004,-13.400649,3746.2 -71.850007,-13.400646,3746.4 -71.850010,-13.400643,3746.6 -71.850016,-13.400639,3746.8 -71.850019,-13.400636,3747.2 -71.850022,-13.400633,3747.4 -71.850026,-13.400628,3747.6 -71.850029,-13.400625,3747.8 -71.850033,-13.400621,3748.2 -71.850037,-13.400616,3748.4 -71.850037,-13.400612,3748.6 -71.850038,-13.400608,3748.8 -71.850041,-13.400604,3749 -71.850042,-13.400601,3749.2 -71.850044,-13.400598,3749.4 -71.850046,-13.400594,3749.6 -71.850049,-13.400591,3749.8 -71.850052,-13.400588,3750 -71.850054,-13.400585,3750.2 -71.850057,-13.400582,3750.4 -71.850061,-13.400577,3750.6 -71.850065,-13.400574,3750.8 -71.850069,-13.400570,3750.8 -71.850070,-13.400566,3751 -71.850071,-13.400562,3751.2 -71.850073,-13.400556,3751.4 -71.850074,-13.400553,3751.4 -71.850077,-13.400547,3751.6 -71.850075,-13.400544,3751.8 -71.850076,-13.400537,3752 -71.850076,-13.400532,3752.2 -71.850077,-13.400531,3752.2 -71.850077,-13.400531,3752.4 -71.850077,-13.400531,3752.4 -71.850080,-13.400531,3752.6 -71.850078,-13.400531,3752.6 -71.850085,-13.400532,3752.6 -71.850089,-13.400534,3752.8 -71.850092,-13.400537,3753 -71.850096,-13.400541,3753 -71.850100,-13.400546,3753.2 -71.850103,-13.400551,3753.4 -71.850108,-13.400557,3753.6 -71.850111,-13.400564,3753.8 -71.850114,-13.400570,3753.8 -71.850117,-13.400574,3754 -71.850121,-13.400577,3754.2 -71.850124,-13.400580,3754.4 -71.850129,-13.400584,3754.4 -71.850134,-13.400586,3754.6 -71.850139,-13.400587,3754.8 -71.850143,-13.400589,3754.8 -71.850149,-13.400593,3755 -71.850153,-13.400597,3755.2 -71.850158,-13.400602,3755.2 -71.850162,-13.400605,3755.4 -71.850167,-13.400606,3755.6 -71.850170,-13.400611,3755.8 -71.850175,-13.400612,3756 -71.850180,-13.400612,3756.2 -71.850184,-13.400614,3756.4 -71.850187,-13.400614,3756.4 -71.850190,-13.400614,3756.6 -71.850191,-13.400614,3756.6 -71.850193,-13.400613,3756.6 -71.850195,-13.400612,3756.8 -71.850196,-13.400612,3756.8 -71.850196,-13.400611,3756.8 -71.850196,-13.400611,3756.8 -71.850196,-13.400611,3756.8 -71.850196,-13.400611,3756.8 -71.850196,-13.400610,3756.8 -71.850197,-13.400610,3756.8 -71.850197,-13.400610,3756.8 -71.850198,-13.400610,3756.8 -71.850198,-13.400610,3757 -71.850198,-13.400610,3757 -71.850200,-13.400609,3757 -71.850203,-13.400607,3757 -71.850207,-13.400603,3757 -71.850211,-13.400598,3757 -71.850213,-13.400593,3757 -71.850213,-13.400585,3757 -71.850212,-13.400577,3757 -71.850212,-13.400571,3757 -71.850212,-13.400565,3757.2 -71.850213,-13.400562,3757.2 -71.850218,-13.400559,3757.2 -71.850223,-13.400556,3757.2 -71.850227,-13.400556,3757.2 -71.850230,-13.400558,3757.4 -71.850233,-13.400560,3757.4 -71.850237,-13.400563,3757.4 -71.850241,-13.400564,3757.6 -71.850244,-13.400560,3757.6 -71.850244,-13.400555,3757.6 -71.850246,-13.400548,3757.8 -71.850246,-13.400540,3757.8 -71.850249,-13.400534,3757.8 -71.850253,-13.400529,3757.8 -71.850256,-13.400527,3758 -71.850258,-13.400526,3758 -71.850260,-13.400526,3758 -71.850259,-13.400526,3758 -71.850258,-13.400526,3758.2 -71.850257,-13.400526,3758 -71.850256,-13.400526,3758 -71.850258,-13.400526,3758.2 -71.850257,-13.400526,3758.2 -71.850256,-13.400527,3758.2 -71.850256,-13.400527,3758.2 -71.850256,-13.400527,3758.2 -71.850262,-13.400523,3758.2 -71.850267,-13.400520,3758.2 -71.850272,-13.400518,3758.2 -71.850278,-13.400517,3758.2 -71.850284,-13.400517,3758.2 -71.850288,-13.400516,3758.4 -71.850291,-13.400516,3758.4 -71.850292,-13.400516,3758.4 -71.850292,-13.400517,3758.4 -71.850295,-13.400519,3758.4 -71.850296,-13.400521,3758.6 -71.850297,-13.400520,3758.6 -71.850298,-13.400521,3758.6 -71.850301,-13.400518,3758.6 -71.850304,-13.400516,3758.6 -71.850306,-13.400515,3758.6 -71.850307,-13.400514,3758.6 -71.850308,-13.400513,3758.6 -71.850308,-13.400511,3758.6 -71.850309,-13.400511,3758.6 -71.850313,-13.400509,3758.8 -71.850317,-13.400511,3758.8 -71.850323,-13.400514,3758.8 -71.850329,-13.400517,3758.8 -71.850333,-13.400517,3759 -71.850337,-13.400513,3759 -71.850337,-13.400512,3759 -71.850339,-13.400512,3759.2 -71.850339,-13.400514,3759.2 -71.850340,-13.400515,3759.2 -71.850339,-13.400514,3759.2 -71.850340,-13.400515,3759.2 -71.850342,-13.400513,3759.2 -71.850343,-13.400511,3759.2 -71.850344,-13.400510,3759.4 -71.850344,-13.400509,3759.4 -71.850345,-13.400509,3759.4 -71.850347,-13.400509,3759.4 -71.850347,-13.400509,3759.4 -71.850348,-13.400508,3759.4 -71.850348,-13.400509,3759.4 -71.850349,-13.400510,3759.4 -71.850349,-13.400512,3759.4 -71.850354,-13.400515,3759.6 -71.850362,-13.400520,3759.6 -71.850373,-13.400521,3759.8 -71.850382,-13.400520,3759.8 -71.850392,-13.400520,3759.8 -71.850402,-13.400524,3760 -71.850408,-13.400525,3760 -71.850408,-13.400523,3760 -71.850406,-13.400522,3760.2 -71.850405,-13.400522,3760.2 -71.850404,-13.400519,3760.2 -71.850406,-13.400521,3760.2 -71.850405,-13.400519,3760.2 -71.850403,-13.400517,3760.2 -71.850401,-13.400516,3760.2 -71.850400,-13.400515,3760.2 -71.850400,-13.400515,3760.2 -71.850399,-13.400516,3760.2 -71.850399,-13.400515,3760.2 -71.850400,-13.400514,3760.2 -71.850401,-13.400514,3760.2 -71.850400,-13.400514,3760.2 -71.850400,-13.400513,3760.2 -71.850398,-13.400512,3760.2 -71.850391,-13.400513,3760.2 -71.850383,-13.400514,3760.2 -71.850373,-13.400512,3760.4 -71.850362,-13.400511,3760.2 -71.850352,-13.400513,3760.4 -71.850341,-13.400516,3760.4 -71.850331,-13.400516,3760.2 -71.850326,-13.400513,3760.2 -71.850320,-13.400514,3760.2 -71.850315,-13.400516,3760.2 -71.850308,-13.400517,3760.2 -71.850305,-13.400518,3760.2 -71.850300,-13.400516,3760 -71.850297,-13.400513,3760 -71.850290,-13.400508,3760 -71.850286,-13.400503,3760 -71.850276,-13.400498,3759.8 -71.850267,-13.400501,3759.8 -71.850261,-13.400509,3760 -71.850258,-13.400519,3760 -71.850259,-13.400526,3760 -71.850259,-13.400533,3760 -71.850259,-13.400540,3759.8 -71.850259,-13.400545,3759.8 -71.850258,-13.400554,3759.8 -71.850256,-13.400567,3759.8 -71.850256,-13.400577,3759.6 -71.850257,-13.400584,3759.6 -71.850255,-13.400590,3759.6 -71.850255,-13.400594,3759.6 -71.850255,-13.400595,3759.6 -71.850256,-13.400596,3759.6 -71.850256,-13.400597,3759.4 -71.850256,-13.400597,3759.4 -71.850256,-13.400598,3759.4 -71.850256,-13.400598,3759.4 -71.850256,-13.400598,3759.4 -71.850256,-13.400598,3759.4 -71.850257,-13.400604,3759.4 -71.850262,-13.400612,3759.2 -71.850271,-13.400621,3759.2 -71.850278,-13.400626,3759.2 -71.850283,-13.400633,3759.2 -71.850289,-13.400638,3759 -71.850295,-13.400648,3759 -71.850300,-13.400655,3758.8 -71.850302,-13.400658,3758.6 -71.850304,-13.400661,3758.6 -71.850309,-13.400670,3758.4 -71.850314,-13.400676,3758.4 -71.850315,-13.400683,3758.4 -71.850316,-13.400691,3758.2 -71.850318,-13.400695,3758 -71.850318,-13.400703,3758 -71.850320,-13.400710,3757.8 -71.850322,-13.400718,3757.8 -71.850326,-13.400729,3757.6 -71.850328,-13.400739,3757.4 -71.850331,-13.400747,3757.4 -71.850333,-13.400755,3757.2 -71.850333,-13.400766,3757 -71.850337,-13.400777,3757 -71.850340,-13.400791,3757 -71.850341,-13.400803,3757 -71.850339,-13.400810,3756.8 -71.850338,-13.400818,3756.8 -71.850339,-13.400826,3756.8 -71.850340,-13.400836,3756.6 -71.850344,-13.400841,3756.6 -71.850346,-13.400843,3756.6 -71.850347,-13.400843,3756.6 -71.850347,-13.400845,3756.6 -71.850346,-13.400846,3756.6 -71.850347,-13.400845,3756.6 -71.850346,-13.400846,3756.6 -71.850346,-13.400846,3756.6 -71.850346,-13.400846,3756.6 -71.850346,-13.400845,3756.6 -71.850346,-13.400845,3756.6 -71.850346,-13.400844,3756.4 -71.850346,-13.400843,3756.4 -71.850346,-13.400843,3756.4 -71.850346,-13.400843,3756.4 -71.850346,-13.400843,3756.4 -71.850346,-13.400842,3756.4 -71.850346,-13.400842,3756.4 -71.850346,-13.400842,3756.4 -71.850346,-13.400842,3756.4 -71.850346,-13.400842,3756.4 -71.850346,-13.400842,3756.4 -71.850346,-13.400842,3756.4 -71.850347,-13.400842,3756.4 -71.850346,-13.400842,3756.4 -71.850347,-13.400842,3756.4 -71.850347,-13.400842,3756.4 -71.850347,-13.400842,3756.4 -71.850347,-13.400842,3756.4 -71.850347,-13.400842,3756.4 -71.850347,-13.400842,3756.4 -71.850347,-13.400842,3756.4 -71.850348,-13.400843,3756.4 -71.850353,-13.400845,3756.6 -71.850361,-13.400848,3756.6 -71.850370,-13.400851,3756.4 -71.850381,-13.400854,3756.6 -71.850389,-13.400859,3756.6 -71.850395,-13.400863,3756.6 -71.850399,-13.400869,3756.6 -71.850404,-13.400877,3756.8 -71.850408,-13.400884,3756.8 -71.850411,-13.400890,3756.6 -71.850414,-13.400898,3756.8 -71.850416,-13.400904,3756.8 -71.850419,-13.400910,3756.8 -71.850421,-13.400914,3756.8 -71.850425,-13.400920,3756.8 -71.850428,-13.400925,3756.8 -71.850430,-13.400929,3756.8 -71.850433,-13.400933,3757 -71.850436,-13.400936,3757 -71.850438,-13.400939,3757 -71.850441,-13.400944,3757 -71.850443,-13.400949,3757 -71.850446,-13.400954,3757.2 -71.850448,-13.400958,3757.2 -71.850452,-13.400962,3757.2 -71.850456,-13.400968,3757.2 -71.850459,-13.400972,3757.4 -71.850462,-13.400974,3757.4 -71.850464,-13.400976,3757.4 -71.850467,-13.400981,3757.4 -71.850471,-13.400983,3757.6 -71.850475,-13.400987,3757.6 -71.850478,-13.400990,3757.6 -71.850483,-13.400992,3757.8 -71.850485,-13.400994,3757.8 -71.850490,-13.400995,3757.8 -71.850494,-13.400997,3758 -71.850497,-13.400999,3758 -71.850499,-13.401002,3758.2 -71.850501,-13.401004,3758.2 -71.850504,-13.401006,3758.2 -71.850505,-13.401007,3758.4 -71.850505,-13.401009,3758.4 -71.850505,-13.401012,3758.4 -71.850502,-13.401015,3758.6 -71.850501,-13.401017,3758.6 -71.850499,-13.401022,3758.6 -71.850498,-13.401024,3758.8 -71.850496,-13.401029,3759 -71.850493,-13.401032,3759 -71.850488,-13.401039,3759.2 -71.850488,-13.401044,3759.4 -71.850487,-13.401050,3759.6 -71.850488,-13.401055,3759.8 -71.850489,-13.401059,3759.8 -71.850490,-13.401063,3760 -71.850490,-13.401067,3760.2 -71.850492,-13.401073,3760.2 -71.850494,-13.401080,3760.4 -71.850495,-13.401086,3760.6 -71.850495,-13.401092,3760.8 -71.850498,-13.401096,3761 -71.850500,-13.401099,3761 -71.850502,-13.401103,3761.2 -71.850504,-13.401106,3761.4 -71.850505,-13.401106,3761.6 -71.850505,-13.401106,3761.6 -71.850504,-13.401107,3761.6 -71.850504,-13.401107,3761.8 -71.850503,-13.401107,3761.8 -71.850502,-13.401108,3762 -71.850502,-13.401108,3762 -71.850501,-13.401108,3762.2 -71.850501,-13.401108,3762.2 -71.850501,-13.401108,3762.4 -71.850502,-13.401108,3762.4 -71.850505,-13.401111,3762.4 -71.850507,-13.401112,3762.6 -71.850510,-13.401118,3762.6 -71.850512,-13.401124,3762.8 -71.850513,-13.401129,3762.8 -71.850515,-13.401134,3763 -71.850518,-13.401138,3763 -71.850520,-13.401144,3763 -71.850520,-13.401151,3763.2 -71.850519,-13.401158,3763.2 -71.850520,-13.401163,3763.4 -71.850521,-13.401167,3763.4 -71.850523,-13.401173,3763.4 -71.850525,-13.401182,3763.6 -71.850526,-13.401190,3763.6 -71.850528,-13.401197,3763.8 -71.850530,-13.401202,3763.8 -71.850531,-13.401208,3764 -71.850532,-13.401215,3764 -71.850532,-13.401222,3764.2 -71.850531,-13.401229,3764.2 -71.850529,-13.401237,3764.4 -71.850528,-13.401243,3764.4 -71.850528,-13.401250,3764.6 -71.850529,-13.401257,3764.6 -71.850532,-13.401262,3764.8 -71.850533,-13.401264,3764.8 -71.850533,-13.401265,3765 -71.850533,-13.401265,3765 -71.850533,-13.401266,3765 -71.850534,-13.401270,3765 -71.850536,-13.401274,3765 -71.850538,-13.401279,3765 -71.850540,-13.401286,3765.2 -71.850542,-13.401293,3765.2 -71.850543,-13.401299,3765.2 -71.850545,-13.401303,3765.4 -71.850546,-13.401309,3765.4 -71.850549,-13.401317,3765.4 -71.850551,-13.401323,3765.6 -71.850551,-13.401324,3765.8 -71.850551,-13.401325,3765.8 -71.850551,-13.401325,3765.8 -71.850551,-13.401325,3766 -71.850551,-13.401325,3766 -71.850551,-13.401325,3766 -71.850551,-13.401324,3766.2 -71.850552,-13.401324,3766.2 -71.850552,-13.401324,3766.2 -71.850552,-13.401323,3766.2 -71.850552,-13.401323,3766.2 -71.850552,-13.401323,3766.2 -71.850552,-13.401322,3766.2 -71.850552,-13.401322,3766.4 -71.850552,-13.401321,3766.4 -71.850554,-13.401322,3766.4 -71.850556,-13.401323,3766.4 -71.850556,-13.401323,3766.4 -71.850555,-13.401319,3766.4 -71.850555,-13.401317,3766.4 -71.850556,-13.401310,3766.4 -71.850557,-13.401301,3766.4 -71.850558,-13.401291,3766.4 -71.850562,-13.401278,3766.6 -71.850565,-13.401269,3766.6 -71.850569,-13.401262,3766.8 -71.850571,-13.401255,3766.8 -71.850573,-13.401246,3766.8 -71.850575,-13.401238,3766.8 -71.850579,-13.401227,3767 -71.850582,-13.401217,3767 -71.850585,-13.401207,3767 -71.850588,-13.401197,3767.2 -71.850590,-13.401190,3767.2 -71.850594,-13.401182,3767.2 -71.850596,-13.401179,3767.4 -71.850597,-13.401178,3767.4 -71.850599,-13.401177,3767.4 -71.850600,-13.401172,3767.4 -71.850599,-13.401173,3767.4 -71.850601,-13.401165,3767.4 -71.850602,-13.401161,3767.6 -71.850602,-13.401159,3767.6 -71.850603,-13.401157,3767.6 -71.850603,-13.401156,3767.4 -71.850604,-13.401156,3767.4 -71.850604,-13.401156,3767.4 -71.850606,-13.401156,3767.4 -71.850612,-13.401156,3767.4 -71.850618,-13.401160,3767.4 -71.850623,-13.401164,3767.6 -71.850629,-13.401169,3767.6 -71.850632,-13.401172,3767.6 -71.850632,-13.401174,3767.6 -71.850632,-13.401176,3767.8 -71.850632,-13.401177,3767.8 -71.850633,-13.401178,3767.8 -71.850633,-13.401178,3767.8 -71.850634,-13.401180,3768 -71.850635,-13.401183,3768 -71.850638,-13.401189,3768.2 -71.850640,-13.401192,3768.2 -71.850641,-13.401194,3768.4 -71.850641,-13.401194,3768.4 -71.850640,-13.401194,3768.4 -71.850640,-13.401194,3768.4 -71.850639,-13.401194,3768.4 -71.850639,-13.401194,3768.4 -71.850639,-13.401194,3768.4 -71.850639,-13.401193,3768.4 -71.850640,-13.401192,3768.4 -71.850641,-13.401188,3768.4 -71.850644,-13.401183,3768.4 -71.850647,-13.401177,3768.6 -71.850647,-13.401175,3768.6 -71.850650,-13.401171,3768.6 -71.850652,-13.401168,3768.8 -71.850655,-13.401165,3768.8 -71.850659,-13.401162,3768.8 -71.850662,-13.401162,3769 -71.850664,-13.401162,3769 -71.850665,-13.401162,3769 -71.850666,-13.401162,3769.2 -71.850666,-13.401163,3769.2 -71.850666,-13.401163,3769.2 -71.850666,-13.401163,3769.2 -71.850665,-13.401163,3769.2 -71.850665,-13.401164,3769.2 -71.850664,-13.401164,3769.2 -71.850664,-13.401164,3769.2 -71.850663,-13.401164,3769.2 -71.850662,-13.401164,3769.2 -71.850662,-13.401164,3769.4 -71.850662,-13.401165,3769.4 -71.850660,-13.401165,3769.4 -71.850660,-13.401165,3769.4 -71.850660,-13.401165,3769.4 -71.850660,-13.401165,3769.4 -71.850660,-13.401165,3769.6 -71.850661,-13.401166,3769.6 -71.850661,-13.401166,3769.6 -71.850661,-13.401166,3769.6 -71.850661,-13.401167,3769.6 -71.850662,-13.401167,3769.6 -71.850662,-13.401168,3769.6 -71.850663,-13.401168,3769.6 -71.850663,-13.401168,3769.6 -71.850664,-13.401168,3769.6 -71.850664,-13.401168,3769.8 -71.850664,-13.401168,3769.8 -71.850664,-13.401168,3769.8 -71.850665,-13.401168,3769.8 -71.850665,-13.401168,3770 -71.850664,-13.401168,3770 -71.850664,-13.401168,3770 -71.850664,-13.401168,3769.8 -71.850663,-13.401169,3769.8 -71.850663,-13.401169,3769.8 -71.850662,-13.401169,3769.8 -71.850661,-13.401169,3769.6 -71.850661,-13.401169,3769.6 -71.850660,-13.401169,3769.6 -71.850660,-13.401168,3769.6 -71.850659,-13.401167,3769.8 -71.850659,-13.401167,3769.8 -71.850659,-13.401167,3770 -71.850659,-13.401166,3770 -71.850659,-13.401166,3770.2 -71.850659,-13.401165,3770.2 -71.850659,-13.401165,3770.2 -71.850659,-13.401165,3770.2 -71.850659,-13.401165,3770.2 -71.850658,-13.401165,3770.2 -71.850658,-13.401165,3770.2 -71.850658,-13.401165,3770.2 -71.850659,-13.401165,3770.2 -71.850659,-13.401165,3770.4 -71.850659,-13.401165,3770.4 -71.850659,-13.401165,3770.6 -71.850660,-13.401164,3770.6 -71.850660,-13.401164,3770.8 -71.850660,-13.401164,3771 -71.850661,-13.401164,3771 -71.850660,-13.401164,3771 -71.850660,-13.401164,3771 -71.850660,-13.401164,3771 -71.850660,-13.401163,3771 -71.850664,-13.401166,3771 -71.850669,-13.401168,3771 -71.850674,-13.401171,3771.2 -71.850677,-13.401174,3771.2 -71.850679,-13.401174,3771.2 -71.850680,-13.401175,3771.2 -71.850680,-13.401177,3771.2 -71.850684,-13.401180,3771.4 -71.850688,-13.401184,3771.4 -71.850692,-13.401186,3771.4 -71.850698,-13.401190,3771.4 -71.850704,-13.401193,3771.4 -71.850707,-13.401195,3771.6 -71.850711,-13.401200,3771.6 -71.850716,-13.401203,3771.6 -71.850720,-13.401206,3771.8 -71.850726,-13.401206,3771.8 -71.850729,-13.401204,3772 -71.850733,-13.401204,3772 -71.850740,-13.401203,3772.2 -71.850744,-13.401204,3772.2 -71.850748,-13.401204,3772.4 -71.850751,-13.401204,3772.6 -71.850752,-13.401204,3772.6 -71.850756,-13.401205,3772.6 -71.850760,-13.401205,3772.8 -71.850764,-13.401205,3773 -71.850768,-13.401204,3773.2 -71.850771,-13.401202,3773.2 -71.850774,-13.401201,3773.4 -71.850778,-13.401200,3773.4 -71.850781,-13.401200,3773.6 -71.850781,-13.401201,3773.6 -71.850781,-13.401201,3773.6 -71.850782,-13.401201,3773.6 -71.850783,-13.401197,3773.6 -71.850785,-13.401194,3773.8 -71.850786,-13.401190,3773.8 -71.850791,-13.401185,3773.8 -71.850793,-13.401182,3774 -71.850800,-13.401180,3774 -71.850806,-13.401178,3774 -71.850811,-13.401177,3774 -71.850815,-13.401175,3774.2 -71.850818,-13.401175,3774.4 -71.850821,-13.401175,3774.4 -71.850824,-13.401175,3774.4 -71.850827,-13.401174,3774.6 -71.850830,-13.401174,3774.6 -71.850833,-13.401174,3774.6 -71.850835,-13.401174,3774.8 -71.850836,-13.401175,3774.8 -71.850836,-13.401178,3774.8 -71.850838,-13.401184,3775 -71.850840,-13.401188,3775 -71.850844,-13.401191,3775.2 -71.850850,-13.401193,3775.2 -71.850854,-13.401191,3775.2 -71.850858,-13.401187,3775.4 -71.850860,-13.401181,3775.4 -71.850863,-13.401175,3775.4 -71.850866,-13.401169,3775.6 -71.850867,-13.401166,3775.8 -71.850872,-13.401160,3775.8 -71.850875,-13.401156,3776 -71.850878,-13.401153,3776 -71.850880,-13.401151,3776.2 -71.850882,-13.401150,3776.2 -71.850884,-13.401148,3776.4 -71.850888,-13.401148,3776.4 -71.850890,-13.401148,3776.4 -71.850891,-13.401150,3776.6 -71.850893,-13.401151,3776.6 -71.850894,-13.401154,3776.6 -71.850895,-13.401157,3776.8 -71.850897,-13.401160,3776.8 -71.850899,-13.401162,3777 -71.850899,-13.401163,3777 -71.850899,-13.401164,3777 -71.850898,-13.401165,3777.2 -71.850898,-13.401166,3777.2 -71.850897,-13.401167,3777.2 -71.850896,-13.401168,3777.2 -71.850896,-13.401168,3777 -71.850896,-13.401170,3777 -71.850897,-13.401172,3777.2 -71.850900,-13.401174,3777.2 -71.850903,-13.401176,3777.4 -71.850906,-13.401177,3777.4 -71.850908,-13.401178,3777.4 -71.850911,-13.401180,3777.6 -71.850914,-13.401181,3777.6 -71.850916,-13.401181,3777.8 -71.850917,-13.401182,3777.8 -71.850918,-13.401181,3777.8 -71.850920,-13.401182,3778 -71.850924,-13.401178,3778 -71.850927,-13.401173,3778 -71.850932,-13.401168,3778.2 -71.850938,-13.401164,3778.2 -71.850942,-13.401160,3778.4 -71.850946,-13.401155,3778.4 -71.850949,-13.401150,3778.4 -71.850955,-13.401149,3778.6 -71.850962,-13.401145,3778.8 -71.850967,-13.401141,3778.8 -71.850971,-13.401133,3778.8 -71.850975,-13.401125,3779 -71.850979,-13.401117,3779 -71.850982,-13.401112,3779.2 -71.850984,-13.401108,3779.2 -71.850986,-13.401106,3779.4 -71.850987,-13.401104,3779.4 -71.850988,-13.401104,3779.4 -71.850988,-13.401104,3779.4 -71.850989,-13.401104,3779.4 -71.850989,-13.401104,3779.2 -71.850989,-13.401104,3779.2 -71.850991,-13.401104,3779.2 -71.850992,-13.401104,3779.2 -71.850995,-13.401104,3779.2 -71.850997,-13.401104,3779.2 -71.850999,-13.401104,3779.2 -71.851002,-13.401104,3779.2 -71.851004,-13.401104,3779.4 -71.851006,-13.401103,3779.4 -71.851007,-13.401103,3779.4 -71.851009,-13.401103,3779.4 -71.851009,-13.401101,3779.6 -71.851017,-13.401098,3779.8 -71.851021,-13.401095,3780 -71.851023,-13.401094,3780 -71.851026,-13.401093,3780 -71.851028,-13.401090,3780 -71.851032,-13.401085,3780.2 -71.851034,-13.401082,3780.4 -71.851035,-13.401082,3780.4 -71.851036,-13.401083,3780.6 -71.851037,-13.401084,3780.8 -71.851039,-13.401086,3780.8 -71.851040,-13.401089,3781 -71.851041,-13.401092,3781.2 -71.851041,-13.401096,3781.2 -71.851041,-13.401099,3781.4 -71.851039,-13.401107,3781.4 -71.851038,-13.401112,3781.6 -71.851037,-13.401118,3781.6 -71.851036,-13.401124,3781.8 -71.851036,-13.401130,3781.8 -71.851036,-13.401137,3781.8 -71.851037,-13.401144,3782 -71.851039,-13.401147,3782.2 -71.851039,-13.401148,3782.2 -71.851039,-13.401150,3782.4 -71.851042,-13.401152,3782.4 -71.851046,-13.401155,3782.4 -71.851050,-13.401158,3782.6 -71.851054,-13.401162,3782.6 -71.851059,-13.401165,3782.6 -71.851063,-13.401165,3782.8 -71.851066,-13.401165,3782.8 -71.851068,-13.401166,3782.8 -71.851069,-13.401166,3782.8 -71.851070,-13.401166,3782.8 -71.851071,-13.401166,3782.8 -71.851072,-13.401165,3782.6 -71.851073,-13.401164,3782.6 -71.851074,-13.401164,3782.6 -71.851075,-13.401163,3782.6 -71.851076,-13.401163,3782.6 -71.851078,-13.401162,3782.6 -71.851079,-13.401161,3782.8 -71.851081,-13.401161,3782.8 -71.851081,-13.401162,3783 -71.851081,-13.401162,3783 -71.851081,-13.401162,3783.2 -71.851081,-13.401162,3783.2 -71.851080,-13.401162,3783.4 -71.851081,-13.401162,3783.4 -71.851080,-13.401162,3783.6 -71.851080,-13.401162,3783.6 -71.851079,-13.401162,3783.6 -71.851079,-13.401162,3783.6 -71.851079,-13.401162,3783.6 -71.851079,-13.401163,3783.6 -71.851079,-13.401163,3783.8 -71.851078,-13.401163,3783.8 -71.851078,-13.401163,3783.8 -71.851077,-13.401163,3784 -71.851077,-13.401163,3784 -71.851076,-13.401164,3784 -71.851076,-13.401164,3784.2 -71.851076,-13.401163,3784.4 -71.851075,-13.401163,3784.6 -71.851076,-13.401164,3784.6 -71.851076,-13.401164,3784.8 -71.851076,-13.401164,3784.8 -71.851076,-13.401164,3785 -71.851075,-13.401164,3785 -71.851075,-13.401165,3785 -71.851075,-13.401165,3784.8 -71.851075,-13.401165,3785 -71.851076,-13.401166,3785 -71.851080,-13.401167,3785.2 -71.851086,-13.401172,3785.6 -71.851088,-13.401174,3785.8 -71.851089,-13.401178,3785.8 -71.851089,-13.401184,3786 -71.851090,-13.401187,3786 -71.851093,-13.401192,3786 -71.851097,-13.401194,3786.2 -71.851100,-13.401195,3786.2 -71.851104,-13.401196,3786.6 -71.851107,-13.401196,3786.6 -71.851110,-13.401197,3786.8 -71.851112,-13.401198,3786.8 -71.851115,-13.401199,3787 -71.851116,-13.401199,3787 -71.851118,-13.401202,3787.2 -71.851121,-13.401203,3787.2 -71.851124,-13.401203,3787.2 -71.851127,-13.401206,3787.4 -71.851130,-13.401207,3787.6 -71.851133,-13.401210,3787.8 -71.851136,-13.401212,3787.8 -71.851139,-13.401217,3788 -71.851142,-13.401222,3788 -71.851145,-13.401224,3788.2 -71.851145,-13.401225,3788.2 -71.851145,-13.401226,3788.4 -71.851144,-13.401226,3788.4 -71.851144,-13.401227,3788.4 -71.851144,-13.401227,3788.4 -71.851143,-13.401228,3788.4 -71.851143,-13.401229,3788.4 -71.851142,-13.401229,3788.4 -71.851142,-13.401230,3788.4 -71.851145,-13.401230,3788.6 -71.851151,-13.401232,3788.6 -71.851154,-13.401233,3788.6 -71.851158,-13.401235,3788.8 -71.851161,-13.401236,3788.8 -71.851166,-13.401235,3788.8 -71.851170,-13.401231,3789 -71.851174,-13.401226,3789 -71.851177,-13.401220,3789 -71.851180,-13.401216,3789 -71.851186,-13.401212,3789 -71.851190,-13.401209,3789.2 -71.851192,-13.401211,3789.2 -71.851196,-13.401215,3789.4 -71.851198,-13.401218,3789.4 -71.851200,-13.401220,3789.6 -71.851201,-13.401221,3789.6 -71.851201,-13.401221,3789.6 -71.851201,-13.401222,3789.6 -71.851201,-13.401222,3789.6 -71.851201,-13.401222,3789.6 -71.851202,-13.401222,3789.6 -71.851202,-13.401222,3789.6 -71.851201,-13.401221,3789.6 -71.851201,-13.401221,3789.4 -71.851201,-13.401221,3789.4 -71.851201,-13.401224,3789.4 -71.851203,-13.401229,3789.4 -71.851209,-13.401234,3789.4 -71.851213,-13.401236,3789.6 -71.851217,-13.401235,3789.6 -71.851220,-13.401231,3789.6 -71.851222,-13.401227,3789.8 -71.851224,-13.401222,3789.8 -71.851228,-13.401215,3789.8 -71.851230,-13.401211,3789.8 -71.851230,-13.401205,3790 -71.851232,-13.401199,3790 -71.851234,-13.401195,3790 -71.851234,-13.401193,3790 -71.851235,-13.401192,3790 -71.851236,-13.401191,3790.2 -71.851238,-13.401191,3790.2 -71.851239,-13.401190,3790.2 -71.851240,-13.401190,3790.2 -71.851241,-13.401189,3790.4 -71.851242,-13.401189,3790.4 -71.851242,-13.401189,3790.4 -71.851243,-13.401189,3790.4 -71.851244,-13.401188,3790.4 -71.851245,-13.401188,3790.6 -71.851246,-13.401188,3790.6 -71.851250,-13.401186,3790.6 -71.851253,-13.401184,3790.6 -71.851257,-13.401182,3790.8 -71.851261,-13.401179,3790.8 -71.851266,-13.401175,3790.8 -71.851272,-13.401171,3790.8 -71.851277,-13.401169,3790.8 -71.851282,-13.401165,3791 -71.851288,-13.401160,3791 -71.851293,-13.401155,3791 -71.851299,-13.401151,3791 -71.851305,-13.401147,3791.2 -71.851309,-13.401145,3791.2 -71.851313,-13.401143,3791.2 -71.851318,-13.401140,3791.2 -71.851322,-13.401137,3791.4 -71.851326,-13.401133,3791.4 -71.851330,-13.401129,3791.6 -71.851331,-13.401128,3791.6 -71.851332,-13.401127,3791.8 -71.851333,-13.401127,3791.8 -71.851333,-13.401127,3792 -71.851333,-13.401127,3792 -71.851334,-13.401126,3792 -71.851334,-13.401126,3792 -71.851334,-13.401125,3792.2 -71.851334,-13.401125,3792.2 -71.851334,-13.401125,3792.2 -71.851334,-13.401125,3792.4 -71.851335,-13.401124,3792.4 -71.851335,-13.401124,3792.4 -71.851336,-13.401124,3792.6 -71.851336,-13.401124,3792.6 -71.851336,-13.401124,3792.8 -71.851336,-13.401123,3792.8 -71.851337,-13.401123,3792.8 -71.851338,-13.401123,3792.8 -71.851338,-13.401123,3793 -71.851338,-13.401123,3793 -71.851338,-13.401123,3793 -71.851338,-13.401123,3793 -71.851337,-13.401123,3793.2 -71.851336,-13.401122,3793.2 -71.851336,-13.401122,3793.2 -71.851336,-13.401122,3793.4 -71.851336,-13.401122,3793.4 -71.851336,-13.401123,3793.4 -71.851335,-13.401122,3793.4 -71.851339,-13.401120,3793.4 -71.851343,-13.401116,3793.4 -71.851346,-13.401111,3793.4 -71.851348,-13.401106,3793.4 -71.851353,-13.401099,3793.4 -71.851359,-13.401094,3793.6 -71.851361,-13.401089,3793.4 -71.851366,-13.401082,3793.4 -71.851372,-13.401075,3793.4 -71.851376,-13.401070,3793.4 -71.851380,-13.401065,3793.6 -71.851387,-13.401061,3793.6 -71.851394,-13.401055,3793.6 -71.851398,-13.401050,3793.8 -71.851402,-13.401044,3793.8 -71.851406,-13.401037,3793.8 -71.851409,-13.401033,3793.8 -71.851415,-13.401027,3793.8 -71.851421,-13.401020,3793.8 -71.851425,-13.401015,3794 -71.851429,-13.401010,3794 -71.851435,-13.401004,3794 -71.851437,-13.401000,3794 -71.851442,-13.400996,3794 -71.851447,-13.400993,3794.2 -71.851450,-13.400990,3794.2 -71.851454,-13.400985,3794.4 -71.851460,-13.400980,3794.6 -71.851465,-13.400976,3794.6 -71.851471,-13.400971,3794.8 -71.851475,-13.400966,3794.8 -71.851477,-13.400961,3794.8 -71.851477,-13.400958,3795 -71.851477,-13.400957,3795 -71.851478,-13.400956,3795 -71.851479,-13.400956,3795 -71.851479,-13.400955,3795.2 -71.851479,-13.400954,3795.2 -71.851479,-13.400952,3795.4 -71.851482,-13.400950,3795.4 -71.851485,-13.400947,3795.6 -71.851487,-13.400942,3795.6 -71.851490,-13.400938,3795.8 -71.851495,-13.400932,3795.8 -71.851498,-13.400927,3796 -71.851502,-13.400923,3796 -71.851506,-13.400915,3796.2 -71.851508,-13.400909,3796.2 -71.851507,-13.400907,3796.4 -71.851507,-13.400907,3796.4 -71.851507,-13.400907,3796.4 -71.851507,-13.400908,3796.4 -71.851507,-13.400909,3796.4 -71.851508,-13.400909,3796.4 -71.851510,-13.400907,3796.4 -71.851515,-13.400903,3796.6 -71.851519,-13.400899,3796.6 -71.851522,-13.400896,3796.6 -71.851526,-13.400892,3796.8 -71.851530,-13.400887,3796.8 -71.851534,-13.400884,3796.8 -71.851538,-13.400880,3797 -71.851539,-13.400878,3797 -71.851540,-13.400877,3797 -71.851539,-13.400877,3797.2 -71.851539,-13.400877,3797.2 -71.851539,-13.400876,3797.2 -71.851539,-13.400876,3797.4 -71.851539,-13.400876,3797.4 -71.851539,-13.400876,3797.4 -71.851540,-13.400876,3797.6 -71.851541,-13.400874,3797.6 -71.851542,-13.400874,3797.8 -71.851542,-13.400873,3797.8 -71.851543,-13.400871,3798 -71.851543,-13.400870,3798 -71.851544,-13.400870,3798.2 -71.851543,-13.400871,3798.2 -71.851543,-13.400871,3798.4 -71.851542,-13.400871,3798.4 -71.851542,-13.400872,3798.6 -71.851542,-13.400873,3798.6 -71.851541,-13.400873,3798.8 -71.851541,-13.400874,3798.8 -71.851540,-13.400876,3798.8 -71.851540,-13.400877,3798.8 -71.851540,-13.400878,3798.8 -71.851540,-13.400879,3798.8 -71.851541,-13.400879,3798.8 -71.851539,-13.400877,3798.8 -71.851538,-13.400876,3799 -71.851538,-13.400877,3799 -71.851538,-13.400876,3799 -71.851537,-13.400876,3799 -71.851537,-13.400876,3799 -71.851537,-13.400876,3799 -71.851537,-13.400877,3798.8 -71.851537,-13.400877,3798.8 -71.851537,-13.400877,3798.8 -71.851538,-13.400877,3798.8 -71.851542,-13.400873,3798.6 -71.851544,-13.400871,3798.6 -71.851546,-13.400865,3798.8 -71.851549,-13.400857,3798.8 -71.851550,-13.400850,3798.8 -71.851549,-13.400846,3799 -71.851550,-13.400844,3799 -71.851551,-13.400843,3799.2 -71.851551,-13.400843,3799.2 -71.851551,-13.400843,3799.4 -71.851551,-13.400844,3799.6 -71.851551,-13.400844,3799.6 -71.851550,-13.400845,3799.8 -71.851550,-13.400846,3799.8 -71.851550,-13.400845,3799.8 -71.851550,-13.400846,3799.8 -71.851551,-13.400846,3799.8 -71.851551,-13.400847,3799.8 -71.851551,-13.400855,3800 -71.851551,-13.400867,3800 -71.851552,-13.400875,3800 -71.851554,-13.400882,3800.2 -71.851555,-13.400890,3800.2 -71.851556,-13.400897,3800.2 -71.851560,-13.400901,3800.4 -71.851563,-13.400906,3800.4 -71.851567,-13.400910,3800.6 -71.851571,-13.400911,3800.8 -71.851573,-13.400911,3800.8 -71.851574,-13.400911,3801 -71.851574,-13.400913,3801 -71.851576,-13.400916,3801 -71.851579,-13.400919,3801 -71.851583,-13.400922,3801.2 -71.851585,-13.400926,3801.2 -71.851586,-13.400933,3801.4 -71.851587,-13.400938,3801.6 -71.851589,-13.400944,3801.8 -71.851593,-13.400950,3801.8 -71.851595,-13.400953,3802 -71.851597,-13.400954,3802 -71.851597,-13.400954,3802 -71.851597,-13.400955,3802 -71.851597,-13.400954,3802 -71.851597,-13.400955,3802.2 -71.851597,-13.400956,3802.2 -71.851596,-13.400957,3802.4 -71.851595,-13.400957,3802.4 -71.851595,-13.400958,3802.4 -71.851594,-13.400959,3802.4 -71.851593,-13.400958,3802.6 -71.851592,-13.400958,3802.6 -71.851594,-13.400957,3802.8 -71.851596,-13.400956,3803 -71.851599,-13.400957,3803 -71.851600,-13.400957,3803 -71.851600,-13.400957,3803 -71.851599,-13.400956,3803 -71.851598,-13.400957,3803 -71.851599,-13.400957,3803 -71.851599,-13.400956,3803.2 -71.851599,-13.400956,3803.2 -71.851599,-13.400955,3803.2 -71.851600,-13.400954,3803.2 -71.851600,-13.400954,3803.2 -71.851600,-13.400953,3803.2 -71.851599,-13.400953,3803.2 -71.851599,-13.400953,3803.2 -71.851601,-13.400949,3803.2 -71.851606,-13.400946,3803.2 -71.851606,-13.400943,3803.2 -71.851608,-13.400941,3803.4 -71.851610,-13.400938,3803.4 -71.851614,-13.400935,3803.6 -71.851617,-13.400932,3803.6 -71.851620,-13.400929,3803.8 -71.851624,-13.400923,3804 -71.851626,-13.400919,3804.2 -71.851630,-13.400918,3804.2 -71.851633,-13.400918,3804.4 -71.851636,-13.400922,3804.6 -71.851640,-13.400926,3804.6 -71.851643,-13.400928,3804.8 -71.851648,-13.400931,3805 -71.851652,-13.400932,3805.2 -71.851656,-13.400933,3805.4 -71.851661,-13.400937,3805.6 -71.851666,-13.400940,3805.6 -71.851671,-13.400942,3805.8 -71.851672,-13.400942,3806 -71.851674,-13.400940,3806 -71.851675,-13.400935,3806.2 -71.851678,-13.400930,3806.2 -71.851681,-13.400925,3806.4 -71.851683,-13.400919,3806.4 -71.851685,-13.400915,3806.6 -71.851688,-13.400910,3806.8 -71.851691,-13.400905,3807 -71.851692,-13.400900,3807 -71.851693,-13.400894,3807.2 -71.851693,-13.400890,3807.4 -71.851694,-13.400886,3807.6 -71.851695,-13.400882,3807.8 -71.851697,-13.400881,3808 -71.851703,-13.400879,3808.2 -71.851706,-13.400879,3808.2 -71.851709,-13.400881,3808.4 -71.851713,-13.400882,3808.6 -71.851716,-13.400884,3808.8 -71.851721,-13.400884,3809 -71.851723,-13.400882,3809 -71.851726,-13.400882,3809.2 -71.851728,-13.400884,3809.2 -71.851731,-13.400887,3809.4 -71.851734,-13.400888,3809.4 -71.851736,-13.400891,3809.6 -71.851739,-13.400893,3809.8 -71.851742,-13.400895,3810 -71.851746,-13.400896,3810.2 -71.851749,-13.400896,3810.2 -71.851749,-13.400896,3810.4 -71.851750,-13.400896,3810.6 -71.851750,-13.400895,3810.6 -71.851749,-13.400895,3810.6 -71.851749,-13.400894,3810.8 -71.851748,-13.400894,3810.8 -71.851748,-13.400894,3811 -71.851747,-13.400894,3811 -71.851745,-13.400894,3811 -71.851744,-13.400894,3811 -71.851743,-13.400894,3811.2 -71.851743,-13.400894,3811.2 -71.851743,-13.400894,3811.2 -71.851742,-13.400894,3811.4 -71.851742,-13.400895,3811.4 -71.851742,-13.400895,3811.6 -71.851741,-13.400895,3811.6 -71.851740,-13.400895,3811.8 -71.851740,-13.400895,3812 -71.851740,-13.400895,3812 -71.851740,-13.400894,3812.2 -71.851740,-13.400894,3812.2 -71.851740,-13.400893,3812.4 -71.851740,-13.400893,3812.4 -71.851740,-13.400893,3812.4 -71.851741,-13.400894,3812.4 -71.851742,-13.400895,3812.4 -71.851743,-13.400895,3812.4 -71.851750,-13.400892,3812.2 -71.851752,-13.400890,3812.4 -71.851753,-13.400889,3812.4 -71.851752,-13.400888,3812.4 -71.851751,-13.400888,3812.4 -71.851751,-13.400889,3812.6 -71.851751,-13.400889,3812.6 -71.851750,-13.400890,3812.6 -71.851750,-13.400891,3812.6 -71.851750,-13.400891,3812.8 -71.851749,-13.400892,3812.8 -71.851750,-13.400894,3812.8 -71.851750,-13.400894,3812.8 -71.851751,-13.400895,3813 -71.851751,-13.400897,3813 -71.851751,-13.400897,3813 -71.851751,-13.400897,3813 -71.851753,-13.400898,3813 -71.851753,-13.400897,3813.2 -71.851754,-13.400898,3813.2 -71.851754,-13.400898,3813.2 -71.851754,-13.400898,3813.4 -71.851754,-13.400898,3813.6 -71.851754,-13.400898,3813.8 -71.851754,-13.400897,3813.8 -71.851754,-13.400897,3814 -71.851754,-13.400896,3814 -71.851755,-13.400897,3814 -71.851755,-13.400897,3814 -71.851755,-13.400897,3814 -71.851755,-13.400898,3814 -71.851755,-13.400898,3814 -71.851755,-13.400898,3813.8 -71.851754,-13.400898,3813.8 -71.851754,-13.400898,3813.8 -71.851754,-13.400898,3814 -71.851753,-13.400899,3814 -71.851753,-13.400899,3814 -71.851752,-13.400899,3814 -71.851751,-13.400900,3814 -71.851750,-13.400900,3814 -71.851750,-13.400901,3814 -71.851749,-13.400902,3814 -71.851751,-13.400902,3814 -71.851757,-13.400901,3814 -71.851761,-13.400901,3814 -71.851763,-13.400900,3814.2 -71.851764,-13.400899,3814.2 -71.851765,-13.400898,3814.2 -71.851765,-13.400898,3814.2 -71.851766,-13.400899,3814.2 -71.851766,-13.400899,3814.2 -71.851766,-13.400898,3814.2 -71.851766,-13.400897,3814.2 -71.851767,-13.400897,3814.2 -71.851767,-13.400896,3814.2 -71.851768,-13.400896,3814.2 -71.851768,-13.400895,3814.2 -71.851769,-13.400894,3814.2 -71.851769,-13.400894,3814.2 -71.851769,-13.400894,3814.2 -71.851770,-13.400895,3814.2 -71.851771,-13.400895,3814.2 -71.851772,-13.400895,3814.2 -71.851772,-13.400896,3814.2 -71.851771,-13.400893,3814.2 -71.851768,-13.400886,3814 -71.851764,-13.400879,3814 -71.851760,-13.400871,3813.8 -71.851758,-13.400864,3813.8 -71.851757,-13.400855,3814 -71.851755,-13.400846,3814 -71.851752,-13.400838,3814.2 -71.851751,-13.400833,3814.4 -71.851750,-13.400830,3814.4 -71.851751,-13.400828,3814.4 -71.851752,-13.400828,3814.4 -71.851752,-13.400827,3814.4 -71.851752,-13.400826,3814.4 -71.851753,-13.400825,3814.4 -71.851753,-13.400824,3814.4 -71.851753,-13.400824,3814.4 -71.851754,-13.400824,3814.2 -71.851754,-13.400824,3814.2 -71.851755,-13.400824,3814.2 -71.851755,-13.400823,3814 -71.851755,-13.400823,3814 -71.851755,-13.400823,3813.8 -71.851756,-13.400823,3813.8 -71.851757,-13.400826,3813.8 -71.851764,-13.400823,3814 -71.851768,-13.400821,3814 -71.851773,-13.400819,3814 -71.851776,-13.400815,3814.2 -71.851777,-13.400810,3814.2 -71.851777,-13.400804,3814.2 -71.851780,-13.400794,3814.2 -71.851780,-13.400790,3814.4 -71.851781,-13.400786,3814.4 -71.851783,-13.400781,3814.4 -71.851782,-13.400773,3814.4 -71.851783,-13.400767,3814.6 -71.851785,-13.400761,3814.6 -71.851787,-13.400757,3814.6 -71.851791,-13.400753,3814.8 -71.851796,-13.400748,3814.8 -71.851800,-13.400744,3814.8 -71.851805,-13.400740,3815 -71.851807,-13.400736,3815 -71.851813,-13.400733,3815 -71.851819,-13.400730,3815.2 -71.851822,-13.400728,3815.4 -71.851825,-13.400727,3815.4 -71.851828,-13.400726,3815.6 -71.851829,-13.400727,3815.6 -71.851828,-13.400727,3815.8 -71.851827,-13.400728,3815.8 -71.851827,-13.400728,3815.8 -71.851830,-13.400727,3816 -71.851834,-13.400725,3816 -71.851838,-13.400722,3816 -71.851843,-13.400719,3816.2 -71.851847,-13.400716,3816.2 -71.851852,-13.400712,3816.4 -71.851856,-13.400708,3816.4 -71.851859,-13.400702,3816.6 -71.851863,-13.400697,3816.8 -71.851868,-13.400696,3816.8 -71.851872,-13.400694,3817 -71.851875,-13.400691,3817 -71.851877,-13.400686,3817.2 -71.851879,-13.400680,3817.4 -71.851883,-13.400674,3817.4 -71.851886,-13.400667,3817.6 -71.851886,-13.400661,3817.6 -71.851887,-13.400656,3817.8 -71.851888,-13.400651,3818 -71.851889,-13.400645,3818 -71.851891,-13.400638,3818.2 -71.851894,-13.400631,3818.2 -71.851896,-13.400624,3818.4 -71.851897,-13.400618,3818.4 -71.851897,-13.400614,3818.6 -71.851897,-13.400610,3818.6 -71.851897,-13.400604,3818.6 -71.851896,-13.400598,3818.8 -71.851896,-13.400593,3818.8 -71.851897,-13.400587,3819 -71.851898,-13.400583,3819.2 -71.851899,-13.400580,3819.2 -71.851901,-13.400578,3819.4 -71.851903,-13.400578,3819.6 -71.851904,-13.400579,3819.6 -71.851908,-13.400580,3819.8 -71.851911,-13.400580,3820 -71.851912,-13.400580,3820 -71.851911,-13.400581,3820 -71.851911,-13.400581,3820.2 -71.851911,-13.400581,3820.2 -71.851910,-13.400582,3820.2 -71.851910,-13.400582,3820.2 -71.851910,-13.400582,3820.2 -71.851910,-13.400583,3820.4 -71.851909,-13.400583,3820.4 -71.851909,-13.400584,3820.4 -71.851909,-13.400584,3820.4 -71.851908,-13.400584,3820.4 -71.851908,-13.400585,3820.4 -71.851907,-13.400586,3820.4 -71.851906,-13.400586,3820.4 -71.851906,-13.400586,3820.4 -71.851905,-13.400587,3820.4 -71.851905,-13.400588,3820.4 -71.851905,-13.400588,3820.4 -71.851905,-13.400588,3820.4 -71.851905,-13.400588,3820.6 -71.851905,-13.400588,3820.6 -71.851905,-13.400588,3820.6 -71.851904,-13.400588,3820.6 -71.851903,-13.400588,3820.6 -71.851903,-13.400588,3820.6 -71.851903,-13.400588,3820.6 -71.851903,-13.400588,3820.6 -71.851903,-13.400589,3820.6 -71.851905,-13.400588,3820.8 -71.851902,-13.400579,3820.6 -71.851900,-13.400575,3820.4 -71.851897,-13.400569,3820.4 -71.851894,-13.400561,3820.4 -71.851890,-13.400553,3820.6 -71.851889,-13.400547,3820.4 -71.851890,-13.400541,3820.4 -71.851891,-13.400534,3820.4 -71.851892,-13.400527,3820.4 -71.851893,-13.400520,3820.4 -71.851891,-13.400515,3820.4 -71.851890,-13.400508,3820.4 -71.851889,-13.400502,3820.4 -71.851887,-13.400496,3820.4 -71.851885,-13.400490,3820.4 -71.851882,-13.400484,3820.4 -71.851881,-13.400476,3820.4 -71.851880,-13.400467,3820.4 -71.851878,-13.400458,3820.4 -71.851875,-13.400451,3820.6 -71.851873,-13.400443,3820.8 -71.851871,-13.400437,3820.8 -71.851871,-13.400431,3820.8 -71.851870,-13.400424,3821 -71.851868,-13.400418,3821 -71.851867,-13.400411,3821.2 -71.851867,-13.400405,3821.2 -71.851866,-13.400400,3821.4 -71.851866,-13.400394,3821.4 -71.851865,-13.400386,3821.6 -71.851864,-13.400379,3821.6 -71.851862,-13.400372,3821.8 -71.851861,-13.400366,3821.8 -71.851860,-13.400357,3822 -71.851858,-13.400350,3822 -71.851857,-13.400345,3822.2 -71.851857,-13.400340,3822.2 -71.851857,-13.400334,3822.4 -71.851856,-13.400328,3822.4 -71.851854,-13.400323,3822.4 -71.851853,-13.400318,3822.6 -71.851854,-13.400312,3822.6 -71.851855,-13.400306,3822.8 -71.851856,-13.400300,3822.8 -71.851856,-13.400295,3823 -71.851855,-13.400290,3823.2 -71.851856,-13.400284,3823.4 -71.851854,-13.400276,3823.6 -71.851851,-13.400270,3823.6 -71.851850,-13.400264,3823.8 -71.851846,-13.400262,3824 -71.851843,-13.400262,3824 -71.851840,-13.400262,3824.2 -71.851838,-13.400263,3824.2 -71.851838,-13.400263,3824.4 -71.851837,-13.400263,3824.4 -71.851837,-13.400263,3824.4 -71.851837,-13.400263,3824.6 -71.851837,-13.400263,3824.6 -71.851837,-13.400263,3824.6 -71.851837,-13.400264,3824.6 -71.851837,-13.400264,3824.8 -71.851836,-13.400264,3824.8 -71.851836,-13.400264,3824.8 -71.851836,-13.400263,3825 -71.851835,-13.400263,3825 -71.851835,-13.400263,3825 -71.851835,-13.400263,3825.2 -71.851835,-13.400263,3825.2 -71.851834,-13.400262,3825.2 -71.851834,-13.400262,3825.2 -71.851832,-13.400261,3825.2 -71.851829,-13.400256,3825.6 -71.851826,-13.400250,3826 -71.851824,-13.400246,3826.2 -71.851823,-13.400242,3826.2 -71.851823,-13.400239,3826.4 -71.851822,-13.400235,3826.4 -71.851825,-13.400228,3826.4 -71.851826,-13.400222,3826.6 -71.851826,-13.400218,3826.6 -71.851826,-13.400214,3826.8 -71.851825,-13.400212,3826.8 -71.851823,-13.400208,3826.8 -71.851819,-13.400203,3826.8 -71.851816,-13.400197,3826.8 -71.851813,-13.400189,3827 -71.851812,-13.400183,3827 -71.851811,-13.400179,3827.2 -71.851810,-13.400175,3827.2 -71.851808,-13.400171,3827.2 -71.851807,-13.400168,3827.4 -71.851809,-13.400163,3827.4 -71.851809,-13.400159,3827.4 -71.851812,-13.400155,3827.6 -71.851812,-13.400149,3827.6 -71.851813,-13.400143,3827.8 -71.851812,-13.400136,3828 -71.851811,-13.400131,3828 -71.851810,-13.400126,3828.2 -71.851809,-13.400123,3828.4 -71.851809,-13.400120,3828.4 -71.851808,-13.400115,3828.4 -71.851807,-13.400108,3828.6 -71.851808,-13.400104,3828.6 -71.851810,-13.400099,3828.8 -71.851813,-13.400093,3828.8 -71.851813,-13.400087,3829 -71.851813,-13.400082,3829 -71.851813,-13.400078,3829.2 -71.851814,-13.400073,3829.2 -71.851815,-13.400069,3829.4 -71.851816,-13.400065,3829.4 -71.851816,-13.400062,3829.6 -71.851818,-13.400058,3829.6 -71.851818,-13.400053,3829.8 -71.851817,-13.400049,3829.8 -71.851818,-13.400043,3830 -71.851818,-13.400039,3830 -71.851819,-13.400034,3830.2 -71.851821,-13.400027,3830.4 -71.851822,-13.400021,3830.4 -71.851823,-13.400015,3830.6 -71.851824,-13.400011,3830.8 -71.851824,-13.400011,3830.8 -71.851824,-13.400011,3830.8 -71.851824,-13.400011,3830.8 -71.851825,-13.400011,3830.8 -71.851826,-13.400011,3830.8 -71.851826,-13.400011,3830.8 -71.851826,-13.400011,3830.6 -71.851825,-13.400012,3830.6 -71.851825,-13.400012,3830.6 -71.851825,-13.400012,3830.8 -71.851826,-13.400012,3830.6 -71.851827,-13.400013,3830.6 -71.851827,-13.400013,3830.6 -71.851828,-13.400013,3830.6 -71.851828,-13.400013,3830.6 -71.851828,-13.400013,3830.6 -71.851828,-13.400013,3830.6 -71.851829,-13.400013,3830.6 -71.851829,-13.400014,3830.6 -71.851829,-13.400014,3830.6 -71.851829,-13.400013,3830.6 -71.851829,-13.400013,3830.6 -71.851830,-13.400013,3830.6 -71.851830,-13.400013,3830.6 -71.851830,-13.400013,3830.6 -71.851830,-13.400007,3830.8 -71.851829,-13.400001,3830.8 -71.851827,-13.399994,3830.8 -71.851828,-13.399986,3830.8 -71.851828,-13.399978,3831 -71.851828,-13.399968,3831 -71.851828,-13.399959,3831 -71.851827,-13.399953,3831.2 -71.851826,-13.399945,3831.4 -71.851825,-13.399938,3831.4 -71.851825,-13.399931,3831.4 -71.851823,-13.399924,3831.6 -71.851823,-13.399917,3831.8 -71.851823,-13.399912,3832 -71.851822,-13.399907,3832 -71.851821,-13.399902,3832.2 -71.851822,-13.399895,3832.4 -71.851823,-13.399887,3832.4 -71.851823,-13.399881,3832.6 -71.851823,-13.399873,3832.6 -71.851824,-13.399863,3832.8 -71.851823,-13.399855,3832.8 -71.851822,-13.399849,3833 -71.851821,-13.399844,3833 -71.851822,-13.399840,3833.2 -71.851824,-13.399834,3833.2 -71.851823,-13.399828,3833.2 -71.851822,-13.399821,3833.4 -71.851822,-13.399815,3833.4 -71.851824,-13.399810,3833.4 -71.851826,-13.399804,3833.4 -71.851826,-13.399798,3833.6 -71.851827,-13.399791,3833.6 -71.851825,-13.399783,3833.8 -71.851823,-13.399776,3833.8 -71.851821,-13.399769,3833.8 -71.851821,-13.399764,3833.8 -71.851820,-13.399760,3834 -71.851820,-13.399754,3834 -71.851819,-13.399748,3834.2 -71.851820,-13.399741,3834.2 -71.851819,-13.399734,3834.4 -71.851818,-13.399727,3834.4 -71.851817,-13.399722,3834.6 -71.851817,-13.399717,3834.6 -71.851818,-13.399712,3834.8 -71.851817,-13.399708,3834.8 -71.851816,-13.399704,3835 -71.851815,-13.399701,3835.2 -71.851815,-13.399696,3835.2 -71.851816,-13.399692,3835.4 -71.851818,-13.399686,3835.6 -71.851817,-13.399682,3835.6 -71.851817,-13.399676,3835.8 -71.851817,-13.399669,3835.8 -71.851817,-13.399663,3836 -71.851817,-13.399659,3836 -71.851817,-13.399655,3836.2 -71.851819,-13.399649,3836.2 -71.851820,-13.399645,3836.4 -71.851821,-13.399640,3836.6 -71.851823,-13.399636,3836.6 -71.851824,-13.399631,3836.8 -71.851825,-13.399627,3836.8 -71.851828,-13.399621,3837 -71.851828,-13.399616,3837 -71.851828,-13.399609,3837.2 -71.851828,-13.399604,3837.2 -71.851827,-13.399598,3837.4 -71.851826,-13.399594,3837.4 -71.851826,-13.399590,3837.6 -71.851825,-13.399584,3837.8 -71.851826,-13.399579,3837.8 -71.851827,-13.399574,3838 -71.851829,-13.399570,3838.2 -71.851830,-13.399565,3838.2 -71.851831,-13.399559,3838.4 -71.851830,-13.399553,3838.6 -71.851828,-13.399546,3838.8 -71.851826,-13.399540,3838.8 -71.851824,-13.399537,3839 -71.851823,-13.399534,3839.2 -71.851824,-13.399531,3839.2 -71.851826,-13.399527,3839.2 -71.851826,-13.399522,3839.2 -71.851825,-13.399517,3839.4 -71.851822,-13.399513,3839.4 -71.851821,-13.399509,3839.6 -71.851820,-13.399506,3839.8 -71.851820,-13.399502,3839.8 -71.851822,-13.399498,3839.8 -71.851824,-13.399492,3840 -71.851827,-13.399488,3840 -71.851830,-13.399484,3840 -71.851832,-13.399480,3840.2 -71.851834,-13.399475,3840.2 -71.851834,-13.399470,3840.4 -71.851833,-13.399465,3840.4 -71.851831,-13.399461,3840.6 -71.851833,-13.399459,3840.6 -71.851836,-13.399456,3840.8 -71.851836,-13.399454,3841 -71.851838,-13.399451,3841 -71.851841,-13.399448,3841.2 -71.851843,-13.399442,3841.2 -71.851844,-13.399436,3841.4 -71.851847,-13.399430,3841.4 -71.851849,-13.399425,3841.6 -71.851848,-13.399417,3841.6 -71.851847,-13.399409,3841.8 -71.851847,-13.399403,3841.8 -71.851847,-13.399398,3842 -71.851848,-13.399394,3842 -71.851847,-13.399387,3842 -71.851846,-13.399382,3842.2 -71.851845,-13.399376,3842.2 -71.851843,-13.399375,3842.4 -71.851842,-13.399375,3842.4 -71.851842,-13.399375,3842.4 -71.851842,-13.399374,3842.4 -71.851842,-13.399375,3842.4 -71.851841,-13.399375,3842.6 -71.851841,-13.399375,3842.6 -71.851840,-13.399375,3842.6 -71.851840,-13.399376,3842.6 -71.851840,-13.399373,3842.8 -71.851840,-13.399367,3842.8 -71.851841,-13.399360,3842.8 -71.851842,-13.399350,3843 -71.851844,-13.399340,3843 -71.851847,-13.399332,3843.2 -71.851846,-13.399325,3843.2 -71.851844,-13.399319,3843.2 -71.851847,-13.399314,3843.4 -71.851850,-13.399307,3843.6 -71.851851,-13.399300,3843.6 -71.851851,-13.399296,3843.8 -71.851851,-13.399291,3843.8 -71.851852,-13.399286,3844 -71.851852,-13.399279,3844 -71.851853,-13.399274,3844.2 -71.851855,-13.399269,3844.2 -71.851858,-13.399263,3844.4 -71.851860,-13.399260,3844.4 -71.851865,-13.399256,3844.4 -71.851871,-13.399249,3844.6 -71.851875,-13.399242,3844.6 -71.851879,-13.399235,3844.8 -71.851881,-13.399225,3844.8 -71.851882,-13.399217,3845 -71.851882,-13.399211,3845 -71.851883,-13.399205,3845 -71.851884,-13.399199,3845.2 -71.851882,-13.399190,3845.4 -71.851880,-13.399183,3845.4 -71.851879,-13.399179,3845.6 -71.851880,-13.399178,3845.6 -71.851881,-13.399179,3845.6 -71.851883,-13.399180,3845.8 -71.851884,-13.399180,3845.8 -71.851886,-13.399181,3845.8 -71.851887,-13.399182,3845.8 -71.851889,-13.399182,3845.8 -71.851889,-13.399183,3845.6 -71.851889,-13.399183,3845.6 -71.851888,-13.399183,3845.6 -71.851889,-13.399183,3845.4 -71.851890,-13.399183,3845.4 -71.851891,-13.399183,3845.2 -71.851893,-13.399183,3845.2 -71.851894,-13.399184,3845 -71.851894,-13.399184,3845 -71.851894,-13.399184,3845 -71.851894,-13.399184,3845.2 -71.851893,-13.399184,3845.2 -71.851892,-13.399184,3845.4 -71.851892,-13.399184,3845.4 -71.851892,-13.399184,3845.6 -71.851893,-13.399184,3845.6 -71.851895,-13.399184,3845.6 -71.851896,-13.399183,3845.8 -71.851896,-13.399183,3845.8 -71.851896,-13.399182,3846 -71.851896,-13.399182,3846 -71.851897,-13.399181,3846 -71.851899,-13.399181,3846 -71.851900,-13.399181,3846 -71.851901,-13.399181,3846 -71.851900,-13.399181,3846 -71.851900,-13.399181,3845.8 -71.851900,-13.399182,3846 -71.851900,-13.399182,3845.8 -71.851901,-13.399181,3845.8 -71.851901,-13.399181,3845.8 -71.851900,-13.399182,3845.8 -71.851899,-13.399182,3845.8 -71.851899,-13.399182,3845.8 -71.851900,-13.399182,3845.6 -71.851900,-13.399182,3845.4 -71.851900,-13.399182,3845.4 -71.851900,-13.399182,3845.4 -71.851899,-13.399182,3845.2 -71.851900,-13.399182,3845.2 -71.851901,-13.399182,3845 -71.851900,-13.399182,3845.2 -71.851899,-13.399181,3845.2 -71.851899,-13.399181,3845.4 -71.851900,-13.399181,3845.4 -71.851901,-13.399181,3845.4 -71.851901,-13.399180,3845.4 -71.851900,-13.399181,3845.4 -71.851901,-13.399181,3845.4 -71.851903,-13.399180,3845.2 -71.851904,-13.399180,3845.2 -71.851905,-13.399180,3845.2 -71.851904,-13.399181,3845.2 -71.851904,-13.399181,3845.2 -71.851904,-13.399181,3845.4 -71.851902,-13.399181,3845.4 -71.851901,-13.399181,3845.6 -71.851900,-13.399181,3845.8 -71.851901,-13.399181,3845.8 -71.851902,-13.399175,3845.6 -71.851903,-13.399169,3845.6 -71.851905,-13.399161,3845.8 -71.851907,-13.399153,3845.6 -71.851910,-13.399145,3845.6 -71.851913,-13.399136,3845.8 -71.851915,-13.399130,3845.8 -71.851918,-13.399124,3845.8 -71.851924,-13.399115,3845.8 -71.851926,-13.399107,3845.8 -71.851929,-13.399098,3845.8 -71.851931,-13.399086,3846 -71.851932,-13.399076,3846.2 -71.851931,-13.399069,3846.2 -71.851935,-13.399061,3846.4 -71.851940,-13.399050,3846.6 -71.851945,-13.399039,3846.8 -71.851947,-13.399031,3846.8 -71.851952,-13.399024,3846.6 -71.851957,-13.399015,3846.8 -71.851960,-13.399006,3846.8 -71.851963,-13.399000,3847 -71.851966,-13.398993,3847 -71.851966,-13.398983,3847.2 -71.851966,-13.398975,3847.2 -71.851969,-13.398969,3847.2 -71.851972,-13.398962,3847.2 -71.851972,-13.398956,3847.4 -71.851974,-13.398949,3847.4 -71.851978,-13.398939,3847.4 -71.851979,-13.398931,3847.4 -71.851982,-13.398922,3847.4 -71.851984,-13.398914,3847.4 -71.851986,-13.398903,3847.6 -71.851988,-13.398893,3847.6 -71.851987,-13.398885,3847.6 -71.851988,-13.398876,3847.6 -71.851986,-13.398865,3847.8 -71.851985,-13.398853,3847.8 -71.851983,-13.398844,3847.8 -71.851985,-13.398835,3847.8 -71.851986,-13.398825,3847.8 -71.851987,-13.398816,3848 -71.851989,-13.398809,3848 -71.851992,-13.398800,3848 -71.851995,-13.398791,3848.2 -71.851998,-13.398783,3848.2 -71.852000,-13.398775,3848.2 -71.852001,-13.398766,3848.2 -71.852001,-13.398758,3848.2 -71.852002,-13.398750,3848.2 -71.852002,-13.398742,3848.4 -71.852003,-13.398736,3848.4 -71.852003,-13.398730,3848.4 -71.852005,-13.398723,3848.4 -71.852005,-13.398716,3848.4 -71.852004,-13.398707,3848.6 -71.852002,-13.398698,3848.6 -71.851999,-13.398690,3848.6 -71.851997,-13.398683,3848.6 -71.851997,-13.398678,3848.8 -71.851997,-13.398672,3848.8 -71.851996,-13.398665,3849 -71.851994,-13.398659,3849 -71.851991,-13.398654,3849 -71.851989,-13.398650,3849 -71.851988,-13.398644,3849.2 -71.851986,-13.398639,3849.2 -71.851985,-13.398633,3849.2 -71.851983,-13.398626,3849.4 -71.851982,-13.398619,3849.4 -71.851984,-13.398613,3849.4 -71.851987,-13.398606,3849.4 -71.851988,-13.398602,3849.4 -71.851991,-13.398597,3849.6 -71.851996,-13.398587,3849.6 -71.851996,-13.398580,3849.8 -71.851995,-13.398575,3849.8 -71.851992,-13.398567,3849.8 -71.851989,-13.398561,3849.8 -71.851988,-13.398556,3849.8 -71.851985,-13.398550,3850 -71.851983,-13.398543,3850 -71.851981,-13.398535,3850 -71.851980,-13.398528,3850 -71.851978,-13.398522,3850.2 -71.851979,-13.398514,3850.2 -71.851980,-13.398504,3850.2 -71.851982,-13.398495,3850.4 -71.851983,-13.398489,3850.4 -71.851983,-13.398484,3850.4 -71.851984,-13.398483,3850.6 -71.851984,-13.398483,3850.4 -71.851984,-13.398484,3850.4 -71.851984,-13.398483,3850.2 -71.851985,-13.398483,3850.2 -71.851985,-13.398482,3850.2 -71.851985,-13.398483,3850.2 -71.851985,-13.398482,3850.2 -71.851985,-13.398483,3850.2 -71.851985,-13.398483,3850.2 -71.851985,-13.398483,3850.2 -71.851985,-13.398483,3850.2 -71.851986,-13.398482,3850.2 -71.851986,-13.398482,3850.2 -71.851986,-13.398482,3850.2 -71.851986,-13.398482,3850.2 -71.851986,-13.398482,3850.2 -71.851986,-13.398482,3850.2 -71.851986,-13.398482,3850.2 -71.851986,-13.398482,3850.2 -71.851986,-13.398481,3850.2 -71.851986,-13.398480,3850.2 -71.851985,-13.398480,3850.2 -71.851985,-13.398479,3850.2 -71.851983,-13.398474,3850.4 -71.851982,-13.398468,3850.4 -71.851978,-13.398461,3850.4 -71.851974,-13.398452,3850.4 -71.851971,-13.398444,3850.4 -71.851968,-13.398435,3850.4 -71.851966,-13.398426,3850.4 -71.851964,-13.398416,3850.6 -71.851961,-13.398407,3850.6 -71.851960,-13.398399,3850.8 -71.851958,-13.398389,3850.8 -71.851954,-13.398382,3850.8 -71.851951,-13.398375,3850.8 -71.851947,-13.398369,3850.8 -71.851944,-13.398363,3851 -71.851940,-13.398358,3851 -71.851936,-13.398353,3851 -71.851932,-13.398345,3851 -71.851927,-13.398337,3851 -71.851922,-13.398329,3851 -71.851917,-13.398320,3851.2 -71.851915,-13.398312,3851.2 -71.851911,-13.398306,3851.2 -71.851906,-13.398297,3851.4 -71.851903,-13.398291,3851.4 -71.851900,-13.398286,3851.6 -71.851897,-13.398279,3851.6 -71.851896,-13.398272,3851.6 -71.851894,-13.398264,3851.8 -71.851892,-13.398257,3851.8 -71.851890,-13.398248,3852 -71.851888,-13.398240,3852 -71.851888,-13.398232,3852 -71.851886,-13.398225,3852 -71.851885,-13.398217,3852 -71.851882,-13.398208,3852.2 -71.851881,-13.398200,3852.2 -71.851879,-13.398193,3852.4 -71.851876,-13.398187,3852.4 -71.851874,-13.398180,3852.4 -71.851873,-13.398171,3852.4 -71.851871,-13.398166,3852.4 -71.851866,-13.398161,3852.6 -71.851861,-13.398153,3852.6 -71.851858,-13.398149,3852.6 -71.851858,-13.398146,3852.6 -71.851858,-13.398145,3852.6 -71.851859,-13.398145,3852.6 -71.851860,-13.398145,3852.8 -71.851861,-13.398146,3852.8 -71.851861,-13.398146,3852.8 -71.851863,-13.398146,3852.8 -71.851864,-13.398146,3852.8 -71.851864,-13.398147,3852.8 -71.851864,-13.398147,3853 -71.851864,-13.398146,3853 -71.851861,-13.398144,3853 -71.851857,-13.398139,3853 -71.851853,-13.398133,3853.2 -71.851847,-13.398128,3853.2 -71.851845,-13.398123,3853.2 -71.851843,-13.398117,3853.2 -71.851839,-13.398111,3853.2 -71.851836,-13.398106,3853.2 -71.851835,-13.398101,3853.2 -71.851833,-13.398095,3853.4 -71.851831,-13.398089,3853.4 -71.851828,-13.398084,3853.4 -71.851826,-13.398077,3853.4 -71.851823,-13.398071,3853.4 -71.851819,-13.398064,3853.4 -71.851816,-13.398055,3853.6 -71.851815,-13.398049,3853.6 -71.851810,-13.398041,3853.6 -71.851808,-13.398035,3853.6 -71.851803,-13.398030,3853.6 -71.851795,-13.398025,3853.6 -71.851790,-13.398021,3853.8 -71.851785,-13.398017,3853.8 -71.851780,-13.398013,3853.8 -71.851778,-13.398009,3853.8 -71.851775,-13.398003,3853.8 -71.851773,-13.398000,3853.8 -71.851773,-13.397998,3853.8 -71.851774,-13.397997,3853.8 -71.851774,-13.397997,3853.8 -71.851774,-13.397997,3853.8 -71.851775,-13.397996,3853.8 -71.851776,-13.397997,3853.8 -71.851776,-13.397997,3853.8 -71.851777,-13.397996,3853.8 -71.851778,-13.397997,3853.8 -71.851779,-13.397996,3853.8 -71.851781,-13.397996,3853.8 -71.851783,-13.397995,3853.8 -71.851784,-13.397994,3854 -71.851786,-13.397994,3853.8 -71.851787,-13.397994,3854 -71.851787,-13.397995,3854 -71.851789,-13.397995,3854 -71.851789,-13.397995,3854 -71.851789,-13.397996,3854 -71.851789,-13.397997,3854 -71.851789,-13.397997,3854 -71.851789,-13.397997,3854 -71.851789,-13.397997,3854 -71.851789,-13.397997,3854 -71.851789,-13.397997,3854 -71.851789,-13.397997,3854 -71.851790,-13.397997,3854 -71.851790,-13.397998,3854 -71.851790,-13.397998,3854 -71.851789,-13.397999,3854 -71.851789,-13.397999,3854 -71.851788,-13.397999,3854 -71.851788,-13.398000,3854 -71.851788,-13.398001,3854 -71.851787,-13.398001,3854 -71.851787,-13.398002,3854 -71.851786,-13.398003,3854 -71.851786,-13.398003,3854 -71.851785,-13.398003,3854 -71.851785,-13.398003,3854 -71.851785,-13.398004,3854 -71.851785,-13.398004,3854 -71.851785,-13.398004,3854 -71.851784,-13.398004,3854 -71.851783,-13.398003,3854 -71.851783,-13.398001,3854.2 -71.851783,-13.398001,3854.2 -71.851783,-13.398000,3854.2 -71.851778,-13.397998,3854.2 -71.851772,-13.397995,3854.4 -71.851769,-13.397992,3854.4 -71.851765,-13.397987,3854.2 -71.851760,-13.397980,3854.4 -71.851755,-13.397974,3854.4 -71.851752,-13.397968,3854.4 -71.851747,-13.397963,3854.4 -71.851740,-13.397958,3854.6 -71.851736,-13.397951,3854.6 -71.851731,-13.397946,3854.6 -71.851726,-13.397941,3854.8 -71.851722,-13.397937,3854.8 -71.851717,-13.397931,3854.8 -71.851712,-13.397925,3855 -71.851712,-13.397918,3855 -71.851711,-13.397912,3855.2 -71.851708,-13.397904,3855.2 -71.851705,-13.397899,3855.4 -71.851702,-13.397894,3855.4 -71.851699,-13.397888,3855.6 -71.851696,-13.397881,3855.6 -71.851693,-13.397874,3855.8 -71.851691,-13.397868,3855.8 -71.851690,-13.397862,3856 -71.851687,-13.397857,3856 -71.851686,-13.397851,3856 -71.851683,-13.397846,3856.2 -71.851680,-13.397842,3856.2 -71.851678,-13.397838,3856.2 -71.851676,-13.397835,3856.4 -71.851673,-13.397831,3856.4 -71.851670,-13.397824,3856.6 -71.851670,-13.397818,3856.8 -71.851672,-13.397809,3856.8 -71.851670,-13.397804,3857 -71.851668,-13.397799,3857.2 -71.851666,-13.397795,3857.2 -71.851664,-13.397791,3857.4 -71.851662,-13.397788,3857.4 -71.851657,-13.397783,3857.6 -71.851653,-13.397777,3857.6 -71.851650,-13.397771,3857.8 -71.851646,-13.397764,3857.8 -71.851644,-13.397757,3858 -71.851640,-13.397751,3858 -71.851638,-13.397747,3858 -71.851635,-13.397740,3858.2 -71.851629,-13.397732,3858.2 -71.851624,-13.397725,3858.4 -71.851618,-13.397718,3858.4 -71.851614,-13.397711,3858.6 -71.851611,-13.397705,3858.6 -71.851608,-13.397698,3858.6 -71.851607,-13.397689,3858.8 -71.851607,-13.397683,3859 -71.851608,-13.397676,3859 -71.851608,-13.397670,3859 -71.851607,-13.397663,3859.2 -71.851606,-13.397657,3859.4 -71.851605,-13.397651,3859.4 -71.851605,-13.397645,3859.6 -71.851605,-13.397643,3859.6 -71.851605,-13.397637,3859.8 -71.851605,-13.397633,3860 -71.851607,-13.397627,3860 -71.851607,-13.397624,3860.2 -71.851608,-13.397624,3860.4 -71.851609,-13.397625,3860.4 -71.851609,-13.397626,3860.4 -71.851609,-13.397625,3860.4 -71.851609,-13.397626,3860.6 -71.851609,-13.397626,3860.6 -71.851610,-13.397627,3860.6 -71.851610,-13.397627,3860.6 -71.851610,-13.397627,3860.6 -71.851608,-13.397621,3860.6 -71.851606,-13.397617,3860.6 -71.851606,-13.397610,3860.6 -71.851608,-13.397601,3860.6 -71.851608,-13.397594,3860.6 -71.851608,-13.397588,3860.6 -71.851608,-13.397580,3860.6 -71.851609,-13.397571,3860.8 -71.851610,-13.397564,3860.8 -71.851612,-13.397557,3860.8 -71.851613,-13.397551,3860.8 -71.851616,-13.397545,3861 -71.851619,-13.397539,3861 -71.851619,-13.397535,3861 -71.851620,-13.397530,3861.2 -71.851621,-13.397525,3861.2 -71.851623,-13.397522,3861.2 -71.851624,-13.397519,3861.4 -71.851627,-13.397516,3861.4 -71.851629,-13.397514,3861.4 -71.851632,-13.397509,3861.6 -71.851635,-13.397506,3861.6 -71.851636,-13.397504,3861.8 -71.851638,-13.397502,3861.8 -71.851639,-13.397498,3862 -71.851640,-13.397493,3862 -71.851641,-13.397490,3862.2 -71.851642,-13.397484,3862.2 -71.851644,-13.397480,3862.4 -71.851646,-13.397476,3862.4 -71.851648,-13.397469,3862.6 -71.851649,-13.397465,3862.6 -71.851650,-13.397461,3862.8 -71.851652,-13.397455,3862.8 -71.851651,-13.397452,3863 -71.851652,-13.397449,3863 -71.851653,-13.397446,3863 -71.851655,-13.397441,3863.2 -71.851658,-13.397433,3863.2 -71.851661,-13.397428,3863.4 -71.851662,-13.397424,3863.4 -71.851661,-13.397418,3863.6 -71.851662,-13.397412,3863.6 -71.851667,-13.397406,3863.8 -71.851669,-13.397402,3863.8 -71.851671,-13.397397,3863.8 -71.851673,-13.397392,3864 -71.851677,-13.397388,3864 -71.851679,-13.397382,3864.2 -71.851680,-13.397378,3864.2 -71.851682,-13.397371,3864.4 -71.851681,-13.397367,3864.4 -71.851683,-13.397363,3864.6 -71.851687,-13.397359,3864.6 -71.851691,-13.397354,3864.6 -71.851694,-13.397349,3864.8 -71.851696,-13.397345,3864.8 -71.851696,-13.397342,3865 -71.851697,-13.397340,3865 -71.851700,-13.397335,3865 -71.851702,-13.397332,3865.2 -71.851703,-13.397327,3865.2 -71.851703,-13.397327,3865.2 -71.851704,-13.397324,3865.2 -71.851704,-13.397323,3865.2 -71.851704,-13.397324,3865.2 -71.851704,-13.397324,3865.2 -71.851705,-13.397324,3865.4 -71.851705,-13.397324,3865.4 -71.851705,-13.397324,3865.4 -71.851705,-13.397321,3865.4 -71.851706,-13.397317,3865.4 -71.851706,-13.397315,3865.4 -71.851707,-13.397313,3865.4 -71.851708,-13.397313,3865.6 -71.851710,-13.397313,3865.6 -71.851710,-13.397312,3865.4 -71.851711,-13.397311,3865.6 -71.851713,-13.397311,3865.6 -71.851714,-13.397310,3865.6 -71.851713,-13.397310,3865.6 -71.851713,-13.397311,3865.4 -71.851713,-13.397311,3865.4 -71.851712,-13.397311,3865.4 -71.851715,-13.397310,3865.6 -71.851717,-13.397309,3865.6 -71.851720,-13.397309,3865.6 -71.851721,-13.397310,3865.6 -71.851722,-13.397311,3865.6 -71.851722,-13.397313,3865.6 -71.851721,-13.397313,3865.6 -71.851724,-13.397315,3865.6 -71.851726,-13.397316,3865.6 -71.851728,-13.397316,3865.6 -71.851730,-13.397315,3865.8 -71.851732,-13.397316,3865.8 -71.851733,-13.397315,3865.8 -71.851735,-13.397311,3866 -71.851735,-13.397310,3866.2 -71.851735,-13.397309,3866.2 -71.851735,-13.397309,3866.2 -71.851735,-13.397310,3866.2 -71.851736,-13.397310,3866.2 -71.851735,-13.397310,3866.2 -71.851735,-13.397310,3866.2 -71.851735,-13.397310,3866.2 -71.851735,-13.397311,3866.2 -71.851736,-13.397313,3866.2 -71.851741,-13.397318,3866.2 -71.851744,-13.397321,3866.4 -71.851744,-13.397322,3866.4 -71.851744,-13.397323,3866.4 -71.851743,-13.397324,3866.4 -71.851744,-13.397323,3866.4 -71.851743,-13.397325,3866.4 -71.851743,-13.397324,3866.4 -71.851743,-13.397325,3866.4 -71.851742,-13.397325,3866.4 -71.851742,-13.397326,3866.4 -71.851742,-13.397328,3866.4 -71.851743,-13.397329,3866.4 -71.851743,-13.397330,3866.4 -71.851743,-13.397330,3866.4 -71.851742,-13.397331,3866.4 -71.851742,-13.397333,3866.4 -71.851742,-13.397334,3866.4 -71.851742,-13.397335,3866.4 -71.851743,-13.397336,3866.6 -71.851743,-13.397336,3866.6 -71.851742,-13.397335,3866.4 -71.851742,-13.397339,3866.6 -71.851741,-13.397343,3866.6 -71.851744,-13.397343,3866.6 -71.851745,-13.397344,3866.6 -71.851746,-13.397345,3866.6 -71.851746,-13.397345,3866.6 -71.851746,-13.397344,3866.6 -71.851746,-13.397343,3866.6 -71.851747,-13.397342,3866.6 -71.851746,-13.397343,3866.6 -71.851746,-13.397345,3866.6 -71.851745,-13.397345,3866.6 -71.851746,-13.397347,3866.8 -71.851746,-13.397348,3866.6 -71.851745,-13.397349,3866.6 -71.851744,-13.397349,3866.8 -71.851744,-13.397350,3866.8 -71.851741,-13.397351,3866.6 -71.851738,-13.397354,3866.6 -71.851735,-13.397358,3866.8 -71.851735,-13.397357,3866.8 -71.851734,-13.397359,3866.8 -71.851732,-13.397360,3866.8 -71.851731,-13.397364,3866.8 -71.851730,-13.397368,3867 -71.851728,-13.397372,3867 -71.851725,-13.397376,3867 -71.851722,-13.397379,3867 -71.851722,-13.397379,3867 -71.851721,-13.397378,3867 -71.851720,-13.397376,3867 -71.851720,-13.397374,3867 -71.851720,-13.397372,3867 -71.851721,-13.397369,3867 -71.851722,-13.397368,3867 -71.851723,-13.397366,3867 -71.851724,-13.397364,3867 -71.851725,-13.397362,3867 -71.851725,-13.397360,3867 -71.851725,-13.397358,3867 -71.851725,-13.397359,3867 -71.851725,-13.397358,3867 -71.851725,-13.397357,3867 -71.851725,-13.397356,3867.2 -71.851724,-13.397354,3867.6 -71.851724,-13.397353,3867.8 -71.851723,-13.397351,3868.2 -71.851723,-13.397350,3868.4 -71.851722,-13.397347,3869 -71.851722,-13.397345,3869.4 -71.851722,-13.397343,3870 -71.851721,-13.397342,3870.4 -71.851720,-13.397340,3870.8 -71.851720,-13.397339,3871.4 -71.851720,-13.397336,3871.8 -71.851719,-13.397334,3872.2 -71.851719,-13.397333,3872.2 -71.851718,-13.397332,3872.6 -71.851718,-13.397331,3872.6 -71.851718,-13.397331,3872.6 -71.851717,-13.397329,3872.6 -71.851717,-13.397328,3872.6 -71.851718,-13.397328,3873 -71.851717,-13.397325,3873.4 -71.851720,-13.397323,3873.2 -71.851720,-13.397322,3873.2 -71.851721,-13.397322,3873.2 -71.851720,-13.397322,3873.2 -71.851721,-13.397321,3873.2 -71.851721,-13.397322,3873.2 -71.851721,-13.397318,3873.2 -71.851720,-13.397313,3873.2 -71.851721,-13.397309,3873.2 -71.851724,-13.397306,3873.2 -71.851726,-13.397304,3873.2 -71.851727,-13.397303,3873.2 -71.851730,-13.397301,3873.4 -71.851731,-13.397297,3873.4 -71.851734,-13.397294,3873.4 -71.851737,-13.397293,3873.4 -71.851739,-13.397290,3873.6 -71.851742,-13.397287,3873.6 -71.851746,-13.397284,3873.6 -71.851749,-13.397282,3873.6 -71.851753,-13.397279,3873.8 -71.851750,-13.397274,3873.8 -71.851750,-13.397269,3874 -71.851750,-13.397267,3874 -71.851751,-13.397266,3874 -71.851752,-13.397265,3874 -71.851751,-13.397265,3874 -71.851751,-13.397264,3874 -71.851751,-13.397261,3874 -71.851750,-13.397258,3874 -71.851749,-13.397256,3874 -71.851749,-13.397255,3874 -71.851748,-13.397256,3874 -71.851749,-13.397257,3874 -71.851748,-13.397257,3874 -71.851749,-13.397254,3874 -71.851750,-13.397253,3874 -71.851750,-13.397252,3874 -71.851751,-13.397250,3874 -71.851752,-13.397249,3874 -71.851752,-13.397249,3874 -71.851753,-13.397249,3874 -71.851752,-13.397249,3874 -71.851753,-13.397248,3874 -71.851752,-13.397247,3874 -71.851752,-13.397248,3874.2 -71.851752,-13.397247,3874 -71.851753,-13.397247,3874.2 -71.851753,-13.397246,3874.2 -71.851753,-13.397244,3874.2 -71.851754,-13.397242,3874.2 -71.851755,-13.397241,3874 -71.851755,-13.397241,3874 -71.851755,-13.397239,3874.2 -71.851755,-13.397238,3874.2 -71.851755,-13.397235,3874.2 -71.851756,-13.397233,3874.2 -71.851754,-13.397230,3874.2 -71.851754,-13.397229,3874.2 -71.851754,-13.397228,3874.2 -71.851754,-13.397227,3874.2 -71.851754,-13.397225,3874.2 -71.851753,-13.397219,3874.2 -71.851753,-13.397220,3874.2 -71.851753,-13.397215,3874.2 -71.851753,-13.397207,3874.2 -71.851753,-13.397201,3874.2 -71.851757,-13.397196,3874.2 -71.851758,-13.397189,3874.2 -71.851759,-13.397183,3874.2 -71.851762,-13.397177,3874.2 -71.851764,-13.397170,3874.2 -71.851764,-13.397165,3874.2 -71.851763,-13.397157,3874.2 -71.851764,-13.397149,3874.2 -71.851764,-13.397144,3874.4 -71.851759,-13.397140,3874.4 -71.851758,-13.397137,3874.4 -71.851754,-13.397135,3874.4 -71.851753,-13.397131,3874.4 -71.851750,-13.397128,3874.4 -71.851747,-13.397124,3874.4 -71.851741,-13.397119,3874.4 -71.851735,-13.397115,3874.4 -71.851731,-13.397115,3874.4 -71.851725,-13.397114,3874.4 -71.851718,-13.397112,3874.4 -71.851712,-13.397114,3874.4 -71.851705,-13.397116,3874.4 -71.851700,-13.397115,3874.4 -71.851692,-13.397112,3874.4 -71.851686,-13.397108,3874.4 -71.851679,-13.397102,3874.4 -71.851673,-13.397095,3874.4 -71.851669,-13.397089,3874.4 -71.851665,-13.397086,3874.4 -71.851660,-13.397082,3874.4 -71.851657,-13.397077,3874.4 -71.851652,-13.397070,3874.4 -71.851648,-13.397065,3874.4 -71.851645,-13.397060,3874.4 -71.851644,-13.397055,3874.4 -71.851642,-13.397048,3874.4 -71.851639,-13.397040,3874.4 -71.851639,-13.397033,3874.4 -71.851637,-13.397029,3874.4 -71.851635,-13.397024,3874.4 -71.851635,-13.397020,3874.4 -71.851636,-13.397013,3874.4 -71.851638,-13.397008,3874.4 -71.851640,-13.397001,3874.4 -71.851640,-13.396996,3874.4 -71.851640,-13.396992,3874.4 -71.851639,-13.396989,3874.6 -71.851638,-13.396984,3874.6 -71.851639,-13.396972,3874.6 -71.851639,-13.396972,3874.6 -71.851639,-13.396968,3874.6 -71.851638,-13.396964,3874.8 -71.851638,-13.396959,3874.8 -71.851638,-13.396955,3874.8 -71.851636,-13.396950,3874.8 -71.851635,-13.396946,3875 -71.851635,-13.396943,3875 -71.851637,-13.396939,3875 -71.851638,-13.396936,3875 -71.851636,-13.396934,3875 -71.851634,-13.396931,3875 -71.851632,-13.396927,3875 -71.851632,-13.396927,3875 -71.851632,-13.396920,3875.2 -71.851631,-13.396914,3875.2 -71.851630,-13.396907,3875.6 -71.851631,-13.396902,3875.6 -71.851632,-13.396895,3875.8 -71.851631,-13.396887,3876 -71.851629,-13.396880,3876.2 -71.851626,-13.396873,3876.4 -71.851624,-13.396867,3876.6 -71.851622,-13.396860,3876.6 -71.851619,-13.396854,3876.8 -71.851618,-13.396850,3877 -71.851617,-13.396845,3877.2 -71.851617,-13.396842,3877.4 -71.851618,-13.396840,3877.4 -71.851617,-13.396835,3877.4 -71.851615,-13.396831,3877.4 -71.851613,-13.396826,3877.6 -71.851611,-13.396822,3877.6 -71.851607,-13.396817,3877.8 -71.851606,-13.396813,3877.8 -71.851605,-13.396810,3877.8 -71.851604,-13.396807,3877.8 -71.851605,-13.396809,3877.8 -71.851604,-13.396807,3877.8 -71.851604,-13.396807,3877.8 -71.851604,-13.396807,3877.8 -71.851604,-13.396806,3877.8 -71.851604,-13.396806,3878 -71.851605,-13.396801,3878 -71.851603,-13.396797,3878 -71.851599,-13.396793,3878 -71.851597,-13.396790,3878 -71.851596,-13.396783,3878 -71.851595,-13.396778,3878 -71.851595,-13.396773,3878 -71.851595,-13.396768,3878 -71.851595,-13.396764,3878 -71.851593,-13.396760,3878 -71.851591,-13.396757,3878 -71.851591,-13.396755,3878.2 -71.851590,-13.396753,3878.2 -71.851589,-13.396749,3878.2 -71.851589,-13.396745,3878.2 -71.851589,-13.396744,3878.2 -71.851590,-13.396744,3878.2 -71.851590,-13.396744,3878.2 -71.851590,-13.396741,3878.4 -71.851588,-13.396737,3878.4 -71.851586,-13.396732,3878.4 -71.851586,-13.396726,3878.4 -71.851585,-13.396720,3878.4 -71.851584,-13.396715,3878.4 -71.851583,-13.396711,3878.6 -71.851581,-13.396707,3878.6 -71.851579,-13.396703,3878.6 -71.851580,-13.396700,3878.6 -71.851578,-13.396695,3878.8 -71.851576,-13.396691,3878.8 -71.851575,-13.396686,3878.8 -71.851573,-13.396682,3879 -71.851570,-13.396678,3879 -71.851566,-13.396674,3879 -71.851564,-13.396671,3879 -71.851564,-13.396667,3879.2 -71.851565,-13.396662,3879.2 -71.851565,-13.396655,3879.2 -71.851565,-13.396651,3879.2 -71.851564,-13.396644,3879.4 -71.851560,-13.396640,3879.4 -71.851557,-13.396637,3879.4 -71.851556,-13.396634,3879.6 -71.851553,-13.396632,3879.6 -71.851551,-13.396629,3879.6 -71.851550,-13.396629,3879.6 -71.851549,-13.396628,3880 -71.851550,-13.396624,3880 -71.851550,-13.396620,3880 -71.851546,-13.396616,3880 -71.851540,-13.396614,3880 -71.851538,-13.396612,3880 -71.851535,-13.396608,3880 -71.851533,-13.396605,3880 -71.851529,-13.396603,3880.2 -71.851525,-13.396601,3880 -71.851517,-13.396600,3880.2 -71.851512,-13.396598,3880.2 -71.851507,-13.396595,3880.2 -71.851504,-13.396591,3880.4 -71.851501,-13.396588,3880.4 -71.851499,-13.396584,3880.4 -71.851499,-13.396582,3880.4 -71.851499,-13.396581,3880.4 -71.851500,-13.396580,3880.4 -71.851501,-13.396581,3880.4 -71.851502,-13.396580,3880.4 -71.851503,-13.396580,3880.4 -71.851503,-13.396580,3880.4 -71.851504,-13.396580,3880.4 -71.851504,-13.396580,3880.4 -71.851504,-13.396580,3880.4 -71.851504,-13.396576,3880.6 -71.851504,-13.396572,3880.4 -71.851505,-13.396566,3880.4 -71.851507,-13.396558,3880.6 -71.851509,-13.396552,3880.6 -71.851511,-13.396547,3880.6 -71.851516,-13.396541,3880.6 -71.851520,-13.396538,3880.6 -71.851525,-13.396536,3880.8 -71.851530,-13.396534,3880.8 -71.851536,-13.396534,3880.8 -71.851538,-13.396534,3881 -71.851538,-13.396534,3881 -71.851538,-13.396534,3881 -71.851539,-13.396533,3881 -71.851538,-13.396533,3881 -71.851538,-13.396534,3881.2 -71.851538,-13.396534,3881.2 -71.851538,-13.396534,3881.2 -71.851538,-13.396534,3881.2 -71.851537,-13.396535,3881.4 -71.851536,-13.396536,3881.4 -71.851536,-13.396536,3881.6 -71.851535,-13.396537,3881.6 -71.851536,-13.396538,3881.6 -71.851536,-13.396540,3881.6 -71.851537,-13.396540,3881.6 -71.851537,-13.396541,3881.8 -71.851537,-13.396541,3881.8 -71.851537,-13.396542,3881.8 -71.851537,-13.396542,3881.8 -71.851538,-13.396543,3882 -71.851542,-13.396542,3882 -71.851544,-13.396539,3882.2 -71.851545,-13.396537,3882.2 -71.851546,-13.396533,3882.4 -71.851548,-13.396529,3882.6 -71.851548,-13.396529,3882.4 -71.851550,-13.396524,3882.4 -71.851552,-13.396519,3882.2 -71.851553,-13.396515,3882.6 -71.851554,-13.396510,3882.8 -71.851558,-13.396506,3882.6 -71.851559,-13.396503,3882.8 -71.851563,-13.396500,3882.8 -71.851565,-13.396497,3883 -71.851568,-13.396497,3882.8 -71.851572,-13.396495,3883 -71.851576,-13.396495,3883.2 -71.851581,-13.396496,3883.4 -71.851584,-13.396497,3883.4 -71.851590,-13.396498,3883.6 -71.851595,-13.396497,3883.6 -71.851600,-13.396496,3883.8 -71.851603,-13.396494,3884 -71.851606,-13.396494,3884 -71.851611,-13.396494,3884 -71.851616,-13.396494,3884.2 -71.851620,-13.396497,3884.4 -71.851626,-13.396500,3884.6 -71.851628,-13.396501,3884.6 -71.851633,-13.396503,3884.8 -71.851637,-13.396504,3884.8 -71.851641,-13.396505,3885 -71.851645,-13.396506,3885 -71.851649,-13.396507,3885.2 -71.851653,-13.396508,3885.2 -71.851657,-13.396508,3885.4 -71.851659,-13.396509,3885.6 -71.851663,-13.396511,3885.6 -71.851668,-13.396513,3885.8 -71.851672,-13.396514,3886 -71.851673,-13.396515,3886 -71.851674,-13.396516,3886.2 -71.851672,-13.396516,3886.2 -71.851671,-13.396517,3886.2 -71.851671,-13.396516,3886.2 -71.851672,-13.396512,3886.2 -71.851671,-13.396506,3886.2 -71.851670,-13.396500,3886.4 -71.851669,-13.396494,3886.4 -71.851668,-13.396489,3886.6 -71.851667,-13.396482,3886.6 -71.851666,-13.396476,3886.8 -71.851665,-13.396471,3886.8 -71.851664,-13.396466,3887 -71.851664,-13.396463,3887 -71.851664,-13.396461,3887 -71.851664,-13.396460,3887.2 -71.851665,-13.396459,3887.2 -71.851665,-13.396458,3887.2 -71.851664,-13.396454,3887.2 -71.851663,-13.396449,3887.2 -71.851662,-13.396444,3887.4 -71.851659,-13.396442,3887.4 -71.851658,-13.396442,3887.4 -71.851657,-13.396443,3887.6 -71.851656,-13.396443,3887.6 -71.851655,-13.396443,3887.8 -71.851653,-13.396443,3888 -71.851652,-13.396443,3888 -71.851651,-13.396444,3888.2 -71.851651,-13.396444,3888.4 -71.851650,-13.396445,3888.6 -71.851649,-13.396445,3888.6 -71.851648,-13.396446,3888.8 -71.851646,-13.396446,3889 -71.851646,-13.396446,3889 -71.851645,-13.396446,3889.2 -71.851645,-13.396446,3889.4 -71.851644,-13.396446,3889.4 -71.851643,-13.396446,3889.4 -71.851642,-13.396446,3889.6 -71.851641,-13.396445,3889.6 -71.851642,-13.396445,3889.6 -71.851641,-13.396445,3889.6 -71.851641,-13.396446,3889.6 -71.851641,-13.396448,3889.6 -71.851640,-13.396448,3889.6 -71.851640,-13.396450,3889.6 -71.851639,-13.396450,3889.6 -71.851639,-13.396451,3889.8 -71.851638,-13.396452,3889.8 -71.851639,-13.396451,3890 -71.851642,-13.396447,3890 -71.851642,-13.396447,3890 -71.851641,-13.396447,3889.8 -71.851641,-13.396446,3889.8 -71.851641,-13.396446,3889.8 -71.851641,-13.396445,3890 -71.851640,-13.396445,3890 -71.851640,-13.396444,3890 -71.851639,-13.396444,3890 -71.851639,-13.396443,3890 -71.851639,-13.396443,3890.2 -71.851638,-13.396442,3890.2 -71.851638,-13.396442,3890.2 -71.851638,-13.396442,3890.2 -71.851638,-13.396442,3890.2 -71.851638,-13.396442,3890.2 -71.851638,-13.396441,3890.2 -71.851638,-13.396441,3890.4 -71.851638,-13.396441,3890.4 -71.851638,-13.396440,3890.4 -71.851637,-13.396439,3890.6 -71.851639,-13.396441,3890.4 -71.851640,-13.396442,3890.4 -71.851641,-13.396442,3890.4 -71.851641,-13.396442,3890.4 -71.851642,-13.396442,3890.4 -71.851644,-13.396442,3890.4 -71.851645,-13.396443,3890.4 -71.851646,-13.396443,3890.4 -71.851648,-13.396443,3890.2 -71.851649,-13.396444,3890.2 -71.851651,-13.396444,3890.2 -71.851652,-13.396443,3890.2 -71.851654,-13.396443,3890.2 -71.851655,-13.396443,3890.2 -71.851656,-13.396443,3890.2 -71.851657,-13.396443,3890.2 -71.851657,-13.396444,3890.2 -71.851658,-13.396444,3890.2 -71.851659,-13.396444,3890.2 -71.851660,-13.396444,3890.2 -71.851661,-13.396445,3890.2 -71.851661,-13.396445,3890.2 -71.851662,-13.396445,3890.2 -71.851662,-13.396446,3890.4 -71.851662,-13.396445,3890.4 -71.851662,-13.396446,3890.4 -71.851662,-13.396446,3890.4 -71.851662,-13.396446,3890.2 -71.851662,-13.396446,3890.2 -71.851662,-13.396446,3890.2 -71.851663,-13.396447,3890.2 -71.851663,-13.396447,3890.4 -71.851663,-13.396447,3890.4 -71.851663,-13.396447,3890.6 -71.851664,-13.396447,3890.6 -71.851664,-13.396448,3890.8 -71.851664,-13.396448,3890.8 -71.851664,-13.396449,3890.8 -71.851665,-13.396449,3891 -71.851665,-13.396449,3891 -71.851665,-13.396449,3891.2 -71.851665,-13.396449,3891.2 -71.851666,-13.396450,3891.2 -71.851667,-13.396450,3891.4 -71.851668,-13.396452,3892 -71.851672,-13.396451,3892.2 -71.851674,-13.396452,3892.2 -71.851678,-13.396453,3892.2 -71.851683,-13.396455,3892.4 -71.851687,-13.396457,3892.4 -71.851691,-13.396461,3892.6 -71.851695,-13.396462,3892.6 -71.851699,-13.396465,3892.8 -71.851704,-13.396465,3892.8 -71.851707,-13.396463,3893 -71.851709,-13.396458,3893 -71.851712,-13.396452,3893 -71.851713,-13.396447,3893 -71.851713,-13.396442,3893 -71.851712,-13.396438,3893.2 -71.851712,-13.396435,3893.2 -71.851715,-13.396434,3893.2 -71.851718,-13.396435,3893.2 -71.851720,-13.396436,3893.4 -71.851723,-13.396439,3893.4 -71.851726,-13.396440,3893.4 -71.851728,-13.396441,3893.4 -71.851731,-13.396443,3893.6 -71.851732,-13.396443,3893.6 -71.851735,-13.396445,3893.6 -71.851737,-13.396445,3893.8 -71.851741,-13.396446,3893.8 -71.851744,-13.396446,3894 -71.851747,-13.396444,3894 -71.851749,-13.396441,3894 -71.851750,-13.396437,3894.2 -71.851750,-13.396432,3894.2 -71.851750,-13.396427,3894.2 -71.851750,-13.396424,3894.2 -71.851749,-13.396419,3894.2 -71.851748,-13.396414,3894.4 -71.851748,-13.396409,3894.4 -71.851748,-13.396406,3894.4 -71.851750,-13.396401,3894.4 -71.851751,-13.396396,3894.6 -71.851751,-13.396391,3894.6 -71.851750,-13.396388,3894.6 -71.851750,-13.396384,3894.6 -71.851750,-13.396382,3894.6 -71.851751,-13.396379,3894.6 -71.851752,-13.396376,3894.6 -71.851753,-13.396373,3894.8 -71.851754,-13.396370,3894.8 -71.851755,-13.396368,3894.8 -71.851756,-13.396366,3894.8 -71.851757,-13.396363,3894.8 -71.851758,-13.396361,3895 -71.851760,-13.396361,3895 -71.851761,-13.396360,3895 -71.851762,-13.396360,3895 -71.851762,-13.396360,3895.2 -71.851763,-13.396360,3895.2 -71.851764,-13.396360,3895.2 -71.851764,-13.396360,3895.2 -71.851763,-13.396360,3895.4 -71.851763,-13.396361,3895.4 -71.851761,-13.396361,3895.6 -71.851760,-13.396362,3895.6 -71.851763,-13.396365,3895.8 -71.851767,-13.396368,3896 -71.851773,-13.396370,3896 -71.851778,-13.396373,3896.2 -71.851783,-13.396375,3896.2 -71.851788,-13.396375,3896.2 -71.851792,-13.396376,3896.4 -71.851797,-13.396374,3896.4 -71.851800,-13.396371,3896.4 -71.851802,-13.396366,3896.6 -71.851802,-13.396361,3896.6 -71.851802,-13.396355,3896.6 -71.851803,-13.396350,3896.8 -71.851806,-13.396348,3896.8 -71.851808,-13.396347,3896.8 -71.851809,-13.396346,3896.8 -71.851810,-13.396346,3896.8 -71.851811,-13.396346,3896.8 -71.851812,-13.396346,3897 -71.851814,-13.396346,3897 -71.851815,-13.396345,3897 -71.851816,-13.396345,3897.2 -71.851816,-13.396344,3897.2 -71.851817,-13.396344,3897.2 -71.851819,-13.396344,3897.4 -71.851820,-13.396343,3897.4 -71.851820,-13.396343,3897.4 -71.851820,-13.396343,3897.6 -71.851820,-13.396343,3897.6 -71.851820,-13.396343,3897.8 -71.851819,-13.396343,3897.8 -71.851818,-13.396343,3898 -71.851818,-13.396343,3898 -71.851823,-13.396342,3898 -71.851825,-13.396342,3898.2 -71.851827,-13.396344,3898.2 -71.851832,-13.396347,3898.4 -71.851835,-13.396348,3898.4 -71.851839,-13.396351,3898.4 -71.851842,-13.396353,3898.6 -71.851843,-13.396354,3898.6 -71.851848,-13.396357,3898.6 -71.851849,-13.396358,3898.6 -71.851852,-13.396361,3898.6 -71.851856,-13.396363,3899 -71.851858,-13.396362,3899 -71.851861,-13.396357,3899.2 -71.851863,-13.396355,3899.2 -71.851865,-13.396352,3899.2 -71.851867,-13.396347,3899.2 -71.851868,-13.396345,3899.4 -71.851872,-13.396342,3899.4 -71.851874,-13.396339,3899.4 -71.851877,-13.396338,3899.6 -71.851881,-13.396341,3899.6 -71.851885,-13.396346,3899.8 -71.851887,-13.396349,3899.8 -71.851890,-13.396353,3900 -71.851892,-13.396355,3900.2 -71.851895,-13.396357,3900.2 -71.851899,-13.396358,3900.4 -71.851902,-13.396357,3900.4 -71.851902,-13.396353,3900.6 -71.851902,-13.396348,3900.6 -71.851903,-13.396343,3900.6 -71.851903,-13.396338,3900.8 -71.851903,-13.396334,3900.8 -71.851904,-13.396329,3901 -71.851905,-13.396324,3901 -71.851905,-13.396323,3901.2 -71.851906,-13.396322,3901.2 -71.851907,-13.396323,3901.4 -71.851908,-13.396322,3901.4 -71.851909,-13.396322,3901.4 -71.851910,-13.396322,3901.4 -71.851911,-13.396321,3901.6 -71.851912,-13.396321,3901.6 -71.851913,-13.396321,3901.6 -71.851914,-13.396321,3901.6 -71.851916,-13.396318,3901.4 -71.851918,-13.396313,3901.4 -71.851918,-13.396308,3901.4 -71.851918,-13.396304,3901.4 -71.851917,-13.396299,3901.4 -71.851917,-13.396298,3901.6 -71.851919,-13.396297,3901.6 -71.851922,-13.396298,3901.6 -71.851925,-13.396301,3901.8 -71.851928,-13.396304,3901.8 -71.851930,-13.396308,3901.8 -71.851932,-13.396309,3902 -71.851936,-13.396313,3902 -71.851938,-13.396314,3902.2 -71.851940,-13.396317,3902.2 -71.851943,-13.396318,3902.4 -71.851946,-13.396321,3902.4 -71.851949,-13.396323,3902.6 -71.851953,-13.396323,3902.8 -71.851956,-13.396322,3902.8 -71.851960,-13.396322,3902.8 -71.851963,-13.396322,3903 -71.851966,-13.396322,3903 -71.851969,-13.396320,3903.2 -71.851972,-13.396319,3903.2 -71.851972,-13.396319,3903.2 -71.851973,-13.396319,3903.2 -71.851973,-13.396319,3903.4 -71.851974,-13.396320,3903.4 -71.851974,-13.396320,3903.4 -71.851974,-13.396320,3903.4 -71.851974,-13.396320,3903.6 -71.851974,-13.396320,3903.6 -71.851974,-13.396320,3903.6 -71.851974,-13.396321,3903.8 -71.851974,-13.396321,3903.8 -71.851975,-13.396321,3903.8 -71.851975,-13.396321,3904 -71.851975,-13.396320,3904.2 -71.851975,-13.396320,3904.2 -71.851975,-13.396320,3904.2 -71.851975,-13.396319,3904.4 -71.851975,-13.396319,3904.4 -71.851975,-13.396318,3904.6 -71.851977,-13.396317,3904.4 -71.851984,-13.396312,3904.6 -71.851986,-13.396311,3904.8 -71.851988,-13.396308,3904.8 -71.851991,-13.396306,3904.8 -71.851993,-13.396306,3905 -71.851993,-13.396306,3905 -71.851993,-13.396306,3905 -71.851992,-13.396308,3905 -71.851996,-13.396312,3905.2 -71.851998,-13.396316,3905.2 -71.852000,-13.396320,3905.4 -71.852002,-13.396325,3905.4 -71.852003,-13.396330,3905.6 -71.852005,-13.396338,3905.8 -71.852009,-13.396346,3906 -71.852014,-13.396352,3906.2 -71.852017,-13.396356,3906.4 -71.852021,-13.396363,3906.6 -71.852025,-13.396369,3906.8 -71.852028,-13.396376,3907 -71.852031,-13.396381,3907.2 -71.852032,-13.396385,3907.4 -71.852034,-13.396390,3907.6 -71.852037,-13.396393,3907.8 -71.852038,-13.396398,3908 -71.852040,-13.396403,3908.2 -71.852041,-13.396409,3908.4 -71.852044,-13.396416,3908.6 -71.852049,-13.396419,3908.8 -71.852052,-13.396422,3909 -71.852055,-13.396427,3909.2 -71.852056,-13.396433,3909.4 -71.852057,-13.396435,3909.6 -71.852057,-13.396436,3909.6 -71.852057,-13.396437,3909.6 -71.852057,-13.396437,3909.6 -71.852057,-13.396438,3909.6 -71.852056,-13.396439,3909.6 -71.852056,-13.396440,3909.6 -71.852057,-13.396444,3909.6 -71.852059,-13.396446,3909.6 -71.852061,-13.396448,3909.6 -71.852067,-13.396448,3909.8 -71.852071,-13.396447,3909.8 -71.852074,-13.396445,3909.8 -71.852077,-13.396445,3910 -71.852080,-13.396444,3909.8 -71.852083,-13.396443,3910 -71.852088,-13.396443,3910 -71.852093,-13.396443,3910 -71.852098,-13.396443,3910 -71.852102,-13.396442,3910 -71.852104,-13.396439,3910.2 -71.852106,-13.396437,3910.2 -71.852109,-13.396434,3910.2 -71.852111,-13.396430,3910.2 -71.852112,-13.396426,3910.4 -71.852113,-13.396423,3910.4 -71.852114,-13.396422,3910.4 -71.852114,-13.396422,3910.4 -71.852115,-13.396421,3910.4 -71.852115,-13.396421,3910.4 -71.852115,-13.396421,3910.4 -71.852115,-13.396420,3910.6 -71.852116,-13.396420,3910.6 -71.852116,-13.396420,3910.6 -71.852116,-13.396419,3910.6 -71.852116,-13.396419,3910.8 -71.852117,-13.396418,3910.8 -71.852117,-13.396418,3910.8 -71.852118,-13.396418,3911 -71.852120,-13.396418,3911 -71.852122,-13.396418,3911 -71.852127,-13.396420,3911.2 -71.852133,-13.396416,3911.2 -71.852136,-13.396415,3911.2 -71.852138,-13.396413,3911.2 -71.852140,-13.396410,3911.2 -71.852142,-13.396404,3911.4 -71.852142,-13.396399,3911.4 -71.852143,-13.396395,3911.4 -71.852145,-13.396393,3911.4 -71.852147,-13.396391,3911.6 -71.852148,-13.396390,3911.6 -71.852149,-13.396390,3911.6 -71.852150,-13.396390,3911.6 -71.852150,-13.396390,3911.6 -71.852150,-13.396390,3911.6 -71.852151,-13.396390,3911.6 -71.852151,-13.396390,3911.6 -71.852152,-13.396390,3911.6 -71.852152,-13.396390,3911.6 -71.852152,-13.396390,3911.6 -71.852152,-13.396390,3911.6 -71.852153,-13.396391,3911.6 -71.852153,-13.396391,3911.6 -71.852153,-13.396391,3911.6 -71.852153,-13.396390,3911.6 -71.852153,-13.396390,3911.6 -71.852153,-13.396390,3911.6 -71.852153,-13.396390,3911.6 -71.852156,-13.396390,3911.6 -71.852161,-13.396389,3911.6 -71.852166,-13.396388,3911.6 -71.852172,-13.396387,3911.6 -71.852177,-13.396385,3911.6 -71.852181,-13.396383,3911.6 -71.852187,-13.396382,3911.6 -71.852194,-13.396379,3911.6 -71.852199,-13.396377,3911.6 -71.852206,-13.396375,3911.6 -71.852211,-13.396372,3911.6 -71.852213,-13.396370,3911.6 -71.852214,-13.396370,3911.6 -71.852215,-13.396370,3911.6 -71.852216,-13.396371,3911.6 -71.852216,-13.396371,3911.6 -71.852217,-13.396371,3911.6 -71.852218,-13.396371,3911.6 -71.852218,-13.396371,3911.6 -71.852219,-13.396371,3911.6 -71.852220,-13.396371,3911.6 -71.852221,-13.396371,3911.6 -71.852221,-13.396371,3911.6 -71.852223,-13.396373,3911.6 -71.852223,-13.396373,3911.6 -71.852223,-13.396374,3911.6 -71.852224,-13.396374,3911.6 -71.852224,-13.396373,3911.6 -71.852225,-13.396373,3911.6 -71.852229,-13.396371,3911.8 -71.852232,-13.396369,3911.8 -71.852237,-13.396364,3911.8 -71.852241,-13.396360,3911.8 -71.852242,-13.396357,3911.8 -71.852245,-13.396353,3911.8 -71.852246,-13.396351,3912 -71.852247,-13.396350,3912 -71.852248,-13.396349,3912 -71.852249,-13.396349,3912 -71.852250,-13.396350,3912.2 -71.852250,-13.396352,3912.2 -71.852250,-13.396353,3912.2 -71.852250,-13.396353,3912.2 -71.852250,-13.396351,3912.2 -71.852251,-13.396346,3912.2 -71.852253,-13.396342,3912.4 -71.852255,-13.396336,3912.4 -71.852257,-13.396328,3912.6 -71.852258,-13.396322,3912.6 -71.852261,-13.396316,3912.6 -71.852267,-13.396310,3912.8 -71.852270,-13.396306,3912.8 -71.852274,-13.396302,3912.8 -71.852278,-13.396298,3913 -71.852281,-13.396295,3913 -71.852287,-13.396294,3913 -71.852293,-13.396293,3913.2 -71.852298,-13.396291,3913.2 -71.852302,-13.396290,3913.4 -71.852306,-13.396287,3913.4 -71.852308,-13.396282,3913.6 -71.852309,-13.396276,3913.6 -71.852309,-13.396271,3913.8 -71.852312,-13.396266,3914 -71.852315,-13.396261,3914 -71.852318,-13.396257,3914.2 -71.852322,-13.396253,3914.2 -71.852324,-13.396248,3914.4 -71.852327,-13.396244,3914.4 -71.852330,-13.396240,3914.6 -71.852331,-13.396238,3914.8 -71.852332,-13.396237,3914.8 -71.852334,-13.396238,3914.8 -71.852339,-13.396239,3915 -71.852344,-13.396239,3915 -71.852347,-13.396238,3915.2 -71.852349,-13.396237,3915.2 -71.852351,-13.396234,3915.4 -71.852352,-13.396231,3915.4 -71.852353,-13.396228,3915.6 -71.852354,-13.396227,3915.6 -71.852354,-13.396227,3915.6 -71.852353,-13.396227,3915.8 -71.852352,-13.396226,3915.8 -71.852352,-13.396226,3916 -71.852352,-13.396224,3916 -71.852352,-13.396221,3916.2 -71.852353,-13.396219,3916.2 -71.852356,-13.396219,3916.4 -71.852357,-13.396218,3916.6 -71.852361,-13.396218,3916.6 -71.852363,-13.396216,3916.8 -71.852363,-13.396214,3916.8 -71.852365,-13.396212,3916.8 -71.852368,-13.396214,3917 -71.852371,-13.396215,3917 -71.852375,-13.396214,3917 -71.852378,-13.396210,3917.2 -71.852379,-13.396208,3917.2 -71.852380,-13.396205,3917.4 -71.852381,-13.396202,3917.4 -71.852383,-13.396198,3917.6 -71.852383,-13.396197,3917.6 -71.852384,-13.396198,3917.8 -71.852384,-13.396198,3918 -71.852384,-13.396198,3918.2 -71.852384,-13.396199,3918.4 -71.852384,-13.396198,3918.4 -71.852387,-13.396195,3918.6 -71.852390,-13.396193,3918.8 -71.852391,-13.396193,3918.8 -71.852394,-13.396192,3918.8 -71.852397,-13.396190,3919 -71.852399,-13.396188,3919 -71.852402,-13.396185,3919.2 -71.852406,-13.396181,3919.2 -71.852407,-13.396177,3919.4 -71.852408,-13.396173,3919.4 -71.852409,-13.396170,3919.6 -71.852410,-13.396165,3919.6 -71.852411,-13.396161,3919.8 -71.852412,-13.396159,3919.8 -71.852413,-13.396159,3919.8 -71.852413,-13.396160,3919.8 -71.852413,-13.396160,3920 -71.852413,-13.396160,3920 -71.852413,-13.396160,3920 -71.852413,-13.396160,3920 -71.852413,-13.396160,3920.2 -71.852412,-13.396160,3920.2 -71.852412,-13.396160,3920.2 -71.852414,-13.396159,3920.2 -71.852418,-13.396156,3920.2 -71.852420,-13.396156,3920.2 -71.852425,-13.396155,3920.4 -71.852428,-13.396153,3920.6 -71.852430,-13.396149,3920.6 -71.852433,-13.396144,3920.8 -71.852437,-13.396142,3920.8 -71.852440,-13.396139,3921 -71.852441,-13.396137,3921 -71.852443,-13.396134,3921.2 -71.852445,-13.396131,3921.2 -71.852448,-13.396127,3921.4 -71.852450,-13.396124,3921.6 -71.852451,-13.396121,3921.6 -71.852451,-13.396119,3921.8 -71.852451,-13.396115,3922 -71.852452,-13.396110,3922 -71.852453,-13.396108,3922.2 -71.852453,-13.396105,3922.4 -71.852453,-13.396102,3922.6 -71.852454,-13.396095,3922.6 -71.852454,-13.396090,3922.8 -71.852454,-13.396086,3922.8 -71.852453,-13.396080,3923 -71.852453,-13.396074,3923.2 -71.852452,-13.396068,3923.4 -71.852451,-13.396062,3923.6 -71.852450,-13.396056,3923.8 -71.852450,-13.396051,3923.8 -71.852452,-13.396045,3923.8 -71.852455,-13.396039,3924 -71.852458,-13.396035,3924 -71.852462,-13.396033,3924 -71.852466,-13.396031,3924.2 -71.852469,-13.396031,3924.2 -71.852471,-13.396030,3924.2 -71.852473,-13.396029,3924.4 -71.852477,-13.396028,3924.6 -71.852482,-13.396026,3924.6 -71.852484,-13.396024,3924.8 -71.852485,-13.396024,3924.8 -71.852485,-13.396025,3924.8 -71.852486,-13.396025,3924.8 -71.852486,-13.396025,3924.8 -71.852486,-13.396025,3924.8 -71.852486,-13.396025,3925 -71.852486,-13.396025,3925 -71.852486,-13.396025,3925 -71.852486,-13.396026,3925 -71.852487,-13.396026,3924.8 -71.852487,-13.396026,3924.8 -71.852488,-13.396026,3924.8 -71.852489,-13.396026,3924.8 -71.852489,-13.396026,3924.8 -71.852490,-13.396026,3924.8 -71.852493,-13.396024,3925 -71.852496,-13.396023,3925 -71.852499,-13.396024,3925 -71.852501,-13.396024,3925.2 -71.852502,-13.396023,3925.2 -71.852504,-13.396022,3925.4 -71.852503,-13.396021,3925.6 -71.852503,-13.396021,3925.8 -71.852503,-13.396020,3925.8 -71.852505,-13.396019,3926 -71.852505,-13.396019,3926 -71.852505,-13.396010,3926.4 -71.852505,-13.396006,3926.4 -71.852505,-13.395999,3926.4 -71.852504,-13.395991,3926.6 -71.852505,-13.395985,3926.8 -71.852503,-13.395980,3926.8 -71.852501,-13.395976,3927 -71.852497,-13.395972,3927.2 -71.852492,-13.395964,3927.2 -71.852489,-13.395957,3927.4 -71.852489,-13.395956,3927.4 -71.852489,-13.395956,3927.4 -71.852489,-13.395955,3927.4 -71.852490,-13.395952,3927.4 -71.852489,-13.395948,3927.4 -71.852489,-13.395940,3927.4 -71.852488,-13.395935,3927.6 -71.852488,-13.395930,3927.6 -71.852489,-13.395927,3927.6 -71.852490,-13.395925,3927.8 -71.852489,-13.395921,3927.8 -71.852488,-13.395915,3927.8 -71.852489,-13.395911,3927.8 -71.852488,-13.395905,3928 -71.852487,-13.395895,3928.2 -71.852487,-13.395887,3928.2 -71.852487,-13.395884,3928.2 -71.852487,-13.395884,3928.2 -71.852487,-13.395885,3928.2 -71.852486,-13.395886,3928.4 -71.852486,-13.395887,3928.4 -71.852486,-13.395888,3928.6 -71.852485,-13.395889,3928.6 -71.852485,-13.395889,3928.6 -71.852485,-13.395890,3928.6 -71.852485,-13.395892,3928.8 -71.852487,-13.395898,3928.8 -71.852491,-13.395906,3929 -71.852497,-13.395914,3929.2 -71.852500,-13.395918,3929.4 -71.852504,-13.395921,3929.4 -71.852505,-13.395923,3929.4 -71.852509,-13.395925,3929.6 -71.852511,-13.395927,3929.6 -71.852512,-13.395927,3929.6 -71.852512,-13.395927,3929.6 -71.852512,-13.395928,3929.8 -71.852512,-13.395928,3929.8 -71.852512,-13.395929,3929.8 -71.852512,-13.395929,3929.8 -71.852512,-13.395929,3929.8 -71.852512,-13.395929,3929.8 -71.852512,-13.395930,3930 -71.852512,-13.395930,3930 -71.852512,-13.395930,3930 -71.852512,-13.395930,3930.2 -71.852513,-13.395929,3930.2 -71.852512,-13.395929,3930.2 -71.852512,-13.395930,3930.2 -71.852512,-13.395930,3930.2 -71.852512,-13.395930,3930 -71.852512,-13.395931,3930 -71.852512,-13.395931,3930 -71.852512,-13.395932,3930 -71.852512,-13.395931,3930 -71.852512,-13.395932,3930 -71.852512,-13.395932,3930 -71.852512,-13.395931,3930 -71.852512,-13.395931,3930 -71.852512,-13.395931,3930 -71.852512,-13.395930,3929.8 -71.852512,-13.395930,3929.8 -71.852512,-13.395930,3929.8 -71.852511,-13.395930,3929.8 -71.852511,-13.395930,3929.6 -71.852511,-13.395929,3929.6 -71.852511,-13.395929,3929.6 -71.852511,-13.395928,3929.6 -71.852511,-13.395928,3929.4 -71.852510,-13.395927,3929.4 -71.852510,-13.395927,3929.4 -71.852510,-13.395926,3929.4 -71.852510,-13.395926,3929.4 -71.852510,-13.395926,3929.4 -71.852510,-13.395926,3929.4 -71.852511,-13.395927,3929.4 -71.852511,-13.395927,3929.4 -71.852512,-13.395928,3929.2 -71.852512,-13.395927,3929.2 -71.852513,-13.395927,3929.2 -71.852513,-13.395927,3929.2 -71.852513,-13.395927,3929.2 -71.852513,-13.395927,3929.2 -71.852513,-13.395927,3929 -71.852512,-13.395926,3929 -71.852512,-13.395926,3929 -71.852511,-13.395926,3929 -71.852511,-13.395926,3929 -71.852510,-13.395927,3929 -71.852510,-13.395927,3929 -71.852509,-13.395928,3929 -71.852509,-13.395928,3929 -71.852508,-13.395929,3929 -71.852509,-13.395931,3929.2 -71.852514,-13.395934,3929.4 -71.852518,-13.395935,3929.4 -71.852524,-13.395938,3929.6 -71.852531,-13.395943,3929.8 -71.852538,-13.395946,3930 -71.852544,-13.395949,3930 -71.852548,-13.395951,3930.2 -71.852552,-13.395956,3930.4 -71.852555,-13.395959,3930.6 -71.852559,-13.395964,3930.6 -71.852565,-13.395971,3930.8 -71.852570,-13.395975,3931 -71.852573,-13.395978,3931 -71.852576,-13.395981,3931.2 -71.852579,-13.395984,3931.2 -71.852583,-13.395989,3931.2 -71.852589,-13.395994,3931.4 -71.852593,-13.395997,3931.4 -71.852596,-13.395999,3931.6 -71.852599,-13.396000,3931.6 -71.852600,-13.396000,3931.8 -71.852600,-13.396000,3931.8 -71.852601,-13.396000,3931.8 -71.852601,-13.396000,3931.8 -71.852602,-13.395999,3931.8 -71.852602,-13.395999,3931.8 -71.852603,-13.395999,3931.6 -71.852603,-13.395998,3931.6 -71.852603,-13.395998,3931.6 -71.852602,-13.395998,3931.6 -71.852602,-13.395997,3931.8 -71.852604,-13.395997,3931.8 -71.852609,-13.395997,3931.8 -71.852613,-13.396000,3932 -71.852617,-13.396003,3932.2 -71.852621,-13.396005,3932.2 -71.852625,-13.396011,3932.4 -71.852631,-13.396017,3932.6 -71.852635,-13.396019,3932.6 -71.852640,-13.396021,3932.8 -71.852644,-13.396022,3932.8 -71.852648,-13.396022,3933 -71.852653,-13.396022,3933 -71.852658,-13.396024,3933.2 -71.852663,-13.396027,3933.2 -71.852668,-13.396027,3933.4 -71.852673,-13.396028,3933.6 -71.852676,-13.396027,3933.6 -71.852677,-13.396026,3933.6 -71.852678,-13.396026,3933.8 -71.852678,-13.396025,3933.8 -71.852678,-13.396026,3933.8 -71.852678,-13.396025,3934 -71.852678,-13.396025,3934 -71.852677,-13.396025,3934 -71.852677,-13.396024,3934.2 -71.852677,-13.396023,3934.2 -71.852677,-13.396023,3934.4 -71.852676,-13.396022,3934.4 -71.852677,-13.396022,3934.4 -71.852677,-13.396021,3934.4 -71.852677,-13.396021,3934.4 -71.852676,-13.396020,3934.4 -71.852676,-13.396020,3934.4 -71.852676,-13.396019,3934.6 -71.852691,-13.396025,3934.6 -71.852695,-13.396027,3934.8 -71.852699,-13.396029,3935 -71.852703,-13.396030,3935 -71.852706,-13.396031,3935 -71.852709,-13.396031,3935.2 -71.852710,-13.396032,3935.2 -71.852714,-13.396034,3935.4 -71.852717,-13.396037,3935.4 -71.852722,-13.396039,3935.6 -71.852725,-13.396040,3935.6 -71.852727,-13.396041,3935.6 -71.852731,-13.396042,3935.8 -71.852734,-13.396043,3935.8 -71.852738,-13.396046,3935.8 -71.852744,-13.396050,3936 -71.852748,-13.396053,3936.2 -71.852751,-13.396055,3936.2 -71.852754,-13.396057,3936.4 -71.852758,-13.396061,3936.4 -71.852762,-13.396065,3936.4 -71.852766,-13.396069,3936.6 -71.852770,-13.396071,3936.6 -71.852772,-13.396072,3936.6 -71.852775,-13.396076,3936.8 -71.852779,-13.396079,3936.8 -71.852783,-13.396082,3937 -71.852789,-13.396085,3937 -71.852795,-13.396088,3937.2 -71.852799,-13.396091,3937.4 -71.852803,-13.396094,3937.6 -71.852807,-13.396095,3937.6 -71.852811,-13.396097,3937.8 -71.852814,-13.396099,3938 -71.852817,-13.396102,3938.2 -71.852822,-13.396105,3938.2 -71.852826,-13.396111,3938.4 -71.852830,-13.396115,3938.6 -71.852833,-13.396117,3938.8 -71.852837,-13.396120,3938.8 -71.852841,-13.396122,3939 -71.852845,-13.396123,3939.2 -71.852847,-13.396124,3939.2 -71.852851,-13.396126,3939.4 -71.852854,-13.396129,3939.4 -71.852856,-13.396132,3939.4 -71.852858,-13.396136,3939.6 -71.852861,-13.396141,3939.8 -71.852866,-13.396144,3939.8 -71.852869,-13.396146,3940 -71.852873,-13.396146,3940 -71.852877,-13.396147,3940.2 -71.852881,-13.396148,3940.2 -71.852884,-13.396149,3940.4 -71.852885,-13.396149,3940.4 -71.852886,-13.396148,3940.4 -71.852886,-13.396148,3940.4 -71.852886,-13.396148,3940.4 -71.852886,-13.396147,3940.4 -71.852886,-13.396147,3940.4 -71.852887,-13.396147,3940.4 -71.852887,-13.396148,3940.4 -71.852887,-13.396148,3940.4 -71.852887,-13.396148,3940.4 -71.852888,-13.396149,3940.4 -71.852894,-13.396151,3940.4 -71.852899,-13.396152,3940.6 -71.852902,-13.396152,3940.6 -71.852904,-13.396153,3940.6 -71.852907,-13.396155,3940.6 -71.852911,-13.396158,3940.6 -71.852914,-13.396160,3940.6 -71.852915,-13.396162,3940.6 -71.852918,-13.396165,3940.6 -71.852924,-13.396169,3940.6 -71.852928,-13.396172,3940.4 -71.852931,-13.396173,3940.6 -71.852932,-13.396173,3940.6 -71.852932,-13.396173,3940.8 -71.852932,-13.396173,3941 -71.852935,-13.396176,3941 -71.852938,-13.396179,3941.2 -71.852942,-13.396180,3941.6 -71.852943,-13.396181,3941.6 -71.852944,-13.396182,3941.6 -71.852944,-13.396182,3941.6 -71.852944,-13.396182,3941.6 -71.852942,-13.396182,3941.8 -71.852942,-13.396182,3941.8 -71.852941,-13.396183,3941.8 -71.852942,-13.396183,3942 -71.852942,-13.396183,3942 -71.852943,-13.396181,3942 -71.852946,-13.396184,3942.2 -71.852950,-13.396185,3942.4 -71.852952,-13.396185,3942.4 -71.852954,-13.396185,3942.6 -71.852956,-13.396184,3942.6 -71.852961,-13.396183,3942.8 -71.852964,-13.396180,3942.8 -71.852968,-13.396179,3943 -71.852970,-13.396175,3943 -71.852971,-13.396172,3943.2 -71.852972,-13.396168,3943.4 -71.852974,-13.396164,3943.4 -71.852977,-13.396159,3943.6 -71.852978,-13.396154,3943.8 -71.852980,-13.396150,3943.8 -71.852980,-13.396145,3944 -71.852981,-13.396138,3944.2 -71.852982,-13.396135,3944.4 -71.852985,-13.396131,3944.4 -71.852987,-13.396127,3944.6 -71.852989,-13.396123,3944.8 -71.852991,-13.396119,3945 -71.852992,-13.396116,3945 -71.852992,-13.396116,3945.2 -71.852992,-13.396116,3945.2 -71.852992,-13.396116,3945.2 -71.852992,-13.396116,3945.2 -71.852992,-13.396116,3945.2 -71.852992,-13.396116,3945.2 -71.852992,-13.396116,3945 -71.852992,-13.396116,3945 -71.852992,-13.396116,3945 -71.852992,-13.396116,3945 -71.852992,-13.396116,3945 -71.852992,-13.396116,3944.8 -71.852992,-13.396116,3944.8 -71.852992,-13.396117,3944.8 -71.852991,-13.396118,3944.8 -71.852991,-13.396118,3944.8 -71.852990,-13.396119,3944.8 -71.852995,-13.396122,3945 -71.852995,-13.396124,3945 -71.853000,-13.396129,3945 -71.853002,-13.396131,3945 -71.853003,-13.396135,3945 -71.853004,-13.396137,3945 -71.853005,-13.396138,3945 -71.853005,-13.396139,3945 -71.853004,-13.396140,3945 -71.853004,-13.396141,3945 -71.853004,-13.396141,3945 -71.853004,-13.396143,3945.2 -71.853005,-13.396144,3945.2 -71.853010,-13.396146,3945.2 -71.853013,-13.396146,3945.2 -71.853016,-13.396149,3945.2 -71.853018,-13.396152,3945.2 -71.853021,-13.396155,3945.4 -71.853023,-13.396163,3945.6 -71.853025,-13.396167,3945.6 -71.853028,-13.396171,3945.6 -71.853033,-13.396178,3945.6 -71.853036,-13.396181,3945.6 -71.853040,-13.396185,3945.6 -71.853044,-13.396188,3945.8 -71.853046,-13.396190,3945.8 -71.853051,-13.396191,3945.8 -71.853056,-13.396193,3945.8 -71.853058,-13.396195,3946 -71.853062,-13.396197,3946 -71.853066,-13.396199,3946 -71.853069,-13.396200,3946.2 -71.853070,-13.396200,3946.2 -71.853070,-13.396199,3946.4 -71.853070,-13.396199,3946.4 -71.853070,-13.396198,3946.4 -71.853070,-13.396197,3946.4 -71.853070,-13.396197,3946.4 -71.853070,-13.396197,3946.4 -71.853071,-13.396197,3946.4 -71.853073,-13.396197,3946.6 -71.853077,-13.396199,3946.6 -71.853082,-13.396203,3946.6 -71.853085,-13.396204,3946.6 -71.853085,-13.396205,3946.6 -71.853086,-13.396205,3946.8 -71.853090,-13.396209,3946.8 -71.853096,-13.396215,3946.8 -71.853100,-13.396218,3947 -71.853104,-13.396223,3947 -71.853108,-13.396228,3947.2 -71.853111,-13.396231,3947.2 -71.853115,-13.396235,3947.4 -71.853118,-13.396238,3947.6 -71.853121,-13.396244,3947.6 -71.853125,-13.396250,3947.6 -71.853128,-13.396253,3947.8 -71.853131,-13.396256,3947.8 -71.853133,-13.396259,3948 -71.853136,-13.396262,3948 -71.853140,-13.396266,3948 -71.853142,-13.396272,3948.2 -71.853144,-13.396278,3948.4 -71.853146,-13.396280,3948.4 -71.853147,-13.396282,3948.6 -71.853147,-13.396283,3948.6 -71.853149,-13.396285,3948.6 -71.853153,-13.396288,3948.8 -71.853157,-13.396291,3948.8 -71.853160,-13.396294,3949 -71.853161,-13.396297,3949 -71.853164,-13.396302,3949 -71.853168,-13.396307,3949.2 -71.853170,-13.396309,3949.4 -71.853171,-13.396311,3949.4 -71.853172,-13.396314,3949.4 -71.853175,-13.396319,3949.4 -71.853179,-13.396324,3949.6 -71.853181,-13.396328,3949.6 -71.853181,-13.396330,3949.8 -71.853182,-13.396334,3949.8 -71.853182,-13.396338,3950 -71.853183,-13.396345,3950.2 -71.853184,-13.396353,3950.2 -71.853184,-13.396359,3950.4 -71.853185,-13.396368,3950.4 -71.853187,-13.396374,3950.4 -71.853188,-13.396380,3950.6 -71.853190,-13.396389,3950.6 -71.853191,-13.396400,3950.8 -71.853193,-13.396407,3950.8 -71.853193,-13.396412,3951 -71.853195,-13.396422,3951 -71.853196,-13.396429,3951.2 -71.853196,-13.396437,3951.2 -71.853197,-13.396444,3951.4 -71.853197,-13.396448,3951.6 -71.853196,-13.396453,3951.6 -71.853196,-13.396459,3951.8 -71.853196,-13.396465,3952 -71.853196,-13.396472,3952 -71.853199,-13.396481,3952.2 -71.853200,-13.396488,3952.4 -71.853201,-13.396494,3952.6 -71.853201,-13.396501,3952.6 -71.853199,-13.396509,3952.8 -71.853199,-13.396515,3953 -71.853199,-13.396520,3953 -71.853201,-13.396526,3953 -71.853203,-13.396530,3953.2 -71.853204,-13.396534,3953.2 -71.853206,-13.396540,3953.4 -71.853209,-13.396545,3953.6 -71.853210,-13.396552,3953.6 -71.853212,-13.396559,3953.8 -71.853215,-13.396566,3954 -71.853216,-13.396572,3954 -71.853218,-13.396577,3954.2 -71.853220,-13.396582,3954.4 -71.853222,-13.396588,3954.4 -71.853225,-13.396598,3954.6 -71.853227,-13.396605,3954.6 -71.853228,-13.396611,3954.8 -71.853229,-13.396616,3954.8 -71.853231,-13.396623,3955 -71.853234,-13.396628,3955.2 -71.853236,-13.396631,3955.2 -71.853236,-13.396631,3955.4 -71.853237,-13.396631,3955.4 -71.853238,-13.396631,3955.4 -71.853238,-13.396631,3955.2 -71.853238,-13.396631,3955.2 -71.853238,-13.396631,3955.2 -71.853239,-13.396632,3955 -71.853240,-13.396636,3955 -71.853242,-13.396643,3955 -71.853243,-13.396650,3955 -71.853245,-13.396656,3955.2 -71.853246,-13.396660,3955.2 -71.853244,-13.396667,3955.2 -71.853243,-13.396675,3955.4 -71.853244,-13.396685,3955.4 -71.853245,-13.396695,3955.4 -71.853247,-13.396701,3955.6 -71.853247,-13.396704,3955.6 -71.853247,-13.396711,3955.6 -71.853247,-13.396718,3955.6 -71.853247,-13.396725,3955.6 -71.853247,-13.396730,3955.8 -71.853249,-13.396737,3955.8 -71.853250,-13.396746,3955.8 -71.853251,-13.396755,3955.8 -71.853253,-13.396765,3956 -71.853256,-13.396773,3956 -71.853258,-13.396778,3956.2 -71.853261,-13.396781,3956.2 -71.853264,-13.396782,3956.2 -71.853265,-13.396782,3956.2 -71.853265,-13.396783,3956.2 -71.853269,-13.396786,3956.2 -71.853273,-13.396791,3956.4 -71.853276,-13.396796,3956.4 -71.853277,-13.396800,3956.4 -71.853279,-13.396807,3956.6 -71.853283,-13.396812,3956.6 -71.853285,-13.396816,3956.8 -71.853286,-13.396817,3956.8 -71.853289,-13.396818,3956.8 -71.853291,-13.396817,3957 -71.853292,-13.396817,3957 -71.853293,-13.396817,3957 -71.853294,-13.396817,3957 -71.853295,-13.396818,3957 -71.853298,-13.396819,3957 -71.853303,-13.396820,3957 -71.853308,-13.396823,3957 -71.853312,-13.396825,3957.2 -71.853314,-13.396827,3957.2 -71.853317,-13.396830,3957.4 -71.853322,-13.396835,3957.4 -71.853325,-13.396838,3957.6 -71.853327,-13.396839,3957.6 -71.853329,-13.396839,3957.8 -71.853329,-13.396839,3957.8 -71.853330,-13.396841,3958 -71.853333,-13.396846,3958 -71.853335,-13.396850,3958.2 -71.853340,-13.396855,3958.2 -71.853346,-13.396860,3958.4 -71.853349,-13.396864,3958.4 -71.853352,-13.396868,3958.4 -71.853357,-13.396870,3958.4 -71.853359,-13.396871,3958.6 -71.853362,-13.396869,3958.6 -71.853363,-13.396869,3958.8 -71.853363,-13.396869,3958.8 -71.853363,-13.396870,3958.8 -71.853362,-13.396870,3958.8 -71.853362,-13.396870,3958.8 -71.853362,-13.396870,3958.8 -71.853362,-13.396871,3958.8 -71.853363,-13.396871,3958.8 -71.853363,-13.396872,3959 -71.853363,-13.396873,3959 -71.853363,-13.396874,3959 -71.853363,-13.396875,3959 -71.853363,-13.396876,3959 -71.853362,-13.396876,3959 -71.853362,-13.396878,3959.2 -71.853361,-13.396878,3959.2 -71.853362,-13.396877,3959.2 -71.853362,-13.396878,3959.2 -71.853362,-13.396878,3959.2 -71.853362,-13.396878,3959.2 -71.853363,-13.396879,3959 -71.853363,-13.396879,3959 -71.853364,-13.396878,3959 -71.853365,-13.396877,3959 -71.853365,-13.396876,3959 -71.853366,-13.396876,3959 -71.853367,-13.396875,3959.2 -71.853367,-13.396875,3959.2 -71.853368,-13.396874,3959 -71.853368,-13.396874,3959 -71.853369,-13.396873,3959 -71.853369,-13.396873,3959 -71.853370,-13.396872,3959 -71.853370,-13.396872,3959 -71.853371,-13.396872,3959 -71.853371,-13.396871,3959 -71.853371,-13.396871,3959.2 -71.853371,-13.396870,3959.2 -71.853372,-13.396870,3959.2 -71.853372,-13.396869,3959.2 -71.853373,-13.396870,3959.2 -71.853373,-13.396870,3959.2 -71.853374,-13.396870,3959.2 -71.853374,-13.396870,3959.2 -71.853374,-13.396871,3959.2 -71.853374,-13.396871,3959.4 -71.853374,-13.396871,3959.4 -71.853373,-13.396871,3959.2 -71.853373,-13.396871,3959.2 -71.853373,-13.396871,3959.2 -71.853373,-13.396872,3959.2 -71.853373,-13.396872,3959.2 -71.853373,-13.396872,3959.2 -71.853373,-13.396873,3959.2 -71.853373,-13.396873,3959.2 -71.853372,-13.396874,3959.2 -71.853372,-13.396874,3959.2 -71.853371,-13.396875,3959.2 -71.853371,-13.396875,3959 -71.853371,-13.396876,3959 -71.853371,-13.396876,3959 -71.853371,-13.396877,3959 -71.853371,-13.396877,3959.2 -71.853371,-13.396878,3959.2 -71.853371,-13.396878,3959.2 -71.853371,-13.396878,3959.2 -71.853372,-13.396879,3959.2 -71.853372,-13.396879,3959.2 -71.853371,-13.396879,3959.2 -71.853372,-13.396880,3959.2 -71.853372,-13.396880,3959.2 -71.853371,-13.396880,3959.2 -71.853371,-13.396880,3959.4 -71.853372,-13.396881,3959.4 -71.853372,-13.396881,3959.4 -71.853372,-13.396881,3959.6 -71.853372,-13.396881,3959.6 -71.853373,-13.396881,3959.6 -71.853373,-13.396881,3959.6 -71.853373,-13.396881,3959.6 -71.853373,-13.396881,3959.6 -71.853373,-13.396881,3959.6 -71.853376,-13.396880,3959.8 -71.853377,-13.396880,3959.8 -71.853379,-13.396879,3960 -71.853382,-13.396875,3960 -71.853386,-13.396872,3960 -71.853390,-13.396869,3960 -71.853393,-13.396865,3960 -71.853395,-13.396859,3960 -71.853396,-13.396853,3960 -71.853398,-13.396847,3960.2 -71.853401,-13.396842,3960.2 -71.853401,-13.396841,3960.2 -71.853401,-13.396841,3960.2 -71.853402,-13.396840,3960.2 -71.853401,-13.396840,3960.2 -71.853402,-13.396840,3960.2 -71.853402,-13.396840,3960.2 -71.853402,-13.396839,3960.2 -71.853402,-13.396839,3960.2 -71.853402,-13.396839,3960.2 -71.853402,-13.396838,3960.2 -71.853403,-13.396838,3960.2 -71.853403,-13.396838,3960 -71.853403,-13.396837,3960 -71.853404,-13.396837,3960 -71.853404,-13.396837,3959.8 -71.853404,-13.396837,3959.8 -71.853403,-13.396837,3959.8 -71.853403,-13.396837,3959.6 -71.853403,-13.396836,3959.6 -71.853403,-13.396836,3959.6 -71.853403,-13.396836,3959.6 -71.853403,-13.396835,3959.4 -71.853402,-13.396835,3959.4 -71.853402,-13.396835,3959.4 -71.853402,-13.396835,3959.4 -71.853402,-13.396835,3959.4 -71.853402,-13.396835,3959.2 -71.853402,-13.396835,3959.2 -71.853402,-13.396835,3959.2 -71.853402,-13.396835,3959.2 -71.853401,-13.396834,3959 -71.853401,-13.396834,3959 -71.853403,-13.396830,3959.2 -71.853405,-13.396826,3959.2 -71.853406,-13.396822,3959.2 -71.853408,-13.396819,3959.4 -71.853410,-13.396817,3959.4 -71.853414,-13.396817,3959.6 -71.853418,-13.396817,3959.8 -71.853421,-13.396817,3959.8 -71.853424,-13.396817,3959.8 -71.853428,-13.396817,3960 -71.853431,-13.396817,3960 -71.853432,-13.396818,3960 -71.853432,-13.396819,3960 -71.853432,-13.396819,3960 -71.853432,-13.396819,3960 -71.853433,-13.396819,3960 -71.853435,-13.396818,3960 -71.853438,-13.396818,3960 -71.853443,-13.396817,3960.2 -71.853447,-13.396814,3960.4 -71.853450,-13.396811,3960.4 -71.853454,-13.396809,3960.6 -71.853459,-13.396804,3960.6 -71.853461,-13.396800,3960.8 -71.853462,-13.396798,3960.8 -71.853463,-13.396798,3961 -71.853464,-13.396798,3961 -71.853464,-13.396798,3961 -71.853464,-13.396798,3961.2 -71.853464,-13.396798,3961.2 -71.853466,-13.396796,3961.2 -71.853470,-13.396792,3961.4 -71.853473,-13.396787,3961.6 -71.853475,-13.396781,3961.6 -71.853477,-13.396777,3961.8 -71.853479,-13.396772,3962 -71.853482,-13.396770,3962 -71.853485,-13.396769,3962.2 -71.853489,-13.396768,3962.2 -71.853492,-13.396767,3962.4 -71.853496,-13.396767,3962.6 -71.853500,-13.396767,3962.8 -71.853503,-13.396766,3962.8 -71.853505,-13.396766,3963 -71.853506,-13.396767,3963 -71.853506,-13.396765,3963.2 -71.853506,-13.396758,3963.2 -71.853506,-13.396750,3963.4 -71.853506,-13.396745,3963.4 -71.853508,-13.396743,3963.6 -71.853511,-13.396741,3963.6 -71.853513,-13.396740,3963.8 -71.853518,-13.396738,3964 -71.853521,-13.396734,3964 -71.853522,-13.396730,3964.2 -71.853525,-13.396726,3964.4 -71.853528,-13.396723,3964.6 -71.853529,-13.396718,3964.6 -71.853529,-13.396713,3964.8 -71.853530,-13.396708,3965 -71.853530,-13.396704,3965 -71.853532,-13.396703,3965.2 -71.853537,-13.396701,3965.4 -71.853540,-13.396700,3965.4 -71.853542,-13.396701,3965.6 -71.853544,-13.396702,3965.6 -71.853546,-13.396705,3965.8 -71.853548,-13.396706,3965.8 -71.853552,-13.396706,3965.8 -71.853556,-13.396704,3966 -71.853558,-13.396704,3966.2 -71.853560,-13.396706,3966.2 -71.853562,-13.396709,3966.4 -71.853565,-13.396710,3966.4 -71.853568,-13.396710,3966.6 -71.853569,-13.396710,3966.6 -71.853570,-13.396711,3966.6 -71.853570,-13.396711,3966.6 -71.853571,-13.396711,3966.8 -71.853572,-13.396711,3966.8 -71.853574,-13.396707,3966.8 -71.853576,-13.396704,3967 -71.853577,-13.396702,3967 -71.853577,-13.396702,3967 -71.853578,-13.396702,3967 -71.853578,-13.396702,3967 -71.853581,-13.396701,3967 -71.853584,-13.396702,3967.2 -71.853588,-13.396703,3967.2 -71.853590,-13.396703,3967.4 -71.853592,-13.396704,3967.4 -71.853595,-13.396707,3967.4 -71.853598,-13.396711,3967.6 -71.853601,-13.396714,3967.8 -71.853604,-13.396713,3967.8 -71.853607,-13.396712,3968 -71.853609,-13.396710,3968 -71.853612,-13.396708,3968.2 -71.853615,-13.396705,3968.4 -71.853618,-13.396702,3968.6 -71.853620,-13.396700,3968.6 -71.853622,-13.396698,3968.8 -71.853624,-13.396693,3969 -71.853624,-13.396689,3969 -71.853625,-13.396686,3969.2 -71.853626,-13.396684,3969.4 -71.853626,-13.396683,3969.6 -71.853626,-13.396683,3969.6 -71.853626,-13.396682,3969.8 -71.853626,-13.396682,3969.8 -71.853626,-13.396682,3970 -71.853627,-13.396682,3970 -71.853627,-13.396682,3970 -71.853627,-13.396681,3970.2 -71.853627,-13.396680,3970.2 -71.853627,-13.396680,3970.4 -71.853628,-13.396680,3970.4 -71.853628,-13.396680,3970.4 -71.853628,-13.396680,3970.6 -71.853628,-13.396679,3970.6 -71.853628,-13.396679,3970.6 -71.853628,-13.396678,3970.6 -71.853628,-13.396678,3970.6 -71.853629,-13.396678,3970.6 -71.853629,-13.396677,3970.6 -71.853628,-13.396677,3970.6 -71.853628,-13.396677,3970.8 -71.853629,-13.396676,3970.8 -71.853628,-13.396676,3970.8 -71.853629,-13.396676,3970.8 -71.853628,-13.396676,3970.8 -71.853628,-13.396676,3970.8 -71.853628,-13.396675,3971 -71.853629,-13.396675,3971 -71.853629,-13.396675,3971 -71.853630,-13.396674,3971 -71.853630,-13.396674,3971 -71.853630,-13.396674,3971.2 -71.853631,-13.396673,3971.2 -71.853631,-13.396673,3971.2 -71.853632,-13.396673,3971.2 -71.853632,-13.396673,3971.4 -71.853633,-13.396673,3971.4 -71.853632,-13.396673,3971.4 -71.853632,-13.396674,3971.6 -71.853631,-13.396674,3971.6 -71.853631,-13.396674,3971.8 -71.853631,-13.396674,3971.8 -71.853631,-13.396675,3971.8 -71.853631,-13.396675,3971.8 -71.853631,-13.396675,3971.8 -71.853631,-13.396675,3971.8 -71.853631,-13.396676,3971.8 -71.853631,-13.396676,3971.8 -71.853631,-13.396676,3972 -71.853630,-13.396676,3972 -71.853630,-13.396676,3972 -71.853630,-13.396676,3972 -71.853631,-13.396676,3972 -71.853630,-13.396676,3972 -71.853630,-13.396676,3972 -71.853630,-13.396676,3972 -71.853630,-13.396676,3972.2 -71.853631,-13.396676,3972.2 -71.853631,-13.396677,3972.2 -71.853632,-13.396677,3972.2 -71.853631,-13.396677,3972 -71.853632,-13.396677,3972 -71.853634,-13.396672,3972 -71.853637,-13.396670,3972.2 -71.853641,-13.396667,3972.2 -71.853642,-13.396668,3972.2 -71.853645,-13.396671,3972.4 -71.853647,-13.396673,3972.4 -71.853648,-13.396676,3972.4 -71.853650,-13.396680,3972.6 -71.853653,-13.396684,3972.6 -71.853656,-13.396686,3972.6 -71.853658,-13.396686,3972.8 -71.853660,-13.396686,3972.8 -71.853664,-13.396685,3972.8 -71.853666,-13.396682,3973 -71.853667,-13.396678,3973 -71.853667,-13.396674,3973.2 -71.853667,-13.396674,3973.2 -71.853668,-13.396674,3973.2 -71.853668,-13.396673,3973.2 -71.853672,-13.396669,3973.2 -71.853678,-13.396666,3973.2 -71.853682,-13.396663,3973.2 -71.853686,-13.396661,3973.4 -71.853689,-13.396659,3973.4 -71.853693,-13.396656,3973.6 -71.853697,-13.396652,3973.6 -71.853700,-13.396648,3973.8 -71.853704,-13.396644,3974 -71.853707,-13.396641,3974 -71.853713,-13.396639,3974 -71.853719,-13.396634,3974.2 -71.853722,-13.396627,3974.2 -71.853721,-13.396623,3974.2 -71.853720,-13.396622,3974.4 -71.853720,-13.396622,3974.4 -71.853719,-13.396622,3974.4 -71.853719,-13.396622,3974.4 -71.853719,-13.396622,3974.4 -71.853719,-13.396622,3974.4 -71.853718,-13.396622,3974.4 -71.853718,-13.396622,3974.4 -71.853721,-13.396621,3974.6 -71.853725,-13.396619,3974.6 -71.853731,-13.396618,3974.6 -71.853737,-13.396617,3974.6 -71.853741,-13.396615,3974.8 -71.853746,-13.396613,3974.8 -71.853751,-13.396610,3975 -71.853755,-13.396608,3975 -71.853761,-13.396605,3975.2 -71.853764,-13.396603,3975.2 -71.853766,-13.396600,3975.2 -71.853769,-13.396597,3975.4 -71.853773,-13.396593,3975.6 -71.853777,-13.396589,3975.6 -71.853778,-13.396588,3975.8 -71.853780,-13.396587,3975.8 -71.853781,-13.396586,3975.8 -71.853781,-13.396586,3975.8 -71.853782,-13.396585,3975.8 -71.853782,-13.396585,3975.8 -71.853783,-13.396584,3975.8 -71.853786,-13.396580,3975.8 -71.853791,-13.396572,3976 -71.853795,-13.396565,3976 -71.853800,-13.396560,3976 -71.853805,-13.396554,3976.2 -71.853808,-13.396551,3976.2 -71.853812,-13.396547,3976.4 -71.853814,-13.396543,3976.4 -71.853819,-13.396538,3976.6 -71.853822,-13.396533,3976.6 -71.853826,-13.396529,3976.6 -71.853829,-13.396527,3976.8 -71.853833,-13.396527,3976.8 -71.853837,-13.396526,3977 -71.853839,-13.396525,3977.2 -71.853842,-13.396523,3977.2 -71.853845,-13.396520,3977.4 -71.853848,-13.396516,3977.4 -71.853850,-13.396511,3977.6 -71.853853,-13.396505,3977.8 -71.853854,-13.396499,3978 -71.853854,-13.396496,3978 -71.853855,-13.396495,3978.2 -71.853855,-13.396495,3978.2 -71.853855,-13.396495,3978.2 -71.853855,-13.396495,3978.4 -71.853855,-13.396494,3978.4 -71.853856,-13.396494,3978.4 -71.853856,-13.396494,3978.4 -71.853856,-13.396494,3978.6 -71.853856,-13.396494,3978.6 -71.853857,-13.396494,3978.6 -71.853861,-13.396493,3978.6 -71.853864,-13.396494,3978.8 -71.853866,-13.396493,3978.8 -71.853865,-13.396493,3978.8 -71.853865,-13.396494,3978.8 -71.853864,-13.396494,3978.8 -71.853864,-13.396494,3978.8 -71.853864,-13.396495,3979 -71.853863,-13.396495,3979 -71.853863,-13.396495,3979 -71.853863,-13.396495,3979.2 -71.853864,-13.396497,3979 -71.853869,-13.396496,3979.2 -71.853872,-13.396495,3979.4 -71.853875,-13.396490,3979.4 -71.853877,-13.396486,3979.6 -71.853882,-13.396483,3979.6 -71.853888,-13.396480,3979.6 -71.853892,-13.396478,3979.8 -71.853895,-13.396478,3979.8 -71.853899,-13.396476,3980 -71.853902,-13.396473,3980 -71.853906,-13.396468,3980.2 -71.853908,-13.396464,3980.2 -71.853910,-13.396464,3980.2 -71.853911,-13.396463,3980.4 -71.853911,-13.396463,3980.4 -71.853912,-13.396461,3980.4 -71.853916,-13.396456,3980.6 -71.853921,-13.396451,3980.8 -71.853925,-13.396443,3980.8 -71.853927,-13.396437,3981 -71.853928,-13.396431,3981.2 -71.853932,-13.396424,3981.4 -71.853934,-13.396420,3981.4 -71.853937,-13.396418,3981.6 -71.853940,-13.396418,3981.6 -71.853943,-13.396418,3981.8 -71.853946,-13.396420,3981.8 -71.853949,-13.396422,3981.8 -71.853951,-13.396425,3982 -71.853954,-13.396429,3982 -71.853958,-13.396430,3982.2 -71.853963,-13.396429,3982.4 -71.853966,-13.396428,3982.4 -71.853967,-13.396428,3982.6 -71.853966,-13.396428,3982.6 -71.853966,-13.396428,3982.6 -71.853966,-13.396428,3982.6 -71.853966,-13.396428,3982.8 -71.853966,-13.396428,3982.8 -71.853967,-13.396428,3982.8 -71.853967,-13.396428,3982.8 -71.853966,-13.396428,3982.8 -71.853966,-13.396428,3982.8 -71.853966,-13.396428,3983 -71.853967,-13.396429,3983 -71.853967,-13.396429,3983 -71.853967,-13.396429,3983 -71.853968,-13.396429,3983 -71.853968,-13.396429,3983.2 -71.853968,-13.396429,3983.2 -71.853968,-13.396429,3983.4 -71.853974,-13.396427,3983.4 -71.853976,-13.396425,3983.4 -71.853979,-13.396425,3983.6 -71.853984,-13.396425,3983.8 -71.853987,-13.396424,3983.8 -71.853991,-13.396422,3984 -71.853994,-13.396421,3984.2 -71.853997,-13.396420,3984.2 -71.854001,-13.396418,3984.2 -71.854004,-13.396417,3984.4 -71.854006,-13.396417,3984.4 -71.854008,-13.396418,3984.6 -71.854006,-13.396418,3984.6 -71.854007,-13.396420,3984.6 -71.854007,-13.396418,3984.6 -71.854007,-13.396418,3984.6 -71.854009,-13.396417,3984.6 -71.854013,-13.396416,3984.6 -71.854017,-13.396414,3984.8 -71.854020,-13.396413,3984.8 -71.854023,-13.396412,3984.8 -71.854027,-13.396410,3984.8 -71.854030,-13.396408,3985 -71.854034,-13.396408,3985 -71.854040,-13.396408,3985 -71.854041,-13.396409,3985 -71.854043,-13.396410,3985 -71.854046,-13.396414,3985 -71.854050,-13.396416,3985.2 -71.854055,-13.396417,3985.2 -71.854059,-13.396417,3985.2 -71.854061,-13.396417,3985.2 -71.854061,-13.396417,3985.2 -71.854062,-13.396418,3985.4 -71.854062,-13.396418,3985.4 -71.854067,-13.396417,3985.4 -71.854070,-13.396415,3985.4 -71.854073,-13.396413,3985.6 -71.854075,-13.396412,3985.6 -71.854079,-13.396413,3985.8 -71.854081,-13.396412,3985.8 -71.854085,-13.396410,3985.8 -71.854089,-13.396408,3986 -71.854092,-13.396406,3986 -71.854094,-13.396406,3986.2 -71.854094,-13.396406,3986.2 -71.854094,-13.396406,3986.2 -71.854094,-13.396406,3986.2 -71.854094,-13.396407,3986.2 -71.854098,-13.396408,3986.4 -71.854102,-13.396408,3986.4 -71.854105,-13.396407,3986.6 -71.854110,-13.396407,3986.6 -71.854114,-13.396407,3986.6 -71.854117,-13.396407,3986.6 -71.854121,-13.396407,3986.8 -71.854122,-13.396409,3986.8 -71.854123,-13.396408,3986.8 -71.854124,-13.396408,3986.8 -71.854123,-13.396408,3987 -71.854124,-13.396408,3987 -71.854123,-13.396408,3987 -71.854123,-13.396408,3987 -71.854123,-13.396408,3987 -71.854123,-13.396408,3987 -71.854122,-13.396407,3987 -71.854123,-13.396408,3987 -71.854125,-13.396407,3987 -71.854126,-13.396408,3987 -71.854131,-13.396407,3987 -71.854131,-13.396408,3987 -71.854133,-13.396409,3987 -71.854136,-13.396411,3987 -71.854141,-13.396416,3987 -71.854140,-13.396414,3987 -71.854145,-13.396416,3987 -71.854149,-13.396418,3987 -71.854154,-13.396419,3987 -71.854160,-13.396420,3987 -71.854163,-13.396423,3987 -71.854163,-13.396424,3987.2 -71.854162,-13.396424,3987.2 -71.854164,-13.396425,3987.2 -71.854166,-13.396425,3987.2 -71.854166,-13.396425,3987.2 -71.854167,-13.396426,3987.2 -71.854169,-13.396426,3987.2 -71.854173,-13.396425,3987.2 -71.854179,-13.396425,3987.2 -71.854183,-13.396425,3987.2 -71.854187,-13.396426,3987.2 -71.854189,-13.396426,3987.2 -71.854189,-13.396426,3987.2 -71.854190,-13.396426,3987.4 -71.854190,-13.396426,3987.4 -71.854191,-13.396427,3987.4 -71.854191,-13.396427,3987.4 -71.854192,-13.396428,3987.4 -71.854195,-13.396429,3987.4 -71.854197,-13.396429,3987.4 -71.854203,-13.396431,3987.4 -71.854208,-13.396432,3987.4 -71.854212,-13.396431,3987.4 -71.854219,-13.396433,3987.4 -71.854225,-13.396435,3987.4 -71.854231,-13.396439,3987.4 -71.854240,-13.396444,3987.4 -71.854245,-13.396446,3987.4 -71.854252,-13.396449,3987.4 -71.854259,-13.396451,3987.4 -71.854264,-13.396454,3987.6 -71.854269,-13.396457,3987.6 -71.854271,-13.396456,3987.6 -71.854272,-13.396457,3987.6 -71.854273,-13.396458,3987.6 -71.854272,-13.396458,3987.6 -71.854274,-13.396459,3987.6 -71.854275,-13.396459,3987.6 -71.854282,-13.396461,3987.8 -71.854288,-13.396463,3987.8 -71.854295,-13.396464,3987.8 -71.854301,-13.396466,3988 -71.854307,-13.396467,3988 -71.854312,-13.396468,3988 -71.854314,-13.396468,3988.2 -71.854312,-13.396468,3988.2 -71.854313,-13.396470,3988.2 -71.854314,-13.396472,3988.2 -71.854314,-13.396470,3988.2 -71.854317,-13.396469,3988.2 -71.854323,-13.396469,3988.2 -71.854330,-13.396469,3988.2 -71.854336,-13.396469,3988.2 -71.854340,-13.396468,3988.2 -71.854340,-13.396468,3988.2 -71.854340,-13.396468,3988.4 -71.854340,-13.396469,3988.4 -71.854342,-13.396469,3988.4 -71.854345,-13.396469,3988.4 -71.854349,-13.396468,3988.4 -71.854356,-13.396469,3988.4 -71.854361,-13.396470,3988.4 -71.854369,-13.396473,3988.4 -71.854375,-13.396475,3988.4 -71.854380,-13.396477,3988.4 -71.854387,-13.396478,3988.4 -71.854393,-13.396480,3988.4 -71.854401,-13.396483,3988.4 -71.854408,-13.396485,3988.4 -71.854412,-13.396486,3988.6 -71.854412,-13.396491,3988.6 -71.854412,-13.396494,3988.6 -71.854413,-13.396496,3988.8 -71.854412,-13.396495,3988.6 -71.854413,-13.396496,3988.8 -71.854413,-13.396497,3988.8 -71.854413,-13.396497,3988.8 -71.854413,-13.396497,3988.8 -71.854414,-13.396497,3988.8 -71.854414,-13.396497,3988.8 -71.854414,-13.396497,3988.8 -71.854414,-13.396497,3988.8 -71.854414,-13.396497,3988.8 -71.854415,-13.396498,3988.8 -71.854415,-13.396498,3988.8 -71.854415,-13.396498,3988.8 -71.854419,-13.396499,3988.8 -71.854425,-13.396499,3989 -71.854432,-13.396500,3989 -71.854438,-13.396503,3989 -71.854445,-13.396505,3989.2 -71.854453,-13.396506,3989.2 -71.854458,-13.396508,3989.4 -71.854463,-13.396510,3989.4 -71.854467,-13.396511,3989.4 -71.854471,-13.396512,3989.6 -71.854473,-13.396512,3989.6 -71.854476,-13.396512,3989.8 -71.854480,-13.396512,3989.8 -71.854485,-13.396513,3990 -71.854491,-13.396513,3990.2 -71.854495,-13.396512,3990.2 -71.854498,-13.396511,3990.4 -71.854500,-13.396510,3990.6 -71.854503,-13.396511,3990.6 -71.854506,-13.396511,3990.8 -71.854509,-13.396510,3991 -71.854511,-13.396509,3991 -71.854515,-13.396509,3991.2 -71.854517,-13.396506,3991.4 -71.854516,-13.396503,3991.4 -71.854514,-13.396500,3991.6 -71.854512,-13.396496,3991.8 -71.854512,-13.396492,3991.8 -71.854512,-13.396487,3992 -71.854511,-13.396485,3992.2 -71.854510,-13.396482,3992.2 -71.854509,-13.396479,3992.4 -71.854508,-13.396476,3992.4 -71.854507,-13.396473,3992.6 -71.854507,-13.396472,3992.8 -71.854509,-13.396470,3993 -71.854511,-13.396469,3993 -71.854514,-13.396469,3993.2 -71.854516,-13.396469,3993.4 -71.854516,-13.396468,3993.4 -71.854516,-13.396467,3993.6 -71.854516,-13.396467,3993.6 -71.854516,-13.396466,3993.8 -71.854516,-13.396465,3994 -71.854515,-13.396465,3994 -71.854517,-13.396465,3994.2 -71.854519,-13.396464,3994.4 -71.854523,-13.396465,3994.4 -71.854528,-13.396466,3994.8 -71.854532,-13.396467,3995 -71.854537,-13.396468,3995 -71.854542,-13.396470,3995.2 -71.854548,-13.396473,3995.4 -71.854554,-13.396474,3995.6 -71.854557,-13.396474,3995.8 -71.854561,-13.396472,3996 -71.854561,-13.396470,3996.2 -71.854563,-13.396468,3996.2 -71.854564,-13.396466,3996.4 -71.854562,-13.396464,3996.6 -71.854560,-13.396462,3996.6 -71.854560,-13.396461,3996.8 -71.854560,-13.396462,3996.8 -71.854559,-13.396461,3997 -71.854557,-13.396458,3997 -71.854557,-13.396454,3997.2 -71.854555,-13.396451,3997.4 -71.854554,-13.396446,3997.6 -71.854553,-13.396443,3997.6 -71.854553,-13.396440,3997.8 -71.854553,-13.396436,3998 -71.854553,-13.396432,3998.2 -71.854553,-13.396429,3998.2 -71.854554,-13.396426,3998.4 -71.854554,-13.396424,3998.6 -71.854553,-13.396418,3998.8 -71.854551,-13.396414,3998.8 -71.854549,-13.396411,3999 -71.854547,-13.396408,3999.2 -71.854546,-13.396404,3999.2 -71.854546,-13.396402,3999.4 -71.854546,-13.396399,3999.6 -71.854546,-13.396395,3999.6 -71.854545,-13.396392,3999.8 -71.854545,-13.396391,3999.8 -71.854546,-13.396391,4000 -71.854546,-13.396391,4000 -71.854546,-13.396391,4000 -71.854546,-13.396391,4000.2 -71.854546,-13.396391,4000.2 -71.854547,-13.396391,4000.2 -71.854547,-13.396391,4000.2 -71.854548,-13.396390,4000.4 -71.854548,-13.396390,4000.4 -71.854548,-13.396390,4000.4 -71.854548,-13.396390,4000.4 -71.854548,-13.396391,4000.6 -71.854550,-13.396390,4000.6 -71.854552,-13.396390,4000.8 -71.854554,-13.396390,4001 -71.854559,-13.396390,4001.2 -71.854562,-13.396390,4001.2 -71.854566,-13.396390,4001.4 -71.854568,-13.396390,4001.6 -71.854573,-13.396391,4001.6 -71.854575,-13.396390,4001.6 -71.854577,-13.396389,4001.8 -71.854578,-13.396389,4001.8 -71.854583,-13.396387,4002.2 -71.854586,-13.396388,4002.4 -71.854587,-13.396388,4002.6 -71.854586,-13.396388,4002.8 -71.854587,-13.396387,4002.8 -71.854587,-13.396387,4003 -71.854589,-13.396387,4003.2 -71.854590,-13.396387,4003.4 -71.854592,-13.396386,4003.4 -71.854595,-13.396386,4003.6 -71.854597,-13.396386,4003.8 -71.854601,-13.396386,4004 -71.854604,-13.396385,4004.2 -71.854607,-13.396386,4004.2 -71.854610,-13.396386,4004.4 -71.854612,-13.396388,4004.8 -71.854616,-13.396388,4005 -71.854620,-13.396389,4005.2 -71.854624,-13.396388,4005.6 -71.854627,-13.396388,4005.8 -71.854631,-13.396389,4006 -71.854632,-13.396388,4006.2 -71.854633,-13.396387,4006.4 -71.854634,-13.396387,4006.4 -71.854635,-13.396386,4006.6 -71.854637,-13.396385,4006.8 -71.854641,-13.396386,4006.8 -71.854646,-13.396385,4007 -71.854648,-13.396386,4007.2 -71.854652,-13.396386,4007.6 -71.854653,-13.396385,4007.6 -71.854656,-13.396387,4007.8 -71.854659,-13.396387,4008 -71.854661,-13.396388,4008.2 -71.854663,-13.396388,4008.2 -71.854664,-13.396388,4008.4 -71.854665,-13.396389,4008.4 -71.854665,-13.396389,4008.4 -71.854665,-13.396389,4008.6 -71.854666,-13.396389,4008.6 -71.854669,-13.396387,4008.8 -71.854671,-13.396386,4008.8 -71.854673,-13.396386,4009 -71.854676,-13.396386,4009.4 -71.854678,-13.396387,4009.6 -71.854682,-13.396389,4009.8 -71.854684,-13.396389,4010 -71.854689,-13.396389,4010.4 -71.854691,-13.396389,4010.6 -71.854694,-13.396389,4010.8 -71.854697,-13.396389,4011 -71.854700,-13.396391,4011 -71.854701,-13.396392,4011.2 -71.854703,-13.396393,4011.2 -71.854704,-13.396392,4011.4 -71.854707,-13.396393,4011.4 -71.854709,-13.396394,4011.6 -71.854711,-13.396395,4011.8 -71.854715,-13.396400,4011.8 -71.854719,-13.396402,4011.8 -71.854722,-13.396404,4012 -71.854724,-13.396404,4012.2 -71.854726,-13.396405,4012.2 -71.854730,-13.396407,4012.4 -71.854732,-13.396408,4012.6 -71.854735,-13.396409,4012.6 -71.854735,-13.396410,4012.8 -71.854736,-13.396410,4012.8 -71.854737,-13.396410,4012.8 -71.854739,-13.396414,4013 -71.854743,-13.396416,4013.2 -71.854746,-13.396416,4013.2 -71.854749,-13.396418,4013.4 -71.854754,-13.396421,4013.4 -71.854757,-13.396422,4013.6 -71.854758,-13.396423,4013.6 -71.854760,-13.396424,4013.6 -71.854761,-13.396424,4013.6 -71.854763,-13.396423,4013.6 -71.854762,-13.396418,4013.6 -71.854761,-13.396414,4013.6 -71.854762,-13.396410,4013.8 -71.854762,-13.396407,4014 -71.854763,-13.396405,4014 -71.854764,-13.396403,4014 -71.854766,-13.396400,4014 -71.854766,-13.396397,4014.2 -71.854768,-13.396393,4014.2 -71.854770,-13.396389,4014.4 -71.854774,-13.396386,4014.4 -71.854777,-13.396382,4014.6 -71.854778,-13.396379,4014.8 -71.854779,-13.396378,4014.8 -71.854779,-13.396378,4014.8 -71.854779,-13.396378,4014.8 -71.854780,-13.396379,4014.8 -71.854784,-13.396379,4014.8 -71.854787,-13.396378,4015 -71.854790,-13.396380,4015 -71.854794,-13.396381,4015.2 -71.854796,-13.396381,4015.4 -71.854800,-13.396383,4015.4 -71.854803,-13.396384,4015.4 -71.854805,-13.396386,4015.4 -71.854807,-13.396387,4015.6 -71.854809,-13.396390,4015.6 -71.854812,-13.396392,4015.8 -71.854816,-13.396393,4015.8 -71.854820,-13.396394,4016 -71.854822,-13.396395,4016 -71.854822,-13.396395,4016 -71.854822,-13.396396,4016 -71.854822,-13.396396,4016 -71.854822,-13.396397,4016 -71.854822,-13.396397,4016 -71.854822,-13.396397,4016 -71.854824,-13.396400,4016 -71.854827,-13.396401,4016 -71.854829,-13.396402,4016.2 -71.854834,-13.396402,4016.2 -71.854838,-13.396402,4016.4 -71.854842,-13.396400,4016.4 -71.854845,-13.396398,4016.6 -71.854847,-13.396394,4016.6 -71.854849,-13.396389,4016.6 -71.854851,-13.396385,4016.8 -71.854852,-13.396382,4016.8 -71.854854,-13.396378,4017 -71.854854,-13.396373,4017 -71.854856,-13.396369,4017.2 -71.854857,-13.396365,4017.2 -71.854857,-13.396364,4017.4 -71.854856,-13.396364,4017.4 -71.854856,-13.396363,4017.4 -71.854856,-13.396361,4017.4 -71.854856,-13.396361,4017.4 -71.854856,-13.396360,4017.4 -71.854856,-13.396361,4017.6 -71.854856,-13.396361,4017.6 -71.854856,-13.396361,4017.6 -71.854856,-13.396361,4017.6 -71.854856,-13.396362,4017.6 -71.854857,-13.396363,4017.6 -71.854857,-13.396363,4017.6 -71.854858,-13.396363,4017.6 -71.854860,-13.396359,4017.6 -71.854861,-13.396354,4017.6 -71.854863,-13.396350,4017.8 -71.854865,-13.396347,4017.8 -71.854864,-13.396341,4017.8 -71.854864,-13.396337,4017.8 -71.854866,-13.396335,4017.8 -71.854867,-13.396335,4018 -71.854869,-13.396337,4018 -71.854870,-13.396337,4018 -71.854871,-13.396337,4018 -71.854871,-13.396338,4017.8 -71.854874,-13.396337,4017.8 -71.854878,-13.396334,4017.8 -71.854882,-13.396331,4017.8 -71.854886,-13.396326,4017.8 -71.854888,-13.396321,4018 -71.854890,-13.396317,4018 -71.854891,-13.396314,4018 -71.854892,-13.396312,4018.2 -71.854893,-13.396309,4018.2 -71.854895,-13.396309,4018.4 -71.854897,-13.396313,4018.4 -71.854901,-13.396316,4018.4 -71.854904,-13.396318,4018.4 -71.854905,-13.396321,4018.4 -71.854907,-13.396325,4018.6 -71.854909,-13.396325,4018.6 -71.854912,-13.396321,4018.8 -71.854915,-13.396318,4018.8 -71.854917,-13.396315,4019 -71.854918,-13.396314,4019 -71.854919,-13.396314,4019 -71.854919,-13.396315,4019 -71.854919,-13.396315,4019 -71.854919,-13.396316,4019 -71.854918,-13.396316,4019 -71.854918,-13.396315,4019 -71.854917,-13.396315,4019 -71.854916,-13.396315,4019 -71.854916,-13.396314,4019.2 -71.854915,-13.396314,4019.2 -71.854914,-13.396314,4019.2 -71.854914,-13.396313,4019.2 -71.854914,-13.396314,4019.2 -71.854913,-13.396314,4019.2 -71.854912,-13.396314,4019.2 -71.854912,-13.396315,4019.2 -71.854916,-13.396315,4019.4 -71.854919,-13.396316,4019.4 -71.854923,-13.396318,4019.6 -71.854927,-13.396318,4019.8 -71.854932,-13.396319,4019.8 -71.854936,-13.396320,4020 -71.854938,-13.396319,4020.2 -71.854941,-13.396319,4020.2 -71.854943,-13.396317,4020.4 -71.854945,-13.396315,4020.6 -71.854948,-13.396310,4020.8 -71.854949,-13.396306,4020.8 -71.854952,-13.396303,4021 -71.854953,-13.396300,4021 -71.854955,-13.396296,4021 -71.854955,-13.396291,4021.2 -71.854959,-13.396287,4021.4 -71.854960,-13.396286,4021.6 -71.854964,-13.396283,4021.8 -71.854966,-13.396281,4022 -71.854969,-13.396280,4022 -71.854973,-13.396279,4022.2 -71.854976,-13.396279,4022.4 -71.854979,-13.396278,4022.6 -71.854980,-13.396279,4022.6 -71.854982,-13.396278,4022.6 -71.854987,-13.396279,4023 -71.854990,-13.396278,4023 -71.854992,-13.396279,4023.2 -71.854997,-13.396281,4023.2 -71.854999,-13.396281,4023.4 -71.854999,-13.396282,4023.4 -71.855000,-13.396282,4023.6 -71.855000,-13.396282,4023.6 -71.855000,-13.396282,4023.8 -71.855000,-13.396283,4023.8 -71.855000,-13.396283,4024 -71.855000,-13.396283,4024 -71.855000,-13.396284,4024.2 -71.855000,-13.396284,4024.4 -71.855000,-13.396285,4024.4 -71.854999,-13.396284,4024.6 -71.854999,-13.396284,4024.6 -71.854999,-13.396284,4024.8 -71.855001,-13.396285,4024.8 -71.855003,-13.396284,4024.8 -71.855009,-13.396286,4024.6 -71.855016,-13.396290,4024.6 -71.855022,-13.396293,4024.6 -71.855028,-13.396298,4024.6 -71.855033,-13.396301,4024.8 -71.855036,-13.396302,4024.8 -71.855037,-13.396302,4024.8 -71.855041,-13.396301,4024.8 -71.855046,-13.396297,4024.8 -71.855048,-13.396292,4024.8 -71.855051,-13.396288,4024.8 -71.855054,-13.396284,4025 -71.855059,-13.396281,4025 -71.855062,-13.396277,4025.2 -71.855064,-13.396274,4025.2 -71.855064,-13.396270,4025.2 -71.855067,-13.396267,4025.2 -71.855068,-13.396264,4025.4 -71.855069,-13.396261,4025.4 -71.855068,-13.396260,4025.6 -71.855069,-13.396259,4025.6 -71.855069,-13.396259,4025.6 -71.855068,-13.396259,4025.6 -71.855069,-13.396259,4025.6 -71.855071,-13.396257,4025.6 -71.855074,-13.396255,4025.6 -71.855077,-13.396250,4025.6 -71.855081,-13.396248,4025.6 -71.855082,-13.396246,4025.6 -71.855082,-13.396246,4025.6 -71.855083,-13.396247,4025.6 -71.855084,-13.396248,4025.6 -71.855085,-13.396249,4025.6 -71.855086,-13.396250,4025.6 -71.855087,-13.396251,4025.6 -71.855088,-13.396252,4025.6 -71.855089,-13.396253,4025.6 -71.855091,-13.396255,4025.6 -71.855092,-13.396256,4025.6 -71.855094,-13.396253,4025.6 -71.855094,-13.396249,4025.6 -71.855095,-13.396245,4025.6 -71.855095,-13.396240,4025.6 -71.855095,-13.396236,4025.6 -71.855096,-13.396230,4025.6 -71.855097,-13.396226,4025.6 -71.855097,-13.396221,4025.8 -71.855096,-13.396216,4025.8 -71.855093,-13.396212,4025.8 -71.855090,-13.396207,4026 -71.855089,-13.396203,4026 -71.855089,-13.396201,4026 -71.855091,-13.396199,4026.2 -71.855091,-13.396199,4026.2 -71.855091,-13.396199,4026.2 -71.855091,-13.396199,4026.2 -71.855092,-13.396200,4026.2 -71.855092,-13.396201,4026.2 -71.855092,-13.396201,4026.2 -71.855092,-13.396201,4026.4 -71.855091,-13.396202,4026.4 -71.855090,-13.396202,4026.4 -71.855091,-13.396200,4026.6 -71.855092,-13.396200,4026.6 -71.855092,-13.396200,4026.6 -71.855092,-13.396199,4026.6 -71.855093,-13.396199,4026.8 -71.855094,-13.396198,4026.8 -71.855094,-13.396198,4026.8 -71.855094,-13.396198,4026.8 -71.855094,-13.396197,4026.8 -71.855093,-13.396197,4027 -71.855093,-13.396197,4027 -71.855092,-13.396199,4027 -71.855092,-13.396200,4027.2 -71.855091,-13.396200,4027.2 -71.855091,-13.396200,4027.4 -71.855091,-13.396201,4027.4 -71.855092,-13.396202,4027.6 -71.855092,-13.396202,4027.6 -71.855091,-13.396201,4027.8 -71.855090,-13.396201,4027.8 -71.855090,-13.396201,4028 -71.855089,-13.396200,4028 -71.855088,-13.396200,4028 -71.855087,-13.396200,4028.2 -71.855087,-13.396200,4028.2 -71.855086,-13.396199,4028.4 -71.855086,-13.396199,4028.4 -71.855086,-13.396199,4028.4 -71.855087,-13.396200,4028.4 -71.855086,-13.396199,4028.4 -71.855086,-13.396199,4028.6 -71.855086,-13.396198,4028.6 -71.855086,-13.396198,4028.6 -71.855085,-13.396199,4028.6 -71.855085,-13.396198,4028.8 -71.855084,-13.396198,4028.8 -71.855085,-13.396198,4028.8 -71.855085,-13.396199,4029 -71.855084,-13.396199,4029 -71.855084,-13.396199,4029 -71.855083,-13.396198,4028.8 -71.855083,-13.396197,4028.8 -71.855083,-13.396196,4028.8 -71.855082,-13.396196,4029 -71.855083,-13.396195,4029 -71.855082,-13.396195,4029.2 -71.855082,-13.396195,4029.2 -71.855083,-13.396195,4029.4 -71.855083,-13.396195,4029.4 -71.855083,-13.396195,4029.6 -71.855083,-13.396196,4029.6 -71.855083,-13.396195,4029.6 -71.855083,-13.396196,4029.6 -71.855083,-13.396196,4029.6 -71.855083,-13.396196,4029.6 -71.855083,-13.396196,4029.6 -71.855083,-13.396196,4029.6 -71.855083,-13.396196,4029.6 -71.855083,-13.396196,4029.6 -71.855083,-13.396196,4029.6 -71.855083,-13.396196,4029.6 -71.855083,-13.396196,4029.6 -71.855083,-13.396196,4029.6 -71.855083,-13.396196,4029.6 -71.855083,-13.396196,4029.6 -71.855083,-13.396196,4029.6 -71.855083,-13.396196,4029.6 -71.855084,-13.396196,4029.6 -71.855084,-13.396197,4029.6 -71.855084,-13.396197,4029.6 -71.855084,-13.396197,4029.6 -71.855084,-13.396197,4029.6 -71.855084,-13.396197,4029.6 -71.855084,-13.396197,4029.8 -71.855085,-13.396198,4029.8 -71.855089,-13.396199,4029.6 -71.855095,-13.396193,4029.6 -71.855103,-13.396193,4029.8 -71.855113,-13.396194,4029.8 -71.855121,-13.396195,4029.8 -71.855128,-13.396196,4029.8 -71.855136,-13.396196,4030 -71.855142,-13.396195,4030 -71.855148,-13.396195,4030.2 -71.855156,-13.396195,4030.2 -71.855163,-13.396194,4030.2 -71.855171,-13.396193,4030.4 -71.855180,-13.396194,4030.4 -71.855189,-13.396196,4030.6 -71.855195,-13.396197,4030.6 -71.855199,-13.396201,4030.8 -71.855208,-13.396208,4030.8 -71.855218,-13.396213,4031 -71.855226,-13.396215,4031 -71.855234,-13.396220,4031.2 -71.855242,-13.396224,4031.2 -71.855253,-13.396229,4031.4 -71.855265,-13.396234,4031.6 -71.855275,-13.396239,4031.6 -71.855282,-13.396245,4031.8 -71.855289,-13.396251,4031.8 -71.855299,-13.396257,4032 -71.855308,-13.396266,4032 -71.855314,-13.396273,4032 -71.855319,-13.396279,4032 -71.855328,-13.396288,4032.2 -71.855336,-13.396296,4032.2 -71.855343,-13.396302,4032.4 -71.855351,-13.396309,4032.6 -71.855359,-13.396318,4032.6 -71.855364,-13.396325,4032.8 -71.855369,-13.396331,4033 -71.855373,-13.396337,4033 -71.855381,-13.396345,4033 -71.855387,-13.396352,4033 -71.855390,-13.396359,4033.2 -71.855394,-13.396367,4033.2 -71.855398,-13.396373,4033.2 -71.855402,-13.396379,4033.2 -71.855408,-13.396387,4033.4 -71.855413,-13.396392,4033.4 -71.855418,-13.396395,4033.6 -71.855422,-13.396398,4033.6 -71.855425,-13.396400,4033.8 -71.855430,-13.396404,4034 -71.855433,-13.396406,4034 -71.855437,-13.396408,4034 -71.855440,-13.396410,4034.2 -71.855444,-13.396415,4034.2 -71.855449,-13.396422,4034.4 -71.855454,-13.396428,4034.6 -71.855459,-13.396435,4034.6 -71.855467,-13.396442,4034.6 -71.855472,-13.396446,4034.8 -71.855476,-13.396450,4034.8 -71.855483,-13.396456,4035 -71.855489,-13.396461,4035 -71.855495,-13.396466,4035 -71.855500,-13.396469,4035 -71.855505,-13.396471,4035.2 -71.855510,-13.396473,4035.2 -71.855516,-13.396477,4035.2 -71.855522,-13.396480,4035.2 -71.855526,-13.396483,4035.4 -71.855530,-13.396486,4035.4 -71.855533,-13.396488,4035.4 -71.855538,-13.396490,4035.6 -71.855543,-13.396492,4035.6 -71.855549,-13.396494,4035.6 -71.855553,-13.396497,4035.8 -71.855559,-13.396500,4035.8 -71.855565,-13.396502,4036 -71.855571,-13.396505,4036.2 -71.855576,-13.396509,4036.2 -71.855581,-13.396513,4036.4 -71.855585,-13.396515,4036.6 -71.855586,-13.396516,4036.6 -71.855587,-13.396516,4036.8 -71.855588,-13.396516,4036.8 -71.855588,-13.396517,4036.8 -71.855587,-13.396516,4036.8 -71.855588,-13.396517,4036.8 -71.855588,-13.396517,4036.8 -71.855588,-13.396517,4036.8 -71.855587,-13.396516,4036.8 -71.855587,-13.396516,4036.8 -71.855587,-13.396516,4036.8 -71.855587,-13.396517,4036.8 -71.855587,-13.396517,4036.8 -71.855587,-13.396517,4036.8 -71.855587,-13.396517,4037 -71.855587,-13.396517,4037 -71.855586,-13.396517,4037 -71.855587,-13.396517,4037 -71.855587,-13.396517,4037 -71.855587,-13.396517,4037 -71.855587,-13.396517,4037 -71.855587,-13.396517,4037 -71.855587,-13.396518,4037 -71.855587,-13.396518,4037 -71.855586,-13.396518,4037 -71.855586,-13.396518,4037 -71.855586,-13.396518,4037 -71.855586,-13.396519,4037 -71.855586,-13.396519,4037 -71.855586,-13.396519,4037 -71.855586,-13.396519,4037 -71.855586,-13.396519,4037 -71.855587,-13.396520,4037 -71.855586,-13.396519,4037 -71.855587,-13.396520,4037 -71.855587,-13.396519,4037 -71.855587,-13.396520,4037 -71.855587,-13.396520,4037 -71.855587,-13.396520,4037 -71.855592,-13.396523,4037.2 -71.855599,-13.396526,4037.2 -71.855609,-13.396530,4037.6 -71.855618,-13.396535,4037.6 -71.855627,-13.396541,4038 -71.855634,-13.396548,4038 -71.855638,-13.396552,4038.2 -71.855642,-13.396557,4038.4 -71.855648,-13.396564,4038.4 -71.855653,-13.396570,4038.6 -71.855657,-13.396577,4038.6 -71.855662,-13.396584,4038.8 -71.855667,-13.396587,4039 -71.855672,-13.396592,4039 -71.855679,-13.396598,4039.2 -71.855685,-13.396602,4039.2 -71.855689,-13.396607,4039.4 -71.855693,-13.396611,4039.4 -71.855699,-13.396616,4039.6 -71.855705,-13.396621,4039.6 -71.855711,-13.396626,4039.8 -71.855716,-13.396629,4039.8 -71.855721,-13.396635,4040 -71.855728,-13.396640,4040 -71.855734,-13.396647,4040.2 -71.855740,-13.396654,4040.2 -71.855746,-13.396661,4040.4 -71.855753,-13.396669,4040.4 -71.855759,-13.396673,4040.4 -71.855766,-13.396678,4040.4 -71.855774,-13.396685,4040.4 -71.855782,-13.396691,4040.4 -71.855790,-13.396700,4040.6 -71.855797,-13.396706,4040.6 -71.855803,-13.396711,4040.6 -71.855805,-13.396711,4040.8 -71.855806,-13.396711,4040.8 -71.855806,-13.396711,4040.6 -71.855805,-13.396710,4040.6 -71.855805,-13.396711,4040.6 -71.855805,-13.396710,4040.6 -71.855805,-13.396710,4040.6 -71.855805,-13.396710,4040.8 -71.855805,-13.396710,4040.8 -71.855805,-13.396710,4040.8 -71.855804,-13.396710,4040.8 -71.855804,-13.396710,4040.8 -71.855804,-13.396710,4040.8 -71.855805,-13.396710,4040.8 -71.855805,-13.396710,4040.8 -71.855804,-13.396710,4040.8 -71.855805,-13.396710,4040.8 -71.855808,-13.396712,4040.8 -71.855805,-13.396710,4040.8 -71.855810,-13.396713,4040.8 -71.855814,-13.396716,4040.8 -71.855821,-13.396721,4041 -71.855826,-13.396725,4041 -71.855831,-13.396727,4041.2 -71.855836,-13.396731,4041.2 -71.855839,-13.396732,4041.2 -71.855839,-13.396733,4041.2 -71.855839,-13.396733,4041.2 -71.855839,-13.396733,4041.4 -71.855839,-13.396734,4041.4 -71.855840,-13.396734,4041.4 -71.855840,-13.396736,4041.4 -71.855840,-13.396735,4041.4 -71.855840,-13.396736,4041.4 -71.855840,-13.396736,4041.4 -71.855840,-13.396736,4041.4 -71.855840,-13.396736,4041.4 -71.855841,-13.396736,4041.4 -71.855841,-13.396737,4041.4 -71.855841,-13.396737,4041.4 -71.855841,-13.396737,4041.4 -71.855841,-13.396737,4041.4 -71.855841,-13.396737,4041.4 -71.855841,-13.396737,4041.4 -71.855841,-13.396737,4041.4 -71.855841,-13.396737,4041.4 -71.855841,-13.396737,4041.4 -71.855841,-13.396737,4041.4 -71.855841,-13.396737,4041.4 -71.855841,-13.396737,4041.4 -71.855841,-13.396737,4041.4 -71.855841,-13.396737,4041.4 -71.855841,-13.396737,4041.4 -71.855841,-13.396737,4041.4 -71.855841,-13.396737,4041.4 -71.855841,-13.396737,4041.4 -71.855841,-13.396737,4041.4 -71.855841,-13.396737,4041.4 -71.855841,-13.396737,4041.4 -71.855841,-13.396737,4041.4 -71.855841,-13.396737,4041.4 -71.855841,-13.396737,4041.4 -71.855841,-13.396737,4041.4 -71.855842,-13.396737,4041.4 -71.855842,-13.396737,4041.4 -71.855842,-13.396737,4041.4 -71.855842,-13.396737,4041.4 -71.855841,-13.396737,4041.4 -71.855841,-13.396737,4041.4 -71.855841,-13.396737,4041.6 -71.855841,-13.396737,4041.6 -71.855841,-13.396737,4041.6 -71.855841,-13.396737,4041.6 -71.855841,-13.396737,4041.6 -71.855841,-13.396737,4041.6 -71.855841,-13.396737,4041.6 -71.855841,-13.396737,4041.6 -71.855841,-13.396737,4041.6 -71.855841,-13.396737,4041.6 -71.855841,-13.396737,4041.6 -71.855841,-13.396737,4041.6 -71.855841,-13.396737,4041.6 -71.855841,-13.396737,4041.6 -71.855843,-13.396739,4041.8 -71.855848,-13.396745,4041.8 -71.855853,-13.396749,4042 -71.855857,-13.396753,4042.2 -71.855859,-13.396754,4042.4 -71.855859,-13.396754,4042.2 -71.855859,-13.396754,4042.2 -71.855859,-13.396754,4042.2 -71.855859,-13.396754,4042.2 -71.855860,-13.396754,4042.2 -71.855859,-13.396754,4042.2 -71.855859,-13.396754,4042.2 -71.855860,-13.396756,4042.2 -71.855865,-13.396762,4042.2 -71.855872,-13.396768,4042.4 -71.855880,-13.396776,4042.4 -71.855885,-13.396782,4042.4 -71.855890,-13.396789,4042.6 -71.855896,-13.396795,4042.6 -71.855904,-13.396803,4042.8 -71.855910,-13.396809,4042.8 -71.855915,-13.396815,4042.8 -71.855921,-13.396821,4042.8 -71.855929,-13.396829,4042.8 -71.855935,-13.396835,4042.8 -71.855943,-13.396841,4043 -71.855951,-13.396846,4043 -71.855958,-13.396850,4043.2 -71.855964,-13.396854,4043.2 -71.855970,-13.396858,4043 -71.855979,-13.396864,4043.4 -71.855988,-13.396868,4043.4 -71.855995,-13.396873,4043.4 -71.856002,-13.396878,4043.4 -71.856010,-13.396884,4043.6 -71.856017,-13.396890,4043.6 -71.856024,-13.396895,4043.8 -71.856032,-13.396900,4043.8 -71.856040,-13.396904,4043.8 -71.856047,-13.396908,4043.8 -71.856054,-13.396914,4043.8 -71.856063,-13.396920,4044 -71.856073,-13.396925,4044.2 -71.856081,-13.396928,4044.2 -71.856088,-13.396931,4044.2 -71.856095,-13.396934,4044.4 -71.856101,-13.396936,4044.4 -71.856104,-13.396937,4044.4 -71.856104,-13.396937,4044.4 -71.856104,-13.396937,4044.4 -71.856103,-13.396938,4044.4 -71.856104,-13.396937,4044.4 -71.856103,-13.396938,4044.4 -71.856103,-13.396938,4044.6 -71.856103,-13.396938,4044.6 -71.856103,-13.396938,4044.6 -71.856103,-13.396938,4044.6 -71.856104,-13.396937,4044.6 -71.856108,-13.396940,4044.6 -71.856116,-13.396942,4044.6 -71.856123,-13.396945,4044.8 -71.856130,-13.396948,4044.8 -71.856138,-13.396954,4044.8 -71.856145,-13.396958,4045 -71.856152,-13.396961,4044.8 -71.856160,-13.396965,4045 -71.856170,-13.396970,4045 -71.856179,-13.396974,4045 -71.856185,-13.396977,4045.2 -71.856192,-13.396981,4045 -71.856202,-13.396987,4045.2 -71.856211,-13.396990,4045.2 -71.856218,-13.396993,4045.4 -71.856225,-13.396998,4045.4 -71.856232,-13.397002,4045.6 -71.856239,-13.397005,4045.6 -71.856245,-13.397008,4045.8 -71.856252,-13.397010,4045.8 -71.856256,-13.397012,4046 -71.856260,-13.397016,4046 -71.856267,-13.397017,4046 -71.856276,-13.397022,4046 -71.856282,-13.397028,4046 -71.856287,-13.397034,4046.2 -71.856293,-13.397041,4046.2 -71.856300,-13.397049,4046.4 -71.856309,-13.397059,4046.6 -71.856318,-13.397066,4046.6 -71.856325,-13.397074,4046.8 -71.856333,-13.397080,4047 -71.856338,-13.397084,4047 -71.856347,-13.397090,4046.8 -71.856356,-13.397096,4047 -71.856368,-13.397102,4047 -71.856381,-13.397107,4046.8 -71.856390,-13.397110,4046.6 -71.856397,-13.397114,4046.6 -71.856411,-13.397120,4046.2 -71.856426,-13.397124,4046 -71.856436,-13.397133,4045.6 -71.856443,-13.397141,4045.4 -71.856450,-13.397147,4045.4 -71.856456,-13.397151,4045.2 -71.856463,-13.397153,4045 -71.856471,-13.397158,4045.2 -71.856477,-13.397160,4045 -71.856482,-13.397162,4045 -71.856486,-13.397164,4045 -71.856490,-13.397166,4045 -71.856496,-13.397168,4045 -71.856500,-13.397171,4045 -71.856503,-13.397174,4045 -71.856504,-13.397176,4045 -71.856503,-13.397177,4045 -71.856503,-13.397177,4045 -71.856503,-13.397177,4045 -71.856503,-13.397177,4045 -71.856503,-13.397177,4045 -71.856503,-13.397177,4045 -71.856503,-13.397176,4045 -71.856503,-13.397177,4045 -71.856503,-13.397176,4045 -71.856503,-13.397177,4045 -71.856503,-13.397176,4045 -71.856503,-13.397177,4045 -71.856503,-13.397176,4045 -71.856503,-13.397177,4045 -71.856503,-13.397176,4045 -71.856503,-13.397177,4045 -71.856503,-13.397177,4045 -71.856503,-13.397177,4045 -71.856503,-13.397177,4045 -71.856503,-13.397177,4045 -71.856503,-13.397177,4045 -71.856503,-13.397177,4045 -71.856506,-13.397177,4045 -71.856510,-13.397179,4045.2 -71.856514,-13.397181,4045.2 -71.856519,-13.397184,4045.4 -71.856524,-13.397187,4045.4 -71.856531,-13.397189,4045.6 -71.856535,-13.397190,4045.8 -71.856537,-13.397192,4045.8 -71.856539,-13.397192,4045.8 -71.856542,-13.397194,4045.8 -71.856547,-13.397200,4045.8 -71.856557,-13.397205,4046 -71.856566,-13.397210,4046 -71.856572,-13.397214,4046.2 -71.856580,-13.397219,4046.2 -71.856586,-13.397223,4046.2 -71.856591,-13.397226,4046.4 -71.856597,-13.397229,4046.4 -71.856599,-13.397229,4046.4 -71.856599,-13.397229,4046.4 -71.856599,-13.397230,4046.6 -71.856599,-13.397230,4046.4 -71.856599,-13.397230,4046.6 -71.856599,-13.397230,4046.6 -71.856599,-13.397230,4046.6 -71.856599,-13.397230,4046.6 -71.856599,-13.397229,4046.6 -71.856599,-13.397230,4046.6 -71.856599,-13.397229,4046.6 -71.856599,-13.397230,4046.6 -71.856599,-13.397229,4046.6 -71.856599,-13.397229,4046.6 -71.856599,-13.397229,4046.6 -71.856599,-13.397229,4046.6 -71.856599,-13.397229,4046.6 -71.856599,-13.397229,4046.6 -71.856603,-13.397231,4046.8 -71.856607,-13.397233,4046.8 -71.856613,-13.397235,4046.8 -71.856617,-13.397237,4047 -71.856622,-13.397242,4047 -71.856627,-13.397246,4047 -71.856630,-13.397249,4047.2 -71.856633,-13.397253,4047.2 -71.856635,-13.397258,4047.2 -71.856636,-13.397263,4047.2 -71.856637,-13.397269,4047.4 -71.856637,-13.397275,4047.4 -71.856638,-13.397280,4047.4 -71.856639,-13.397284,4047.6 -71.856642,-13.397288,4047.6 -71.856643,-13.397291,4047.8 -71.856645,-13.397294,4047.8 -71.856648,-13.397297,4047.8 -71.856652,-13.397294,4047.8 -71.856656,-13.397290,4047.8 -71.856661,-13.397288,4048 -71.856665,-13.397288,4048.2 -71.856668,-13.397288,4048.2 -71.856669,-13.397288,4048.2 -71.856670,-13.397288,4048.2 -71.856670,-13.397289,4048.2 -71.856670,-13.397288,4048.4 -71.856670,-13.397289,4048.4 -71.856670,-13.397289,4048.4 -71.856670,-13.397290,4048.4 -71.856670,-13.397290,4048.4 -71.856670,-13.397290,4048.4 -71.856670,-13.397290,4048.4 -71.856670,-13.397290,4048.4 -71.856670,-13.397290,4048.4 -71.856670,-13.397290,4048.4 -71.856670,-13.397290,4048.4 -71.856676,-13.397292,4048.4 -71.856680,-13.397288,4048.6 -71.856683,-13.397286,4048.6 -71.856684,-13.397286,4048.6 -71.856684,-13.397286,4048.6 -71.856684,-13.397286,4048.6 -71.856684,-13.397286,4048.6 -71.856685,-13.397286,4048.6 -71.856685,-13.397287,4048.6 -71.856685,-13.397286,4048.6 -71.856685,-13.397285,4048.6 -71.856688,-13.397283,4048.8 -71.856690,-13.397279,4048.8 -71.856690,-13.397275,4048.8 -71.856689,-13.397272,4048.8 -71.856690,-13.397268,4048.8 -71.856689,-13.397263,4048.8 -71.856690,-13.397260,4048.8 -71.856689,-13.397257,4049 -71.856689,-13.397255,4049 -71.856690,-13.397251,4049 -71.856691,-13.397247,4049 -71.856691,-13.397244,4049 -71.856692,-13.397242,4049.2 -71.856690,-13.397240,4049.2 -71.856689,-13.397239,4049 -71.856690,-13.397239,4049 -71.856691,-13.397237,4049 -71.856691,-13.397235,4049.2 -71.856692,-13.397232,4049 -71.856695,-13.397229,4049.2 -71.856698,-13.397227,4049.2 -71.856703,-13.397224,4049.2 -71.856710,-13.397227,4049.2 -71.856715,-13.397228,4049.2 -71.856721,-13.397230,4049.4 -71.856725,-13.397231,4049.4 -71.856731,-13.397232,4049.4 -71.856738,-13.397233,4049.4 -71.856744,-13.397233,4049.4 -71.856748,-13.397232,4049.6 -71.856752,-13.397231,4049.6 -71.856756,-13.397230,4049.6 -71.856759,-13.397229,4049.8 -71.856764,-13.397229,4049.8 -71.856768,-13.397229,4049.8 -71.856774,-13.397232,4050 -71.856780,-13.397232,4050 -71.856784,-13.397232,4050 -71.856788,-13.397233,4050 -71.856793,-13.397236,4050.2 -71.856800,-13.397240,4050.2 -71.856805,-13.397241,4050.4 -71.856810,-13.397242,4050.4 -71.856812,-13.397241,4050.4 -71.856813,-13.397242,4050.4 -71.856813,-13.397242,4050.6 -71.856813,-13.397242,4050.6 -71.856813,-13.397242,4050.6 -71.856813,-13.397242,4050.6 -71.856813,-13.397242,4050.6 -71.856813,-13.397242,4050.6 -71.856813,-13.397242,4050.6 -71.856813,-13.397242,4050.6 -71.856819,-13.397240,4050.8 -71.856824,-13.397235,4050.8 -71.856831,-13.397233,4051 -71.856835,-13.397231,4051 -71.856841,-13.397233,4051 -71.856847,-13.397233,4051.2 -71.856852,-13.397233,4051.2 -71.856858,-13.397234,4051.2 -71.856861,-13.397234,4051.4 -71.856866,-13.397235,4051.4 -71.856870,-13.397235,4051.6 -71.856873,-13.397236,4051.6 -71.856879,-13.397240,4051.6 -71.856883,-13.397241,4051.8 -71.856886,-13.397242,4051.8 -71.856889,-13.397245,4052 -71.856894,-13.397248,4052 -71.856897,-13.397249,4052.2 -71.856900,-13.397250,4052.2 -71.856903,-13.397250,4052.4 -71.856908,-13.397253,4052.4 -71.856911,-13.397255,4052.4 -71.856914,-13.397256,4052.4 -71.856917,-13.397256,4052.6 -71.856921,-13.397256,4052.6 -71.856925,-13.397256,4052.8 -71.856929,-13.397255,4052.8 -71.856934,-13.397255,4053 -71.856938,-13.397254,4053 -71.856941,-13.397252,4053.2 -71.856944,-13.397250,4053.2 -71.856948,-13.397249,4053.4 -71.856950,-13.397250,4053.4 -71.856950,-13.397250,4053.4 -71.856949,-13.397251,4053.4 -71.856949,-13.397252,4053.6 -71.856949,-13.397251,4053.6 -71.856949,-13.397252,4053.6 -71.856949,-13.397252,4053.6 -71.856949,-13.397252,4053.6 -71.856950,-13.397251,4053.6 -71.856955,-13.397250,4053.6 -71.856959,-13.397247,4053.8 -71.856963,-13.397246,4053.8 -71.856966,-13.397242,4054 -71.856970,-13.397239,4054.2 -71.856973,-13.397239,4054.2 -71.856975,-13.397238,4054.2 -71.856977,-13.397237,4054.2 -71.856980,-13.397237,4054.4 -71.856981,-13.397236,4054.4 -71.856984,-13.397236,4054.4 -71.856986,-13.397235,4054.4 -71.856988,-13.397234,4054.4 -71.856990,-13.397234,4054.6 -71.856991,-13.397234,4054.6 -71.856992,-13.397233,4054.6 -71.856993,-13.397233,4054.6 -71.856997,-13.397233,4054.6 -71.856997,-13.397232,4054.6 -71.856999,-13.397231,4054.6 -71.857002,-13.397230,4054.6 -71.857003,-13.397230,4054.8 -71.857007,-13.397231,4055 -71.857009,-13.397231,4055 -71.857013,-13.397231,4055.2 -71.857015,-13.397230,4055.4 -71.857016,-13.397229,4055.4 -71.857018,-13.397227,4055.4 -71.857021,-13.397227,4055.4 -71.857024,-13.397227,4055.6 -71.857028,-13.397226,4055.8 -71.857031,-13.397226,4056 -71.857032,-13.397226,4056 -71.857033,-13.397226,4056 -71.857033,-13.397226,4056.2 -71.857034,-13.397226,4056.2 -71.857033,-13.397227,4056.2 -71.857034,-13.397227,4056.2 -71.857036,-13.397226,4056.2 -71.857039,-13.397227,4056.4 -71.857041,-13.397228,4056.4 -71.857044,-13.397229,4056.6 -71.857047,-13.397230,4056.8 -71.857051,-13.397231,4057 -71.857054,-13.397232,4057 -71.857058,-13.397234,4057.2 -71.857061,-13.397234,4057.4 -71.857064,-13.397236,4057.4 -71.857068,-13.397240,4057.6 -71.857070,-13.397244,4057.8 -71.857073,-13.397247,4058 -71.857076,-13.397248,4058 -71.857079,-13.397242,4058.2 -71.857081,-13.397239,4058.4 -71.857083,-13.397236,4058.6 -71.857085,-13.397234,4058.8 -71.857087,-13.397232,4058.8 -71.857089,-13.397232,4058.8 -71.857091,-13.397232,4059 -71.857093,-13.397233,4059 -71.857099,-13.397232,4059.2 -71.857102,-13.397231,4059.4 -71.857104,-13.397227,4059.4 -71.857106,-13.397224,4059.6 -71.857108,-13.397222,4059.8 -71.857110,-13.397219,4059.8 -71.857112,-13.397214,4060 -71.857113,-13.397212,4060.2 -71.857114,-13.397209,4060.2 -71.857113,-13.397208,4060.4 -71.857113,-13.397206,4060.4 -71.857114,-13.397204,4060.6 -71.857118,-13.397204,4060.8 -71.857123,-13.397202,4061.2 -71.857124,-13.397201,4061.4 -71.857125,-13.397205,4061.6 -71.857125,-13.397204,4061.8 -71.857129,-13.397204,4062 -71.857130,-13.397205,4062.2 -71.857132,-13.397209,4062.4 -71.857132,-13.397212,4062.8 -71.857133,-13.397216,4063 -71.857132,-13.397222,4063.4 -71.857132,-13.397223,4063.6 -71.857134,-13.397223,4063.6 -71.857136,-13.397223,4063.4 -71.857137,-13.397225,4063.6 -71.857137,-13.397226,4063.6 -71.857138,-13.397227,4063.6 -71.857138,-13.397228,4063.6 -71.857140,-13.397227,4063.8 -71.857143,-13.397227,4064.2 -71.857145,-13.397227,4064.2 -71.857149,-13.397232,4064.4 -71.857149,-13.397234,4064.4 -71.857151,-13.397238,4064.4 -71.857155,-13.397241,4064.8 -71.857157,-13.397243,4065 -71.857158,-13.397246,4065.2 -71.857157,-13.397247,4065.4 -71.857157,-13.397248,4065.6 -71.857157,-13.397249,4065.8 -71.857158,-13.397245,4066 -71.857159,-13.397245,4066 -71.857163,-13.397243,4065.6 -71.857166,-13.397242,4066 -71.857170,-13.397244,4066 -71.857172,-13.397245,4066.2 -71.857178,-13.397247,4066 -71.857182,-13.397247,4066.2 -71.857185,-13.397247,4066.4 -71.857188,-13.397249,4066.6 -71.857190,-13.397250,4066.8 -71.857190,-13.397250,4066.8 -71.857190,-13.397250,4066.8 -71.857190,-13.397250,4066.8 -71.857190,-13.397250,4066.8 -71.857190,-13.397250,4067 -71.857190,-13.397250,4067 -71.857190,-13.397250,4067 -71.857190,-13.397250,4067 -71.857190,-13.397250,4067 -71.857190,-13.397250,4067 -71.857194,-13.397251,4067.2 -71.857199,-13.397249,4067.4 -71.857203,-13.397247,4067.6 -71.857206,-13.397247,4067.8 -71.857208,-13.397246,4068 -71.857211,-13.397246,4067.8 -71.857212,-13.397246,4068 -71.857215,-13.397244,4068 -71.857216,-13.397245,4068.2 -71.857217,-13.397243,4068.2 -71.857219,-13.397244,4068.2 -71.857221,-13.397245,4068.2 -71.857224,-13.397246,4068.4 -71.857226,-13.397246,4068.4 -71.857228,-13.397246,4068.4 -71.857229,-13.397247,4068.4 -71.857233,-13.397247,4068.6 -71.857236,-13.397249,4068.8 -71.857239,-13.397251,4068.8 -71.857240,-13.397252,4069 -71.857240,-13.397252,4069 -71.857241,-13.397253,4069 -71.857241,-13.397253,4069 -71.857244,-13.397254,4069.2 -71.857245,-13.397253,4069.2 -71.857246,-13.397253,4069.2 -71.857246,-13.397253,4069.2 -71.857246,-13.397253,4069.2 -71.857246,-13.397253,4069.2 -71.857246,-13.397253,4069.2 -71.857246,-13.397253,4069.2 -71.857246,-13.397253,4069.2 -71.857246,-13.397253,4069.2 -71.857246,-13.397253,4069.2 -71.857246,-13.397253,4069.2 -71.857246,-13.397253,4069.2 -71.857246,-13.397252,4069.2 -71.857246,-13.397252,4069.2 -71.857247,-13.397252,4069.2 -71.857247,-13.397251,4069.2 -71.857247,-13.397251,4069.2 -71.857247,-13.397251,4069.2 -71.857247,-13.397250,4069.2 -71.857247,-13.397250,4069.2 -71.857247,-13.397249,4069.2 -71.857248,-13.397249,4069.2 -71.857248,-13.397248,4069.2 -71.857248,-13.397248,4069.2 -71.857248,-13.397247,4069.2 -71.857248,-13.397247,4069.2 -71.857249,-13.397247,4069.2 -71.857249,-13.397247,4069.2 -71.857249,-13.397247,4069.2 -71.857249,-13.397247,4069.2 -71.857249,-13.397246,4069.2 -71.857250,-13.397246,4069.2 -71.857250,-13.397246,4069.2 -71.857250,-13.397246,4069.2 -71.857250,-13.397246,4069.2 -71.857250,-13.397246,4069.2 -71.857250,-13.397246,4069.2 -71.857251,-13.397246,4069.2 -71.857250,-13.397246,4069.4 -71.857251,-13.397246,4069.4 -71.857251,-13.397246,4069.4 -71.857251,-13.397246,4069.4 -71.857251,-13.397246,4069.4 -71.857251,-13.397245,4069.4 -71.857251,-13.397246,4069.4 -71.857251,-13.397245,4069.4 -71.857251,-13.397246,4069.4 -71.857252,-13.397246,4069.4 -71.857252,-13.397245,4069.4 -71.857252,-13.397245,4069.4 -71.857252,-13.397245,4069.4 -71.857252,-13.397245,4069.4 -71.857252,-13.397245,4069.4 -71.857252,-13.397245,4069.4 -71.857252,-13.397245,4069.4 -71.857252,-13.397245,4069.4 -71.857252,-13.397245,4069.4 -71.857252,-13.397245,4069.4 -71.857252,-13.397245,4069.4 -71.857253,-13.397245,4069.4 -71.857253,-13.397245,4069.4 -71.857253,-13.397245,4069.4 -71.857253,-13.397245,4069.4 -71.857254,-13.397245,4069.4 -71.857256,-13.397246,4069.4 -71.857261,-13.397248,4069.4 -71.857265,-13.397251,4069.4 -71.857268,-13.397255,4069.6 -71.857272,-13.397259,4069.6 -71.857277,-13.397263,4069.6 -71.857281,-13.397269,4069.6 -71.857284,-13.397273,4069.8 -71.857286,-13.397277,4069.8 -71.857289,-13.397280,4069.8 -71.857290,-13.397283,4070 -71.857291,-13.397285,4070 -71.857292,-13.397285,4070 -71.857291,-13.397286,4070 -71.857291,-13.397286,4070 -71.857293,-13.397288,4070 -71.857293,-13.397290,4070 -71.857292,-13.397293,4070.2 -71.857291,-13.397295,4070.2 -71.857289,-13.397297,4070.2 -71.857289,-13.397299,4070.2 -71.857290,-13.397300,4070.2 -71.857292,-13.397301,4070.2 -71.857294,-13.397302,4070.2 -71.857296,-13.397305,4070.4 -71.857296,-13.397308,4070.6 -71.857296,-13.397313,4070.6 -71.857296,-13.397315,4070.8 -71.857297,-13.397316,4070.8 -71.857296,-13.397317,4071 -71.857298,-13.397318,4071 -71.857299,-13.397319,4071 -71.857303,-13.397322,4071.2 -71.857303,-13.397326,4071.4 -71.857304,-13.397332,4071.4 -71.857305,-13.397337,4071.6 -71.857304,-13.397342,4071.6 -71.857304,-13.397344,4071.6 -71.857309,-13.397345,4071.6 -71.857313,-13.397347,4071.8 -71.857316,-13.397348,4071.8 -71.857318,-13.397350,4072 -71.857320,-13.397352,4072 -71.857323,-13.397353,4072 -71.857326,-13.397353,4072 -71.857327,-13.397353,4072 -71.857328,-13.397352,4072 -71.857328,-13.397353,4072 -71.857328,-13.397352,4072.2 -71.857330,-13.397355,4072.2 -71.857333,-13.397356,4072.4 -71.857338,-13.397358,4072.8 -71.857340,-13.397359,4073 -71.857342,-13.397363,4073 -71.857346,-13.397366,4073.2 -71.857349,-13.397369,4073.4 -71.857352,-13.397372,4073.6 -71.857352,-13.397376,4073.8 -71.857354,-13.397380,4074 -71.857354,-13.397384,4074.2 -71.857356,-13.397389,4074.4 -71.857359,-13.397392,4074.6 -71.857360,-13.397394,4074.8 -71.857359,-13.397395,4074.8 -71.857359,-13.397395,4074.8 -71.857359,-13.397395,4075 -71.857359,-13.397395,4075 -71.857359,-13.397395,4075 -71.857358,-13.397394,4075 -71.857359,-13.397395,4075 -71.857358,-13.397394,4075 -71.857358,-13.397394,4075.2 -71.857358,-13.397394,4075.2 -71.857359,-13.397394,4075.2 -71.857359,-13.397393,4075.2 -71.857359,-13.397393,4075.2 -71.857359,-13.397393,4075.2 -71.857359,-13.397393,4075.2 -71.857359,-13.397392,4075.2 -71.857359,-13.397392,4075.2 -71.857359,-13.397392,4075.2 -71.857359,-13.397392,4075.2 -71.857359,-13.397392,4075.2 -71.857359,-13.397391,4075.2 -71.857361,-13.397391,4075.2 -71.857366,-13.397391,4075.2 -71.857371,-13.397392,4075 -71.857378,-13.397399,4075 -71.857386,-13.397403,4075 -71.857393,-13.397406,4075 -71.857399,-13.397407,4075 -71.857405,-13.397408,4075 -71.857411,-13.397409,4074.8 -71.857419,-13.397408,4074.8 -71.857431,-13.397408,4075 -71.857441,-13.397406,4074.8 -71.857448,-13.397404,4075 -71.857453,-13.397405,4074.8 -71.857461,-13.397408,4075 -71.857469,-13.397411,4075.2 -71.857478,-13.397415,4075.2 -71.857487,-13.397418,4075.4 -71.857493,-13.397419,4075.4 -71.857500,-13.397421,4075.4 -71.857507,-13.397423,4075.4 -71.857515,-13.397425,4075.6 -71.857522,-13.397426,4075.6 -71.857531,-13.397427,4075.6 -71.857538,-13.397429,4075.6 -71.857545,-13.397434,4075.8 -71.857554,-13.397440,4075.8 -71.857565,-13.397444,4075.8 -71.857575,-13.397447,4075.8 -71.857583,-13.397451,4076 -71.857593,-13.397455,4076 -71.857604,-13.397458,4076.2 -71.857613,-13.397464,4076 -71.857620,-13.397470,4076 -71.857627,-13.397476,4076 -71.857633,-13.397477,4075.8 -71.857637,-13.397478,4075.8 -71.857642,-13.397487,4075.8 -71.857647,-13.397492,4075.6 -71.857655,-13.397498,4075.6 -71.857662,-13.397503,4075.4 -71.857673,-13.397504,4075.4 -71.857685,-13.397507,4075.2 -71.857694,-13.397511,4075.2 -71.857703,-13.397516,4075.2 -71.857712,-13.397520,4075.2 -71.857723,-13.397527,4075.2 -71.857733,-13.397532,4075.2 -71.857740,-13.397534,4075 -71.857746,-13.397538,4075 -71.857756,-13.397542,4075 -71.857764,-13.397544,4074.8 -71.857769,-13.397546,4074.8 -71.857772,-13.397550,4074.8 -71.857777,-13.397557,4074.8 -71.857786,-13.397564,4074.8 -71.857798,-13.397569,4074.8 -71.857809,-13.397572,4074.8 -71.857816,-13.397574,4074.8 -71.857821,-13.397576,4075 -71.857825,-13.397578,4075 -71.857827,-13.397580,4075 -71.857828,-13.397582,4075 -71.857828,-13.397584,4075 -71.857829,-13.397586,4075 -71.857829,-13.397584,4075 -71.857829,-13.397586,4075 -71.857829,-13.397584,4075 -71.857828,-13.397586,4075 -71.857829,-13.397584,4075 -71.857829,-13.397586,4075 -71.857829,-13.397584,4075 -71.857829,-13.397583,4075 -71.857829,-13.397582,4075 -71.857829,-13.397582,4075 -71.857829,-13.397582,4075 -71.857829,-13.397581,4075 -71.857829,-13.397581,4075 -71.857829,-13.397581,4075 -71.857829,-13.397581,4075 -71.857829,-13.397581,4075 -71.857829,-13.397580,4075.2 -71.857829,-13.397581,4075 -71.857829,-13.397580,4075.2 -71.857829,-13.397581,4075 -71.857829,-13.397580,4075.2 -71.857829,-13.397581,4075.2 -71.857829,-13.397579,4075.2 -71.857829,-13.397580,4075.2 -71.857829,-13.397579,4075.2 -71.857829,-13.397581,4075.2 -71.857829,-13.397579,4075.2 -71.857829,-13.397581,4075.2 -71.857829,-13.397581,4075.2 -71.857829,-13.397582,4075.2 -71.857833,-13.397583,4075.2 -71.857846,-13.397587,4075.4 -71.857861,-13.397592,4075.6 -71.857873,-13.397595,4075.8 -71.857880,-13.397598,4075.8 -71.857885,-13.397602,4076 -71.857892,-13.397608,4076.2 -71.857898,-13.397614,4076.2 -71.857908,-13.397616,4076.4 -71.857920,-13.397618,4076.4 -71.857928,-13.397622,4076.6 -71.857935,-13.397626,4076.8 -71.857940,-13.397627,4076.8 -71.857945,-13.397627,4077 -71.857950,-13.397627,4077 -71.857957,-13.397627,4077.2 -71.857963,-13.397625,4077.4 -71.857970,-13.397624,4077.4 -71.857979,-13.397621,4077.6 -71.857985,-13.397620,4077.8 -71.857992,-13.397627,4078 -71.857999,-13.397629,4078.2 -71.858005,-13.397628,4078.2 -71.858010,-13.397629,4078.4 -71.858015,-13.397630,4078.6 -71.858019,-13.397631,4078.6 -71.858020,-13.397631,4078.8 -71.858020,-13.397632,4078.8 -71.858019,-13.397633,4078.8 -71.858019,-13.397633,4078.8 -71.858019,-13.397633,4078.8 -71.858019,-13.397633,4078.8 -71.858019,-13.397633,4079 -71.858019,-13.397633,4078.8 -71.858021,-13.397631,4079 -71.858026,-13.397632,4079 -71.858032,-13.397630,4079.2 -71.858037,-13.397630,4079.4 -71.858039,-13.397631,4079.4 -71.858042,-13.397630,4079.4 -71.858047,-13.397629,4079.4 -71.858054,-13.397627,4079.6 -71.858059,-13.397626,4079.6 -71.858064,-13.397627,4079.8 -71.858069,-13.397629,4079.8 -71.858075,-13.397633,4079.8 -71.858080,-13.397639,4080 -71.858089,-13.397642,4080 -71.858096,-13.397646,4080 -71.858101,-13.397651,4080.2 -71.858108,-13.397655,4080.2 -71.858113,-13.397657,4080.2 -71.858120,-13.397661,4080.4 -71.858126,-13.397664,4080.4 -71.858130,-13.397667,4080.6 -71.858134,-13.397670,4080.6 -71.858140,-13.397676,4080.4 -71.858147,-13.397683,4080.6 -71.858149,-13.397685,4080.6 -71.858152,-13.397691,4080.6 -71.858156,-13.397694,4080.6 -71.858158,-13.397696,4080.8 -71.858159,-13.397698,4080.8 -71.858160,-13.397700,4080.8 -71.858161,-13.397704,4080.8 -71.858161,-13.397702,4080.8 -71.858168,-13.397706,4080.6 -71.858174,-13.397711,4080.6 -71.858177,-13.397714,4080.4 -71.858179,-13.397714,4080.2 -71.858179,-13.397715,4080.2 -71.858184,-13.397718,4080.2 -71.858183,-13.397718,4080.2 -71.858190,-13.397725,4080 -71.858192,-13.397734,4079.8 -71.858197,-13.397743,4079.8 -71.858202,-13.397751,4079.6 -71.858207,-13.397757,4079.6 -71.858212,-13.397763,4079.6 -71.858218,-13.397769,4079.6 -71.858221,-13.397773,4079.6 -71.858224,-13.397778,4079.4 -71.858231,-13.397786,4079.4 -71.858237,-13.397791,4079.4 -71.858238,-13.397798,4079.4 -71.858234,-13.397807,4079.2 -71.858232,-13.397815,4079.2 -71.858228,-13.397826,4079.2 -71.858223,-13.397836,4079.2 -71.858217,-13.397843,4079 -71.858212,-13.397853,4079.2 -71.858209,-13.397862,4079.2 -71.858208,-13.397873,4079.2 -71.858208,-13.397884,4079.4 -71.858207,-13.397892,4079.4 -71.858206,-13.397898,4079.2 -71.858204,-13.397905,4079.2 -71.858197,-13.397913,4079.4 -71.858190,-13.397920,4079.4 -71.858185,-13.397925,4079.6 -71.858181,-13.397929,4079.6 -71.858177,-13.397936,4079.8 -71.858174,-13.397942,4080 -71.858173,-13.397947,4080 -71.858170,-13.397956,4080.2 -71.858169,-13.397965,4080.2 -71.858170,-13.397973,4080.4 -71.858170,-13.397982,4080.4 -71.858172,-13.397990,4080.6 -71.858174,-13.397996,4080.6 -71.858176,-13.398003,4080.8 -71.858177,-13.398011,4081 -71.858178,-13.398018,4081 -71.858178,-13.398025,4081.2 -71.858178,-13.398031,4081.4 -71.858176,-13.398037,4081.6 -71.858173,-13.398041,4081.8 -71.858169,-13.398048,4081.8 -71.858161,-13.398053,4082 -71.858153,-13.398057,4082 -71.858146,-13.398061,4082 -71.858140,-13.398063,4082.2 -71.858135,-13.398066,4082.4 -71.858131,-13.398069,4082.4 -71.858126,-13.398072,4082.6 -71.858125,-13.398077,4082.2 -71.858120,-13.398080,4082.2 -71.858117,-13.398083,4082.2 -71.858115,-13.398087,4082.2 -71.858109,-13.398092,4082 -71.858102,-13.398099,4082 -71.858097,-13.398105,4082 -71.858094,-13.398107,4082 -71.858094,-13.398107,4082 -71.858092,-13.398107,4082 -71.858091,-13.398107,4082 -71.858091,-13.398108,4082 -71.858088,-13.398110,4082 -71.858085,-13.398117,4082 -71.858084,-13.398122,4082.2 -71.858082,-13.398125,4082.2 -71.858080,-13.398128,4082.4 -71.858079,-13.398132,4082.6 -71.858078,-13.398138,4082.8 -71.858077,-13.398146,4082.8 -71.858075,-13.398152,4083 -71.858073,-13.398157,4083.2 -71.858072,-13.398162,4083.2 -71.858071,-13.398167,4083.4 -71.858071,-13.398173,4083.6 -71.858069,-13.398179,4083.6 -71.858068,-13.398185,4083.8 -71.858066,-13.398191,4083.8 -71.858062,-13.398198,4084 -71.858059,-13.398206,4084 -71.858058,-13.398211,4084.2 -71.858055,-13.398216,4084.2 -71.858054,-13.398217,4084.4 -71.858055,-13.398217,4084.4 -71.858055,-13.398217,4084.4 -71.858055,-13.398217,4084.4 -71.858055,-13.398217,4084.4 -71.858055,-13.398217,4084.4 -71.858055,-13.398217,4084.4 -71.858055,-13.398217,4084.4 -71.858055,-13.398218,4084.6 -71.858055,-13.398217,4084.6 -71.858054,-13.398218,4084.6 -71.858055,-13.398217,4084.6 -71.858054,-13.398218,4084.6 -71.858055,-13.398217,4084.6 -71.858054,-13.398218,4084.6 -71.858055,-13.398217,4084.6 -71.858054,-13.398217,4084.6 -71.858055,-13.398217,4084.6 -71.858054,-13.398217,4084.6 -71.858055,-13.398217,4084.6 -71.858054,-13.398217,4084.6 -71.858054,-13.398217,4084.6 -71.858054,-13.398217,4084.6 -71.858054,-13.398217,4084.6 -71.858054,-13.398217,4084.6 -71.858054,-13.398217,4084.6 -71.858054,-13.398217,4084.6 -71.858054,-13.398217,4084.6 -71.858054,-13.398217,4084.6 -71.858054,-13.398217,4084.6 -71.858054,-13.398217,4084.6 -71.858054,-13.398217,4084.6 -71.858055,-13.398218,4084.6 -71.858054,-13.398217,4084.6 -71.858054,-13.398223,4084.6 -71.858056,-13.398233,4084.6 -71.858058,-13.398240,4084.6 -71.858056,-13.398249,4084.8 -71.858057,-13.398257,4084.8 -71.858059,-13.398262,4084.8 -71.858061,-13.398267,4085 -71.858062,-13.398272,4085 -71.858062,-13.398278,4085 -71.858064,-13.398289,4085 -71.858066,-13.398297,4085.2 -71.858067,-13.398305,4085.2 -71.858069,-13.398313,4085.2 -71.858069,-13.398320,4085.2 -71.858069,-13.398327,4085.4 -71.858070,-13.398334,4085.4 -71.858072,-13.398339,4085.6 -71.858074,-13.398343,4085.6 -71.858077,-13.398349,4085.6 -71.858076,-13.398354,4085.8 -71.858074,-13.398359,4085.8 -71.858073,-13.398365,4085.8 -71.858074,-13.398372,4085.8 -71.858076,-13.398382,4086 -71.858077,-13.398391,4086 -71.858079,-13.398401,4086 -71.858081,-13.398411,4086 -71.858083,-13.398418,4086 -71.858083,-13.398426,4086 -71.858086,-13.398434,4086.2 -71.858088,-13.398441,4086.2 -71.858091,-13.398447,4086.2 -71.858094,-13.398453,4086.4 -71.858097,-13.398460,4086.4 -71.858099,-13.398466,4086.4 -71.858102,-13.398472,4086.4 -71.858103,-13.398475,4086.6 -71.858104,-13.398477,4086.6 -71.858104,-13.398478,4086.6 -71.858103,-13.398479,4086.6 -71.858104,-13.398478,4086.6 -71.858103,-13.398479,4086.6 -71.858103,-13.398479,4086.6 -71.858103,-13.398480,4086.6 -71.858103,-13.398480,4086.6 -71.858103,-13.398481,4086.6 -71.858107,-13.398487,4086.8 -71.858108,-13.398492,4086.6 -71.858112,-13.398498,4086.6 -71.858117,-13.398503,4086.6 -71.858121,-13.398506,4086.6 -71.858126,-13.398507,4086.6 -71.858129,-13.398511,4086.6 -71.858131,-13.398518,4086.6 -71.858133,-13.398524,4086.4 -71.858133,-13.398529,4086.4 -71.858134,-13.398535,4086.4 -71.858135,-13.398541,4086.4 -71.858134,-13.398549,4086.4 -71.858134,-13.398556,4086.4 -71.858135,-13.398561,4086.4 -71.858138,-13.398567,4086.4 -71.858138,-13.398571,4086.4 -71.858138,-13.398575,4086.2 -71.858137,-13.398579,4086.2 -71.858139,-13.398582,4086.2 -71.858141,-13.398586,4086.2 -71.858143,-13.398589,4086.2 -71.858144,-13.398590,4086.2 -71.858146,-13.398593,4086.2 -71.858146,-13.398595,4086.2 -71.858148,-13.398599,4086.4 -71.858148,-13.398600,4086.4 -71.858150,-13.398601,4086.2 -71.858151,-13.398603,4086.4 -71.858153,-13.398605,4086.4 -71.858154,-13.398607,4086.4 -71.858153,-13.398608,4086.4 -71.858151,-13.398610,4086.4 -71.858148,-13.398614,4086.4 -71.858147,-13.398618,4086.4 -71.858146,-13.398624,4086.4 -71.858145,-13.398631,4086.4 -71.858144,-13.398636,4086.4 -71.858143,-13.398640,4086.4 -71.858143,-13.398643,4086.4 -71.858143,-13.398647,4086.6 -71.858142,-13.398651,4086.6 -71.858142,-13.398655,4086.6 -71.858141,-13.398659,4086.6 -71.858140,-13.398664,4086.8 -71.858137,-13.398668,4086.8 -71.858135,-13.398673,4086.8 -71.858134,-13.398675,4087 -71.858135,-13.398676,4087 -71.858136,-13.398677,4087.2 -71.858135,-13.398678,4087.2 -71.858136,-13.398681,4087.2 -71.858135,-13.398685,4087.2 -71.858134,-13.398691,4087.4 -71.858133,-13.398698,4087.6 -71.858131,-13.398702,4087.6 -71.858129,-13.398706,4087.8 -71.858128,-13.398708,4087.8 -71.858126,-13.398711,4088 -71.858126,-13.398714,4088.2 -71.858123,-13.398716,4088.2 -71.858122,-13.398717,4088.2 -71.858122,-13.398718,4088.4 -71.858121,-13.398718,4088.2 -71.858121,-13.398718,4088.4 -71.858120,-13.398718,4088.4 -71.858120,-13.398718,4088.4 -71.858120,-13.398718,4088.4 -71.858121,-13.398721,4088.4 -71.858122,-13.398725,4088.4 -71.858123,-13.398730,4088.4 -71.858123,-13.398734,4088.4 -71.858127,-13.398737,4088.4 -71.858130,-13.398741,4088.4 -71.858131,-13.398742,4088.4 -71.858134,-13.398745,4088.6 -71.858134,-13.398749,4088.6 -71.858134,-13.398756,4088.6 -71.858137,-13.398761,4088.6 -71.858137,-13.398764,4088.8 -71.858137,-13.398767,4088.8 -71.858136,-13.398770,4089 -71.858138,-13.398774,4089 -71.858139,-13.398776,4089 -71.858138,-13.398777,4089.2 -71.858138,-13.398778,4089.2 -71.858137,-13.398779,4089.2 -71.858137,-13.398780,4089.2 -71.858137,-13.398780,4089.4 -71.858137,-13.398780,4089.4 -71.858138,-13.398780,4089.4 -71.858138,-13.398781,4089.4 -71.858138,-13.398787,4089.6 -71.858142,-13.398797,4089.8 -71.858145,-13.398802,4090 -71.858149,-13.398809,4090 -71.858155,-13.398814,4090.2 -71.858158,-13.398817,4090.2 -71.858160,-13.398817,4090.4 -71.858160,-13.398817,4090.4 -71.858160,-13.398818,4090.2 -71.858160,-13.398817,4090.4 -71.858160,-13.398818,4090.4 -71.858160,-13.398817,4090.4 -71.858159,-13.398818,4090.4 -71.858160,-13.398817,4090.4 -71.858160,-13.398819,4090.4 -71.858161,-13.398824,4090.4 -71.858158,-13.398833,4090.2 -71.858156,-13.398843,4090.2 -71.858155,-13.398852,4090.2 -71.858155,-13.398857,4090.2 -71.858156,-13.398857,4090.2 -71.858156,-13.398857,4090.2 -71.858157,-13.398858,4090.2 -71.858156,-13.398857,4090.2 -71.858157,-13.398858,4090.2 -71.858156,-13.398857,4090.2 -71.858157,-13.398858,4090.2 -71.858156,-13.398857,4090.2 -71.858157,-13.398858,4090.2 -71.858156,-13.398857,4090.2 -71.858157,-13.398859,4090.2 -71.858156,-13.398857,4090.2 -71.858157,-13.398859,4090.2 -71.858156,-13.398857,4090.2 -71.858157,-13.398859,4090.2 -71.858156,-13.398858,4090.2 -71.858157,-13.398859,4090.2 -71.858157,-13.398860,4090.2 -71.858157,-13.398864,4090.2 -71.858158,-13.398867,4090.2 -71.858157,-13.398869,4090.2 -71.858154,-13.398872,4090.2 -71.858148,-13.398878,4090 -71.858144,-13.398886,4090 -71.858143,-13.398898,4090 -71.858142,-13.398910,4090 -71.858142,-13.398920,4090 -71.858142,-13.398929,4090 -71.858142,-13.398937,4090.2 -71.858141,-13.398944,4090.2 -71.858137,-13.398953,4090.2 -71.858133,-13.398965,4090.8 -71.858133,-13.398973,4091 -71.858129,-13.398979,4091.4 -71.858125,-13.398987,4091.4 -71.858123,-13.398997,4091.8 -71.858123,-13.399008,4092 -71.858123,-13.399014,4092.2 -71.858121,-13.399019,4092.2 -71.858122,-13.399026,4092.6 -71.858122,-13.399030,4092.6 -71.858122,-13.399031,4092.8 -71.858122,-13.399031,4092.8 -71.858121,-13.399030,4092.8 -71.858121,-13.399031,4093 -71.858121,-13.399030,4093 -71.858121,-13.399030,4093 -71.858121,-13.399030,4093 -71.858120,-13.399031,4093 -71.858121,-13.399030,4093 -71.858120,-13.399031,4093 -71.858121,-13.399031,4093 -71.858120,-13.399031,4093 -71.858121,-13.399031,4093 -71.858120,-13.399031,4093 -71.858121,-13.399031,4093 -71.858120,-13.399031,4093 -71.858121,-13.399031,4093 -71.858120,-13.399031,4093 -71.858121,-13.399031,4093 -71.858120,-13.399031,4093 -71.858121,-13.399031,4093 -71.858120,-13.399031,4093 -71.858121,-13.399031,4093 -71.858120,-13.399031,4093 -71.858120,-13.399031,4093 -71.858120,-13.399031,4093 -71.858120,-13.399031,4093 -71.858120,-13.399031,4093 -71.858120,-13.399031,4093 -71.858120,-13.399031,4093 -71.858120,-13.399031,4093 -71.858120,-13.399031,4093 -71.858120,-13.399031,4093 -71.858120,-13.399031,4093 -71.858120,-13.399031,4093 -71.858120,-13.399031,4093 -71.858120,-13.399031,4093 -71.858121,-13.399034,4093 -71.858120,-13.399042,4093.2 -71.858118,-13.399052,4093.4 -71.858117,-13.399061,4093.4 -71.858116,-13.399067,4093.4 -71.858114,-13.399072,4093.6 -71.858111,-13.399078,4093.6 -71.858108,-13.399084,4093.8 -71.858107,-13.399093,4094 -71.858105,-13.399100,4094 -71.858105,-13.399108,4094 -71.858104,-13.399116,4094.2 -71.858102,-13.399121,4094.4 -71.858100,-13.399127,4094.4 -71.858098,-13.399136,4094.6 -71.858097,-13.399143,4094.6 -71.858097,-13.399150,4094.6 -71.858097,-13.399156,4094.8 -71.858096,-13.399162,4094.8 -71.858096,-13.399166,4095 -71.858095,-13.399167,4095 -71.858095,-13.399168,4095 -71.858094,-13.399169,4095 -71.858094,-13.399168,4095.2 -71.858094,-13.399169,4095 -71.858093,-13.399173,4095.2 -71.858091,-13.399179,4095.4 -71.858088,-13.399185,4095.4 -71.858086,-13.399191,4095.6 -71.858083,-13.399197,4095.6 -71.858082,-13.399202,4095.6 -71.858081,-13.399206,4095.6 -71.858079,-13.399212,4095.8 -71.858075,-13.399219,4095.8 -71.858073,-13.399224,4096 -71.858074,-13.399229,4096 -71.858075,-13.399234,4096.2 -71.858075,-13.399238,4096.2 -71.858080,-13.399238,4096.4 -71.858083,-13.399238,4096.4 -71.858086,-13.399239,4096.6 -71.858089,-13.399240,4096.6 -71.858089,-13.399243,4096.6 -71.858090,-13.399247,4096.6 -71.858088,-13.399250,4096.6 -71.858085,-13.399257,4096.8 -71.858082,-13.399265,4096.8 -71.858080,-13.399271,4096.8 -71.858080,-13.399276,4096.8 -71.858080,-13.399279,4096.8 -71.858084,-13.399280,4096.8 -71.858086,-13.399280,4096.8 -71.858089,-13.399280,4096.8 -71.858090,-13.399280,4097 -71.858092,-13.399280,4097 -71.858095,-13.399281,4097 -71.858098,-13.399284,4097 -71.858099,-13.399286,4097 -71.858099,-13.399291,4097 -71.858097,-13.399297,4097.2 -71.858097,-13.399302,4097.2 -71.858097,-13.399304,4097.4 -71.858097,-13.399306,4097.4 -71.858097,-13.399308,4097.4 -71.858097,-13.399308,4097.4 -71.858096,-13.399312,4097.6 -71.858094,-13.399317,4097.6 -71.858092,-13.399323,4097.6 -71.858089,-13.399327,4097.6 -71.858083,-13.399334,4097.8 -71.858079,-13.399341,4097.8 -71.858077,-13.399347,4097.8 -71.858075,-13.399352,4098 -71.858072,-13.399359,4098 -71.858070,-13.399367,4098 -71.858070,-13.399370,4098.2 -71.858070,-13.399371,4098.2 -71.858069,-13.399371,4098.2 -71.858069,-13.399372,4098.2 -71.858069,-13.399371,4098.2 -71.858069,-13.399372,4098.2 -71.858069,-13.399372,4098.2 -71.858069,-13.399372,4098.2 -71.858069,-13.399372,4098.2 -71.858068,-13.399372,4098.2 -71.858069,-13.399372,4098.2 -71.858069,-13.399372,4098.2 -71.858069,-13.399372,4098.2 -71.858069,-13.399372,4098.2 -71.858069,-13.399373,4098.2 -71.858069,-13.399374,4098.2 -71.858069,-13.399373,4098.2 -71.858069,-13.399374,4098.2 -71.858069,-13.399374,4098.2 -71.858069,-13.399374,4098.2 -71.858069,-13.399374,4098.2 -71.858070,-13.399374,4098.2 -71.858071,-13.399369,4098.2 -71.858071,-13.399362,4098.2 -71.858073,-13.399358,4098.2 -71.858074,-13.399355,4098.2 -71.858078,-13.399354,4098.2 -71.858085,-13.399355,4098.2 -71.858092,-13.399355,4098.2 -71.858097,-13.399356,4098.2 -71.858101,-13.399356,4098.2 -71.858104,-13.399358,4098.2 -71.858104,-13.399361,4098.2 -71.858105,-13.399363,4098.4 -71.858105,-13.399368,4098.4 -71.858109,-13.399370,4098.4 -71.858111,-13.399374,4098.4 -71.858112,-13.399377,4098.4 -71.858114,-13.399381,4098.4 -71.858116,-13.399382,4098.4 -71.858120,-13.399385,4098.4 -71.858124,-13.399386,4098.4 -71.858127,-13.399387,4098.4 -71.858128,-13.399387,4098.4 -71.858128,-13.399386,4098.4 -71.858129,-13.399386,4098.6 -71.858129,-13.399387,4098.6 -71.858129,-13.399386,4098.6 -71.858129,-13.399386,4098.6 -71.858129,-13.399386,4098.6 -71.858129,-13.399386,4098.6 -71.858129,-13.399386,4098.6 -71.858129,-13.399386,4098.6 -71.858129,-13.399386,4098.6 -71.858129,-13.399386,4098.6 -71.858129,-13.399386,4098.6 -71.858131,-13.399389,4098.6 -71.858132,-13.399394,4098.6 -71.858133,-13.399399,4098.6 -71.858135,-13.399405,4098.6 -71.858138,-13.399410,4098.6 -71.858140,-13.399415,4098.6 -71.858142,-13.399418,4098.6 -71.858145,-13.399419,4098.6 -71.858146,-13.399420,4098.6 -71.858147,-13.399417,4098.6 -71.858147,-13.399422,4098.6 -71.858147,-13.399418,4098.6 -71.858147,-13.399422,4098.6 -71.858148,-13.399422,4098.6 -71.858147,-13.399423,4098.6 -71.858148,-13.399427,4098.6 -71.858151,-13.399431,4098.6 -71.858153,-13.399434,4098.6 -71.858154,-13.399436,4098.6 -71.858156,-13.399437,4098.6 -71.858157,-13.399438,4098.6 -71.858157,-13.399436,4098.6 -71.858158,-13.399437,4098.6 -71.858160,-13.399434,4098.8 -71.858165,-13.399431,4098.8 -71.858167,-13.399430,4099 -71.858167,-13.399430,4099 -71.858167,-13.399429,4099 -71.858168,-13.399428,4099 -71.858168,-13.399428,4099.2 -71.858169,-13.399428,4099.2 -71.858170,-13.399428,4099.2 -71.858170,-13.399428,4099.2 -71.858173,-13.399428,4099.2 -71.858175,-13.399426,4099.2 -71.858180,-13.399424,4099.2 -71.858182,-13.399422,4099.2 -71.858184,-13.399421,4099.2 -71.858186,-13.399421,4099.2 -71.858189,-13.399421,4099.2 -71.858190,-13.399421,4099.4 -71.858191,-13.399421,4099.4 -71.858192,-13.399421,4099.4 -71.858192,-13.399421,4099.4 -71.858192,-13.399421,4099.4 -71.858192,-13.399421,4099.4 -71.858192,-13.399421,4099.4 -71.858192,-13.399421,4099.4 -71.858193,-13.399421,4099.4 -71.858193,-13.399422,4099.4 -71.858193,-13.399422,4099.4 -71.858196,-13.399423,4099.4 -71.858195,-13.399423,4099.4 -71.858198,-13.399424,4099.4 -71.858200,-13.399425,4099.4 -71.858202,-13.399425,4099.4 -71.858200,-13.399425,4099.4 -71.858199,-13.399425,4099.4 -71.858199,-13.399426,4099.4 -71.858203,-13.399424,4099.4 -71.858205,-13.399425,4099.4 -71.858207,-13.399426,4099.4 -71.858209,-13.399426,4099.4 -71.858210,-13.399426,4099.6 -71.858212,-13.399426,4099.6 -71.858214,-13.399425,4099.6 -71.858215,-13.399425,4099.6 -71.858218,-13.399425,4099.6 -71.858220,-13.399427,4099.6 -71.858223,-13.399429,4099.8 -71.858225,-13.399430,4099.8 -71.858227,-13.399432,4099.8 -71.858229,-13.399431,4099.8 -71.858229,-13.399432,4099.8 -71.858230,-13.399432,4099.8 -71.858230,-13.399433,4099.8 -71.858230,-13.399434,4099.8 -71.858231,-13.399436,4100 -71.858230,-13.399441,4100.2 -71.858229,-13.399443,4100.2 -71.858229,-13.399444,4100.2 -71.858229,-13.399448,4100.2 -71.858228,-13.399451,4100.4 -71.858228,-13.399453,4100.4 -71.858228,-13.399454,4100.4 -71.858228,-13.399453,4100.4 -71.858227,-13.399454,4100.6 -71.858226,-13.399454,4100.6 -71.858226,-13.399455,4100.6 -71.858228,-13.399457,4100.4 -71.858229,-13.399459,4100.6 -71.858230,-13.399461,4100.6 -71.858231,-13.399461,4100.6 -71.858231,-13.399461,4100.6 -71.858231,-13.399461,4100.6 -71.858231,-13.399461,4100.6 -71.858231,-13.399461,4100.6 -71.858232,-13.399463,4100.6 -71.858238,-13.399464,4100.6 -71.858239,-13.399464,4100.8 -71.858242,-13.399464,4100.8 -71.858246,-13.399465,4100.8 -71.858248,-13.399466,4100.8 -71.858249,-13.399466,4100.8 -71.858251,-13.399466,4100.8 -71.858251,-13.399465,4100.8 -71.858250,-13.399464,4100.8 -71.858251,-13.399465,4100.8 -71.858250,-13.399464,4100.8 -71.858251,-13.399465,4100.8 -71.858252,-13.399466,4100.8 -71.858253,-13.399467,4100.8 -71.858254,-13.399468,4101.2 -71.858253,-13.399468,4101.4 -71.858255,-13.399468,4101.2 -71.858258,-13.399468,4101.2 -71.858257,-13.399468,4101.4 -71.858260,-13.399468,4101.4 -71.858258,-13.399468,4101.4 -71.858259,-13.399469,4101.4 -71.858260,-13.399469,4101.4 -71.858260,-13.399468,4101.4 -71.858261,-13.399469,4101.4 -71.858261,-13.399468,4101.4 -71.858261,-13.399468,4101.4 -71.858261,-13.399467,4101.4 -71.858261,-13.399467,4101.4 -71.858261,-13.399467,4101.4 -71.858261,-13.399467,4101.4 -71.858260,-13.399467,4101.4 -71.858260,-13.399467,4101.4 -71.858263,-13.399464,4101.6 -71.858263,-13.399465,4101.6 -71.858263,-13.399464,4101.6 -71.858264,-13.399465,4101.6 -71.858264,-13.399465,4101.6 -71.858266,-13.399466,4101.6 -71.858267,-13.399466,4101.6 -71.858268,-13.399466,4101.6 -71.858268,-13.399465,4101.6 -71.858269,-13.399465,4101.6 -71.858270,-13.399465,4101.6 -71.858273,-13.399464,4101.8 -71.858275,-13.399463,4101.8 -71.858275,-13.399463,4101.8 -71.858275,-13.399462,4101.8 -71.858275,-13.399462,4101.8 -71.858276,-13.399463,4101.8 -71.858275,-13.399462,4101.8 -71.858274,-13.399462,4101.8 -71.858275,-13.399461,4101.6 -71.858275,-13.399461,4101.6 -71.858275,-13.399460,4101.6 -71.858275,-13.399460,4101.6 -71.858275,-13.399460,4101.8 -71.858276,-13.399460,4102 -71.858277,-13.399459,4102 -71.858278,-13.399459,4102 -71.858279,-13.399459,4102 -71.858280,-13.399458,4102 -71.858283,-13.399458,4102.2 -71.858286,-13.399458,4102.2 -71.858287,-13.399457,4102.2 -71.858287,-13.399458,4102.2 -71.858291,-13.399463,4102.4 -71.858291,-13.399462,4102.4 -71.858294,-13.399465,4102.4 -71.858299,-13.399468,4102.4 -71.858302,-13.399469,4102.2 -71.858306,-13.399471,4102.4 -71.858308,-13.399474,4102.6 -71.858309,-13.399477,4102.6 -71.858310,-13.399478,4102.6 -71.858310,-13.399477,4102.8 -71.858311,-13.399477,4102.8 -71.858312,-13.399477,4102.8 -71.858312,-13.399478,4102.8 -71.858312,-13.399477,4102.8 -71.858312,-13.399478,4102.8 -71.858312,-13.399477,4102.8 -71.858311,-13.399478,4102.8 -71.858311,-13.399478,4102.8 -71.858310,-13.399478,4102.8 -71.858311,-13.399478,4102.8 -71.858310,-13.399478,4102.8 -71.858311,-13.399477,4102.8 -71.858310,-13.399478,4102.8 -71.858311,-13.399477,4102.8 -71.858312,-13.399481,4102.8 -71.858312,-13.399482,4102.8 -71.858312,-13.399482,4102.8 -71.858312,-13.399482,4102.8 -71.858312,-13.399482,4102.8 -71.858312,-13.399482,4102.8 -71.858312,-13.399483,4102.8 -71.858313,-13.399489,4102.6 -71.858316,-13.399495,4102.8 -71.858318,-13.399497,4102.8 -71.858322,-13.399506,4103 -71.858326,-13.399515,4103.2 -71.858329,-13.399520,4103.4 -71.858331,-13.399523,4103.4 -71.858332,-13.399525,4103.6 -71.858333,-13.399526,4103.6 -71.858333,-13.399527,4103.6 -71.858333,-13.399527,4103.6 -71.858332,-13.399527,4103.6 -71.858333,-13.399527,4103.8 -71.858335,-13.399527,4103.8 -71.858339,-13.399535,4103.8 -71.858341,-13.399539,4103.8 -71.858348,-13.399544,4104 -71.858354,-13.399549,4104.2 -71.858352,-13.399553,4104.2 -71.858354,-13.399554,4104.4 -71.858355,-13.399556,4104.4 -71.858354,-13.399558,4104.4 -71.858355,-13.399559,4104.6 -71.858353,-13.399560,4104.6 -71.858355,-13.399559,4104.6 -71.858356,-13.399558,4104.6 -71.858357,-13.399559,4104.4 -71.858358,-13.399563,4104.4 -71.858361,-13.399566,4104.6 -71.858364,-13.399572,4104.6 -71.858366,-13.399578,4104.6 -71.858369,-13.399582,4104.6 -71.858370,-13.399583,4104.6 -71.858370,-13.399584,4104.8 -71.858371,-13.399586,4104.8 -71.858369,-13.399591,4104.8 -71.858370,-13.399590,4104.8 -71.858368,-13.399594,4104.8 -71.858368,-13.399597,4104.8 -71.858367,-13.399604,4104.8 -71.858367,-13.399609,4104.6 -71.858370,-13.399617,4104.6 -71.858368,-13.399625,4104.4 -71.858367,-13.399640,4104.4 -71.858366,-13.399656,4104.6 -71.858365,-13.399665,4104.6 -71.858366,-13.399669,4104.6 -71.858366,-13.399670,4104.6 -71.858366,-13.399671,4104.8 -71.858366,-13.399671,4104.8 -71.858366,-13.399672,4104.8 -71.858367,-13.399673,4104.8 -71.858367,-13.399675,4104.8 -71.858368,-13.399676,4105 -71.858369,-13.399675,4105 -71.858370,-13.399674,4105 -71.858370,-13.399670,4105 -71.858370,-13.399669,4105 -71.858370,-13.399670,4105 -71.858370,-13.399669,4105 -71.858370,-13.399670,4105 -71.858370,-13.399666,4105 -71.858372,-13.399659,4105 -71.858374,-13.399653,4105.2 -71.858376,-13.399650,4105.2 -71.858376,-13.399649,4105.4 -71.858376,-13.399649,4105.4 -71.858379,-13.399649,4105.4 -71.858378,-13.399648,4105.4 -71.858380,-13.399644,4105.4 -71.858380,-13.399638,4105.6 -71.858381,-13.399632,4105.6 -71.858381,-13.399627,4105.8 -71.858384,-13.399625,4105.8 -71.858385,-13.399622,4106 -71.858387,-13.399618,4106.2 -71.858388,-13.399616,4106.2 -71.858390,-13.399615,4106.4 -71.858392,-13.399613,4106.4 -71.858394,-13.399612,4106.4 -71.858394,-13.399611,4106.6 -71.858397,-13.399611,4106.6 -71.858400,-13.399613,4106.8 -71.858404,-13.399615,4106.8 -71.858406,-13.399618,4106.8 -71.858408,-13.399619,4106.8 -71.858409,-13.399619,4106.8 -71.858409,-13.399619,4106.8 -71.858409,-13.399620,4107 -71.858409,-13.399620,4107 -71.858410,-13.399620,4107 -71.858410,-13.399620,4107 -71.858410,-13.399620,4107 -71.858410,-13.399619,4107 -71.858410,-13.399620,4107 -71.858414,-13.399619,4107 -71.858416,-13.399619,4107.2 -71.858420,-13.399614,4107.2 -71.858423,-13.399614,4107.2 -71.858425,-13.399613,4107.2 -71.858425,-13.399611,4107.2 -71.858427,-13.399609,4107.4 -71.858427,-13.399609,4107.4 -71.858427,-13.399607,4107.4 -71.858426,-13.399607,4107.4 -71.858426,-13.399607,4107.4 -71.858426,-13.399607,4107.4 -71.858426,-13.399607,4107.4 -71.858427,-13.399607,4107.4 -71.858427,-13.399607,4107.4 -71.858428,-13.399607,4107.4 -71.858429,-13.399606,4107.6 -71.858430,-13.399606,4107.6 -71.858430,-13.399606,4107.4 -71.858431,-13.399605,4107.6 -71.858431,-13.399604,4107.4 -71.858433,-13.399603,4107.6 -71.858434,-13.399603,4107.6 -71.858434,-13.399602,4107.6 -71.858434,-13.399601,4107.8 -71.858435,-13.399600,4107.8 -71.858434,-13.399600,4107.8 -71.858435,-13.399601,4107.8 -71.858436,-13.399600,4107.8 -71.858436,-13.399602,4107.8 -71.858437,-13.399601,4107.6 -71.858440,-13.399599,4107.8 -71.858442,-13.399598,4107.8 -71.858441,-13.399597,4107.8 -71.858442,-13.399597,4107.8 -71.858442,-13.399597,4107.8 -71.858443,-13.399596,4107.8 -71.858443,-13.399596,4107.8 -71.858444,-13.399596,4107.8 -71.858444,-13.399595,4107.8 -71.858445,-13.399595,4107.8 -71.858445,-13.399595,4107.8 -71.858446,-13.399595,4107.8 -71.858446,-13.399594,4107.8 -71.858447,-13.399594,4107.8 -71.858446,-13.399593,4107.8 -71.858446,-13.399593,4107.8 -71.858446,-13.399592,4107.8 -71.858447,-13.399592,4107.8 -71.858447,-13.399591,4107.8 -71.858448,-13.399591,4108 -71.858450,-13.399590,4108 -71.858450,-13.399590,4108 -71.858450,-13.399590,4108 -71.858451,-13.399590,4108 -71.858451,-13.399589,4108 -71.858452,-13.399589,4108 -71.858451,-13.399588,4108 -71.858452,-13.399587,4108.2 -71.858453,-13.399587,4108.2 -71.858454,-13.399586,4108.2 -71.858454,-13.399586,4108.2 -71.858454,-13.399586,4108.2 -71.858454,-13.399587,4108.2 -71.858453,-13.399586,4108.2 -71.858454,-13.399586,4108.2 -71.858453,-13.399585,4108.2 -71.858453,-13.399584,4108.2 -71.858453,-13.399584,4108.2 -71.858454,-13.399583,4108.2 -71.858455,-13.399583,4108.2 -71.858454,-13.399583,4108.2 -71.858455,-13.399581,4108.2 -71.858456,-13.399579,4108.2 -71.858458,-13.399577,4108.2 -71.858459,-13.399577,4108.2 -71.858462,-13.399576,4108.2 -71.858462,-13.399575,4108.4 -71.858464,-13.399575,4108.4 -71.858463,-13.399576,4108.4 -71.858463,-13.399576,4108.4 -71.858462,-13.399576,4108.4 -71.858462,-13.399576,4108.4 -71.858463,-13.399574,4108.4 -71.858464,-13.399574,4108.4 -71.858465,-13.399574,4108.4 -71.858466,-13.399573,4108.4 -71.858467,-13.399572,4108.4 -71.858467,-13.399573,4108.4 -71.858468,-13.399573,4108.4 -71.858468,-13.399572,4108.6 -71.858468,-13.399571,4108.6 -71.858470,-13.399572,4108.6 -71.858470,-13.399571,4108.6 -71.858470,-13.399570,4108.6 -71.858470,-13.399570,4108.6 -71.858470,-13.399570,4108.6 -71.858471,-13.399571,4108.6 -71.858472,-13.399570,4108.6 -71.858476,-13.399571,4108.8 -71.858477,-13.399571,4108.8 -71.858477,-13.399571,4108.8 -71.858478,-13.399571,4108.8 -71.858477,-13.399571,4108.8 -71.858478,-13.399571,4108.8 -71.858477,-13.399571,4108.8 -71.858477,-13.399571,4108.8 -71.858477,-13.399571,4108.8 -71.858477,-13.399572,4108.8 -71.858477,-13.399571,4108.8 -71.858477,-13.399572,4108.8 -71.858477,-13.399572,4108.8 -71.858481,-13.399575,4109.2 -71.858481,-13.399576,4109.2 -71.858482,-13.399577,4109.2 -71.858481,-13.399577,4109.2 -71.858481,-13.399577,4109.2 -71.858481,-13.399577,4109.2 -71.858481,-13.399577,4109.2 -71.858481,-13.399578,4109.4 -71.858481,-13.399578,4109.4 -71.858485,-13.399580,4109.6 -71.858488,-13.399582,4109.8 -71.858489,-13.399583,4110 -71.858490,-13.399583,4110 -71.858493,-13.399582,4110 -71.858495,-13.399581,4110.2 -71.858496,-13.399580,4110.2 -71.858497,-13.399580,4110.2 -71.858498,-13.399580,4110.2 -71.858498,-13.399581,4110.4 -71.858499,-13.399580,4110.4 -71.858498,-13.399580,4110.4 -71.858498,-13.399581,4110.4 -71.858500,-13.399581,4110.6 -71.858500,-13.399581,4110.6 -71.858500,-13.399581,4110.6 -71.858500,-13.399579,4110.6 -71.858500,-13.399577,4110.8 -71.858501,-13.399576,4111 -71.858502,-13.399576,4111 -71.858502,-13.399576,4111 -71.858501,-13.399576,4111 -71.858502,-13.399576,4111 -71.858502,-13.399577,4111 -71.858503,-13.399576,4111 -71.858505,-13.399577,4111 -71.858508,-13.399578,4111.2 -71.858512,-13.399578,4111.2 -71.858516,-13.399574,4111.4 -71.858517,-13.399572,4111.6 -71.858521,-13.399571,4111.8 -71.858522,-13.399571,4112 -71.858523,-13.399571,4112 -71.858524,-13.399571,4112 -71.858526,-13.399570,4112.2 -71.858526,-13.399570,4112.2 -71.858527,-13.399570,4112.2 -71.858527,-13.399571,4112.2 -71.858528,-13.399570,4112.2 -71.858528,-13.399571,4112.2 -71.858528,-13.399570,4112.2 -71.858528,-13.399571,4112.2 -71.858528,-13.399570,4112.2 -71.858528,-13.399571,4112.2 -71.858529,-13.399570,4112.2 -71.858528,-13.399571,4112.2 -71.858529,-13.399569,4112.2 -71.858529,-13.399569,4112.2 -71.858529,-13.399568,4112.2 -71.858529,-13.399568,4112.2 -71.858531,-13.399570,4112.2 -71.858532,-13.399571,4112.2 -71.858534,-13.399573,4112.2 -71.858536,-13.399576,4112.4 -71.858536,-13.399577,4112.6 -71.858536,-13.399577,4112.6 -71.858536,-13.399578,4112.8 -71.858537,-13.399578,4112.8 -71.858536,-13.399578,4112.8 -71.858536,-13.399578,4112.8 -71.858540,-13.399579,4112.8 -71.858541,-13.399580,4113 -71.858546,-13.399580,4113 -71.858547,-13.399579,4113 -71.858550,-13.399577,4113 -71.858553,-13.399574,4113.2 -71.858558,-13.399568,4113.4 -71.858562,-13.399562,4113.6 -71.858563,-13.399560,4113.8 -71.858563,-13.399560,4113.8 -71.858561,-13.399561,4113.8 -71.858562,-13.399560,4113.8 -71.858561,-13.399560,4114 -71.858563,-13.399559,4114 -71.858564,-13.399559,4114 -71.858564,-13.399559,4114 -71.858563,-13.399559,4114 -71.858564,-13.399559,4114 -71.858563,-13.399559,4114 -71.858564,-13.399558,4114 -71.858564,-13.399559,4114 -71.858564,-13.399559,4114 -71.858564,-13.399559,4114 -71.858564,-13.399559,4114 -71.858564,-13.399560,4114 -71.858565,-13.399559,4114 -71.858564,-13.399559,4114 -71.858565,-13.399559,4114 -71.858565,-13.399558,4114 -71.858570,-13.399558,4114 -71.858572,-13.399557,4114 -71.858572,-13.399556,4114.2 -71.858573,-13.399556,4114.2 -71.858573,-13.399557,4114 -71.858573,-13.399557,4114 -71.858573,-13.399557,4114 -71.858574,-13.399557,4114 -71.858573,-13.399557,4114 -71.858574,-13.399557,4114 -71.858573,-13.399557,4114 -71.858574,-13.399557,4114 -71.858573,-13.399557,4114 -71.858574,-13.399557,4114 -71.858573,-13.399557,4114 -71.858574,-13.399557,4114 -71.858573,-13.399557,4114 -71.858574,-13.399557,4114 -71.858573,-13.399557,4114 -71.858573,-13.399558,4114 -71.858572,-13.399558,4114 -71.858576,-13.399559,4114.2 -71.858578,-13.399561,4114.2 -71.858580,-13.399564,4114.4 -71.858582,-13.399566,4114.4 -71.858584,-13.399568,4114.6 -71.858587,-13.399572,4114.8 -71.858590,-13.399573,4115 -71.858592,-13.399575,4115 -71.858596,-13.399576,4115.2 -71.858599,-13.399577,4115.4 -71.858603,-13.399577,4115.4 -71.858607,-13.399576,4115.6 -71.858610,-13.399576,4115.8 -71.858611,-13.399575,4116 -71.858613,-13.399575,4116.2 -71.858614,-13.399576,4116.4 -71.858614,-13.399576,4116.2 -71.858614,-13.399576,4116.4 -71.858614,-13.399576,4116.4 -71.858614,-13.399576,4116.4 -71.858614,-13.399576,4116.4 -71.858614,-13.399576,4116.4 -71.858614,-13.399576,4116.4 -71.858615,-13.399576,4116.4 -71.858614,-13.399576,4116.4 -71.858615,-13.399576,4116.4 -71.858614,-13.399576,4116.4 -71.858615,-13.399577,4116.4 -71.858616,-13.399577,4116.4 -71.858617,-13.399579,4116.6 -71.858617,-13.399579,4116.6 -71.858618,-13.399579,4116.6 -71.858617,-13.399584,4116.8 -71.858615,-13.399589,4116.8 -71.858617,-13.399593,4116.8 -71.858620,-13.399595,4117 -71.858623,-13.399596,4117 -71.858624,-13.399596,4117.2 -71.858628,-13.399598,4117.2 -71.858629,-13.399597,4117.4 -71.858631,-13.399597,4117.4 -71.858631,-13.399597,4117.6 -71.858632,-13.399596,4117.6 -71.858631,-13.399595,4117.6 -71.858632,-13.399595,4117.6 -71.858632,-13.399595,4117.6 -71.858633,-13.399595,4117.6 -71.858633,-13.399596,4117.4 -71.858634,-13.399600,4117.6 -71.858635,-13.399604,4117.6 -71.858635,-13.399607,4117.8 -71.858634,-13.399613,4117.8 -71.858633,-13.399618,4118 -71.858631,-13.399621,4118 -71.858631,-13.399624,4118.2 -71.858630,-13.399627,4118.4 -71.858629,-13.399631,4118.6 -71.858629,-13.399632,4118.6 -71.858629,-13.399633,4118.6 -71.858629,-13.399633,4118.6 -71.858629,-13.399633,4118.6 -71.858629,-13.399633,4118.6 -71.858629,-13.399633,4118.6 -71.858628,-13.399633,4118.6 -71.858629,-13.399633,4118.6 -71.858629,-13.399633,4118.8 -71.858629,-13.399633,4118.8 -71.858629,-13.399633,4118.8 -71.858629,-13.399633,4118.8 -71.858629,-13.399633,4118.8 -71.858629,-13.399632,4118.8 -71.858629,-13.399633,4118.8 -71.858629,-13.399632,4118.8 -71.858629,-13.399632,4118.8 -71.858629,-13.399632,4118.8 -71.858629,-13.399633,4118.8 -71.858629,-13.399633,4118.8 -71.858629,-13.399633,4118.8 -71.858629,-13.399633,4118.8 -71.858629,-13.399633,4119 -71.858629,-13.399633,4119 -71.858629,-13.399633,4119 -71.858629,-13.399633,4119 -71.858629,-13.399633,4119 -71.858629,-13.399633,4119 -71.858629,-13.399633,4119 -71.858629,-13.399633,4119 -71.858629,-13.399633,4119 -71.858629,-13.399633,4119 -71.858629,-13.399633,4119 -71.858629,-13.399633,4119 -71.858629,-13.399636,4119 -71.858632,-13.399641,4119.2 -71.858636,-13.399645,4119.6 -71.858640,-13.399648,4119.8 -71.858642,-13.399651,4120 -71.858646,-13.399656,4120.4 -71.858649,-13.399659,4120.6 -71.858651,-13.399666,4121 -71.858653,-13.399671,4121.2 -71.858652,-13.399675,4121.6 -71.858652,-13.399681,4121.8 -71.858650,-13.399686,4122 -71.858650,-13.399692,4122.4 -71.858651,-13.399696,4122.6 -71.858652,-13.399698,4123 -71.858652,-13.399698,4123 -71.858652,-13.399699,4123.2 -71.858653,-13.399699,4123.4 -71.858652,-13.399699,4123.4 -71.858652,-13.399699,4123.4 -71.858652,-13.399700,4123.4 -71.858652,-13.399700,4123.6 -71.858653,-13.399701,4123.6 -71.858653,-13.399706,4123.6 -71.858656,-13.399709,4123.6 -71.858659,-13.399713,4123.8 -71.858663,-13.399720,4123.8 -71.858665,-13.399723,4124 -71.858666,-13.399727,4124.2 -71.858668,-13.399732,4124.2 -71.858670,-13.399737,4124.4 -71.858673,-13.399743,4124.6 -71.858674,-13.399749,4124.8 -71.858677,-13.399754,4125 -71.858681,-13.399759,4125 -71.858682,-13.399765,4125.2 -71.858682,-13.399770,4125.4 -71.858684,-13.399773,4125.6 -71.858685,-13.399777,4125.8 -71.858687,-13.399783,4126 -71.858689,-13.399788,4126.2 -71.858694,-13.399793,4126.4 -71.858697,-13.399797,4126.6 -71.858699,-13.399799,4126.8 -71.858702,-13.399804,4127.2 -71.858705,-13.399807,4127.4 -71.858708,-13.399810,4127.6 -71.858712,-13.399812,4127.8 -71.858715,-13.399814,4128 -71.858717,-13.399816,4128.2 -71.858718,-13.399816,4128.6 -71.858720,-13.399816,4128.6 -71.858720,-13.399817,4128.8 -71.858721,-13.399817,4129 -71.858721,-13.399817,4129 -71.858721,-13.399817,4129 -71.858721,-13.399818,4129 -71.858721,-13.399818,4129.2 -71.858721,-13.399818,4129.2 -71.858721,-13.399818,4129.2 -71.858721,-13.399818,4129.2 -71.858721,-13.399818,4129.2 -71.858722,-13.399819,4129.2 -71.858721,-13.399818,4129.2 -71.858722,-13.399819,4129.2 -71.858722,-13.399819,4129.2 -71.858722,-13.399819,4129.2 -71.858722,-13.399819,4129.2 -71.858722,-13.399820,4129.2 -71.858722,-13.399819,4129.2 -71.858722,-13.399820,4129.2 -71.858722,-13.399819,4129.2 -71.858722,-13.399820,4129.2 -71.858722,-13.399819,4129.2 -71.858722,-13.399820,4129.2 -71.858722,-13.399820,4129.2 -71.858722,-13.399820,4129.2 -71.858722,-13.399820,4129.2 -71.858722,-13.399820,4129.2 -71.858722,-13.399820,4129.2 -71.858722,-13.399820,4129.2 -71.858722,-13.399820,4129.2 -71.858723,-13.399820,4129.2 -71.858722,-13.399820,4129.2 -71.858723,-13.399820,4129.2 -71.858722,-13.399820,4129.2 -71.858723,-13.399821,4129.2 -71.858723,-13.399820,4129.2 -71.858726,-13.399825,4129.2 -71.858729,-13.399828,4129.4 -71.858732,-13.399830,4129.6 -71.858737,-13.399832,4129.8 -71.858740,-13.399834,4130 -71.858743,-13.399838,4130.2 -71.858746,-13.399841,4130.4 -71.858748,-13.399844,4130.6 -71.858751,-13.399847,4130.8 -71.858753,-13.399849,4131.2 -71.858755,-13.399852,4131.4 -71.858759,-13.399855,4131.6 -71.858760,-13.399857,4131.8 -71.858763,-13.399859,4131.8 -71.858765,-13.399860,4132 -71.858767,-13.399862,4132 -71.858768,-13.399861,4132 -71.858771,-13.399863,4132.2 -71.858775,-13.399867,4132.2 -71.858780,-13.399869,4132.2 -71.858784,-13.399871,4132.2 -71.858785,-13.399877,4132.2 -71.858787,-13.399881,4132.4 -71.858788,-13.399883,4132.4 -71.858790,-13.399884,4132.4 -71.858791,-13.399884,4132.4 -71.858792,-13.399887,4132.4 -71.858793,-13.399886,4132.4 -71.858795,-13.399889,4132.8 -71.858797,-13.399890,4132.8 -71.858799,-13.399890,4132.8 -71.858800,-13.399890,4132.8 -71.858802,-13.399890,4132.8 -71.858806,-13.399891,4133.2 -71.858810,-13.399895,4133.4 -71.858814,-13.399897,4133.6 -71.858816,-13.399900,4134 -71.858818,-13.399902,4134 -71.858821,-13.399904,4134.2 -71.858824,-13.399907,4134.2 -71.858825,-13.399906,4134.4 -71.858829,-13.399910,4134.4 -71.858832,-13.399914,4134.6 -71.858835,-13.399917,4134.6 -71.858837,-13.399923,4134.8 -71.858840,-13.399926,4134.8 -71.858843,-13.399931,4135 -71.858847,-13.399935,4135.2 -71.858852,-13.399938,4135.2 -71.858855,-13.399943,4135.4 -71.858856,-13.399946,4135.6 -71.858856,-13.399947,4135.6 -71.858856,-13.399948,4135.6 -71.858856,-13.399950,4135.8 -71.858856,-13.399950,4135.8 -71.858855,-13.399950,4135.8 -71.858856,-13.399950,4135.8 -71.858857,-13.399954,4135.8 -71.858860,-13.399960,4136 -71.858863,-13.399964,4136 -71.858864,-13.399970,4136 -71.858868,-13.399978,4136.2 -71.858870,-13.399984,4136.2 -71.858870,-13.399988,4136.4 -71.858870,-13.399990,4136.4 -71.858870,-13.399991,4136.4 -71.858870,-13.399992,4136.4 -71.858870,-13.399992,4136.6 -71.858869,-13.399992,4136.6 -71.858869,-13.399991,4136.6 -71.858870,-13.399992,4136.6 -71.858869,-13.399991,4136.6 -71.858870,-13.399991,4136.6 -71.858869,-13.399991,4136.6 -71.858870,-13.399991,4136.6 -71.858869,-13.399991,4136.6 -71.858870,-13.399991,4136.6 -71.858869,-13.399991,4136.6 -71.858870,-13.399991,4136.6 -71.858869,-13.399991,4136.6 -71.858869,-13.399991,4136.6 -71.858869,-13.399991,4136.6 -71.858869,-13.399991,4136.6 -71.858869,-13.399991,4136.6 -71.858870,-13.399995,4136.6 -71.858870,-13.400001,4136.8 -71.858870,-13.400006,4137 -71.858873,-13.400009,4137.2 -71.858878,-13.400009,4137.4 -71.858877,-13.400010,4137.4 -71.858877,-13.400014,4137.4 -71.858880,-13.400018,4137.6 -71.858883,-13.400024,4137.8 -71.858885,-13.400029,4138 -71.858885,-13.400036,4138 -71.858886,-13.400042,4138.2 -71.858888,-13.400047,4138.4 -71.858888,-13.400052,4138.6 -71.858888,-13.400058,4138.8 -71.858888,-13.400063,4139 -71.858888,-13.400069,4139.2 -71.858890,-13.400075,4139.4 -71.858891,-13.400081,4139.6 -71.858895,-13.400085,4139.8 -71.858898,-13.400088,4140 -71.858900,-13.400092,4140.2 -71.858902,-13.400095,4140.2 -71.858903,-13.400100,4140.4 -71.858905,-13.400102,4140.6 -71.858906,-13.400107,4140.6 -71.858907,-13.400107,4140.6 -71.858908,-13.400112,4140.6 -71.858909,-13.400118,4140.6 -71.858910,-13.400121,4140.6 -71.858910,-13.400123,4140.6 -71.858910,-13.400124,4140.6 -71.858910,-13.400125,4140.8 -71.858911,-13.400124,4140.6 -71.858910,-13.400126,4140.6 -71.858911,-13.400125,4140.6 -71.858910,-13.400126,4140.6 -71.858911,-13.400125,4140.6 -71.858910,-13.400126,4140.6 -71.858911,-13.400124,4140.6 -71.858910,-13.400126,4140.6 -71.858911,-13.400125,4140.6 -71.858910,-13.400126,4140.6 -71.858911,-13.400125,4140.6 -71.858910,-13.400126,4140.6 -71.858911,-13.400125,4140.6 -71.858910,-13.400125,4140.6 -71.858911,-13.400125,4140.6 -71.858910,-13.400125,4140.6 -71.858911,-13.400125,4140.6 -71.858910,-13.400125,4140.6 -71.858911,-13.400125,4140.6 -71.858910,-13.400125,4140.6 -71.858911,-13.400125,4140.6 -71.858910,-13.400125,4140.6 -71.858911,-13.400125,4140.6 -71.858910,-13.400125,4140.6 -71.858911,-13.400125,4140.6 -71.858910,-13.400125,4140.6 -71.858911,-13.400125,4140.6 -71.858911,-13.400125,4140.6 -71.858911,-13.400125,4140.6 -71.858911,-13.400125,4140.6 -71.858911,-13.400125,4140.6 -71.858911,-13.400125,4140.6 -71.858911,-13.400125,4140.6 -71.858911,-13.400125,4140.6 -71.858911,-13.400125,4140.6 -71.858913,-13.400130,4140.8 -71.858914,-13.400134,4141 -71.858914,-13.400139,4141 -71.858915,-13.400144,4141 -71.858918,-13.400148,4141.2 -71.858919,-13.400151,4141.2 -71.858922,-13.400153,4141.4 -71.858924,-13.400155,4141.4 -71.858927,-13.400155,4141.6 -71.858931,-13.400157,4141.6 -71.858934,-13.400160,4141.8 -71.858938,-13.400163,4141.8 -71.858940,-13.400164,4141.8 -71.858944,-13.400166,4142 -71.858949,-13.400168,4142 -71.858951,-13.400172,4142.2 -71.858954,-13.400174,4142.2 -71.858955,-13.400175,4142.4 -71.858955,-13.400177,4142.4 -71.858955,-13.400179,4142.4 -71.858955,-13.400179,4142.6 -71.858955,-13.400179,4142.6 -71.858955,-13.400179,4142.6 -71.858955,-13.400179,4142.6 -71.858955,-13.400179,4142.6 -71.858955,-13.400179,4142.6 -71.858955,-13.400179,4142.6 -71.858955,-13.400179,4142.6 -71.858959,-13.400181,4142.6 -71.858961,-13.400182,4142.8 -71.858963,-13.400183,4142.8 -71.858965,-13.400184,4142.8 -71.858968,-13.400185,4142.8 -71.858971,-13.400189,4143 -71.858974,-13.400193,4143.2 -71.858976,-13.400197,4143.4 -71.858979,-13.400201,4143.6 -71.858981,-13.400203,4143.8 -71.858985,-13.400205,4144.2 -71.858988,-13.400207,4144.4 -71.858990,-13.400211,4144.4 -71.858994,-13.400217,4144.6 -71.858998,-13.400218,4145 -71.859002,-13.400220,4145.2 -71.859004,-13.400216,4145.4 -71.859007,-13.400214,4145.6 -71.859008,-13.400214,4145.8 -71.859010,-13.400214,4146 -71.859011,-13.400213,4146.2 -71.859015,-13.400212,4146.4 -71.859017,-13.400211,4146.6 -71.859022,-13.400211,4146.8 -71.859024,-13.400211,4146.8 -71.859025,-13.400214,4147 -71.859026,-13.400212,4147 -71.859026,-13.400213,4147 -71.859026,-13.400213,4147 -71.859030,-13.400217,4147.2 -71.859032,-13.400218,4147.2 -71.859032,-13.400222,4147 -71.859033,-13.400227,4147.4 -71.859034,-13.400228,4147.4 -71.859034,-13.400228,4147.4 -71.859034,-13.400228,4147.4 -71.859034,-13.400228,4147.6 -71.859034,-13.400228,4147.6 -71.859034,-13.400228,4147.6 -71.859034,-13.400228,4147.6 -71.859034,-13.400228,4147.6 -71.859034,-13.400228,4147.6 -71.859034,-13.400228,4147.6 -71.859033,-13.400228,4147.6 -71.859033,-13.400228,4147.6 -71.859033,-13.400229,4147.6 -71.859034,-13.400228,4147.6 -71.859033,-13.400229,4147.6 -71.859034,-13.400228,4147.6 -71.859033,-13.400229,4147.6 -71.859034,-13.400228,4147.6 -71.859033,-13.400228,4147.6 -71.859034,-13.400228,4147.6 -71.859033,-13.400228,4147.6 -71.859034,-13.400228,4147.6 -71.859033,-13.400228,4147.6 -71.859034,-13.400228,4147.6 -71.859033,-13.400228,4147.6 -71.859034,-13.400228,4147.6 -71.859034,-13.400228,4147.6 -71.859034,-13.400228,4147.6 -71.859034,-13.400228,4147.6 -71.859034,-13.400228,4147.6 -71.859034,-13.400228,4147.6 -71.859034,-13.400228,4147.6 -71.859034,-13.400228,4147.6 -71.859034,-13.400228,4147.6 -71.859034,-13.400228,4147.6 -71.859034,-13.400228,4147.6 -71.859034,-13.400228,4147.6 -71.859034,-13.400228,4147.6 -71.859034,-13.400228,4147.6 -71.859034,-13.400228,4147.6 -71.859034,-13.400228,4147.6 -71.859034,-13.400228,4147.6 -71.859034,-13.400228,4147.6 -71.859034,-13.400228,4147.6 -71.859034,-13.400228,4147.6 -71.859034,-13.400228,4147.6 -71.859034,-13.400228,4147.6 -71.859034,-13.400228,4147.6 -71.859034,-13.400228,4147.6 -71.859034,-13.400228,4147.6 -71.859034,-13.400228,4147.6 -71.859034,-13.400228,4147.6 -71.859034,-13.400228,4147.6 -71.859034,-13.400228,4147.6 -71.859034,-13.400228,4147.6 -71.859034,-13.400228,4147.6 -71.859034,-13.400228,4147.6 -71.859034,-13.400228,4147.6 -71.859034,-13.400228,4147.6 -71.859034,-13.400228,4147.6 -71.859034,-13.400228,4147.6 -71.859034,-13.400228,4147.6 -71.859034,-13.400228,4147.6 -71.859034,-13.400228,4147.6 -71.859034,-13.400228,4147.6 -71.859034,-13.400228,4147.6 -71.859034,-13.400228,4147.6 -71.859034,-13.400228,4147.6 -71.859034,-13.400228,4147.6 -71.859035,-13.400230,4147.6 -71.859039,-13.400236,4147.6 -71.859041,-13.400241,4147.6 -71.859043,-13.400245,4147.6 -71.859045,-13.400247,4147.6 -71.859046,-13.400248,4147.6 -71.859046,-13.400249,4147.8 -71.859046,-13.400250,4147.8 -71.859046,-13.400250,4147.8 -71.859046,-13.400250,4147.8 -71.859046,-13.400250,4147.8 -71.859046,-13.400250,4147.8 -71.859046,-13.400250,4147.8 -71.859046,-13.400250,4147.8 -71.859046,-13.400250,4147.8 -71.859047,-13.400250,4147.8 -71.859049,-13.400252,4147.8 -71.859052,-13.400254,4147.8 -71.859054,-13.400258,4147.8 -71.859056,-13.400263,4148 -71.859059,-13.400266,4148 -71.859059,-13.400270,4148 -71.859060,-13.400275,4148.2 -71.859061,-13.400277,4148.4 -71.859064,-13.400281,4148.4 -71.859065,-13.400282,4148.6 -71.859066,-13.400284,4148.6 -71.859066,-13.400284,4148.6 -71.859066,-13.400285,4148.6 -71.859066,-13.400285,4148.6 -71.859068,-13.400285,4148.8 -71.859070,-13.400286,4148.8 -71.859071,-13.400287,4148.8 -71.859071,-13.400288,4148.8 -71.859074,-13.400291,4149.2 -71.859077,-13.400292,4149.2 -71.859081,-13.400293,4149.2 -71.859083,-13.400294,4149.2 -71.859085,-13.400296,4149.2 -71.859087,-13.400297,4149.2 -71.859088,-13.400298,4149.2 -71.859089,-13.400299,4149.4 -71.859090,-13.400299,4149.4 -71.859091,-13.400300,4149.4 -71.859092,-13.400300,4149.4 -71.859091,-13.400301,4149.4 -71.859092,-13.400300,4149.4 -71.859091,-13.400301,4149.4 -71.859092,-13.400300,4149.4 -71.859093,-13.400301,4149.4 -71.859096,-13.400301,4149.4 -71.859096,-13.400303,4149.4 -71.859097,-13.400303,4149.6 -71.859097,-13.400303,4149.4 -71.859097,-13.400302,4149.6 -71.859096,-13.400304,4149.4 -71.859097,-13.400309,4149.6 -71.859097,-13.400312,4149.6 -71.859097,-13.400314,4149.8 -71.859097,-13.400315,4149.8 -71.859097,-13.400316,4149.8 -71.859097,-13.400315,4149.8 -71.859097,-13.400316,4149.8 -71.859097,-13.400316,4149.8 -71.859097,-13.400316,4149.8 -71.859097,-13.400318,4149.8 -71.859100,-13.400322,4150 -71.859102,-13.400323,4150 -71.859105,-13.400323,4150.2 -71.859108,-13.400324,4150.2 -71.859113,-13.400326,4150.2 -71.859115,-13.400326,4150.2 -71.859120,-13.400327,4150.4 -71.859123,-13.400329,4150.4 -71.859127,-13.400330,4150.4 -71.859130,-13.400331,4150.4 -71.859131,-13.400333,4150.4 -71.859133,-13.400334,4150.4 -71.859134,-13.400336,4150.4 -71.859136,-13.400337,4150.6 -71.859136,-13.400337,4150.6 -71.859136,-13.400337,4150.6 -71.859136,-13.400337,4150.6 -71.859139,-13.400338,4150.6 -71.859140,-13.400337,4150.6 -71.859145,-13.400338,4150.8 -71.859146,-13.400338,4150.8 -71.859149,-13.400339,4150.8 -71.859152,-13.400340,4151 -71.859154,-13.400342,4151 -71.859156,-13.400344,4151 -71.859157,-13.400347,4151.2 -71.859158,-13.400347,4151.2 -71.859158,-13.400348,4151.2 -71.859160,-13.400350,4151.2 -71.859162,-13.400350,4151.2 -71.859164,-13.400350,4151.4 -71.859165,-13.400350,4151.2 -71.859165,-13.400350,4151.4 -71.859166,-13.400351,4151.4 -71.859165,-13.400353,4151.2 -71.859166,-13.400354,4151.4 -71.859167,-13.400356,4151.4 -71.859169,-13.400356,4151.4 -71.859170,-13.400358,4151.6 -71.859171,-13.400358,4151.6 -71.859172,-13.400361,4151.6 -71.859172,-13.400361,4151.6 -71.859173,-13.400362,4151.6 -71.859173,-13.400362,4151.8 -71.859173,-13.400362,4151.8 -71.859173,-13.400362,4151.8 -71.859174,-13.400364,4152 -71.859175,-13.400367,4152 -71.859176,-13.400369,4152.2 -71.859176,-13.400374,4152.2 -71.859177,-13.400377,4152.2 -71.859177,-13.400379,4152.4 -71.859178,-13.400383,4152.4 -71.859181,-13.400386,4152.4 -71.859185,-13.400387,4152.6 -71.859186,-13.400389,4152.6 -71.859188,-13.400391,4152.8 -71.859189,-13.400392,4152.8 -71.859191,-13.400392,4152.8 -71.859191,-13.400394,4152.8 -71.859192,-13.400394,4152.8 -71.859192,-13.400396,4153 -71.859192,-13.400398,4153 -71.859193,-13.400402,4153 -71.859193,-13.400405,4153.2 -71.859192,-13.400409,4153.2 -71.859191,-13.400415,4153.6 -71.859191,-13.400418,4153.6 -71.859191,-13.400419,4153.6 -71.859192,-13.400421,4153.8 -71.859192,-13.400422,4153.8 -71.859192,-13.400422,4153.8 -71.859192,-13.400422,4153.8 -71.859192,-13.400423,4154 -71.859191,-13.400423,4154 -71.859191,-13.400423,4154 -71.859191,-13.400423,4154 -71.859191,-13.400424,4154 -71.859191,-13.400424,4154 -71.859191,-13.400424,4154 -71.859191,-13.400424,4154 -71.859191,-13.400424,4154.2 -71.859191,-13.400424,4154.2 -71.859191,-13.400425,4154.2 -71.859192,-13.400425,4154.2 -71.859192,-13.400425,4154.2 -71.859192,-13.400425,4154.2 -71.859192,-13.400426,4154.2 -71.859192,-13.400426,4154.2 -71.859192,-13.400426,4154.2 -71.859192,-13.400426,4154.2 -71.859193,-13.400427,4154.2 -71.859194,-13.400431,4154.4 -71.859196,-13.400437,4154.4 -71.859199,-13.400442,4154.6 -71.859201,-13.400444,4154.8 -71.859202,-13.400447,4154.8 -71.859202,-13.400447,4155 -71.859203,-13.400448,4155 -71.859203,-13.400448,4155 -71.859203,-13.400449,4155 -71.859203,-13.400449,4155.2 -71.859203,-13.400450,4155.2 -71.859203,-13.400450,4155.2 -71.859204,-13.400450,4155.2 -71.859204,-13.400450,4155.2 -71.859204,-13.400450,4155.2 -71.859204,-13.400451,4155.4 -71.859204,-13.400451,4155.4 -71.859205,-13.400451,4155.4 -71.859205,-13.400451,4155.4 -71.859205,-13.400451,4155.4 -71.859205,-13.400452,4155.4 -71.859206,-13.400452,4155.4 -71.859206,-13.400452,4155.4 -71.859206,-13.400452,4155.4 -71.859206,-13.400452,4155.4 -71.859206,-13.400453,4155.4 -71.859206,-13.400453,4155.4 -71.859206,-13.400453,4155.4 -71.859206,-13.400453,4155.4 -71.859206,-13.400453,4155.4 -71.859206,-13.400453,4155.4 -71.859206,-13.400454,4155.6 -71.859206,-13.400454,4155.6 -71.859206,-13.400454,4155.6 -71.859206,-13.400454,4155.6 -71.859206,-13.400454,4155.6 -71.859206,-13.400455,4155.6 -71.859206,-13.400455,4155.6 -71.859206,-13.400455,4155.6 -71.859206,-13.400455,4155.8 -71.859205,-13.400455,4155.8 -71.859205,-13.400455,4155.8 -71.859205,-13.400455,4155.8 -71.859205,-13.400455,4155.8 -71.859205,-13.400455,4155.8 -71.859205,-13.400455,4155.8 -71.859205,-13.400455,4155.8 -71.859205,-13.400455,4155.8 -71.859205,-13.400455,4155.8 -71.859205,-13.400455,4155.8 -71.859205,-13.400455,4155.8 -71.859205,-13.400455,4155.8 -71.859205,-13.400455,4155.8 -71.859205,-13.400455,4155.8 -71.859205,-13.400455,4155.8 -71.859205,-13.400455,4155.8 -71.859205,-13.400455,4155.8 -71.859205,-13.400455,4155.8 -71.859205,-13.400455,4155.8 -71.859205,-13.400455,4155.8 -71.859205,-13.400455,4155.8 -71.859205,-13.400455,4155.8 -71.859205,-13.400455,4155.8 -71.859205,-13.400455,4155.8 -71.859205,-13.400455,4155.8 -71.859205,-13.400455,4155.8 -71.859205,-13.400455,4155.8 -71.859205,-13.400455,4155.8 -71.859205,-13.400455,4155.8 -71.859205,-13.400455,4155.8 -71.859205,-13.400455,4155.8 -71.859205,-13.400455,4155.8 -71.859205,-13.400455,4155.8 -71.859205,-13.400455,4155.8 -71.859205,-13.400455,4155.8 -71.859205,-13.400455,4155.8 -71.859205,-13.400455,4155.8 -71.859205,-13.400455,4155.8 -71.859205,-13.400455,4155.8 -71.859205,-13.400455,4155.8 -71.859205,-13.400455,4155.8 -71.859205,-13.400455,4155.8 -71.859205,-13.400455,4155.8 -71.859206,-13.400455,4155.8 -71.859205,-13.400455,4155.8 -71.859206,-13.400455,4155.8 -71.859205,-13.400455,4155.8 -71.859205,-13.400455,4155.8 -71.859205,-13.400455,4155.8 -71.859205,-13.400455,4155.8 -71.859205,-13.400455,4155.8 -71.859205,-13.400455,4155.8 -71.859205,-13.400455,4155.8 -71.859205,-13.400455,4155.8 -71.859205,-13.400455,4155.8 -71.859205,-13.400455,4155.8 -71.859205,-13.400455,4155.8 -71.859205,-13.400455,4155.8 -71.859208,-13.400459,4156 -71.859210,-13.400460,4156 -71.859214,-13.400463,4156 -71.859216,-13.400468,4156.2 -71.859218,-13.400472,4156.4 -71.859220,-13.400477,4156.6 -71.859222,-13.400482,4156.6 -71.859224,-13.400487,4156.8 -71.859227,-13.400492,4157 -71.859230,-13.400498,4157.2 -71.859235,-13.400502,4157.4 -71.859239,-13.400501,4157.4 -71.859244,-13.400499,4157.8 -71.859247,-13.400498,4158 -71.859247,-13.400498,4158.2 -71.859246,-13.400499,4158.2 -71.859245,-13.400500,4158.4 -71.859245,-13.400501,4158.4 -71.859245,-13.400500,4158.4 -71.859246,-13.400500,4158.4 -71.859247,-13.400499,4158.6 -71.859248,-13.400499,4158.6 -71.859250,-13.400501,4158.6 -71.859252,-13.400503,4158.6 -71.859259,-13.400501,4158.6 -71.859261,-13.400501,4158.8 -71.859264,-13.400501,4158.8 -71.859266,-13.400502,4158.8 -71.859267,-13.400503,4159 -71.859268,-13.400504,4159 -71.859270,-13.400509,4159.2 -71.859270,-13.400508,4159.2 -71.859271,-13.400511,4159.2 -71.859270,-13.400510,4159.2 -71.859271,-13.400511,4159.2 -71.859271,-13.400511,4159.2 -71.859271,-13.400511,4159.2 -71.859272,-13.400511,4159.2 -71.859272,-13.400512,4159.4 -71.859273,-13.400515,4159.6 -71.859282,-13.400514,4159.6 -71.859291,-13.400513,4160 -71.859294,-13.400512,4160.2 -71.859295,-13.400511,4160.2 -71.859296,-13.400510,4160.2 -71.859296,-13.400510,4160.2 -71.859297,-13.400510,4160.2 -71.859297,-13.400509,4160.2 -71.859297,-13.400509,4160.2 -71.859298,-13.400508,4160.2 -71.859298,-13.400508,4160.2 -71.859299,-13.400508,4160.2 -71.859299,-13.400507,4160.2 -71.859299,-13.400507,4160.2 -71.859300,-13.400507,4160.2 -71.859300,-13.400507,4160.2 -71.859300,-13.400507,4160.2 -71.859300,-13.400506,4160.2 -71.859300,-13.400506,4160.2 -71.859300,-13.400506,4160.2 -71.859300,-13.400506,4160.2 -71.859300,-13.400506,4160.2 -71.859300,-13.400506,4160.2 -71.859300,-13.400507,4160.2 -71.859300,-13.400507,4160.2 -71.859300,-13.400507,4160.2 -71.859300,-13.400507,4160.4 -71.859300,-13.400507,4160.4 -71.859300,-13.400507,4160.4 -71.859299,-13.400506,4160.4 -71.859299,-13.400506,4160.4 -71.859299,-13.400507,4160.4 -71.859299,-13.400507,4160.4 -71.859299,-13.400507,4160.4 -71.859299,-13.400508,4160.4 -71.859299,-13.400508,4160.4 -71.859300,-13.400507,4160.2 -71.859300,-13.400507,4160.4 -71.859300,-13.400507,4160.4 -71.859300,-13.400507,4160.4 -71.859300,-13.400507,4160.4 -71.859300,-13.400507,4160.4 -71.859300,-13.400507,4160.4 -71.859300,-13.400507,4160.4 -71.859300,-13.400507,4160.4 -71.859300,-13.400507,4160.4 -71.859300,-13.400507,4160.4 -71.859300,-13.400507,4160.4 -71.859299,-13.400507,4160.4 -71.859299,-13.400507,4160.4 -71.859300,-13.400507,4160.4 -71.859302,-13.400509,4160.4 -71.859307,-13.400513,4160.6 -71.859311,-13.400517,4160.6 -71.859315,-13.400521,4160.8 -71.859320,-13.400523,4160.8 -71.859323,-13.400525,4161 -71.859327,-13.400528,4161.2 -71.859331,-13.400530,4161.2 -71.859334,-13.400532,4161.4 -71.859337,-13.400537,4161.6 -71.859340,-13.400544,4161.8 -71.859342,-13.400551,4161.8 -71.859344,-13.400558,4162 -71.859346,-13.400564,4162.2 -71.859348,-13.400570,4162.4 -71.859351,-13.400575,4162.6 -71.859353,-13.400578,4162.8 -71.859358,-13.400580,4163 -71.859361,-13.400581,4163.2 -71.859364,-13.400582,4163.4 -71.859365,-13.400585,4163.6 -71.859364,-13.400584,4163.6 -71.859365,-13.400583,4163.6 -71.859363,-13.400579,4163.6 -71.859362,-13.400575,4163.6 -71.859361,-13.400571,4163.6 -71.859360,-13.400568,4163.4 -71.859359,-13.400567,4163.4 -71.859360,-13.400566,4163.6 -71.859359,-13.400566,4163.6 -71.859359,-13.400565,4163.6 -71.859359,-13.400565,4163.6 -71.859359,-13.400565,4163.6 -71.859359,-13.400565,4163.6 -71.859359,-13.400565,4163.6 -71.859359,-13.400565,4163.6 -71.859359,-13.400565,4163.6 -71.859359,-13.400565,4163.6 -71.859359,-13.400566,4163.6 -71.859358,-13.400566,4163.6 -71.859359,-13.400566,4163.6 -71.859359,-13.400565,4163.6 -71.859359,-13.400565,4163.6 -71.859360,-13.400562,4163.6 -71.859359,-13.400554,4163.6 -71.859358,-13.400548,4163.8 -71.859357,-13.400541,4163.8 -71.859356,-13.400535,4163.8 -71.859356,-13.400530,4163.8 -71.859357,-13.400526,4164 -71.859358,-13.400523,4164 -71.859358,-13.400523,4164 -71.859358,-13.400522,4164 -71.859359,-13.400522,4164 -71.859359,-13.400522,4164.2 -71.859359,-13.400522,4164.2 -71.859359,-13.400522,4164.2 -71.859359,-13.400522,4164.2 -71.859360,-13.400522,4164.2 -71.859360,-13.400522,4164.2 -71.859359,-13.400522,4164.2 -71.859359,-13.400522,4164.2 -71.859358,-13.400522,4164.2 -71.859359,-13.400516,4164.2 -71.859358,-13.400510,4164 -71.859359,-13.400505,4163.8 -71.859359,-13.400498,4163.8 -71.859356,-13.400493,4163.6 -71.859357,-13.400485,4163.6 -71.859355,-13.400477,4163.4 -71.859353,-13.400468,4163.4 -71.859351,-13.400457,4163.2 -71.859350,-13.400449,4163.2 -71.859348,-13.400445,4163.2 -71.859345,-13.400440,4163 -71.859342,-13.400434,4163 -71.859342,-13.400428,4163 -71.859342,-13.400422,4163 -71.859342,-13.400416,4163 -71.859343,-13.400413,4163 -71.859345,-13.400408,4163 -71.859349,-13.400405,4163.2 -71.859355,-13.400400,4163.4 -71.859352,-13.400401,4163.2 -71.859355,-13.400394,4163.2 -71.859359,-13.400390,4163.2 -71.859359,-13.400387,4163.2 -71.859359,-13.400386,4163.2 -71.859361,-13.400385,4163.4 -71.859364,-13.400384,4163.4 -71.859363,-13.400384,4163.4 -71.859364,-13.400383,4163.4 -71.859364,-13.400382,4163.4 -71.859364,-13.400381,4163.4 -71.859364,-13.400381,4163.4 -71.859364,-13.400381,4163.4 -71.859363,-13.400382,4163.4 -71.859363,-13.400382,4163.4 -71.859363,-13.400381,4163.4 -71.859364,-13.400381,4163.4 -71.859365,-13.400382,4163.6 -71.859364,-13.400384,4163.6 -71.859359,-13.400388,4163.4 -71.859355,-13.400393,4163.4 -71.859354,-13.400399,4163.4 -71.859352,-13.400404,4163.4 -71.859344,-13.400411,4163.2 -71.859341,-13.400418,4163.2 -71.859340,-13.400426,4163.2 -71.859344,-13.400434,4163.2 -71.859348,-13.400447,4163.4 -71.859351,-13.400462,4163.4 -71.859353,-13.400472,4163.4 -71.859351,-13.400480,4163.6 -71.859352,-13.400487,4163.8 -71.859354,-13.400493,4164 -71.859354,-13.400495,4164.2 -71.859350,-13.400503,4164.4 -71.859349,-13.400512,4164.6 -71.859348,-13.400521,4164.8 -71.859347,-13.400527,4165 -71.859347,-13.400533,4165.2 -71.859349,-13.400537,4165.4 -71.859351,-13.400543,4165.6 -71.859353,-13.400547,4165.8 -71.859355,-13.400554,4166 -71.859355,-13.400556,4166.2 -71.859355,-13.400557,4166.4 -71.859355,-13.400557,4166.6 -71.859355,-13.400556,4166.8 -71.859355,-13.400556,4166.8 -71.859355,-13.400556,4167 -71.859355,-13.400556,4166.8 -71.859355,-13.400557,4167 -71.859355,-13.400556,4166.8 -71.859355,-13.400557,4167 -71.859355,-13.400556,4166.8 -71.859354,-13.400557,4167 -71.859355,-13.400556,4167 -71.859354,-13.400557,4167 -71.859355,-13.400556,4167 -71.859354,-13.400556,4167 -71.859355,-13.400556,4167 -71.859355,-13.400556,4167 -71.859355,-13.400556,4167 -71.859355,-13.400556,4167 -71.859355,-13.400556,4167 -71.859355,-13.400556,4167 -71.859355,-13.400556,4167 -71.859355,-13.400556,4167 -71.859355,-13.400556,4167 -71.859355,-13.400556,4167 -71.859355,-13.400556,4167 -71.859355,-13.400556,4167 -71.859355,-13.400556,4167 -71.859355,-13.400556,4167 -71.859355,-13.400556,4167 -71.859355,-13.400556,4167 -71.859355,-13.400556,4167 -71.859355,-13.400556,4167 -71.859355,-13.400556,4167 -71.859355,-13.400556,4167 -71.859355,-13.400556,4167 -71.859355,-13.400556,4167 -71.859355,-13.400556,4167 -71.859355,-13.400557,4167 -71.859355,-13.400559,4167 -71.859355,-13.400559,4167 -71.859355,-13.400558,4167 -71.859355,-13.400559,4167 -71.859355,-13.400558,4167 -71.859355,-13.400558,4167 -71.859355,-13.400558,4167 -71.859355,-13.400558,4167 -71.859355,-13.400558,4167 -71.859355,-13.400558,4167 -71.859354,-13.400558,4167 -71.859354,-13.400558,4167 -71.859354,-13.400558,4167 -71.859354,-13.400558,4167 -71.859354,-13.400559,4167 -71.859354,-13.400559,4167 -71.859354,-13.400560,4167 -71.859354,-13.400560,4167 -71.859354,-13.400560,4167 -71.859354,-13.400560,4167 -71.859354,-13.400560,4167 -71.859354,-13.400560,4167 -71.859354,-13.400560,4167 -71.859353,-13.400560,4167 -71.859354,-13.400560,4167.2 -71.859353,-13.400560,4167.2 -71.859353,-13.400560,4167.2 -71.859353,-13.400560,4167.2 -71.859353,-13.400560,4167.2 -71.859353,-13.400560,4167.4 -71.859353,-13.400565,4167.2 -71.859353,-13.400575,4167 -71.859354,-13.400582,4167 -71.859354,-13.400587,4167 -71.859349,-13.400592,4166.8 -71.859350,-13.400598,4166.8 -71.859351,-13.400603,4166.8 -71.859352,-13.400612,4166.8 -71.859353,-13.400622,4166.8 -71.859354,-13.400631,4166.8 -71.859355,-13.400637,4167 -71.859355,-13.400638,4167 -71.859356,-13.400639,4167 -71.859356,-13.400639,4167.2 -71.859356,-13.400640,4167.2 -71.859356,-13.400640,4167.2 -71.859357,-13.400640,4167.2 -71.859357,-13.400641,4167.2 -71.859357,-13.400641,4167.2 -71.859357,-13.400641,4167.2 -71.859357,-13.400641,4167.2 -71.859357,-13.400641,4167.2 -71.859357,-13.400641,4167.4 -71.859357,-13.400641,4167.4 -71.859357,-13.400641,4167.4 -71.859357,-13.400640,4167.4 -71.859356,-13.400641,4167.4 -71.859356,-13.400641,4167.4 -71.859356,-13.400641,4167.4 -71.859356,-13.400641,4167.4 -71.859356,-13.400641,4167.4 -71.859356,-13.400642,4167.4 -71.859356,-13.400645,4167.4 -71.859357,-13.400650,4167.6 -71.859359,-13.400655,4167.8 -71.859354,-13.400656,4168 -71.859349,-13.400660,4168.2 -71.859345,-13.400664,4168.4 -71.859342,-13.400670,4168.6 -71.859342,-13.400677,4168.8 -71.859344,-13.400686,4169.2 -71.859347,-13.400696,4169.4 -71.859349,-13.400706,4169.6 -71.859348,-13.400715,4169.8 -71.859346,-13.400724,4170 -71.859344,-13.400732,4170.4 -71.859342,-13.400738,4170.6 -71.859340,-13.400745,4170.8 -71.859340,-13.400752,4171 -71.859338,-13.400760,4171.2 -71.859338,-13.400768,4171.4 -71.859341,-13.400778,4171.4 -71.859345,-13.400788,4171.6 -71.859351,-13.400797,4171.8 -71.859359,-13.400807,4172 -71.859368,-13.400817,4172 -71.859373,-13.400825,4172 -71.859375,-13.400831,4172.2 -71.859378,-13.400841,4172.4 -71.859380,-13.400852,4172.6 -71.859385,-13.400865,4172.6 -71.859387,-13.400875,4172.8 -71.859386,-13.400884,4173 -71.859385,-13.400895,4172.8 -71.859387,-13.400906,4173 -71.859391,-13.400915,4173 -71.859392,-13.400921,4173.2 -71.859394,-13.400930,4173.2 -71.859397,-13.400939,4173.6 -71.859397,-13.400948,4173.6 -71.859397,-13.400956,4173.8 -71.859396,-13.400964,4174 -71.859396,-13.400974,4174 -71.859395,-13.400982,4174 -71.859394,-13.400991,4174.2 -71.859394,-13.400999,4174.2 -71.859392,-13.401010,4174.2 -71.859391,-13.401020,4174.2 -71.859390,-13.401027,4174.4 -71.859389,-13.401037,4174.4 -71.859387,-13.401046,4174.4 -71.859385,-13.401055,4174.6 -71.859382,-13.401062,4174.6 -71.859378,-13.401068,4174.8 -71.859374,-13.401077,4174.8 -71.859372,-13.401085,4174.8 -71.859368,-13.401094,4175 -71.859364,-13.401104,4175 -71.859358,-13.401114,4175.2 -71.859352,-13.401121,4175.2 -71.859347,-13.401127,4175.2 -71.859341,-13.401135,4175.4 -71.859337,-13.401142,4175.6 -71.859335,-13.401149,4175.8 -71.859334,-13.401157,4176 -71.859335,-13.401162,4176.2 -71.859335,-13.401167,4176.4 -71.859335,-13.401169,4176.6 -71.859335,-13.401170,4176.8 -71.859334,-13.401171,4176.8 -71.859334,-13.401171,4176.8 -71.859334,-13.401171,4176.8 -71.859334,-13.401171,4177 -71.859334,-13.401171,4177 -71.859334,-13.401171,4177 -71.859338,-13.401174,4177 -71.859340,-13.401174,4177 -71.859340,-13.401174,4177 -71.859340,-13.401174,4177.2 -71.859340,-13.401174,4177.2 -71.859340,-13.401174,4177.2 -71.859340,-13.401174,4177.2 -71.859340,-13.401174,4177 -71.859341,-13.401174,4177.2 -71.859340,-13.401174,4177.2 -71.859340,-13.401174,4177.2 -71.859340,-13.401175,4177.2 -71.859340,-13.401175,4177.2 -71.859340,-13.401175,4177.2 -71.859340,-13.401175,4177.2 -71.859339,-13.401175,4177.2 -71.859339,-13.401175,4177.2 -71.859339,-13.401175,4177.2 -71.859339,-13.401175,4177.2 -71.859339,-13.401175,4177.2 -71.859339,-13.401175,4177.2 -71.859339,-13.401175,4177.2 -71.859339,-13.401176,4177.2 -71.859339,-13.401176,4177.2 -71.859339,-13.401175,4177.2 -71.859338,-13.401176,4177.2 -71.859342,-13.401176,4177 -71.859349,-13.401173,4177 -71.859354,-13.401174,4177 -71.859358,-13.401176,4176.8 -71.859367,-13.401177,4176.8 -71.859379,-13.401178,4177 -71.859389,-13.401180,4176.8 -71.859396,-13.401182,4176.8 -71.859399,-13.401182,4176.8 -71.859399,-13.401183,4176.8 -71.859399,-13.401184,4176.8 -71.859400,-13.401184,4176.8 -71.859399,-13.401184,4176.8 -71.859400,-13.401184,4176.8 -71.859399,-13.401184,4176.8 -71.859400,-13.401184,4176.8 -71.859399,-13.401184,4176.8 -71.859400,-13.401184,4176.8 -71.859399,-13.401184,4176.8 -71.859400,-13.401184,4176.8 -71.859399,-13.401184,4176.8 -71.859399,-13.401184,4176.8 -71.859399,-13.401184,4176.8 -71.859399,-13.401184,4176.8 -71.859399,-13.401184,4176.8 -71.859399,-13.401184,4176.8 -71.859403,-13.401183,4176.8 -71.859411,-13.401182,4176.6 -71.859416,-13.401183,4176.4 -71.859419,-13.401185,4176.2 -71.859425,-13.401189,4176 -71.859435,-13.401195,4175.8 -71.859443,-13.401200,4175.6 -71.859448,-13.401203,4175.4 -71.859456,-13.401208,4175.4 -71.859462,-13.401212,4175.2 -71.859465,-13.401223,4175.2 -71.859469,-13.401231,4175 -71.859470,-13.401237,4174.8 -71.859469,-13.401245,4174.6 -71.859469,-13.401249,4174.4 -71.859469,-13.401250,4174.2 -71.859469,-13.401251,4174.2 -71.859469,-13.401252,4174.2 -71.859469,-13.401251,4174.2 -71.859469,-13.401251,4174.2 -71.859469,-13.401251,4174 -71.859469,-13.401251,4174 -71.859471,-13.401252,4174 -71.859475,-13.401256,4173.8 -71.859481,-13.401259,4173.4 -71.859490,-13.401264,4173.2 -71.859497,-13.401268,4172.8 -71.859501,-13.401272,4172.6 -71.859505,-13.401278,4172.4 -71.859509,-13.401285,4172 -71.859512,-13.401290,4171.8 -71.859517,-13.401295,4171.4 -71.859521,-13.401301,4171.2 -71.859523,-13.401305,4171 -71.859524,-13.401308,4170.8 -71.859524,-13.401310,4170.8 -71.859525,-13.401318,4170.8 -71.859528,-13.401328,4170.6 -71.859530,-13.401335,4170.6 -71.859532,-13.401342,4170.4 -71.859533,-13.401349,4170.2 -71.859536,-13.401359,4170.2 -71.859539,-13.401370,4170 -71.859541,-13.401376,4170 -71.859541,-13.401378,4170 -71.859540,-13.401379,4170 -71.859539,-13.401379,4169.8 -71.859540,-13.401379,4169.8 -71.859547,-13.401383,4170 -71.859548,-13.401386,4170 -71.859551,-13.401388,4170 -71.859551,-13.401392,4170 -71.859549,-13.401396,4170 -71.859549,-13.401401,4169.8 -71.859551,-13.401405,4169.8 -71.859555,-13.401412,4169.8 -71.859559,-13.401419,4169.8 -71.859563,-13.401424,4169.6 -71.859566,-13.401429,4169.6 -71.859568,-13.401436,4169.6 -71.859570,-13.401440,4169.4 -71.859573,-13.401446,4169.4 -71.859577,-13.401451,4169.2 -71.859580,-13.401455,4169.2 -71.859583,-13.401459,4169 -71.859587,-13.401465,4169 -71.859590,-13.401471,4169 -71.859591,-13.401475,4168.8 -71.859591,-13.401476,4168.8 -71.859591,-13.401477,4168.8 -71.859591,-13.401477,4168.8 -71.859591,-13.401477,4168.8 -71.859591,-13.401477,4168.8 -71.859591,-13.401477,4168.8 -71.859591,-13.401477,4168.8 -71.859591,-13.401476,4168.8 -71.859591,-13.401477,4168.8 -71.859591,-13.401476,4168.8 -71.859590,-13.401477,4168.8 -71.859591,-13.401476,4168.8 -71.859590,-13.401478,4168.8 -71.859591,-13.401476,4168.8 -71.859595,-13.401480,4168.4 -71.859601,-13.401485,4168 -71.859609,-13.401489,4167.8 -71.859618,-13.401493,4167.6 -71.859626,-13.401497,4167.4 -71.859633,-13.401500,4167.4 -71.859642,-13.401501,4167.2 -71.859649,-13.401503,4167.2 -71.859656,-13.401509,4167.4 -71.859666,-13.401511,4167.4 -71.859674,-13.401515,4167.4 -71.859679,-13.401518,4167.4 -71.859685,-13.401522,4167.4 -71.859690,-13.401525,4167.4 -71.859695,-13.401528,4167.4 -71.859698,-13.401532,4167.4 -71.859703,-13.401537,4167.4 -71.859707,-13.401540,4167.6 -71.859710,-13.401545,4167.6 -71.859713,-13.401552,4167.6 -71.859715,-13.401558,4167.8 -71.859717,-13.401563,4167.8 -71.859719,-13.401568,4168 -71.859720,-13.401575,4168 -71.859722,-13.401579,4168 -71.859724,-13.401584,4168.2 -71.859728,-13.401589,4168.2 -71.859731,-13.401593,4168.2 -71.859735,-13.401598,4168.4 -71.859739,-13.401601,4168.6 -71.859739,-13.401604,4168.6 -71.859740,-13.401610,4168.6 -71.859740,-13.401616,4168.8 -71.859739,-13.401621,4168.8 -71.859738,-13.401624,4169 -71.859738,-13.401625,4169 -71.859738,-13.401625,4169 -71.859737,-13.401625,4169 -71.859737,-13.401626,4169 -71.859737,-13.401626,4169 -71.859737,-13.401626,4169 -71.859737,-13.401626,4169 -71.859737,-13.401626,4169 -71.859740,-13.401620,4169.2 -71.859741,-13.401616,4169.2 -71.859742,-13.401610,4169.2 -71.859743,-13.401605,4169.4 -71.859749,-13.401604,4169.4 -71.859750,-13.401601,4169.6 -71.859752,-13.401595,4169.6 -71.859753,-13.401592,4169.8 -71.859754,-13.401590,4169.8 -71.859755,-13.401587,4169.8 -71.859756,-13.401585,4169.8 -71.859756,-13.401584,4169.8 -71.859756,-13.401583,4169.8 -71.859757,-13.401582,4169.8 -71.859758,-13.401581,4169.8 -71.859759,-13.401578,4169.8 -71.859759,-13.401577,4169.8 -71.859764,-13.401578,4169.8 -71.859765,-13.401579,4170 -71.859766,-13.401579,4170 -71.859766,-13.401580,4170 -71.859766,-13.401579,4169.8 -71.859769,-13.401580,4170 -71.859774,-13.401581,4170.2 -71.859776,-13.401581,4170.4 -71.859778,-13.401585,4170.4 -71.859781,-13.401588,4170.4 -71.859783,-13.401590,4170.6 -71.859787,-13.401590,4170.8 -71.859791,-13.401590,4170.8 -71.859793,-13.401588,4171 -71.859794,-13.401585,4171 -71.859795,-13.401581,4171 -71.859794,-13.401577,4171.2 -71.859796,-13.401571,4171.2 -71.859798,-13.401568,4171.4 -71.859800,-13.401566,4171.4 -71.859807,-13.401564,4171.4 -71.859811,-13.401563,4171.6 -71.859813,-13.401564,4171.6 -71.859813,-13.401563,4171.6 -71.859813,-13.401564,4171.6 -71.859813,-13.401563,4171.6 -71.859815,-13.401561,4171.6 -71.859821,-13.401557,4171.6 -71.859827,-13.401554,4171.6 -71.859831,-13.401551,4171.6 -71.859834,-13.401549,4171.6 -71.859836,-13.401546,4171.6 -71.859839,-13.401542,4171.6 -71.859844,-13.401539,4171.6 -71.859848,-13.401535,4171.6 -71.859851,-13.401530,4171.6 -71.859855,-13.401528,4171.6 -71.859862,-13.401526,4171.6 -71.859866,-13.401517,4171.4 -71.859874,-13.401508,4171.4 -71.859882,-13.401501,4171.4 -71.859887,-13.401497,4171.2 -71.859895,-13.401492,4171.2 -71.859902,-13.401485,4171.2 -71.859911,-13.401478,4171.2 -71.859919,-13.401473,4171.2 -71.859922,-13.401473,4171.2 -71.859925,-13.401469,4171.2 -71.859931,-13.401466,4171.2 -71.859938,-13.401465,4171.2 -71.859946,-13.401464,4171.2 -71.859953,-13.401464,4171.2 -71.859955,-13.401465,4171.2 -71.859957,-13.401466,4171.2 -71.859958,-13.401466,4171.2 -71.859959,-13.401466,4171.2 -71.859959,-13.401467,4171.2 -71.859959,-13.401466,4171.2 -71.859959,-13.401467,4171.2 -71.859960,-13.401467,4171.2 -71.859961,-13.401466,4171.2 -71.859966,-13.401463,4171 -71.859975,-13.401458,4170.6 -71.859982,-13.401455,4170.2 -71.859988,-13.401451,4170 -71.859994,-13.401445,4170 -71.859999,-13.401436,4169.8 -71.860003,-13.401427,4169.4 -71.860006,-13.401420,4169.2 -71.860011,-13.401414,4169 -71.860014,-13.401405,4168.8 -71.860016,-13.401398,4168.6 -71.860015,-13.401389,4168.4 -71.860018,-13.401380,4168.2 -71.860022,-13.401372,4168 -71.860026,-13.401364,4167.8 -71.860033,-13.401354,4167.8 -71.860040,-13.401345,4167.6 -71.860046,-13.401336,4167.4 -71.860052,-13.401325,4167.2 -71.860056,-13.401313,4167.2 -71.860058,-13.401306,4167 -71.860064,-13.401300,4167 -71.860068,-13.401294,4167 -71.860072,-13.401289,4166.8 -71.860075,-13.401285,4166.8 -71.860078,-13.401281,4166.8 -71.860083,-13.401277,4166.8 -71.860087,-13.401273,4166.8 -71.860090,-13.401268,4166.8 -71.860094,-13.401263,4166.8 -71.860099,-13.401256,4167 -71.860103,-13.401251,4167 -71.860110,-13.401248,4167 -71.860116,-13.401244,4167 -71.860123,-13.401239,4167.2 -71.860129,-13.401235,4167.2 -71.860135,-13.401233,4167.2 -71.860142,-13.401228,4167.4 -71.860148,-13.401224,4167.4 -71.860156,-13.401224,4167.4 -71.860164,-13.401223,4167.4 -71.860174,-13.401220,4167.6 -71.860182,-13.401216,4167.6 -71.860188,-13.401213,4167.8 -71.860195,-13.401213,4167.6 -71.860204,-13.401214,4167.8 -71.860216,-13.401216,4168 -71.860223,-13.401217,4168 -71.860232,-13.401220,4168 -71.860241,-13.401225,4168 -71.860249,-13.401229,4168 -71.860254,-13.401229,4168 -71.860259,-13.401229,4168 -71.860263,-13.401229,4168.2 -71.860264,-13.401229,4168.2 -71.860264,-13.401230,4168.4 -71.860264,-13.401230,4168.4 -71.860264,-13.401230,4168.2 -71.860264,-13.401230,4168.4 -71.860264,-13.401229,4168.2 -71.860265,-13.401234,4168.4 -71.860266,-13.401238,4168.4 -71.860266,-13.401238,4168.4 -71.860266,-13.401239,4168.4 -71.860266,-13.401240,4168.4 -71.860266,-13.401241,4168.4 -71.860266,-13.401241,4168.4 -71.860266,-13.401242,4168.4 -71.860266,-13.401242,4168.4 -71.860265,-13.401244,4168.4 -71.860264,-13.401244,4168.4 -71.860262,-13.401244,4168.4 -71.860261,-13.401245,4168.4 -71.860260,-13.401245,4168.4 -71.860259,-13.401245,4168.4 -71.860259,-13.401245,4168.4 -71.860261,-13.401247,4168.4 -71.860262,-13.401253,4168.2 -71.860262,-13.401258,4168.2 -71.860262,-13.401264,4168.2 -71.860263,-13.401269,4168.2 -71.860264,-13.401271,4168.2 -71.860264,-13.401272,4168.2 -71.860264,-13.401273,4168.2 -71.860264,-13.401273,4168.2 -71.860263,-13.401273,4168.2 -71.860262,-13.401272,4168.2 -71.860262,-13.401272,4168 -71.860261,-13.401272,4168 -71.860261,-13.401272,4168 -71.860261,-13.401272,4168 -71.860261,-13.401272,4168 -71.860261,-13.401272,4168 -71.860261,-13.401272,4168 -71.860261,-13.401272,4168 -71.860261,-13.401272,4168 -71.860261,-13.401272,4168 -71.860261,-13.401271,4168 -71.860261,-13.401271,4168 -71.860261,-13.401270,4168 -71.860261,-13.401271,4168 -71.860261,-13.401270,4168 -71.860261,-13.401270,4168 -71.860261,-13.401270,4168 -71.860260,-13.401269,4168 -71.860260,-13.401268,4168 -71.860260,-13.401268,4168 -71.860259,-13.401267,4168 -71.860259,-13.401268,4168 -71.860259,-13.401267,4168 -71.860259,-13.401267,4168 -71.860259,-13.401267,4168 -71.860259,-13.401267,4168 -71.860258,-13.401266,4168 -71.860259,-13.401267,4168 -71.860258,-13.401267,4168 -71.860259,-13.401267,4168 -71.860258,-13.401267,4168 -71.860258,-13.401267,4168 -71.860258,-13.401267,4168 -71.860258,-13.401267,4168 -71.860258,-13.401267,4168 -71.860258,-13.401267,4168 -71.860258,-13.401267,4168 -71.860258,-13.401267,4168 -71.860260,-13.401262,4168 -71.860259,-13.401256,4168.2 -71.860259,-13.401253,4168.2 -71.860258,-13.401252,4168.2 -71.860259,-13.401253,4168.2 -71.860259,-13.401253,4168.2 -71.860259,-13.401253,4168.2 -71.860260,-13.401253,4168.2 -71.860259,-13.401253,4168.2 -71.860260,-13.401253,4168.2 -71.860259,-13.401253,4168.2 -71.860260,-13.401254,4168.2 -71.860259,-13.401253,4168.2 -71.860260,-13.401254,4168.2 -71.860258,-13.401253,4168.2 -71.860258,-13.401253,4168.2 -71.860257,-13.401253,4168.2 -71.860258,-13.401253,4168.2 -71.860257,-13.401253,4168.2 -71.860258,-13.401253,4168.2 -71.860257,-13.401253,4168.2 -71.860258,-13.401253,4168.2 -71.860257,-13.401253,4168.2 -71.860258,-13.401253,4168.2 -71.860257,-13.401253,4168.2 -71.860258,-13.401253,4168.2 -71.860258,-13.401253,4168.2 -71.860258,-13.401253,4168.2 -71.860258,-13.401253,4168.2 -71.860258,-13.401253,4168.2 -71.860258,-13.401253,4168.2 -71.860258,-13.401253,4168.2 -71.860258,-13.401253,4168.2 -71.860258,-13.401253,4168.2 -71.860258,-13.401253,4168.2 -71.860258,-13.401253,4168.2 -71.860258,-13.401253,4168.2 -71.860258,-13.401253,4168.2 -71.860258,-13.401253,4168.2 -71.860258,-13.401253,4168.2 -71.860258,-13.401253,4168.2 -71.860257,-13.401250,4168.2 -71.860257,-13.401248,4168 -71.860257,-13.401249,4168 -71.860258,-13.401248,4168 -71.860259,-13.401248,4167.8 -71.860259,-13.401248,4167.8 -71.860259,-13.401248,4167.8 -71.860259,-13.401248,4167.8 -71.860260,-13.401247,4167.8 -71.860260,-13.401249,4167.6 -71.860259,-13.401251,4167.6 -71.860259,-13.401251,4167.6 -71.860260,-13.401249,4167.4 -71.860260,-13.401249,4167.4 -71.860260,-13.401248,4167.4 -71.860260,-13.401249,4167.4 -71.860259,-13.401248,4167.2 -71.860259,-13.401248,4167.2 -71.860259,-13.401248,4167.2 -71.860259,-13.401248,4167.2 -71.860259,-13.401248,4167.2 -71.860259,-13.401248,4167.2 -71.860259,-13.401248,4167.2 -71.860259,-13.401248,4167.2 -71.860259,-13.401248,4167.2 -71.860259,-13.401248,4167.2 -71.860259,-13.401248,4167.2 -71.860259,-13.401248,4167.2 -71.860259,-13.401248,4167.2 -71.860259,-13.401248,4167.2 -71.860259,-13.401248,4167.2 -71.860259,-13.401248,4167.2 -71.860259,-13.401248,4167 -71.860259,-13.401248,4167 -71.860259,-13.401248,4167 -71.860259,-13.401248,4167 -71.860259,-13.401248,4167 -71.860259,-13.401248,4167 -71.860259,-13.401248,4167 -71.860259,-13.401248,4167 -71.860259,-13.401249,4167.2 -71.860259,-13.401248,4167 -71.860260,-13.401249,4167.2 -71.860259,-13.401248,4167 -71.860259,-13.401248,4167 -71.860259,-13.401248,4166.8 -71.860259,-13.401247,4166.6 -71.860259,-13.401247,4166.6 -71.860259,-13.401247,4166.4 -71.860258,-13.401247,4166.4 -71.860258,-13.401247,4166.6 -71.860258,-13.401247,4166.6 -71.860258,-13.401247,4166.6 -71.860259,-13.401246,4166.6 -71.860259,-13.401247,4166.6 -71.860258,-13.401247,4166.6 -71.860257,-13.401247,4166.6 -71.860258,-13.401247,4166.4 -71.860258,-13.401247,4166.6 -71.860258,-13.401247,4166.4 -71.860258,-13.401247,4166.4 -71.860258,-13.401247,4166.4 -71.860258,-13.401247,4166.4 -71.860258,-13.401247,4166.4 -71.860258,-13.401247,4166.4 -71.860259,-13.401246,4166.2 -71.860259,-13.401247,4166.2 -71.860259,-13.401246,4166.2 -71.860259,-13.401247,4166.2 -71.860259,-13.401246,4166.2 -71.860259,-13.401246,4166.2 -71.860259,-13.401246,4166.2 -71.860259,-13.401246,4166.2 -71.860259,-13.401246,4166.2 -71.860259,-13.401246,4166.2 -71.860259,-13.401246,4166.2 -71.860259,-13.401246,4166.2 -71.860259,-13.401246,4166.2 -71.860259,-13.401246,4166.2 -71.860259,-13.401246,4166.2 -71.860259,-13.401246,4166.2 -71.860259,-13.401246,4166.2 -71.860259,-13.401246,4166.2 -71.860259,-13.401246,4166.2 -71.860259,-13.401246,4166.2 -71.860259,-13.401246,4166.2 -71.860259,-13.401246,4166.2 -71.860259,-13.401246,4166.2 -71.860259,-13.401246,4166.2 -71.860259,-13.401246,4166.2 -71.860259,-13.401246,4166.2 -71.860259,-13.401246,4166.2 -71.860259,-13.401246,4166.2 -71.860259,-13.401246,4166.2 -71.860259,-13.401246,4166.2 -71.860259,-13.401246,4166.2 -71.860259,-13.401246,4166.2 -71.860259,-13.401246,4166.2 -71.860259,-13.401246,4166.2 -71.860259,-13.401246,4166.2 -71.860259,-13.401246,4166.2 -71.860259,-13.401246,4166.2 -71.860259,-13.401246,4166.2 -71.860259,-13.401247,4166.2 -71.860259,-13.401246,4166.2 -71.860258,-13.401245,4166.4 -71.860259,-13.401246,4166.2 -71.860259,-13.401246,4166.2 -71.860259,-13.401246,4166.2 -71.860259,-13.401246,4166 -71.860259,-13.401246,4166 -71.860259,-13.401246,4166 -71.860259,-13.401246,4166 -71.860259,-13.401246,4166 -71.860259,-13.401246,4165.8 -71.860259,-13.401246,4165.8 -71.860259,-13.401246,4165.8 -71.860259,-13.401246,4165.8 -71.860259,-13.401246,4165.8 -71.860258,-13.401246,4165.8 -71.860259,-13.401246,4165.8 -71.860258,-13.401246,4165.8 -71.860259,-13.401246,4165.8 -71.860259,-13.401246,4165.8 -71.860259,-13.401246,4165.8 -71.860259,-13.401246,4165.8 -71.860259,-13.401246,4165.8 -71.860259,-13.401246,4165.8 -71.860259,-13.401246,4165.8 -71.860259,-13.401246,4165.8 -71.860259,-13.401246,4165.8 -71.860259,-13.401246,4165.8 -71.860259,-13.401246,4165.8 -71.860259,-13.401246,4165.8 -71.860259,-13.401246,4165.8 -71.860259,-13.401246,4165.8 -71.860259,-13.401246,4165.8 -71.860259,-13.401246,4165.8 -71.860259,-13.401246,4165.8 -71.860259,-13.401246,4165.8 -71.860259,-13.401246,4165.8 -71.860259,-13.401246,4165.8 -71.860259,-13.401246,4165.8 -71.860259,-13.401246,4165.8 -71.860259,-13.401246,4165.8 -71.860259,-13.401246,4165.8 -71.860259,-13.401246,4165.8 -71.860259,-13.401246,4165.8 -71.860259,-13.401247,4165.6 -71.860259,-13.401247,4165.6 -71.860259,-13.401247,4165.6 -71.860259,-13.401247,4165.6 -71.860259,-13.401247,4165.6 -71.860259,-13.401247,4165.6 -71.860259,-13.401247,4165.6 -71.860259,-13.401247,4165.6 -71.860259,-13.401247,4165.6 -71.860259,-13.401247,4165.6 -71.860259,-13.401247,4165.6 -71.860258,-13.401247,4165.6 -71.860258,-13.401247,4165.6 -71.860258,-13.401247,4165.6 -71.860258,-13.401247,4165.6 -71.860258,-13.401247,4165.6 -71.860257,-13.401247,4165.6 -71.860257,-13.401247,4165.6 -71.860257,-13.401247,4165.6 -71.860257,-13.401247,4165.6 -71.860257,-13.401246,4165.6 -71.860257,-13.401246,4165.4 -71.860257,-13.401246,4165.4 -71.860257,-13.401246,4165.4 -71.860257,-13.401246,4165.4 -71.860257,-13.401246,4165.4 -71.860257,-13.401246,4165.4 -71.860257,-13.401246,4165.4 -71.860258,-13.401246,4165.4 -71.860257,-13.401246,4165.4 -71.860258,-13.401246,4165.4 -71.860257,-13.401246,4165.4 -71.860258,-13.401246,4165.4 -71.860257,-13.401246,4165.4 -71.860258,-13.401246,4165.4 -71.860257,-13.401246,4165.4 -71.860258,-13.401246,4165.4 -71.860257,-13.401246,4165.4 -71.860258,-13.401246,4165.4 -71.860257,-13.401246,4165.4 -71.860258,-13.401246,4165.4 -71.860257,-13.401247,4165.4 -71.860258,-13.401246,4165.4 -71.860257,-13.401247,4165.4 -71.860258,-13.401247,4165.4 -71.860257,-13.401247,4165.4 -71.860258,-13.401247,4165.4 -71.860257,-13.401247,4165.4 -71.860258,-13.401247,4165.4 -71.860257,-13.401247,4165.4 -71.860258,-13.401247,4165.4 -71.860257,-13.401247,4165.4 -71.860258,-13.401247,4165.4 -71.860257,-13.401247,4165.4 -71.860258,-13.401247,4165.4 -71.860258,-13.401247,4165.4 -71.860258,-13.401247,4165.4 -71.860258,-13.401247,4165.4 -71.860258,-13.401247,4165.4 -71.860258,-13.401247,4165.4 -71.860258,-13.401247,4165.4 -71.860258,-13.401247,4165.4 -71.860258,-13.401247,4165.4 -71.860258,-13.401247,4165.4 -71.860258,-13.401247,4165.4 -71.860258,-13.401247,4165.4 -71.860258,-13.401247,4165.4 -71.860258,-13.401247,4165.4 -71.860258,-13.401247,4165.4 -71.860258,-13.401247,4165.4 -71.860258,-13.401247,4165.4 -71.860258,-13.401247,4165.4 -71.860258,-13.401247,4165.4 -71.860258,-13.401247,4165.4 -71.860258,-13.401247,4165.4 -71.860258,-13.401247,4165.4 -71.860258,-13.401247,4165.4 -71.860258,-13.401247,4165.4 -71.860259,-13.401248,4165.2 -71.860260,-13.401248,4165.2 -71.860260,-13.401248,4165.2 -71.860260,-13.401248,4165.2 -71.860260,-13.401248,4165.2 -71.860261,-13.401248,4165.2 -71.860261,-13.401248,4165 -71.860261,-13.401248,4165 -71.860261,-13.401245,4165.2 -71.860260,-13.401245,4165.4 -71.860260,-13.401245,4165.4 -71.860259,-13.401244,4165.2 -71.860260,-13.401244,4165.4 -71.860259,-13.401244,4165.4 -71.860259,-13.401245,4165.4 -71.860259,-13.401245,4165.4 -71.860260,-13.401245,4165.4 -71.860260,-13.401245,4165.4 -71.860260,-13.401245,4165.4 -71.860261,-13.401246,4165.4 -71.860262,-13.401246,4165.4 -71.860263,-13.401247,4165.4 -71.860264,-13.401247,4165.4 -71.860265,-13.401247,4165.4 -71.860265,-13.401247,4165.4 -71.860265,-13.401247,4165.4 -71.860265,-13.401246,4165.4 -71.860265,-13.401246,4165.4 -71.860266,-13.401247,4165.4 -71.860266,-13.401247,4165.4 -71.860266,-13.401247,4165.4 -71.860267,-13.401247,4165.4 -71.860267,-13.401248,4165.4 -71.860267,-13.401248,4165.4 -71.860267,-13.401248,4165.4 -71.860267,-13.401247,4165.4 -71.860267,-13.401247,4165.4 -71.860267,-13.401247,4165.4 -71.860267,-13.401247,4165.4 -71.860267,-13.401247,4165.4 -71.860267,-13.401247,4165.4 -71.860267,-13.401247,4165.4 -71.860267,-13.401247,4165.4 -71.860267,-13.401247,4165.4 -71.860267,-13.401247,4165.4 -71.860267,-13.401248,4165.4 -71.860268,-13.401248,4165.6 -71.860268,-13.401248,4165.6 -71.860268,-13.401248,4165.6 -71.860268,-13.401248,4165.6 -71.860268,-13.401248,4165.6 -71.860268,-13.401248,4165.6 -71.860268,-13.401247,4165.6 -71.860268,-13.401248,4165.6 -71.860268,-13.401248,4165.6 -71.860268,-13.401248,4165.6 -71.860268,-13.401247,4165.6 -71.860268,-13.401248,4165.6 -71.860268,-13.401248,4165.6 -71.860268,-13.401248,4165.6 -71.860268,-13.401247,4165.6 -71.860268,-13.401248,4165.6 -71.860268,-13.401247,4165.6 -71.860268,-13.401247,4165.6 -71.860268,-13.401247,4165.6 -71.860268,-13.401248,4165.6 -71.860268,-13.401248,4165.6 -71.860268,-13.401248,4165.6 -71.860268,-13.401248,4165.6 -71.860268,-13.401248,4165.6 -71.860268,-13.401248,4165.6 -71.860268,-13.401248,4165.6 -71.860268,-13.401248,4165.6 -71.860268,-13.401248,4165.6 -71.860268,-13.401247,4165.6 -71.860268,-13.401247,4165.6 -71.860268,-13.401247,4165.6 -71.860268,-13.401247,4165.6 -71.860268,-13.401247,4165.6 -71.860268,-13.401247,4165.6 -71.860268,-13.401247,4165.6 -71.860269,-13.401247,4165.6 -71.860268,-13.401247,4165.6 -71.860269,-13.401247,4165.6 -71.860269,-13.401247,4165.6 -71.860269,-13.401247,4165.6 -71.860269,-13.401247,4165.6 -71.860269,-13.401248,4165.6 -71.860269,-13.401248,4165.6 -71.860270,-13.401247,4165.6 -71.860270,-13.401247,4165.6 -71.860270,-13.401247,4165.6 -71.860271,-13.401246,4165.6 -71.860270,-13.401246,4165.6 -71.860270,-13.401246,4165.6 -71.860270,-13.401246,4165.6 -71.860270,-13.401246,4165.6 -71.860270,-13.401246,4165.6 -71.860270,-13.401246,4165.6 -71.860270,-13.401246,4165.6 -71.860270,-13.401246,4165.6 -71.860270,-13.401245,4165.6 -71.860270,-13.401246,4165.6 -71.860271,-13.401245,4165.6 -71.860271,-13.401245,4165.8 -71.860271,-13.401245,4165.8 -71.860271,-13.401245,4165.6 -71.860271,-13.401245,4165.8 -71.860271,-13.401245,4165.8 -71.860271,-13.401245,4165.8 -71.860271,-13.401245,4165.8 -71.860271,-13.401245,4165.6 -71.860271,-13.401245,4165.8 -71.860271,-13.401245,4165.8 -71.860272,-13.401246,4165.8 -71.860272,-13.401246,4165.8 -71.860272,-13.401246,4165.8 -71.860272,-13.401246,4165.8 -71.860272,-13.401246,4165.8 -71.860272,-13.401246,4165.8 -71.860272,-13.401246,4165.8 -71.860272,-13.401246,4165.8 -71.860272,-13.401246,4165.8 -71.860272,-13.401246,4165.8 -71.860272,-13.401246,4165.8 -71.860272,-13.401246,4165.8 -71.860273,-13.401247,4165.8 -71.860273,-13.401247,4165.8 -71.860273,-13.401247,4165.8 -71.860273,-13.401247,4165.8 -71.860273,-13.401247,4165.8 -71.860273,-13.401247,4165.8 -71.860273,-13.401247,4165.8 -71.860273,-13.401247,4165.8 -71.860273,-13.401247,4165.8 -71.860273,-13.401247,4165.8 -71.860273,-13.401247,4165.8 -71.860273,-13.401247,4165.8 -71.860273,-13.401247,4165.8 -71.860273,-13.401247,4165.8 -71.860273,-13.401247,4165.8 -71.860273,-13.401247,4165.6 -71.860273,-13.401247,4165.8 -71.860272,-13.401247,4165.8 -71.860272,-13.401246,4165.8 -71.860272,-13.401247,4165.8 -71.860272,-13.401246,4165.8 -71.860272,-13.401246,4165.8 -71.860272,-13.401246,4165.8 -71.860271,-13.401246,4165.8 -71.860271,-13.401246,4165.8 -71.860271,-13.401246,4165.8 -71.860271,-13.401246,4165.8 -71.860271,-13.401246,4165.8 -71.860271,-13.401246,4165.8 -71.860271,-13.401246,4165.8 -71.860271,-13.401246,4165.8 -71.860271,-13.401246,4165.8 -71.860271,-13.401248,4165.6 -71.860272,-13.401248,4165.4 -71.860272,-13.401248,4165.6 -71.860272,-13.401248,4165.8 -71.860272,-13.401248,4165.8 -71.860272,-13.401248,4165.8 -71.860272,-13.401248,4165.8 -71.860272,-13.401248,4165.8 -71.860272,-13.401247,4165.8 -71.860272,-13.401248,4165.8 -71.860271,-13.401247,4165.8 -71.860272,-13.401248,4165.8 -71.860271,-13.401247,4165.8 -71.860271,-13.401248,4165.8 -71.860271,-13.401247,4165.8 -71.860271,-13.401248,4165.8 -71.860271,-13.401247,4165.8 -71.860271,-13.401248,4165.8 -71.860271,-13.401247,4165.8 -71.860271,-13.401248,4165.8 -71.860271,-13.401248,4165.8 -71.860271,-13.401248,4165.8 -71.860271,-13.401248,4165.8 -71.860271,-13.401248,4165.8 -71.860271,-13.401248,4165.8 -71.860271,-13.401248,4165.8 -71.860271,-13.401248,4165.8 -71.860271,-13.401248,4165.8 -71.860271,-13.401248,4165.8 -71.860271,-13.401248,4165.8 -71.860271,-13.401248,4165.8 -71.860271,-13.401248,4165.8 -71.860271,-13.401248,4165.8 -71.860271,-13.401248,4165.8 -71.860271,-13.401248,4165.8 -71.860271,-13.401248,4165.8 -71.860271,-13.401248,4165.8 -71.860271,-13.401248,4165.8 -71.860271,-13.401248,4165.8 -71.860271,-13.401248,4165.8 -71.860271,-13.401248,4165.8 -71.860271,-13.401248,4165.8 -71.860271,-13.401248,4165.8 -71.860271,-13.401248,4165.8 -71.860271,-13.401248,4165.8 -71.860271,-13.401248,4165.8 -71.860271,-13.401248,4165.8 -71.860270,-13.401248,4165.8 -71.860270,-13.401248,4165.6 -71.860270,-13.401248,4165.6 -71.860270,-13.401248,4165.6 -71.860270,-13.401248,4165.6 -71.860270,-13.401248,4165.6 -71.860270,-13.401248,4165.6 -71.860270,-13.401248,4165.6 -71.860270,-13.401248,4165.6 -71.860270,-13.401248,4165.6 -71.860270,-13.401248,4165.6 -71.860270,-13.401248,4165.6 -71.860270,-13.401248,4165.6 -71.860270,-13.401248,4165.6 -71.860270,-13.401248,4165.6 -71.860270,-13.401248,4165.6 -71.860270,-13.401248,4165.6 -71.860270,-13.401248,4165.6 -71.860270,-13.401248,4165.6 -71.860270,-13.401248,4165.6 -71.860270,-13.401248,4165.6 -71.860270,-13.401248,4165.6 -71.860270,-13.401248,4165.6 -71.860270,-13.401248,4165.6 -71.860270,-13.401248,4165.6 -71.860270,-13.401248,4165.6 -71.860270,-13.401248,4165.6 -71.860270,-13.401248,4165.6 -71.860270,-13.401248,4165.6 -71.860270,-13.401248,4165.6 -71.860270,-13.401248,4165.6 -71.860270,-13.401248,4165.6 -71.860270,-13.401248,4165.6 -71.860270,-13.401248,4165.6 -71.860270,-13.401248,4165.6 -71.860270,-13.401248,4165.6 -71.860270,-13.401248,4165.6 -71.860270,-13.401248,4165.6 -71.860270,-13.401248,4165.6 -71.860270,-13.401248,4165.6 -71.860270,-13.401248,4165.6 -71.860270,-13.401248,4165.6 -71.860270,-13.401248,4165.6 -71.860270,-13.401248,4165.6 -71.860270,-13.401248,4165.6 -71.860270,-13.401248,4165.6 -71.860270,-13.401248,4165.6 -71.860270,-13.401248,4165.6 -71.860270,-13.401248,4165.6 -71.860270,-13.401248,4165.6 -71.860270,-13.401248,4165.6 -71.860270,-13.401248,4165.6 -71.860270,-13.401248,4165.6 -71.860270,-13.401248,4165.6 -71.860270,-13.401248,4165.6 -71.860270,-13.401248,4165.6 -71.860270,-13.401248,4165.6 -71.860270,-13.401248,4165.6 -71.860270,-13.401248,4165.6 -71.860270,-13.401248,4165.6 -71.860270,-13.401248,4165.6 -71.860270,-13.401248,4165.6 -71.860270,-13.401248,4165.6 -71.860270,-13.401248,4165.6 -71.860270,-13.401248,4165.6 -71.860270,-13.401248,4165.6 -71.860270,-13.401248,4165.6 -71.860270,-13.401248,4165.6 -71.860270,-13.401248,4165.6 -71.860270,-13.401248,4165.6 -71.860270,-13.401248,4165.6 -71.860270,-13.401248,4165.6 -71.860270,-13.401248,4165.6 -71.860270,-13.401248,4165.6 -71.860270,-13.401248,4165.6 -71.860270,-13.401248,4165.6 -71.860270,-13.401248,4165.6 -71.860270,-13.401248,4165.6 -71.860270,-13.401248,4165.6 -71.860270,-13.401248,4165.6 -71.860270,-13.401248,4165.6 -71.860270,-13.401248,4165.6 -71.860270,-13.401248,4165.6 -71.860270,-13.401248,4165.6 -71.860270,-13.401248,4165.6 -71.860270,-13.401248,4165.6 -71.860270,-13.401248,4165.6 -71.860270,-13.401248,4165.6 -71.860270,-13.401248,4165.6 -71.860270,-13.401248,4165.6 -71.860270,-13.401248,4165.6 -71.860270,-13.401248,4165.6 -71.860270,-13.401248,4165.6 -71.860270,-13.401248,4165.6 -71.860270,-13.401248,4165.6 -71.860270,-13.401248,4165.6 -71.860270,-13.401248,4165.6 -71.860270,-13.401248,4165.6 -71.860270,-13.401248,4165.6 -71.860270,-13.401248,4165.6 -71.860270,-13.401248,4165.6 -71.860270,-13.401248,4165.6 -71.860270,-13.401248,4165.6 -71.860270,-13.401248,4165.6 -71.860270,-13.401248,4165.6 -71.860270,-13.401248,4165.6 -71.860270,-13.401248,4165.6 -71.860270,-13.401248,4165.6 -71.860270,-13.401248,4165.6 -71.860270,-13.401248,4165.6 -71.860270,-13.401248,4165.6 -71.860270,-13.401248,4165.6 -71.860270,-13.401248,4165.6 -71.860270,-13.401248,4165.6 -71.860270,-13.401248,4165.6 -71.860270,-13.401248,4165.6 -71.860270,-13.401248,4165.6 -71.860270,-13.401248,4165.6 -71.860270,-13.401248,4165.6 -71.860270,-13.401248,4165.6 -71.860270,-13.401248,4165.6 -71.860270,-13.401248,4165.6 -71.860270,-13.401248,4165.6 -71.860270,-13.401248,4165.6 -71.860270,-13.401248,4165.6 -71.860270,-13.401248,4165.6 -71.860270,-13.401248,4165.6 -71.860270,-13.401248,4165.6 -71.860270,-13.401248,4165.6 -71.860270,-13.401248,4165.6 -71.860270,-13.401248,4165.6 -71.860270,-13.401248,4165.6 -71.860270,-13.401248,4165.6 -71.860270,-13.401248,4165.6 -71.860270,-13.401248,4165.6 -71.860270,-13.401248,4165.6 -71.860270,-13.401248,4165.6 -71.860270,-13.401248,4165.6 -71.860270,-13.401248,4165.6 -71.860270,-13.401248,4165.6 -71.860270,-13.401248,4165.6 -71.860270,-13.401248,4165.6 -71.860270,-13.401248,4165.6 -71.860270,-13.401248,4165.6 -71.860270,-13.401248,4165.6 -71.860270,-13.401248,4165.6 -71.860270,-13.401248,4165.6 -71.860270,-13.401248,4165.6 -71.860270,-13.401248,4165.6 -71.860270,-13.401248,4165.6 -71.860270,-13.401248,4165.6 -71.860270,-13.401248,4165.6 -71.860270,-13.401248,4165.6 -71.860270,-13.401248,4165.6 -71.860270,-13.401248,4165.6 -71.860270,-13.401248,4165.6 -71.860270,-13.401248,4165.6 -71.860270,-13.401248,4165.6 -71.860270,-13.401248,4165.6 -71.860270,-13.401248,4165.6 -71.860270,-13.401248,4165.6 -71.860270,-13.401248,4165.6 -71.860270,-13.401248,4165.6 -71.860270,-13.401248,4165.6 -71.860270,-13.401248,4165.6 -71.860270,-13.401248,4165.6 -71.860270,-13.401248,4165.6 -71.860270,-13.401248,4165.6 -71.860270,-13.401248,4165.6 -71.860270,-13.401248,4165.6 -71.860270,-13.401248,4165.6 -71.860270,-13.401248,4165.6 -71.860270,-13.401248,4165.6 -71.860270,-13.401248,4165.6 -71.860270,-13.401248,4165.6 -71.860270,-13.401248,4165.6 -71.860270,-13.401248,4165.6 -71.860270,-13.401248,4165.6 -71.860270,-13.401248,4165.6 -71.860270,-13.401248,4165.6 -71.860270,-13.401248,4165.6 -71.860270,-13.401248,4165.6 -71.860270,-13.401248,4165.6 -71.860270,-13.401248,4165.6 -71.860270,-13.401248,4165.6 -71.860270,-13.401248,4165.6 -71.860270,-13.401248,4165.6 -71.860270,-13.401248,4165.6 -71.860270,-13.401248,4165.6 -71.860270,-13.401248,4165.6 -71.860270,-13.401248,4165.6 -71.860270,-13.401248,4165.6 -71.860270,-13.401248,4165.6 -71.860270,-13.401248,4165.6 -71.860270,-13.401248,4165.6 -71.860270,-13.401248,4165.6 -71.860270,-13.401248,4165.6 -71.860270,-13.401248,4165.6 -71.860270,-13.401248,4165.6 -71.860270,-13.401248,4165.6 -71.860270,-13.401248,4165.6 -71.860270,-13.401248,4165.6 -71.860270,-13.401248,4165.6 -71.860270,-13.401248,4165.6 -71.860270,-13.401248,4165.6 -71.860270,-13.401248,4165.6 -71.860270,-13.401248,4165.6 -71.860270,-13.401248,4165.6 -71.860270,-13.401248,4165.6 -71.860270,-13.401248,4165.6 -71.860270,-13.401248,4165.6 -71.860270,-13.401248,4165.6 -71.860270,-13.401248,4165.6 -71.860270,-13.401247,4165.6 -71.860270,-13.401247,4165.6 -71.860270,-13.401247,4165.6 -71.860270,-13.401247,4165.6 -71.860270,-13.401247,4165.6 -71.860270,-13.401247,4165.6 -71.860270,-13.401247,4165.6 -71.860270,-13.401247,4165.6 -71.860270,-13.401247,4165.6 -71.860270,-13.401247,4165.6 -71.860270,-13.401247,4165.6 -71.860270,-13.401247,4165.6 -71.860270,-13.401247,4165.6 -71.860270,-13.401247,4165.6 -71.860270,-13.401247,4165.6 -71.860270,-13.401247,4165.6 -71.860270,-13.401247,4165.6 -71.860270,-13.401247,4165.6 -71.860270,-13.401247,4165.6 -71.860270,-13.401247,4165.6 -71.860270,-13.401247,4165.6 -71.860270,-13.401247,4165.6 -71.860270,-13.401247,4165.6 -71.860270,-13.401247,4165.6 -71.860270,-13.401247,4165.6 -71.860270,-13.401247,4165.6 -71.860270,-13.401247,4165.6 -71.860270,-13.401247,4165.6 -71.860270,-13.401247,4165.6 -71.860270,-13.401247,4165.6 -71.860270,-13.401247,4165.6 -71.860270,-13.401247,4165.6 -71.860270,-13.401247,4165.6 -71.860270,-13.401247,4165.6 -71.860270,-13.401247,4165.6 -71.860270,-13.401247,4165.6 -71.860270,-13.401247,4165.6 -71.860270,-13.401247,4165.6 -71.860270,-13.401247,4165.6 -71.860270,-13.401247,4165.6 -71.860270,-13.401247,4165.6 -71.860270,-13.401247,4165.6 -71.860270,-13.401247,4165.6 -71.860270,-13.401247,4165.6 -71.860270,-13.401247,4165.6 -71.860270,-13.401247,4165.6 -71.860270,-13.401247,4165.6 -71.860270,-13.401247,4165.6 -71.860270,-13.401247,4165.6 -71.860270,-13.401247,4165.6 -71.860270,-13.401247,4165.6 -71.860270,-13.401247,4165.6 -71.860270,-13.401247,4165.6 -71.860270,-13.401247,4165.6 -71.860270,-13.401247,4165.6 -71.860270,-13.401247,4165.6 -71.860270,-13.401247,4165.6 -71.860270,-13.401247,4165.6 -71.860270,-13.401247,4165.6 -71.860270,-13.401247,4165.6 -71.860270,-13.401247,4165.6 -71.860270,-13.401247,4165.6 -71.860270,-13.401247,4165.6 -71.860270,-13.401247,4165.6 -71.860270,-13.401247,4165.6 -71.860270,-13.401247,4165.6 -71.860270,-13.401247,4165.6 -71.860270,-13.401247,4165.6 -71.860270,-13.401247,4165.6 -71.860270,-13.401248,4165.6 -71.860270,-13.401248,4165.6 -71.860270,-13.401248,4165.6 -71.860270,-13.401248,4165.6 -71.860270,-13.401248,4165.6 -71.860270,-13.401248,4165.6 -71.860270,-13.401248,4165.6 -71.860270,-13.401248,4165.6 -71.860270,-13.401248,4165.6 -71.860270,-13.401248,4165.6 -71.860270,-13.401248,4165.6 -71.860270,-13.401248,4165.6 -71.860270,-13.401248,4165.6 -71.860270,-13.401248,4165.6 -71.860270,-13.401248,4165.6 -71.860270,-13.401248,4165.6 -71.860270,-13.401248,4165.6 -71.860270,-13.401248,4165.6 -71.860270,-13.401248,4165.6 -71.860270,-13.401248,4165.6 -71.860270,-13.401248,4165.6 -71.860270,-13.401248,4165.6 -71.860270,-13.401248,4165.6 -71.860270,-13.401248,4165.6 -71.860270,-13.401248,4165.6 -71.860270,-13.401248,4165.6 -71.860270,-13.401248,4165.6 -71.860270,-13.401248,4165.6 -71.860270,-13.401248,4165.6 -71.860270,-13.401248,4165.6 -71.860270,-13.401248,4165.6 -71.860270,-13.401248,4165.6 -71.860270,-13.401248,4165.6 -71.860270,-13.401248,4165.6 -71.860270,-13.401248,4165.6 -71.860270,-13.401248,4165.6 -71.860270,-13.401248,4165.6 -71.860270,-13.401248,4165.6 -71.860270,-13.401248,4165.6 -71.860270,-13.401248,4165.6 -71.860270,-13.401248,4165.6 -71.860270,-13.401248,4165.6 -71.860270,-13.401248,4165.6 -71.860270,-13.401248,4165.6 -71.860270,-13.401248,4165.6 -71.860270,-13.401248,4165.6 -71.860270,-13.401248,4165.6 -71.860270,-13.401248,4165.6 -71.860270,-13.401248,4165.6 -71.860270,-13.401248,4165.6 -71.860270,-13.401248,4165.6 -71.860270,-13.401248,4165.6 -71.860270,-13.401248,4165.6 -71.860270,-13.401248,4165.6 -71.860270,-13.401248,4165.6 -71.860270,-13.401248,4165.6 -71.860270,-13.401248,4165.6 -71.860270,-13.401248,4165.6 -71.860270,-13.401248,4165.6 -71.860270,-13.401248,4165.6 -71.860270,-13.401248,4165.6 -71.860270,-13.401248,4165.6 -71.860270,-13.401248,4165.6 -71.860270,-13.401248,4165.6 -71.860270,-13.401248,4165.6 -71.860270,-13.401248,4165.6 -71.860270,-13.401248,4165.6 -71.860270,-13.401248,4165.6 -71.860270,-13.401248,4165.6 -71.860270,-13.401248,4165.6 -71.860270,-13.401248,4165.6 -71.860270,-13.401248,4165.6 -71.860270,-13.401248,4165.6 -71.860270,-13.401248,4165.6 -71.860270,-13.401248,4165.6 -71.860270,-13.401248,4165.6 -71.860270,-13.401248,4165.6 -71.860270,-13.401248,4165.6 -71.860270,-13.401248,4165.6 -71.860270,-13.401248,4165.6 -71.860270,-13.401248,4165.6 -71.860270,-13.401248,4165.6 -71.860270,-13.401248,4165.6 -71.860270,-13.401248,4165.6 -71.860270,-13.401248,4165.6 -71.860270,-13.401248,4165.6 -71.860270,-13.401248,4165.6 -71.860270,-13.401248,4165.6 -71.860270,-13.401248,4165.6 -71.860270,-13.401248,4165.6 -71.860270,-13.401248,4165.6 -71.860270,-13.401248,4165.6 -71.860270,-13.401248,4165.6 -71.860270,-13.401248,4165.6 -71.860270,-13.401248,4165.6 -71.860270,-13.401248,4165.6 -71.860270,-13.401248,4165.6 -71.860270,-13.401248,4165.6 -71.860270,-13.401248,4165.6 -71.860270,-13.401248,4165.6 -71.860270,-13.401248,4165.6 -71.860270,-13.401248,4165.6 -71.860270,-13.401248,4165.6 -71.860270,-13.401248,4165.6 -71.860270,-13.401248,4165.6 -71.860270,-13.401248,4165.6 -71.860270,-13.401248,4165.6 -71.860270,-13.401248,4165.6 -71.860270,-13.401248,4165.6 -71.860270,-13.401248,4165.6 -71.860270,-13.401248,4165.6 -71.860270,-13.401247,4165.6 -71.860270,-13.401247,4165.6 -71.860270,-13.401247,4165.6 -71.860270,-13.401248,4165.6 -71.860270,-13.401247,4165.6 -71.860270,-13.401248,4165.6 -71.860270,-13.401247,4165.6 -71.860270,-13.401248,4165.6 -71.860270,-13.401248,4165.6 -71.860270,-13.401248,4165.6 -71.860270,-13.401248,4165.6 -71.860270,-13.401247,4165.6 -71.860270,-13.401248,4165.6 -71.860270,-13.401247,4165.6 -71.860270,-13.401248,4165.6 -71.860270,-13.401247,4165.6 -71.860270,-13.401248,4165.6 -71.860270,-13.401248,4165.6 -71.860270,-13.401248,4165.6 -71.860270,-13.401248,4165.6 -71.860270,-13.401248,4165.6 -71.860270,-13.401248,4165.6 -71.860270,-13.401248,4165.6 -71.860270,-13.401248,4165.6 -71.860270,-13.401248,4165.6 -71.860270,-13.401247,4165.6 -71.860270,-13.401248,4165.6 -71.860270,-13.401247,4165.6 -71.860270,-13.401248,4165.6 -71.860270,-13.401247,4165.6 -71.860270,-13.401248,4165.6 -71.860270,-13.401247,4165.6 -71.860270,-13.401247,4165.6 -71.860270,-13.401247,4165.6 -71.860270,-13.401247,4165.6 -71.860270,-13.401247,4165.6 -71.860270,-13.401247,4165.6 -71.860270,-13.401247,4165.6 -71.860270,-13.401247,4165.6 -71.860270,-13.401247,4165.6 -71.860270,-13.401247,4165.6 -71.860270,-13.401247,4165.6 -71.860270,-13.401247,4165.6 -71.860270,-13.401248,4165.6 -71.860270,-13.401248,4165.6 -71.860270,-13.401248,4165.6 -71.860270,-13.401248,4165.6 -71.860270,-13.401248,4165.6 -71.860270,-13.401248,4165.6 -71.860270,-13.401248,4165.6 -71.860270,-13.401248,4165.6 -71.860270,-13.401248,4165.6 -71.860270,-13.401248,4165.6 -71.860270,-13.401248,4165.6 -71.860270,-13.401248,4165.6 -71.860270,-13.401248,4165.6 -71.860270,-13.401248,4165.6 -71.860270,-13.401248,4165.6 -71.860270,-13.401248,4165.6 -71.860270,-13.401248,4165.6 -71.860270,-13.401248,4165.6 -71.860270,-13.401248,4165.6 -71.860270,-13.401248,4165.6 -71.860270,-13.401248,4165.6 -71.860270,-13.401248,4165.6 -71.860270,-13.401248,4165.6 -71.860270,-13.401248,4165.6 -71.860270,-13.401248,4165.6 -71.860270,-13.401248,4165.6 -71.860270,-13.401248,4165.6 -71.860270,-13.401248,4165.6 -71.860270,-13.401248,4165.6 -71.860270,-13.401248,4165.6 -71.860270,-13.401248,4165.6 -71.860270,-13.401248,4165.6 -71.860270,-13.401248,4165.6 -71.860270,-13.401248,4165.6 -71.860270,-13.401248,4165.6 -71.860270,-13.401248,4165.6 -71.860270,-13.401248,4165.6 -71.860270,-13.401248,4165.6 -71.860270,-13.401248,4165.6 -71.860270,-13.401248,4165.6 -71.860270,-13.401248,4165.6 -71.860270,-13.401248,4165.6 -71.860270,-13.401248,4165.6 -71.860270,-13.401248,4165.6 -71.860270,-13.401248,4165.6 -71.860270,-13.401248,4165.6 -71.860270,-13.401248,4165.6 -71.860270,-13.401248,4165.6 -71.860270,-13.401248,4165.6 -71.860270,-13.401248,4165.6 -71.860270,-13.401248,4165.6 -71.860270,-13.401248,4165.6 -71.860270,-13.401248,4165.6 -71.860270,-13.401248,4165.6 -71.860270,-13.401248,4165.6 -71.860270,-13.401248,4165.6 -71.860270,-13.401248,4165.6 -71.860270,-13.401248,4165.6 -71.860270,-13.401248,4165.6 -71.860270,-13.401248,4165.6 -71.860270,-13.401248,4165.6 -71.860270,-13.401248,4165.6 -71.860270,-13.401248,4165.6 -71.860270,-13.401248,4165.6 -71.860270,-13.401248,4165.6 -71.860270,-13.401248,4165.6 -71.860270,-13.401248,4165.6 -71.860270,-13.401248,4165.6 -71.860270,-13.401248,4165.6 -71.860270,-13.401248,4165.6 -71.860270,-13.401248,4165.6 -71.860270,-13.401248,4165.6 -71.860270,-13.401248,4165.6 -71.860270,-13.401248,4165.6 -71.860270,-13.401248,4165.6 -71.860270,-13.401248,4165.6 -71.860270,-13.401248,4165.6 -71.860270,-13.401248,4165.6 -71.860270,-13.401248,4165.6 -71.860270,-13.401248,4165.6 -71.860270,-13.401248,4165.6 -71.860270,-13.401248,4165.6 -71.860270,-13.401248,4165.6 -71.860270,-13.401248,4165.6 -71.860270,-13.401248,4165.6 -71.860270,-13.401248,4165.6 -71.860270,-13.401248,4165.6 -71.860270,-13.401248,4165.6 -71.860270,-13.401248,4165.6 -71.860270,-13.401248,4165.6 -71.860270,-13.401248,4165.6 -71.860270,-13.401248,4165.6 -71.860270,-13.401248,4165.6 -71.860270,-13.401248,4165.6 -71.860270,-13.401248,4165.6 -71.860270,-13.401248,4165.6 -71.860270,-13.401248,4165.6 -71.860270,-13.401248,4165.6 -71.860270,-13.401248,4165.6 -71.860270,-13.401248,4165.6 -71.860270,-13.401248,4165.6 -71.860270,-13.401248,4165.6 -71.860270,-13.401248,4165.6 -71.860270,-13.401248,4165.6 -71.860270,-13.401248,4165.6 -71.860270,-13.401248,4165.6 -71.860270,-13.401248,4165.6 -71.860270,-13.401248,4165.6 -71.860270,-13.401248,4165.6 -71.860269,-13.401248,4165.6 -71.860269,-13.401248,4165.6 -71.860269,-13.401248,4165.6 -71.860269,-13.401248,4165.6 -71.860269,-13.401248,4165.6 -71.860269,-13.401248,4165.6 -71.860269,-13.401248,4165.6 -71.860269,-13.401248,4165.6 -71.860269,-13.401248,4165.6 -71.860269,-13.401248,4165.6</coordinates>
</LineString>
</Placemark>
</Document>
</kml>