<?xml version="1.0" encoding="UTF-8"?>
<kml xmlns="http://www.opengis.net/kml/2.2" xmlns:gx="http://www.google.com/kml/ext/2.2">
  <Document>
    <name>GPS device</name>
    <snippet>Created Sat May 9 21:05:25 2026 GMT</snippet>
    <LookAt>
      <gx:TimeSpan>
        <begin>2021-02-19T16:26:26Z</begin>
        <end>2021-02-19T20:55:10Z</end>
      </gx:TimeSpan>
      <longitude>-71.853227</longitude>
      <latitude>-13.406135</latitude>
      <range>4981.820725</range>
    </LookAt>
    <Style id="track_n">
      <IconStyle>
        <scale>0.5</scale>
        <Icon>
          <href>https://earth.google.com/images/kml-icons/track-directional/track-none.png</href>
        </Icon>
      </IconStyle>
      <LabelStyle>
        <scale>0</scale>
      </LabelStyle>
    </Style>
    <Style id="track_h">
      <IconStyle>
        <scale>1.2</scale>
        <Icon>
          <href>https://earth.google.com/images/kml-icons/track-directional/track-none.png</href>
        </Icon>
      </IconStyle>
    </Style>
    <Style id="waypoint_n">
      <IconStyle>
        <Icon>
          <href>https://maps.google.com/mapfiles/kml/pal4/icon61.png</href>
        </Icon>
      </IconStyle>
    </Style>
    <Style id="waypoint_h">
      <IconStyle>
        <scale>1.2</scale>
        <Icon>
          <href>https://maps.google.com/mapfiles/kml/pal4/icon61.png</href>
        </Icon>
      </IconStyle>
    </Style>
    <Style id="lineStyle">
      <LineStyle>
        <color>99ffac59</color>
        <width>6</width>
      </LineStyle>
    </Style>
    <StyleMap id="track">
      <Pair>
        <key>normal</key>
        <styleUrl>#track_n</styleUrl>
      </Pair>
      <Pair>
        <key>highlight</key>
        <styleUrl>#track_h</styleUrl>
      </Pair>
    </StyleMap>
    <StyleMap id="waypoint">
      <Pair>
        <key>normal</key>
        <styleUrl>#waypoint_n</styleUrl>
      </Pair>
      <Pair>
        <key>highlight</key>
        <styleUrl>#waypoint_h</styleUrl>
      </Pair>
    </StyleMap>
    <Folder>
      <name>Outwards</name>
      <Placemark>
        <name>Outwards Path</name>
        <LineString>
          <coordinates>-71.847410,-13.411119,3381.26 -71.847359,-13.411123,3381.92 -71.847307,-13.411110,3382.51 -71.847264,-13.411088,3383.41 -71.847223,-13.411065,3384.41 -71.847249,-13.411023,3384.24 -71.847263,-13.411067,3384.24 -71.847212,-13.411057,3384.70 -71.847185,-13.411018,3385.61 -71.847231,-13.411006,3386.96 -71.847285,-13.410991,3387.44 -71.847331,-13.410984,3387.72 -71.847373,-13.410959,3387.78 -71.847419,-13.410978,3388.76 -71.847467,-13.410986,3389.53 -71.847513,-13.410996,3391.41 -71.847565,-13.410986,3393.86 -71.847615,-13.410973,3395.47 -71.847664,-13.410962,3396.48 -71.847711,-13.410944,3397.33 -71.847758,-13.410935,3397.68 -71.847731,-13.410895,3398.50 -71.847781,-13.410921,3400.99 -71.847814,-13.410955,3403.45 -71.847850,-13.410984,3405.22 -71.847898,-13.411001,3406.54 -71.847943,-13.411012,3408.20 -71.847937,-13.410967,3409.31 -71.847983,-13.410988,3411.13 -71.848037,-13.410972,3413.48 -71.848032,-13.410921,3416.67 -71.848009,-13.410881,3420.18 -71.848030,-13.410805,3421.25 -71.847979,-13.410809,3424.36 -71.848016,-13.410772,3427.55 -71.848075,-13.410745,3429.87 -71.848053,-13.410692,3431.88 -71.848067,-13.410648,3434.44 -71.848048,-13.410599,3437.12 -71.847989,-13.410610,3440.21 -71.847893,-13.410475,3443.36 -71.847847,-13.410338,3446.05 -71.847785,-13.410276,3448.65 -71.847737,-13.410209,3450.79 -71.847760,-13.410135,3454.71 -71.847768,-13.410089,3456.66 -71.847733,-13.409942,3457.80 -71.847704,-13.409889,3461.05 -71.847714,-13.409799,3463.55 -71.847687,-13.409756,3465.40 -71.847639,-13.409734,3467.21 -71.847588,-13.409730,3469.71 -71.847542,-13.409684,3473.06 -71.847511,-13.409621,3475.56 -71.847447,-13.409556,3478.42 -71.847436,-13.409510,3481.12 -71.847396,-13.409474,3483.71 -71.847363,-13.409426,3485.66 -71.847364,-13.409371,3487.87 -71.847363,-13.409321,3489.74 -71.847347,-13.409265,3491.79 -71.847338,-13.409206,3493.57 -71.847328,-13.409159,3494.22 -71.847325,-13.409096,3496.01 -71.847313,-13.409046,3498.01 -71.847296,-13.408995,3500.13 -71.847268,-13.408921,3501.31 -71.847256,-13.408864,3502.57 -71.847255,-13.408808,3504.41 -71.847258,-13.408759,3506.46 -71.847291,-13.408702,3506.86 -71.847357,-13.408664,3507.66 -71.847396,-13.408590,3508.62 -71.847374,-13.408538,3510.39 -71.847410,-13.408479,3513.01 -71.847395,-13.408428,3514.81 -71.847434,-13.408387,3515.13 -71.847457,-13.408320,3516.67 -71.847508,-13.408268,3518.86 -71.847522,-13.408210,3519.33 -71.847480,-13.408143,3518.85 -71.847467,-13.408099,3520.48 -71.847482,-13.407995,3519.98 -71.847453,-13.407930,3519.58 -71.847455,-13.407882,3519.24 -71.847387,-13.407822,3518.80 -71.847338,-13.407799,3519.22 -71.847414,-13.407765,3522.31 -71.847396,-13.407695,3523.28 -71.847406,-13.407634,3522.74 -71.847418,-13.407578,3523.39 -71.847414,-13.407532,3525.13 -71.847425,-13.407482,3527.50 -71.847411,-13.407425,3528.74 -71.847405,-13.407365,3530.21 -71.847461,-13.407316,3534.29 -71.847479,-13.407249,3538.24 -71.847496,-13.407160,3542.29 -71.847514,-13.407058,3544.81 -71.847508,-13.407006,3547.51 -71.847499,-13.406946,3549.44 -71.847489,-13.406898,3550.85 -71.847482,-13.406773,3552.98 -71.847492,-13.406582,3553.19 -71.847516,-13.406509,3551.06 -71.847596,-13.406410,3547.65 -71.847649,-13.406345,3549.24 -71.847659,-13.406252,3551.69 -71.847649,-13.406174,3554.53 -71.847519,-13.406115,3553.36 -71.847618,-13.406043,3555.61 -71.847668,-13.405975,3557.91 -71.847643,-13.405905,3554.08 -71.847687,-13.405922,3558.04 -71.847647,-13.405853,3558.28 -71.847625,-13.405771,3559.52 -71.847611,-13.405720,3559.27 -71.847554,-13.405668,3558.93 -71.847553,-13.405573,3559.54 -71.847547,-13.405517,3560.34 -71.847535,-13.405471,3560.52 -71.847492,-13.405445,3563.58 -71.847497,-13.405392,3566.21 -71.847501,-13.405338,3569.21 -71.847507,-13.405280,3570.80 -71.847432,-13.404958,3569.45 -71.847432,-13.404880,3572.45 -71.847461,-13.404824,3571.08 -71.847486,-13.404774,3571.22 -71.847493,-13.404724,3574.81 -71.847492,-13.404676,3577.74 -71.847496,-13.404630,3579.99 -71.847502,-13.404581,3581.48 -71.847529,-13.404531,3580.91 -71.847535,-13.404454,3582.32 -71.847518,-13.404365,3585.01 -71.847501,-13.404299,3586.67 -71.847501,-13.404248,3589.21 -71.847446,-13.404174,3592.56 -71.847430,-13.404128,3594.98 -71.847401,-13.404084,3597.14 -71.847349,-13.404034,3597.84 -71.847324,-13.403991,3599.16 -71.847311,-13.403922,3601.03 -71.847301,-13.403869,3602.99 -71.847295,-13.403814,3605.02 -71.847298,-13.403767,3606.63 -71.847278,-13.403706,3608.91 -71.847277,-13.403652,3610.89 -71.847278,-13.403605,3612.13 -71.847269,-13.403550,3613.83 -71.847293,-13.403453,3615.88 -71.847208,-13.403480,3618.44 -71.847156,-13.403490,3619.19 -71.847108,-13.403493,3619.08 -71.847056,-13.403482,3616.35 -71.847014,-13.403459,3617.99 -71.846981,-13.403426,3621.98 -71.846979,-13.403347,3625.92 -71.846969,-13.403289,3628.11 -71.846899,-13.403266,3628.68 -71.846847,-13.403200,3630.59 -71.846798,-13.403252,3634.53 -71.846740,-13.403252,3635.95 -71.846678,-13.403276,3636.74 -71.846637,-13.403316,3636.82 -71.846620,-13.403382,3636.49 -71.846686,-13.403435,3635.33 -71.846662,-13.403482,3634.22 -71.846628,-13.403519,3633.28 -71.846618,-13.403564,3632.21 -71.846602,-13.403615,3630.91 -71.846596,-13.403668,3629.75 -71.846582,-13.403725,3628.82 -71.846597,-13.403672,3628.35 -71.846610,-13.403617,3628.49 -71.846631,-13.403555,3629.04 -71.846627,-13.403506,3630.07 -71.846658,-13.403465,3630.77 -71.846686,-13.403425,3631.54 -71.846726,-13.403377,3632.47 -71.846759,-13.403331,3633.41 -71.846781,-13.403258,3634.81 -71.846792,-13.403202,3636.21 -71.846807,-13.403147,3637.84 -71.846814,-13.403091,3639.87 -71.846830,-13.403031,3640.96 -71.846834,-13.402984,3642.07 -71.846836,-13.402933,3643.61 -71.846862,-13.402869,3644.54 -71.846853,-13.402825,3645.88 -71.846841,-13.402764,3647.36 -71.846845,-13.402706,3649.28 -71.846817,-13.402658,3651.41 -71.846819,-13.402605,3653.02 -71.846788,-13.402551,3654.41 -71.846787,-13.402488,3655.86 -71.846785,-13.402428,3657.04 -71.846772,-13.402364,3659.17 -71.846751,-13.402310,3661.18 -71.846731,-13.402259,3662.73 -71.846705,-13.402217,3664.09 -71.846670,-13.402188,3665.08 -71.846629,-13.402166,3666.59 -71.846621,-13.402102,3668.04 -71.846624,-13.402055,3669.58 -71.846628,-13.402010,3670.91 -71.846614,-13.401965,3672.31 -71.846606,-13.401920,3673.87 -71.846599,-13.401869,3675.34 -71.846603,-13.401812,3676.89 -71.846580,-13.401758,3678.86 -71.846564,-13.401711,3680.50 -71.846552,-13.401655,3682.05 -71.846541,-13.401608,3683.98 -71.846519,-13.401546,3685.98 -71.846503,-13.401498,3688.51 -71.846500,-13.401446,3690.55 -71.846502,-13.401393,3692.31 -71.846491,-13.401342,3694.31 -71.846501,-13.401290,3695.47 -71.846515,-13.401235,3697.14 -71.846521,-13.401190,3698.54 -71.846548,-13.401149,3700.05 -71.846560,-13.401091,3701.67 -71.846547,-13.401034,3703.98 -71.846550,-13.400987,3706.17 -71.846535,-13.400943,3708.38 -71.846516,-13.400891,3710.01 -71.846530,-13.400835,3711.83 -71.846530,-13.400780,3713.41 -71.846571,-13.400738,3715.21 -71.846615,-13.400688,3716.14 -71.846636,-13.400626,3717.14 -71.846662,-13.400546,3719.39 -71.846702,-13.400427,3722.53 -71.846749,-13.400379,3725.43 -71.846792,-13.400317,3727.12 -71.846819,-13.400263,3727.77 -71.846847,-13.400225,3728.97 -71.846932,-13.400143,3729.54 -71.847029,-13.399948,3732.38 -71.847077,-13.399895,3733.71 -71.847057,-13.399843,3736.31 -71.847070,-13.399786,3738.36 -71.847078,-13.399719,3740.33 -71.847094,-13.399664,3742.22 -71.847095,-13.399597,3743.82 -71.847118,-13.399531,3745.14 -71.847127,-13.399448,3746.24 -71.847164,-13.399374,3748.11 -71.847184,-13.399309,3749.75 -71.847205,-13.399235,3751.41 -71.847245,-13.399157,3753.03 -71.847250,-13.399104,3754.91 -71.847280,-13.399053,3756.31 -71.847301,-13.399008,3758.05 -71.847330,-13.398959,3759.93 -71.847351,-13.398914,3761.98 -71.847384,-13.398871,3763.68 -71.847421,-13.398825,3765.54 -71.847458,-13.398791,3767.01 -71.847487,-13.398752,3768.68 -71.847530,-13.398729,3771.02 -71.847562,-13.398685,3773.44 -71.847611,-13.398665,3774.90 -71.847647,-13.398711,3775.82 -71.847663,-13.398767,3776.41 -71.847707,-13.398788,3776.87 -71.847688,-13.398746,3777.53 -71.847687,-13.398679,3778.18 -71.847702,-13.398634,3778.63 -71.847705,-13.398588,3779.06 -71.847710,-13.398527,3779.81 -71.847691,-13.398478,3781.36 -71.847720,-13.398392,3781.62 -71.847750,-13.398345,3782.32 -71.847770,-13.398279,3783.68 -71.847779,-13.398231,3784.21 -71.847787,-13.398185,3784.51 -71.847798,-13.398127,3785.06 -71.847815,-13.398075,3786.26 -71.847816,-13.398028,3787.41 -71.847809,-13.397968,3788.63 -71.847810,-13.397922,3789.69 -71.847814,-13.397875,3790.63 -71.847824,-13.397813,3791.97 -71.847822,-13.397757,3793.10 -71.847830,-13.397697,3794.61 -71.847853,-13.397656,3795.65 -71.847863,-13.397607,3796.61 -71.847865,-13.397553,3797.61 -71.847832,-13.397501,3799.00 -71.847837,-13.397441,3800.64 -71.847862,-13.397386,3801.09 -71.847859,-13.397329,3801.68 -71.847855,-13.397283,3802.43 -71.847861,-13.397233,3803.21 -71.847862,-13.397186,3804.09 -71.847865,-13.397138,3805.05 -71.847875,-13.397091,3806.77 -71.847878,-13.397044,3808.18 -71.847890,-13.396995,3809.71 -71.847898,-13.396948,3811.21 -71.847895,-13.396890,3812.43 -71.847898,-13.396845,3813.25 -71.847886,-13.396793,3814.53 -71.847883,-13.396747,3815.50 -71.847885,-13.396683,3816.89 -71.847892,-13.396627,3818.66 -71.847902,-13.396581,3820.88 -71.847906,-13.396529,3822.14 -71.847913,-13.396479,3823.44 -71.847922,-13.396423,3824.61 -71.847928,-13.396373,3825.41 -71.847925,-13.396327,3826.01 -71.847932,-13.396280,3826.84 -71.847938,-13.396233,3827.84 -71.847943,-13.396187,3828.74 -71.847947,-13.396126,3829.68 -71.847950,-13.396071,3830.12 -71.847977,-13.396026,3830.99 -71.847995,-13.395980,3831.52 -71.848017,-13.395927,3831.73 -71.848041,-13.395864,3831.72 -71.848057,-13.395802,3831.84 -71.848064,-13.395748,3832.20 -71.848073,-13.395695,3832.61 -71.848088,-13.395646,3832.96 -71.848099,-13.395597,3833.30 -71.848108,-13.395550,3833.64 -71.848126,-13.395508,3834.08 -71.848136,-13.395462,3834.22 -71.848155,-13.395415,3834.68 -71.848183,-13.395377,3834.91 -71.848213,-13.395326,3835.05 -71.848264,-13.395296,3835.56 -71.848318,-13.395284,3836.30 -71.848335,-13.395241,3837.12 -71.848328,-13.395151,3838.21 -71.848306,-13.395109,3839.32 -71.848279,-13.395058,3840.41 -71.848250,-13.395020,3841.57 -71.848234,-13.394962,3842.57 -71.848206,-13.394925,3844.02 -71.848167,-13.394897,3845.62 -71.848161,-13.394850,3847.25 -71.848191,-13.394804,3848.88 -71.848217,-13.394760,3850.48 -71.848239,-13.394707,3852.09 -71.848252,-13.394659,3853.62 -71.848251,-13.394612,3854.01 -71.848234,-13.394565,3855.35 -71.848234,-13.394518,3855.74 -71.848249,-13.394472,3856.35 -71.848256,-13.394419,3856.90 -71.848238,-13.394375,3857.23 -71.848208,-13.394336,3857.83 -71.848175,-13.394302,3858.49 -71.848137,-13.394251,3859.13 -71.848098,-13.394207,3859.73 -71.848056,-13.394160,3860.09 -71.848005,-13.394117,3860.21 -71.847952,-13.394079,3860.61 -71.847911,-13.394048,3861.14 -71.847854,-13.393975,3860.18 -71.847832,-13.394018,3859.55 -71.847776,-13.394001,3859.44 -71.847738,-13.393956,3859.46 -71.847700,-13.393920,3859.78 -71.847650,-13.393883,3860.28 -71.847603,-13.393842,3860.89 -71.847564,-13.393803,3861.32 -71.847519,-13.393771,3861.21 -71.847479,-13.393738,3860.92 -71.847519,-13.393693,3861.21 -71.847558,-13.393657,3862.22 -71.847620,-13.393631,3863.40 -71.847682,-13.393612,3864.47 -71.847729,-13.393584,3865.61 -71.847791,-13.393564,3866.83 -71.847834,-13.393536,3868.41 -71.847889,-13.393523,3869.79 -71.847922,-13.393484,3871.33 -71.847959,-13.393442,3873.53 -71.847970,-13.393390,3875.47 -71.848015,-13.393353,3877.01 -71.848056,-13.393328,3878.41 -71.848012,-13.393267,3879.00 -71.848003,-13.393221,3879.80 -71.847964,-13.393179,3880.45 -71.847921,-13.393125,3881.38 -71.847888,-13.393067,3882.38 -71.847867,-13.393017,3883.26 -71.847848,-13.392969,3883.93 -71.847841,-13.392915,3884.73 -71.847859,-13.392852,3885.17 -71.847916,-13.392840,3885.53 -71.847945,-13.392799,3886.02 -71.847970,-13.392759,3886.31 -71.848017,-13.392781,3886.72 -71.847975,-13.392753,3886.82 -71.848055,-13.392752,3886.70 -71.848005,-13.392778,3887.36 -71.848046,-13.392799,3887.94 -71.848057,-13.392846,3888.66 -71.848028,-13.392771,3888.26 -71.847996,-13.392738,3888.22 -71.848064,-13.392755,3888.59 -71.847992,-13.392763,3888.21 -71.848017,-13.392801,3888.43 -71.848064,-13.392818,3889.11 -71.848104,-13.392781,3889.55 -71.848030,-13.392812,3888.68 -71.848004,-13.392756,3887.87 -71.848034,-13.392824,3888.45 -71.848096,-13.392853,3888.98 -71.848150,-13.392883,3889.60 -71.848213,-13.392928,3890.02 -71.848247,-13.392961,3889.88 -71.848285,-13.393005,3889.78 -71.848317,-13.393048,3889.36 -71.848396,-13.392987,3890.92 -71.848435,-13.392802,3894.91 -71.848480,-13.392696,3897.04 -71.848532,-13.392615,3897.74 -71.848589,-13.392565,3898.13 -71.848648,-13.392482,3898.04 -71.848736,-13.392415,3901.74 -71.848860,-13.392353,3904.32 -71.848996,-13.392223,3905.54 -71.849061,-13.392151,3909.53 -71.849134,-13.392118,3913.19 -71.849176,-13.392051,3911.87 -71.849208,-13.391972,3910.22 -71.849253,-13.391877,3909.91 -71.849271,-13.391778,3910.53 -71.849295,-13.391702,3913.95 -71.849338,-13.391591,3917.68 -71.849377,-13.391508,3915.47 -71.849422,-13.391450,3914.05 -71.849498,-13.391429,3913.68 -71.849562,-13.391395,3916.76 -71.849602,-13.391337,3920.79 -71.849642,-13.391258,3924.76 -71.849681,-13.391191,3926.52 -71.849721,-13.391139,3930.51 -71.849750,-13.391074,3934.41 -71.849786,-13.391000,3935.21 -71.849848,-13.390923,3934.11 -71.849918,-13.390848,3932.82 -71.849983,-13.390783,3933.39 -71.850038,-13.390703,3934.78 -71.850138,-13.390643,3931.55 -71.850259,-13.390631,3930.76 -71.850318,-13.390591,3931.31 -71.850143,-13.390534,3935.35 -71.850156,-13.390486,3935.95 -71.850237,-13.390373,3938.31 -71.850312,-13.390332,3938.31 -71.850446,-13.390261,3938.65 -71.850533,-13.390227,3942.68 -71.850585,-13.390231,3945.75 -71.850647,-13.390218,3946.98 -71.850695,-13.390230,3945.43 -71.850770,-13.390251,3946.74 -71.850909,-13.390234,3949.02 -71.851080,-13.390311,3953.02 -71.851213,-13.390298,3953.24 -71.851316,-13.390256,3954.48 -71.851410,-13.390275,3954.61 -71.851458,-13.390285,3952.31 -71.851538,-13.390277,3953.69 -71.851567,-13.390317,3952.08 -71.851619,-13.390350,3950.32 -71.851588,-13.390388,3950.16 -71.851671,-13.390436,3951.77 -71.851760,-13.390459,3952.93 -71.851802,-13.390507,3953.05 -71.851840,-13.390547,3952.36 -71.851878,-13.390589,3952.37 -71.851928,-13.390633,3952.73 -71.851980,-13.390664,3953.92 -71.852035,-13.390686,3955.01 -71.852089,-13.390726,3954.68 -71.852141,-13.390759,3955.18 -71.852194,-13.390790,3955.33 -71.852241,-13.390820,3956.84 -71.852297,-13.390845,3957.54 -71.852357,-13.390872,3957.16 -71.852401,-13.390913,3956.72 -71.852401,-13.390958,3956.88 -71.852432,-13.391024,3957.60 -71.852462,-13.391096,3956.12 -71.852481,-13.391186,3956.72 -71.852505,-13.391248,3957.71 -71.852546,-13.391324,3959.49 -71.852615,-13.391388,3960.89 -71.852681,-13.391437,3962.58 -71.852764,-13.391512,3963.28 -71.852870,-13.391641,3964.68 -71.852947,-13.391742,3964.89 -71.852974,-13.391842,3965.49 -71.853050,-13.391949,3969.49 -71.853149,-13.392039,3971.69 -71.853248,-13.392138,3972.62 -71.853346,-13.392230,3973.63 -71.853478,-13.392314,3972.61 -71.853521,-13.392418,3973.58 -71.853511,-13.392471,3973.89 -71.853530,-13.392516,3972.32 -71.853563,-13.392564,3972.60 -71.853592,-13.392629,3973.09 -71.853635,-13.392678,3972.75 -71.853679,-13.392709,3974.69 -71.853698,-13.392760,3976.00 -71.853714,-13.392816,3976.36 -71.853698,-13.392858,3975.75 -71.853730,-13.392891,3973.82 -71.853764,-13.393030,3975.41 -71.853766,-13.393101,3974.63 -71.853816,-13.393153,3975.49 -71.853869,-13.393246,3974.80 -71.853890,-13.393365,3974.62 -71.853943,-13.393492,3974.43 -71.853978,-13.393565,3974.85 -71.854034,-13.393680,3973.45 -71.854031,-13.393739,3973.45 -71.854052,-13.393787,3973.66 -71.854097,-13.393836,3974.51 -71.854121,-13.393876,3975.42 -71.854128,-13.393924,3976.01 -71.854110,-13.393989,3974.35 -71.854102,-13.394077,3974.47 -71.854072,-13.394158,3974.98 -71.854047,-13.394237,3975.90 -71.854084,-13.394311,3979.86 -71.854098,-13.394391,3981.80 -71.854120,-13.394440,3983.79 -71.854140,-13.394485,3984.58 -71.854163,-13.394544,3984.72 -71.854176,-13.394614,3983.34 -71.854178,-13.394661,3982.30 -71.854187,-13.394748,3982.71 -71.854216,-13.394801,3984.57 -71.854239,-13.394862,3985.56 -71.854240,-13.394925,3987.56 -71.854248,-13.394976,3988.12 -71.854317,-13.394944,3992.14 -71.854344,-13.395005,3995.18 -71.854363,-13.395085,3996.46 -71.854403,-13.395152,3997.87 -71.854452,-13.395213,3999.07 -71.854484,-13.395279,4000.51 -71.854503,-13.395332,4002.11 -71.854526,-13.395376,4003.71 -71.854550,-13.395434,4004.24 -71.854548,-13.395492,4004.66 -71.854566,-13.395544,4005.49 -71.854587,-13.395597,4006.36 -71.854612,-13.395657,4007.21 -71.854638,-13.395699,4006.85 -71.854664,-13.395741,4007.64 -71.854676,-13.395791,4008.82 -71.854701,-13.395830,4009.72 -71.854732,-13.395887,4010.97 -71.854765,-13.395926,4012.11 -71.854790,-13.395970,4013.01 -71.854821,-13.396010,4014.10 -71.854852,-13.396044,4015.19 -71.854882,-13.396081,4016.02 -71.854917,-13.396119,4016.89 -71.854956,-13.396146,4017.82 -71.855002,-13.396169,4019.06 -71.855047,-13.396187,4020.38 -71.855097,-13.396220,4021.90 -71.855157,-13.396221,4022.96 -71.855212,-13.396211,4023.80 -71.855256,-13.396234,4024.42 -71.855301,-13.396254,4024.71 -71.855346,-13.396286,4025.14 -71.855381,-13.396328,4025.73 -71.855412,-13.396375,4026.25 -71.855438,-13.396414,4026.97 -71.855478,-13.396445,4028.11 -71.855512,-13.396479,4028.53 -71.855555,-13.396507,4029.05 -71.855609,-13.396520,4029.59 -71.855657,-13.396556,4029.66 -71.855700,-13.396604,4029.80 -71.855740,-13.396632,4030.72 -71.855780,-13.396678,4032.01 -71.855829,-13.396715,4032.92 -71.855869,-13.396749,4033.59 -71.855910,-13.396795,4034.39 -71.855953,-13.396840,4035.48 -71.855996,-13.396876,4036.39 -71.856038,-13.396900,4036.78 -71.856098,-13.396930,4037.08 -71.856141,-13.396946,4037.11 -71.856197,-13.396984,4037.52 -71.856264,-13.397009,4038.28 -71.856310,-13.397031,4038.71 -71.856345,-13.397068,4038.51 -71.856389,-13.397097,4038.66 -71.856449,-13.397121,4038.77 -71.856481,-13.397173,4038.87 -71.856542,-13.397202,4038.86 -71.856594,-13.397237,4039.08 -71.856658,-13.397259,4039.08 -71.856687,-13.397305,4039.51 -71.856690,-13.397260,4040.76 -71.856717,-13.397212,4041.88 -71.856765,-13.397215,4042.36 -71.856811,-13.397227,4043.42 -71.856870,-13.397230,4044.61 -71.856932,-13.397245,4045.81 -71.856981,-13.397238,4047.47 -71.857033,-13.397242,4048.54 -71.857084,-13.397222,4049.47 -71.857126,-13.397191,4049.31 -71.857172,-13.397229,4051.45 -71.857225,-13.397253,4054.60 -71.857283,-13.397277,4057.75 -71.857312,-13.397323,4060.18 -71.857333,-13.397384,4062.20 -71.857371,-13.397415,4064.32 -71.857427,-13.397422,4065.21 -71.857486,-13.397424,4065.99 -71.857538,-13.397438,4066.27 -71.857606,-13.397459,4066.86 -71.857654,-13.397478,4067.14 -71.857696,-13.397501,4067.46 -71.857737,-13.397523,4067.83 -71.857794,-13.397540,4068.26 -71.857850,-13.397579,4068.41 -71.857893,-13.397595,4068.55 -71.857950,-13.397588,4068.09 -71.858005,-13.397576,4067.92 -71.858061,-13.397587,4067.71 -71.858079,-13.397629,4068.87 -71.858146,-13.397645,4068.76 -71.858194,-13.397675,4068.84 -71.858243,-13.397706,4068.32 -71.858267,-13.397762,4068.50 -71.858273,-13.397819,4068.09 -71.858252,-13.397867,4067.98 -71.858232,-13.397923,4067.36 -71.858232,-13.397968,4067.04 -71.858239,-13.398015,4066.82 -71.858200,-13.398057,4066.82 -71.858151,-13.398104,4067.11 -71.858131,-13.398148,4068.20 -71.858116,-13.398203,4069.44 -71.858111,-13.398251,4070.99 -71.858118,-13.398317,4072.38 -71.858116,-13.398363,4073.85 -71.858128,-13.398432,4075.49 -71.858152,-13.398494,4077.27 -71.858174,-13.398547,4078.43 -71.858188,-13.398608,4080.14 -71.858177,-13.398667,4080.75 -71.858159,-13.398714,4082.11 -71.858151,-13.398759,4083.41 -71.858168,-13.398807,4084.77 -71.858207,-13.398832,4086.26 -71.858247,-13.398865,4088.35 -71.858275,-13.398904,4090.15 -71.858295,-13.398948,4091.82 -71.858283,-13.398994,4092.95 -71.858282,-13.399044,4094.11 -71.858318,-13.399075,4095.82 -71.858339,-13.399028,4095.51 -71.858386,-13.399055,4097.22 -71.858392,-13.399101,4098.20 -71.858379,-13.399154,4100.11 -71.858353,-13.399193,4101.49 -71.858363,-13.399241,4102.92 -71.858374,-13.399298,4104.87 -71.858392,-13.399342,4106.82 -71.858443,-13.399396,4109.76 -71.858461,-13.399439,4112.15 -71.858473,-13.399485,4114.33 -71.858453,-13.399534,4115.48 -71.858501,-13.399553,4117.89 -71.858556,-13.399572,4120.42 -71.858612,-13.399567,4121.43 -71.858637,-13.399606,4123.61 -71.858648,-13.399658,4125.66 -71.858675,-13.399702,4127.36 -71.858701,-13.399744,4129.17 -71.858727,-13.399783,4131.50 -71.858754,-13.399826,4133.14 -71.858750,-13.399875,4135.34 -71.858780,-13.399909,4137.37 -71.858820,-13.399945,4138.82 -71.858867,-13.399981,4140.35 -71.858915,-13.400019,4142.10 -71.858951,-13.400054,4143.92 -71.858950,-13.400110,4145.91 -71.858901,-13.400148,4147.17 -71.858951,-13.400157,4148.16 -71.858988,-13.400184,4148.72 -71.859033,-13.400223,4150.97 -71.859072,-13.400248,4152.60 -71.859104,-13.400297,4153.85 -71.859126,-13.400337,4154.88 -71.859142,-13.400380,4155.97 -71.859177,-13.400420,4157.68 -71.859197,-13.400464,4159.81 -71.859229,-13.400510,4162.02 -71.859240,-13.400457,4163.91 -71.859282,-13.400490,4165.64 -71.859336,-13.400469,4168.09 -71.859319,-13.400412,4169.88 -71.859330,-13.400368,4171.49 -71.859366,-13.400336,4174.11 -71.859417,-13.400340,4176.17 -71.859464,-13.400338,4177.69 -71.859499,-13.400372,4178.86 -71.859493,-13.400320,4179.33 -71.859533,-13.400344,4180.79 -71.859569,-13.400383,4183.41 -71.859578,-13.400428,4186.41 -71.859641,-13.400420,4189.04 -71.859612,-13.400485,4193.06 -71.859653,-13.400463,4195.27 -71.859694,-13.400489,4198.89 -71.859737,-13.400505,4202.53 -71.859795,-13.400508,4202.84 -71.859843,-13.400500,4204.65 -71.859890,-13.400487,4207.12 -71.859872,-13.400427,4211.15 -71.859833,-13.400401,4213.33 -71.859863,-13.400351,4215.52 -71.859892,-13.400311,4217.71 -71.859915,-13.400263,4220.51 -71.859963,-13.400254,4224.52 -71.859922,-13.400211,4227.60 -71.859881,-13.400186,4228.60 -71.859832,-13.400170,4227.74 -71.859789,-13.400150,4226.18 -71.859745,-13.400129,4222.98 -71.859716,-13.400086,4219.62 -71.859677,-13.400046,4216.85 -71.859644,-13.400081,4214.99 -71.859629,-13.400128,4213.22 -71.859594,-13.400167,4211.11 -71.859562,-13.400127,4208.63 -71.859554,-13.400080,4206.31 -71.859535,-13.400034,4203.07 -71.859488,-13.400022,4200.77 -71.859492,-13.399973,4197.94 -71.859440,-13.399973,4193.94 -71.859409,-13.399922,4190.91 -71.859388,-13.399879,4188.16 -71.859346,-13.399847,4185.53 -71.859284,-13.399822,4183.06 -71.859236,-13.399859,4181.21 -71.859222,-13.399909,4180.11 -71.859194,-13.399950,4179.04 -71.859258,-13.400097,4177.69 -71.859284,-13.400146,4176.56 -71.859315,-13.400197,4175.89 -71.859317,-13.400255,4175.36 -71.859315,-13.400300,4175.05 -71.859322,-13.400345,4175.19 -71.859307,-13.400425,4174.55 -71.859319,-13.400469,4173.64 -71.859257,-13.400457,4171.22 -71.859243,-13.400514,4168.91 -71.859192,-13.400477,4166.61 -71.859171,-13.400435,4165.14 -71.859149,-13.400389,4163.99 -71.859118,-13.400355,4161.52 -71.859089,-13.400303,4159.15 -71.859063,-13.400255,4157.04 -71.859040,-13.400196,4155.19 -71.858994,-13.400167,4153.31 -71.858972,-13.400120,4151.98 -71.858936,-13.400088,4150.61 -71.858947,-13.400044,4149.23 -71.858918,-13.399993,4147.40 -71.858875,-13.399965,4145.91 -71.858834,-13.399942,4143.58 -71.858793,-13.399908,4141.83 -71.858765,-13.399871,4139.65 -71.858732,-13.399829,4137.95 -71.858699,-13.399783,4136.23</coordinates>
        </LineString>
      </Placemark>
      <Placemark>
        <name>Apu Linli hike - Wikiloc-0</name>
        <snippet></snippet>
        <description>
&lt;table&gt;
&lt;tr&gt;&lt;td&gt;Longitude: -71.847410&lt;/td&gt;&lt;/tr&gt;
&lt;tr&gt;&lt;td&gt;Latitude: -13.411119&lt;/td&gt;&lt;/tr&gt;
&lt;tr&gt;&lt;td&gt;Altitude: 11093.376 ft&lt;/td&gt;&lt;/tr&gt;
&lt;tr&gt;&lt;td&gt;Time: 2021-02-19T16:26:26Z&lt;/td&gt;&lt;/tr&gt;
&lt;/table&gt;
</description>
        <LookAt>
          <longitude>-71.84741</longitude>
          <latitude>-13.411119</latitude>
          <tilt>66</tilt>
        </LookAt>
        <TimeStamp>
          <when>2021-02-19T16:26:26Z</when>
        </TimeStamp>
        <styleUrl>#track</styleUrl>
        <Point>
          <coordinates>-71.847410,-13.411119,3381.26</coordinates>
        </Point>
      </Placemark>
      <Placemark>
        <name>Apu Linli hike - Wikiloc-1</name>
        <snippet></snippet>
        <description>
&lt;table&gt;
&lt;tr&gt;&lt;td&gt;Longitude: -71.847359&lt;/td&gt;&lt;/tr&gt;
&lt;tr&gt;&lt;td&gt;Latitude: -13.411123&lt;/td&gt;&lt;/tr&gt;
&lt;tr&gt;&lt;td&gt;Altitude: 11095.541 ft&lt;/td&gt;&lt;/tr&gt;
&lt;tr&gt;&lt;td&gt;Speed: 2.5 mph&lt;/td&gt;&lt;/tr&gt;
&lt;tr&gt;&lt;td&gt;Heading: 94.6&lt;/td&gt;&lt;/tr&gt;
&lt;tr&gt;&lt;td&gt;Time: 2021-02-19T16:26:31Z&lt;/td&gt;&lt;/tr&gt;
&lt;/table&gt;
</description>
        <LookAt>
          <longitude>-71.847359</longitude>
          <latitude>-13.411123</latitude>
          <tilt>66</tilt>
        </LookAt>
        <TimeStamp>
          <when>2021-02-19T16:26:31Z</when>
        </TimeStamp>
        <styleUrl>#track</styleUrl>
        <Point>
          <coordinates>-71.847359,-13.411123,3381.92</coordinates>
        </Point>
      </Placemark>
      <Placemark>
        <name>Apu Linli hike - Wikiloc-2</name>
        <snippet></snippet>
        <description>
&lt;table&gt;
&lt;tr&gt;&lt;td&gt;Longitude: -71.847307&lt;/td&gt;&lt;/tr&gt;
&lt;tr&gt;&lt;td&gt;Latitude: -13.411110&lt;/td&gt;&lt;/tr&gt;
&lt;tr&gt;&lt;td&gt;Altitude: 11097.484 ft&lt;/td&gt;&lt;/tr&gt;
&lt;tr&gt;&lt;td&gt;Speed: 1.9 mph&lt;/td&gt;&lt;/tr&gt;
&lt;tr&gt;&lt;td&gt;Heading: 75.6&lt;/td&gt;&lt;/tr&gt;
&lt;tr&gt;&lt;td&gt;Time: 2021-02-19T16:26:38Z&lt;/td&gt;&lt;/tr&gt;
&lt;/table&gt;
</description>
        <LookAt>
          <longitude>-71.847307</longitude>
          <latitude>-13.41111</latitude>
          <tilt>66</tilt>
        </LookAt>
        <TimeStamp>
          <when>2021-02-19T16:26:38Z</when>
        </TimeStamp>
        <styleUrl>#track</styleUrl>
        <Point>
          <coordinates>-71.847307,-13.411110,3382.51</coordinates>
        </Point>
      </Placemark>
      <Placemark>
        <name>Apu Linli hike - Wikiloc-3</name>
        <snippet></snippet>
        <description>
&lt;table&gt;
&lt;tr&gt;&lt;td&gt;Longitude: -71.847264&lt;/td&gt;&lt;/tr&gt;
&lt;tr&gt;&lt;td&gt;Latitude: -13.411088&lt;/td&gt;&lt;/tr&gt;
&lt;tr&gt;&lt;td&gt;Altitude: 11100.420 ft&lt;/td&gt;&lt;/tr&gt;
&lt;tr&gt;&lt;td&gt;Speed: 2.0 mph&lt;/td&gt;&lt;/tr&gt;
&lt;tr&gt;&lt;td&gt;Heading: 62.3&lt;/td&gt;&lt;/tr&gt;
&lt;tr&gt;&lt;td&gt;Time: 2021-02-19T16:26:44Z&lt;/td&gt;&lt;/tr&gt;
&lt;/table&gt;
</description>
        <LookAt>
          <longitude>-71.847264</longitude>
          <latitude>-13.411088</latitude>
          <tilt>66</tilt>
        </LookAt>
        <TimeStamp>
          <when>2021-02-19T16:26:44Z</when>
        </TimeStamp>
        <styleUrl>#track</styleUrl>
        <Point>
          <coordinates>-71.847264,-13.411088,3383.41</coordinates>
        </Point>
      </Placemark>
      <Placemark>
        <name>Apu Linli hike - Wikiloc-4</name>
        <snippet></snippet>
        <description>
&lt;table&gt;
&lt;tr&gt;&lt;td&gt;Longitude: -71.847223&lt;/td&gt;&lt;/tr&gt;
&lt;tr&gt;&lt;td&gt;Latitude: -13.411065&lt;/td&gt;&lt;/tr&gt;
&lt;tr&gt;&lt;td&gt;Altitude: 11103.714 ft&lt;/td&gt;&lt;/tr&gt;
&lt;tr&gt;&lt;td&gt;Speed: 1.4 mph&lt;/td&gt;&lt;/tr&gt;
&lt;tr&gt;&lt;td&gt;Heading: 60.0&lt;/td&gt;&lt;/tr&gt;
&lt;tr&gt;&lt;td&gt;Time: 2021-02-19T16:26:52Z&lt;/td&gt;&lt;/tr&gt;
&lt;/table&gt;
</description>
        <LookAt>
          <longitude>-71.847223</longitude>
          <latitude>-13.411065</latitude>
          <tilt>66</tilt>
        </LookAt>
        <TimeStamp>
          <when>2021-02-19T16:26:52Z</when>
        </TimeStamp>
        <styleUrl>#track</styleUrl>
        <Point>
          <coordinates>-71.847223,-13.411065,3384.41</coordinates>
        </Point>
      </Placemark>
      <Placemark>
        <name>Apu Linli hike - Wikiloc-5</name>
        <snippet></snippet>
        <description>
&lt;table&gt;
&lt;tr&gt;&lt;td&gt;Longitude: -71.847249&lt;/td&gt;&lt;/tr&gt;
&lt;tr&gt;&lt;td&gt;Latitude: -13.411023&lt;/td&gt;&lt;/tr&gt;
&lt;tr&gt;&lt;td&gt;Altitude: 11103.156 ft&lt;/td&gt;&lt;/tr&gt;
&lt;tr&gt;&lt;td&gt;Speed: 1.1 mph&lt;/td&gt;&lt;/tr&gt;
&lt;tr&gt;&lt;td&gt;Heading: 328.9&lt;/td&gt;&lt;/tr&gt;
&lt;tr&gt;&lt;td&gt;Time: 2021-02-19T16:27:03Z&lt;/td&gt;&lt;/tr&gt;
&lt;/table&gt;
</description>
        <LookAt>
          <longitude>-71.847249</longitude>
          <latitude>-13.411023</latitude>
          <tilt>66</tilt>
        </LookAt>
        <TimeStamp>
          <when>2021-02-19T16:27:03Z</when>
        </TimeStamp>
        <styleUrl>#track</styleUrl>
        <Point>
          <coordinates>-71.847249,-13.411023,3384.24</coordinates>
        </Point>
      </Placemark>
      <Placemark>
        <name>Apu Linli hike - Wikiloc-6</name>
        <snippet></snippet>
        <description>
&lt;table&gt;
&lt;tr&gt;&lt;td&gt;Longitude: -71.847263&lt;/td&gt;&lt;/tr&gt;
&lt;tr&gt;&lt;td&gt;Latitude: -13.411067&lt;/td&gt;&lt;/tr&gt;
&lt;tr&gt;&lt;td&gt;Altitude: 11103.140 ft&lt;/td&gt;&lt;/tr&gt;
&lt;tr&gt;&lt;td&gt;Speed: 0.2 mph&lt;/td&gt;&lt;/tr&gt;
&lt;tr&gt;&lt;td&gt;Heading: 197.2&lt;/td&gt;&lt;/tr&gt;
&lt;tr&gt;&lt;td&gt;Time: 2021-02-19T16:28:14Z&lt;/td&gt;&lt;/tr&gt;
&lt;/table&gt;
</description>
        <LookAt>
          <longitude>-71.847263</longitude>
          <latitude>-13.411067</latitude>
          <tilt>66</tilt>
        </LookAt>
        <TimeStamp>
          <when>2021-02-19T16:28:14Z</when>
        </TimeStamp>
        <styleUrl>#track</styleUrl>
        <Point>
          <coordinates>-71.847263,-13.411067,3384.24</coordinates>
        </Point>
      </Placemark>
      <Placemark>
        <name>Apu Linli hike - Wikiloc-7</name>
        <snippet></snippet>
        <description>
&lt;table&gt;
&lt;tr&gt;&lt;td&gt;Longitude: -71.847212&lt;/td&gt;&lt;/tr&gt;
&lt;tr&gt;&lt;td&gt;Latitude: -13.411057&lt;/td&gt;&lt;/tr&gt;
&lt;tr&gt;&lt;td&gt;Altitude: 11104.649 ft&lt;/td&gt;&lt;/tr&gt;
&lt;tr&gt;&lt;td&gt;Speed: 0.5 mph&lt;/td&gt;&lt;/tr&gt;
&lt;tr&gt;&lt;td&gt;Heading: 78.6&lt;/td&gt;&lt;/tr&gt;
&lt;tr&gt;&lt;td&gt;Time: 2021-02-19T16:28:40Z&lt;/td&gt;&lt;/tr&gt;
&lt;/table&gt;
</description>
        <LookAt>
          <longitude>-71.847212</longitude>
          <latitude>-13.411057</latitude>
          <tilt>66</tilt>
        </LookAt>
        <TimeStamp>
          <when>2021-02-19T16:28:40Z</when>
        </TimeStamp>
        <styleUrl>#track</styleUrl>
        <Point>
          <coordinates>-71.847212,-13.411057,3384.70</coordinates>
        </Point>
      </Placemark>
      <Placemark>
        <name>Apu Linli hike - Wikiloc-8</name>
        <snippet></snippet>
        <description>
&lt;table&gt;
&lt;tr&gt;&lt;td&gt;Longitude: -71.847185&lt;/td&gt;&lt;/tr&gt;
&lt;tr&gt;&lt;td&gt;Latitude: -13.411018&lt;/td&gt;&lt;/tr&gt;
&lt;tr&gt;&lt;td&gt;Altitude: 11107.648 ft&lt;/td&gt;&lt;/tr&gt;
&lt;tr&gt;&lt;td&gt;Speed: 1.7 mph&lt;/td&gt;&lt;/tr&gt;
&lt;tr&gt;&lt;td&gt;Heading: 34.0&lt;/td&gt;&lt;/tr&gt;
&lt;tr&gt;&lt;td&gt;Time: 2021-02-19T16:28:47Z&lt;/td&gt;&lt;/tr&gt;
&lt;/table&gt;
</description>
        <LookAt>
          <longitude>-71.847185</longitude>
          <latitude>-13.411018</latitude>
          <tilt>66</tilt>
        </LookAt>
        <TimeStamp>
          <when>2021-02-19T16:28:47Z</when>
        </TimeStamp>
        <styleUrl>#track</styleUrl>
        <Point>
          <coordinates>-71.847185,-13.411018,3385.61</coordinates>
        </Point>
      </Placemark>
      <Placemark>
        <name>Apu Linli hike - Wikiloc-9</name>
        <snippet></snippet>
        <description>
&lt;table&gt;
&lt;tr&gt;&lt;td&gt;Longitude: -71.847231&lt;/td&gt;&lt;/tr&gt;
&lt;tr&gt;&lt;td&gt;Latitude: -13.411006&lt;/td&gt;&lt;/tr&gt;
&lt;tr&gt;&lt;td&gt;Altitude: 11112.064 ft&lt;/td&gt;&lt;/tr&gt;
&lt;tr&gt;&lt;td&gt;Speed: 2.3 mph&lt;/td&gt;&lt;/tr&gt;
&lt;tr&gt;&lt;td&gt;Heading: 285.0&lt;/td&gt;&lt;/tr&gt;
&lt;tr&gt;&lt;td&gt;Time: 2021-02-19T16:28:52Z&lt;/td&gt;&lt;/tr&gt;
&lt;/table&gt;
</description>
        <LookAt>
          <longitude>-71.847231</longitude>
          <latitude>-13.411006</latitude>
          <tilt>66</tilt>
        </LookAt>
        <TimeStamp>
          <when>2021-02-19T16:28:52Z</when>
        </TimeStamp>
        <styleUrl>#track</styleUrl>
        <Point>
          <coordinates>-71.847231,-13.411006,3386.96</coordinates>
        </Point>
      </Placemark>
      <Placemark>
        <name>Apu Linli hike - Wikiloc-10</name>
        <snippet></snippet>
        <description>
&lt;table&gt;
&lt;tr&gt;&lt;td&gt;Longitude: -71.847285&lt;/td&gt;&lt;/tr&gt;
&lt;tr&gt;&lt;td&gt;Latitude: -13.410991&lt;/td&gt;&lt;/tr&gt;
&lt;tr&gt;&lt;td&gt;Altitude: 11113.661 ft&lt;/td&gt;&lt;/tr&gt;
&lt;tr&gt;&lt;td&gt;Speed: 2.7 mph&lt;/td&gt;&lt;/tr&gt;
&lt;tr&gt;&lt;td&gt;Heading: 285.9&lt;/td&gt;&lt;/tr&gt;
&lt;tr&gt;&lt;td&gt;Time: 2021-02-19T16:28:57Z&lt;/td&gt;&lt;/tr&gt;
&lt;/table&gt;
</description>
        <LookAt>
          <longitude>-71.847285</longitude>
          <latitude>-13.410991</latitude>
          <tilt>66</tilt>
        </LookAt>
        <TimeStamp>
          <when>2021-02-19T16:28:57Z</when>
        </TimeStamp>
        <styleUrl>#track</styleUrl>
        <Point>
          <coordinates>-71.847285,-13.410991,3387.44</coordinates>
        </Point>
      </Placemark>
      <Placemark>
        <name>Apu Linli hike - Wikiloc-11</name>
        <snippet></snippet>
        <description>
&lt;table&gt;
&lt;tr&gt;&lt;td&gt;Longitude: -71.847331&lt;/td&gt;&lt;/tr&gt;
&lt;tr&gt;&lt;td&gt;Latitude: -13.410984&lt;/td&gt;&lt;/tr&gt;
&lt;tr&gt;&lt;td&gt;Altitude: 11114.580 ft&lt;/td&gt;&lt;/tr&gt;
&lt;tr&gt;&lt;td&gt;Speed: 2.8 mph&lt;/td&gt;&lt;/tr&gt;
&lt;tr&gt;&lt;td&gt;Heading: 278.9&lt;/td&gt;&lt;/tr&gt;
&lt;tr&gt;&lt;td&gt;Time: 2021-02-19T16:29:01Z&lt;/td&gt;&lt;/tr&gt;
&lt;/table&gt;
</description>
        <LookAt>
          <longitude>-71.847331</longitude>
          <latitude>-13.410984</latitude>
          <tilt>66</tilt>
        </LookAt>
        <TimeStamp>
          <when>2021-02-19T16:29:01Z</when>
        </TimeStamp>
        <styleUrl>#track</styleUrl>
        <Point>
          <coordinates>-71.847331,-13.410984,3387.72</coordinates>
        </Point>
      </Placemark>
      <Placemark>
        <name>Apu Linli hike - Wikiloc-12</name>
        <snippet></snippet>
        <description>
&lt;table&gt;
&lt;tr&gt;&lt;td&gt;Longitude: -71.847373&lt;/td&gt;&lt;/tr&gt;
&lt;tr&gt;&lt;td&gt;Latitude: -13.410959&lt;/td&gt;&lt;/tr&gt;
&lt;tr&gt;&lt;td&gt;Altitude: 11114.754 ft&lt;/td&gt;&lt;/tr&gt;
&lt;tr&gt;&lt;td&gt;Speed: 3.0 mph&lt;/td&gt;&lt;/tr&gt;
&lt;tr&gt;&lt;td&gt;Heading: 301.5&lt;/td&gt;&lt;/tr&gt;
&lt;tr&gt;&lt;td&gt;Time: 2021-02-19T16:29:05Z&lt;/td&gt;&lt;/tr&gt;
&lt;/table&gt;
</description>
        <LookAt>
          <longitude>-71.847373</longitude>
          <latitude>-13.410959</latitude>
          <tilt>66</tilt>
        </LookAt>
        <TimeStamp>
          <when>2021-02-19T16:29:05Z</when>
        </TimeStamp>
        <styleUrl>#track</styleUrl>
        <Point>
          <coordinates>-71.847373,-13.410959,3387.78</coordinates>
        </Point>
      </Placemark>
      <Placemark>
        <name>Apu Linli hike - Wikiloc-13</name>
        <snippet></snippet>
        <description>
&lt;table&gt;
&lt;tr&gt;&lt;td&gt;Longitude: -71.847419&lt;/td&gt;&lt;/tr&gt;
&lt;tr&gt;&lt;td&gt;Latitude: -13.410978&lt;/td&gt;&lt;/tr&gt;
&lt;tr&gt;&lt;td&gt;Altitude: 11117.982 ft&lt;/td&gt;&lt;/tr&gt;
&lt;tr&gt;&lt;td&gt;Speed: 1.5 mph&lt;/td&gt;&lt;/tr&gt;
&lt;tr&gt;&lt;td&gt;Heading: 247.0&lt;/td&gt;&lt;/tr&gt;
&lt;tr&gt;&lt;td&gt;Time: 2021-02-19T16:29:13Z&lt;/td&gt;&lt;/tr&gt;
&lt;/table&gt;
</description>
        <LookAt>
          <longitude>-71.847419</longitude>
          <latitude>-13.410978</latitude>
          <tilt>66</tilt>
        </LookAt>
        <TimeStamp>
          <when>2021-02-19T16:29:13Z</when>
        </TimeStamp>
        <styleUrl>#track</styleUrl>
        <Point>
          <coordinates>-71.847419,-13.410978,3388.76</coordinates>
        </Point>
      </Placemark>
      <Placemark>
        <name>Apu Linli hike - Wikiloc-14</name>
        <snippet></snippet>
        <description>
&lt;table&gt;
&lt;tr&gt;&lt;td&gt;Longitude: -71.847467&lt;/td&gt;&lt;/tr&gt;
&lt;tr&gt;&lt;td&gt;Latitude: -13.410986&lt;/td&gt;&lt;/tr&gt;
&lt;tr&gt;&lt;td&gt;Altitude: 11120.495 ft&lt;/td&gt;&lt;/tr&gt;
&lt;tr&gt;&lt;td&gt;Speed: 2.4 mph&lt;/td&gt;&lt;/tr&gt;
&lt;tr&gt;&lt;td&gt;Heading: 260.3&lt;/td&gt;&lt;/tr&gt;
&lt;tr&gt;&lt;td&gt;Time: 2021-02-19T16:29:18Z&lt;/td&gt;&lt;/tr&gt;
&lt;/table&gt;
</description>
        <LookAt>
          <longitude>-71.847467</longitude>
          <latitude>-13.410986</latitude>
          <tilt>66</tilt>
        </LookAt>
        <TimeStamp>
          <when>2021-02-19T16:29:18Z</when>
        </TimeStamp>
        <styleUrl>#track</styleUrl>
        <Point>
          <coordinates>-71.847467,-13.410986,3389.53</coordinates>
        </Point>
      </Placemark>
      <Placemark>
        <name>Apu Linli hike - Wikiloc-15</name>
        <snippet></snippet>
        <description>
&lt;table&gt;
&lt;tr&gt;&lt;td&gt;Longitude: -71.847513&lt;/td&gt;&lt;/tr&gt;
&lt;tr&gt;&lt;td&gt;Latitude: -13.410996&lt;/td&gt;&lt;/tr&gt;
&lt;tr&gt;&lt;td&gt;Altitude: 11126.667 ft&lt;/td&gt;&lt;/tr&gt;
&lt;tr&gt;&lt;td&gt;Speed: 2.3 mph&lt;/td&gt;&lt;/tr&gt;
&lt;tr&gt;&lt;td&gt;Heading: 257.4&lt;/td&gt;&lt;/tr&gt;
&lt;tr&gt;&lt;td&gt;Time: 2021-02-19T16:29:23Z&lt;/td&gt;&lt;/tr&gt;
&lt;/table&gt;
</description>
        <LookAt>
          <longitude>-71.847513</longitude>
          <latitude>-13.410996</latitude>
          <tilt>66</tilt>
        </LookAt>
        <TimeStamp>
          <when>2021-02-19T16:29:23Z</when>
        </TimeStamp>
        <styleUrl>#track</styleUrl>
        <Point>
          <coordinates>-71.847513,-13.410996,3391.41</coordinates>
        </Point>
      </Placemark>
      <Placemark>
        <name>Apu Linli hike - Wikiloc-16</name>
        <snippet></snippet>
        <description>
&lt;table&gt;
&lt;tr&gt;&lt;td&gt;Longitude: -71.847565&lt;/td&gt;&lt;/tr&gt;
&lt;tr&gt;&lt;td&gt;Latitude: -13.410986&lt;/td&gt;&lt;/tr&gt;
&lt;tr&gt;&lt;td&gt;Altitude: 11134.721 ft&lt;/td&gt;&lt;/tr&gt;
&lt;tr&gt;&lt;td&gt;Speed: 0.9 mph&lt;/td&gt;&lt;/tr&gt;
&lt;tr&gt;&lt;td&gt;Heading: 281.2&lt;/td&gt;&lt;/tr&gt;
&lt;tr&gt;&lt;td&gt;Time: 2021-02-19T16:29:38Z&lt;/td&gt;&lt;/tr&gt;
&lt;/table&gt;
</description>
        <LookAt>
          <longitude>-71.847565</longitude>
          <latitude>-13.410986</latitude>
          <tilt>66</tilt>
        </LookAt>
        <TimeStamp>
          <when>2021-02-19T16:29:38Z</when>
        </TimeStamp>
        <styleUrl>#track</styleUrl>
        <Point>
          <coordinates>-71.847565,-13.410986,3393.86</coordinates>
        </Point>
      </Placemark>
      <Placemark>
        <name>Apu Linli hike - Wikiloc-17</name>
        <snippet></snippet>
        <description>
&lt;table&gt;
&lt;tr&gt;&lt;td&gt;Longitude: -71.847615&lt;/td&gt;&lt;/tr&gt;
&lt;tr&gt;&lt;td&gt;Latitude: -13.410973&lt;/td&gt;&lt;/tr&gt;
&lt;tr&gt;&lt;td&gt;Altitude: 11140.003 ft&lt;/td&gt;&lt;/tr&gt;
&lt;tr&gt;&lt;td&gt;Speed: 0.6 mph&lt;/td&gt;&lt;/tr&gt;
&lt;tr&gt;&lt;td&gt;Heading: 285.0&lt;/td&gt;&lt;/tr&gt;
&lt;tr&gt;&lt;td&gt;Time: 2021-02-19T16:30:00Z&lt;/td&gt;&lt;/tr&gt;
&lt;/table&gt;
</description>
        <LookAt>
          <longitude>-71.847615</longitude>
          <latitude>-13.410973</latitude>
          <tilt>66</tilt>
        </LookAt>
        <TimeStamp>
          <when>2021-02-19T16:30:00Z</when>
        </TimeStamp>
        <styleUrl>#track</styleUrl>
        <Point>
          <coordinates>-71.847615,-13.410973,3395.47</coordinates>
        </Point>
      </Placemark>
      <Placemark>
        <name>Apu Linli hike - Wikiloc-18</name>
        <snippet></snippet>
        <description>
&lt;table&gt;
&lt;tr&gt;&lt;td&gt;Longitude: -71.847664&lt;/td&gt;&lt;/tr&gt;
&lt;tr&gt;&lt;td&gt;Latitude: -13.410962&lt;/td&gt;&lt;/tr&gt;
&lt;tr&gt;&lt;td&gt;Altitude: 11143.301 ft&lt;/td&gt;&lt;/tr&gt;
&lt;tr&gt;&lt;td&gt;Speed: 2.4 mph&lt;/td&gt;&lt;/tr&gt;
&lt;tr&gt;&lt;td&gt;Heading: 283.0&lt;/td&gt;&lt;/tr&gt;
&lt;tr&gt;&lt;td&gt;Time: 2021-02-19T16:30:05Z&lt;/td&gt;&lt;/tr&gt;
&lt;/table&gt;
</description>
        <LookAt>
          <longitude>-71.847664</longitude>
          <latitude>-13.410962</latitude>
          <tilt>66</tilt>
        </LookAt>
        <TimeStamp>
          <when>2021-02-19T16:30:05Z</when>
        </TimeStamp>
        <styleUrl>#track</styleUrl>
        <Point>
          <coordinates>-71.847664,-13.410962,3396.48</coordinates>
        </Point>
      </Placemark>
      <Placemark>
        <name>Apu Linli hike - Wikiloc-19</name>
        <snippet></snippet>
        <description>
&lt;table&gt;
&lt;tr&gt;&lt;td&gt;Longitude: -71.847711&lt;/td&gt;&lt;/tr&gt;
&lt;tr&gt;&lt;td&gt;Latitude: -13.410944&lt;/td&gt;&lt;/tr&gt;
&lt;tr&gt;&lt;td&gt;Altitude: 11146.089 ft&lt;/td&gt;&lt;/tr&gt;
&lt;tr&gt;&lt;td&gt;Speed: 2.0 mph&lt;/td&gt;&lt;/tr&gt;
&lt;tr&gt;&lt;td&gt;Heading: 291.5&lt;/td&gt;&lt;/tr&gt;
&lt;tr&gt;&lt;td&gt;Time: 2021-02-19T16:30:11Z&lt;/td&gt;&lt;/tr&gt;
&lt;/table&gt;
</description>
        <LookAt>
          <longitude>-71.847711</longitude>
          <latitude>-13.410944</latitude>
          <tilt>66</tilt>
        </LookAt>
        <TimeStamp>
          <when>2021-02-19T16:30:11Z</when>
        </TimeStamp>
        <styleUrl>#track</styleUrl>
        <Point>
          <coordinates>-71.847711,-13.410944,3397.33</coordinates>
        </Point>
      </Placemark>
      <Placemark>
        <name>Apu Linli hike - Wikiloc-20</name>
        <snippet></snippet>
        <description>
&lt;table&gt;
&lt;tr&gt;&lt;td&gt;Longitude: -71.847758&lt;/td&gt;&lt;/tr&gt;
&lt;tr&gt;&lt;td&gt;Latitude: -13.410935&lt;/td&gt;&lt;/tr&gt;
&lt;tr&gt;&lt;td&gt;Altitude: 11147.251 ft&lt;/td&gt;&lt;/tr&gt;
&lt;tr&gt;&lt;td&gt;Speed: 1.9 mph&lt;/td&gt;&lt;/tr&gt;
&lt;tr&gt;&lt;td&gt;Heading: 281.1&lt;/td&gt;&lt;/tr&gt;
&lt;tr&gt;&lt;td&gt;Time: 2021-02-19T16:30:17Z&lt;/td&gt;&lt;/tr&gt;
&lt;/table&gt;
</description>
        <LookAt>
          <longitude>-71.847758</longitude>
          <latitude>-13.410935</latitude>
          <tilt>66</tilt>
        </LookAt>
        <TimeStamp>
          <when>2021-02-19T16:30:17Z</when>
        </TimeStamp>
        <styleUrl>#track</styleUrl>
        <Point>
          <coordinates>-71.847758,-13.410935,3397.68</coordinates>
        </Point>
      </Placemark>
      <Placemark>
        <name>Apu Linli hike - Wikiloc-21</name>
        <snippet></snippet>
        <description>
&lt;table&gt;
&lt;tr&gt;&lt;td&gt;Longitude: -71.847731&lt;/td&gt;&lt;/tr&gt;
&lt;tr&gt;&lt;td&gt;Latitude: -13.410895&lt;/td&gt;&lt;/tr&gt;
&lt;tr&gt;&lt;td&gt;Altitude: 11149.928 ft&lt;/td&gt;&lt;/tr&gt;
&lt;tr&gt;&lt;td&gt;Speed: 0.9 mph&lt;/td&gt;&lt;/tr&gt;
&lt;tr&gt;&lt;td&gt;Heading: 33.3&lt;/td&gt;&lt;/tr&gt;
&lt;tr&gt;&lt;td&gt;Time: 2021-02-19T16:30:30Z&lt;/td&gt;&lt;/tr&gt;
&lt;/table&gt;
</description>
        <LookAt>
          <longitude>-71.847731</longitude>
          <latitude>-13.410895</latitude>
          <tilt>66</tilt>
        </LookAt>
        <TimeStamp>
          <when>2021-02-19T16:30:30Z</when>
        </TimeStamp>
        <styleUrl>#track</styleUrl>
        <Point>
          <coordinates>-71.847731,-13.410895,3398.50</coordinates>
        </Point>
      </Placemark>
      <Placemark>
        <name>Apu Linli hike - Wikiloc-22</name>
        <snippet></snippet>
        <description>
&lt;table&gt;
&lt;tr&gt;&lt;td&gt;Longitude: -71.847781&lt;/td&gt;&lt;/tr&gt;
&lt;tr&gt;&lt;td&gt;Latitude: -13.410921&lt;/td&gt;&lt;/tr&gt;
&lt;tr&gt;&lt;td&gt;Altitude: 11158.120 ft&lt;/td&gt;&lt;/tr&gt;
&lt;tr&gt;&lt;td&gt;Speed: 2.0 mph&lt;/td&gt;&lt;/tr&gt;
&lt;tr&gt;&lt;td&gt;Heading: 241.9&lt;/td&gt;&lt;/tr&gt;
&lt;tr&gt;&lt;td&gt;Time: 2021-02-19T16:30:37Z&lt;/td&gt;&lt;/tr&gt;
&lt;/table&gt;
</description>
        <LookAt>
          <longitude>-71.847781</longitude>
          <latitude>-13.410921</latitude>
          <tilt>66</tilt>
        </LookAt>
        <TimeStamp>
          <when>2021-02-19T16:30:37Z</when>
        </TimeStamp>
        <styleUrl>#track</styleUrl>
        <Point>
          <coordinates>-71.847781,-13.410921,3400.99</coordinates>
        </Point>
      </Placemark>
      <Placemark>
        <name>Apu Linli hike - Wikiloc-23</name>
        <snippet></snippet>
        <description>
&lt;table&gt;
&lt;tr&gt;&lt;td&gt;Longitude: -71.847814&lt;/td&gt;&lt;/tr&gt;
&lt;tr&gt;&lt;td&gt;Latitude: -13.410955&lt;/td&gt;&lt;/tr&gt;
&lt;tr&gt;&lt;td&gt;Altitude: 11166.191 ft&lt;/td&gt;&lt;/tr&gt;
&lt;tr&gt;&lt;td&gt;Speed: 1.5 mph&lt;/td&gt;&lt;/tr&gt;
&lt;tr&gt;&lt;td&gt;Heading: 223.4&lt;/td&gt;&lt;/tr&gt;
&lt;tr&gt;&lt;td&gt;Time: 2021-02-19T16:30:45Z&lt;/td&gt;&lt;/tr&gt;
&lt;/table&gt;
</description>
        <LookAt>
          <longitude>-71.847814</longitude>
          <latitude>-13.410955</latitude>
          <tilt>66</tilt>
        </LookAt>
        <TimeStamp>
          <when>2021-02-19T16:30:45Z</when>
        </TimeStamp>
        <styleUrl>#track</styleUrl>
        <Point>
          <coordinates>-71.847814,-13.410955,3403.45</coordinates>
        </Point>
      </Placemark>
      <Placemark>
        <name>Apu Linli hike - Wikiloc-24</name>
        <snippet></snippet>
        <description>
&lt;table&gt;
&lt;tr&gt;&lt;td&gt;Longitude: -71.847850&lt;/td&gt;&lt;/tr&gt;
&lt;tr&gt;&lt;td&gt;Latitude: -13.410984&lt;/td&gt;&lt;/tr&gt;
&lt;tr&gt;&lt;td&gt;Altitude: 11171.985 ft&lt;/td&gt;&lt;/tr&gt;
&lt;tr&gt;&lt;td&gt;Speed: 2.3 mph&lt;/td&gt;&lt;/tr&gt;
&lt;tr&gt;&lt;td&gt;Heading: 230.4&lt;/td&gt;&lt;/tr&gt;
&lt;tr&gt;&lt;td&gt;Time: 2021-02-19T16:30:50Z&lt;/td&gt;&lt;/tr&gt;
&lt;/table&gt;
</description>
        <LookAt>
          <longitude>-71.84785</longitude>
          <latitude>-13.410984</latitude>
          <tilt>66</tilt>
        </LookAt>
        <TimeStamp>
          <when>2021-02-19T16:30:50Z</when>
        </TimeStamp>
        <styleUrl>#track</styleUrl>
        <Point>
          <coordinates>-71.847850,-13.410984,3405.22</coordinates>
        </Point>
      </Placemark>
      <Placemark>
        <name>Apu Linli hike - Wikiloc-25</name>
        <snippet></snippet>
        <description>
&lt;table&gt;
&lt;tr&gt;&lt;td&gt;Longitude: -71.847898&lt;/td&gt;&lt;/tr&gt;
&lt;tr&gt;&lt;td&gt;Latitude: -13.411001&lt;/td&gt;&lt;/tr&gt;
&lt;tr&gt;&lt;td&gt;Altitude: 11176.316 ft&lt;/td&gt;&lt;/tr&gt;
&lt;tr&gt;&lt;td&gt;Speed: 3.1 mph&lt;/td&gt;&lt;/tr&gt;
&lt;tr&gt;&lt;td&gt;Heading: 250.0&lt;/td&gt;&lt;/tr&gt;
&lt;tr&gt;&lt;td&gt;Time: 2021-02-19T16:30:54Z&lt;/td&gt;&lt;/tr&gt;
&lt;/table&gt;
</description>
        <LookAt>
          <longitude>-71.847898</longitude>
          <latitude>-13.411001</latitude>
          <tilt>66</tilt>
        </LookAt>
        <TimeStamp>
          <when>2021-02-19T16:30:54Z</when>
        </TimeStamp>
        <styleUrl>#track</styleUrl>
        <Point>
          <coordinates>-71.847898,-13.411001,3406.54</coordinates>
        </Point>
      </Placemark>
      <Placemark>
        <name>Apu Linli hike - Wikiloc-26</name>
        <snippet></snippet>
        <description>
&lt;table&gt;
&lt;tr&gt;&lt;td&gt;Longitude: -71.847943&lt;/td&gt;&lt;/tr&gt;
&lt;tr&gt;&lt;td&gt;Latitude: -13.411012&lt;/td&gt;&lt;/tr&gt;
&lt;tr&gt;&lt;td&gt;Altitude: 11181.775 ft&lt;/td&gt;&lt;/tr&gt;
&lt;tr&gt;&lt;td&gt;Speed: 1.4 mph&lt;/td&gt;&lt;/tr&gt;
&lt;tr&gt;&lt;td&gt;Heading: 255.9&lt;/td&gt;&lt;/tr&gt;
&lt;tr&gt;&lt;td&gt;Time: 2021-02-19T16:31:02Z&lt;/td&gt;&lt;/tr&gt;
&lt;/table&gt;
</description>
        <LookAt>
          <longitude>-71.847943</longitude>
          <latitude>-13.411012</latitude>
          <tilt>66</tilt>
        </LookAt>
        <TimeStamp>
          <when>2021-02-19T16:31:02Z</when>
        </TimeStamp>
        <styleUrl>#track</styleUrl>
        <Point>
          <coordinates>-71.847943,-13.411012,3408.20</coordinates>
        </Point>
      </Placemark>
      <Placemark>
        <name>Apu Linli hike - Wikiloc-27</name>
        <snippet></snippet>
        <description>
&lt;table&gt;
&lt;tr&gt;&lt;td&gt;Longitude: -71.847937&lt;/td&gt;&lt;/tr&gt;
&lt;tr&gt;&lt;td&gt;Latitude: -13.410967&lt;/td&gt;&lt;/tr&gt;
&lt;tr&gt;&lt;td&gt;Altitude: 11185.394 ft&lt;/td&gt;&lt;/tr&gt;
&lt;tr&gt;&lt;td&gt;Speed: 1.9 mph&lt;/td&gt;&lt;/tr&gt;
&lt;tr&gt;&lt;td&gt;Heading: 7.4&lt;/td&gt;&lt;/tr&gt;
&lt;tr&gt;&lt;td&gt;Time: 2021-02-19T16:31:08Z&lt;/td&gt;&lt;/tr&gt;
&lt;/table&gt;
</description>
        <LookAt>
          <longitude>-71.847937</longitude>
          <latitude>-13.410967</latitude>
          <tilt>66</tilt>
        </LookAt>
        <TimeStamp>
          <when>2021-02-19T16:31:08Z</when>
        </TimeStamp>
        <styleUrl>#track</styleUrl>
        <Point>
          <coordinates>-71.847937,-13.410967,3409.31</coordinates>
        </Point>
      </Placemark>
      <Placemark>
        <name>Apu Linli hike - Wikiloc-28</name>
        <snippet></snippet>
        <description>
&lt;table&gt;
&lt;tr&gt;&lt;td&gt;Longitude: -71.847983&lt;/td&gt;&lt;/tr&gt;
&lt;tr&gt;&lt;td&gt;Latitude: -13.410988&lt;/td&gt;&lt;/tr&gt;
&lt;tr&gt;&lt;td&gt;Altitude: 11191.365 ft&lt;/td&gt;&lt;/tr&gt;
&lt;tr&gt;&lt;td&gt;Speed: 0.9 mph&lt;/td&gt;&lt;/tr&gt;
&lt;tr&gt;&lt;td&gt;Heading: 244.9&lt;/td&gt;&lt;/tr&gt;
&lt;tr&gt;&lt;td&gt;Time: 2021-02-19T16:31:22Z&lt;/td&gt;&lt;/tr&gt;
&lt;/table&gt;
</description>
        <LookAt>
          <longitude>-71.847983</longitude>
          <latitude>-13.410988</latitude>
          <tilt>66</tilt>
        </LookAt>
        <TimeStamp>
          <when>2021-02-19T16:31:22Z</when>
        </TimeStamp>
        <styleUrl>#track</styleUrl>
        <Point>
          <coordinates>-71.847983,-13.410988,3411.13</coordinates>
        </Point>
      </Placemark>
      <Placemark>
        <name>Apu Linli hike - Wikiloc-29</name>
        <snippet></snippet>
        <description>
&lt;table&gt;
&lt;tr&gt;&lt;td&gt;Longitude: -71.848037&lt;/td&gt;&lt;/tr&gt;
&lt;tr&gt;&lt;td&gt;Latitude: -13.410972&lt;/td&gt;&lt;/tr&gt;
&lt;tr&gt;&lt;td&gt;Altitude: 11199.075 ft&lt;/td&gt;&lt;/tr&gt;
&lt;tr&gt;&lt;td&gt;Speed: 1.5 mph&lt;/td&gt;&lt;/tr&gt;
&lt;tr&gt;&lt;td&gt;Heading: 286.9&lt;/td&gt;&lt;/tr&gt;
&lt;tr&gt;&lt;td&gt;Time: 2021-02-19T16:31:31Z&lt;/td&gt;&lt;/tr&gt;
&lt;/table&gt;
</description>
        <LookAt>
          <longitude>-71.848037</longitude>
          <latitude>-13.410972</latitude>
          <tilt>66</tilt>
        </LookAt>
        <TimeStamp>
          <when>2021-02-19T16:31:31Z</when>
        </TimeStamp>
        <styleUrl>#track</styleUrl>
        <Point>
          <coordinates>-71.848037,-13.410972,3413.48</coordinates>
        </Point>
      </Placemark>
      <Placemark>
        <name>Apu Linli hike - Wikiloc-30</name>
        <snippet></snippet>
        <description>
&lt;table&gt;
&lt;tr&gt;&lt;td&gt;Longitude: -71.848032&lt;/td&gt;&lt;/tr&gt;
&lt;tr&gt;&lt;td&gt;Latitude: -13.410921&lt;/td&gt;&lt;/tr&gt;
&lt;tr&gt;&lt;td&gt;Altitude: 11209.557 ft&lt;/td&gt;&lt;/tr&gt;
&lt;tr&gt;&lt;td&gt;Speed: 1.0 mph&lt;/td&gt;&lt;/tr&gt;
&lt;tr&gt;&lt;td&gt;Heading: 5.4&lt;/td&gt;&lt;/tr&gt;
&lt;tr&gt;&lt;td&gt;Time: 2021-02-19T16:31:44Z&lt;/td&gt;&lt;/tr&gt;
&lt;/table&gt;
</description>
        <LookAt>
          <longitude>-71.848032</longitude>
          <latitude>-13.410921</latitude>
          <tilt>66</tilt>
        </LookAt>
        <TimeStamp>
          <when>2021-02-19T16:31:44Z</when>
        </TimeStamp>
        <styleUrl>#track</styleUrl>
        <Point>
          <coordinates>-71.848032,-13.410921,3416.67</coordinates>
        </Point>
      </Placemark>
      <Placemark>
        <name>Apu Linli hike - Wikiloc-31</name>
        <snippet></snippet>
        <description>
&lt;table&gt;
&lt;tr&gt;&lt;td&gt;Longitude: -71.848009&lt;/td&gt;&lt;/tr&gt;
&lt;tr&gt;&lt;td&gt;Latitude: -13.410881&lt;/td&gt;&lt;/tr&gt;
&lt;tr&gt;&lt;td&gt;Altitude: 11221.073 ft&lt;/td&gt;&lt;/tr&gt;
&lt;tr&gt;&lt;td&gt;Speed: 1.3 mph&lt;/td&gt;&lt;/tr&gt;
&lt;tr&gt;&lt;td&gt;Heading: 29.2&lt;/td&gt;&lt;/tr&gt;
&lt;tr&gt;&lt;td&gt;Time: 2021-02-19T16:31:53Z&lt;/td&gt;&lt;/tr&gt;
&lt;/table&gt;
</description>
        <LookAt>
          <longitude>-71.848009</longitude>
          <latitude>-13.410881</latitude>
          <tilt>66</tilt>
        </LookAt>
        <TimeStamp>
          <when>2021-02-19T16:31:53Z</when>
        </TimeStamp>
        <styleUrl>#track</styleUrl>
        <Point>
          <coordinates>-71.848009,-13.410881,3420.18</coordinates>
        </Point>
      </Placemark>
      <Placemark>
        <name>Apu Linli hike - Wikiloc-32</name>
        <snippet></snippet>
        <description>
&lt;table&gt;
&lt;tr&gt;&lt;td&gt;Longitude: -71.848030&lt;/td&gt;&lt;/tr&gt;
&lt;tr&gt;&lt;td&gt;Latitude: -13.410805&lt;/td&gt;&lt;/tr&gt;
&lt;tr&gt;&lt;td&gt;Altitude: 11224.564 ft&lt;/td&gt;&lt;/tr&gt;
&lt;tr&gt;&lt;td&gt;Speed: 2.4 mph&lt;/td&gt;&lt;/tr&gt;
&lt;tr&gt;&lt;td&gt;Heading: 345.0&lt;/td&gt;&lt;/tr&gt;
&lt;tr&gt;&lt;td&gt;Time: 2021-02-19T16:32:01Z&lt;/td&gt;&lt;/tr&gt;
&lt;/table&gt;
</description>
        <LookAt>
          <longitude>-71.84803</longitude>
          <latitude>-13.410805</latitude>
          <tilt>66</tilt>
        </LookAt>
        <TimeStamp>
          <when>2021-02-19T16:32:01Z</when>
        </TimeStamp>
        <styleUrl>#track</styleUrl>
        <Point>
          <coordinates>-71.848030,-13.410805,3421.25</coordinates>
        </Point>
      </Placemark>
      <Placemark>
        <name>Apu Linli hike - Wikiloc-33</name>
        <snippet></snippet>
        <description>
&lt;table&gt;
&lt;tr&gt;&lt;td&gt;Longitude: -71.847979&lt;/td&gt;&lt;/tr&gt;
&lt;tr&gt;&lt;td&gt;Latitude: -13.410809&lt;/td&gt;&lt;/tr&gt;
&lt;tr&gt;&lt;td&gt;Altitude: 11234.787 ft&lt;/td&gt;&lt;/tr&gt;
&lt;tr&gt;&lt;td&gt;Speed: 1.8 mph&lt;/td&gt;&lt;/tr&gt;
&lt;tr&gt;&lt;td&gt;Heading: 94.6&lt;/td&gt;&lt;/tr&gt;
&lt;tr&gt;&lt;td&gt;Time: 2021-02-19T16:32:08Z&lt;/td&gt;&lt;/tr&gt;
&lt;/table&gt;
</description>
        <LookAt>
          <longitude>-71.847979</longitude>
          <latitude>-13.410809</latitude>
          <tilt>66</tilt>
        </LookAt>
        <TimeStamp>
          <when>2021-02-19T16:32:08Z</when>
        </TimeStamp>
        <styleUrl>#track</styleUrl>
        <Point>
          <coordinates>-71.847979,-13.410809,3424.36</coordinates>
        </Point>
      </Placemark>
      <Placemark>
        <name>Apu Linli hike - Wikiloc-34</name>
        <snippet></snippet>
        <description>
&lt;table&gt;
&lt;tr&gt;&lt;td&gt;Longitude: -71.848016&lt;/td&gt;&lt;/tr&gt;
&lt;tr&gt;&lt;td&gt;Latitude: -13.410772&lt;/td&gt;&lt;/tr&gt;
&lt;tr&gt;&lt;td&gt;Altitude: 11245.243 ft&lt;/td&gt;&lt;/tr&gt;
&lt;tr&gt;&lt;td&gt;Speed: 2.1 mph&lt;/td&gt;&lt;/tr&gt;
&lt;tr&gt;&lt;td&gt;Heading: 315.8&lt;/td&gt;&lt;/tr&gt;
&lt;tr&gt;&lt;td&gt;Time: 2021-02-19T16:32:14Z&lt;/td&gt;&lt;/tr&gt;
&lt;/table&gt;
</description>
        <LookAt>
          <longitude>-71.848016</longitude>
          <latitude>-13.410772</latitude>
          <tilt>66</tilt>
        </LookAt>
        <TimeStamp>
          <when>2021-02-19T16:32:14Z</when>
        </TimeStamp>
        <styleUrl>#track</styleUrl>
        <Point>
          <coordinates>-71.848016,-13.410772,3427.55</coordinates>
        </Point>
      </Placemark>
      <Placemark>
        <name>Apu Linli hike - Wikiloc-35</name>
        <snippet></snippet>
        <description>
&lt;table&gt;
&lt;tr&gt;&lt;td&gt;Longitude: -71.848075&lt;/td&gt;&lt;/tr&gt;
&lt;tr&gt;&lt;td&gt;Latitude: -13.410745&lt;/td&gt;&lt;/tr&gt;
&lt;tr&gt;&lt;td&gt;Altitude: 11252.854 ft&lt;/td&gt;&lt;/tr&gt;
&lt;tr&gt;&lt;td&gt;Speed: 2.0 mph&lt;/td&gt;&lt;/tr&gt;
&lt;tr&gt;&lt;td&gt;Heading: 295.2&lt;/td&gt;&lt;/tr&gt;
&lt;tr&gt;&lt;td&gt;Time: 2021-02-19T16:32:22Z&lt;/td&gt;&lt;/tr&gt;
&lt;/table&gt;
</description>
        <LookAt>
          <longitude>-71.848075</longitude>
          <latitude>-13.410745</latitude>
          <tilt>66</tilt>
        </LookAt>
        <TimeStamp>
          <when>2021-02-19T16:32:22Z</when>
        </TimeStamp>
        <styleUrl>#track</styleUrl>
        <Point>
          <coordinates>-71.848075,-13.410745,3429.87</coordinates>
        </Point>
      </Placemark>
      <Placemark>
        <name>Apu Linli hike - Wikiloc-36</name>
        <snippet></snippet>
        <description>
&lt;table&gt;
&lt;tr&gt;&lt;td&gt;Longitude: -71.848053&lt;/td&gt;&lt;/tr&gt;
&lt;tr&gt;&lt;td&gt;Latitude: -13.410692&lt;/td&gt;&lt;/tr&gt;
&lt;tr&gt;&lt;td&gt;Altitude: 11259.455 ft&lt;/td&gt;&lt;/tr&gt;
&lt;tr&gt;&lt;td&gt;Speed: 1.8 mph&lt;/td&gt;&lt;/tr&gt;
&lt;tr&gt;&lt;td&gt;Heading: 22.0&lt;/td&gt;&lt;/tr&gt;
&lt;tr&gt;&lt;td&gt;Time: 2021-02-19T16:32:30Z&lt;/td&gt;&lt;/tr&gt;
&lt;/table&gt;
</description>
        <LookAt>
          <longitude>-71.848053</longitude>
          <latitude>-13.410692</latitude>
          <tilt>66</tilt>
        </LookAt>
        <TimeStamp>
          <when>2021-02-19T16:32:30Z</when>
        </TimeStamp>
        <styleUrl>#track</styleUrl>
        <Point>
          <coordinates>-71.848053,-13.410692,3431.88</coordinates>
        </Point>
      </Placemark>
      <Placemark>
        <name>Apu Linli hike - Wikiloc-37</name>
        <snippet></snippet>
        <description>
&lt;table&gt;
&lt;tr&gt;&lt;td&gt;Longitude: -71.848067&lt;/td&gt;&lt;/tr&gt;
&lt;tr&gt;&lt;td&gt;Latitude: -13.410648&lt;/td&gt;&lt;/tr&gt;
&lt;tr&gt;&lt;td&gt;Altitude: 11267.858 ft&lt;/td&gt;&lt;/tr&gt;
&lt;tr&gt;&lt;td&gt;Speed: 0.7 mph&lt;/td&gt;&lt;/tr&gt;
&lt;tr&gt;&lt;td&gt;Heading: 342.8&lt;/td&gt;&lt;/tr&gt;
&lt;tr&gt;&lt;td&gt;Time: 2021-02-19T16:32:46Z&lt;/td&gt;&lt;/tr&gt;
&lt;/table&gt;
</description>
        <LookAt>
          <longitude>-71.848067</longitude>
          <latitude>-13.410648</latitude>
          <tilt>66</tilt>
        </LookAt>
        <TimeStamp>
          <when>2021-02-19T16:32:46Z</when>
        </TimeStamp>
        <styleUrl>#track</styleUrl>
        <Point>
          <coordinates>-71.848067,-13.410648,3434.44</coordinates>
        </Point>
      </Placemark>
      <Placemark>
        <name>Apu Linli hike - Wikiloc-38</name>
        <snippet></snippet>
        <description>
&lt;table&gt;
&lt;tr&gt;&lt;td&gt;Longitude: -71.848048&lt;/td&gt;&lt;/tr&gt;
&lt;tr&gt;&lt;td&gt;Latitude: -13.410599&lt;/td&gt;&lt;/tr&gt;
&lt;tr&gt;&lt;td&gt;Altitude: 11276.631 ft&lt;/td&gt;&lt;/tr&gt;
&lt;tr&gt;&lt;td&gt;Speed: 1.1 mph&lt;/td&gt;&lt;/tr&gt;
&lt;tr&gt;&lt;td&gt;Heading: 20.7&lt;/td&gt;&lt;/tr&gt;
&lt;tr&gt;&lt;td&gt;Time: 2021-02-19T16:32:58Z&lt;/td&gt;&lt;/tr&gt;
&lt;/table&gt;
</description>
        <LookAt>
          <longitude>-71.848048</longitude>
          <latitude>-13.410599</latitude>
          <tilt>66</tilt>
        </LookAt>
        <TimeStamp>
          <when>2021-02-19T16:32:58Z</when>
        </TimeStamp>
        <styleUrl>#track</styleUrl>
        <Point>
          <coordinates>-71.848048,-13.410599,3437.12</coordinates>
        </Point>
      </Placemark>
      <Placemark>
        <name>Apu Linli hike - Wikiloc-39</name>
        <snippet></snippet>
        <description>
&lt;table&gt;
&lt;tr&gt;&lt;td&gt;Longitude: -71.847989&lt;/td&gt;&lt;/tr&gt;
&lt;tr&gt;&lt;td&gt;Latitude: -13.410610&lt;/td&gt;&lt;/tr&gt;
&lt;tr&gt;&lt;td&gt;Altitude: 11286.772 ft&lt;/td&gt;&lt;/tr&gt;
&lt;tr&gt;&lt;td&gt;Speed: 0.9 mph&lt;/td&gt;&lt;/tr&gt;
&lt;tr&gt;&lt;td&gt;Heading: 100.9&lt;/td&gt;&lt;/tr&gt;
&lt;tr&gt;&lt;td&gt;Time: 2021-02-19T16:33:14Z&lt;/td&gt;&lt;/tr&gt;
&lt;/table&gt;
</description>
        <LookAt>
          <longitude>-71.847989</longitude>
          <latitude>-13.41061</latitude>
          <tilt>66</tilt>
        </LookAt>
        <TimeStamp>
          <when>2021-02-19T16:33:14Z</when>
        </TimeStamp>
        <styleUrl>#track</styleUrl>
        <Point>
          <coordinates>-71.847989,-13.410610,3440.21</coordinates>
        </Point>
      </Placemark>
      <Placemark>
        <name>Apu Linli hike - Wikiloc-40</name>
        <snippet></snippet>
        <description>
&lt;table&gt;
&lt;tr&gt;&lt;td&gt;Longitude: -71.847893&lt;/td&gt;&lt;/tr&gt;
&lt;tr&gt;&lt;td&gt;Latitude: -13.410475&lt;/td&gt;&lt;/tr&gt;
&lt;tr&gt;&lt;td&gt;Altitude: 11297.126 ft&lt;/td&gt;&lt;/tr&gt;
&lt;tr&gt;&lt;td&gt;Speed: 0.3 mph&lt;/td&gt;&lt;/tr&gt;
&lt;tr&gt;&lt;td&gt;Heading: 34.7&lt;/td&gt;&lt;/tr&gt;
&lt;tr&gt;&lt;td&gt;Time: 2021-02-19T16:35:47Z&lt;/td&gt;&lt;/tr&gt;
&lt;/table&gt;
</description>
        <LookAt>
          <longitude>-71.847893</longitude>
          <latitude>-13.410475</latitude>
          <tilt>66</tilt>
        </LookAt>
        <TimeStamp>
          <when>2021-02-19T16:35:47Z</when>
        </TimeStamp>
        <styleUrl>#track</styleUrl>
        <Point>
          <coordinates>-71.847893,-13.410475,3443.36</coordinates>
        </Point>
      </Placemark>
      <Placemark>
        <name>Apu Linli hike - Wikiloc-41</name>
        <snippet></snippet>
        <description>
&lt;table&gt;
&lt;tr&gt;&lt;td&gt;Longitude: -71.847847&lt;/td&gt;&lt;/tr&gt;
&lt;tr&gt;&lt;td&gt;Latitude: -13.410338&lt;/td&gt;&lt;/tr&gt;
&lt;tr&gt;&lt;td&gt;Altitude: 11305.951 ft&lt;/td&gt;&lt;/tr&gt;
&lt;tr&gt;&lt;td&gt;Speed: 4.5 mph&lt;/td&gt;&lt;/tr&gt;
&lt;tr&gt;&lt;td&gt;Heading: 18.1&lt;/td&gt;&lt;/tr&gt;
&lt;tr&gt;&lt;td&gt;Time: 2021-02-19T16:35:55Z&lt;/td&gt;&lt;/tr&gt;
&lt;/table&gt;
</description>
        <LookAt>
          <longitude>-71.847847</longitude>
          <latitude>-13.410338</latitude>
          <tilt>66</tilt>
        </LookAt>
        <TimeStamp>
          <when>2021-02-19T16:35:55Z</when>
        </TimeStamp>
        <styleUrl>#track</styleUrl>
        <Point>
          <coordinates>-71.847847,-13.410338,3446.05</coordinates>
        </Point>
      </Placemark>
      <Placemark>
        <name>Apu Linli hike - Wikiloc-42</name>
        <snippet></snippet>
        <description>
&lt;table&gt;
&lt;tr&gt;&lt;td&gt;Longitude: -71.847785&lt;/td&gt;&lt;/tr&gt;
&lt;tr&gt;&lt;td&gt;Latitude: -13.410276&lt;/td&gt;&lt;/tr&gt;
&lt;tr&gt;&lt;td&gt;Altitude: 11314.465 ft&lt;/td&gt;&lt;/tr&gt;
&lt;tr&gt;&lt;td&gt;Speed: 2.7 mph&lt;/td&gt;&lt;/tr&gt;
&lt;tr&gt;&lt;td&gt;Heading: 44.2&lt;/td&gt;&lt;/tr&gt;
&lt;tr&gt;&lt;td&gt;Time: 2021-02-19T16:36:03Z&lt;/td&gt;&lt;/tr&gt;
&lt;/table&gt;
</description>
        <LookAt>
          <longitude>-71.847785</longitude>
          <latitude>-13.410276</latitude>
          <tilt>66</tilt>
        </LookAt>
        <TimeStamp>
          <when>2021-02-19T16:36:03Z</when>
        </TimeStamp>
        <styleUrl>#track</styleUrl>
        <Point>
          <coordinates>-71.847785,-13.410276,3448.65</coordinates>
        </Point>
      </Placemark>
      <Placemark>
        <name>Apu Linli hike - Wikiloc-43</name>
        <snippet></snippet>
        <description>
&lt;table&gt;
&lt;tr&gt;&lt;td&gt;Longitude: -71.847737&lt;/td&gt;&lt;/tr&gt;
&lt;tr&gt;&lt;td&gt;Latitude: -13.410209&lt;/td&gt;&lt;/tr&gt;
&lt;tr&gt;&lt;td&gt;Altitude: 11321.486 ft&lt;/td&gt;&lt;/tr&gt;
&lt;tr&gt;&lt;td&gt;Speed: 2.5 mph&lt;/td&gt;&lt;/tr&gt;
&lt;tr&gt;&lt;td&gt;Heading: 34.9&lt;/td&gt;&lt;/tr&gt;
&lt;tr&gt;&lt;td&gt;Time: 2021-02-19T16:36:11Z&lt;/td&gt;&lt;/tr&gt;
&lt;/table&gt;
</description>
        <LookAt>
          <longitude>-71.847737</longitude>
          <latitude>-13.410209</latitude>
          <tilt>66</tilt>
        </LookAt>
        <TimeStamp>
          <when>2021-02-19T16:36:11Z</when>
        </TimeStamp>
        <styleUrl>#track</styleUrl>
        <Point>
          <coordinates>-71.847737,-13.410209,3450.79</coordinates>
        </Point>
      </Placemark>
      <Placemark>
        <name>Apu Linli hike - Wikiloc-44</name>
        <snippet></snippet>
        <description>
&lt;table&gt;
&lt;tr&gt;&lt;td&gt;Longitude: -71.847760&lt;/td&gt;&lt;/tr&gt;
&lt;tr&gt;&lt;td&gt;Latitude: -13.410135&lt;/td&gt;&lt;/tr&gt;
&lt;tr&gt;&lt;td&gt;Altitude: 11334.360 ft&lt;/td&gt;&lt;/tr&gt;
&lt;tr&gt;&lt;td&gt;Speed: 0.8 mph&lt;/td&gt;&lt;/tr&gt;
&lt;tr&gt;&lt;td&gt;Heading: 343.2&lt;/td&gt;&lt;/tr&gt;
&lt;tr&gt;&lt;td&gt;Time: 2021-02-19T16:36:35Z&lt;/td&gt;&lt;/tr&gt;
&lt;/table&gt;
</description>
        <LookAt>
          <longitude>-71.84776</longitude>
          <latitude>-13.410135</latitude>
          <tilt>66</tilt>
        </LookAt>
        <TimeStamp>
          <when>2021-02-19T16:36:35Z</when>
        </TimeStamp>
        <styleUrl>#track</styleUrl>
        <Point>
          <coordinates>-71.847760,-13.410135,3454.71</coordinates>
        </Point>
      </Placemark>
      <Placemark>
        <name>Apu Linli hike - Wikiloc-45</name>
        <snippet></snippet>
        <description>
&lt;table&gt;
&lt;tr&gt;&lt;td&gt;Longitude: -71.847768&lt;/td&gt;&lt;/tr&gt;
&lt;tr&gt;&lt;td&gt;Latitude: -13.410089&lt;/td&gt;&lt;/tr&gt;
&lt;tr&gt;&lt;td&gt;Altitude: 11340.745 ft&lt;/td&gt;&lt;/tr&gt;
&lt;tr&gt;&lt;td&gt;Speed: 0.1 mph&lt;/td&gt;&lt;/tr&gt;
&lt;tr&gt;&lt;td&gt;Heading: 350.4&lt;/td&gt;&lt;/tr&gt;
&lt;tr&gt;&lt;td&gt;Time: 2021-02-19T16:38:18Z&lt;/td&gt;&lt;/tr&gt;
&lt;/table&gt;
</description>
        <LookAt>
          <longitude>-71.847768</longitude>
          <latitude>-13.410089</latitude>
          <tilt>66</tilt>
        </LookAt>
        <TimeStamp>
          <when>2021-02-19T16:38:18Z</when>
        </TimeStamp>
        <styleUrl>#track</styleUrl>
        <Point>
          <coordinates>-71.847768,-13.410089,3456.66</coordinates>
        </Point>
      </Placemark>
      <Placemark>
        <name>Apu Linli hike - Wikiloc-46</name>
        <snippet></snippet>
        <description>
&lt;table&gt;
&lt;tr&gt;&lt;td&gt;Longitude: -71.847733&lt;/td&gt;&lt;/tr&gt;
&lt;tr&gt;&lt;td&gt;Latitude: -13.409942&lt;/td&gt;&lt;/tr&gt;
&lt;tr&gt;&lt;td&gt;Altitude: 11344.475 ft&lt;/td&gt;&lt;/tr&gt;
&lt;tr&gt;&lt;td&gt;Speed: 1.3 mph&lt;/td&gt;&lt;/tr&gt;
&lt;tr&gt;&lt;td&gt;Heading: 13.0&lt;/td&gt;&lt;/tr&gt;
&lt;tr&gt;&lt;td&gt;Time: 2021-02-19T16:38:48Z&lt;/td&gt;&lt;/tr&gt;
&lt;/table&gt;
</description>
        <LookAt>
          <longitude>-71.847733</longitude>
          <latitude>-13.409942</latitude>
          <tilt>66</tilt>
        </LookAt>
        <TimeStamp>
          <when>2021-02-19T16:38:48Z</when>
        </TimeStamp>
        <styleUrl>#track</styleUrl>
        <Point>
          <coordinates>-71.847733,-13.409942,3457.80</coordinates>
        </Point>
      </Placemark>
      <Placemark>
        <name>Apu Linli hike - Wikiloc-47</name>
        <snippet></snippet>
        <description>
&lt;table&gt;
&lt;tr&gt;&lt;td&gt;Longitude: -71.847704&lt;/td&gt;&lt;/tr&gt;
&lt;tr&gt;&lt;td&gt;Latitude: -13.409889&lt;/td&gt;&lt;/tr&gt;
&lt;tr&gt;&lt;td&gt;Altitude: 11355.138 ft&lt;/td&gt;&lt;/tr&gt;
&lt;tr&gt;&lt;td&gt;Speed: 3.0 mph&lt;/td&gt;&lt;/tr&gt;
&lt;tr&gt;&lt;td&gt;Heading: 28.0&lt;/td&gt;&lt;/tr&gt;
&lt;tr&gt;&lt;td&gt;Time: 2021-02-19T16:38:53Z&lt;/td&gt;&lt;/tr&gt;
&lt;/table&gt;
</description>
        <LookAt>
          <longitude>-71.847704</longitude>
          <latitude>-13.409889</latitude>
          <tilt>66</tilt>
        </LookAt>
        <TimeStamp>
          <when>2021-02-19T16:38:53Z</when>
        </TimeStamp>
        <styleUrl>#track</styleUrl>
        <Point>
          <coordinates>-71.847704,-13.409889,3461.05</coordinates>
        </Point>
      </Placemark>
      <Placemark>
        <name>Apu Linli hike - Wikiloc-48</name>
        <snippet></snippet>
        <description>
&lt;table&gt;
&lt;tr&gt;&lt;td&gt;Longitude: -71.847714&lt;/td&gt;&lt;/tr&gt;
&lt;tr&gt;&lt;td&gt;Latitude: -13.409799&lt;/td&gt;&lt;/tr&gt;
&lt;tr&gt;&lt;td&gt;Altitude: 11363.356 ft&lt;/td&gt;&lt;/tr&gt;
&lt;tr&gt;&lt;td&gt;Speed: 2.3 mph&lt;/td&gt;&lt;/tr&gt;
&lt;tr&gt;&lt;td&gt;Heading: 353.8&lt;/td&gt;&lt;/tr&gt;
&lt;tr&gt;&lt;td&gt;Time: 2021-02-19T16:39:03Z&lt;/td&gt;&lt;/tr&gt;
&lt;/table&gt;
</description>
        <LookAt>
          <longitude>-71.847714</longitude>
          <latitude>-13.409799</latitude>
          <tilt>66</tilt>
        </LookAt>
        <TimeStamp>
          <when>2021-02-19T16:39:03Z</when>
        </TimeStamp>
        <styleUrl>#track</styleUrl>
        <Point>
          <coordinates>-71.847714,-13.409799,3463.55</coordinates>
        </Point>
      </Placemark>
      <Placemark>
        <name>Apu Linli hike - Wikiloc-49</name>
        <snippet></snippet>
        <description>
&lt;table&gt;
&lt;tr&gt;&lt;td&gt;Longitude: -71.847687&lt;/td&gt;&lt;/tr&gt;
&lt;tr&gt;&lt;td&gt;Latitude: -13.409756&lt;/td&gt;&lt;/tr&gt;
&lt;tr&gt;&lt;td&gt;Altitude: 11369.426 ft&lt;/td&gt;&lt;/tr&gt;
&lt;tr&gt;&lt;td&gt;Speed: 2.5 mph&lt;/td&gt;&lt;/tr&gt;
&lt;tr&gt;&lt;td&gt;Heading: 31.4&lt;/td&gt;&lt;/tr&gt;
&lt;tr&gt;&lt;td&gt;Time: 2021-02-19T16:39:08Z&lt;/td&gt;&lt;/tr&gt;
&lt;/table&gt;
</description>
        <LookAt>
          <longitude>-71.847687</longitude>
          <latitude>-13.409756</latitude>
          <tilt>66</tilt>
        </LookAt>
        <TimeStamp>
          <when>2021-02-19T16:39:08Z</when>
        </TimeStamp>
        <styleUrl>#track</styleUrl>
        <Point>
          <coordinates>-71.847687,-13.409756,3465.40</coordinates>
        </Point>
      </Placemark>
      <Placemark>
        <name>Apu Linli hike - Wikiloc-50</name>
        <snippet></snippet>
        <description>
&lt;table&gt;
&lt;tr&gt;&lt;td&gt;Longitude: -71.847639&lt;/td&gt;&lt;/tr&gt;
&lt;tr&gt;&lt;td&gt;Latitude: -13.409734&lt;/td&gt;&lt;/tr&gt;
&lt;tr&gt;&lt;td&gt;Altitude: 11375.364 ft&lt;/td&gt;&lt;/tr&gt;
&lt;tr&gt;&lt;td&gt;Speed: 2.6 mph&lt;/td&gt;&lt;/tr&gt;
&lt;tr&gt;&lt;td&gt;Heading: 64.8&lt;/td&gt;&lt;/tr&gt;
&lt;tr&gt;&lt;td&gt;Time: 2021-02-19T16:39:13Z&lt;/td&gt;&lt;/tr&gt;
&lt;/table&gt;
</description>
        <LookAt>
          <longitude>-71.847639</longitude>
          <latitude>-13.409734</latitude>
          <tilt>66</tilt>
        </LookAt>
        <TimeStamp>
          <when>2021-02-19T16:39:13Z</when>
        </TimeStamp>
        <styleUrl>#track</styleUrl>
        <Point>
          <coordinates>-71.847639,-13.409734,3467.21</coordinates>
        </Point>
      </Placemark>
      <Placemark>
        <name>Apu Linli hike - Wikiloc-51</name>
        <snippet></snippet>
        <description>
&lt;table&gt;
&lt;tr&gt;&lt;td&gt;Longitude: -71.847588&lt;/td&gt;&lt;/tr&gt;
&lt;tr&gt;&lt;td&gt;Latitude: -13.409730&lt;/td&gt;&lt;/tr&gt;
&lt;tr&gt;&lt;td&gt;Altitude: 11383.556 ft&lt;/td&gt;&lt;/tr&gt;
&lt;tr&gt;&lt;td&gt;Speed: 2.5 mph&lt;/td&gt;&lt;/tr&gt;
&lt;tr&gt;&lt;td&gt;Heading: 85.4&lt;/td&gt;&lt;/tr&gt;
&lt;tr&gt;&lt;td&gt;Time: 2021-02-19T16:39:18Z&lt;/td&gt;&lt;/tr&gt;
&lt;/table&gt;
</description>
        <LookAt>
          <longitude>-71.847588</longitude>
          <latitude>-13.40973</latitude>
          <tilt>66</tilt>
        </LookAt>
        <TimeStamp>
          <when>2021-02-19T16:39:18Z</when>
        </TimeStamp>
        <styleUrl>#track</styleUrl>
        <Point>
          <coordinates>-71.847588,-13.409730,3469.71</coordinates>
        </Point>
      </Placemark>
      <Placemark>
        <name>Apu Linli hike - Wikiloc-52</name>
        <snippet></snippet>
        <description>
&lt;table&gt;
&lt;tr&gt;&lt;td&gt;Longitude: -71.847542&lt;/td&gt;&lt;/tr&gt;
&lt;tr&gt;&lt;td&gt;Latitude: -13.409684&lt;/td&gt;&lt;/tr&gt;
&lt;tr&gt;&lt;td&gt;Altitude: 11394.557 ft&lt;/td&gt;&lt;/tr&gt;
&lt;tr&gt;&lt;td&gt;Speed: 1.6 mph&lt;/td&gt;&lt;/tr&gt;
&lt;tr&gt;&lt;td&gt;Heading: 44.2&lt;/td&gt;&lt;/tr&gt;
&lt;tr&gt;&lt;td&gt;Time: 2021-02-19T16:39:28Z&lt;/td&gt;&lt;/tr&gt;
&lt;/table&gt;
</description>
        <LookAt>
          <longitude>-71.847542</longitude>
          <latitude>-13.409684</latitude>
          <tilt>66</tilt>
        </LookAt>
        <TimeStamp>
          <when>2021-02-19T16:39:28Z</when>
        </TimeStamp>
        <styleUrl>#track</styleUrl>
        <Point>
          <coordinates>-71.847542,-13.409684,3473.06</coordinates>
        </Point>
      </Placemark>
      <Placemark>
        <name>Apu Linli hike - Wikiloc-53</name>
        <snippet></snippet>
        <description>
&lt;table&gt;
&lt;tr&gt;&lt;td&gt;Longitude: -71.847511&lt;/td&gt;&lt;/tr&gt;
&lt;tr&gt;&lt;td&gt;Latitude: -13.409621&lt;/td&gt;&lt;/tr&gt;
&lt;tr&gt;&lt;td&gt;Altitude: 11402.759 ft&lt;/td&gt;&lt;/tr&gt;
&lt;tr&gt;&lt;td&gt;Speed: 1.7 mph&lt;/td&gt;&lt;/tr&gt;
&lt;tr&gt;&lt;td&gt;Heading: 25.6&lt;/td&gt;&lt;/tr&gt;
&lt;tr&gt;&lt;td&gt;Time: 2021-02-19T16:39:38Z&lt;/td&gt;&lt;/tr&gt;
&lt;/table&gt;
</description>
        <LookAt>
          <longitude>-71.847511</longitude>
          <latitude>-13.409621</latitude>
          <tilt>66</tilt>
        </LookAt>
        <TimeStamp>
          <when>2021-02-19T16:39:38Z</when>
        </TimeStamp>
        <styleUrl>#track</styleUrl>
        <Point>
          <coordinates>-71.847511,-13.409621,3475.56</coordinates>
        </Point>
      </Placemark>
      <Placemark>
        <name>Apu Linli hike - Wikiloc-54</name>
        <snippet></snippet>
        <description>
&lt;table&gt;
&lt;tr&gt;&lt;td&gt;Longitude: -71.847447&lt;/td&gt;&lt;/tr&gt;
&lt;tr&gt;&lt;td&gt;Latitude: -13.409556&lt;/td&gt;&lt;/tr&gt;
&lt;tr&gt;&lt;td&gt;Altitude: 11412.126 ft&lt;/td&gt;&lt;/tr&gt;
&lt;tr&gt;&lt;td&gt;Speed: 2.2 mph&lt;/td&gt;&lt;/tr&gt;
&lt;tr&gt;&lt;td&gt;Heading: 43.8&lt;/td&gt;&lt;/tr&gt;
&lt;tr&gt;&lt;td&gt;Time: 2021-02-19T16:39:48Z&lt;/td&gt;&lt;/tr&gt;
&lt;/table&gt;
</description>
        <LookAt>
          <longitude>-71.847447</longitude>
          <latitude>-13.409556</latitude>
          <tilt>66</tilt>
        </LookAt>
        <TimeStamp>
          <when>2021-02-19T16:39:48Z</when>
        </TimeStamp>
        <styleUrl>#track</styleUrl>
        <Point>
          <coordinates>-71.847447,-13.409556,3478.42</coordinates>
        </Point>
      </Placemark>
      <Placemark>
        <name>Apu Linli hike - Wikiloc-55</name>
        <snippet></snippet>
        <description>
&lt;table&gt;
&lt;tr&gt;&lt;td&gt;Longitude: -71.847436&lt;/td&gt;&lt;/tr&gt;
&lt;tr&gt;&lt;td&gt;Latitude: -13.409510&lt;/td&gt;&lt;/tr&gt;
&lt;tr&gt;&lt;td&gt;Altitude: 11420.984 ft&lt;/td&gt;&lt;/tr&gt;
&lt;tr&gt;&lt;td&gt;Speed: 1.2 mph&lt;/td&gt;&lt;/tr&gt;
&lt;tr&gt;&lt;td&gt;Heading: 13.1&lt;/td&gt;&lt;/tr&gt;
&lt;tr&gt;&lt;td&gt;Time: 2021-02-19T16:39:58Z&lt;/td&gt;&lt;/tr&gt;
&lt;/table&gt;
</description>
        <LookAt>
          <longitude>-71.847436</longitude>
          <latitude>-13.40951</latitude>
          <tilt>66</tilt>
        </LookAt>
        <TimeStamp>
          <when>2021-02-19T16:39:58Z</when>
        </TimeStamp>
        <styleUrl>#track</styleUrl>
        <Point>
          <coordinates>-71.847436,-13.409510,3481.12</coordinates>
        </Point>
      </Placemark>
      <Placemark>
        <name>Apu Linli hike - Wikiloc-56</name>
        <snippet></snippet>
        <description>
&lt;table&gt;
&lt;tr&gt;&lt;td&gt;Longitude: -71.847396&lt;/td&gt;&lt;/tr&gt;
&lt;tr&gt;&lt;td&gt;Latitude: -13.409474&lt;/td&gt;&lt;/tr&gt;
&lt;tr&gt;&lt;td&gt;Altitude: 11429.495 ft&lt;/td&gt;&lt;/tr&gt;
&lt;tr&gt;&lt;td&gt;Speed: 0.3 mph&lt;/td&gt;&lt;/tr&gt;
&lt;tr&gt;&lt;td&gt;Heading: 47.2&lt;/td&gt;&lt;/tr&gt;
&lt;tr&gt;&lt;td&gt;Time: 2021-02-19T16:40:41Z&lt;/td&gt;&lt;/tr&gt;
&lt;/table&gt;
</description>
        <LookAt>
          <longitude>-71.847396</longitude>
          <latitude>-13.409474</latitude>
          <tilt>66</tilt>
        </LookAt>
        <TimeStamp>
          <when>2021-02-19T16:40:41Z</when>
        </TimeStamp>
        <styleUrl>#track</styleUrl>
        <Point>
          <coordinates>-71.847396,-13.409474,3483.71</coordinates>
        </Point>
      </Placemark>
      <Placemark>
        <name>Apu Linli hike - Wikiloc-57</name>
        <snippet></snippet>
        <description>
&lt;table&gt;
&lt;tr&gt;&lt;td&gt;Longitude: -71.847363&lt;/td&gt;&lt;/tr&gt;
&lt;tr&gt;&lt;td&gt;Latitude: -13.409426&lt;/td&gt;&lt;/tr&gt;
&lt;tr&gt;&lt;td&gt;Altitude: 11435.879 ft&lt;/td&gt;&lt;/tr&gt;
&lt;tr&gt;&lt;td&gt;Speed: 0.7 mph&lt;/td&gt;&lt;/tr&gt;
&lt;tr&gt;&lt;td&gt;Heading: 33.8&lt;/td&gt;&lt;/tr&gt;
&lt;tr&gt;&lt;td&gt;Time: 2021-02-19T16:41:02Z&lt;/td&gt;&lt;/tr&gt;
&lt;/table&gt;
</description>
        <LookAt>
          <longitude>-71.847363</longitude>
          <latitude>-13.409426</latitude>
          <tilt>66</tilt>
        </LookAt>
        <TimeStamp>
          <when>2021-02-19T16:41:02Z</when>
        </TimeStamp>
        <styleUrl>#track</styleUrl>
        <Point>
          <coordinates>-71.847363,-13.409426,3485.66</coordinates>
        </Point>
      </Placemark>
      <Placemark>
        <name>Apu Linli hike - Wikiloc-58</name>
        <snippet></snippet>
        <description>
&lt;table&gt;
&lt;tr&gt;&lt;td&gt;Longitude: -71.847364&lt;/td&gt;&lt;/tr&gt;
&lt;tr&gt;&lt;td&gt;Latitude: -13.409371&lt;/td&gt;&lt;/tr&gt;
&lt;tr&gt;&lt;td&gt;Altitude: 11443.153 ft&lt;/td&gt;&lt;/tr&gt;
&lt;tr&gt;&lt;td&gt;Speed: 0.9 mph&lt;/td&gt;&lt;/tr&gt;
&lt;tr&gt;&lt;td&gt;Heading: 359.0&lt;/td&gt;&lt;/tr&gt;
&lt;tr&gt;&lt;td&gt;Time: 2021-02-19T16:41:17Z&lt;/td&gt;&lt;/tr&gt;
&lt;/table&gt;
</description>
        <LookAt>
          <longitude>-71.847364</longitude>
          <latitude>-13.409371</latitude>
          <tilt>66</tilt>
        </LookAt>
        <TimeStamp>
          <when>2021-02-19T16:41:17Z</when>
        </TimeStamp>
        <styleUrl>#track</styleUrl>
        <Point>
          <coordinates>-71.847364,-13.409371,3487.87</coordinates>
        </Point>
      </Placemark>
      <Placemark>
        <name>Apu Linli hike - Wikiloc-59</name>
        <snippet></snippet>
        <description>
&lt;table&gt;
&lt;tr&gt;&lt;td&gt;Longitude: -71.847363&lt;/td&gt;&lt;/tr&gt;
&lt;tr&gt;&lt;td&gt;Latitude: -13.409321&lt;/td&gt;&lt;/tr&gt;
&lt;tr&gt;&lt;td&gt;Altitude: 11449.288 ft&lt;/td&gt;&lt;/tr&gt;
&lt;tr&gt;&lt;td&gt;Speed: 2.1 mph&lt;/td&gt;&lt;/tr&gt;
&lt;tr&gt;&lt;td&gt;Heading: 1.1&lt;/td&gt;&lt;/tr&gt;
&lt;tr&gt;&lt;td&gt;Time: 2021-02-19T16:41:23Z&lt;/td&gt;&lt;/tr&gt;
&lt;/table&gt;
</description>
        <LookAt>
          <longitude>-71.847363</longitude>
          <latitude>-13.409321</latitude>
          <tilt>66</tilt>
        </LookAt>
        <TimeStamp>
          <when>2021-02-19T16:41:23Z</when>
        </TimeStamp>
        <styleUrl>#track</styleUrl>
        <Point>
          <coordinates>-71.847363,-13.409321,3489.74</coordinates>
        </Point>
      </Placemark>
      <Placemark>
        <name>Apu Linli hike - Wikiloc-60</name>
        <snippet></snippet>
        <description>
&lt;table&gt;
&lt;tr&gt;&lt;td&gt;Longitude: -71.847347&lt;/td&gt;&lt;/tr&gt;
&lt;tr&gt;&lt;td&gt;Latitude: -13.409265&lt;/td&gt;&lt;/tr&gt;
&lt;tr&gt;&lt;td&gt;Altitude: 11456.014 ft&lt;/td&gt;&lt;/tr&gt;
&lt;tr&gt;&lt;td&gt;Speed: 2.4 mph&lt;/td&gt;&lt;/tr&gt;
&lt;tr&gt;&lt;td&gt;Heading: 15.5&lt;/td&gt;&lt;/tr&gt;
&lt;tr&gt;&lt;td&gt;Time: 2021-02-19T16:41:29Z&lt;/td&gt;&lt;/tr&gt;
&lt;/table&gt;
</description>
        <LookAt>
          <longitude>-71.847347</longitude>
          <latitude>-13.409265</latitude>
          <tilt>66</tilt>
        </LookAt>
        <TimeStamp>
          <when>2021-02-19T16:41:29Z</when>
        </TimeStamp>
        <styleUrl>#track</styleUrl>
        <Point>
          <coordinates>-71.847347,-13.409265,3491.79</coordinates>
        </Point>
      </Placemark>
      <Placemark>
        <name>Apu Linli hike - Wikiloc-61</name>
        <snippet></snippet>
        <description>
&lt;table&gt;
&lt;tr&gt;&lt;td&gt;Longitude: -71.847338&lt;/td&gt;&lt;/tr&gt;
&lt;tr&gt;&lt;td&gt;Latitude: -13.409206&lt;/td&gt;&lt;/tr&gt;
&lt;tr&gt;&lt;td&gt;Altitude: 11461.827 ft&lt;/td&gt;&lt;/tr&gt;
&lt;tr&gt;&lt;td&gt;Speed: 2.5 mph&lt;/td&gt;&lt;/tr&gt;
&lt;tr&gt;&lt;td&gt;Heading: 8.4&lt;/td&gt;&lt;/tr&gt;
&lt;tr&gt;&lt;td&gt;Time: 2021-02-19T16:41:35Z&lt;/td&gt;&lt;/tr&gt;
&lt;/table&gt;
</description>
        <LookAt>
          <longitude>-71.847338</longitude>
          <latitude>-13.409206</latitude>
          <tilt>66</tilt>
        </LookAt>
        <TimeStamp>
          <when>2021-02-19T16:41:35Z</when>
        </TimeStamp>
        <styleUrl>#track</styleUrl>
        <Point>
          <coordinates>-71.847338,-13.409206,3493.57</coordinates>
        </Point>
      </Placemark>
      <Placemark>
        <name>Apu Linli hike - Wikiloc-62</name>
        <snippet></snippet>
        <description>
&lt;table&gt;
&lt;tr&gt;&lt;td&gt;Longitude: -71.847328&lt;/td&gt;&lt;/tr&gt;
&lt;tr&gt;&lt;td&gt;Latitude: -13.409159&lt;/td&gt;&lt;/tr&gt;
&lt;tr&gt;&lt;td&gt;Altitude: 11463.980 ft&lt;/td&gt;&lt;/tr&gt;
&lt;tr&gt;&lt;td&gt;Speed: 2.0 mph&lt;/td&gt;&lt;/tr&gt;
&lt;tr&gt;&lt;td&gt;Heading: 11.7&lt;/td&gt;&lt;/tr&gt;
&lt;tr&gt;&lt;td&gt;Time: 2021-02-19T16:41:41Z&lt;/td&gt;&lt;/tr&gt;
&lt;/table&gt;
</description>
        <LookAt>
          <longitude>-71.847328</longitude>
          <latitude>-13.409159</latitude>
          <tilt>66</tilt>
        </LookAt>
        <TimeStamp>
          <when>2021-02-19T16:41:41Z</when>
        </TimeStamp>
        <styleUrl>#track</styleUrl>
        <Point>
          <coordinates>-71.847328,-13.409159,3494.22</coordinates>
        </Point>
      </Placemark>
      <Placemark>
        <name>Apu Linli hike - Wikiloc-63</name>
        <snippet></snippet>
        <description>
&lt;table&gt;
&lt;tr&gt;&lt;td&gt;Longitude: -71.847325&lt;/td&gt;&lt;/tr&gt;
&lt;tr&gt;&lt;td&gt;Latitude: -13.409096&lt;/td&gt;&lt;/tr&gt;
&lt;tr&gt;&lt;td&gt;Altitude: 11469.843 ft&lt;/td&gt;&lt;/tr&gt;
&lt;tr&gt;&lt;td&gt;Speed: 1.7 mph&lt;/td&gt;&lt;/tr&gt;
&lt;tr&gt;&lt;td&gt;Heading: 2.7&lt;/td&gt;&lt;/tr&gt;
&lt;tr&gt;&lt;td&gt;Time: 2021-02-19T16:41:50Z&lt;/td&gt;&lt;/tr&gt;
&lt;/table&gt;
</description>
        <LookAt>
          <longitude>-71.847325</longitude>
          <latitude>-13.409096</latitude>
          <tilt>66</tilt>
        </LookAt>
        <TimeStamp>
          <when>2021-02-19T16:41:50Z</when>
        </TimeStamp>
        <styleUrl>#track</styleUrl>
        <Point>
          <coordinates>-71.847325,-13.409096,3496.01</coordinates>
        </Point>
      </Placemark>
      <Placemark>
        <name>Apu Linli hike - Wikiloc-64</name>
        <snippet></snippet>
        <description>
&lt;table&gt;
&lt;tr&gt;&lt;td&gt;Longitude: -71.847313&lt;/td&gt;&lt;/tr&gt;
&lt;tr&gt;&lt;td&gt;Latitude: -13.409046&lt;/td&gt;&lt;/tr&gt;
&lt;tr&gt;&lt;td&gt;Altitude: 11476.427 ft&lt;/td&gt;&lt;/tr&gt;
&lt;tr&gt;&lt;td&gt;Speed: 2.1 mph&lt;/td&gt;&lt;/tr&gt;
&lt;tr&gt;&lt;td&gt;Heading: 13.1&lt;/td&gt;&lt;/tr&gt;
&lt;tr&gt;&lt;td&gt;Time: 2021-02-19T16:41:56Z&lt;/td&gt;&lt;/tr&gt;
&lt;/table&gt;
</description>
        <LookAt>
          <longitude>-71.847313</longitude>
          <latitude>-13.409046</latitude>
          <tilt>66</tilt>
        </LookAt>
        <TimeStamp>
          <when>2021-02-19T16:41:56Z</when>
        </TimeStamp>
        <styleUrl>#track</styleUrl>
        <Point>
          <coordinates>-71.847313,-13.409046,3498.01</coordinates>
        </Point>
      </Placemark>
      <Placemark>
        <name>Apu Linli hike - Wikiloc-65</name>
        <snippet></snippet>
        <description>
&lt;table&gt;
&lt;tr&gt;&lt;td&gt;Longitude: -71.847296&lt;/td&gt;&lt;/tr&gt;
&lt;tr&gt;&lt;td&gt;Latitude: -13.408995&lt;/td&gt;&lt;/tr&gt;
&lt;tr&gt;&lt;td&gt;Altitude: 11483.350 ft&lt;/td&gt;&lt;/tr&gt;
&lt;tr&gt;&lt;td&gt;Speed: 2.2 mph&lt;/td&gt;&lt;/tr&gt;
&lt;tr&gt;&lt;td&gt;Heading: 18.0&lt;/td&gt;&lt;/tr&gt;
&lt;tr&gt;&lt;td&gt;Time: 2021-02-19T16:42:02Z&lt;/td&gt;&lt;/tr&gt;
&lt;/table&gt;
</description>
        <LookAt>
          <longitude>-71.847296</longitude>
          <latitude>-13.408995</latitude>
          <tilt>66</tilt>
        </LookAt>
        <TimeStamp>
          <when>2021-02-19T16:42:02Z</when>
        </TimeStamp>
        <styleUrl>#track</styleUrl>
        <Point>
          <coordinates>-71.847296,-13.408995,3500.13</coordinates>
        </Point>
      </Placemark>
      <Placemark>
        <name>Apu Linli hike - Wikiloc-66</name>
        <snippet></snippet>
        <description>
&lt;table&gt;
&lt;tr&gt;&lt;td&gt;Longitude: -71.847268&lt;/td&gt;&lt;/tr&gt;
&lt;tr&gt;&lt;td&gt;Latitude: -13.408921&lt;/td&gt;&lt;/tr&gt;
&lt;tr&gt;&lt;td&gt;Altitude: 11487.238 ft&lt;/td&gt;&lt;/tr&gt;
&lt;tr&gt;&lt;td&gt;Speed: 3.3 mph&lt;/td&gt;&lt;/tr&gt;
&lt;tr&gt;&lt;td&gt;Heading: 20.2&lt;/td&gt;&lt;/tr&gt;
&lt;tr&gt;&lt;td&gt;Time: 2021-02-19T16:42:08Z&lt;/td&gt;&lt;/tr&gt;
&lt;/table&gt;
</description>
        <LookAt>
          <longitude>-71.847268</longitude>
          <latitude>-13.408921</latitude>
          <tilt>66</tilt>
        </LookAt>
        <TimeStamp>
          <when>2021-02-19T16:42:08Z</when>
        </TimeStamp>
        <styleUrl>#track</styleUrl>
        <Point>
          <coordinates>-71.847268,-13.408921,3501.31</coordinates>
        </Point>
      </Placemark>
      <Placemark>
        <name>Apu Linli hike - Wikiloc-67</name>
        <snippet></snippet>
        <description>
&lt;table&gt;
&lt;tr&gt;&lt;td&gt;Longitude: -71.847256&lt;/td&gt;&lt;/tr&gt;
&lt;tr&gt;&lt;td&gt;Latitude: -13.408864&lt;/td&gt;&lt;/tr&gt;
&lt;tr&gt;&lt;td&gt;Altitude: 11491.371 ft&lt;/td&gt;&lt;/tr&gt;
&lt;tr&gt;&lt;td&gt;Speed: 1.6 mph&lt;/td&gt;&lt;/tr&gt;
&lt;tr&gt;&lt;td&gt;Heading: 11.6&lt;/td&gt;&lt;/tr&gt;
&lt;tr&gt;&lt;td&gt;Time: 2021-02-19T16:42:17Z&lt;/td&gt;&lt;/tr&gt;
&lt;/table&gt;
</description>
        <LookAt>
          <longitude>-71.847256</longitude>
          <latitude>-13.408864</latitude>
          <tilt>66</tilt>
        </LookAt>
        <TimeStamp>
          <when>2021-02-19T16:42:17Z</when>
        </TimeStamp>
        <styleUrl>#track</styleUrl>
        <Point>
          <coordinates>-71.847256,-13.408864,3502.57</coordinates>
        </Point>
      </Placemark>
      <Placemark>
        <name>Apu Linli hike - Wikiloc-68</name>
        <snippet></snippet>
        <description>
&lt;table&gt;
&lt;tr&gt;&lt;td&gt;Longitude: -71.847255&lt;/td&gt;&lt;/tr&gt;
&lt;tr&gt;&lt;td&gt;Latitude: -13.408808&lt;/td&gt;&lt;/tr&gt;
&lt;tr&gt;&lt;td&gt;Altitude: 11497.421 ft&lt;/td&gt;&lt;/tr&gt;
&lt;tr&gt;&lt;td&gt;Speed: 1.5 mph&lt;/td&gt;&lt;/tr&gt;
&lt;tr&gt;&lt;td&gt;Heading: 1.0&lt;/td&gt;&lt;/tr&gt;
&lt;tr&gt;&lt;td&gt;Time: 2021-02-19T16:42:26Z&lt;/td&gt;&lt;/tr&gt;
&lt;/table&gt;
</description>
        <LookAt>
          <longitude>-71.847255</longitude>
          <latitude>-13.408808</latitude>
          <tilt>66</tilt>
        </LookAt>
        <TimeStamp>
          <when>2021-02-19T16:42:26Z</when>
        </TimeStamp>
        <styleUrl>#track</styleUrl>
        <Point>
          <coordinates>-71.847255,-13.408808,3504.41</coordinates>
        </Point>
      </Placemark>
      <Placemark>
        <name>Apu Linli hike - Wikiloc-69</name>
        <snippet></snippet>
        <description>
&lt;table&gt;
&lt;tr&gt;&lt;td&gt;Longitude: -71.847258&lt;/td&gt;&lt;/tr&gt;
&lt;tr&gt;&lt;td&gt;Latitude: -13.408759&lt;/td&gt;&lt;/tr&gt;
&lt;tr&gt;&lt;td&gt;Altitude: 11504.134 ft&lt;/td&gt;&lt;/tr&gt;
&lt;tr&gt;&lt;td&gt;Speed: 1.4 mph&lt;/td&gt;&lt;/tr&gt;
&lt;tr&gt;&lt;td&gt;Heading: 356.6&lt;/td&gt;&lt;/tr&gt;
&lt;tr&gt;&lt;td&gt;Time: 2021-02-19T16:42:35Z&lt;/td&gt;&lt;/tr&gt;
&lt;/table&gt;
</description>
        <LookAt>
          <longitude>-71.847258</longitude>
          <latitude>-13.408759</latitude>
          <tilt>66</tilt>
        </LookAt>
        <TimeStamp>
          <when>2021-02-19T16:42:35Z</when>
        </TimeStamp>
        <styleUrl>#track</styleUrl>
        <Point>
          <coordinates>-71.847258,-13.408759,3506.46</coordinates>
        </Point>
      </Placemark>
      <Placemark>
        <name>Apu Linli hike - Wikiloc-70</name>
        <snippet></snippet>
        <description>
&lt;table&gt;
&lt;tr&gt;&lt;td&gt;Longitude: -71.847291&lt;/td&gt;&lt;/tr&gt;
&lt;tr&gt;&lt;td&gt;Latitude: -13.408702&lt;/td&gt;&lt;/tr&gt;
&lt;tr&gt;&lt;td&gt;Altitude: 11505.436 ft&lt;/td&gt;&lt;/tr&gt;
&lt;tr&gt;&lt;td&gt;Speed: 1.6 mph&lt;/td&gt;&lt;/tr&gt;
&lt;tr&gt;&lt;td&gt;Heading: 330.6&lt;/td&gt;&lt;/tr&gt;
&lt;tr&gt;&lt;td&gt;Time: 2021-02-19T16:42:45Z&lt;/td&gt;&lt;/tr&gt;
&lt;/table&gt;
</description>
        <LookAt>
          <longitude>-71.847291</longitude>
          <latitude>-13.408702</latitude>
          <tilt>66</tilt>
        </LookAt>
        <TimeStamp>
          <when>2021-02-19T16:42:45Z</when>
        </TimeStamp>
        <styleUrl>#track</styleUrl>
        <Point>
          <coordinates>-71.847291,-13.408702,3506.86</coordinates>
        </Point>
      </Placemark>
      <Placemark>
        <name>Apu Linli hike - Wikiloc-71</name>
        <snippet></snippet>
        <description>
&lt;table&gt;
&lt;tr&gt;&lt;td&gt;Longitude: -71.847357&lt;/td&gt;&lt;/tr&gt;
&lt;tr&gt;&lt;td&gt;Latitude: -13.408664&lt;/td&gt;&lt;/tr&gt;
&lt;tr&gt;&lt;td&gt;Altitude: 11508.061 ft&lt;/td&gt;&lt;/tr&gt;
&lt;tr&gt;&lt;td&gt;Speed: 1.9 mph&lt;/td&gt;&lt;/tr&gt;
&lt;tr&gt;&lt;td&gt;Heading: 300.6&lt;/td&gt;&lt;/tr&gt;
&lt;tr&gt;&lt;td&gt;Time: 2021-02-19T16:42:55Z&lt;/td&gt;&lt;/tr&gt;
&lt;/table&gt;
</description>
        <LookAt>
          <longitude>-71.847357</longitude>
          <latitude>-13.408664</latitude>
          <tilt>66</tilt>
        </LookAt>
        <TimeStamp>
          <when>2021-02-19T16:42:55Z</when>
        </TimeStamp>
        <styleUrl>#track</styleUrl>
        <Point>
          <coordinates>-71.847357,-13.408664,3507.66</coordinates>
        </Point>
      </Placemark>
      <Placemark>
        <name>Apu Linli hike - Wikiloc-72</name>
        <snippet></snippet>
        <description>
&lt;table&gt;
&lt;tr&gt;&lt;td&gt;Longitude: -71.847396&lt;/td&gt;&lt;/tr&gt;
&lt;tr&gt;&lt;td&gt;Latitude: -13.408590&lt;/td&gt;&lt;/tr&gt;
&lt;tr&gt;&lt;td&gt;Altitude: 11511.211 ft&lt;/td&gt;&lt;/tr&gt;
&lt;tr&gt;&lt;td&gt;Speed: 2.1 mph&lt;/td&gt;&lt;/tr&gt;
&lt;tr&gt;&lt;td&gt;Heading: 332.9&lt;/td&gt;&lt;/tr&gt;
&lt;tr&gt;&lt;td&gt;Time: 2021-02-19T16:43:05Z&lt;/td&gt;&lt;/tr&gt;
&lt;/table&gt;
</description>
        <LookAt>
          <longitude>-71.847396</longitude>
          <latitude>-13.40859</latitude>
          <tilt>66</tilt>
        </LookAt>
        <TimeStamp>
          <when>2021-02-19T16:43:05Z</when>
        </TimeStamp>
        <styleUrl>#track</styleUrl>
        <Point>
          <coordinates>-71.847396,-13.408590,3508.62</coordinates>
        </Point>
      </Placemark>
      <Placemark>
        <name>Apu Linli hike - Wikiloc-73</name>
        <snippet></snippet>
        <description>
&lt;table&gt;
&lt;tr&gt;&lt;td&gt;Longitude: -71.847374&lt;/td&gt;&lt;/tr&gt;
&lt;tr&gt;&lt;td&gt;Latitude: -13.408538&lt;/td&gt;&lt;/tr&gt;
&lt;tr&gt;&lt;td&gt;Altitude: 11517.018 ft&lt;/td&gt;&lt;/tr&gt;
&lt;tr&gt;&lt;td&gt;Speed: 0.5 mph&lt;/td&gt;&lt;/tr&gt;
&lt;tr&gt;&lt;td&gt;Heading: 22.4&lt;/td&gt;&lt;/tr&gt;
&lt;tr&gt;&lt;td&gt;Time: 2021-02-19T16:43:35Z&lt;/td&gt;&lt;/tr&gt;
&lt;/table&gt;
</description>
        <LookAt>
          <longitude>-71.847374</longitude>
          <latitude>-13.408538</latitude>
          <tilt>66</tilt>
        </LookAt>
        <TimeStamp>
          <when>2021-02-19T16:43:35Z</when>
        </TimeStamp>
        <styleUrl>#track</styleUrl>
        <Point>
          <coordinates>-71.847374,-13.408538,3510.39</coordinates>
        </Point>
      </Placemark>
      <Placemark>
        <name>Apu Linli hike - Wikiloc-74</name>
        <snippet></snippet>
        <description>
&lt;table&gt;
&lt;tr&gt;&lt;td&gt;Longitude: -71.847410&lt;/td&gt;&lt;/tr&gt;
&lt;tr&gt;&lt;td&gt;Latitude: -13.408479&lt;/td&gt;&lt;/tr&gt;
&lt;tr&gt;&lt;td&gt;Altitude: 11525.640 ft&lt;/td&gt;&lt;/tr&gt;
&lt;tr&gt;&lt;td&gt;Speed: 1.1 mph&lt;/td&gt;&lt;/tr&gt;
&lt;tr&gt;&lt;td&gt;Heading: 329.3&lt;/td&gt;&lt;/tr&gt;
&lt;tr&gt;&lt;td&gt;Time: 2021-02-19T16:43:50Z&lt;/td&gt;&lt;/tr&gt;
&lt;/table&gt;
</description>
        <LookAt>
          <longitude>-71.84741</longitude>
          <latitude>-13.408479</latitude>
          <tilt>66</tilt>
        </LookAt>
        <TimeStamp>
          <when>2021-02-19T16:43:50Z</when>
        </TimeStamp>
        <styleUrl>#track</styleUrl>
        <Point>
          <coordinates>-71.847410,-13.408479,3513.01</coordinates>
        </Point>
      </Placemark>
      <Placemark>
        <name>Apu Linli hike - Wikiloc-75</name>
        <snippet></snippet>
        <description>
&lt;table&gt;
&lt;tr&gt;&lt;td&gt;Longitude: -71.847395&lt;/td&gt;&lt;/tr&gt;
&lt;tr&gt;&lt;td&gt;Latitude: -13.408428&lt;/td&gt;&lt;/tr&gt;
&lt;tr&gt;&lt;td&gt;Altitude: 11531.522 ft&lt;/td&gt;&lt;/tr&gt;
&lt;tr&gt;&lt;td&gt;Speed: 1.3 mph&lt;/td&gt;&lt;/tr&gt;
&lt;tr&gt;&lt;td&gt;Heading: 16.0&lt;/td&gt;&lt;/tr&gt;
&lt;tr&gt;&lt;td&gt;Time: 2021-02-19T16:44:00Z&lt;/td&gt;&lt;/tr&gt;
&lt;/table&gt;
</description>
        <LookAt>
          <longitude>-71.847395</longitude>
          <latitude>-13.408428</latitude>
          <tilt>66</tilt>
        </LookAt>
        <TimeStamp>
          <when>2021-02-19T16:44:00Z</when>
        </TimeStamp>
        <styleUrl>#track</styleUrl>
        <Point>
          <coordinates>-71.847395,-13.408428,3514.81</coordinates>
        </Point>
      </Placemark>
      <Placemark>
        <name>Apu Linli hike - Wikiloc-76</name>
        <snippet></snippet>
        <description>
&lt;table&gt;
&lt;tr&gt;&lt;td&gt;Longitude: -71.847434&lt;/td&gt;&lt;/tr&gt;
&lt;tr&gt;&lt;td&gt;Latitude: -13.408387&lt;/td&gt;&lt;/tr&gt;
&lt;tr&gt;&lt;td&gt;Altitude: 11532.569 ft&lt;/td&gt;&lt;/tr&gt;
&lt;tr&gt;&lt;td&gt;Speed: 1.4 mph&lt;/td&gt;&lt;/tr&gt;
&lt;tr&gt;&lt;td&gt;Heading: 317.2&lt;/td&gt;&lt;/tr&gt;
&lt;tr&gt;&lt;td&gt;Time: 2021-02-19T16:44:10Z&lt;/td&gt;&lt;/tr&gt;
&lt;/table&gt;
</description>
        <LookAt>
          <longitude>-71.847434</longitude>
          <latitude>-13.408387</latitude>
          <tilt>66</tilt>
        </LookAt>
        <TimeStamp>
          <when>2021-02-19T16:44:10Z</when>
        </TimeStamp>
        <styleUrl>#track</styleUrl>
        <Point>
          <coordinates>-71.847434,-13.408387,3515.13</coordinates>
        </Point>
      </Placemark>
      <Placemark>
        <name>Apu Linli hike - Wikiloc-77</name>
        <snippet></snippet>
        <description>
&lt;table&gt;
&lt;tr&gt;&lt;td&gt;Longitude: -71.847457&lt;/td&gt;&lt;/tr&gt;
&lt;tr&gt;&lt;td&gt;Latitude: -13.408320&lt;/td&gt;&lt;/tr&gt;
&lt;tr&gt;&lt;td&gt;Altitude: 11537.621 ft&lt;/td&gt;&lt;/tr&gt;
&lt;tr&gt;&lt;td&gt;Speed: 0.9 mph&lt;/td&gt;&lt;/tr&gt;
&lt;tr&gt;&lt;td&gt;Heading: 341.5&lt;/td&gt;&lt;/tr&gt;
&lt;tr&gt;&lt;td&gt;Time: 2021-02-19T16:44:30Z&lt;/td&gt;&lt;/tr&gt;
&lt;/table&gt;
</description>
        <LookAt>
          <longitude>-71.847457</longitude>
          <latitude>-13.40832</latitude>
          <tilt>66</tilt>
        </LookAt>
        <TimeStamp>
          <when>2021-02-19T16:44:30Z</when>
        </TimeStamp>
        <styleUrl>#track</styleUrl>
        <Point>
          <coordinates>-71.847457,-13.408320,3516.67</coordinates>
        </Point>
      </Placemark>
      <Placemark>
        <name>Apu Linli hike - Wikiloc-78</name>
        <snippet></snippet>
        <description>
&lt;table&gt;
&lt;tr&gt;&lt;td&gt;Longitude: -71.847508&lt;/td&gt;&lt;/tr&gt;
&lt;tr&gt;&lt;td&gt;Latitude: -13.408268&lt;/td&gt;&lt;/tr&gt;
&lt;tr&gt;&lt;td&gt;Altitude: 11544.823 ft&lt;/td&gt;&lt;/tr&gt;
&lt;tr&gt;&lt;td&gt;Speed: 1.8 mph&lt;/td&gt;&lt;/tr&gt;
&lt;tr&gt;&lt;td&gt;Heading: 316.3&lt;/td&gt;&lt;/tr&gt;
&lt;tr&gt;&lt;td&gt;Time: 2021-02-19T16:44:40Z&lt;/td&gt;&lt;/tr&gt;
&lt;/table&gt;
</description>
        <LookAt>
          <longitude>-71.847508</longitude>
          <latitude>-13.408268</latitude>
          <tilt>66</tilt>
        </LookAt>
        <TimeStamp>
          <when>2021-02-19T16:44:40Z</when>
        </TimeStamp>
        <styleUrl>#track</styleUrl>
        <Point>
          <coordinates>-71.847508,-13.408268,3518.86</coordinates>
        </Point>
      </Placemark>
      <Placemark>
        <name>Apu Linli hike - Wikiloc-79</name>
        <snippet></snippet>
        <description>
&lt;table&gt;
&lt;tr&gt;&lt;td&gt;Longitude: -71.847522&lt;/td&gt;&lt;/tr&gt;
&lt;tr&gt;&lt;td&gt;Latitude: -13.408210&lt;/td&gt;&lt;/tr&gt;
&lt;tr&gt;&lt;td&gt;Altitude: 11546.365 ft&lt;/td&gt;&lt;/tr&gt;
&lt;tr&gt;&lt;td&gt;Speed: 1.5 mph&lt;/td&gt;&lt;/tr&gt;
&lt;tr&gt;&lt;td&gt;Heading: 346.8&lt;/td&gt;&lt;/tr&gt;
&lt;tr&gt;&lt;td&gt;Time: 2021-02-19T16:44:50Z&lt;/td&gt;&lt;/tr&gt;
&lt;/table&gt;
</description>
        <LookAt>
          <longitude>-71.847522</longitude>
          <latitude>-13.40821</latitude>
          <tilt>66</tilt>
        </LookAt>
        <TimeStamp>
          <when>2021-02-19T16:44:50Z</when>
        </TimeStamp>
        <styleUrl>#track</styleUrl>
        <Point>
          <coordinates>-71.847522,-13.408210,3519.33</coordinates>
        </Point>
      </Placemark>
      <Placemark>
        <name>Apu Linli hike - Wikiloc-80</name>
        <snippet></snippet>
        <description>
&lt;table&gt;
&lt;tr&gt;&lt;td&gt;Longitude: -71.847480&lt;/td&gt;&lt;/tr&gt;
&lt;tr&gt;&lt;td&gt;Latitude: -13.408143&lt;/td&gt;&lt;/tr&gt;
&lt;tr&gt;&lt;td&gt;Altitude: 11544.770 ft&lt;/td&gt;&lt;/tr&gt;
&lt;tr&gt;&lt;td&gt;Speed: 2.0 mph&lt;/td&gt;&lt;/tr&gt;
&lt;tr&gt;&lt;td&gt;Heading: 31.4&lt;/td&gt;&lt;/tr&gt;
&lt;tr&gt;&lt;td&gt;Time: 2021-02-19T16:45:00Z&lt;/td&gt;&lt;/tr&gt;
&lt;/table&gt;
</description>
        <LookAt>
          <longitude>-71.84748</longitude>
          <latitude>-13.408143</latitude>
          <tilt>66</tilt>
        </LookAt>
        <TimeStamp>
          <when>2021-02-19T16:45:00Z</when>
        </TimeStamp>
        <styleUrl>#track</styleUrl>
        <Point>
          <coordinates>-71.847480,-13.408143,3518.85</coordinates>
        </Point>
      </Placemark>
      <Placemark>
        <name>Apu Linli hike - Wikiloc-81</name>
        <snippet></snippet>
        <description>
&lt;table&gt;
&lt;tr&gt;&lt;td&gt;Longitude: -71.847467&lt;/td&gt;&lt;/tr&gt;
&lt;tr&gt;&lt;td&gt;Latitude: -13.408099&lt;/td&gt;&lt;/tr&gt;
&lt;tr&gt;&lt;td&gt;Altitude: 11550.138 ft&lt;/td&gt;&lt;/tr&gt;
&lt;tr&gt;&lt;td&gt;Speed: 2.3 mph&lt;/td&gt;&lt;/tr&gt;
&lt;tr&gt;&lt;td&gt;Heading: 16.0&lt;/td&gt;&lt;/tr&gt;
&lt;tr&gt;&lt;td&gt;Time: 2021-02-19T16:45:05Z&lt;/td&gt;&lt;/tr&gt;
&lt;/table&gt;
</description>
        <LookAt>
          <longitude>-71.847467</longitude>
          <latitude>-13.408099</latitude>
          <tilt>66</tilt>
        </LookAt>
        <TimeStamp>
          <when>2021-02-19T16:45:05Z</when>
        </TimeStamp>
        <styleUrl>#track</styleUrl>
        <Point>
          <coordinates>-71.847467,-13.408099,3520.48</coordinates>
        </Point>
      </Placemark>
      <Placemark>
        <name>Apu Linli hike - Wikiloc-82</name>
        <snippet></snippet>
        <description>
&lt;table&gt;
&lt;tr&gt;&lt;td&gt;Longitude: -71.847482&lt;/td&gt;&lt;/tr&gt;
&lt;tr&gt;&lt;td&gt;Latitude: -13.407995&lt;/td&gt;&lt;/tr&gt;
&lt;tr&gt;&lt;td&gt;Altitude: 11548.488 ft&lt;/td&gt;&lt;/tr&gt;
&lt;tr&gt;&lt;td&gt;Speed: 1.7 mph&lt;/td&gt;&lt;/tr&gt;
&lt;tr&gt;&lt;td&gt;Heading: 352.0&lt;/td&gt;&lt;/tr&gt;
&lt;tr&gt;&lt;td&gt;Time: 2021-02-19T16:45:20Z&lt;/td&gt;&lt;/tr&gt;
&lt;/table&gt;
</description>
        <LookAt>
          <longitude>-71.847482</longitude>
          <latitude>-13.407995</latitude>
          <tilt>66</tilt>
        </LookAt>
        <TimeStamp>
          <when>2021-02-19T16:45:20Z</when>
        </TimeStamp>
        <styleUrl>#track</styleUrl>
        <Point>
          <coordinates>-71.847482,-13.407995,3519.98</coordinates>
        </Point>
      </Placemark>
      <Placemark>
        <name>Apu Linli hike - Wikiloc-83</name>
        <snippet></snippet>
        <description>
&lt;table&gt;
&lt;tr&gt;&lt;td&gt;Longitude: -71.847453&lt;/td&gt;&lt;/tr&gt;
&lt;tr&gt;&lt;td&gt;Latitude: -13.407930&lt;/td&gt;&lt;/tr&gt;
&lt;tr&gt;&lt;td&gt;Altitude: 11547.175 ft&lt;/td&gt;&lt;/tr&gt;
&lt;tr&gt;&lt;td&gt;Speed: 1.2 mph&lt;/td&gt;&lt;/tr&gt;
&lt;tr&gt;&lt;td&gt;Heading: 23.5&lt;/td&gt;&lt;/tr&gt;
&lt;tr&gt;&lt;td&gt;Time: 2021-02-19T16:45:35Z&lt;/td&gt;&lt;/tr&gt;
&lt;/table&gt;
</description>
        <LookAt>
          <longitude>-71.847453</longitude>
          <latitude>-13.40793</latitude>
          <tilt>66</tilt>
        </LookAt>
        <TimeStamp>
          <when>2021-02-19T16:45:35Z</when>
        </TimeStamp>
        <styleUrl>#track</styleUrl>
        <Point>
          <coordinates>-71.847453,-13.407930,3519.58</coordinates>
        </Point>
      </Placemark>
      <Placemark>
        <name>Apu Linli hike - Wikiloc-84</name>
        <snippet></snippet>
        <description>
&lt;table&gt;
&lt;tr&gt;&lt;td&gt;Longitude: -71.847455&lt;/td&gt;&lt;/tr&gt;
&lt;tr&gt;&lt;td&gt;Latitude: -13.407882&lt;/td&gt;&lt;/tr&gt;
&lt;tr&gt;&lt;td&gt;Altitude: 11546.076 ft&lt;/td&gt;&lt;/tr&gt;
&lt;tr&gt;&lt;td&gt;Speed: 1.2 mph&lt;/td&gt;&lt;/tr&gt;
&lt;tr&gt;&lt;td&gt;Heading: 357.7&lt;/td&gt;&lt;/tr&gt;
&lt;tr&gt;&lt;td&gt;Time: 2021-02-19T16:45:45Z&lt;/td&gt;&lt;/tr&gt;
&lt;/table&gt;
</description>
        <LookAt>
          <longitude>-71.847455</longitude>
          <latitude>-13.407882</latitude>
          <tilt>66</tilt>
        </LookAt>
        <TimeStamp>
          <when>2021-02-19T16:45:45Z</when>
        </TimeStamp>
        <styleUrl>#track</styleUrl>
        <Point>
          <coordinates>-71.847455,-13.407882,3519.24</coordinates>
        </Point>
      </Placemark>
      <Placemark>
        <name>Apu Linli hike - Wikiloc-85</name>
        <snippet></snippet>
        <description>
&lt;table&gt;
&lt;tr&gt;&lt;td&gt;Longitude: -71.847387&lt;/td&gt;&lt;/tr&gt;
&lt;tr&gt;&lt;td&gt;Latitude: -13.407822&lt;/td&gt;&lt;/tr&gt;
&lt;tr&gt;&lt;td&gt;Altitude: 11544.636 ft&lt;/td&gt;&lt;/tr&gt;
&lt;tr&gt;&lt;td&gt;Speed: 1.5 mph&lt;/td&gt;&lt;/tr&gt;
&lt;tr&gt;&lt;td&gt;Heading: 47.8&lt;/td&gt;&lt;/tr&gt;
&lt;tr&gt;&lt;td&gt;Time: 2021-02-19T16:46:00Z&lt;/td&gt;&lt;/tr&gt;
&lt;/table&gt;
</description>
        <LookAt>
          <longitude>-71.847387</longitude>
          <latitude>-13.407822</latitude>
          <tilt>66</tilt>
        </LookAt>
        <TimeStamp>
          <when>2021-02-19T16:46:00Z</when>
        </TimeStamp>
        <styleUrl>#track</styleUrl>
        <Point>
          <coordinates>-71.847387,-13.407822,3518.80</coordinates>
        </Point>
      </Placemark>
      <Placemark>
        <name>Apu Linli hike - Wikiloc-86</name>
        <snippet></snippet>
        <description>
&lt;table&gt;
&lt;tr&gt;&lt;td&gt;Longitude: -71.847338&lt;/td&gt;&lt;/tr&gt;
&lt;tr&gt;&lt;td&gt;Latitude: -13.407799&lt;/td&gt;&lt;/tr&gt;
&lt;tr&gt;&lt;td&gt;Altitude: 11545.981 ft&lt;/td&gt;&lt;/tr&gt;
&lt;tr&gt;&lt;td&gt;Speed: 2.6 mph&lt;/td&gt;&lt;/tr&gt;
&lt;tr&gt;&lt;td&gt;Heading: 64.2&lt;/td&gt;&lt;/tr&gt;
&lt;tr&gt;&lt;td&gt;Time: 2021-02-19T16:46:05Z&lt;/td&gt;&lt;/tr&gt;
&lt;/table&gt;
</description>
        <LookAt>
          <longitude>-71.847338</longitude>
          <latitude>-13.407799</latitude>
          <tilt>66</tilt>
        </LookAt>
        <TimeStamp>
          <when>2021-02-19T16:46:05Z</when>
        </TimeStamp>
        <styleUrl>#track</styleUrl>
        <Point>
          <coordinates>-71.847338,-13.407799,3519.22</coordinates>
        </Point>
      </Placemark>
      <Placemark>
        <name>Apu Linli hike - Wikiloc-87</name>
        <snippet></snippet>
        <description>
&lt;table&gt;
&lt;tr&gt;&lt;td&gt;Longitude: -71.847414&lt;/td&gt;&lt;/tr&gt;
&lt;tr&gt;&lt;td&gt;Latitude: -13.407765&lt;/td&gt;&lt;/tr&gt;
&lt;tr&gt;&lt;td&gt;Altitude: 11556.129 ft&lt;/td&gt;&lt;/tr&gt;
&lt;tr&gt;&lt;td&gt;Speed: 2.0 mph&lt;/td&gt;&lt;/tr&gt;
&lt;tr&gt;&lt;td&gt;Heading: 294.7&lt;/td&gt;&lt;/tr&gt;
&lt;tr&gt;&lt;td&gt;Time: 2021-02-19T16:46:15Z&lt;/td&gt;&lt;/tr&gt;
&lt;/table&gt;
</description>
        <LookAt>
          <longitude>-71.847414</longitude>
          <latitude>-13.407765</latitude>
          <tilt>66</tilt>
        </LookAt>
        <TimeStamp>
          <when>2021-02-19T16:46:15Z</when>
        </TimeStamp>
        <styleUrl>#track</styleUrl>
        <Point>
          <coordinates>-71.847414,-13.407765,3522.31</coordinates>
        </Point>
      </Placemark>
      <Placemark>
        <name>Apu Linli hike - Wikiloc-88</name>
        <snippet></snippet>
        <description>
&lt;table&gt;
&lt;tr&gt;&lt;td&gt;Longitude: -71.847396&lt;/td&gt;&lt;/tr&gt;
&lt;tr&gt;&lt;td&gt;Latitude: -13.407695&lt;/td&gt;&lt;/tr&gt;
&lt;tr&gt;&lt;td&gt;Altitude: 11559.318 ft&lt;/td&gt;&lt;/tr&gt;
&lt;tr&gt;&lt;td&gt;Speed: 3.6 mph&lt;/td&gt;&lt;/tr&gt;
&lt;tr&gt;&lt;td&gt;Heading: 14.0&lt;/td&gt;&lt;/tr&gt;
&lt;tr&gt;&lt;td&gt;Time: 2021-02-19T16:46:20Z&lt;/td&gt;&lt;/tr&gt;
&lt;/table&gt;
</description>
        <LookAt>
          <longitude>-71.847396</longitude>
          <latitude>-13.407695</latitude>
          <tilt>66</tilt>
        </LookAt>
        <TimeStamp>
          <when>2021-02-19T16:46:20Z</when>
        </TimeStamp>
        <styleUrl>#track</styleUrl>
        <Point>
          <coordinates>-71.847396,-13.407695,3523.28</coordinates>
        </Point>
      </Placemark>
      <Placemark>
        <name>Apu Linli hike - Wikiloc-89</name>
        <snippet></snippet>
        <description>
&lt;table&gt;
&lt;tr&gt;&lt;td&gt;Longitude: -71.847406&lt;/td&gt;&lt;/tr&gt;
&lt;tr&gt;&lt;td&gt;Latitude: -13.407634&lt;/td&gt;&lt;/tr&gt;
&lt;tr&gt;&lt;td&gt;Altitude: 11557.546 ft&lt;/td&gt;&lt;/tr&gt;
&lt;tr&gt;&lt;td&gt;Speed: 3.1 mph&lt;/td&gt;&lt;/tr&gt;
&lt;tr&gt;&lt;td&gt;Heading: 350.9&lt;/td&gt;&lt;/tr&gt;
&lt;tr&gt;&lt;td&gt;Time: 2021-02-19T16:46:25Z&lt;/td&gt;&lt;/tr&gt;
&lt;/table&gt;
</description>
        <LookAt>
          <longitude>-71.847406</longitude>
          <latitude>-13.407634</latitude>
          <tilt>66</tilt>
        </LookAt>
        <TimeStamp>
          <when>2021-02-19T16:46:25Z</when>
        </TimeStamp>
        <styleUrl>#track</styleUrl>
        <Point>
          <coordinates>-71.847406,-13.407634,3522.74</coordinates>
        </Point>
      </Placemark>
      <Placemark>
        <name>Apu Linli hike - Wikiloc-90</name>
        <snippet></snippet>
        <description>
&lt;table&gt;
&lt;tr&gt;&lt;td&gt;Longitude: -71.847418&lt;/td&gt;&lt;/tr&gt;
&lt;tr&gt;&lt;td&gt;Latitude: -13.407578&lt;/td&gt;&lt;/tr&gt;
&lt;tr&gt;&lt;td&gt;Altitude: 11559.662 ft&lt;/td&gt;&lt;/tr&gt;
&lt;tr&gt;&lt;td&gt;Speed: 2.8 mph&lt;/td&gt;&lt;/tr&gt;
&lt;tr&gt;&lt;td&gt;Heading: 348.2&lt;/td&gt;&lt;/tr&gt;
&lt;tr&gt;&lt;td&gt;Time: 2021-02-19T16:46:30Z&lt;/td&gt;&lt;/tr&gt;
&lt;/table&gt;
</description>
        <LookAt>
          <longitude>-71.847418</longitude>
          <latitude>-13.407578</latitude>
          <tilt>66</tilt>
        </LookAt>
        <TimeStamp>
          <when>2021-02-19T16:46:30Z</when>
        </TimeStamp>
        <styleUrl>#track</styleUrl>
        <Point>
          <coordinates>-71.847418,-13.407578,3523.39</coordinates>
        </Point>
      </Placemark>
      <Placemark>
        <name>Apu Linli hike - Wikiloc-91</name>
        <snippet></snippet>
        <description>
&lt;table&gt;
&lt;tr&gt;&lt;td&gt;Longitude: -71.847414&lt;/td&gt;&lt;/tr&gt;
&lt;tr&gt;&lt;td&gt;Latitude: -13.407532&lt;/td&gt;&lt;/tr&gt;
&lt;tr&gt;&lt;td&gt;Altitude: 11565.371 ft&lt;/td&gt;&lt;/tr&gt;
&lt;tr&gt;&lt;td&gt;Speed: 2.3 mph&lt;/td&gt;&lt;/tr&gt;
&lt;tr&gt;&lt;td&gt;Heading: 4.8&lt;/td&gt;&lt;/tr&gt;
&lt;tr&gt;&lt;td&gt;Time: 2021-02-19T16:46:35Z&lt;/td&gt;&lt;/tr&gt;
&lt;/table&gt;
</description>
        <LookAt>
          <longitude>-71.847414</longitude>
          <latitude>-13.407532</latitude>
          <tilt>66</tilt>
        </LookAt>
        <TimeStamp>
          <when>2021-02-19T16:46:35Z</when>
        </TimeStamp>
        <styleUrl>#track</styleUrl>
        <Point>
          <coordinates>-71.847414,-13.407532,3525.13</coordinates>
        </Point>
      </Placemark>
      <Placemark>
        <name>Apu Linli hike - Wikiloc-92</name>
        <snippet></snippet>
        <description>
&lt;table&gt;
&lt;tr&gt;&lt;td&gt;Longitude: -71.847425&lt;/td&gt;&lt;/tr&gt;
&lt;tr&gt;&lt;td&gt;Latitude: -13.407482&lt;/td&gt;&lt;/tr&gt;
&lt;tr&gt;&lt;td&gt;Altitude: 11573.159 ft&lt;/td&gt;&lt;/tr&gt;
&lt;tr&gt;&lt;td&gt;Speed: 2.5 mph&lt;/td&gt;&lt;/tr&gt;
&lt;tr&gt;&lt;td&gt;Heading: 347.9&lt;/td&gt;&lt;/tr&gt;
&lt;tr&gt;&lt;td&gt;Time: 2021-02-19T16:46:40Z&lt;/td&gt;&lt;/tr&gt;
&lt;/table&gt;
</description>
        <LookAt>
          <longitude>-71.847425</longitude>
          <latitude>-13.407482</latitude>
          <tilt>66</tilt>
        </LookAt>
        <TimeStamp>
          <when>2021-02-19T16:46:40Z</when>
        </TimeStamp>
        <styleUrl>#track</styleUrl>
        <Point>
          <coordinates>-71.847425,-13.407482,3527.50</coordinates>
        </Point>
      </Placemark>
      <Placemark>
        <name>Apu Linli hike - Wikiloc-93</name>
        <snippet></snippet>
        <description>
&lt;table&gt;
&lt;tr&gt;&lt;td&gt;Longitude: -71.847411&lt;/td&gt;&lt;/tr&gt;
&lt;tr&gt;&lt;td&gt;Latitude: -13.407425&lt;/td&gt;&lt;/tr&gt;
&lt;tr&gt;&lt;td&gt;Altitude: 11577.215 ft&lt;/td&gt;&lt;/tr&gt;
&lt;tr&gt;&lt;td&gt;Speed: 2.9 mph&lt;/td&gt;&lt;/tr&gt;
&lt;tr&gt;&lt;td&gt;Heading: 13.4&lt;/td&gt;&lt;/tr&gt;
&lt;tr&gt;&lt;td&gt;Time: 2021-02-19T16:46:45Z&lt;/td&gt;&lt;/tr&gt;
&lt;/table&gt;
</description>
        <LookAt>
          <longitude>-71.847411</longitude>
          <latitude>-13.407425</latitude>
          <tilt>66</tilt>
        </LookAt>
        <TimeStamp>
          <when>2021-02-19T16:46:45Z</when>
        </TimeStamp>
        <styleUrl>#track</styleUrl>
        <Point>
          <coordinates>-71.847411,-13.407425,3528.74</coordinates>
        </Point>
      </Placemark>
      <Placemark>
        <name>Apu Linli hike - Wikiloc-94</name>
        <snippet></snippet>
        <description>
&lt;table&gt;
&lt;tr&gt;&lt;td&gt;Longitude: -71.847405&lt;/td&gt;&lt;/tr&gt;
&lt;tr&gt;&lt;td&gt;Latitude: -13.407365&lt;/td&gt;&lt;/tr&gt;
&lt;tr&gt;&lt;td&gt;Altitude: 11582.060 ft&lt;/td&gt;&lt;/tr&gt;
&lt;tr&gt;&lt;td&gt;Speed: 3.0 mph&lt;/td&gt;&lt;/tr&gt;
&lt;tr&gt;&lt;td&gt;Heading: 5.6&lt;/td&gt;&lt;/tr&gt;
&lt;tr&gt;&lt;td&gt;Time: 2021-02-19T16:46:50Z&lt;/td&gt;&lt;/tr&gt;
&lt;/table&gt;
</description>
        <LookAt>
          <longitude>-71.847405</longitude>
          <latitude>-13.407365</latitude>
          <tilt>66</tilt>
        </LookAt>
        <TimeStamp>
          <when>2021-02-19T16:46:50Z</when>
        </TimeStamp>
        <styleUrl>#track</styleUrl>
        <Point>
          <coordinates>-71.847405,-13.407365,3530.21</coordinates>
        </Point>
      </Placemark>
      <Placemark>
        <name>Apu Linli hike - Wikiloc-95</name>
        <snippet></snippet>
        <description>
&lt;table&gt;
&lt;tr&gt;&lt;td&gt;Longitude: -71.847461&lt;/td&gt;&lt;/tr&gt;
&lt;tr&gt;&lt;td&gt;Latitude: -13.407316&lt;/td&gt;&lt;/tr&gt;
&lt;tr&gt;&lt;td&gt;Altitude: 11595.446 ft&lt;/td&gt;&lt;/tr&gt;
&lt;tr&gt;&lt;td&gt;Speed: 1.8 mph&lt;/td&gt;&lt;/tr&gt;
&lt;tr&gt;&lt;td&gt;Heading: 312.0&lt;/td&gt;&lt;/tr&gt;
&lt;tr&gt;&lt;td&gt;Time: 2021-02-19T16:47:00Z&lt;/td&gt;&lt;/tr&gt;
&lt;/table&gt;
</description>
        <LookAt>
          <longitude>-71.847461</longitude>
          <latitude>-13.407316</latitude>
          <tilt>66</tilt>
        </LookAt>
        <TimeStamp>
          <when>2021-02-19T16:47:00Z</when>
        </TimeStamp>
        <styleUrl>#track</styleUrl>
        <Point>
          <coordinates>-71.847461,-13.407316,3534.29</coordinates>
        </Point>
      </Placemark>
      <Placemark>
        <name>Apu Linli hike - Wikiloc-96</name>
        <snippet></snippet>
        <description>
&lt;table&gt;
&lt;tr&gt;&lt;td&gt;Longitude: -71.847479&lt;/td&gt;&lt;/tr&gt;
&lt;tr&gt;&lt;td&gt;Latitude: -13.407249&lt;/td&gt;&lt;/tr&gt;
&lt;tr&gt;&lt;td&gt;Altitude: 11608.383 ft&lt;/td&gt;&lt;/tr&gt;
&lt;tr&gt;&lt;td&gt;Speed: 0.7 mph&lt;/td&gt;&lt;/tr&gt;
&lt;tr&gt;&lt;td&gt;Heading: 345.4&lt;/td&gt;&lt;/tr&gt;
&lt;tr&gt;&lt;td&gt;Time: 2021-02-19T16:47:24Z&lt;/td&gt;&lt;/tr&gt;
&lt;/table&gt;
</description>
        <LookAt>
          <longitude>-71.847479</longitude>
          <latitude>-13.407249</latitude>
          <tilt>66</tilt>
        </LookAt>
        <TimeStamp>
          <when>2021-02-19T16:47:24Z</when>
        </TimeStamp>
        <styleUrl>#track</styleUrl>
        <Point>
          <coordinates>-71.847479,-13.407249,3538.24</coordinates>
        </Point>
      </Placemark>
      <Placemark>
        <name>Apu Linli hike - Wikiloc-97</name>
        <snippet></snippet>
        <description>
&lt;table&gt;
&lt;tr&gt;&lt;td&gt;Longitude: -71.847496&lt;/td&gt;&lt;/tr&gt;
&lt;tr&gt;&lt;td&gt;Latitude: -13.407160&lt;/td&gt;&lt;/tr&gt;
&lt;tr&gt;&lt;td&gt;Altitude: 11621.673 ft&lt;/td&gt;&lt;/tr&gt;
&lt;tr&gt;&lt;td&gt;Speed: 4.5 mph&lt;/td&gt;&lt;/tr&gt;
&lt;tr&gt;&lt;td&gt;Heading: 349.5&lt;/td&gt;&lt;/tr&gt;
&lt;tr&gt;&lt;td&gt;Time: 2021-02-19T16:47:29Z&lt;/td&gt;&lt;/tr&gt;
&lt;/table&gt;
</description>
        <LookAt>
          <longitude>-71.847496</longitude>
          <latitude>-13.40716</latitude>
          <tilt>66</tilt>
        </LookAt>
        <TimeStamp>
          <when>2021-02-19T16:47:29Z</when>
        </TimeStamp>
        <styleUrl>#track</styleUrl>
        <Point>
          <coordinates>-71.847496,-13.407160,3542.29</coordinates>
        </Point>
      </Placemark>
      <Placemark>
        <name>Apu Linli hike - Wikiloc-98</name>
        <snippet></snippet>
        <description>
&lt;table&gt;
&lt;tr&gt;&lt;td&gt;Longitude: -71.847514&lt;/td&gt;&lt;/tr&gt;
&lt;tr&gt;&lt;td&gt;Latitude: -13.407058&lt;/td&gt;&lt;/tr&gt;
&lt;tr&gt;&lt;td&gt;Altitude: 11629.967 ft&lt;/td&gt;&lt;/tr&gt;
&lt;tr&gt;&lt;td&gt;Speed: 5.2 mph&lt;/td&gt;&lt;/tr&gt;
&lt;tr&gt;&lt;td&gt;Heading: 350.3&lt;/td&gt;&lt;/tr&gt;
&lt;tr&gt;&lt;td&gt;Time: 2021-02-19T16:47:34Z&lt;/td&gt;&lt;/tr&gt;
&lt;/table&gt;
</description>
        <LookAt>
          <longitude>-71.847514</longitude>
          <latitude>-13.407058</latitude>
          <tilt>66</tilt>
        </LookAt>
        <TimeStamp>
          <when>2021-02-19T16:47:34Z</when>
        </TimeStamp>
        <styleUrl>#track</styleUrl>
        <Point>
          <coordinates>-71.847514,-13.407058,3544.81</coordinates>
        </Point>
      </Placemark>
      <Placemark>
        <name>Apu Linli hike - Wikiloc-99</name>
        <snippet></snippet>
        <description>
&lt;table&gt;
&lt;tr&gt;&lt;td&gt;Longitude: -71.847508&lt;/td&gt;&lt;/tr&gt;
&lt;tr&gt;&lt;td&gt;Latitude: -13.407006&lt;/td&gt;&lt;/tr&gt;
&lt;tr&gt;&lt;td&gt;Altitude: 11638.806 ft&lt;/td&gt;&lt;/tr&gt;
&lt;tr&gt;&lt;td&gt;Speed: 2.6 mph&lt;/td&gt;&lt;/tr&gt;
&lt;tr&gt;&lt;td&gt;Heading: 6.4&lt;/td&gt;&lt;/tr&gt;
&lt;tr&gt;&lt;td&gt;Time: 2021-02-19T16:47:39Z&lt;/td&gt;&lt;/tr&gt;
&lt;/table&gt;
</description>
        <LookAt>
          <longitude>-71.847508</longitude>
          <latitude>-13.407006</latitude>
          <tilt>66</tilt>
        </LookAt>
        <TimeStamp>
          <when>2021-02-19T16:47:39Z</when>
        </TimeStamp>
        <styleUrl>#track</styleUrl>
        <Point>
          <coordinates>-71.847508,-13.407006,3547.51</coordinates>
        </Point>
      </Placemark>
      <Placemark>
        <name>Apu Linli hike - Wikiloc-100</name>
        <snippet></snippet>
        <description>
&lt;table&gt;
&lt;tr&gt;&lt;td&gt;Longitude: -71.847499&lt;/td&gt;&lt;/tr&gt;
&lt;tr&gt;&lt;td&gt;Latitude: -13.406946&lt;/td&gt;&lt;/tr&gt;
&lt;tr&gt;&lt;td&gt;Altitude: 11645.141 ft&lt;/td&gt;&lt;/tr&gt;
&lt;tr&gt;&lt;td&gt;Speed: 3.0 mph&lt;/td&gt;&lt;/tr&gt;
&lt;tr&gt;&lt;td&gt;Heading: 8.3&lt;/td&gt;&lt;/tr&gt;
&lt;tr&gt;&lt;td&gt;Time: 2021-02-19T16:47:44Z&lt;/td&gt;&lt;/tr&gt;
&lt;/table&gt;
</description>
        <LookAt>
          <longitude>-71.847499</longitude>
          <latitude>-13.406946</latitude>
          <tilt>66</tilt>
        </LookAt>
        <TimeStamp>
          <when>2021-02-19T16:47:44Z</when>
        </TimeStamp>
        <styleUrl>#track</styleUrl>
        <Point>
          <coordinates>-71.847499,-13.406946,3549.44</coordinates>
        </Point>
      </Placemark>
      <Placemark>
        <name>Apu Linli hike - Wikiloc-101</name>
        <snippet></snippet>
        <description>
&lt;table&gt;
&lt;tr&gt;&lt;td&gt;Longitude: -71.847489&lt;/td&gt;&lt;/tr&gt;
&lt;tr&gt;&lt;td&gt;Latitude: -13.406898&lt;/td&gt;&lt;/tr&gt;
&lt;tr&gt;&lt;td&gt;Altitude: 11649.767 ft&lt;/td&gt;&lt;/tr&gt;
&lt;tr&gt;&lt;td&gt;Speed: 2.4 mph&lt;/td&gt;&lt;/tr&gt;
&lt;tr&gt;&lt;td&gt;Heading: 11.5&lt;/td&gt;&lt;/tr&gt;
&lt;tr&gt;&lt;td&gt;Time: 2021-02-19T16:47:49Z&lt;/td&gt;&lt;/tr&gt;
&lt;/table&gt;
</description>
        <LookAt>
          <longitude>-71.847489</longitude>
          <latitude>-13.406898</latitude>
          <tilt>66</tilt>
        </LookAt>
        <TimeStamp>
          <when>2021-02-19T16:47:49Z</when>
        </TimeStamp>
        <styleUrl>#track</styleUrl>
        <Point>
          <coordinates>-71.847489,-13.406898,3550.85</coordinates>
        </Point>
      </Placemark>
      <Placemark>
        <name>Apu Linli hike - Wikiloc-102</name>
        <snippet></snippet>
        <description>
&lt;table&gt;
&lt;tr&gt;&lt;td&gt;Longitude: -71.847482&lt;/td&gt;&lt;/tr&gt;
&lt;tr&gt;&lt;td&gt;Latitude: -13.406773&lt;/td&gt;&lt;/tr&gt;
&lt;tr&gt;&lt;td&gt;Altitude: 11656.772 ft&lt;/td&gt;&lt;/tr&gt;
&lt;tr&gt;&lt;td&gt;Speed: 2.4 mph&lt;/td&gt;&lt;/tr&gt;
&lt;tr&gt;&lt;td&gt;Heading: 3.1&lt;/td&gt;&lt;/tr&gt;
&lt;tr&gt;&lt;td&gt;Time: 2021-02-19T16:48:02Z&lt;/td&gt;&lt;/tr&gt;
&lt;/table&gt;
</description>
        <LookAt>
          <longitude>-71.847482</longitude>
          <latitude>-13.406773</latitude>
          <tilt>66</tilt>
        </LookAt>
        <TimeStamp>
          <when>2021-02-19T16:48:02Z</when>
        </TimeStamp>
        <styleUrl>#track</styleUrl>
        <Point>
          <coordinates>-71.847482,-13.406773,3552.98</coordinates>
        </Point>
      </Placemark>
      <Placemark>
        <name>Apu Linli hike - Wikiloc-103</name>
        <snippet></snippet>
        <description>
&lt;table&gt;
&lt;tr&gt;&lt;td&gt;Longitude: -71.847492&lt;/td&gt;&lt;/tr&gt;
&lt;tr&gt;&lt;td&gt;Latitude: -13.406582&lt;/td&gt;&lt;/tr&gt;
&lt;tr&gt;&lt;td&gt;Altitude: 11657.461 ft&lt;/td&gt;&lt;/tr&gt;
&lt;tr&gt;&lt;td&gt;Speed: 2.8 mph&lt;/td&gt;&lt;/tr&gt;
&lt;tr&gt;&lt;td&gt;Heading: 357.1&lt;/td&gt;&lt;/tr&gt;
&lt;tr&gt;&lt;td&gt;Time: 2021-02-19T16:48:19Z&lt;/td&gt;&lt;/tr&gt;
&lt;/table&gt;
</description>
        <LookAt>
          <longitude>-71.847492</longitude>
          <latitude>-13.406582</latitude>
          <tilt>66</tilt>
        </LookAt>
        <TimeStamp>
          <when>2021-02-19T16:48:19Z</when>
        </TimeStamp>
        <styleUrl>#track</styleUrl>
        <Point>
          <coordinates>-71.847492,-13.406582,3553.19</coordinates>
        </Point>
      </Placemark>
      <Placemark>
        <name>Apu Linli hike - Wikiloc-104</name>
        <snippet></snippet>
        <description>
&lt;table&gt;
&lt;tr&gt;&lt;td&gt;Longitude: -71.847516&lt;/td&gt;&lt;/tr&gt;
&lt;tr&gt;&lt;td&gt;Latitude: -13.406509&lt;/td&gt;&lt;/tr&gt;
&lt;tr&gt;&lt;td&gt;Altitude: 11650.453 ft&lt;/td&gt;&lt;/tr&gt;
&lt;tr&gt;&lt;td&gt;Speed: 2.1 mph&lt;/td&gt;&lt;/tr&gt;
&lt;tr&gt;&lt;td&gt;Heading: 342.3&lt;/td&gt;&lt;/tr&gt;
&lt;tr&gt;&lt;td&gt;Time: 2021-02-19T16:48:28Z&lt;/td&gt;&lt;/tr&gt;
&lt;/table&gt;
</description>
        <LookAt>
          <longitude>-71.847516</longitude>
          <latitude>-13.406509</latitude>
          <tilt>66</tilt>
        </LookAt>
        <TimeStamp>
          <when>2021-02-19T16:48:28Z</when>
        </TimeStamp>
        <styleUrl>#track</styleUrl>
        <Point>
          <coordinates>-71.847516,-13.406509,3551.06</coordinates>
        </Point>
      </Placemark>
      <Placemark>
        <name>Apu Linli hike - Wikiloc-105</name>
        <snippet></snippet>
        <description>
&lt;table&gt;
&lt;tr&gt;&lt;td&gt;Longitude: -71.847596&lt;/td&gt;&lt;/tr&gt;
&lt;tr&gt;&lt;td&gt;Latitude: -13.406410&lt;/td&gt;&lt;/tr&gt;
&lt;tr&gt;&lt;td&gt;Altitude: 11639.285 ft&lt;/td&gt;&lt;/tr&gt;
&lt;tr&gt;&lt;td&gt;Speed: 3.5 mph&lt;/td&gt;&lt;/tr&gt;
&lt;tr&gt;&lt;td&gt;Heading: 321.8&lt;/td&gt;&lt;/tr&gt;
&lt;tr&gt;&lt;td&gt;Time: 2021-02-19T16:48:37Z&lt;/td&gt;&lt;/tr&gt;
&lt;/table&gt;
</description>
        <LookAt>
          <longitude>-71.847596</longitude>
          <latitude>-13.40641</latitude>
          <tilt>66</tilt>
        </LookAt>
        <TimeStamp>
          <when>2021-02-19T16:48:37Z</when>
        </TimeStamp>
        <styleUrl>#track</styleUrl>
        <Point>
          <coordinates>-71.847596,-13.406410,3547.65</coordinates>
        </Point>
      </Placemark>
      <Placemark>
        <name>Apu Linli hike - Wikiloc-106</name>
        <snippet></snippet>
        <description>
&lt;table&gt;
&lt;tr&gt;&lt;td&gt;Longitude: -71.847649&lt;/td&gt;&lt;/tr&gt;
&lt;tr&gt;&lt;td&gt;Latitude: -13.406345&lt;/td&gt;&lt;/tr&gt;
&lt;tr&gt;&lt;td&gt;Altitude: 11644.491 ft&lt;/td&gt;&lt;/tr&gt;
&lt;tr&gt;&lt;td&gt;Speed: 2.3 mph&lt;/td&gt;&lt;/tr&gt;
&lt;tr&gt;&lt;td&gt;Heading: 321.6&lt;/td&gt;&lt;/tr&gt;
&lt;tr&gt;&lt;td&gt;Time: 2021-02-19T16:48:46Z&lt;/td&gt;&lt;/tr&gt;
&lt;/table&gt;
</description>
        <LookAt>
          <longitude>-71.847649</longitude>
          <latitude>-13.406345</latitude>
          <tilt>66</tilt>
        </LookAt>
        <TimeStamp>
          <when>2021-02-19T16:48:46Z</when>
        </TimeStamp>
        <styleUrl>#track</styleUrl>
        <Point>
          <coordinates>-71.847649,-13.406345,3549.24</coordinates>
        </Point>
      </Placemark>
      <Placemark>
        <name>Apu Linli hike - Wikiloc-107</name>
        <snippet></snippet>
        <description>
&lt;table&gt;
&lt;tr&gt;&lt;td&gt;Longitude: -71.847659&lt;/td&gt;&lt;/tr&gt;
&lt;tr&gt;&lt;td&gt;Latitude: -13.406252&lt;/td&gt;&lt;/tr&gt;
&lt;tr&gt;&lt;td&gt;Altitude: 11652.530 ft&lt;/td&gt;&lt;/tr&gt;
&lt;tr&gt;&lt;td&gt;Speed: 2.6 mph&lt;/td&gt;&lt;/tr&gt;
&lt;tr&gt;&lt;td&gt;Heading: 354.0&lt;/td&gt;&lt;/tr&gt;
&lt;tr&gt;&lt;td&gt;Time: 2021-02-19T16:48:55Z&lt;/td&gt;&lt;/tr&gt;
&lt;/table&gt;
</description>
        <LookAt>
          <longitude>-71.847659</longitude>
          <latitude>-13.406252</latitude>
          <tilt>66</tilt>
        </LookAt>
        <TimeStamp>
          <when>2021-02-19T16:48:55Z</when>
        </TimeStamp>
        <styleUrl>#track</styleUrl>
        <Point>
          <coordinates>-71.847659,-13.406252,3551.69</coordinates>
        </Point>
      </Placemark>
      <Placemark>
        <name>Apu Linli hike - Wikiloc-108</name>
        <snippet></snippet>
        <description>
&lt;table&gt;
&lt;tr&gt;&lt;td&gt;Longitude: -71.847649&lt;/td&gt;&lt;/tr&gt;
&lt;tr&gt;&lt;td&gt;Latitude: -13.406174&lt;/td&gt;&lt;/tr&gt;
&lt;tr&gt;&lt;td&gt;Altitude: 11661.847 ft&lt;/td&gt;&lt;/tr&gt;
&lt;tr&gt;&lt;td&gt;Speed: 2.2 mph&lt;/td&gt;&lt;/tr&gt;
&lt;tr&gt;&lt;td&gt;Heading: 7.1&lt;/td&gt;&lt;/tr&gt;
&lt;tr&gt;&lt;td&gt;Time: 2021-02-19T16:49:04Z&lt;/td&gt;&lt;/tr&gt;
&lt;/table&gt;
</description>
        <LookAt>
          <longitude>-71.847649</longitude>
          <latitude>-13.406174</latitude>
          <tilt>66</tilt>
        </LookAt>
        <TimeStamp>
          <when>2021-02-19T16:49:04Z</when>
        </TimeStamp>
        <styleUrl>#track</styleUrl>
        <Point>
          <coordinates>-71.847649,-13.406174,3554.53</coordinates>
        </Point>
      </Placemark>
      <Placemark>
        <name>Apu Linli hike - Wikiloc-109</name>
        <snippet></snippet>
        <description>
&lt;table&gt;
&lt;tr&gt;&lt;td&gt;Longitude: -71.847519&lt;/td&gt;&lt;/tr&gt;
&lt;tr&gt;&lt;td&gt;Latitude: -13.406115&lt;/td&gt;&lt;/tr&gt;
&lt;tr&gt;&lt;td&gt;Altitude: 11658.009 ft&lt;/td&gt;&lt;/tr&gt;
&lt;tr&gt;&lt;td&gt;Speed: 0.6 mph&lt;/td&gt;&lt;/tr&gt;
&lt;tr&gt;&lt;td&gt;Heading: 65.0&lt;/td&gt;&lt;/tr&gt;
&lt;tr&gt;&lt;td&gt;Time: 2021-02-19T16:49:58Z&lt;/td&gt;&lt;/tr&gt;
&lt;/table&gt;
</description>
        <LookAt>
          <longitude>-71.847519</longitude>
          <latitude>-13.406115</latitude>
          <tilt>66</tilt>
        </LookAt>
        <TimeStamp>
          <when>2021-02-19T16:49:58Z</when>
        </TimeStamp>
        <styleUrl>#track</styleUrl>
        <Point>
          <coordinates>-71.847519,-13.406115,3553.36</coordinates>
        </Point>
      </Placemark>
      <Placemark>
        <name>Apu Linli hike - Wikiloc-110</name>
        <snippet></snippet>
        <description>
&lt;table&gt;
&lt;tr&gt;&lt;td&gt;Longitude: -71.847618&lt;/td&gt;&lt;/tr&gt;
&lt;tr&gt;&lt;td&gt;Latitude: -13.406043&lt;/td&gt;&lt;/tr&gt;
&lt;tr&gt;&lt;td&gt;Altitude: 11665.377 ft&lt;/td&gt;&lt;/tr&gt;
&lt;tr&gt;&lt;td&gt;Speed: 3.3 mph&lt;/td&gt;&lt;/tr&gt;
&lt;tr&gt;&lt;td&gt;Heading: 306.8&lt;/td&gt;&lt;/tr&gt;
&lt;tr&gt;&lt;td&gt;Time: 2021-02-19T16:50:07Z&lt;/td&gt;&lt;/tr&gt;
&lt;/table&gt;
</description>
        <LookAt>
          <longitude>-71.847618</longitude>
          <latitude>-13.406043</latitude>
          <tilt>66</tilt>
        </LookAt>
        <TimeStamp>
          <when>2021-02-19T16:50:07Z</when>
        </TimeStamp>
        <styleUrl>#track</styleUrl>
        <Point>
          <coordinates>-71.847618,-13.406043,3555.61</coordinates>
        </Point>
      </Placemark>
      <Placemark>
        <name>Apu Linli hike - Wikiloc-111</name>
        <snippet></snippet>
        <description>
&lt;table&gt;
&lt;tr&gt;&lt;td&gt;Longitude: -71.847668&lt;/td&gt;&lt;/tr&gt;
&lt;tr&gt;&lt;td&gt;Latitude: -13.405975&lt;/td&gt;&lt;/tr&gt;
&lt;tr&gt;&lt;td&gt;Altitude: 11672.927 ft&lt;/td&gt;&lt;/tr&gt;
&lt;tr&gt;&lt;td&gt;Speed: 2.3 mph&lt;/td&gt;&lt;/tr&gt;
&lt;tr&gt;&lt;td&gt;Heading: 324.4&lt;/td&gt;&lt;/tr&gt;
&lt;tr&gt;&lt;td&gt;Time: 2021-02-19T16:50:16Z&lt;/td&gt;&lt;/tr&gt;
&lt;/table&gt;
</description>
        <LookAt>
          <longitude>-71.847668</longitude>
          <latitude>-13.405975</latitude>
          <tilt>66</tilt>
        </LookAt>
        <TimeStamp>
          <when>2021-02-19T16:50:16Z</when>
        </TimeStamp>
        <styleUrl>#track</styleUrl>
        <Point>
          <coordinates>-71.847668,-13.405975,3557.91</coordinates>
        </Point>
      </Placemark>
      <Placemark>
        <name>Apu Linli hike - Wikiloc-112</name>
        <snippet></snippet>
        <description>
&lt;table&gt;
&lt;tr&gt;&lt;td&gt;Longitude: -71.847643&lt;/td&gt;&lt;/tr&gt;
&lt;tr&gt;&lt;td&gt;Latitude: -13.405905&lt;/td&gt;&lt;/tr&gt;
&lt;tr&gt;&lt;td&gt;Altitude: 11660.364 ft&lt;/td&gt;&lt;/tr&gt;
&lt;tr&gt;&lt;td&gt;Speed: 2.1 mph&lt;/td&gt;&lt;/tr&gt;
&lt;tr&gt;&lt;td&gt;Heading: 19.2&lt;/td&gt;&lt;/tr&gt;
&lt;tr&gt;&lt;td&gt;Time: 2021-02-19T16:50:25Z&lt;/td&gt;&lt;/tr&gt;
&lt;/table&gt;
</description>
        <LookAt>
          <longitude>-71.847643</longitude>
          <latitude>-13.405905</latitude>
          <tilt>66</tilt>
        </LookAt>
        <TimeStamp>
          <when>2021-02-19T16:50:25Z</when>
        </TimeStamp>
        <styleUrl>#track</styleUrl>
        <Point>
          <coordinates>-71.847643,-13.405905,3554.08</coordinates>
        </Point>
      </Placemark>
      <Placemark>
        <name>Apu Linli hike - Wikiloc-113</name>
        <snippet></snippet>
        <description>
&lt;table&gt;
&lt;tr&gt;&lt;td&gt;Longitude: -71.847687&lt;/td&gt;&lt;/tr&gt;
&lt;tr&gt;&lt;td&gt;Latitude: -13.405922&lt;/td&gt;&lt;/tr&gt;
&lt;tr&gt;&lt;td&gt;Altitude: 11673.356 ft&lt;/td&gt;&lt;/tr&gt;
&lt;tr&gt;&lt;td&gt;Speed: 0.1 mph&lt;/td&gt;&lt;/tr&gt;
&lt;tr&gt;&lt;td&gt;Heading: 248.3&lt;/td&gt;&lt;/tr&gt;
&lt;tr&gt;&lt;td&gt;Time: 2021-02-19T16:52:34Z&lt;/td&gt;&lt;/tr&gt;
&lt;/table&gt;
</description>
        <LookAt>
          <longitude>-71.847687</longitude>
          <latitude>-13.405922</latitude>
          <tilt>66</tilt>
        </LookAt>
        <TimeStamp>
          <when>2021-02-19T16:52:34Z</when>
        </TimeStamp>
        <styleUrl>#track</styleUrl>
        <Point>
          <coordinates>-71.847687,-13.405922,3558.04</coordinates>
        </Point>
      </Placemark>
      <Placemark>
        <name>Apu Linli hike - Wikiloc-114</name>
        <snippet></snippet>
        <description>
&lt;table&gt;
&lt;tr&gt;&lt;td&gt;Longitude: -71.847647&lt;/td&gt;&lt;/tr&gt;
&lt;tr&gt;&lt;td&gt;Latitude: -13.405853&lt;/td&gt;&lt;/tr&gt;
&lt;tr&gt;&lt;td&gt;Altitude: 11674.160 ft&lt;/td&gt;&lt;/tr&gt;
&lt;tr&gt;&lt;td&gt;Speed: 0.7 mph&lt;/td&gt;&lt;/tr&gt;
&lt;tr&gt;&lt;td&gt;Heading: 29.4&lt;/td&gt;&lt;/tr&gt;
&lt;tr&gt;&lt;td&gt;Time: 2021-02-19T16:53:01Z&lt;/td&gt;&lt;/tr&gt;
&lt;/table&gt;
</description>
        <LookAt>
          <longitude>-71.847647</longitude>
          <latitude>-13.405853</latitude>
          <tilt>66</tilt>
        </LookAt>
        <TimeStamp>
          <when>2021-02-19T16:53:01Z</when>
        </TimeStamp>
        <styleUrl>#track</styleUrl>
        <Point>
          <coordinates>-71.847647,-13.405853,3558.28</coordinates>
        </Point>
      </Placemark>
      <Placemark>
        <name>Apu Linli hike - Wikiloc-115</name>
        <snippet></snippet>
        <description>
&lt;table&gt;
&lt;tr&gt;&lt;td&gt;Longitude: -71.847625&lt;/td&gt;&lt;/tr&gt;
&lt;tr&gt;&lt;td&gt;Latitude: -13.405771&lt;/td&gt;&lt;/tr&gt;
&lt;tr&gt;&lt;td&gt;Altitude: 11678.228 ft&lt;/td&gt;&lt;/tr&gt;
&lt;tr&gt;&lt;td&gt;Speed: 2.3 mph&lt;/td&gt;&lt;/tr&gt;
&lt;tr&gt;&lt;td&gt;Heading: 14.6&lt;/td&gt;&lt;/tr&gt;
&lt;tr&gt;&lt;td&gt;Time: 2021-02-19T16:53:10Z&lt;/td&gt;&lt;/tr&gt;
&lt;/table&gt;
</description>
        <LookAt>
          <longitude>-71.847625</longitude>
          <latitude>-13.405771</latitude>
          <tilt>66</tilt>
        </LookAt>
        <TimeStamp>
          <when>2021-02-19T16:53:10Z</when>
        </TimeStamp>
        <styleUrl>#track</styleUrl>
        <Point>
          <coordinates>-71.847625,-13.405771,3559.52</coordinates>
        </Point>
      </Placemark>
      <Placemark>
        <name>Apu Linli hike - Wikiloc-116</name>
        <snippet></snippet>
        <description>
&lt;table&gt;
&lt;tr&gt;&lt;td&gt;Longitude: -71.847611&lt;/td&gt;&lt;/tr&gt;
&lt;tr&gt;&lt;td&gt;Latitude: -13.405720&lt;/td&gt;&lt;/tr&gt;
&lt;tr&gt;&lt;td&gt;Altitude: 11677.388 ft&lt;/td&gt;&lt;/tr&gt;
&lt;tr&gt;&lt;td&gt;Speed: 1.9 mph&lt;/td&gt;&lt;/tr&gt;
&lt;tr&gt;&lt;td&gt;Heading: 15.0&lt;/td&gt;&lt;/tr&gt;
&lt;tr&gt;&lt;td&gt;Time: 2021-02-19T16:53:17Z&lt;/td&gt;&lt;/tr&gt;
&lt;/table&gt;
</description>
        <LookAt>
          <longitude>-71.847611</longitude>
          <latitude>-13.40572</latitude>
          <tilt>66</tilt>
        </LookAt>
        <TimeStamp>
          <when>2021-02-19T16:53:17Z</when>
        </TimeStamp>
        <styleUrl>#track</styleUrl>
        <Point>
          <coordinates>-71.847611,-13.405720,3559.27</coordinates>
        </Point>
      </Placemark>
      <Placemark>
        <name>Apu Linli hike - Wikiloc-117</name>
        <snippet></snippet>
        <description>
&lt;table&gt;
&lt;tr&gt;&lt;td&gt;Longitude: -71.847554&lt;/td&gt;&lt;/tr&gt;
&lt;tr&gt;&lt;td&gt;Latitude: -13.405668&lt;/td&gt;&lt;/tr&gt;
&lt;tr&gt;&lt;td&gt;Altitude: 11676.293 ft&lt;/td&gt;&lt;/tr&gt;
&lt;tr&gt;&lt;td&gt;Speed: 2.1 mph&lt;/td&gt;&lt;/tr&gt;
&lt;tr&gt;&lt;td&gt;Heading: 46.8&lt;/td&gt;&lt;/tr&gt;
&lt;tr&gt;&lt;td&gt;Time: 2021-02-19T16:53:26Z&lt;/td&gt;&lt;/tr&gt;
&lt;/table&gt;
</description>
        <LookAt>
          <longitude>-71.847554</longitude>
          <latitude>-13.405668</latitude>
          <tilt>66</tilt>
        </LookAt>
        <TimeStamp>
          <when>2021-02-19T16:53:26Z</when>
        </TimeStamp>
        <styleUrl>#track</styleUrl>
        <Point>
          <coordinates>-71.847554,-13.405668,3558.93</coordinates>
        </Point>
      </Placemark>
      <Placemark>
        <name>Apu Linli hike - Wikiloc-118</name>
        <snippet></snippet>
        <description>
&lt;table&gt;
&lt;tr&gt;&lt;td&gt;Longitude: -71.847553&lt;/td&gt;&lt;/tr&gt;
&lt;tr&gt;&lt;td&gt;Latitude: -13.405573&lt;/td&gt;&lt;/tr&gt;
&lt;tr&gt;&lt;td&gt;Altitude: 11678.284 ft&lt;/td&gt;&lt;/tr&gt;
&lt;tr&gt;&lt;td&gt;Speed: 2.4 mph&lt;/td&gt;&lt;/tr&gt;
&lt;tr&gt;&lt;td&gt;Heading: 0.6&lt;/td&gt;&lt;/tr&gt;
&lt;tr&gt;&lt;td&gt;Time: 2021-02-19T16:53:36Z&lt;/td&gt;&lt;/tr&gt;
&lt;/table&gt;
</description>
        <LookAt>
          <longitude>-71.847553</longitude>
          <latitude>-13.405573</latitude>
          <tilt>66</tilt>
        </LookAt>
        <TimeStamp>
          <when>2021-02-19T16:53:36Z</when>
        </TimeStamp>
        <styleUrl>#track</styleUrl>
        <Point>
          <coordinates>-71.847553,-13.405573,3559.54</coordinates>
        </Point>
      </Placemark>
      <Placemark>
        <name>Apu Linli hike - Wikiloc-119</name>
        <snippet></snippet>
        <description>
&lt;table&gt;
&lt;tr&gt;&lt;td&gt;Longitude: -71.847547&lt;/td&gt;&lt;/tr&gt;
&lt;tr&gt;&lt;td&gt;Latitude: -13.405517&lt;/td&gt;&lt;/tr&gt;
&lt;tr&gt;&lt;td&gt;Altitude: 11680.909 ft&lt;/td&gt;&lt;/tr&gt;
&lt;tr&gt;&lt;td&gt;Speed: 2.8 mph&lt;/td&gt;&lt;/tr&gt;
&lt;tr&gt;&lt;td&gt;Heading: 6.0&lt;/td&gt;&lt;/tr&gt;
&lt;tr&gt;&lt;td&gt;Time: 2021-02-19T16:53:41Z&lt;/td&gt;&lt;/tr&gt;
&lt;/table&gt;
</description>
        <LookAt>
          <longitude>-71.847547</longitude>
          <latitude>-13.405517</latitude>
          <tilt>66</tilt>
        </LookAt>
        <TimeStamp>
          <when>2021-02-19T16:53:41Z</when>
        </TimeStamp>
        <styleUrl>#track</styleUrl>
        <Point>
          <coordinates>-71.847547,-13.405517,3560.34</coordinates>
        </Point>
      </Placemark>
      <Placemark>
        <name>Apu Linli hike - Wikiloc-120</name>
        <snippet></snippet>
        <description>
&lt;table&gt;
&lt;tr&gt;&lt;td&gt;Longitude: -71.847535&lt;/td&gt;&lt;/tr&gt;
&lt;tr&gt;&lt;td&gt;Latitude: -13.405471&lt;/td&gt;&lt;/tr&gt;
&lt;tr&gt;&lt;td&gt;Altitude: 11681.483 ft&lt;/td&gt;&lt;/tr&gt;
&lt;tr&gt;&lt;td&gt;Speed: 2.4 mph&lt;/td&gt;&lt;/tr&gt;
&lt;tr&gt;&lt;td&gt;Heading: 14.2&lt;/td&gt;&lt;/tr&gt;
&lt;tr&gt;&lt;td&gt;Time: 2021-02-19T16:53:46Z&lt;/td&gt;&lt;/tr&gt;
&lt;/table&gt;
</description>
        <LookAt>
          <longitude>-71.847535</longitude>
          <latitude>-13.405471</latitude>
          <tilt>66</tilt>
        </LookAt>
        <TimeStamp>
          <when>2021-02-19T16:53:46Z</when>
        </TimeStamp>
        <styleUrl>#track</styleUrl>
        <Point>
          <coordinates>-71.847535,-13.405471,3560.52</coordinates>
        </Point>
      </Placemark>
      <Placemark>
        <name>Apu Linli hike - Wikiloc-121</name>
        <snippet></snippet>
        <description>
&lt;table&gt;
&lt;tr&gt;&lt;td&gt;Longitude: -71.847492&lt;/td&gt;&lt;/tr&gt;
&lt;tr&gt;&lt;td&gt;Latitude: -13.405445&lt;/td&gt;&lt;/tr&gt;
&lt;tr&gt;&lt;td&gt;Altitude: 11691.522 ft&lt;/td&gt;&lt;/tr&gt;
&lt;tr&gt;&lt;td&gt;Speed: 0.4 mph&lt;/td&gt;&lt;/tr&gt;
&lt;tr&gt;&lt;td&gt;Heading: 58.1&lt;/td&gt;&lt;/tr&gt;
&lt;tr&gt;&lt;td&gt;Time: 2021-02-19T16:54:16Z&lt;/td&gt;&lt;/tr&gt;
&lt;/table&gt;
</description>
        <LookAt>
          <longitude>-71.847492</longitude>
          <latitude>-13.405445</latitude>
          <tilt>66</tilt>
        </LookAt>
        <TimeStamp>
          <when>2021-02-19T16:54:16Z</when>
        </TimeStamp>
        <styleUrl>#track</styleUrl>
        <Point>
          <coordinates>-71.847492,-13.405445,3563.58</coordinates>
        </Point>
      </Placemark>
      <Placemark>
        <name>Apu Linli hike - Wikiloc-122</name>
        <snippet></snippet>
        <description>
&lt;table&gt;
&lt;tr&gt;&lt;td&gt;Longitude: -71.847497&lt;/td&gt;&lt;/tr&gt;
&lt;tr&gt;&lt;td&gt;Latitude: -13.405392&lt;/td&gt;&lt;/tr&gt;
&lt;tr&gt;&lt;td&gt;Altitude: 11700.174 ft&lt;/td&gt;&lt;/tr&gt;
&lt;tr&gt;&lt;td&gt;Speed: 2.7 mph&lt;/td&gt;&lt;/tr&gt;
&lt;tr&gt;&lt;td&gt;Heading: 354.8&lt;/td&gt;&lt;/tr&gt;
&lt;tr&gt;&lt;td&gt;Time: 2021-02-19T16:54:21Z&lt;/td&gt;&lt;/tr&gt;
&lt;/table&gt;
</description>
        <LookAt>
          <longitude>-71.847497</longitude>
          <latitude>-13.405392</latitude>
          <tilt>66</tilt>
        </LookAt>
        <TimeStamp>
          <when>2021-02-19T16:54:21Z</when>
        </TimeStamp>
        <styleUrl>#track</styleUrl>
        <Point>
          <coordinates>-71.847497,-13.405392,3566.21</coordinates>
        </Point>
      </Placemark>
      <Placemark>
        <name>Apu Linli hike - Wikiloc-123</name>
        <snippet></snippet>
        <description>
&lt;table&gt;
&lt;tr&gt;&lt;td&gt;Longitude: -71.847501&lt;/td&gt;&lt;/tr&gt;
&lt;tr&gt;&lt;td&gt;Latitude: -13.405338&lt;/td&gt;&lt;/tr&gt;
&lt;tr&gt;&lt;td&gt;Altitude: 11710.000 ft&lt;/td&gt;&lt;/tr&gt;
&lt;tr&gt;&lt;td&gt;Speed: 2.7 mph&lt;/td&gt;&lt;/tr&gt;
&lt;tr&gt;&lt;td&gt;Heading: 355.9&lt;/td&gt;&lt;/tr&gt;
&lt;tr&gt;&lt;td&gt;Time: 2021-02-19T16:54:26Z&lt;/td&gt;&lt;/tr&gt;
&lt;/table&gt;
</description>
        <LookAt>
          <longitude>-71.847501</longitude>
          <latitude>-13.405338</latitude>
          <tilt>66</tilt>
        </LookAt>
        <TimeStamp>
          <when>2021-02-19T16:54:26Z</when>
        </TimeStamp>
        <styleUrl>#track</styleUrl>
        <Point>
          <coordinates>-71.847501,-13.405338,3569.21</coordinates>
        </Point>
      </Placemark>
      <Placemark>
        <name>Apu Linli hike - Wikiloc-124</name>
        <snippet></snippet>
        <description>
&lt;table&gt;
&lt;tr&gt;&lt;td&gt;Longitude: -71.847507&lt;/td&gt;&lt;/tr&gt;
&lt;tr&gt;&lt;td&gt;Latitude: -13.405280&lt;/td&gt;&lt;/tr&gt;
&lt;tr&gt;&lt;td&gt;Altitude: 11715.213 ft&lt;/td&gt;&lt;/tr&gt;
&lt;tr&gt;&lt;td&gt;Speed: 1.5 mph&lt;/td&gt;&lt;/tr&gt;
&lt;tr&gt;&lt;td&gt;Heading: 354.3&lt;/td&gt;&lt;/tr&gt;
&lt;tr&gt;&lt;td&gt;Time: 2021-02-19T16:54:36Z&lt;/td&gt;&lt;/tr&gt;
&lt;/table&gt;
</description>
        <LookAt>
          <longitude>-71.847507</longitude>
          <latitude>-13.40528</latitude>
          <tilt>66</tilt>
        </LookAt>
        <TimeStamp>
          <when>2021-02-19T16:54:36Z</when>
        </TimeStamp>
        <styleUrl>#track</styleUrl>
        <Point>
          <coordinates>-71.847507,-13.405280,3570.80</coordinates>
        </Point>
      </Placemark>
      <Placemark>
        <name>Apu Linli hike - Wikiloc-125</name>
        <snippet></snippet>
        <description>
&lt;table&gt;
&lt;tr&gt;&lt;td&gt;Longitude: -71.847432&lt;/td&gt;&lt;/tr&gt;
&lt;tr&gt;&lt;td&gt;Latitude: -13.404958&lt;/td&gt;&lt;/tr&gt;
&lt;tr&gt;&lt;td&gt;Altitude: 11710.784 ft&lt;/td&gt;&lt;/tr&gt;
&lt;tr&gt;&lt;td&gt;Speed: 2.2 mph&lt;/td&gt;&lt;/tr&gt;
&lt;tr&gt;&lt;td&gt;Heading: 12.8&lt;/td&gt;&lt;/tr&gt;
&lt;tr&gt;&lt;td&gt;Time: 2021-02-19T16:55:14Z&lt;/td&gt;&lt;/tr&gt;
&lt;/table&gt;
</description>
        <LookAt>
          <longitude>-71.847432</longitude>
          <latitude>-13.404958</latitude>
          <tilt>66</tilt>
        </LookAt>
        <TimeStamp>
          <when>2021-02-19T16:55:14Z</when>
        </TimeStamp>
        <styleUrl>#track</styleUrl>
        <Point>
          <coordinates>-71.847432,-13.404958,3569.45</coordinates>
        </Point>
      </Placemark>
      <Placemark>
        <name>Apu Linli hike - Wikiloc-126</name>
        <snippet></snippet>
        <description>
&lt;table&gt;
&lt;tr&gt;&lt;td&gt;Longitude: -71.847432&lt;/td&gt;&lt;/tr&gt;
&lt;tr&gt;&lt;td&gt;Latitude: -13.404880&lt;/td&gt;&lt;/tr&gt;
&lt;tr&gt;&lt;td&gt;Altitude: 11720.643 ft&lt;/td&gt;&lt;/tr&gt;
&lt;tr&gt;&lt;td&gt;Speed: 1.1 mph&lt;/td&gt;&lt;/tr&gt;
&lt;tr&gt;&lt;td&gt;Heading: 0.0&lt;/td&gt;&lt;/tr&gt;
&lt;tr&gt;&lt;td&gt;Time: 2021-02-19T16:55:32Z&lt;/td&gt;&lt;/tr&gt;
&lt;/table&gt;
</description>
        <LookAt>
          <longitude>-71.847432</longitude>
          <latitude>-13.40488</latitude>
          <tilt>66</tilt>
        </LookAt>
        <TimeStamp>
          <when>2021-02-19T16:55:32Z</when>
        </TimeStamp>
        <styleUrl>#track</styleUrl>
        <Point>
          <coordinates>-71.847432,-13.404880,3572.45</coordinates>
        </Point>
      </Placemark>
      <Placemark>
        <name>Apu Linli hike - Wikiloc-127</name>
        <snippet></snippet>
        <description>
&lt;table&gt;
&lt;tr&gt;&lt;td&gt;Longitude: -71.847461&lt;/td&gt;&lt;/tr&gt;
&lt;tr&gt;&lt;td&gt;Latitude: -13.404824&lt;/td&gt;&lt;/tr&gt;
&lt;tr&gt;&lt;td&gt;Altitude: 11716.148 ft&lt;/td&gt;&lt;/tr&gt;
&lt;tr&gt;&lt;td&gt;Speed: 1.1 mph&lt;/td&gt;&lt;/tr&gt;
&lt;tr&gt;&lt;td&gt;Heading: 333.3&lt;/td&gt;&lt;/tr&gt;
&lt;tr&gt;&lt;td&gt;Time: 2021-02-19T16:55:46Z&lt;/td&gt;&lt;/tr&gt;
&lt;/table&gt;
</description>
        <LookAt>
          <longitude>-71.847461</longitude>
          <latitude>-13.404824</latitude>
          <tilt>66</tilt>
        </LookAt>
        <TimeStamp>
          <when>2021-02-19T16:55:46Z</when>
        </TimeStamp>
        <styleUrl>#track</styleUrl>
        <Point>
          <coordinates>-71.847461,-13.404824,3571.08</coordinates>
        </Point>
      </Placemark>
      <Placemark>
        <name>Apu Linli hike - Wikiloc-128</name>
        <snippet></snippet>
        <description>
&lt;table&gt;
&lt;tr&gt;&lt;td&gt;Longitude: -71.847486&lt;/td&gt;&lt;/tr&gt;
&lt;tr&gt;&lt;td&gt;Latitude: -13.404774&lt;/td&gt;&lt;/tr&gt;
&lt;tr&gt;&lt;td&gt;Altitude: 11716.588 ft&lt;/td&gt;&lt;/tr&gt;
&lt;tr&gt;&lt;td&gt;Speed: 2.8 mph&lt;/td&gt;&lt;/tr&gt;
&lt;tr&gt;&lt;td&gt;Heading: 334.1&lt;/td&gt;&lt;/tr&gt;
&lt;tr&gt;&lt;td&gt;Time: 2021-02-19T16:55:51Z&lt;/td&gt;&lt;/tr&gt;
&lt;/table&gt;
</description>
        <LookAt>
          <longitude>-71.847486</longitude>
          <latitude>-13.404774</latitude>
          <tilt>66</tilt>
        </LookAt>
        <TimeStamp>
          <when>2021-02-19T16:55:51Z</when>
        </TimeStamp>
        <styleUrl>#track</styleUrl>
        <Point>
          <coordinates>-71.847486,-13.404774,3571.22</coordinates>
        </Point>
      </Placemark>
      <Placemark>
        <name>Apu Linli hike - Wikiloc-129</name>
        <snippet></snippet>
        <description>
&lt;table&gt;
&lt;tr&gt;&lt;td&gt;Longitude: -71.847493&lt;/td&gt;&lt;/tr&gt;
&lt;tr&gt;&lt;td&gt;Latitude: -13.404724&lt;/td&gt;&lt;/tr&gt;
&lt;tr&gt;&lt;td&gt;Altitude: 11728.386 ft&lt;/td&gt;&lt;/tr&gt;
&lt;tr&gt;&lt;td&gt;Speed: 0.6 mph&lt;/td&gt;&lt;/tr&gt;
&lt;tr&gt;&lt;td&gt;Heading: 352.2&lt;/td&gt;&lt;/tr&gt;
&lt;tr&gt;&lt;td&gt;Time: 2021-02-19T16:56:11Z&lt;/td&gt;&lt;/tr&gt;
&lt;/table&gt;
</description>
        <LookAt>
          <longitude>-71.847493</longitude>
          <latitude>-13.404724</latitude>
          <tilt>66</tilt>
        </LookAt>
        <TimeStamp>
          <when>2021-02-19T16:56:11Z</when>
        </TimeStamp>
        <styleUrl>#track</styleUrl>
        <Point>
          <coordinates>-71.847493,-13.404724,3574.81</coordinates>
        </Point>
      </Placemark>
      <Placemark>
        <name>Apu Linli hike - Wikiloc-130</name>
        <snippet></snippet>
        <description>
&lt;table&gt;
&lt;tr&gt;&lt;td&gt;Longitude: -71.847492&lt;/td&gt;&lt;/tr&gt;
&lt;tr&gt;&lt;td&gt;Latitude: -13.404676&lt;/td&gt;&lt;/tr&gt;
&lt;tr&gt;&lt;td&gt;Altitude: 11737.989 ft&lt;/td&gt;&lt;/tr&gt;
&lt;tr&gt;&lt;td&gt;Speed: 2.4 mph&lt;/td&gt;&lt;/tr&gt;
&lt;tr&gt;&lt;td&gt;Heading: 1.2&lt;/td&gt;&lt;/tr&gt;
&lt;tr&gt;&lt;td&gt;Time: 2021-02-19T16:56:16Z&lt;/td&gt;&lt;/tr&gt;
&lt;/table&gt;
</description>
        <LookAt>
          <longitude>-71.847492</longitude>
          <latitude>-13.404676</latitude>
          <tilt>66</tilt>
        </LookAt>
        <TimeStamp>
          <when>2021-02-19T16:56:16Z</when>
        </TimeStamp>
        <styleUrl>#track</styleUrl>
        <Point>
          <coordinates>-71.847492,-13.404676,3577.74</coordinates>
        </Point>
      </Placemark>
      <Placemark>
        <name>Apu Linli hike - Wikiloc-131</name>
        <snippet></snippet>
        <description>
&lt;table&gt;
&lt;tr&gt;&lt;td&gt;Longitude: -71.847496&lt;/td&gt;&lt;/tr&gt;
&lt;tr&gt;&lt;td&gt;Latitude: -13.404630&lt;/td&gt;&lt;/tr&gt;
&lt;tr&gt;&lt;td&gt;Altitude: 11745.371 ft&lt;/td&gt;&lt;/tr&gt;
&lt;tr&gt;&lt;td&gt;Speed: 2.3 mph&lt;/td&gt;&lt;/tr&gt;
&lt;tr&gt;&lt;td&gt;Heading: 355.2&lt;/td&gt;&lt;/tr&gt;
&lt;tr&gt;&lt;td&gt;Time: 2021-02-19T16:56:21Z&lt;/td&gt;&lt;/tr&gt;
&lt;/table&gt;
</description>
        <LookAt>
          <longitude>-71.847496</longitude>
          <latitude>-13.40463</latitude>
          <tilt>66</tilt>
        </LookAt>
        <TimeStamp>
          <when>2021-02-19T16:56:21Z</when>
        </TimeStamp>
        <styleUrl>#track</styleUrl>
        <Point>
          <coordinates>-71.847496,-13.404630,3579.99</coordinates>
        </Point>
      </Placemark>
      <Placemark>
        <name>Apu Linli hike - Wikiloc-132</name>
        <snippet></snippet>
        <description>
&lt;table&gt;
&lt;tr&gt;&lt;td&gt;Longitude: -71.847502&lt;/td&gt;&lt;/tr&gt;
&lt;tr&gt;&lt;td&gt;Latitude: -13.404581&lt;/td&gt;&lt;/tr&gt;
&lt;tr&gt;&lt;td&gt;Altitude: 11750.259 ft&lt;/td&gt;&lt;/tr&gt;
&lt;tr&gt;&lt;td&gt;Speed: 2.5 mph&lt;/td&gt;&lt;/tr&gt;
&lt;tr&gt;&lt;td&gt;Heading: 353.2&lt;/td&gt;&lt;/tr&gt;
&lt;tr&gt;&lt;td&gt;Time: 2021-02-19T16:56:26Z&lt;/td&gt;&lt;/tr&gt;
&lt;/table&gt;
</description>
        <LookAt>
          <longitude>-71.847502</longitude>
          <latitude>-13.404581</latitude>
          <tilt>66</tilt>
        </LookAt>
        <TimeStamp>
          <when>2021-02-19T16:56:26Z</when>
        </TimeStamp>
        <styleUrl>#track</styleUrl>
        <Point>
          <coordinates>-71.847502,-13.404581,3581.48</coordinates>
        </Point>
      </Placemark>
      <Placemark>
        <name>Apu Linli hike - Wikiloc-133</name>
        <snippet></snippet>
        <description>
&lt;table&gt;
&lt;tr&gt;&lt;td&gt;Longitude: -71.847529&lt;/td&gt;&lt;/tr&gt;
&lt;tr&gt;&lt;td&gt;Latitude: -13.404531&lt;/td&gt;&lt;/tr&gt;
&lt;tr&gt;&lt;td&gt;Altitude: 11748.376 ft&lt;/td&gt;&lt;/tr&gt;
&lt;tr&gt;&lt;td&gt;Speed: 2.8 mph&lt;/td&gt;&lt;/tr&gt;
&lt;tr&gt;&lt;td&gt;Heading: 332.3&lt;/td&gt;&lt;/tr&gt;
&lt;tr&gt;&lt;td&gt;Time: 2021-02-19T16:56:31Z&lt;/td&gt;&lt;/tr&gt;
&lt;/table&gt;
</description>
        <LookAt>
          <longitude>-71.847529</longitude>
          <latitude>-13.404531</latitude>
          <tilt>66</tilt>
        </LookAt>
        <TimeStamp>
          <when>2021-02-19T16:56:31Z</when>
        </TimeStamp>
        <styleUrl>#track</styleUrl>
        <Point>
          <coordinates>-71.847529,-13.404531,3580.91</coordinates>
        </Point>
      </Placemark>
      <Placemark>
        <name>Apu Linli hike - Wikiloc-134</name>
        <snippet></snippet>
        <description>
&lt;table&gt;
&lt;tr&gt;&lt;td&gt;Longitude: -71.847535&lt;/td&gt;&lt;/tr&gt;
&lt;tr&gt;&lt;td&gt;Latitude: -13.404454&lt;/td&gt;&lt;/tr&gt;
&lt;tr&gt;&lt;td&gt;Altitude: 11753.035 ft&lt;/td&gt;&lt;/tr&gt;
&lt;tr&gt;&lt;td&gt;Speed: 1.9 mph&lt;/td&gt;&lt;/tr&gt;
&lt;tr&gt;&lt;td&gt;Heading: 355.7&lt;/td&gt;&lt;/tr&gt;
&lt;tr&gt;&lt;td&gt;Time: 2021-02-19T16:56:41Z&lt;/td&gt;&lt;/tr&gt;
&lt;/table&gt;
</description>
        <LookAt>
          <longitude>-71.847535</longitude>
          <latitude>-13.404454</latitude>
          <tilt>66</tilt>
        </LookAt>
        <TimeStamp>
          <when>2021-02-19T16:56:41Z</when>
        </TimeStamp>
        <styleUrl>#track</styleUrl>
        <Point>
          <coordinates>-71.847535,-13.404454,3582.32</coordinates>
        </Point>
      </Placemark>
      <Placemark>
        <name>Apu Linli hike - Wikiloc-135</name>
        <snippet></snippet>
        <description>
&lt;table&gt;
&lt;tr&gt;&lt;td&gt;Longitude: -71.847518&lt;/td&gt;&lt;/tr&gt;
&lt;tr&gt;&lt;td&gt;Latitude: -13.404365&lt;/td&gt;&lt;/tr&gt;
&lt;tr&gt;&lt;td&gt;Altitude: 11761.837 ft&lt;/td&gt;&lt;/tr&gt;
&lt;tr&gt;&lt;td&gt;Speed: 2.3 mph&lt;/td&gt;&lt;/tr&gt;
&lt;tr&gt;&lt;td&gt;Heading: 10.5&lt;/td&gt;&lt;/tr&gt;
&lt;tr&gt;&lt;td&gt;Time: 2021-02-19T16:56:51Z&lt;/td&gt;&lt;/tr&gt;
&lt;/table&gt;
</description>
        <LookAt>
          <longitude>-71.847518</longitude>
          <latitude>-13.404365</latitude>
          <tilt>66</tilt>
        </LookAt>
        <TimeStamp>
          <when>2021-02-19T16:56:51Z</when>
        </TimeStamp>
        <styleUrl>#track</styleUrl>
        <Point>
          <coordinates>-71.847518,-13.404365,3585.01</coordinates>
        </Point>
      </Placemark>
      <Placemark>
        <name>Apu Linli hike - Wikiloc-136</name>
        <snippet></snippet>
        <description>
&lt;table&gt;
&lt;tr&gt;&lt;td&gt;Longitude: -71.847501&lt;/td&gt;&lt;/tr&gt;
&lt;tr&gt;&lt;td&gt;Latitude: -13.404299&lt;/td&gt;&lt;/tr&gt;
&lt;tr&gt;&lt;td&gt;Altitude: 11767.300 ft&lt;/td&gt;&lt;/tr&gt;
&lt;tr&gt;&lt;td&gt;Speed: 3.4 mph&lt;/td&gt;&lt;/tr&gt;
&lt;tr&gt;&lt;td&gt;Heading: 14.1&lt;/td&gt;&lt;/tr&gt;
&lt;tr&gt;&lt;td&gt;Time: 2021-02-19T16:56:56Z&lt;/td&gt;&lt;/tr&gt;
&lt;/table&gt;
</description>
        <LookAt>
          <longitude>-71.847501</longitude>
          <latitude>-13.404299</latitude>
          <tilt>66</tilt>
        </LookAt>
        <TimeStamp>
          <when>2021-02-19T16:56:56Z</when>
        </TimeStamp>
        <styleUrl>#track</styleUrl>
        <Point>
          <coordinates>-71.847501,-13.404299,3586.67</coordinates>
        </Point>
      </Placemark>
      <Placemark>
        <name>Apu Linli hike - Wikiloc-137</name>
        <snippet></snippet>
        <description>
&lt;table&gt;
&lt;tr&gt;&lt;td&gt;Longitude: -71.847501&lt;/td&gt;&lt;/tr&gt;
&lt;tr&gt;&lt;td&gt;Latitude: -13.404248&lt;/td&gt;&lt;/tr&gt;
&lt;tr&gt;&lt;td&gt;Altitude: 11775.633 ft&lt;/td&gt;&lt;/tr&gt;
&lt;tr&gt;&lt;td&gt;Speed: 2.5 mph&lt;/td&gt;&lt;/tr&gt;
&lt;tr&gt;&lt;td&gt;Heading: 0.0&lt;/td&gt;&lt;/tr&gt;
&lt;tr&gt;&lt;td&gt;Time: 2021-02-19T16:57:01Z&lt;/td&gt;&lt;/tr&gt;
&lt;/table&gt;
</description>
        <LookAt>
          <longitude>-71.847501</longitude>
          <latitude>-13.404248</latitude>
          <tilt>66</tilt>
        </LookAt>
        <TimeStamp>
          <when>2021-02-19T16:57:01Z</when>
        </TimeStamp>
        <styleUrl>#track</styleUrl>
        <Point>
          <coordinates>-71.847501,-13.404248,3589.21</coordinates>
        </Point>
      </Placemark>
      <Placemark>
        <name>Apu Linli hike - Wikiloc-138</name>
        <snippet></snippet>
        <description>
&lt;table&gt;
&lt;tr&gt;&lt;td&gt;Longitude: -71.847446&lt;/td&gt;&lt;/tr&gt;
&lt;tr&gt;&lt;td&gt;Latitude: -13.404174&lt;/td&gt;&lt;/tr&gt;
&lt;tr&gt;&lt;td&gt;Altitude: 11786.608 ft&lt;/td&gt;&lt;/tr&gt;
&lt;tr&gt;&lt;td&gt;Speed: 2.3 mph&lt;/td&gt;&lt;/tr&gt;
&lt;tr&gt;&lt;td&gt;Heading: 35.9&lt;/td&gt;&lt;/tr&gt;
&lt;tr&gt;&lt;td&gt;Time: 2021-02-19T16:57:11Z&lt;/td&gt;&lt;/tr&gt;
&lt;/table&gt;
</description>
        <LookAt>
          <longitude>-71.847446</longitude>
          <latitude>-13.404174</latitude>
          <tilt>66</tilt>
        </LookAt>
        <TimeStamp>
          <when>2021-02-19T16:57:11Z</when>
        </TimeStamp>
        <styleUrl>#track</styleUrl>
        <Point>
          <coordinates>-71.847446,-13.404174,3592.56</coordinates>
        </Point>
      </Placemark>
      <Placemark>
        <name>Apu Linli hike - Wikiloc-139</name>
        <snippet></snippet>
        <description>
&lt;table&gt;
&lt;tr&gt;&lt;td&gt;Longitude: -71.847430&lt;/td&gt;&lt;/tr&gt;
&lt;tr&gt;&lt;td&gt;Latitude: -13.404128&lt;/td&gt;&lt;/tr&gt;
&lt;tr&gt;&lt;td&gt;Altitude: 11794.547 ft&lt;/td&gt;&lt;/tr&gt;
&lt;tr&gt;&lt;td&gt;Speed: 2.4 mph&lt;/td&gt;&lt;/tr&gt;
&lt;tr&gt;&lt;td&gt;Heading: 18.7&lt;/td&gt;&lt;/tr&gt;
&lt;tr&gt;&lt;td&gt;Time: 2021-02-19T16:57:16Z&lt;/td&gt;&lt;/tr&gt;
&lt;/table&gt;
</description>
        <LookAt>
          <longitude>-71.84743</longitude>
          <latitude>-13.404128</latitude>
          <tilt>66</tilt>
        </LookAt>
        <TimeStamp>
          <when>2021-02-19T16:57:16Z</when>
        </TimeStamp>
        <styleUrl>#track</styleUrl>
        <Point>
          <coordinates>-71.847430,-13.404128,3594.98</coordinates>
        </Point>
      </Placemark>
      <Placemark>
        <name>Apu Linli hike - Wikiloc-140</name>
        <snippet></snippet>
        <description>
&lt;table&gt;
&lt;tr&gt;&lt;td&gt;Longitude: -71.847401&lt;/td&gt;&lt;/tr&gt;
&lt;tr&gt;&lt;td&gt;Latitude: -13.404084&lt;/td&gt;&lt;/tr&gt;
&lt;tr&gt;&lt;td&gt;Altitude: 11801.647 ft&lt;/td&gt;&lt;/tr&gt;
&lt;tr&gt;&lt;td&gt;Speed: 2.6 mph&lt;/td&gt;&lt;/tr&gt;
&lt;tr&gt;&lt;td&gt;Heading: 32.7&lt;/td&gt;&lt;/tr&gt;
&lt;tr&gt;&lt;td&gt;Time: 2021-02-19T16:57:21Z&lt;/td&gt;&lt;/tr&gt;
&lt;/table&gt;
</description>
        <LookAt>
          <longitude>-71.847401</longitude>
          <latitude>-13.404084</latitude>
          <tilt>66</tilt>
        </LookAt>
        <TimeStamp>
          <when>2021-02-19T16:57:21Z</when>
        </TimeStamp>
        <styleUrl>#track</styleUrl>
        <Point>
          <coordinates>-71.847401,-13.404084,3597.14</coordinates>
        </Point>
      </Placemark>
      <Placemark>
        <name>Apu Linli hike - Wikiloc-141</name>
        <snippet></snippet>
        <description>
&lt;table&gt;
&lt;tr&gt;&lt;td&gt;Longitude: -71.847349&lt;/td&gt;&lt;/tr&gt;
&lt;tr&gt;&lt;td&gt;Latitude: -13.404034&lt;/td&gt;&lt;/tr&gt;
&lt;tr&gt;&lt;td&gt;Altitude: 11803.930 ft&lt;/td&gt;&lt;/tr&gt;
&lt;tr&gt;&lt;td&gt;Speed: 1.8 mph&lt;/td&gt;&lt;/tr&gt;
&lt;tr&gt;&lt;td&gt;Heading: 45.3&lt;/td&gt;&lt;/tr&gt;
&lt;tr&gt;&lt;td&gt;Time: 2021-02-19T16:57:31Z&lt;/td&gt;&lt;/tr&gt;
&lt;/table&gt;
</description>
        <LookAt>
          <longitude>-71.847349</longitude>
          <latitude>-13.404034</latitude>
          <tilt>66</tilt>
        </LookAt>
        <TimeStamp>
          <when>2021-02-19T16:57:31Z</when>
        </TimeStamp>
        <styleUrl>#track</styleUrl>
        <Point>
          <coordinates>-71.847349,-13.404034,3597.84</coordinates>
        </Point>
      </Placemark>
      <Placemark>
        <name>Apu Linli hike - Wikiloc-142</name>
        <snippet></snippet>
        <description>
&lt;table&gt;
&lt;tr&gt;&lt;td&gt;Longitude: -71.847324&lt;/td&gt;&lt;/tr&gt;
&lt;tr&gt;&lt;td&gt;Latitude: -13.403991&lt;/td&gt;&lt;/tr&gt;
&lt;tr&gt;&lt;td&gt;Altitude: 11808.251 ft&lt;/td&gt;&lt;/tr&gt;
&lt;tr&gt;&lt;td&gt;Speed: 0.1 mph&lt;/td&gt;&lt;/tr&gt;
&lt;tr&gt;&lt;td&gt;Heading: 29.5&lt;/td&gt;&lt;/tr&gt;
&lt;tr&gt;&lt;td&gt;Time: 2021-02-19T17:00:16Z&lt;/td&gt;&lt;/tr&gt;
&lt;/table&gt;
</description>
        <LookAt>
          <longitude>-71.847324</longitude>
          <latitude>-13.403991</latitude>
          <tilt>66</tilt>
        </LookAt>
        <TimeStamp>
          <when>2021-02-19T17:00:16Z</when>
        </TimeStamp>
        <styleUrl>#track</styleUrl>
        <Point>
          <coordinates>-71.847324,-13.403991,3599.16</coordinates>
        </Point>
      </Placemark>
      <Placemark>
        <name>Apu Linli hike - Wikiloc-143</name>
        <snippet></snippet>
        <description>
&lt;table&gt;
&lt;tr&gt;&lt;td&gt;Longitude: -71.847311&lt;/td&gt;&lt;/tr&gt;
&lt;tr&gt;&lt;td&gt;Latitude: -13.403922&lt;/td&gt;&lt;/tr&gt;
&lt;tr&gt;&lt;td&gt;Altitude: 11814.386 ft&lt;/td&gt;&lt;/tr&gt;
&lt;tr&gt;&lt;td&gt;Speed: 2.5 mph&lt;/td&gt;&lt;/tr&gt;
&lt;tr&gt;&lt;td&gt;Heading: 10.4&lt;/td&gt;&lt;/tr&gt;
&lt;tr&gt;&lt;td&gt;Time: 2021-02-19T17:00:23Z&lt;/td&gt;&lt;/tr&gt;
&lt;/table&gt;
</description>
        <LookAt>
          <longitude>-71.847311</longitude>
          <latitude>-13.403922</latitude>
          <tilt>66</tilt>
        </LookAt>
        <TimeStamp>
          <when>2021-02-19T17:00:23Z</when>
        </TimeStamp>
        <styleUrl>#track</styleUrl>
        <Point>
          <coordinates>-71.847311,-13.403922,3601.03</coordinates>
        </Point>
      </Placemark>
      <Placemark>
        <name>Apu Linli hike - Wikiloc-144</name>
        <snippet></snippet>
        <description>
&lt;table&gt;
&lt;tr&gt;&lt;td&gt;Longitude: -71.847301&lt;/td&gt;&lt;/tr&gt;
&lt;tr&gt;&lt;td&gt;Latitude: -13.403869&lt;/td&gt;&lt;/tr&gt;
&lt;tr&gt;&lt;td&gt;Altitude: 11820.827 ft&lt;/td&gt;&lt;/tr&gt;
&lt;tr&gt;&lt;td&gt;Speed: 2.2 mph&lt;/td&gt;&lt;/tr&gt;
&lt;tr&gt;&lt;td&gt;Heading: 10.4&lt;/td&gt;&lt;/tr&gt;
&lt;tr&gt;&lt;td&gt;Time: 2021-02-19T17:00:29Z&lt;/td&gt;&lt;/tr&gt;
&lt;/table&gt;
</description>
        <LookAt>
          <longitude>-71.847301</longitude>
          <latitude>-13.403869</latitude>
          <tilt>66</tilt>
        </LookAt>
        <TimeStamp>
          <when>2021-02-19T17:00:29Z</when>
        </TimeStamp>
        <styleUrl>#track</styleUrl>
        <Point>
          <coordinates>-71.847301,-13.403869,3602.99</coordinates>
        </Point>
      </Placemark>
      <Placemark>
        <name>Apu Linli hike - Wikiloc-145</name>
        <snippet></snippet>
        <description>
&lt;table&gt;
&lt;tr&gt;&lt;td&gt;Longitude: -71.847295&lt;/td&gt;&lt;/tr&gt;
&lt;tr&gt;&lt;td&gt;Latitude: -13.403814&lt;/td&gt;&lt;/tr&gt;
&lt;tr&gt;&lt;td&gt;Altitude: 11827.507 ft&lt;/td&gt;&lt;/tr&gt;
&lt;tr&gt;&lt;td&gt;Speed: 2.3 mph&lt;/td&gt;&lt;/tr&gt;
&lt;tr&gt;&lt;td&gt;Heading: 6.1&lt;/td&gt;&lt;/tr&gt;
&lt;tr&gt;&lt;td&gt;Time: 2021-02-19T17:00:35Z&lt;/td&gt;&lt;/tr&gt;
&lt;/table&gt;
</description>
        <LookAt>
          <longitude>-71.847295</longitude>
          <latitude>-13.403814</latitude>
          <tilt>66</tilt>
        </LookAt>
        <TimeStamp>
          <when>2021-02-19T17:00:35Z</when>
        </TimeStamp>
        <styleUrl>#track</styleUrl>
        <Point>
          <coordinates>-71.847295,-13.403814,3605.02</coordinates>
        </Point>
      </Placemark>
      <Placemark>
        <name>Apu Linli hike - Wikiloc-146</name>
        <snippet></snippet>
        <description>
&lt;table&gt;
&lt;tr&gt;&lt;td&gt;Longitude: -71.847298&lt;/td&gt;&lt;/tr&gt;
&lt;tr&gt;&lt;td&gt;Latitude: -13.403767&lt;/td&gt;&lt;/tr&gt;
&lt;tr&gt;&lt;td&gt;Altitude: 11832.762 ft&lt;/td&gt;&lt;/tr&gt;
&lt;tr&gt;&lt;td&gt;Speed: 2.0 mph&lt;/td&gt;&lt;/tr&gt;
&lt;tr&gt;&lt;td&gt;Heading: 356.4&lt;/td&gt;&lt;/tr&gt;
&lt;tr&gt;&lt;td&gt;Time: 2021-02-19T17:00:41Z&lt;/td&gt;&lt;/tr&gt;
&lt;/table&gt;
</description>
        <LookAt>
          <longitude>-71.847298</longitude>
          <latitude>-13.403767</latitude>
          <tilt>66</tilt>
        </LookAt>
        <TimeStamp>
          <when>2021-02-19T17:00:41Z</when>
        </TimeStamp>
        <styleUrl>#track</styleUrl>
        <Point>
          <coordinates>-71.847298,-13.403767,3606.63</coordinates>
        </Point>
      </Placemark>
      <Placemark>
        <name>Apu Linli hike - Wikiloc-147</name>
        <snippet></snippet>
        <description>
&lt;table&gt;
&lt;tr&gt;&lt;td&gt;Longitude: -71.847278&lt;/td&gt;&lt;/tr&gt;
&lt;tr&gt;&lt;td&gt;Latitude: -13.403706&lt;/td&gt;&lt;/tr&gt;
&lt;tr&gt;&lt;td&gt;Altitude: 11840.249 ft&lt;/td&gt;&lt;/tr&gt;
&lt;tr&gt;&lt;td&gt;Speed: 1.8 mph&lt;/td&gt;&lt;/tr&gt;
&lt;tr&gt;&lt;td&gt;Heading: 17.7&lt;/td&gt;&lt;/tr&gt;
&lt;tr&gt;&lt;td&gt;Time: 2021-02-19T17:00:50Z&lt;/td&gt;&lt;/tr&gt;
&lt;/table&gt;
</description>
        <LookAt>
          <longitude>-71.847278</longitude>
          <latitude>-13.403706</latitude>
          <tilt>66</tilt>
        </LookAt>
        <TimeStamp>
          <when>2021-02-19T17:00:50Z</when>
        </TimeStamp>
        <styleUrl>#track</styleUrl>
        <Point>
          <coordinates>-71.847278,-13.403706,3608.91</coordinates>
        </Point>
      </Placemark>
      <Placemark>
        <name>Apu Linli hike - Wikiloc-148</name>
        <snippet></snippet>
        <description>
&lt;table&gt;
&lt;tr&gt;&lt;td&gt;Longitude: -71.847277&lt;/td&gt;&lt;/tr&gt;
&lt;tr&gt;&lt;td&gt;Latitude: -13.403652&lt;/td&gt;&lt;/tr&gt;
&lt;tr&gt;&lt;td&gt;Altitude: 11846.765 ft&lt;/td&gt;&lt;/tr&gt;
&lt;tr&gt;&lt;td&gt;Speed: 2.2 mph&lt;/td&gt;&lt;/tr&gt;
&lt;tr&gt;&lt;td&gt;Heading: 1.0&lt;/td&gt;&lt;/tr&gt;
&lt;tr&gt;&lt;td&gt;Time: 2021-02-19T17:00:56Z&lt;/td&gt;&lt;/tr&gt;
&lt;/table&gt;
</description>
        <LookAt>
          <longitude>-71.847277</longitude>
          <latitude>-13.403652</latitude>
          <tilt>66</tilt>
        </LookAt>
        <TimeStamp>
          <when>2021-02-19T17:00:56Z</when>
        </TimeStamp>
        <styleUrl>#track</styleUrl>
        <Point>
          <coordinates>-71.847277,-13.403652,3610.89</coordinates>
        </Point>
      </Placemark>
      <Placemark>
        <name>Apu Linli hike - Wikiloc-149</name>
        <snippet></snippet>
        <description>
&lt;table&gt;
&lt;tr&gt;&lt;td&gt;Longitude: -71.847278&lt;/td&gt;&lt;/tr&gt;
&lt;tr&gt;&lt;td&gt;Latitude: -13.403605&lt;/td&gt;&lt;/tr&gt;
&lt;tr&gt;&lt;td&gt;Altitude: 11850.833 ft&lt;/td&gt;&lt;/tr&gt;
&lt;tr&gt;&lt;td&gt;Speed: 2.0 mph&lt;/td&gt;&lt;/tr&gt;
&lt;tr&gt;&lt;td&gt;Heading: 358.8&lt;/td&gt;&lt;/tr&gt;
&lt;tr&gt;&lt;td&gt;Time: 2021-02-19T17:01:02Z&lt;/td&gt;&lt;/tr&gt;
&lt;/table&gt;
</description>
        <LookAt>
          <longitude>-71.847278</longitude>
          <latitude>-13.403605</latitude>
          <tilt>66</tilt>
        </LookAt>
        <TimeStamp>
          <when>2021-02-19T17:01:02Z</when>
        </TimeStamp>
        <styleUrl>#track</styleUrl>
        <Point>
          <coordinates>-71.847278,-13.403605,3612.13</coordinates>
        </Point>
      </Placemark>
      <Placemark>
        <name>Apu Linli hike - Wikiloc-150</name>
        <snippet></snippet>
        <description>
&lt;table&gt;
&lt;tr&gt;&lt;td&gt;Longitude: -71.847269&lt;/td&gt;&lt;/tr&gt;
&lt;tr&gt;&lt;td&gt;Latitude: -13.403550&lt;/td&gt;&lt;/tr&gt;
&lt;tr&gt;&lt;td&gt;Altitude: 11856.394 ft&lt;/td&gt;&lt;/tr&gt;
&lt;tr&gt;&lt;td&gt;Speed: 2.3 mph&lt;/td&gt;&lt;/tr&gt;
&lt;tr&gt;&lt;td&gt;Heading: 9.0&lt;/td&gt;&lt;/tr&gt;
&lt;tr&gt;&lt;td&gt;Time: 2021-02-19T17:01:08Z&lt;/td&gt;&lt;/tr&gt;
&lt;/table&gt;
</description>
        <LookAt>
          <longitude>-71.847269</longitude>
          <latitude>-13.40355</latitude>
          <tilt>66</tilt>
        </LookAt>
        <TimeStamp>
          <when>2021-02-19T17:01:08Z</when>
        </TimeStamp>
        <styleUrl>#track</styleUrl>
        <Point>
          <coordinates>-71.847269,-13.403550,3613.83</coordinates>
        </Point>
      </Placemark>
      <Placemark>
        <name>Apu Linli hike - Wikiloc-151</name>
        <snippet></snippet>
        <description>
&lt;table&gt;
&lt;tr&gt;&lt;td&gt;Longitude: -71.847293&lt;/td&gt;&lt;/tr&gt;
&lt;tr&gt;&lt;td&gt;Latitude: -13.403453&lt;/td&gt;&lt;/tr&gt;
&lt;tr&gt;&lt;td&gt;Altitude: 11863.120 ft&lt;/td&gt;&lt;/tr&gt;
&lt;tr&gt;&lt;td&gt;Speed: 2.3 mph&lt;/td&gt;&lt;/tr&gt;
&lt;tr&gt;&lt;td&gt;Heading: 346.5&lt;/td&gt;&lt;/tr&gt;
&lt;tr&gt;&lt;td&gt;Time: 2021-02-19T17:01:19Z&lt;/td&gt;&lt;/tr&gt;
&lt;/table&gt;
</description>
        <LookAt>
          <longitude>-71.847293</longitude>
          <latitude>-13.403453</latitude>
          <tilt>66</tilt>
        </LookAt>
        <TimeStamp>
          <when>2021-02-19T17:01:19Z</when>
        </TimeStamp>
        <styleUrl>#track</styleUrl>
        <Point>
          <coordinates>-71.847293,-13.403453,3615.88</coordinates>
        </Point>
      </Placemark>
      <Placemark>
        <name>Apu Linli hike - Wikiloc-152</name>
        <snippet></snippet>
        <description>
&lt;table&gt;
&lt;tr&gt;&lt;td&gt;Longitude: -71.847208&lt;/td&gt;&lt;/tr&gt;
&lt;tr&gt;&lt;td&gt;Latitude: -13.403480&lt;/td&gt;&lt;/tr&gt;
&lt;tr&gt;&lt;td&gt;Altitude: 11871.532 ft&lt;/td&gt;&lt;/tr&gt;
&lt;tr&gt;&lt;td&gt;Speed: 2.4 mph&lt;/td&gt;&lt;/tr&gt;
&lt;tr&gt;&lt;td&gt;Heading: 108.1&lt;/td&gt;&lt;/tr&gt;
&lt;tr&gt;&lt;td&gt;Time: 2021-02-19T17:01:28Z&lt;/td&gt;&lt;/tr&gt;
&lt;/table&gt;
</description>
        <LookAt>
          <longitude>-71.847208</longitude>
          <latitude>-13.40348</latitude>
          <tilt>66</tilt>
        </LookAt>
        <TimeStamp>
          <when>2021-02-19T17:01:28Z</when>
        </TimeStamp>
        <styleUrl>#track</styleUrl>
        <Point>
          <coordinates>-71.847208,-13.403480,3618.44</coordinates>
        </Point>
      </Placemark>
      <Placemark>
        <name>Apu Linli hike - Wikiloc-153</name>
        <snippet></snippet>
        <description>
&lt;table&gt;
&lt;tr&gt;&lt;td&gt;Longitude: -71.847156&lt;/td&gt;&lt;/tr&gt;
&lt;tr&gt;&lt;td&gt;Latitude: -13.403490&lt;/td&gt;&lt;/tr&gt;
&lt;tr&gt;&lt;td&gt;Altitude: 11873.980 ft&lt;/td&gt;&lt;/tr&gt;
&lt;tr&gt;&lt;td&gt;Speed: 2.6 mph&lt;/td&gt;&lt;/tr&gt;
&lt;tr&gt;&lt;td&gt;Heading: 101.2&lt;/td&gt;&lt;/tr&gt;
&lt;tr&gt;&lt;td&gt;Time: 2021-02-19T17:01:33Z&lt;/td&gt;&lt;/tr&gt;
&lt;/table&gt;
</description>
        <LookAt>
          <longitude>-71.847156</longitude>
          <latitude>-13.40349</latitude>
          <tilt>66</tilt>
        </LookAt>
        <TimeStamp>
          <when>2021-02-19T17:01:33Z</when>
        </TimeStamp>
        <styleUrl>#track</styleUrl>
        <Point>
          <coordinates>-71.847156,-13.403490,3619.19</coordinates>
        </Point>
      </Placemark>
      <Placemark>
        <name>Apu Linli hike - Wikiloc-154</name>
        <snippet></snippet>
        <description>
&lt;table&gt;
&lt;tr&gt;&lt;td&gt;Longitude: -71.847108&lt;/td&gt;&lt;/tr&gt;
&lt;tr&gt;&lt;td&gt;Latitude: -13.403493&lt;/td&gt;&lt;/tr&gt;
&lt;tr&gt;&lt;td&gt;Altitude: 11873.609 ft&lt;/td&gt;&lt;/tr&gt;
&lt;tr&gt;&lt;td&gt;Speed: 2.3 mph&lt;/td&gt;&lt;/tr&gt;
&lt;tr&gt;&lt;td&gt;Heading: 93.7&lt;/td&gt;&lt;/tr&gt;
&lt;tr&gt;&lt;td&gt;Time: 2021-02-19T17:01:38Z&lt;/td&gt;&lt;/tr&gt;
&lt;/table&gt;
</description>
        <LookAt>
          <longitude>-71.847108</longitude>
          <latitude>-13.403493</latitude>
          <tilt>66</tilt>
        </LookAt>
        <TimeStamp>
          <when>2021-02-19T17:01:38Z</when>
        </TimeStamp>
        <styleUrl>#track</styleUrl>
        <Point>
          <coordinates>-71.847108,-13.403493,3619.08</coordinates>
        </Point>
      </Placemark>
      <Placemark>
        <name>Apu Linli hike - Wikiloc-155</name>
        <snippet></snippet>
        <description>
&lt;table&gt;
&lt;tr&gt;&lt;td&gt;Longitude: -71.847056&lt;/td&gt;&lt;/tr&gt;
&lt;tr&gt;&lt;td&gt;Latitude: -13.403482&lt;/td&gt;&lt;/tr&gt;
&lt;tr&gt;&lt;td&gt;Altitude: 11864.652 ft&lt;/td&gt;&lt;/tr&gt;
&lt;tr&gt;&lt;td&gt;Speed: 2.6 mph&lt;/td&gt;&lt;/tr&gt;
&lt;tr&gt;&lt;td&gt;Heading: 77.7&lt;/td&gt;&lt;/tr&gt;
&lt;tr&gt;&lt;td&gt;Time: 2021-02-19T17:01:43Z&lt;/td&gt;&lt;/tr&gt;
&lt;/table&gt;
</description>
        <LookAt>
          <longitude>-71.847056</longitude>
          <latitude>-13.403482</latitude>
          <tilt>66</tilt>
        </LookAt>
        <TimeStamp>
          <when>2021-02-19T17:01:43Z</when>
        </TimeStamp>
        <styleUrl>#track</styleUrl>
        <Point>
          <coordinates>-71.847056,-13.403482,3616.35</coordinates>
        </Point>
      </Placemark>
      <Placemark>
        <name>Apu Linli hike - Wikiloc-156</name>
        <snippet></snippet>
        <description>
&lt;table&gt;
&lt;tr&gt;&lt;td&gt;Longitude: -71.847014&lt;/td&gt;&lt;/tr&gt;
&lt;tr&gt;&lt;td&gt;Latitude: -13.403459&lt;/td&gt;&lt;/tr&gt;
&lt;tr&gt;&lt;td&gt;Altitude: 11870.049 ft&lt;/td&gt;&lt;/tr&gt;
&lt;tr&gt;&lt;td&gt;Speed: 2.3 mph&lt;/td&gt;&lt;/tr&gt;
&lt;tr&gt;&lt;td&gt;Heading: 60.6&lt;/td&gt;&lt;/tr&gt;
&lt;tr&gt;&lt;td&gt;Time: 2021-02-19T17:01:48Z&lt;/td&gt;&lt;/tr&gt;
&lt;/table&gt;
</description>
        <LookAt>
          <longitude>-71.847014</longitude>
          <latitude>-13.403459</latitude>
          <tilt>66</tilt>
        </LookAt>
        <TimeStamp>
          <when>2021-02-19T17:01:48Z</when>
        </TimeStamp>
        <styleUrl>#track</styleUrl>
        <Point>
          <coordinates>-71.847014,-13.403459,3617.99</coordinates>
        </Point>
      </Placemark>
      <Placemark>
        <name>Apu Linli hike - Wikiloc-157</name>
        <snippet></snippet>
        <description>
&lt;table&gt;
&lt;tr&gt;&lt;td&gt;Longitude: -71.846981&lt;/td&gt;&lt;/tr&gt;
&lt;tr&gt;&lt;td&gt;Latitude: -13.403426&lt;/td&gt;&lt;/tr&gt;
&lt;tr&gt;&lt;td&gt;Altitude: 11883.140 ft&lt;/td&gt;&lt;/tr&gt;
&lt;tr&gt;&lt;td&gt;Speed: 2.3 mph&lt;/td&gt;&lt;/tr&gt;
&lt;tr&gt;&lt;td&gt;Heading: 44.2&lt;/td&gt;&lt;/tr&gt;
&lt;tr&gt;&lt;td&gt;Time: 2021-02-19T17:01:53Z&lt;/td&gt;&lt;/tr&gt;
&lt;/table&gt;
</description>
        <LookAt>
          <longitude>-71.846981</longitude>
          <latitude>-13.403426</latitude>
          <tilt>66</tilt>
        </LookAt>
        <TimeStamp>
          <when>2021-02-19T17:01:53Z</when>
        </TimeStamp>
        <styleUrl>#track</styleUrl>
        <Point>
          <coordinates>-71.846981,-13.403426,3621.98</coordinates>
        </Point>
      </Placemark>
      <Placemark>
        <name>Apu Linli hike - Wikiloc-158</name>
        <snippet></snippet>
        <description>
&lt;table&gt;
&lt;tr&gt;&lt;td&gt;Longitude: -71.846979&lt;/td&gt;&lt;/tr&gt;
&lt;tr&gt;&lt;td&gt;Latitude: -13.403347&lt;/td&gt;&lt;/tr&gt;
&lt;tr&gt;&lt;td&gt;Altitude: 11896.060 ft&lt;/td&gt;&lt;/tr&gt;
&lt;tr&gt;&lt;td&gt;Speed: 2.0 mph&lt;/td&gt;&lt;/tr&gt;
&lt;tr&gt;&lt;td&gt;Heading: 1.4&lt;/td&gt;&lt;/tr&gt;
&lt;tr&gt;&lt;td&gt;Time: 2021-02-19T17:02:03Z&lt;/td&gt;&lt;/tr&gt;
&lt;/table&gt;
</description>
        <LookAt>
          <longitude>-71.846979</longitude>
          <latitude>-13.403347</latitude>
          <tilt>66</tilt>
        </LookAt>
        <TimeStamp>
          <when>2021-02-19T17:02:03Z</when>
        </TimeStamp>
        <styleUrl>#track</styleUrl>
        <Point>
          <coordinates>-71.846979,-13.403347,3625.92</coordinates>
        </Point>
      </Placemark>
      <Placemark>
        <name>Apu Linli hike - Wikiloc-159</name>
        <snippet></snippet>
        <description>
&lt;table&gt;
&lt;tr&gt;&lt;td&gt;Longitude: -71.846969&lt;/td&gt;&lt;/tr&gt;
&lt;tr&gt;&lt;td&gt;Latitude: -13.403289&lt;/td&gt;&lt;/tr&gt;
&lt;tr&gt;&lt;td&gt;Altitude: 11903.241 ft&lt;/td&gt;&lt;/tr&gt;
&lt;tr&gt;&lt;td&gt;Speed: 1.5 mph&lt;/td&gt;&lt;/tr&gt;
&lt;tr&gt;&lt;td&gt;Heading: 9.5&lt;/td&gt;&lt;/tr&gt;
&lt;tr&gt;&lt;td&gt;Time: 2021-02-19T17:02:13Z&lt;/td&gt;&lt;/tr&gt;
&lt;/table&gt;
</description>
        <LookAt>
          <longitude>-71.846969</longitude>
          <latitude>-13.403289</latitude>
          <tilt>66</tilt>
        </LookAt>
        <TimeStamp>
          <when>2021-02-19T17:02:13Z</when>
        </TimeStamp>
        <styleUrl>#track</styleUrl>
        <Point>
          <coordinates>-71.846969,-13.403289,3628.11</coordinates>
        </Point>
      </Placemark>
      <Placemark>
        <name>Apu Linli hike - Wikiloc-160</name>
        <snippet></snippet>
        <description>
&lt;table&gt;
&lt;tr&gt;&lt;td&gt;Longitude: -71.846899&lt;/td&gt;&lt;/tr&gt;
&lt;tr&gt;&lt;td&gt;Latitude: -13.403266&lt;/td&gt;&lt;/tr&gt;
&lt;tr&gt;&lt;td&gt;Altitude: 11905.102 ft&lt;/td&gt;&lt;/tr&gt;
&lt;tr&gt;&lt;td&gt;Speed: 1.8 mph&lt;/td&gt;&lt;/tr&gt;
&lt;tr&gt;&lt;td&gt;Heading: 71.3&lt;/td&gt;&lt;/tr&gt;
&lt;tr&gt;&lt;td&gt;Time: 2021-02-19T17:02:23Z&lt;/td&gt;&lt;/tr&gt;
&lt;/table&gt;
</description>
        <LookAt>
          <longitude>-71.846899</longitude>
          <latitude>-13.403266</latitude>
          <tilt>66</tilt>
        </LookAt>
        <TimeStamp>
          <when>2021-02-19T17:02:23Z</when>
        </TimeStamp>
        <styleUrl>#track</styleUrl>
        <Point>
          <coordinates>-71.846899,-13.403266,3628.68</coordinates>
        </Point>
      </Placemark>
      <Placemark>
        <name>Apu Linli hike - Wikiloc-161</name>
        <snippet></snippet>
        <description>
&lt;table&gt;
&lt;tr&gt;&lt;td&gt;Longitude: -71.846847&lt;/td&gt;&lt;/tr&gt;
&lt;tr&gt;&lt;td&gt;Latitude: -13.403200&lt;/td&gt;&lt;/tr&gt;
&lt;tr&gt;&lt;td&gt;Altitude: 11911.368 ft&lt;/td&gt;&lt;/tr&gt;
&lt;tr&gt;&lt;td&gt;Speed: 1.4 mph&lt;/td&gt;&lt;/tr&gt;
&lt;tr&gt;&lt;td&gt;Heading: 37.5&lt;/td&gt;&lt;/tr&gt;
&lt;tr&gt;&lt;td&gt;Time: 2021-02-19T17:02:38Z&lt;/td&gt;&lt;/tr&gt;
&lt;/table&gt;
</description>
        <LookAt>
          <longitude>-71.846847</longitude>
          <latitude>-13.4032</latitude>
          <tilt>66</tilt>
        </LookAt>
        <TimeStamp>
          <when>2021-02-19T17:02:38Z</when>
        </TimeStamp>
        <styleUrl>#track</styleUrl>
        <Point>
          <coordinates>-71.846847,-13.403200,3630.59</coordinates>
        </Point>
      </Placemark>
      <Placemark>
        <name>Apu Linli hike - Wikiloc-162</name>
        <snippet></snippet>
        <description>
&lt;table&gt;
&lt;tr&gt;&lt;td&gt;Longitude: -71.846798&lt;/td&gt;&lt;/tr&gt;
&lt;tr&gt;&lt;td&gt;Latitude: -13.403252&lt;/td&gt;&lt;/tr&gt;
&lt;tr&gt;&lt;td&gt;Altitude: 11924.311 ft&lt;/td&gt;&lt;/tr&gt;
&lt;tr&gt;&lt;td&gt;Speed: 0.7 mph&lt;/td&gt;&lt;/tr&gt;
&lt;tr&gt;&lt;td&gt;Heading: 137.5&lt;/td&gt;&lt;/tr&gt;
&lt;tr&gt;&lt;td&gt;Time: 2021-02-19T17:03:03Z&lt;/td&gt;&lt;/tr&gt;
&lt;/table&gt;
</description>
        <LookAt>
          <longitude>-71.846798</longitude>
          <latitude>-13.403252</latitude>
          <tilt>66</tilt>
        </LookAt>
        <TimeStamp>
          <when>2021-02-19T17:03:03Z</when>
        </TimeStamp>
        <styleUrl>#track</styleUrl>
        <Point>
          <coordinates>-71.846798,-13.403252,3634.53</coordinates>
        </Point>
      </Placemark>
      <Placemark>
        <name>Apu Linli hike - Wikiloc-163</name>
        <snippet></snippet>
        <description>
&lt;table&gt;
&lt;tr&gt;&lt;td&gt;Longitude: -71.846740&lt;/td&gt;&lt;/tr&gt;
&lt;tr&gt;&lt;td&gt;Latitude: -13.403252&lt;/td&gt;&lt;/tr&gt;
&lt;tr&gt;&lt;td&gt;Altitude: 11928.970 ft&lt;/td&gt;&lt;/tr&gt;
&lt;tr&gt;&lt;td&gt;Speed: 0.3 mph&lt;/td&gt;&lt;/tr&gt;
&lt;tr&gt;&lt;td&gt;Heading: 90.0&lt;/td&gt;&lt;/tr&gt;
&lt;tr&gt;&lt;td&gt;Time: 2021-02-19T17:03:56Z&lt;/td&gt;&lt;/tr&gt;
&lt;/table&gt;
</description>
        <LookAt>
          <longitude>-71.84674</longitude>
          <latitude>-13.403252</latitude>
          <tilt>66</tilt>
        </LookAt>
        <TimeStamp>
          <when>2021-02-19T17:03:56Z</when>
        </TimeStamp>
        <styleUrl>#track</styleUrl>
        <Point>
          <coordinates>-71.846740,-13.403252,3635.95</coordinates>
        </Point>
      </Placemark>
      <Placemark>
        <name>Apu Linli hike - Wikiloc-164</name>
        <snippet></snippet>
        <description>
&lt;table&gt;
&lt;tr&gt;&lt;td&gt;Longitude: -71.846678&lt;/td&gt;&lt;/tr&gt;
&lt;tr&gt;&lt;td&gt;Latitude: -13.403276&lt;/td&gt;&lt;/tr&gt;
&lt;tr&gt;&lt;td&gt;Altitude: 11931.575 ft&lt;/td&gt;&lt;/tr&gt;
&lt;tr&gt;&lt;td&gt;Speed: 1.3 mph&lt;/td&gt;&lt;/tr&gt;
&lt;tr&gt;&lt;td&gt;Heading: 111.7&lt;/td&gt;&lt;/tr&gt;
&lt;tr&gt;&lt;td&gt;Time: 2021-02-19T17:04:08Z&lt;/td&gt;&lt;/tr&gt;
&lt;/table&gt;
</description>
        <LookAt>
          <longitude>-71.846678</longitude>
          <latitude>-13.403276</latitude>
          <tilt>66</tilt>
        </LookAt>
        <TimeStamp>
          <when>2021-02-19T17:04:08Z</when>
        </TimeStamp>
        <styleUrl>#track</styleUrl>
        <Point>
          <coordinates>-71.846678,-13.403276,3636.74</coordinates>
        </Point>
      </Placemark>
      <Placemark>
        <name>Apu Linli hike - Wikiloc-165</name>
        <snippet></snippet>
        <description>
&lt;table&gt;
&lt;tr&gt;&lt;td&gt;Longitude: -71.846637&lt;/td&gt;&lt;/tr&gt;
&lt;tr&gt;&lt;td&gt;Latitude: -13.403316&lt;/td&gt;&lt;/tr&gt;
&lt;tr&gt;&lt;td&gt;Altitude: 11931.824 ft&lt;/td&gt;&lt;/tr&gt;
&lt;tr&gt;&lt;td&gt;Speed: 0.3 mph&lt;/td&gt;&lt;/tr&gt;
&lt;tr&gt;&lt;td&gt;Heading: 135.1&lt;/td&gt;&lt;/tr&gt;
&lt;tr&gt;&lt;td&gt;Time: 2021-02-19T17:04:50Z&lt;/td&gt;&lt;/tr&gt;
&lt;/table&gt;
</description>
        <LookAt>
          <longitude>-71.846637</longitude>
          <latitude>-13.403316</latitude>
          <tilt>66</tilt>
        </LookAt>
        <TimeStamp>
          <when>2021-02-19T17:04:50Z</when>
        </TimeStamp>
        <styleUrl>#track</styleUrl>
        <Point>
          <coordinates>-71.846637,-13.403316,3636.82</coordinates>
        </Point>
      </Placemark>
      <Placemark>
        <name>Apu Linli hike - Wikiloc-166</name>
        <snippet></snippet>
        <description>
&lt;table&gt;
&lt;tr&gt;&lt;td&gt;Longitude: -71.846620&lt;/td&gt;&lt;/tr&gt;
&lt;tr&gt;&lt;td&gt;Latitude: -13.403382&lt;/td&gt;&lt;/tr&gt;
&lt;tr&gt;&lt;td&gt;Altitude: 11930.732 ft&lt;/td&gt;&lt;/tr&gt;
&lt;tr&gt;&lt;td&gt;Speed: 4.2 mph&lt;/td&gt;&lt;/tr&gt;
&lt;tr&gt;&lt;td&gt;Heading: 165.9&lt;/td&gt;&lt;/tr&gt;
&lt;tr&gt;&lt;td&gt;Time: 2021-02-19T17:04:54Z&lt;/td&gt;&lt;/tr&gt;
&lt;/table&gt;
</description>
        <LookAt>
          <longitude>-71.84662</longitude>
          <latitude>-13.403382</latitude>
          <tilt>66</tilt>
        </LookAt>
        <TimeStamp>
          <when>2021-02-19T17:04:54Z</when>
        </TimeStamp>
        <styleUrl>#track</styleUrl>
        <Point>
          <coordinates>-71.846620,-13.403382,3636.49</coordinates>
        </Point>
      </Placemark>
      <Placemark>
        <name>Apu Linli hike - Wikiloc-167</name>
        <snippet></snippet>
        <description>
&lt;table&gt;
&lt;tr&gt;&lt;td&gt;Longitude: -71.846686&lt;/td&gt;&lt;/tr&gt;
&lt;tr&gt;&lt;td&gt;Latitude: -13.403435&lt;/td&gt;&lt;/tr&gt;
&lt;tr&gt;&lt;td&gt;Altitude: 11926.926 ft&lt;/td&gt;&lt;/tr&gt;
&lt;tr&gt;&lt;td&gt;Speed: 5.2 mph&lt;/td&gt;&lt;/tr&gt;
&lt;tr&gt;&lt;td&gt;Heading: 230.5&lt;/td&gt;&lt;/tr&gt;
&lt;tr&gt;&lt;td&gt;Time: 2021-02-19T17:04:58Z&lt;/td&gt;&lt;/tr&gt;
&lt;/table&gt;
</description>
        <LookAt>
          <longitude>-71.846686</longitude>
          <latitude>-13.403435</latitude>
          <tilt>66</tilt>
        </LookAt>
        <TimeStamp>
          <when>2021-02-19T17:04:58Z</when>
        </TimeStamp>
        <styleUrl>#track</styleUrl>
        <Point>
          <coordinates>-71.846686,-13.403435,3635.33</coordinates>
        </Point>
      </Placemark>
      <Placemark>
        <name>Apu Linli hike - Wikiloc-168</name>
        <snippet></snippet>
        <description>
&lt;table&gt;
&lt;tr&gt;&lt;td&gt;Longitude: -71.846662&lt;/td&gt;&lt;/tr&gt;
&lt;tr&gt;&lt;td&gt;Latitude: -13.403482&lt;/td&gt;&lt;/tr&gt;
&lt;tr&gt;&lt;td&gt;Altitude: 11923.304 ft&lt;/td&gt;&lt;/tr&gt;
&lt;tr&gt;&lt;td&gt;Speed: 3.3 mph&lt;/td&gt;&lt;/tr&gt;
&lt;tr&gt;&lt;td&gt;Heading: 153.6&lt;/td&gt;&lt;/tr&gt;
&lt;tr&gt;&lt;td&gt;Time: 2021-02-19T17:05:02Z&lt;/td&gt;&lt;/tr&gt;
&lt;/table&gt;
</description>
        <LookAt>
          <longitude>-71.846662</longitude>
          <latitude>-13.403482</latitude>
          <tilt>66</tilt>
        </LookAt>
        <TimeStamp>
          <when>2021-02-19T17:05:02Z</when>
        </TimeStamp>
        <styleUrl>#track</styleUrl>
        <Point>
          <coordinates>-71.846662,-13.403482,3634.22</coordinates>
        </Point>
      </Placemark>
      <Placemark>
        <name>Apu Linli hike - Wikiloc-169</name>
        <snippet></snippet>
        <description>
&lt;table&gt;
&lt;tr&gt;&lt;td&gt;Longitude: -71.846628&lt;/td&gt;&lt;/tr&gt;
&lt;tr&gt;&lt;td&gt;Latitude: -13.403519&lt;/td&gt;&lt;/tr&gt;
&lt;tr&gt;&lt;td&gt;Altitude: 11920.220 ft&lt;/td&gt;&lt;/tr&gt;
&lt;tr&gt;&lt;td&gt;Speed: 3.1 mph&lt;/td&gt;&lt;/tr&gt;
&lt;tr&gt;&lt;td&gt;Heading: 138.2&lt;/td&gt;&lt;/tr&gt;
&lt;tr&gt;&lt;td&gt;Time: 2021-02-19T17:05:06Z&lt;/td&gt;&lt;/tr&gt;
&lt;/table&gt;
</description>
        <LookAt>
          <longitude>-71.846628</longitude>
          <latitude>-13.403519</latitude>
          <tilt>66</tilt>
        </LookAt>
        <TimeStamp>
          <when>2021-02-19T17:05:06Z</when>
        </TimeStamp>
        <styleUrl>#track</styleUrl>
        <Point>
          <coordinates>-71.846628,-13.403519,3633.28</coordinates>
        </Point>
      </Placemark>
      <Placemark>
        <name>Apu Linli hike - Wikiloc-170</name>
        <snippet></snippet>
        <description>
&lt;table&gt;
&lt;tr&gt;&lt;td&gt;Longitude: -71.846618&lt;/td&gt;&lt;/tr&gt;
&lt;tr&gt;&lt;td&gt;Latitude: -13.403564&lt;/td&gt;&lt;/tr&gt;
&lt;tr&gt;&lt;td&gt;Altitude: 11916.703 ft&lt;/td&gt;&lt;/tr&gt;
&lt;tr&gt;&lt;td&gt;Speed: 2.9 mph&lt;/td&gt;&lt;/tr&gt;
&lt;tr&gt;&lt;td&gt;Heading: 167.8&lt;/td&gt;&lt;/tr&gt;
&lt;tr&gt;&lt;td&gt;Time: 2021-02-19T17:05:10Z&lt;/td&gt;&lt;/tr&gt;
&lt;/table&gt;
</description>
        <LookAt>
          <longitude>-71.846618</longitude>
          <latitude>-13.403564</latitude>
          <tilt>66</tilt>
        </LookAt>
        <TimeStamp>
          <when>2021-02-19T17:05:10Z</when>
        </TimeStamp>
        <styleUrl>#track</styleUrl>
        <Point>
          <coordinates>-71.846618,-13.403564,3632.21</coordinates>
        </Point>
      </Placemark>
      <Placemark>
        <name>Apu Linli hike - Wikiloc-171</name>
        <snippet></snippet>
        <description>
&lt;table&gt;
&lt;tr&gt;&lt;td&gt;Longitude: -71.846602&lt;/td&gt;&lt;/tr&gt;
&lt;tr&gt;&lt;td&gt;Latitude: -13.403615&lt;/td&gt;&lt;/tr&gt;
&lt;tr&gt;&lt;td&gt;Altitude: 11912.428 ft&lt;/td&gt;&lt;/tr&gt;
&lt;tr&gt;&lt;td&gt;Speed: 3.3 mph&lt;/td&gt;&lt;/tr&gt;
&lt;tr&gt;&lt;td&gt;Heading: 163.0&lt;/td&gt;&lt;/tr&gt;
&lt;tr&gt;&lt;td&gt;Time: 2021-02-19T17:05:14Z&lt;/td&gt;&lt;/tr&gt;
&lt;/table&gt;
</description>
        <LookAt>
          <longitude>-71.846602</longitude>
          <latitude>-13.403615</latitude>
          <tilt>66</tilt>
        </LookAt>
        <TimeStamp>
          <when>2021-02-19T17:05:14Z</when>
        </TimeStamp>
        <styleUrl>#track</styleUrl>
        <Point>
          <coordinates>-71.846602,-13.403615,3630.91</coordinates>
        </Point>
      </Placemark>
      <Placemark>
        <name>Apu Linli hike - Wikiloc-172</name>
        <snippet></snippet>
        <description>
&lt;table&gt;
&lt;tr&gt;&lt;td&gt;Longitude: -71.846596&lt;/td&gt;&lt;/tr&gt;
&lt;tr&gt;&lt;td&gt;Latitude: -13.403668&lt;/td&gt;&lt;/tr&gt;
&lt;tr&gt;&lt;td&gt;Altitude: 11908.622 ft&lt;/td&gt;&lt;/tr&gt;
&lt;tr&gt;&lt;td&gt;Speed: 3.3 mph&lt;/td&gt;&lt;/tr&gt;
&lt;tr&gt;&lt;td&gt;Heading: 173.7&lt;/td&gt;&lt;/tr&gt;
&lt;tr&gt;&lt;td&gt;Time: 2021-02-19T17:05:18Z&lt;/td&gt;&lt;/tr&gt;
&lt;/table&gt;
</description>
        <LookAt>
          <longitude>-71.846596</longitude>
          <latitude>-13.403668</latitude>
          <tilt>66</tilt>
        </LookAt>
        <TimeStamp>
          <when>2021-02-19T17:05:18Z</when>
        </TimeStamp>
        <styleUrl>#track</styleUrl>
        <Point>
          <coordinates>-71.846596,-13.403668,3629.75</coordinates>
        </Point>
      </Placemark>
      <Placemark>
        <name>Apu Linli hike - Wikiloc-173</name>
        <snippet></snippet>
        <description>
&lt;table&gt;
&lt;tr&gt;&lt;td&gt;Longitude: -71.846582&lt;/td&gt;&lt;/tr&gt;
&lt;tr&gt;&lt;td&gt;Latitude: -13.403725&lt;/td&gt;&lt;/tr&gt;
&lt;tr&gt;&lt;td&gt;Altitude: 11905.571 ft&lt;/td&gt;&lt;/tr&gt;
&lt;tr&gt;&lt;td&gt;Speed: 2.4 mph&lt;/td&gt;&lt;/tr&gt;
&lt;tr&gt;&lt;td&gt;Heading: 166.6&lt;/td&gt;&lt;/tr&gt;
&lt;tr&gt;&lt;td&gt;Time: 2021-02-19T17:05:24Z&lt;/td&gt;&lt;/tr&gt;
&lt;/table&gt;
</description>
        <LookAt>
          <longitude>-71.846582</longitude>
          <latitude>-13.403725</latitude>
          <tilt>66</tilt>
        </LookAt>
        <TimeStamp>
          <when>2021-02-19T17:05:24Z</when>
        </TimeStamp>
        <styleUrl>#track</styleUrl>
        <Point>
          <coordinates>-71.846582,-13.403725,3628.82</coordinates>
        </Point>
      </Placemark>
      <Placemark>
        <name>Apu Linli hike - Wikiloc-174</name>
        <snippet></snippet>
        <description>
&lt;table&gt;
&lt;tr&gt;&lt;td&gt;Longitude: -71.846597&lt;/td&gt;&lt;/tr&gt;
&lt;tr&gt;&lt;td&gt;Latitude: -13.403672&lt;/td&gt;&lt;/tr&gt;
&lt;tr&gt;&lt;td&gt;Altitude: 11904.045 ft&lt;/td&gt;&lt;/tr&gt;
&lt;tr&gt;&lt;td&gt;Speed: 0.1 mph&lt;/td&gt;&lt;/tr&gt;
&lt;tr&gt;&lt;td&gt;Heading: 344.6&lt;/td&gt;&lt;/tr&gt;
&lt;tr&gt;&lt;td&gt;Time: 2021-02-19T17:07:53Z&lt;/td&gt;&lt;/tr&gt;
&lt;/table&gt;
</description>
        <LookAt>
          <longitude>-71.846597</longitude>
          <latitude>-13.403672</latitude>
          <tilt>66</tilt>
        </LookAt>
        <TimeStamp>
          <when>2021-02-19T17:07:53Z</when>
        </TimeStamp>
        <styleUrl>#track</styleUrl>
        <Point>
          <coordinates>-71.846597,-13.403672,3628.35</coordinates>
        </Point>
      </Placemark>
      <Placemark>
        <name>Apu Linli hike - Wikiloc-175</name>
        <snippet></snippet>
        <description>
&lt;table&gt;
&lt;tr&gt;&lt;td&gt;Longitude: -71.846610&lt;/td&gt;&lt;/tr&gt;
&lt;tr&gt;&lt;td&gt;Latitude: -13.403617&lt;/td&gt;&lt;/tr&gt;
&lt;tr&gt;&lt;td&gt;Altitude: 11904.505 ft&lt;/td&gt;&lt;/tr&gt;
&lt;tr&gt;&lt;td&gt;Speed: 2.3 mph&lt;/td&gt;&lt;/tr&gt;
&lt;tr&gt;&lt;td&gt;Heading: 347.1&lt;/td&gt;&lt;/tr&gt;
&lt;tr&gt;&lt;td&gt;Time: 2021-02-19T17:07:59Z&lt;/td&gt;&lt;/tr&gt;
&lt;/table&gt;
</description>
        <LookAt>
          <longitude>-71.84661</longitude>
          <latitude>-13.403617</latitude>
          <tilt>66</tilt>
        </LookAt>
        <TimeStamp>
          <when>2021-02-19T17:07:59Z</when>
        </TimeStamp>
        <styleUrl>#track</styleUrl>
        <Point>
          <coordinates>-71.846610,-13.403617,3628.49</coordinates>
        </Point>
      </Placemark>
      <Placemark>
        <name>Apu Linli hike - Wikiloc-176</name>
        <snippet></snippet>
        <description>
&lt;table&gt;
&lt;tr&gt;&lt;td&gt;Longitude: -71.846631&lt;/td&gt;&lt;/tr&gt;
&lt;tr&gt;&lt;td&gt;Latitude: -13.403555&lt;/td&gt;&lt;/tr&gt;
&lt;tr&gt;&lt;td&gt;Altitude: 11906.289 ft&lt;/td&gt;&lt;/tr&gt;
&lt;tr&gt;&lt;td&gt;Speed: 2.7 mph&lt;/td&gt;&lt;/tr&gt;
&lt;tr&gt;&lt;td&gt;Heading: 341.8&lt;/td&gt;&lt;/tr&gt;
&lt;tr&gt;&lt;td&gt;Time: 2021-02-19T17:08:05Z&lt;/td&gt;&lt;/tr&gt;
&lt;/table&gt;
</description>
        <LookAt>
          <longitude>-71.846631</longitude>
          <latitude>-13.403555</latitude>
          <tilt>66</tilt>
        </LookAt>
        <TimeStamp>
          <when>2021-02-19T17:08:05Z</when>
        </TimeStamp>
        <styleUrl>#track</styleUrl>
        <Point>
          <coordinates>-71.846631,-13.403555,3629.04</coordinates>
        </Point>
      </Placemark>
      <Placemark>
        <name>Apu Linli hike - Wikiloc-177</name>
        <snippet></snippet>
        <description>
&lt;table&gt;
&lt;tr&gt;&lt;td&gt;Longitude: -71.846627&lt;/td&gt;&lt;/tr&gt;
&lt;tr&gt;&lt;td&gt;Latitude: -13.403506&lt;/td&gt;&lt;/tr&gt;
&lt;tr&gt;&lt;td&gt;Altitude: 11909.688 ft&lt;/td&gt;&lt;/tr&gt;
&lt;tr&gt;&lt;td&gt;Speed: 2.0 mph&lt;/td&gt;&lt;/tr&gt;
&lt;tr&gt;&lt;td&gt;Heading: 4.5&lt;/td&gt;&lt;/tr&gt;
&lt;tr&gt;&lt;td&gt;Time: 2021-02-19T17:08:11Z&lt;/td&gt;&lt;/tr&gt;
&lt;/table&gt;
</description>
        <LookAt>
          <longitude>-71.846627</longitude>
          <latitude>-13.403506</latitude>
          <tilt>66</tilt>
        </LookAt>
        <TimeStamp>
          <when>2021-02-19T17:08:11Z</when>
        </TimeStamp>
        <styleUrl>#track</styleUrl>
        <Point>
          <coordinates>-71.846627,-13.403506,3630.07</coordinates>
        </Point>
      </Placemark>
      <Placemark>
        <name>Apu Linli hike - Wikiloc-178</name>
        <snippet></snippet>
        <description>
&lt;table&gt;
&lt;tr&gt;&lt;td&gt;Longitude: -71.846658&lt;/td&gt;&lt;/tr&gt;
&lt;tr&gt;&lt;td&gt;Latitude: -13.403465&lt;/td&gt;&lt;/tr&gt;
&lt;tr&gt;&lt;td&gt;Altitude: 11911.975 ft&lt;/td&gt;&lt;/tr&gt;
&lt;tr&gt;&lt;td&gt;Speed: 3.2 mph&lt;/td&gt;&lt;/tr&gt;
&lt;tr&gt;&lt;td&gt;Heading: 323.7&lt;/td&gt;&lt;/tr&gt;
&lt;tr&gt;&lt;td&gt;Time: 2021-02-19T17:08:15Z&lt;/td&gt;&lt;/tr&gt;
&lt;/table&gt;
</description>
        <LookAt>
          <longitude>-71.846658</longitude>
          <latitude>-13.403465</latitude>
          <tilt>66</tilt>
        </LookAt>
        <TimeStamp>
          <when>2021-02-19T17:08:15Z</when>
        </TimeStamp>
        <styleUrl>#track</styleUrl>
        <Point>
          <coordinates>-71.846658,-13.403465,3630.77</coordinates>
        </Point>
      </Placemark>
      <Placemark>
        <name>Apu Linli hike - Wikiloc-179</name>
        <snippet></snippet>
        <description>
&lt;table&gt;
&lt;tr&gt;&lt;td&gt;Longitude: -71.846686&lt;/td&gt;&lt;/tr&gt;
&lt;tr&gt;&lt;td&gt;Latitude: -13.403425&lt;/td&gt;&lt;/tr&gt;
&lt;tr&gt;&lt;td&gt;Altitude: 11914.501 ft&lt;/td&gt;&lt;/tr&gt;
&lt;tr&gt;&lt;td&gt;Speed: 3.0 mph&lt;/td&gt;&lt;/tr&gt;
&lt;tr&gt;&lt;td&gt;Heading: 325.7&lt;/td&gt;&lt;/tr&gt;
&lt;tr&gt;&lt;td&gt;Time: 2021-02-19T17:08:19Z&lt;/td&gt;&lt;/tr&gt;
&lt;/table&gt;
</description>
        <LookAt>
          <longitude>-71.846686</longitude>
          <latitude>-13.403425</latitude>
          <tilt>66</tilt>
        </LookAt>
        <TimeStamp>
          <when>2021-02-19T17:08:19Z</when>
        </TimeStamp>
        <styleUrl>#track</styleUrl>
        <Point>
          <coordinates>-71.846686,-13.403425,3631.54</coordinates>
        </Point>
      </Placemark>
      <Placemark>
        <name>Apu Linli hike - Wikiloc-180</name>
        <snippet></snippet>
        <description>
&lt;table&gt;
&lt;tr&gt;&lt;td&gt;Longitude: -71.846726&lt;/td&gt;&lt;/tr&gt;
&lt;tr&gt;&lt;td&gt;Latitude: -13.403377&lt;/td&gt;&lt;/tr&gt;
&lt;tr&gt;&lt;td&gt;Altitude: 11917.559 ft&lt;/td&gt;&lt;/tr&gt;
&lt;tr&gt;&lt;td&gt;Speed: 2.6 mph&lt;/td&gt;&lt;/tr&gt;
&lt;tr&gt;&lt;td&gt;Heading: 321.0&lt;/td&gt;&lt;/tr&gt;
&lt;tr&gt;&lt;td&gt;Time: 2021-02-19T17:08:25Z&lt;/td&gt;&lt;/tr&gt;
&lt;/table&gt;
</description>
        <LookAt>
          <longitude>-71.846726</longitude>
          <latitude>-13.403377</latitude>
          <tilt>66</tilt>
        </LookAt>
        <TimeStamp>
          <when>2021-02-19T17:08:25Z</when>
        </TimeStamp>
        <styleUrl>#track</styleUrl>
        <Point>
          <coordinates>-71.846726,-13.403377,3632.47</coordinates>
        </Point>
      </Placemark>
      <Placemark>
        <name>Apu Linli hike - Wikiloc-181</name>
        <snippet></snippet>
        <description>
&lt;table&gt;
&lt;tr&gt;&lt;td&gt;Longitude: -71.846759&lt;/td&gt;&lt;/tr&gt;
&lt;tr&gt;&lt;td&gt;Latitude: -13.403331&lt;/td&gt;&lt;/tr&gt;
&lt;tr&gt;&lt;td&gt;Altitude: 11920.646 ft&lt;/td&gt;&lt;/tr&gt;
&lt;tr&gt;&lt;td&gt;Speed: 2.3 mph&lt;/td&gt;&lt;/tr&gt;
&lt;tr&gt;&lt;td&gt;Heading: 325.1&lt;/td&gt;&lt;/tr&gt;
&lt;tr&gt;&lt;td&gt;Time: 2021-02-19T17:08:31Z&lt;/td&gt;&lt;/tr&gt;
&lt;/table&gt;
</description>
        <LookAt>
          <longitude>-71.846759</longitude>
          <latitude>-13.403331</latitude>
          <tilt>66</tilt>
        </LookAt>
        <TimeStamp>
          <when>2021-02-19T17:08:31Z</when>
        </TimeStamp>
        <styleUrl>#track</styleUrl>
        <Point>
          <coordinates>-71.846759,-13.403331,3633.41</coordinates>
        </Point>
      </Placemark>
      <Placemark>
        <name>Apu Linli hike - Wikiloc-182</name>
        <snippet></snippet>
        <description>
&lt;table&gt;
&lt;tr&gt;&lt;td&gt;Longitude: -71.846781&lt;/td&gt;&lt;/tr&gt;
&lt;tr&gt;&lt;td&gt;Latitude: -13.403258&lt;/td&gt;&lt;/tr&gt;
&lt;tr&gt;&lt;td&gt;Altitude: 11925.243 ft&lt;/td&gt;&lt;/tr&gt;
&lt;tr&gt;&lt;td&gt;Speed: 2.4 mph&lt;/td&gt;&lt;/tr&gt;
&lt;tr&gt;&lt;td&gt;Heading: 343.7&lt;/td&gt;&lt;/tr&gt;
&lt;tr&gt;&lt;td&gt;Time: 2021-02-19T17:08:39Z&lt;/td&gt;&lt;/tr&gt;
&lt;/table&gt;
</description>
        <LookAt>
          <longitude>-71.846781</longitude>
          <latitude>-13.403258</latitude>
          <tilt>66</tilt>
        </LookAt>
        <TimeStamp>
          <when>2021-02-19T17:08:39Z</when>
        </TimeStamp>
        <styleUrl>#track</styleUrl>
        <Point>
          <coordinates>-71.846781,-13.403258,3634.81</coordinates>
        </Point>
      </Placemark>
      <Placemark>
        <name>Apu Linli hike - Wikiloc-183</name>
        <snippet></snippet>
        <description>
&lt;table&gt;
&lt;tr&gt;&lt;td&gt;Longitude: -71.846792&lt;/td&gt;&lt;/tr&gt;
&lt;tr&gt;&lt;td&gt;Latitude: -13.403202&lt;/td&gt;&lt;/tr&gt;
&lt;tr&gt;&lt;td&gt;Altitude: 11929.816 ft&lt;/td&gt;&lt;/tr&gt;
&lt;tr&gt;&lt;td&gt;Speed: 2.4 mph&lt;/td&gt;&lt;/tr&gt;
&lt;tr&gt;&lt;td&gt;Heading: 349.2&lt;/td&gt;&lt;/tr&gt;
&lt;tr&gt;&lt;td&gt;Time: 2021-02-19T17:08:45Z&lt;/td&gt;&lt;/tr&gt;
&lt;/table&gt;
</description>
        <LookAt>
          <longitude>-71.846792</longitude>
          <latitude>-13.403202</latitude>
          <tilt>66</tilt>
        </LookAt>
        <TimeStamp>
          <when>2021-02-19T17:08:45Z</when>
        </TimeStamp>
        <styleUrl>#track</styleUrl>
        <Point>
          <coordinates>-71.846792,-13.403202,3636.21</coordinates>
        </Point>
      </Placemark>
      <Placemark>
        <name>Apu Linli hike - Wikiloc-184</name>
        <snippet></snippet>
        <description>
&lt;table&gt;
&lt;tr&gt;&lt;td&gt;Longitude: -71.846807&lt;/td&gt;&lt;/tr&gt;
&lt;tr&gt;&lt;td&gt;Latitude: -13.403147&lt;/td&gt;&lt;/tr&gt;
&lt;tr&gt;&lt;td&gt;Altitude: 11935.180 ft&lt;/td&gt;&lt;/tr&gt;
&lt;tr&gt;&lt;td&gt;Speed: 2.4 mph&lt;/td&gt;&lt;/tr&gt;
&lt;tr&gt;&lt;td&gt;Heading: 345.1&lt;/td&gt;&lt;/tr&gt;
&lt;tr&gt;&lt;td&gt;Time: 2021-02-19T17:08:51Z&lt;/td&gt;&lt;/tr&gt;
&lt;/table&gt;
</description>
        <LookAt>
          <longitude>-71.846807</longitude>
          <latitude>-13.403147</latitude>
          <tilt>66</tilt>
        </LookAt>
        <TimeStamp>
          <when>2021-02-19T17:08:51Z</when>
        </TimeStamp>
        <styleUrl>#track</styleUrl>
        <Point>
          <coordinates>-71.846807,-13.403147,3637.84</coordinates>
        </Point>
      </Placemark>
      <Placemark>
        <name>Apu Linli hike - Wikiloc-185</name>
        <snippet></snippet>
        <description>
&lt;table&gt;
&lt;tr&gt;&lt;td&gt;Longitude: -71.846814&lt;/td&gt;&lt;/tr&gt;
&lt;tr&gt;&lt;td&gt;Latitude: -13.403091&lt;/td&gt;&lt;/tr&gt;
&lt;tr&gt;&lt;td&gt;Altitude: 11941.841 ft&lt;/td&gt;&lt;/tr&gt;
&lt;tr&gt;&lt;td&gt;Speed: 2.3 mph&lt;/td&gt;&lt;/tr&gt;
&lt;tr&gt;&lt;td&gt;Heading: 353.1&lt;/td&gt;&lt;/tr&gt;
&lt;tr&gt;&lt;td&gt;Time: 2021-02-19T17:08:57Z&lt;/td&gt;&lt;/tr&gt;
&lt;/table&gt;
</description>
        <LookAt>
          <longitude>-71.846814</longitude>
          <latitude>-13.403091</latitude>
          <tilt>66</tilt>
        </LookAt>
        <TimeStamp>
          <when>2021-02-19T17:08:57Z</when>
        </TimeStamp>
        <styleUrl>#track</styleUrl>
        <Point>
          <coordinates>-71.846814,-13.403091,3639.87</coordinates>
        </Point>
      </Placemark>
      <Placemark>
        <name>Apu Linli hike - Wikiloc-186</name>
        <snippet></snippet>
        <description>
&lt;table&gt;
&lt;tr&gt;&lt;td&gt;Longitude: -71.846830&lt;/td&gt;&lt;/tr&gt;
&lt;tr&gt;&lt;td&gt;Latitude: -13.403031&lt;/td&gt;&lt;/tr&gt;
&lt;tr&gt;&lt;td&gt;Altitude: 11945.400 ft&lt;/td&gt;&lt;/tr&gt;
&lt;tr&gt;&lt;td&gt;Speed: 2.6 mph&lt;/td&gt;&lt;/tr&gt;
&lt;tr&gt;&lt;td&gt;Heading: 345.5&lt;/td&gt;&lt;/tr&gt;
&lt;tr&gt;&lt;td&gt;Time: 2021-02-19T17:09:03Z&lt;/td&gt;&lt;/tr&gt;
&lt;/table&gt;
</description>
        <LookAt>
          <longitude>-71.84683</longitude>
          <latitude>-13.403031</latitude>
          <tilt>66</tilt>
        </LookAt>
        <TimeStamp>
          <when>2021-02-19T17:09:03Z</when>
        </TimeStamp>
        <styleUrl>#track</styleUrl>
        <Point>
          <coordinates>-71.846830,-13.403031,3640.96</coordinates>
        </Point>
      </Placemark>
      <Placemark>
        <name>Apu Linli hike - Wikiloc-187</name>
        <snippet></snippet>
        <description>
&lt;table&gt;
&lt;tr&gt;&lt;td&gt;Longitude: -71.846834&lt;/td&gt;&lt;/tr&gt;
&lt;tr&gt;&lt;td&gt;Latitude: -13.402984&lt;/td&gt;&lt;/tr&gt;
&lt;tr&gt;&lt;td&gt;Altitude: 11949.042 ft&lt;/td&gt;&lt;/tr&gt;
&lt;tr&gt;&lt;td&gt;Speed: 2.0 mph&lt;/td&gt;&lt;/tr&gt;
&lt;tr&gt;&lt;td&gt;Heading: 355.3&lt;/td&gt;&lt;/tr&gt;
&lt;tr&gt;&lt;td&gt;Time: 2021-02-19T17:09:09Z&lt;/td&gt;&lt;/tr&gt;
&lt;/table&gt;
</description>
        <LookAt>
          <longitude>-71.846834</longitude>
          <latitude>-13.402984</latitude>
          <tilt>66</tilt>
        </LookAt>
        <TimeStamp>
          <when>2021-02-19T17:09:09Z</when>
        </TimeStamp>
        <styleUrl>#track</styleUrl>
        <Point>
          <coordinates>-71.846834,-13.402984,3642.07</coordinates>
        </Point>
      </Placemark>
      <Placemark>
        <name>Apu Linli hike - Wikiloc-188</name>
        <snippet></snippet>
        <description>
&lt;table&gt;
&lt;tr&gt;&lt;td&gt;Longitude: -71.846836&lt;/td&gt;&lt;/tr&gt;
&lt;tr&gt;&lt;td&gt;Latitude: -13.402933&lt;/td&gt;&lt;/tr&gt;
&lt;tr&gt;&lt;td&gt;Altitude: 11954.108 ft&lt;/td&gt;&lt;/tr&gt;
&lt;tr&gt;&lt;td&gt;Speed: 2.1 mph&lt;/td&gt;&lt;/tr&gt;
&lt;tr&gt;&lt;td&gt;Heading: 357.8&lt;/td&gt;&lt;/tr&gt;
&lt;tr&gt;&lt;td&gt;Time: 2021-02-19T17:09:15Z&lt;/td&gt;&lt;/tr&gt;
&lt;/table&gt;
</description>
        <LookAt>
          <longitude>-71.846836</longitude>
          <latitude>-13.402933</latitude>
          <tilt>66</tilt>
        </LookAt>
        <TimeStamp>
          <when>2021-02-19T17:09:15Z</when>
        </TimeStamp>
        <styleUrl>#track</styleUrl>
        <Point>
          <coordinates>-71.846836,-13.402933,3643.61</coordinates>
        </Point>
      </Placemark>
      <Placemark>
        <name>Apu Linli hike - Wikiloc-189</name>
        <snippet></snippet>
        <description>
&lt;table&gt;
&lt;tr&gt;&lt;td&gt;Longitude: -71.846862&lt;/td&gt;&lt;/tr&gt;
&lt;tr&gt;&lt;td&gt;Latitude: -13.402869&lt;/td&gt;&lt;/tr&gt;
&lt;tr&gt;&lt;td&gt;Altitude: 11957.146 ft&lt;/td&gt;&lt;/tr&gt;
&lt;tr&gt;&lt;td&gt;Speed: 1.9 mph&lt;/td&gt;&lt;/tr&gt;
&lt;tr&gt;&lt;td&gt;Heading: 338.4&lt;/td&gt;&lt;/tr&gt;
&lt;tr&gt;&lt;td&gt;Time: 2021-02-19T17:09:24Z&lt;/td&gt;&lt;/tr&gt;
&lt;/table&gt;
</description>
        <LookAt>
          <longitude>-71.846862</longitude>
          <latitude>-13.402869</latitude>
          <tilt>66</tilt>
        </LookAt>
        <TimeStamp>
          <when>2021-02-19T17:09:24Z</when>
        </TimeStamp>
        <styleUrl>#track</styleUrl>
        <Point>
          <coordinates>-71.846862,-13.402869,3644.54</coordinates>
        </Point>
      </Placemark>
      <Placemark>
        <name>Apu Linli hike - Wikiloc-190</name>
        <snippet></snippet>
        <description>
&lt;table&gt;
&lt;tr&gt;&lt;td&gt;Longitude: -71.846853&lt;/td&gt;&lt;/tr&gt;
&lt;tr&gt;&lt;td&gt;Latitude: -13.402825&lt;/td&gt;&lt;/tr&gt;
&lt;tr&gt;&lt;td&gt;Altitude: 11961.532 ft&lt;/td&gt;&lt;/tr&gt;
&lt;tr&gt;&lt;td&gt;Speed: 1.9 mph&lt;/td&gt;&lt;/tr&gt;
&lt;tr&gt;&lt;td&gt;Heading: 11.3&lt;/td&gt;&lt;/tr&gt;
&lt;tr&gt;&lt;td&gt;Time: 2021-02-19T17:09:30Z&lt;/td&gt;&lt;/tr&gt;
&lt;/table&gt;
</description>
        <LookAt>
          <longitude>-71.846853</longitude>
          <latitude>-13.402825</latitude>
          <tilt>66</tilt>
        </LookAt>
        <TimeStamp>
          <when>2021-02-19T17:09:30Z</when>
        </TimeStamp>
        <styleUrl>#track</styleUrl>
        <Point>
          <coordinates>-71.846853,-13.402825,3645.88</coordinates>
        </Point>
      </Placemark>
      <Placemark>
        <name>Apu Linli hike - Wikiloc-191</name>
        <snippet></snippet>
        <description>
&lt;table&gt;
&lt;tr&gt;&lt;td&gt;Longitude: -71.846841&lt;/td&gt;&lt;/tr&gt;
&lt;tr&gt;&lt;td&gt;Latitude: -13.402764&lt;/td&gt;&lt;/tr&gt;
&lt;tr&gt;&lt;td&gt;Altitude: 11966.388 ft&lt;/td&gt;&lt;/tr&gt;
&lt;tr&gt;&lt;td&gt;Speed: 0.7 mph&lt;/td&gt;&lt;/tr&gt;
&lt;tr&gt;&lt;td&gt;Heading: 10.8&lt;/td&gt;&lt;/tr&gt;
&lt;tr&gt;&lt;td&gt;Time: 2021-02-19T17:09:51Z&lt;/td&gt;&lt;/tr&gt;
&lt;/table&gt;
</description>
        <LookAt>
          <longitude>-71.846841</longitude>
          <latitude>-13.402764</latitude>
          <tilt>66</tilt>
        </LookAt>
        <TimeStamp>
          <when>2021-02-19T17:09:51Z</when>
        </TimeStamp>
        <styleUrl>#track</styleUrl>
        <Point>
          <coordinates>-71.846841,-13.402764,3647.36</coordinates>
        </Point>
      </Placemark>
      <Placemark>
        <name>Apu Linli hike - Wikiloc-192</name>
        <snippet></snippet>
        <description>
&lt;table&gt;
&lt;tr&gt;&lt;td&gt;Longitude: -71.846845&lt;/td&gt;&lt;/tr&gt;
&lt;tr&gt;&lt;td&gt;Latitude: -13.402706&lt;/td&gt;&lt;/tr&gt;
&lt;tr&gt;&lt;td&gt;Altitude: 11972.717 ft&lt;/td&gt;&lt;/tr&gt;
&lt;tr&gt;&lt;td&gt;Speed: 2.4 mph&lt;/td&gt;&lt;/tr&gt;
&lt;tr&gt;&lt;td&gt;Heading: 356.2&lt;/td&gt;&lt;/tr&gt;
&lt;tr&gt;&lt;td&gt;Time: 2021-02-19T17:09:57Z&lt;/td&gt;&lt;/tr&gt;
&lt;/table&gt;
</description>
        <LookAt>
          <longitude>-71.846845</longitude>
          <latitude>-13.402706</latitude>
          <tilt>66</tilt>
        </LookAt>
        <TimeStamp>
          <when>2021-02-19T17:09:57Z</when>
        </TimeStamp>
        <styleUrl>#track</styleUrl>
        <Point>
          <coordinates>-71.846845,-13.402706,3649.28</coordinates>
        </Point>
      </Placemark>
      <Placemark>
        <name>Apu Linli hike - Wikiloc-193</name>
        <snippet></snippet>
        <description>
&lt;table&gt;
&lt;tr&gt;&lt;td&gt;Longitude: -71.846817&lt;/td&gt;&lt;/tr&gt;
&lt;tr&gt;&lt;td&gt;Latitude: -13.402658&lt;/td&gt;&lt;/tr&gt;
&lt;tr&gt;&lt;td&gt;Altitude: 11979.682 ft&lt;/td&gt;&lt;/tr&gt;
&lt;tr&gt;&lt;td&gt;Speed: 0.4 mph&lt;/td&gt;&lt;/tr&gt;
&lt;tr&gt;&lt;td&gt;Heading: 29.6&lt;/td&gt;&lt;/tr&gt;
&lt;tr&gt;&lt;td&gt;Time: 2021-02-19T17:10:30Z&lt;/td&gt;&lt;/tr&gt;
&lt;/table&gt;
</description>
        <LookAt>
          <longitude>-71.846817</longitude>
          <latitude>-13.402658</latitude>
          <tilt>66</tilt>
        </LookAt>
        <TimeStamp>
          <when>2021-02-19T17:10:30Z</when>
        </TimeStamp>
        <styleUrl>#track</styleUrl>
        <Point>
          <coordinates>-71.846817,-13.402658,3651.41</coordinates>
        </Point>
      </Placemark>
      <Placemark>
        <name>Apu Linli hike - Wikiloc-194</name>
        <snippet></snippet>
        <description>
&lt;table&gt;
&lt;tr&gt;&lt;td&gt;Longitude: -71.846819&lt;/td&gt;&lt;/tr&gt;
&lt;tr&gt;&lt;td&gt;Latitude: -13.402605&lt;/td&gt;&lt;/tr&gt;
&lt;tr&gt;&lt;td&gt;Altitude: 11984.964 ft&lt;/td&gt;&lt;/tr&gt;
&lt;tr&gt;&lt;td&gt;Speed: 0.5 mph&lt;/td&gt;&lt;/tr&gt;
&lt;tr&gt;&lt;td&gt;Heading: 357.9&lt;/td&gt;&lt;/tr&gt;
&lt;tr&gt;&lt;td&gt;Time: 2021-02-19T17:10:58Z&lt;/td&gt;&lt;/tr&gt;
&lt;/table&gt;
</description>
        <LookAt>
          <longitude>-71.846819</longitude>
          <latitude>-13.402605</latitude>
          <tilt>66</tilt>
        </LookAt>
        <TimeStamp>
          <when>2021-02-19T17:10:58Z</when>
        </TimeStamp>
        <styleUrl>#track</styleUrl>
        <Point>
          <coordinates>-71.846819,-13.402605,3653.02</coordinates>
        </Point>
      </Placemark>
      <Placemark>
        <name>Apu Linli hike - Wikiloc-195</name>
        <snippet></snippet>
        <description>
&lt;table&gt;
&lt;tr&gt;&lt;td&gt;Longitude: -71.846788&lt;/td&gt;&lt;/tr&gt;
&lt;tr&gt;&lt;td&gt;Latitude: -13.402551&lt;/td&gt;&lt;/tr&gt;
&lt;tr&gt;&lt;td&gt;Altitude: 11989.528 ft&lt;/td&gt;&lt;/tr&gt;
&lt;tr&gt;&lt;td&gt;Speed: 3.9 mph&lt;/td&gt;&lt;/tr&gt;
&lt;tr&gt;&lt;td&gt;Heading: 29.2&lt;/td&gt;&lt;/tr&gt;
&lt;tr&gt;&lt;td&gt;Time: 2021-02-19T17:11:02Z&lt;/td&gt;&lt;/tr&gt;
&lt;/table&gt;
</description>
        <LookAt>
          <longitude>-71.846788</longitude>
          <latitude>-13.402551</latitude>
          <tilt>66</tilt>
        </LookAt>
        <TimeStamp>
          <when>2021-02-19T17:11:02Z</when>
        </TimeStamp>
        <styleUrl>#track</styleUrl>
        <Point>
          <coordinates>-71.846788,-13.402551,3654.41</coordinates>
        </Point>
      </Placemark>
      <Placemark>
        <name>Apu Linli hike - Wikiloc-196</name>
        <snippet></snippet>
        <description>
&lt;table&gt;
&lt;tr&gt;&lt;td&gt;Longitude: -71.846787&lt;/td&gt;&lt;/tr&gt;
&lt;tr&gt;&lt;td&gt;Latitude: -13.402488&lt;/td&gt;&lt;/tr&gt;
&lt;tr&gt;&lt;td&gt;Altitude: 11994.304 ft&lt;/td&gt;&lt;/tr&gt;
&lt;tr&gt;&lt;td&gt;Speed: 1.2 mph&lt;/td&gt;&lt;/tr&gt;
&lt;tr&gt;&lt;td&gt;Heading: 0.9&lt;/td&gt;&lt;/tr&gt;
&lt;tr&gt;&lt;td&gt;Time: 2021-02-19T17:11:15Z&lt;/td&gt;&lt;/tr&gt;
&lt;/table&gt;
</description>
        <LookAt>
          <longitude>-71.846787</longitude>
          <latitude>-13.402488</latitude>
          <tilt>66</tilt>
        </LookAt>
        <TimeStamp>
          <when>2021-02-19T17:11:15Z</when>
        </TimeStamp>
        <styleUrl>#track</styleUrl>
        <Point>
          <coordinates>-71.846787,-13.402488,3655.86</coordinates>
        </Point>
      </Placemark>
      <Placemark>
        <name>Apu Linli hike - Wikiloc-197</name>
        <snippet></snippet>
        <description>
&lt;table&gt;
&lt;tr&gt;&lt;td&gt;Longitude: -71.846785&lt;/td&gt;&lt;/tr&gt;
&lt;tr&gt;&lt;td&gt;Latitude: -13.402428&lt;/td&gt;&lt;/tr&gt;
&lt;tr&gt;&lt;td&gt;Altitude: 11998.176 ft&lt;/td&gt;&lt;/tr&gt;
&lt;tr&gt;&lt;td&gt;Speed: 0.3 mph&lt;/td&gt;&lt;/tr&gt;
&lt;tr&gt;&lt;td&gt;Heading: 1.9&lt;/td&gt;&lt;/tr&gt;
&lt;tr&gt;&lt;td&gt;Time: 2021-02-19T17:12:07Z&lt;/td&gt;&lt;/tr&gt;
&lt;/table&gt;
</description>
        <LookAt>
          <longitude>-71.846785</longitude>
          <latitude>-13.402428</latitude>
          <tilt>66</tilt>
        </LookAt>
        <TimeStamp>
          <when>2021-02-19T17:12:07Z</when>
        </TimeStamp>
        <styleUrl>#track</styleUrl>
        <Point>
          <coordinates>-71.846785,-13.402428,3657.04</coordinates>
        </Point>
      </Placemark>
      <Placemark>
        <name>Apu Linli hike - Wikiloc-198</name>
        <snippet></snippet>
        <description>
&lt;table&gt;
&lt;tr&gt;&lt;td&gt;Longitude: -71.846772&lt;/td&gt;&lt;/tr&gt;
&lt;tr&gt;&lt;td&gt;Latitude: -13.402364&lt;/td&gt;&lt;/tr&gt;
&lt;tr&gt;&lt;td&gt;Altitude: 12005.148 ft&lt;/td&gt;&lt;/tr&gt;
&lt;tr&gt;&lt;td&gt;Speed: 2.0 mph&lt;/td&gt;&lt;/tr&gt;
&lt;tr&gt;&lt;td&gt;Heading: 11.2&lt;/td&gt;&lt;/tr&gt;
&lt;tr&gt;&lt;td&gt;Time: 2021-02-19T17:12:15Z&lt;/td&gt;&lt;/tr&gt;
&lt;/table&gt;
</description>
        <LookAt>
          <longitude>-71.846772</longitude>
          <latitude>-13.402364</latitude>
          <tilt>66</tilt>
        </LookAt>
        <TimeStamp>
          <when>2021-02-19T17:12:15Z</when>
        </TimeStamp>
        <styleUrl>#track</styleUrl>
        <Point>
          <coordinates>-71.846772,-13.402364,3659.17</coordinates>
        </Point>
      </Placemark>
      <Placemark>
        <name>Apu Linli hike - Wikiloc-199</name>
        <snippet></snippet>
        <description>
&lt;table&gt;
&lt;tr&gt;&lt;td&gt;Longitude: -71.846751&lt;/td&gt;&lt;/tr&gt;
&lt;tr&gt;&lt;td&gt;Latitude: -13.402310&lt;/td&gt;&lt;/tr&gt;
&lt;tr&gt;&lt;td&gt;Altitude: 12011.742 ft&lt;/td&gt;&lt;/tr&gt;
&lt;tr&gt;&lt;td&gt;Speed: 1.8 mph&lt;/td&gt;&lt;/tr&gt;
&lt;tr&gt;&lt;td&gt;Heading: 20.7&lt;/td&gt;&lt;/tr&gt;
&lt;tr&gt;&lt;td&gt;Time: 2021-02-19T17:12:23Z&lt;/td&gt;&lt;/tr&gt;
&lt;/table&gt;
</description>
        <LookAt>
          <longitude>-71.846751</longitude>
          <latitude>-13.40231</latitude>
          <tilt>66</tilt>
        </LookAt>
        <TimeStamp>
          <when>2021-02-19T17:12:23Z</when>
        </TimeStamp>
        <styleUrl>#track</styleUrl>
        <Point>
          <coordinates>-71.846751,-13.402310,3661.18</coordinates>
        </Point>
      </Placemark>
      <Placemark>
        <name>Apu Linli hike - Wikiloc-200</name>
        <snippet></snippet>
        <description>
&lt;table&gt;
&lt;tr&gt;&lt;td&gt;Longitude: -71.846731&lt;/td&gt;&lt;/tr&gt;
&lt;tr&gt;&lt;td&gt;Latitude: -13.402259&lt;/td&gt;&lt;/tr&gt;
&lt;tr&gt;&lt;td&gt;Altitude: 12016.841 ft&lt;/td&gt;&lt;/tr&gt;
&lt;tr&gt;&lt;td&gt;Speed: 1.7 mph&lt;/td&gt;&lt;/tr&gt;
&lt;tr&gt;&lt;td&gt;Heading: 20.9&lt;/td&gt;&lt;/tr&gt;
&lt;tr&gt;&lt;td&gt;Time: 2021-02-19T17:12:31Z&lt;/td&gt;&lt;/tr&gt;
&lt;/table&gt;
</description>
        <LookAt>
          <longitude>-71.846731</longitude>
          <latitude>-13.402259</latitude>
          <tilt>66</tilt>
        </LookAt>
        <TimeStamp>
          <when>2021-02-19T17:12:31Z</when>
        </TimeStamp>
        <styleUrl>#track</styleUrl>
        <Point>
          <coordinates>-71.846731,-13.402259,3662.73</coordinates>
        </Point>
      </Placemark>
      <Placemark>
        <name>Apu Linli hike - Wikiloc-201</name>
        <snippet></snippet>
        <description>
&lt;table&gt;
&lt;tr&gt;&lt;td&gt;Longitude: -71.846705&lt;/td&gt;&lt;/tr&gt;
&lt;tr&gt;&lt;td&gt;Latitude: -13.402217&lt;/td&gt;&lt;/tr&gt;
&lt;tr&gt;&lt;td&gt;Altitude: 12021.289 ft&lt;/td&gt;&lt;/tr&gt;
&lt;tr&gt;&lt;td&gt;Speed: 2.0 mph&lt;/td&gt;&lt;/tr&gt;
&lt;tr&gt;&lt;td&gt;Heading: 31.1&lt;/td&gt;&lt;/tr&gt;
&lt;tr&gt;&lt;td&gt;Time: 2021-02-19T17:12:37Z&lt;/td&gt;&lt;/tr&gt;
&lt;/table&gt;
</description>
        <LookAt>
          <longitude>-71.846705</longitude>
          <latitude>-13.402217</latitude>
          <tilt>66</tilt>
        </LookAt>
        <TimeStamp>
          <when>2021-02-19T17:12:37Z</when>
        </TimeStamp>
        <styleUrl>#track</styleUrl>
        <Point>
          <coordinates>-71.846705,-13.402217,3664.09</coordinates>
        </Point>
      </Placemark>
      <Placemark>
        <name>Apu Linli hike - Wikiloc-202</name>
        <snippet></snippet>
        <description>
&lt;table&gt;
&lt;tr&gt;&lt;td&gt;Longitude: -71.846670&lt;/td&gt;&lt;/tr&gt;
&lt;tr&gt;&lt;td&gt;Latitude: -13.402188&lt;/td&gt;&lt;/tr&gt;
&lt;tr&gt;&lt;td&gt;Altitude: 12024.528 ft&lt;/td&gt;&lt;/tr&gt;
&lt;tr&gt;&lt;td&gt;Speed: 2.8 mph&lt;/td&gt;&lt;/tr&gt;
&lt;tr&gt;&lt;td&gt;Heading: 49.6&lt;/td&gt;&lt;/tr&gt;
&lt;tr&gt;&lt;td&gt;Time: 2021-02-19T17:12:41Z&lt;/td&gt;&lt;/tr&gt;
&lt;/table&gt;
</description>
        <LookAt>
          <longitude>-71.84667</longitude>
          <latitude>-13.402188</latitude>
          <tilt>66</tilt>
        </LookAt>
        <TimeStamp>
          <when>2021-02-19T17:12:41Z</when>
        </TimeStamp>
        <styleUrl>#track</styleUrl>
        <Point>
          <coordinates>-71.846670,-13.402188,3665.08</coordinates>
        </Point>
      </Placemark>
      <Placemark>
        <name>Apu Linli hike - Wikiloc-203</name>
        <snippet></snippet>
        <description>
&lt;table&gt;
&lt;tr&gt;&lt;td&gt;Longitude: -71.846629&lt;/td&gt;&lt;/tr&gt;
&lt;tr&gt;&lt;td&gt;Latitude: -13.402166&lt;/td&gt;&lt;/tr&gt;
&lt;tr&gt;&lt;td&gt;Altitude: 12029.482 ft&lt;/td&gt;&lt;/tr&gt;
&lt;tr&gt;&lt;td&gt;Speed: 2.8 mph&lt;/td&gt;&lt;/tr&gt;
&lt;tr&gt;&lt;td&gt;Heading: 61.1&lt;/td&gt;&lt;/tr&gt;
&lt;tr&gt;&lt;td&gt;Time: 2021-02-19T17:12:45Z&lt;/td&gt;&lt;/tr&gt;
&lt;/table&gt;
</description>
        <LookAt>
          <longitude>-71.846629</longitude>
          <latitude>-13.402166</latitude>
          <tilt>66</tilt>
        </LookAt>
        <TimeStamp>
          <when>2021-02-19T17:12:45Z</when>
        </TimeStamp>
        <styleUrl>#track</styleUrl>
        <Point>
          <coordinates>-71.846629,-13.402166,3666.59</coordinates>
        </Point>
      </Placemark>
      <Placemark>
        <name>Apu Linli hike - Wikiloc-204</name>
        <snippet></snippet>
        <description>
&lt;table&gt;
&lt;tr&gt;&lt;td&gt;Longitude: -71.846621&lt;/td&gt;&lt;/tr&gt;
&lt;tr&gt;&lt;td&gt;Latitude: -13.402102&lt;/td&gt;&lt;/tr&gt;
&lt;tr&gt;&lt;td&gt;Altitude: 12034.255 ft&lt;/td&gt;&lt;/tr&gt;
&lt;tr&gt;&lt;td&gt;Speed: 2.7 mph&lt;/td&gt;&lt;/tr&gt;
&lt;tr&gt;&lt;td&gt;Heading: 6.9&lt;/td&gt;&lt;/tr&gt;
&lt;tr&gt;&lt;td&gt;Time: 2021-02-19T17:12:51Z&lt;/td&gt;&lt;/tr&gt;
&lt;/table&gt;
</description>
        <LookAt>
          <longitude>-71.846621</longitude>
          <latitude>-13.402102</latitude>
          <tilt>66</tilt>
        </LookAt>
        <TimeStamp>
          <when>2021-02-19T17:12:51Z</when>
        </TimeStamp>
        <styleUrl>#track</styleUrl>
        <Point>
          <coordinates>-71.846621,-13.402102,3668.04</coordinates>
        </Point>
      </Placemark>
      <Placemark>
        <name>Apu Linli hike - Wikiloc-205</name>
        <snippet></snippet>
        <description>
&lt;table&gt;
&lt;tr&gt;&lt;td&gt;Longitude: -71.846624&lt;/td&gt;&lt;/tr&gt;
&lt;tr&gt;&lt;td&gt;Latitude: -13.402055&lt;/td&gt;&lt;/tr&gt;
&lt;tr&gt;&lt;td&gt;Altitude: 12039.308 ft&lt;/td&gt;&lt;/tr&gt;
&lt;tr&gt;&lt;td&gt;Speed: 2.0 mph&lt;/td&gt;&lt;/tr&gt;
&lt;tr&gt;&lt;td&gt;Heading: 356.4&lt;/td&gt;&lt;/tr&gt;
&lt;tr&gt;&lt;td&gt;Time: 2021-02-19T17:12:57Z&lt;/td&gt;&lt;/tr&gt;
&lt;/table&gt;
</description>
        <LookAt>
          <longitude>-71.846624</longitude>
          <latitude>-13.402055</latitude>
          <tilt>66</tilt>
        </LookAt>
        <TimeStamp>
          <when>2021-02-19T17:12:57Z</when>
        </TimeStamp>
        <styleUrl>#track</styleUrl>
        <Point>
          <coordinates>-71.846624,-13.402055,3669.58</coordinates>
        </Point>
      </Placemark>
      <Placemark>
        <name>Apu Linli hike - Wikiloc-206</name>
        <snippet></snippet>
        <description>
&lt;table&gt;
&lt;tr&gt;&lt;td&gt;Longitude: -71.846628&lt;/td&gt;&lt;/tr&gt;
&lt;tr&gt;&lt;td&gt;Latitude: -13.402010&lt;/td&gt;&lt;/tr&gt;
&lt;tr&gt;&lt;td&gt;Altitude: 12043.665 ft&lt;/td&gt;&lt;/tr&gt;
&lt;tr&gt;&lt;td&gt;Speed: 1.4 mph&lt;/td&gt;&lt;/tr&gt;
&lt;tr&gt;&lt;td&gt;Heading: 355.1&lt;/td&gt;&lt;/tr&gt;
&lt;tr&gt;&lt;td&gt;Time: 2021-02-19T17:13:05Z&lt;/td&gt;&lt;/tr&gt;
&lt;/table&gt;
</description>
        <LookAt>
          <longitude>-71.846628</longitude>
          <latitude>-13.40201</latitude>
          <tilt>66</tilt>
        </LookAt>
        <TimeStamp>
          <when>2021-02-19T17:13:05Z</when>
        </TimeStamp>
        <styleUrl>#track</styleUrl>
        <Point>
          <coordinates>-71.846628,-13.402010,3670.91</coordinates>
        </Point>
      </Placemark>
      <Placemark>
        <name>Apu Linli hike - Wikiloc-207</name>
        <snippet></snippet>
        <description>
&lt;table&gt;
&lt;tr&gt;&lt;td&gt;Longitude: -71.846614&lt;/td&gt;&lt;/tr&gt;
&lt;tr&gt;&lt;td&gt;Latitude: -13.401965&lt;/td&gt;&lt;/tr&gt;
&lt;tr&gt;&lt;td&gt;Altitude: 12048.255 ft&lt;/td&gt;&lt;/tr&gt;
&lt;tr&gt;&lt;td&gt;Speed: 0.8 mph&lt;/td&gt;&lt;/tr&gt;
&lt;tr&gt;&lt;td&gt;Heading: 16.8&lt;/td&gt;&lt;/tr&gt;
&lt;tr&gt;&lt;td&gt;Time: 2021-02-19T17:13:19Z&lt;/td&gt;&lt;/tr&gt;
&lt;/table&gt;
</description>
        <LookAt>
          <longitude>-71.846614</longitude>
          <latitude>-13.401965</latitude>
          <tilt>66</tilt>
        </LookAt>
        <TimeStamp>
          <when>2021-02-19T17:13:19Z</when>
        </TimeStamp>
        <styleUrl>#track</styleUrl>
        <Point>
          <coordinates>-71.846614,-13.401965,3672.31</coordinates>
        </Point>
      </Placemark>
      <Placemark>
        <name>Apu Linli hike - Wikiloc-208</name>
        <snippet></snippet>
        <description>
&lt;table&gt;
&lt;tr&gt;&lt;td&gt;Longitude: -71.846606&lt;/td&gt;&lt;/tr&gt;
&lt;tr&gt;&lt;td&gt;Latitude: -13.401920&lt;/td&gt;&lt;/tr&gt;
&lt;tr&gt;&lt;td&gt;Altitude: 12053.379 ft&lt;/td&gt;&lt;/tr&gt;
&lt;tr&gt;&lt;td&gt;Speed: 1.4 mph&lt;/td&gt;&lt;/tr&gt;
&lt;tr&gt;&lt;td&gt;Heading: 9.8&lt;/td&gt;&lt;/tr&gt;
&lt;tr&gt;&lt;td&gt;Time: 2021-02-19T17:13:27Z&lt;/td&gt;&lt;/tr&gt;
&lt;/table&gt;
</description>
        <LookAt>
          <longitude>-71.846606</longitude>
          <latitude>-13.40192</latitude>
          <tilt>66</tilt>
        </LookAt>
        <TimeStamp>
          <when>2021-02-19T17:13:27Z</when>
        </TimeStamp>
        <styleUrl>#track</styleUrl>
        <Point>
          <coordinates>-71.846606,-13.401920,3673.87</coordinates>
        </Point>
      </Placemark>
      <Placemark>
        <name>Apu Linli hike - Wikiloc-209</name>
        <snippet></snippet>
        <description>
&lt;table&gt;
&lt;tr&gt;&lt;td&gt;Longitude: -71.846599&lt;/td&gt;&lt;/tr&gt;
&lt;tr&gt;&lt;td&gt;Latitude: -13.401869&lt;/td&gt;&lt;/tr&gt;
&lt;tr&gt;&lt;td&gt;Altitude: 12058.202 ft&lt;/td&gt;&lt;/tr&gt;
&lt;tr&gt;&lt;td&gt;Speed: 1.3 mph&lt;/td&gt;&lt;/tr&gt;
&lt;tr&gt;&lt;td&gt;Heading: 7.6&lt;/td&gt;&lt;/tr&gt;
&lt;tr&gt;&lt;td&gt;Time: 2021-02-19T17:13:37Z&lt;/td&gt;&lt;/tr&gt;
&lt;/table&gt;
</description>
        <LookAt>
          <longitude>-71.846599</longitude>
          <latitude>-13.401869</latitude>
          <tilt>66</tilt>
        </LookAt>
        <TimeStamp>
          <when>2021-02-19T17:13:37Z</when>
        </TimeStamp>
        <styleUrl>#track</styleUrl>
        <Point>
          <coordinates>-71.846599,-13.401869,3675.34</coordinates>
        </Point>
      </Placemark>
      <Placemark>
        <name>Apu Linli hike - Wikiloc-210</name>
        <snippet></snippet>
        <description>
&lt;table&gt;
&lt;tr&gt;&lt;td&gt;Longitude: -71.846603&lt;/td&gt;&lt;/tr&gt;
&lt;tr&gt;&lt;td&gt;Latitude: -13.401812&lt;/td&gt;&lt;/tr&gt;
&lt;tr&gt;&lt;td&gt;Altitude: 12063.271 ft&lt;/td&gt;&lt;/tr&gt;
&lt;tr&gt;&lt;td&gt;Speed: 1.8 mph&lt;/td&gt;&lt;/tr&gt;
&lt;tr&gt;&lt;td&gt;Heading: 356.1&lt;/td&gt;&lt;/tr&gt;
&lt;tr&gt;&lt;td&gt;Time: 2021-02-19T17:13:45Z&lt;/td&gt;&lt;/tr&gt;
&lt;/table&gt;
</description>
        <LookAt>
          <longitude>-71.846603</longitude>
          <latitude>-13.401812</latitude>
          <tilt>66</tilt>
        </LookAt>
        <TimeStamp>
          <when>2021-02-19T17:13:45Z</when>
        </TimeStamp>
        <styleUrl>#track</styleUrl>
        <Point>
          <coordinates>-71.846603,-13.401812,3676.89</coordinates>
        </Point>
      </Placemark>
      <Placemark>
        <name>Apu Linli hike - Wikiloc-211</name>
        <snippet></snippet>
        <description>
&lt;table&gt;
&lt;tr&gt;&lt;td&gt;Longitude: -71.846580&lt;/td&gt;&lt;/tr&gt;
&lt;tr&gt;&lt;td&gt;Latitude: -13.401758&lt;/td&gt;&lt;/tr&gt;
&lt;tr&gt;&lt;td&gt;Altitude: 12069.734 ft&lt;/td&gt;&lt;/tr&gt;
&lt;tr&gt;&lt;td&gt;Speed: 1.8 mph&lt;/td&gt;&lt;/tr&gt;
&lt;tr&gt;&lt;td&gt;Heading: 22.5&lt;/td&gt;&lt;/tr&gt;
&lt;tr&gt;&lt;td&gt;Time: 2021-02-19T17:13:53Z&lt;/td&gt;&lt;/tr&gt;
&lt;/table&gt;
</description>
        <LookAt>
          <longitude>-71.84658</longitude>
          <latitude>-13.401758</latitude>
          <tilt>66</tilt>
        </LookAt>
        <TimeStamp>
          <when>2021-02-19T17:13:53Z</when>
        </TimeStamp>
        <styleUrl>#track</styleUrl>
        <Point>
          <coordinates>-71.846580,-13.401758,3678.86</coordinates>
        </Point>
      </Placemark>
      <Placemark>
        <name>Apu Linli hike - Wikiloc-212</name>
        <snippet></snippet>
        <description>
&lt;table&gt;
&lt;tr&gt;&lt;td&gt;Longitude: -71.846564&lt;/td&gt;&lt;/tr&gt;
&lt;tr&gt;&lt;td&gt;Latitude: -13.401711&lt;/td&gt;&lt;/tr&gt;
&lt;tr&gt;&lt;td&gt;Altitude: 12075.128 ft&lt;/td&gt;&lt;/tr&gt;
&lt;tr&gt;&lt;td&gt;Speed: 2.1 mph&lt;/td&gt;&lt;/tr&gt;
&lt;tr&gt;&lt;td&gt;Heading: 18.3&lt;/td&gt;&lt;/tr&gt;
&lt;tr&gt;&lt;td&gt;Time: 2021-02-19T17:13:59Z&lt;/td&gt;&lt;/tr&gt;
&lt;/table&gt;
</description>
        <LookAt>
          <longitude>-71.846564</longitude>
          <latitude>-13.401711</latitude>
          <tilt>66</tilt>
        </LookAt>
        <TimeStamp>
          <when>2021-02-19T17:13:59Z</when>
        </TimeStamp>
        <styleUrl>#track</styleUrl>
        <Point>
          <coordinates>-71.846564,-13.401711,3680.50</coordinates>
        </Point>
      </Placemark>
      <Placemark>
        <name>Apu Linli hike - Wikiloc-213</name>
        <snippet></snippet>
        <description>
&lt;table&gt;
&lt;tr&gt;&lt;td&gt;Longitude: -71.846552&lt;/td&gt;&lt;/tr&gt;
&lt;tr&gt;&lt;td&gt;Latitude: -13.401655&lt;/td&gt;&lt;/tr&gt;
&lt;tr&gt;&lt;td&gt;Altitude: 12080.233 ft&lt;/td&gt;&lt;/tr&gt;
&lt;tr&gt;&lt;td&gt;Speed: 1.8 mph&lt;/td&gt;&lt;/tr&gt;
&lt;tr&gt;&lt;td&gt;Heading: 11.8&lt;/td&gt;&lt;/tr&gt;
&lt;tr&gt;&lt;td&gt;Time: 2021-02-19T17:14:07Z&lt;/td&gt;&lt;/tr&gt;
&lt;/table&gt;
</description>
        <LookAt>
          <longitude>-71.846552</longitude>
          <latitude>-13.401655</latitude>
          <tilt>66</tilt>
        </LookAt>
        <TimeStamp>
          <when>2021-02-19T17:14:07Z</when>
        </TimeStamp>
        <styleUrl>#track</styleUrl>
        <Point>
          <coordinates>-71.846552,-13.401655,3682.05</coordinates>
        </Point>
      </Placemark>
      <Placemark>
        <name>Apu Linli hike - Wikiloc-214</name>
        <snippet></snippet>
        <description>
&lt;table&gt;
&lt;tr&gt;&lt;td&gt;Longitude: -71.846541&lt;/td&gt;&lt;/tr&gt;
&lt;tr&gt;&lt;td&gt;Latitude: -13.401608&lt;/td&gt;&lt;/tr&gt;
&lt;tr&gt;&lt;td&gt;Altitude: 12086.555 ft&lt;/td&gt;&lt;/tr&gt;
&lt;tr&gt;&lt;td&gt;Speed: 0.4 mph&lt;/td&gt;&lt;/tr&gt;
&lt;tr&gt;&lt;td&gt;Heading: 12.8&lt;/td&gt;&lt;/tr&gt;
&lt;tr&gt;&lt;td&gt;Time: 2021-02-19T17:14:37Z&lt;/td&gt;&lt;/tr&gt;
&lt;/table&gt;
</description>
        <LookAt>
          <longitude>-71.846541</longitude>
          <latitude>-13.401608</latitude>
          <tilt>66</tilt>
        </LookAt>
        <TimeStamp>
          <when>2021-02-19T17:14:37Z</when>
        </TimeStamp>
        <styleUrl>#track</styleUrl>
        <Point>
          <coordinates>-71.846541,-13.401608,3683.98</coordinates>
        </Point>
      </Placemark>
      <Placemark>
        <name>Apu Linli hike - Wikiloc-215</name>
        <snippet></snippet>
        <description>
&lt;table&gt;
&lt;tr&gt;&lt;td&gt;Longitude: -71.846519&lt;/td&gt;&lt;/tr&gt;
&lt;tr&gt;&lt;td&gt;Latitude: -13.401546&lt;/td&gt;&lt;/tr&gt;
&lt;tr&gt;&lt;td&gt;Altitude: 12093.117 ft&lt;/td&gt;&lt;/tr&gt;
&lt;tr&gt;&lt;td&gt;Speed: 1.4 mph&lt;/td&gt;&lt;/tr&gt;
&lt;tr&gt;&lt;td&gt;Heading: 19.0&lt;/td&gt;&lt;/tr&gt;
&lt;tr&gt;&lt;td&gt;Time: 2021-02-19T17:14:49Z&lt;/td&gt;&lt;/tr&gt;
&lt;/table&gt;
</description>
        <LookAt>
          <longitude>-71.846519</longitude>
          <latitude>-13.401546</latitude>
          <tilt>66</tilt>
        </LookAt>
        <TimeStamp>
          <when>2021-02-19T17:14:49Z</when>
        </TimeStamp>
        <styleUrl>#track</styleUrl>
        <Point>
          <coordinates>-71.846519,-13.401546,3685.98</coordinates>
        </Point>
      </Placemark>
      <Placemark>
        <name>Apu Linli hike - Wikiloc-216</name>
        <snippet></snippet>
        <description>
&lt;table&gt;
&lt;tr&gt;&lt;td&gt;Longitude: -71.846503&lt;/td&gt;&lt;/tr&gt;
&lt;tr&gt;&lt;td&gt;Latitude: -13.401498&lt;/td&gt;&lt;/tr&gt;
&lt;tr&gt;&lt;td&gt;Altitude: 12101.424 ft&lt;/td&gt;&lt;/tr&gt;
&lt;tr&gt;&lt;td&gt;Speed: 1.6 mph&lt;/td&gt;&lt;/tr&gt;
&lt;tr&gt;&lt;td&gt;Heading: 18.0&lt;/td&gt;&lt;/tr&gt;
&lt;tr&gt;&lt;td&gt;Time: 2021-02-19T17:14:57Z&lt;/td&gt;&lt;/tr&gt;
&lt;/table&gt;
</description>
        <LookAt>
          <longitude>-71.846503</longitude>
          <latitude>-13.401498</latitude>
          <tilt>66</tilt>
        </LookAt>
        <TimeStamp>
          <when>2021-02-19T17:14:57Z</when>
        </TimeStamp>
        <styleUrl>#track</styleUrl>
        <Point>
          <coordinates>-71.846503,-13.401498,3688.51</coordinates>
        </Point>
      </Placemark>
      <Placemark>
        <name>Apu Linli hike - Wikiloc-217</name>
        <snippet></snippet>
        <description>
&lt;table&gt;
&lt;tr&gt;&lt;td&gt;Longitude: -71.846500&lt;/td&gt;&lt;/tr&gt;
&lt;tr&gt;&lt;td&gt;Latitude: -13.401446&lt;/td&gt;&lt;/tr&gt;
&lt;tr&gt;&lt;td&gt;Altitude: 12108.117 ft&lt;/td&gt;&lt;/tr&gt;
&lt;tr&gt;&lt;td&gt;Speed: 2.2 mph&lt;/td&gt;&lt;/tr&gt;
&lt;tr&gt;&lt;td&gt;Heading: 3.2&lt;/td&gt;&lt;/tr&gt;
&lt;tr&gt;&lt;td&gt;Time: 2021-02-19T17:15:03Z&lt;/td&gt;&lt;/tr&gt;
&lt;/table&gt;
</description>
        <LookAt>
          <longitude>-71.8465</longitude>
          <latitude>-13.401446</latitude>
          <tilt>66</tilt>
        </LookAt>
        <TimeStamp>
          <when>2021-02-19T17:15:03Z</when>
        </TimeStamp>
        <styleUrl>#track</styleUrl>
        <Point>
          <coordinates>-71.846500,-13.401446,3690.55</coordinates>
        </Point>
      </Placemark>
      <Placemark>
        <name>Apu Linli hike - Wikiloc-218</name>
        <snippet></snippet>
        <description>
&lt;table&gt;
&lt;tr&gt;&lt;td&gt;Longitude: -71.846502&lt;/td&gt;&lt;/tr&gt;
&lt;tr&gt;&lt;td&gt;Latitude: -13.401393&lt;/td&gt;&lt;/tr&gt;
&lt;tr&gt;&lt;td&gt;Altitude: 12113.875 ft&lt;/td&gt;&lt;/tr&gt;
&lt;tr&gt;&lt;td&gt;Speed: 1.7 mph&lt;/td&gt;&lt;/tr&gt;
&lt;tr&gt;&lt;td&gt;Heading: 357.9&lt;/td&gt;&lt;/tr&gt;
&lt;tr&gt;&lt;td&gt;Time: 2021-02-19T17:15:11Z&lt;/td&gt;&lt;/tr&gt;
&lt;/table&gt;
</description>
        <LookAt>
          <longitude>-71.846502</longitude>
          <latitude>-13.401393</latitude>
          <tilt>66</tilt>
        </LookAt>
        <TimeStamp>
          <when>2021-02-19T17:15:11Z</when>
        </TimeStamp>
        <styleUrl>#track</styleUrl>
        <Point>
          <coordinates>-71.846502,-13.401393,3692.31</coordinates>
        </Point>
      </Placemark>
      <Placemark>
        <name>Apu Linli hike - Wikiloc-219</name>
        <snippet></snippet>
        <description>
&lt;table&gt;
&lt;tr&gt;&lt;td&gt;Longitude: -71.846491&lt;/td&gt;&lt;/tr&gt;
&lt;tr&gt;&lt;td&gt;Latitude: -13.401342&lt;/td&gt;&lt;/tr&gt;
&lt;tr&gt;&lt;td&gt;Altitude: 12120.433 ft&lt;/td&gt;&lt;/tr&gt;
&lt;tr&gt;&lt;td&gt;Speed: 0.8 mph&lt;/td&gt;&lt;/tr&gt;
&lt;tr&gt;&lt;td&gt;Heading: 11.8&lt;/td&gt;&lt;/tr&gt;
&lt;tr&gt;&lt;td&gt;Time: 2021-02-19T17:15:27Z&lt;/td&gt;&lt;/tr&gt;
&lt;/table&gt;
</description>
        <LookAt>
          <longitude>-71.846491</longitude>
          <latitude>-13.401342</latitude>
          <tilt>66</tilt>
        </LookAt>
        <TimeStamp>
          <when>2021-02-19T17:15:27Z</when>
        </TimeStamp>
        <styleUrl>#track</styleUrl>
        <Point>
          <coordinates>-71.846491,-13.401342,3694.31</coordinates>
        </Point>
      </Placemark>
      <Placemark>
        <name>Apu Linli hike - Wikiloc-220</name>
        <snippet></snippet>
        <description>
&lt;table&gt;
&lt;tr&gt;&lt;td&gt;Longitude: -71.846501&lt;/td&gt;&lt;/tr&gt;
&lt;tr&gt;&lt;td&gt;Latitude: -13.401290&lt;/td&gt;&lt;/tr&gt;
&lt;tr&gt;&lt;td&gt;Altitude: 12124.236 ft&lt;/td&gt;&lt;/tr&gt;
&lt;tr&gt;&lt;td&gt;Speed: 1.1 mph&lt;/td&gt;&lt;/tr&gt;
&lt;tr&gt;&lt;td&gt;Heading: 349.4&lt;/td&gt;&lt;/tr&gt;
&lt;tr&gt;&lt;td&gt;Time: 2021-02-19T17:15:39Z&lt;/td&gt;&lt;/tr&gt;
&lt;/table&gt;
</description>
        <LookAt>
          <longitude>-71.846501</longitude>
          <latitude>-13.40129</latitude>
          <tilt>66</tilt>
        </LookAt>
        <TimeStamp>
          <when>2021-02-19T17:15:39Z</when>
        </TimeStamp>
        <styleUrl>#track</styleUrl>
        <Point>
          <coordinates>-71.846501,-13.401290,3695.47</coordinates>
        </Point>
      </Placemark>
      <Placemark>
        <name>Apu Linli hike - Wikiloc-221</name>
        <snippet></snippet>
        <description>
&lt;table&gt;
&lt;tr&gt;&lt;td&gt;Longitude: -71.846515&lt;/td&gt;&lt;/tr&gt;
&lt;tr&gt;&lt;td&gt;Latitude: -13.401235&lt;/td&gt;&lt;/tr&gt;
&lt;tr&gt;&lt;td&gt;Altitude: 12129.715 ft&lt;/td&gt;&lt;/tr&gt;
&lt;tr&gt;&lt;td&gt;Speed: 1.2 mph&lt;/td&gt;&lt;/tr&gt;
&lt;tr&gt;&lt;td&gt;Heading: 346.1&lt;/td&gt;&lt;/tr&gt;
&lt;tr&gt;&lt;td&gt;Time: 2021-02-19T17:15:51Z&lt;/td&gt;&lt;/tr&gt;
&lt;/table&gt;
</description>
        <LookAt>
          <longitude>-71.846515</longitude>
          <latitude>-13.401235</latitude>
          <tilt>66</tilt>
        </LookAt>
        <TimeStamp>
          <when>2021-02-19T17:15:51Z</when>
        </TimeStamp>
        <styleUrl>#track</styleUrl>
        <Point>
          <coordinates>-71.846515,-13.401235,3697.14</coordinates>
        </Point>
      </Placemark>
      <Placemark>
        <name>Apu Linli hike - Wikiloc-222</name>
        <snippet></snippet>
        <description>
&lt;table&gt;
&lt;tr&gt;&lt;td&gt;Longitude: -71.846521&lt;/td&gt;&lt;/tr&gt;
&lt;tr&gt;&lt;td&gt;Latitude: -13.401190&lt;/td&gt;&lt;/tr&gt;
&lt;tr&gt;&lt;td&gt;Altitude: 12134.324 ft&lt;/td&gt;&lt;/tr&gt;
&lt;tr&gt;&lt;td&gt;Speed: 1.9 mph&lt;/td&gt;&lt;/tr&gt;
&lt;tr&gt;&lt;td&gt;Heading: 352.6&lt;/td&gt;&lt;/tr&gt;
&lt;tr&gt;&lt;td&gt;Time: 2021-02-19T17:15:57Z&lt;/td&gt;&lt;/tr&gt;
&lt;/table&gt;
</description>
        <LookAt>
          <longitude>-71.846521</longitude>
          <latitude>-13.40119</latitude>
          <tilt>66</tilt>
        </LookAt>
        <TimeStamp>
          <when>2021-02-19T17:15:57Z</when>
        </TimeStamp>
        <styleUrl>#track</styleUrl>
        <Point>
          <coordinates>-71.846521,-13.401190,3698.54</coordinates>
        </Point>
      </Placemark>
      <Placemark>
        <name>Apu Linli hike - Wikiloc-223</name>
        <snippet></snippet>
        <description>
&lt;table&gt;
&lt;tr&gt;&lt;td&gt;Longitude: -71.846548&lt;/td&gt;&lt;/tr&gt;
&lt;tr&gt;&lt;td&gt;Latitude: -13.401149&lt;/td&gt;&lt;/tr&gt;
&lt;tr&gt;&lt;td&gt;Altitude: 12139.278 ft&lt;/td&gt;&lt;/tr&gt;
&lt;tr&gt;&lt;td&gt;Speed: 2.0 mph&lt;/td&gt;&lt;/tr&gt;
&lt;tr&gt;&lt;td&gt;Heading: 327.4&lt;/td&gt;&lt;/tr&gt;
&lt;tr&gt;&lt;td&gt;Time: 2021-02-19T17:16:03Z&lt;/td&gt;&lt;/tr&gt;
&lt;/table&gt;
</description>
        <LookAt>
          <longitude>-71.846548</longitude>
          <latitude>-13.401149</latitude>
          <tilt>66</tilt>
        </LookAt>
        <TimeStamp>
          <when>2021-02-19T17:16:03Z</when>
        </TimeStamp>
        <styleUrl>#track</styleUrl>
        <Point>
          <coordinates>-71.846548,-13.401149,3700.05</coordinates>
        </Point>
      </Placemark>
      <Placemark>
        <name>Apu Linli hike - Wikiloc-224</name>
        <snippet></snippet>
        <description>
&lt;table&gt;
&lt;tr&gt;&lt;td&gt;Longitude: -71.846560&lt;/td&gt;&lt;/tr&gt;
&lt;tr&gt;&lt;td&gt;Latitude: -13.401091&lt;/td&gt;&lt;/tr&gt;
&lt;tr&gt;&lt;td&gt;Altitude: 12144.573 ft&lt;/td&gt;&lt;/tr&gt;
&lt;tr&gt;&lt;td&gt;Speed: 1.6 mph&lt;/td&gt;&lt;/tr&gt;
&lt;tr&gt;&lt;td&gt;Heading: 348.6&lt;/td&gt;&lt;/tr&gt;
&lt;tr&gt;&lt;td&gt;Time: 2021-02-19T17:16:12Z&lt;/td&gt;&lt;/tr&gt;
&lt;/table&gt;
</description>
        <LookAt>
          <longitude>-71.84656</longitude>
          <latitude>-13.401091</latitude>
          <tilt>66</tilt>
        </LookAt>
        <TimeStamp>
          <when>2021-02-19T17:16:12Z</when>
        </TimeStamp>
        <styleUrl>#track</styleUrl>
        <Point>
          <coordinates>-71.846560,-13.401091,3701.67</coordinates>
        </Point>
      </Placemark>
      <Placemark>
        <name>Apu Linli hike - Wikiloc-225</name>
        <snippet></snippet>
        <description>
&lt;table&gt;
&lt;tr&gt;&lt;td&gt;Longitude: -71.846547&lt;/td&gt;&lt;/tr&gt;
&lt;tr&gt;&lt;td&gt;Latitude: -13.401034&lt;/td&gt;&lt;/tr&gt;
&lt;tr&gt;&lt;td&gt;Altitude: 12152.172 ft&lt;/td&gt;&lt;/tr&gt;
&lt;tr&gt;&lt;td&gt;Speed: 1.6 mph&lt;/td&gt;&lt;/tr&gt;
&lt;tr&gt;&lt;td&gt;Heading: 12.5&lt;/td&gt;&lt;/tr&gt;
&lt;tr&gt;&lt;td&gt;Time: 2021-02-19T17:16:21Z&lt;/td&gt;&lt;/tr&gt;
&lt;/table&gt;
</description>
        <LookAt>
          <longitude>-71.846547</longitude>
          <latitude>-13.401034</latitude>
          <tilt>66</tilt>
        </LookAt>
        <TimeStamp>
          <when>2021-02-19T17:16:21Z</when>
        </TimeStamp>
        <styleUrl>#track</styleUrl>
        <Point>
          <coordinates>-71.846547,-13.401034,3703.98</coordinates>
        </Point>
      </Placemark>
      <Placemark>
        <name>Apu Linli hike - Wikiloc-226</name>
        <snippet></snippet>
        <description>
&lt;table&gt;
&lt;tr&gt;&lt;td&gt;Longitude: -71.846550&lt;/td&gt;&lt;/tr&gt;
&lt;tr&gt;&lt;td&gt;Latitude: -13.400987&lt;/td&gt;&lt;/tr&gt;
&lt;tr&gt;&lt;td&gt;Altitude: 12159.347 ft&lt;/td&gt;&lt;/tr&gt;
&lt;tr&gt;&lt;td&gt;Speed: 2.0 mph&lt;/td&gt;&lt;/tr&gt;
&lt;tr&gt;&lt;td&gt;Heading: 356.4&lt;/td&gt;&lt;/tr&gt;
&lt;tr&gt;&lt;td&gt;Time: 2021-02-19T17:16:27Z&lt;/td&gt;&lt;/tr&gt;
&lt;/table&gt;
</description>
        <LookAt>
          <longitude>-71.84655</longitude>
          <latitude>-13.400987</latitude>
          <tilt>66</tilt>
        </LookAt>
        <TimeStamp>
          <when>2021-02-19T17:16:27Z</when>
        </TimeStamp>
        <styleUrl>#track</styleUrl>
        <Point>
          <coordinates>-71.846550,-13.400987,3706.17</coordinates>
        </Point>
      </Placemark>
      <Placemark>
        <name>Apu Linli hike - Wikiloc-227</name>
        <snippet></snippet>
        <description>
&lt;table&gt;
&lt;tr&gt;&lt;td&gt;Longitude: -71.846535&lt;/td&gt;&lt;/tr&gt;
&lt;tr&gt;&lt;td&gt;Latitude: -13.400943&lt;/td&gt;&lt;/tr&gt;
&lt;tr&gt;&lt;td&gt;Altitude: 12166.598 ft&lt;/td&gt;&lt;/tr&gt;
&lt;tr&gt;&lt;td&gt;Speed: 1.9 mph&lt;/td&gt;&lt;/tr&gt;
&lt;tr&gt;&lt;td&gt;Heading: 18.3&lt;/td&gt;&lt;/tr&gt;
&lt;tr&gt;&lt;td&gt;Time: 2021-02-19T17:16:33Z&lt;/td&gt;&lt;/tr&gt;
&lt;/table&gt;
</description>
        <LookAt>
          <longitude>-71.846535</longitude>
          <latitude>-13.400943</latitude>
          <tilt>66</tilt>
        </LookAt>
        <TimeStamp>
          <when>2021-02-19T17:16:33Z</when>
        </TimeStamp>
        <styleUrl>#track</styleUrl>
        <Point>
          <coordinates>-71.846535,-13.400943,3708.38</coordinates>
        </Point>
      </Placemark>
      <Placemark>
        <name>Apu Linli hike - Wikiloc-228</name>
        <snippet></snippet>
        <description>
&lt;table&gt;
&lt;tr&gt;&lt;td&gt;Longitude: -71.846516&lt;/td&gt;&lt;/tr&gt;
&lt;tr&gt;&lt;td&gt;Latitude: -13.400891&lt;/td&gt;&lt;/tr&gt;
&lt;tr&gt;&lt;td&gt;Altitude: 12171.955 ft&lt;/td&gt;&lt;/tr&gt;
&lt;tr&gt;&lt;td&gt;Speed: 2.3 mph&lt;/td&gt;&lt;/tr&gt;
&lt;tr&gt;&lt;td&gt;Heading: 19.6&lt;/td&gt;&lt;/tr&gt;
&lt;tr&gt;&lt;td&gt;Time: 2021-02-19T17:16:39Z&lt;/td&gt;&lt;/tr&gt;
&lt;/table&gt;
</description>
        <LookAt>
          <longitude>-71.846516</longitude>
          <latitude>-13.400891</latitude>
          <tilt>66</tilt>
        </LookAt>
        <TimeStamp>
          <when>2021-02-19T17:16:39Z</when>
        </TimeStamp>
        <styleUrl>#track</styleUrl>
        <Point>
          <coordinates>-71.846516,-13.400891,3710.01</coordinates>
        </Point>
      </Placemark>
      <Placemark>
        <name>Apu Linli hike - Wikiloc-229</name>
        <snippet></snippet>
        <description>
&lt;table&gt;
&lt;tr&gt;&lt;td&gt;Longitude: -71.846530&lt;/td&gt;&lt;/tr&gt;
&lt;tr&gt;&lt;td&gt;Latitude: -13.400835&lt;/td&gt;&lt;/tr&gt;
&lt;tr&gt;&lt;td&gt;Altitude: 12177.927 ft&lt;/td&gt;&lt;/tr&gt;
&lt;tr&gt;&lt;td&gt;Speed: 2.4 mph&lt;/td&gt;&lt;/tr&gt;
&lt;tr&gt;&lt;td&gt;Heading: 346.3&lt;/td&gt;&lt;/tr&gt;
&lt;tr&gt;&lt;td&gt;Time: 2021-02-19T17:16:45Z&lt;/td&gt;&lt;/tr&gt;
&lt;/table&gt;
</description>
        <LookAt>
          <longitude>-71.84653</longitude>
          <latitude>-13.400835</latitude>
          <tilt>66</tilt>
        </LookAt>
        <TimeStamp>
          <when>2021-02-19T17:16:45Z</when>
        </TimeStamp>
        <styleUrl>#track</styleUrl>
        <Point>
          <coordinates>-71.846530,-13.400835,3711.83</coordinates>
        </Point>
      </Placemark>
      <Placemark>
        <name>Apu Linli hike - Wikiloc-230</name>
        <snippet></snippet>
        <description>
&lt;table&gt;
&lt;tr&gt;&lt;td&gt;Longitude: -71.846530&lt;/td&gt;&lt;/tr&gt;
&lt;tr&gt;&lt;td&gt;Latitude: -13.400780&lt;/td&gt;&lt;/tr&gt;
&lt;tr&gt;&lt;td&gt;Altitude: 12183.087 ft&lt;/td&gt;&lt;/tr&gt;
&lt;tr&gt;&lt;td&gt;Speed: 1.5 mph&lt;/td&gt;&lt;/tr&gt;
&lt;tr&gt;&lt;td&gt;Heading: 0.0&lt;/td&gt;&lt;/tr&gt;
&lt;tr&gt;&lt;td&gt;Time: 2021-02-19T17:16:54Z&lt;/td&gt;&lt;/tr&gt;
&lt;/table&gt;
</description>
        <LookAt>
          <longitude>-71.84653</longitude>
          <latitude>-13.40078</latitude>
          <tilt>66</tilt>
        </LookAt>
        <TimeStamp>
          <when>2021-02-19T17:16:54Z</when>
        </TimeStamp>
        <styleUrl>#track</styleUrl>
        <Point>
          <coordinates>-71.846530,-13.400780,3713.41</coordinates>
        </Point>
      </Placemark>
      <Placemark>
        <name>Apu Linli hike - Wikiloc-231</name>
        <snippet></snippet>
        <description>
&lt;table&gt;
&lt;tr&gt;&lt;td&gt;Longitude: -71.846571&lt;/td&gt;&lt;/tr&gt;
&lt;tr&gt;&lt;td&gt;Latitude: -13.400738&lt;/td&gt;&lt;/tr&gt;
&lt;tr&gt;&lt;td&gt;Altitude: 12189.003 ft&lt;/td&gt;&lt;/tr&gt;
&lt;tr&gt;&lt;td&gt;Speed: 1.6 mph&lt;/td&gt;&lt;/tr&gt;
&lt;tr&gt;&lt;td&gt;Heading: 316.5&lt;/td&gt;&lt;/tr&gt;
&lt;tr&gt;&lt;td&gt;Time: 2021-02-19T17:17:03Z&lt;/td&gt;&lt;/tr&gt;
&lt;/table&gt;
</description>
        <LookAt>
          <longitude>-71.846571</longitude>
          <latitude>-13.400738</latitude>
          <tilt>66</tilt>
        </LookAt>
        <TimeStamp>
          <when>2021-02-19T17:17:03Z</when>
        </TimeStamp>
        <styleUrl>#track</styleUrl>
        <Point>
          <coordinates>-71.846571,-13.400738,3715.21</coordinates>
        </Point>
      </Placemark>
      <Placemark>
        <name>Apu Linli hike - Wikiloc-232</name>
        <snippet></snippet>
        <description>
&lt;table&gt;
&lt;tr&gt;&lt;td&gt;Longitude: -71.846615&lt;/td&gt;&lt;/tr&gt;
&lt;tr&gt;&lt;td&gt;Latitude: -13.400688&lt;/td&gt;&lt;/tr&gt;
&lt;tr&gt;&lt;td&gt;Altitude: 12192.051 ft&lt;/td&gt;&lt;/tr&gt;
&lt;tr&gt;&lt;td&gt;Speed: 0.4 mph&lt;/td&gt;&lt;/tr&gt;
&lt;tr&gt;&lt;td&gt;Heading: 319.4&lt;/td&gt;&lt;/tr&gt;
&lt;tr&gt;&lt;td&gt;Time: 2021-02-19T17:17:42Z&lt;/td&gt;&lt;/tr&gt;
&lt;/table&gt;
</description>
        <LookAt>
          <longitude>-71.846615</longitude>
          <latitude>-13.400688</latitude>
          <tilt>66</tilt>
        </LookAt>
        <TimeStamp>
          <when>2021-02-19T17:17:42Z</when>
        </TimeStamp>
        <styleUrl>#track</styleUrl>
        <Point>
          <coordinates>-71.846615,-13.400688,3716.14</coordinates>
        </Point>
      </Placemark>
      <Placemark>
        <name>Apu Linli hike - Wikiloc-233</name>
        <snippet></snippet>
        <description>
&lt;table&gt;
&lt;tr&gt;&lt;td&gt;Longitude: -71.846636&lt;/td&gt;&lt;/tr&gt;
&lt;tr&gt;&lt;td&gt;Latitude: -13.400626&lt;/td&gt;&lt;/tr&gt;
&lt;tr&gt;&lt;td&gt;Altitude: 12195.331 ft&lt;/td&gt;&lt;/tr&gt;
&lt;tr&gt;&lt;td&gt;Speed: 1.8 mph&lt;/td&gt;&lt;/tr&gt;
&lt;tr&gt;&lt;td&gt;Heading: 341.8&lt;/td&gt;&lt;/tr&gt;
&lt;tr&gt;&lt;td&gt;Time: 2021-02-19T17:17:51Z&lt;/td&gt;&lt;/tr&gt;
&lt;/table&gt;
</description>
        <LookAt>
          <longitude>-71.846636</longitude>
          <latitude>-13.400626</latitude>
          <tilt>66</tilt>
        </LookAt>
        <TimeStamp>
          <when>2021-02-19T17:17:51Z</when>
        </TimeStamp>
        <styleUrl>#track</styleUrl>
        <Point>
          <coordinates>-71.846636,-13.400626,3717.14</coordinates>
        </Point>
      </Placemark>
      <Placemark>
        <name>Apu Linli hike - Wikiloc-234</name>
        <snippet></snippet>
        <description>
&lt;table&gt;
&lt;tr&gt;&lt;td&gt;Longitude: -71.846662&lt;/td&gt;&lt;/tr&gt;
&lt;tr&gt;&lt;td&gt;Latitude: -13.400546&lt;/td&gt;&lt;/tr&gt;
&lt;tr&gt;&lt;td&gt;Altitude: 12202.730 ft&lt;/td&gt;&lt;/tr&gt;
&lt;tr&gt;&lt;td&gt;Speed: 2.1 mph&lt;/td&gt;&lt;/tr&gt;
&lt;tr&gt;&lt;td&gt;Heading: 342.5&lt;/td&gt;&lt;/tr&gt;
&lt;tr&gt;&lt;td&gt;Time: 2021-02-19T17:18:01Z&lt;/td&gt;&lt;/tr&gt;
&lt;/table&gt;
</description>
        <LookAt>
          <longitude>-71.846662</longitude>
          <latitude>-13.400546</latitude>
          <tilt>66</tilt>
        </LookAt>
        <TimeStamp>
          <when>2021-02-19T17:18:01Z</when>
        </TimeStamp>
        <styleUrl>#track</styleUrl>
        <Point>
          <coordinates>-71.846662,-13.400546,3719.39</coordinates>
        </Point>
      </Placemark>
      <Placemark>
        <name>Apu Linli hike - Wikiloc-235</name>
        <snippet></snippet>
        <description>
&lt;table&gt;
&lt;tr&gt;&lt;td&gt;Longitude: -71.846702&lt;/td&gt;&lt;/tr&gt;
&lt;tr&gt;&lt;td&gt;Latitude: -13.400427&lt;/td&gt;&lt;/tr&gt;
&lt;tr&gt;&lt;td&gt;Altitude: 12213.031 ft&lt;/td&gt;&lt;/tr&gt;
&lt;tr&gt;&lt;td&gt;Speed: 1.6 mph&lt;/td&gt;&lt;/tr&gt;
&lt;tr&gt;&lt;td&gt;Heading: 341.9&lt;/td&gt;&lt;/tr&gt;
&lt;tr&gt;&lt;td&gt;Time: 2021-02-19T17:18:21Z&lt;/td&gt;&lt;/tr&gt;
&lt;/table&gt;
</description>
        <LookAt>
          <longitude>-71.846702</longitude>
          <latitude>-13.400427</latitude>
          <tilt>66</tilt>
        </LookAt>
        <TimeStamp>
          <when>2021-02-19T17:18:21Z</when>
        </TimeStamp>
        <styleUrl>#track</styleUrl>
        <Point>
          <coordinates>-71.846702,-13.400427,3722.53</coordinates>
        </Point>
      </Placemark>
      <Placemark>
        <name>Apu Linli hike - Wikiloc-236</name>
        <snippet></snippet>
        <description>
&lt;table&gt;
&lt;tr&gt;&lt;td&gt;Longitude: -71.846749&lt;/td&gt;&lt;/tr&gt;
&lt;tr&gt;&lt;td&gt;Latitude: -13.400379&lt;/td&gt;&lt;/tr&gt;
&lt;tr&gt;&lt;td&gt;Altitude: 12222.526 ft&lt;/td&gt;&lt;/tr&gt;
&lt;tr&gt;&lt;td&gt;Speed: 3.3 mph&lt;/td&gt;&lt;/tr&gt;
&lt;tr&gt;&lt;td&gt;Heading: 316.4&lt;/td&gt;&lt;/tr&gt;
&lt;tr&gt;&lt;td&gt;Time: 2021-02-19T17:18:26Z&lt;/td&gt;&lt;/tr&gt;
&lt;/table&gt;
</description>
        <LookAt>
          <longitude>-71.846749</longitude>
          <latitude>-13.400379</latitude>
          <tilt>66</tilt>
        </LookAt>
        <TimeStamp>
          <when>2021-02-19T17:18:26Z</when>
        </TimeStamp>
        <styleUrl>#track</styleUrl>
        <Point>
          <coordinates>-71.846749,-13.400379,3725.43</coordinates>
        </Point>
      </Placemark>
      <Placemark>
        <name>Apu Linli hike - Wikiloc-237</name>
        <snippet></snippet>
        <description>
&lt;table&gt;
&lt;tr&gt;&lt;td&gt;Longitude: -71.846792&lt;/td&gt;&lt;/tr&gt;
&lt;tr&gt;&lt;td&gt;Latitude: -13.400317&lt;/td&gt;&lt;/tr&gt;
&lt;tr&gt;&lt;td&gt;Altitude: 12228.091 ft&lt;/td&gt;&lt;/tr&gt;
&lt;tr&gt;&lt;td&gt;Speed: 3.7 mph&lt;/td&gt;&lt;/tr&gt;
&lt;tr&gt;&lt;td&gt;Heading: 326.0&lt;/td&gt;&lt;/tr&gt;
&lt;tr&gt;&lt;td&gt;Time: 2021-02-19T17:18:31Z&lt;/td&gt;&lt;/tr&gt;
&lt;/table&gt;
</description>
        <LookAt>
          <longitude>-71.846792</longitude>
          <latitude>-13.400317</latitude>
          <tilt>66</tilt>
        </LookAt>
        <TimeStamp>
          <when>2021-02-19T17:18:31Z</when>
        </TimeStamp>
        <styleUrl>#track</styleUrl>
        <Point>
          <coordinates>-71.846792,-13.400317,3727.12</coordinates>
        </Point>
      </Placemark>
      <Placemark>
        <name>Apu Linli hike - Wikiloc-238</name>
        <snippet></snippet>
        <description>
&lt;table&gt;
&lt;tr&gt;&lt;td&gt;Longitude: -71.846819&lt;/td&gt;&lt;/tr&gt;
&lt;tr&gt;&lt;td&gt;Latitude: -13.400263&lt;/td&gt;&lt;/tr&gt;
&lt;tr&gt;&lt;td&gt;Altitude: 12230.213 ft&lt;/td&gt;&lt;/tr&gt;
&lt;tr&gt;&lt;td&gt;Speed: 3.0 mph&lt;/td&gt;&lt;/tr&gt;
&lt;tr&gt;&lt;td&gt;Heading: 334.1&lt;/td&gt;&lt;/tr&gt;
&lt;tr&gt;&lt;td&gt;Time: 2021-02-19T17:18:36Z&lt;/td&gt;&lt;/tr&gt;
&lt;/table&gt;
</description>
        <LookAt>
          <longitude>-71.846819</longitude>
          <latitude>-13.400263</latitude>
          <tilt>66</tilt>
        </LookAt>
        <TimeStamp>
          <when>2021-02-19T17:18:36Z</when>
        </TimeStamp>
        <styleUrl>#track</styleUrl>
        <Point>
          <coordinates>-71.846819,-13.400263,3727.77</coordinates>
        </Point>
      </Placemark>
      <Placemark>
        <name>Apu Linli hike - Wikiloc-239</name>
        <snippet></snippet>
        <description>
&lt;table&gt;
&lt;tr&gt;&lt;td&gt;Longitude: -71.846847&lt;/td&gt;&lt;/tr&gt;
&lt;tr&gt;&lt;td&gt;Latitude: -13.400225&lt;/td&gt;&lt;/tr&gt;
&lt;tr&gt;&lt;td&gt;Altitude: 12234.150 ft&lt;/td&gt;&lt;/tr&gt;
&lt;tr&gt;&lt;td&gt;Speed: 2.3 mph&lt;/td&gt;&lt;/tr&gt;
&lt;tr&gt;&lt;td&gt;Heading: 324.4&lt;/td&gt;&lt;/tr&gt;
&lt;tr&gt;&lt;td&gt;Time: 2021-02-19T17:18:41Z&lt;/td&gt;&lt;/tr&gt;
&lt;/table&gt;
</description>
        <LookAt>
          <longitude>-71.846847</longitude>
          <latitude>-13.400225</latitude>
          <tilt>66</tilt>
        </LookAt>
        <TimeStamp>
          <when>2021-02-19T17:18:41Z</when>
        </TimeStamp>
        <styleUrl>#track</styleUrl>
        <Point>
          <coordinates>-71.846847,-13.400225,3728.97</coordinates>
        </Point>
      </Placemark>
      <Placemark>
        <name>Apu Linli hike - Wikiloc-240</name>
        <snippet></snippet>
        <description>
&lt;table&gt;
&lt;tr&gt;&lt;td&gt;Longitude: -71.846932&lt;/td&gt;&lt;/tr&gt;
&lt;tr&gt;&lt;td&gt;Latitude: -13.400143&lt;/td&gt;&lt;/tr&gt;
&lt;tr&gt;&lt;td&gt;Altitude: 12236.027 ft&lt;/td&gt;&lt;/tr&gt;
&lt;tr&gt;&lt;td&gt;Speed: 0.2 mph&lt;/td&gt;&lt;/tr&gt;
&lt;tr&gt;&lt;td&gt;Heading: 314.8&lt;/td&gt;&lt;/tr&gt;
&lt;tr&gt;&lt;td&gt;Time: 2021-02-19T17:20:56Z&lt;/td&gt;&lt;/tr&gt;
&lt;/table&gt;
</description>
        <LookAt>
          <longitude>-71.846932</longitude>
          <latitude>-13.400143</latitude>
          <tilt>66</tilt>
        </LookAt>
        <TimeStamp>
          <when>2021-02-19T17:20:56Z</when>
        </TimeStamp>
        <styleUrl>#track</styleUrl>
        <Point>
          <coordinates>-71.846932,-13.400143,3729.54</coordinates>
        </Point>
      </Placemark>
      <Placemark>
        <name>Apu Linli hike - Wikiloc-241</name>
        <snippet></snippet>
        <description>
&lt;table&gt;
&lt;tr&gt;&lt;td&gt;Longitude: -71.847029&lt;/td&gt;&lt;/tr&gt;
&lt;tr&gt;&lt;td&gt;Latitude: -13.399948&lt;/td&gt;&lt;/tr&gt;
&lt;tr&gt;&lt;td&gt;Altitude: 12245.344 ft&lt;/td&gt;&lt;/tr&gt;
&lt;tr&gt;&lt;td&gt;Speed: 6.0 mph&lt;/td&gt;&lt;/tr&gt;
&lt;tr&gt;&lt;td&gt;Heading: 334.2&lt;/td&gt;&lt;/tr&gt;
&lt;tr&gt;&lt;td&gt;Time: 2021-02-19T17:21:05Z&lt;/td&gt;&lt;/tr&gt;
&lt;/table&gt;
</description>
        <LookAt>
          <longitude>-71.847029</longitude>
          <latitude>-13.399948</latitude>
          <tilt>66</tilt>
        </LookAt>
        <TimeStamp>
          <when>2021-02-19T17:21:05Z</when>
        </TimeStamp>
        <styleUrl>#track</styleUrl>
        <Point>
          <coordinates>-71.847029,-13.399948,3732.38</coordinates>
        </Point>
      </Placemark>
      <Placemark>
        <name>Apu Linli hike - Wikiloc-242</name>
        <snippet></snippet>
        <description>
&lt;table&gt;
&lt;tr&gt;&lt;td&gt;Longitude: -71.847077&lt;/td&gt;&lt;/tr&gt;
&lt;tr&gt;&lt;td&gt;Latitude: -13.399895&lt;/td&gt;&lt;/tr&gt;
&lt;tr&gt;&lt;td&gt;Altitude: 12249.701 ft&lt;/td&gt;&lt;/tr&gt;
&lt;tr&gt;&lt;td&gt;Speed: 1.0 mph&lt;/td&gt;&lt;/tr&gt;
&lt;tr&gt;&lt;td&gt;Heading: 318.6&lt;/td&gt;&lt;/tr&gt;
&lt;tr&gt;&lt;td&gt;Time: 2021-02-19T17:21:23Z&lt;/td&gt;&lt;/tr&gt;
&lt;/table&gt;
</description>
        <LookAt>
          <longitude>-71.847077</longitude>
          <latitude>-13.399895</latitude>
          <tilt>66</tilt>
        </LookAt>
        <TimeStamp>
          <when>2021-02-19T17:21:23Z</when>
        </TimeStamp>
        <styleUrl>#track</styleUrl>
        <Point>
          <coordinates>-71.847077,-13.399895,3733.71</coordinates>
        </Point>
      </Placemark>
      <Placemark>
        <name>Apu Linli hike - Wikiloc-243</name>
        <snippet></snippet>
        <description>
&lt;table&gt;
&lt;tr&gt;&lt;td&gt;Longitude: -71.847057&lt;/td&gt;&lt;/tr&gt;
&lt;tr&gt;&lt;td&gt;Latitude: -13.399843&lt;/td&gt;&lt;/tr&gt;
&lt;tr&gt;&lt;td&gt;Altitude: 12258.228 ft&lt;/td&gt;&lt;/tr&gt;
&lt;tr&gt;&lt;td&gt;Speed: 0.0 mph&lt;/td&gt;&lt;/tr&gt;
&lt;tr&gt;&lt;td&gt;Heading: 20.5&lt;/td&gt;&lt;/tr&gt;
&lt;tr&gt;&lt;td&gt;Time: 2021-02-19T17:28:17Z&lt;/td&gt;&lt;/tr&gt;
&lt;/table&gt;
</description>
        <LookAt>
          <longitude>-71.847057</longitude>
          <latitude>-13.399843</latitude>
          <tilt>66</tilt>
        </LookAt>
        <TimeStamp>
          <when>2021-02-19T17:28:17Z</when>
        </TimeStamp>
        <styleUrl>#track</styleUrl>
        <Point>
          <coordinates>-71.847057,-13.399843,3736.31</coordinates>
        </Point>
      </Placemark>
      <Placemark>
        <name>Apu Linli hike - Wikiloc-244</name>
        <snippet></snippet>
        <description>
&lt;table&gt;
&lt;tr&gt;&lt;td&gt;Longitude: -71.847070&lt;/td&gt;&lt;/tr&gt;
&lt;tr&gt;&lt;td&gt;Latitude: -13.399786&lt;/td&gt;&lt;/tr&gt;
&lt;tr&gt;&lt;td&gt;Altitude: 12264.961 ft&lt;/td&gt;&lt;/tr&gt;
&lt;tr&gt;&lt;td&gt;Speed: 2.4 mph&lt;/td&gt;&lt;/tr&gt;
&lt;tr&gt;&lt;td&gt;Heading: 347.5&lt;/td&gt;&lt;/tr&gt;
&lt;tr&gt;&lt;td&gt;Time: 2021-02-19T17:28:23Z&lt;/td&gt;&lt;/tr&gt;
&lt;/table&gt;
</description>
        <LookAt>
          <longitude>-71.84707</longitude>
          <latitude>-13.399786</latitude>
          <tilt>66</tilt>
        </LookAt>
        <TimeStamp>
          <when>2021-02-19T17:28:23Z</when>
        </TimeStamp>
        <styleUrl>#track</styleUrl>
        <Point>
          <coordinates>-71.847070,-13.399786,3738.36</coordinates>
        </Point>
      </Placemark>
      <Placemark>
        <name>Apu Linli hike - Wikiloc-245</name>
        <snippet></snippet>
        <description>
&lt;table&gt;
&lt;tr&gt;&lt;td&gt;Longitude: -71.847078&lt;/td&gt;&lt;/tr&gt;
&lt;tr&gt;&lt;td&gt;Latitude: -13.399719&lt;/td&gt;&lt;/tr&gt;
&lt;tr&gt;&lt;td&gt;Altitude: 12271.424 ft&lt;/td&gt;&lt;/tr&gt;
&lt;tr&gt;&lt;td&gt;Speed: 2.8 mph&lt;/td&gt;&lt;/tr&gt;
&lt;tr&gt;&lt;td&gt;Heading: 353.4&lt;/td&gt;&lt;/tr&gt;
&lt;tr&gt;&lt;td&gt;Time: 2021-02-19T17:28:29Z&lt;/td&gt;&lt;/tr&gt;
&lt;/table&gt;
</description>
        <LookAt>
          <longitude>-71.847078</longitude>
          <latitude>-13.399719</latitude>
          <tilt>66</tilt>
        </LookAt>
        <TimeStamp>
          <when>2021-02-19T17:28:29Z</when>
        </TimeStamp>
        <styleUrl>#track</styleUrl>
        <Point>
          <coordinates>-71.847078,-13.399719,3740.33</coordinates>
        </Point>
      </Placemark>
      <Placemark>
        <name>Apu Linli hike - Wikiloc-246</name>
        <snippet></snippet>
        <description>
&lt;table&gt;
&lt;tr&gt;&lt;td&gt;Longitude: -71.847094&lt;/td&gt;&lt;/tr&gt;
&lt;tr&gt;&lt;td&gt;Latitude: -13.399664&lt;/td&gt;&lt;/tr&gt;
&lt;tr&gt;&lt;td&gt;Altitude: 12277.641 ft&lt;/td&gt;&lt;/tr&gt;
&lt;tr&gt;&lt;td&gt;Speed: 2.4 mph&lt;/td&gt;&lt;/tr&gt;
&lt;tr&gt;&lt;td&gt;Heading: 344.2&lt;/td&gt;&lt;/tr&gt;
&lt;tr&gt;&lt;td&gt;Time: 2021-02-19T17:28:35Z&lt;/td&gt;&lt;/tr&gt;
&lt;/table&gt;
</description>
        <LookAt>
          <longitude>-71.847094</longitude>
          <latitude>-13.399664</latitude>
          <tilt>66</tilt>
        </LookAt>
        <TimeStamp>
          <when>2021-02-19T17:28:35Z</when>
        </TimeStamp>
        <styleUrl>#track</styleUrl>
        <Point>
          <coordinates>-71.847094,-13.399664,3742.22</coordinates>
        </Point>
      </Placemark>
      <Placemark>
        <name>Apu Linli hike - Wikiloc-247</name>
        <snippet></snippet>
        <description>
&lt;table&gt;
&lt;tr&gt;&lt;td&gt;Longitude: -71.847095&lt;/td&gt;&lt;/tr&gt;
&lt;tr&gt;&lt;td&gt;Latitude: -13.399597&lt;/td&gt;&lt;/tr&gt;
&lt;tr&gt;&lt;td&gt;Altitude: 12282.858 ft&lt;/td&gt;&lt;/tr&gt;
&lt;tr&gt;&lt;td&gt;Speed: 2.4 mph&lt;/td&gt;&lt;/tr&gt;
&lt;tr&gt;&lt;td&gt;Heading: 359.2&lt;/td&gt;&lt;/tr&gt;
&lt;tr&gt;&lt;td&gt;Time: 2021-02-19T17:28:42Z&lt;/td&gt;&lt;/tr&gt;
&lt;/table&gt;
</description>
        <LookAt>
          <longitude>-71.847095</longitude>
          <latitude>-13.399597</latitude>
          <tilt>66</tilt>
        </LookAt>
        <TimeStamp>
          <when>2021-02-19T17:28:42Z</when>
        </TimeStamp>
        <styleUrl>#track</styleUrl>
        <Point>
          <coordinates>-71.847095,-13.399597,3743.82</coordinates>
        </Point>
      </Placemark>
      <Placemark>
        <name>Apu Linli hike - Wikiloc-248</name>
        <snippet></snippet>
        <description>
&lt;table&gt;
&lt;tr&gt;&lt;td&gt;Longitude: -71.847118&lt;/td&gt;&lt;/tr&gt;
&lt;tr&gt;&lt;td&gt;Latitude: -13.399531&lt;/td&gt;&lt;/tr&gt;
&lt;tr&gt;&lt;td&gt;Altitude: 12287.201 ft&lt;/td&gt;&lt;/tr&gt;
&lt;tr&gt;&lt;td&gt;Speed: 2.5 mph&lt;/td&gt;&lt;/tr&gt;
&lt;tr&gt;&lt;td&gt;Heading: 341.3&lt;/td&gt;&lt;/tr&gt;
&lt;tr&gt;&lt;td&gt;Time: 2021-02-19T17:28:49Z&lt;/td&gt;&lt;/tr&gt;
&lt;/table&gt;
</description>
        <LookAt>
          <longitude>-71.847118</longitude>
          <latitude>-13.399531</latitude>
          <tilt>66</tilt>
        </LookAt>
        <TimeStamp>
          <when>2021-02-19T17:28:49Z</when>
        </TimeStamp>
        <styleUrl>#track</styleUrl>
        <Point>
          <coordinates>-71.847118,-13.399531,3745.14</coordinates>
        </Point>
      </Placemark>
      <Placemark>
        <name>Apu Linli hike - Wikiloc-249</name>
        <snippet></snippet>
        <description>
&lt;table&gt;
&lt;tr&gt;&lt;td&gt;Longitude: -71.847127&lt;/td&gt;&lt;/tr&gt;
&lt;tr&gt;&lt;td&gt;Latitude: -13.399448&lt;/td&gt;&lt;/tr&gt;
&lt;tr&gt;&lt;td&gt;Altitude: 12290.797 ft&lt;/td&gt;&lt;/tr&gt;
&lt;tr&gt;&lt;td&gt;Speed: 2.6 mph&lt;/td&gt;&lt;/tr&gt;
&lt;tr&gt;&lt;td&gt;Heading: 354.0&lt;/td&gt;&lt;/tr&gt;
&lt;tr&gt;&lt;td&gt;Time: 2021-02-19T17:28:57Z&lt;/td&gt;&lt;/tr&gt;
&lt;/table&gt;
</description>
        <LookAt>
          <longitude>-71.847127</longitude>
          <latitude>-13.399448</latitude>
          <tilt>66</tilt>
        </LookAt>
        <TimeStamp>
          <when>2021-02-19T17:28:57Z</when>
        </TimeStamp>
        <styleUrl>#track</styleUrl>
        <Point>
          <coordinates>-71.847127,-13.399448,3746.24</coordinates>
        </Point>
      </Placemark>
      <Placemark>
        <name>Apu Linli hike - Wikiloc-250</name>
        <snippet></snippet>
        <description>
&lt;table&gt;
&lt;tr&gt;&lt;td&gt;Longitude: -71.847164&lt;/td&gt;&lt;/tr&gt;
&lt;tr&gt;&lt;td&gt;Latitude: -13.399374&lt;/td&gt;&lt;/tr&gt;
&lt;tr&gt;&lt;td&gt;Altitude: 12296.955 ft&lt;/td&gt;&lt;/tr&gt;
&lt;tr&gt;&lt;td&gt;Speed: 2.6 mph&lt;/td&gt;&lt;/tr&gt;
&lt;tr&gt;&lt;td&gt;Heading: 334.1&lt;/td&gt;&lt;/tr&gt;
&lt;tr&gt;&lt;td&gt;Time: 2021-02-19T17:29:05Z&lt;/td&gt;&lt;/tr&gt;
&lt;/table&gt;
</description>
        <LookAt>
          <longitude>-71.847164</longitude>
          <latitude>-13.399374</latitude>
          <tilt>66</tilt>
        </LookAt>
        <TimeStamp>
          <when>2021-02-19T17:29:05Z</when>
        </TimeStamp>
        <styleUrl>#track</styleUrl>
        <Point>
          <coordinates>-71.847164,-13.399374,3748.11</coordinates>
        </Point>
      </Placemark>
      <Placemark>
        <name>Apu Linli hike - Wikiloc-251</name>
        <snippet></snippet>
        <description>
&lt;table&gt;
&lt;tr&gt;&lt;td&gt;Longitude: -71.847184&lt;/td&gt;&lt;/tr&gt;
&lt;tr&gt;&lt;td&gt;Latitude: -13.399309&lt;/td&gt;&lt;/tr&gt;
&lt;tr&gt;&lt;td&gt;Altitude: 12302.336 ft&lt;/td&gt;&lt;/tr&gt;
&lt;tr&gt;&lt;td&gt;Speed: 2.1 mph&lt;/td&gt;&lt;/tr&gt;
&lt;tr&gt;&lt;td&gt;Heading: 343.3&lt;/td&gt;&lt;/tr&gt;
&lt;tr&gt;&lt;td&gt;Time: 2021-02-19T17:29:13Z&lt;/td&gt;&lt;/tr&gt;
&lt;/table&gt;
</description>
        <LookAt>
          <longitude>-71.847184</longitude>
          <latitude>-13.399309</latitude>
          <tilt>66</tilt>
        </LookAt>
        <TimeStamp>
          <when>2021-02-19T17:29:13Z</when>
        </TimeStamp>
        <styleUrl>#track</styleUrl>
        <Point>
          <coordinates>-71.847184,-13.399309,3749.75</coordinates>
        </Point>
      </Placemark>
      <Placemark>
        <name>Apu Linli hike - Wikiloc-252</name>
        <snippet></snippet>
        <description>
&lt;table&gt;
&lt;tr&gt;&lt;td&gt;Longitude: -71.847205&lt;/td&gt;&lt;/tr&gt;
&lt;tr&gt;&lt;td&gt;Latitude: -13.399235&lt;/td&gt;&lt;/tr&gt;
&lt;tr&gt;&lt;td&gt;Altitude: 12307.782 ft&lt;/td&gt;&lt;/tr&gt;
&lt;tr&gt;&lt;td&gt;Speed: 2.4 mph&lt;/td&gt;&lt;/tr&gt;
&lt;tr&gt;&lt;td&gt;Heading: 344.6&lt;/td&gt;&lt;/tr&gt;
&lt;tr&gt;&lt;td&gt;Time: 2021-02-19T17:29:21Z&lt;/td&gt;&lt;/tr&gt;
&lt;/table&gt;
</description>
        <LookAt>
          <longitude>-71.847205</longitude>
          <latitude>-13.399235</latitude>
          <tilt>66</tilt>
        </LookAt>
        <TimeStamp>
          <when>2021-02-19T17:29:21Z</when>
        </TimeStamp>
        <styleUrl>#track</styleUrl>
        <Point>
          <coordinates>-71.847205,-13.399235,3751.41</coordinates>
        </Point>
      </Placemark>
      <Placemark>
        <name>Apu Linli hike - Wikiloc-253</name>
        <snippet></snippet>
        <description>
&lt;table&gt;
&lt;tr&gt;&lt;td&gt;Longitude: -71.847245&lt;/td&gt;&lt;/tr&gt;
&lt;tr&gt;&lt;td&gt;Latitude: -13.399157&lt;/td&gt;&lt;/tr&gt;
&lt;tr&gt;&lt;td&gt;Altitude: 12313.097 ft&lt;/td&gt;&lt;/tr&gt;
&lt;tr&gt;&lt;td&gt;Speed: 2.7 mph&lt;/td&gt;&lt;/tr&gt;
&lt;tr&gt;&lt;td&gt;Heading: 333.5&lt;/td&gt;&lt;/tr&gt;
&lt;tr&gt;&lt;td&gt;Time: 2021-02-19T17:29:29Z&lt;/td&gt;&lt;/tr&gt;
&lt;/table&gt;
</description>
        <LookAt>
          <longitude>-71.847245</longitude>
          <latitude>-13.399157</latitude>
          <tilt>66</tilt>
        </LookAt>
        <TimeStamp>
          <when>2021-02-19T17:29:29Z</when>
        </TimeStamp>
        <styleUrl>#track</styleUrl>
        <Point>
          <coordinates>-71.847245,-13.399157,3753.03</coordinates>
        </Point>
      </Placemark>
      <Placemark>
        <name>Apu Linli hike - Wikiloc-254</name>
        <snippet></snippet>
        <description>
&lt;table&gt;
&lt;tr&gt;&lt;td&gt;Longitude: -71.847250&lt;/td&gt;&lt;/tr&gt;
&lt;tr&gt;&lt;td&gt;Latitude: -13.399104&lt;/td&gt;&lt;/tr&gt;
&lt;tr&gt;&lt;td&gt;Altitude: 12319.242 ft&lt;/td&gt;&lt;/tr&gt;
&lt;tr&gt;&lt;td&gt;Speed: 3.3 mph&lt;/td&gt;&lt;/tr&gt;
&lt;tr&gt;&lt;td&gt;Heading: 354.8&lt;/td&gt;&lt;/tr&gt;
&lt;tr&gt;&lt;td&gt;Time: 2021-02-19T17:29:33Z&lt;/td&gt;&lt;/tr&gt;
&lt;/table&gt;
</description>
        <LookAt>
          <longitude>-71.84725</longitude>
          <latitude>-13.399104</latitude>
          <tilt>66</tilt>
        </LookAt>
        <TimeStamp>
          <when>2021-02-19T17:29:33Z</when>
        </TimeStamp>
        <styleUrl>#track</styleUrl>
        <Point>
          <coordinates>-71.847250,-13.399104,3754.91</coordinates>
        </Point>
      </Placemark>
      <Placemark>
        <name>Apu Linli hike - Wikiloc-255</name>
        <snippet></snippet>
        <description>
&lt;table&gt;
&lt;tr&gt;&lt;td&gt;Longitude: -71.847280&lt;/td&gt;&lt;/tr&gt;
&lt;tr&gt;&lt;td&gt;Latitude: -13.399053&lt;/td&gt;&lt;/tr&gt;
&lt;tr&gt;&lt;td&gt;Altitude: 12323.845 ft&lt;/td&gt;&lt;/tr&gt;
&lt;tr&gt;&lt;td&gt;Speed: 2.1 mph&lt;/td&gt;&lt;/tr&gt;
&lt;tr&gt;&lt;td&gt;Heading: 330.2&lt;/td&gt;&lt;/tr&gt;
&lt;tr&gt;&lt;td&gt;Time: 2021-02-19T17:29:40Z&lt;/td&gt;&lt;/tr&gt;
&lt;/table&gt;
</description>
        <LookAt>
          <longitude>-71.84728</longitude>
          <latitude>-13.399053</latitude>
          <tilt>66</tilt>
        </LookAt>
        <TimeStamp>
          <when>2021-02-19T17:29:40Z</when>
        </TimeStamp>
        <styleUrl>#track</styleUrl>
        <Point>
          <coordinates>-71.847280,-13.399053,3756.31</coordinates>
        </Point>
      </Placemark>
      <Placemark>
        <name>Apu Linli hike - Wikiloc-256</name>
        <snippet></snippet>
        <description>
&lt;table&gt;
&lt;tr&gt;&lt;td&gt;Longitude: -71.847301&lt;/td&gt;&lt;/tr&gt;
&lt;tr&gt;&lt;td&gt;Latitude: -13.399008&lt;/td&gt;&lt;/tr&gt;
&lt;tr&gt;&lt;td&gt;Altitude: 12329.551 ft&lt;/td&gt;&lt;/tr&gt;
&lt;tr&gt;&lt;td&gt;Speed: 2.1 mph&lt;/td&gt;&lt;/tr&gt;
&lt;tr&gt;&lt;td&gt;Heading: 335.6&lt;/td&gt;&lt;/tr&gt;
&lt;tr&gt;&lt;td&gt;Time: 2021-02-19T17:29:46Z&lt;/td&gt;&lt;/tr&gt;
&lt;/table&gt;
</description>
        <LookAt>
          <longitude>-71.847301</longitude>
          <latitude>-13.399008</latitude>
          <tilt>66</tilt>
        </LookAt>
        <TimeStamp>
          <when>2021-02-19T17:29:46Z</when>
        </TimeStamp>
        <styleUrl>#track</styleUrl>
        <Point>
          <coordinates>-71.847301,-13.399008,3758.05</coordinates>
        </Point>
      </Placemark>
      <Placemark>
        <name>Apu Linli hike - Wikiloc-257</name>
        <snippet></snippet>
        <description>
&lt;table&gt;
&lt;tr&gt;&lt;td&gt;Longitude: -71.847330&lt;/td&gt;&lt;/tr&gt;
&lt;tr&gt;&lt;td&gt;Latitude: -13.398959&lt;/td&gt;&lt;/tr&gt;
&lt;tr&gt;&lt;td&gt;Altitude: 12335.719 ft&lt;/td&gt;&lt;/tr&gt;
&lt;tr&gt;&lt;td&gt;Speed: 2.3 mph&lt;/td&gt;&lt;/tr&gt;
&lt;tr&gt;&lt;td&gt;Heading: 330.1&lt;/td&gt;&lt;/tr&gt;
&lt;tr&gt;&lt;td&gt;Time: 2021-02-19T17:29:52Z&lt;/td&gt;&lt;/tr&gt;
&lt;/table&gt;
</description>
        <LookAt>
          <longitude>-71.84733</longitude>
          <latitude>-13.398959</latitude>
          <tilt>66</tilt>
        </LookAt>
        <TimeStamp>
          <when>2021-02-19T17:29:52Z</when>
        </TimeStamp>
        <styleUrl>#track</styleUrl>
        <Point>
          <coordinates>-71.847330,-13.398959,3759.93</coordinates>
        </Point>
      </Placemark>
      <Placemark>
        <name>Apu Linli hike - Wikiloc-258</name>
        <snippet></snippet>
        <description>
&lt;table&gt;
&lt;tr&gt;&lt;td&gt;Longitude: -71.847351&lt;/td&gt;&lt;/tr&gt;
&lt;tr&gt;&lt;td&gt;Latitude: -13.398914&lt;/td&gt;&lt;/tr&gt;
&lt;tr&gt;&lt;td&gt;Altitude: 12342.461 ft&lt;/td&gt;&lt;/tr&gt;
&lt;tr&gt;&lt;td&gt;Speed: 2.1 mph&lt;/td&gt;&lt;/tr&gt;
&lt;tr&gt;&lt;td&gt;Heading: 335.6&lt;/td&gt;&lt;/tr&gt;
&lt;tr&gt;&lt;td&gt;Time: 2021-02-19T17:29:58Z&lt;/td&gt;&lt;/tr&gt;
&lt;/table&gt;
</description>
        <LookAt>
          <longitude>-71.847351</longitude>
          <latitude>-13.398914</latitude>
          <tilt>66</tilt>
        </LookAt>
        <TimeStamp>
          <when>2021-02-19T17:29:58Z</when>
        </TimeStamp>
        <styleUrl>#track</styleUrl>
        <Point>
          <coordinates>-71.847351,-13.398914,3761.98</coordinates>
        </Point>
      </Placemark>
      <Placemark>
        <name>Apu Linli hike - Wikiloc-259</name>
        <snippet></snippet>
        <description>
&lt;table&gt;
&lt;tr&gt;&lt;td&gt;Longitude: -71.847384&lt;/td&gt;&lt;/tr&gt;
&lt;tr&gt;&lt;td&gt;Latitude: -13.398871&lt;/td&gt;&lt;/tr&gt;
&lt;tr&gt;&lt;td&gt;Altitude: 12348.038 ft&lt;/td&gt;&lt;/tr&gt;
&lt;tr&gt;&lt;td&gt;Speed: 2.2 mph&lt;/td&gt;&lt;/tr&gt;
&lt;tr&gt;&lt;td&gt;Heading: 323.3&lt;/td&gt;&lt;/tr&gt;
&lt;tr&gt;&lt;td&gt;Time: 2021-02-19T17:30:04Z&lt;/td&gt;&lt;/tr&gt;
&lt;/table&gt;
</description>
        <LookAt>
          <longitude>-71.847384</longitude>
          <latitude>-13.398871</latitude>
          <tilt>66</tilt>
        </LookAt>
        <TimeStamp>
          <when>2021-02-19T17:30:04Z</when>
        </TimeStamp>
        <styleUrl>#track</styleUrl>
        <Point>
          <coordinates>-71.847384,-13.398871,3763.68</coordinates>
        </Point>
      </Placemark>
      <Placemark>
        <name>Apu Linli hike - Wikiloc-260</name>
        <snippet></snippet>
        <description>
&lt;table&gt;
&lt;tr&gt;&lt;td&gt;Longitude: -71.847421&lt;/td&gt;&lt;/tr&gt;
&lt;tr&gt;&lt;td&gt;Latitude: -13.398825&lt;/td&gt;&lt;/tr&gt;
&lt;tr&gt;&lt;td&gt;Altitude: 12354.121 ft&lt;/td&gt;&lt;/tr&gt;
&lt;tr&gt;&lt;td&gt;Speed: 1.8 mph&lt;/td&gt;&lt;/tr&gt;
&lt;tr&gt;&lt;td&gt;Heading: 322.0&lt;/td&gt;&lt;/tr&gt;
&lt;tr&gt;&lt;td&gt;Time: 2021-02-19T17:30:12Z&lt;/td&gt;&lt;/tr&gt;
&lt;/table&gt;
</description>
        <LookAt>
          <longitude>-71.847421</longitude>
          <latitude>-13.398825</latitude>
          <tilt>66</tilt>
        </LookAt>
        <TimeStamp>
          <when>2021-02-19T17:30:12Z</when>
        </TimeStamp>
        <styleUrl>#track</styleUrl>
        <Point>
          <coordinates>-71.847421,-13.398825,3765.54</coordinates>
        </Point>
      </Placemark>
      <Placemark>
        <name>Apu Linli hike - Wikiloc-261</name>
        <snippet></snippet>
        <description>
&lt;table&gt;
&lt;tr&gt;&lt;td&gt;Longitude: -71.847458&lt;/td&gt;&lt;/tr&gt;
&lt;tr&gt;&lt;td&gt;Latitude: -13.398791&lt;/td&gt;&lt;/tr&gt;
&lt;tr&gt;&lt;td&gt;Altitude: 12358.963 ft&lt;/td&gt;&lt;/tr&gt;
&lt;tr&gt;&lt;td&gt;Speed: 2.1 mph&lt;/td&gt;&lt;/tr&gt;
&lt;tr&gt;&lt;td&gt;Heading: 313.4&lt;/td&gt;&lt;/tr&gt;
&lt;tr&gt;&lt;td&gt;Time: 2021-02-19T17:30:18Z&lt;/td&gt;&lt;/tr&gt;
&lt;/table&gt;
</description>
        <LookAt>
          <longitude>-71.847458</longitude>
          <latitude>-13.398791</latitude>
          <tilt>66</tilt>
        </LookAt>
        <TimeStamp>
          <when>2021-02-19T17:30:18Z</when>
        </TimeStamp>
        <styleUrl>#track</styleUrl>
        <Point>
          <coordinates>-71.847458,-13.398791,3767.01</coordinates>
        </Point>
      </Placemark>
      <Placemark>
        <name>Apu Linli hike - Wikiloc-262</name>
        <snippet></snippet>
        <description>
&lt;table&gt;
&lt;tr&gt;&lt;td&gt;Longitude: -71.847487&lt;/td&gt;&lt;/tr&gt;
&lt;tr&gt;&lt;td&gt;Latitude: -13.398752&lt;/td&gt;&lt;/tr&gt;
&lt;tr&gt;&lt;td&gt;Altitude: 12364.432 ft&lt;/td&gt;&lt;/tr&gt;
&lt;tr&gt;&lt;td&gt;Speed: 2.0 mph&lt;/td&gt;&lt;/tr&gt;
&lt;tr&gt;&lt;td&gt;Heading: 324.1&lt;/td&gt;&lt;/tr&gt;
&lt;tr&gt;&lt;td&gt;Time: 2021-02-19T17:30:24Z&lt;/td&gt;&lt;/tr&gt;
&lt;/table&gt;
</description>
        <LookAt>
          <longitude>-71.847487</longitude>
          <latitude>-13.398752</latitude>
          <tilt>66</tilt>
        </LookAt>
        <TimeStamp>
          <when>2021-02-19T17:30:24Z</when>
        </TimeStamp>
        <styleUrl>#track</styleUrl>
        <Point>
          <coordinates>-71.847487,-13.398752,3768.68</coordinates>
        </Point>
      </Placemark>
      <Placemark>
        <name>Apu Linli hike - Wikiloc-263</name>
        <snippet></snippet>
        <description>
&lt;table&gt;
&lt;tr&gt;&lt;td&gt;Longitude: -71.847530&lt;/td&gt;&lt;/tr&gt;
&lt;tr&gt;&lt;td&gt;Latitude: -13.398729&lt;/td&gt;&lt;/tr&gt;
&lt;tr&gt;&lt;td&gt;Altitude: 12372.110 ft&lt;/td&gt;&lt;/tr&gt;
&lt;tr&gt;&lt;td&gt;Speed: 1.7 mph&lt;/td&gt;&lt;/tr&gt;
&lt;tr&gt;&lt;td&gt;Heading: 298.8&lt;/td&gt;&lt;/tr&gt;
&lt;tr&gt;&lt;td&gt;Time: 2021-02-19T17:30:31Z&lt;/td&gt;&lt;/tr&gt;
&lt;/table&gt;
</description>
        <LookAt>
          <longitude>-71.84753</longitude>
          <latitude>-13.398729</latitude>
          <tilt>66</tilt>
        </LookAt>
        <TimeStamp>
          <when>2021-02-19T17:30:31Z</when>
        </TimeStamp>
        <styleUrl>#track</styleUrl>
        <Point>
          <coordinates>-71.847530,-13.398729,3771.02</coordinates>
        </Point>
      </Placemark>
      <Placemark>
        <name>Apu Linli hike - Wikiloc-264</name>
        <snippet></snippet>
        <description>
&lt;table&gt;
&lt;tr&gt;&lt;td&gt;Longitude: -71.847562&lt;/td&gt;&lt;/tr&gt;
&lt;tr&gt;&lt;td&gt;Latitude: -13.398685&lt;/td&gt;&lt;/tr&gt;
&lt;tr&gt;&lt;td&gt;Altitude: 12380.049 ft&lt;/td&gt;&lt;/tr&gt;
&lt;tr&gt;&lt;td&gt;Speed: 1.3 mph&lt;/td&gt;&lt;/tr&gt;
&lt;tr&gt;&lt;td&gt;Heading: 324.7&lt;/td&gt;&lt;/tr&gt;
&lt;tr&gt;&lt;td&gt;Time: 2021-02-19T17:30:41Z&lt;/td&gt;&lt;/tr&gt;
&lt;/table&gt;
</description>
        <LookAt>
          <longitude>-71.847562</longitude>
          <latitude>-13.398685</latitude>
          <tilt>66</tilt>
        </LookAt>
        <TimeStamp>
          <when>2021-02-19T17:30:41Z</when>
        </TimeStamp>
        <styleUrl>#track</styleUrl>
        <Point>
          <coordinates>-71.847562,-13.398685,3773.44</coordinates>
        </Point>
      </Placemark>
      <Placemark>
        <name>Apu Linli hike - Wikiloc-265</name>
        <snippet></snippet>
        <description>
&lt;table&gt;
&lt;tr&gt;&lt;td&gt;Longitude: -71.847611&lt;/td&gt;&lt;/tr&gt;
&lt;tr&gt;&lt;td&gt;Latitude: -13.398665&lt;/td&gt;&lt;/tr&gt;
&lt;tr&gt;&lt;td&gt;Altitude: 12384.846 ft&lt;/td&gt;&lt;/tr&gt;
&lt;tr&gt;&lt;td&gt;Speed: 1.6 mph&lt;/td&gt;&lt;/tr&gt;
&lt;tr&gt;&lt;td&gt;Heading: 292.8&lt;/td&gt;&lt;/tr&gt;
&lt;tr&gt;&lt;td&gt;Time: 2021-02-19T17:30:49Z&lt;/td&gt;&lt;/tr&gt;
&lt;/table&gt;
</description>
        <LookAt>
          <longitude>-71.847611</longitude>
          <latitude>-13.398665</latitude>
          <tilt>66</tilt>
        </LookAt>
        <TimeStamp>
          <when>2021-02-19T17:30:49Z</when>
        </TimeStamp>
        <styleUrl>#track</styleUrl>
        <Point>
          <coordinates>-71.847611,-13.398665,3774.90</coordinates>
        </Point>
      </Placemark>
      <Placemark>
        <name>Apu Linli hike - Wikiloc-266</name>
        <snippet></snippet>
        <description>
&lt;table&gt;
&lt;tr&gt;&lt;td&gt;Longitude: -71.847647&lt;/td&gt;&lt;/tr&gt;
&lt;tr&gt;&lt;td&gt;Latitude: -13.398711&lt;/td&gt;&lt;/tr&gt;
&lt;tr&gt;&lt;td&gt;Altitude: 12387.864 ft&lt;/td&gt;&lt;/tr&gt;
&lt;tr&gt;&lt;td&gt;Speed: 2.4 mph&lt;/td&gt;&lt;/tr&gt;
&lt;tr&gt;&lt;td&gt;Heading: 217.3&lt;/td&gt;&lt;/tr&gt;
&lt;tr&gt;&lt;td&gt;Time: 2021-02-19T17:30:55Z&lt;/td&gt;&lt;/tr&gt;
&lt;/table&gt;
</description>
        <LookAt>
          <longitude>-71.847647</longitude>
          <latitude>-13.398711</latitude>
          <tilt>66</tilt>
        </LookAt>
        <TimeStamp>
          <when>2021-02-19T17:30:55Z</when>
        </TimeStamp>
        <styleUrl>#track</styleUrl>
        <Point>
          <coordinates>-71.847647,-13.398711,3775.82</coordinates>
        </Point>
      </Placemark>
      <Placemark>
        <name>Apu Linli hike - Wikiloc-267</name>
        <snippet></snippet>
        <description>
&lt;table&gt;
&lt;tr&gt;&lt;td&gt;Longitude: -71.847663&lt;/td&gt;&lt;/tr&gt;
&lt;tr&gt;&lt;td&gt;Latitude: -13.398767&lt;/td&gt;&lt;/tr&gt;
&lt;tr&gt;&lt;td&gt;Altitude: 12389.790 ft&lt;/td&gt;&lt;/tr&gt;
&lt;tr&gt;&lt;td&gt;Speed: 2.4 mph&lt;/td&gt;&lt;/tr&gt;
&lt;tr&gt;&lt;td&gt;Heading: 195.5&lt;/td&gt;&lt;/tr&gt;
&lt;tr&gt;&lt;td&gt;Time: 2021-02-19T17:31:01Z&lt;/td&gt;&lt;/tr&gt;
&lt;/table&gt;
</description>
        <LookAt>
          <longitude>-71.847663</longitude>
          <latitude>-13.398767</latitude>
          <tilt>66</tilt>
        </LookAt>
        <TimeStamp>
          <when>2021-02-19T17:31:01Z</when>
        </TimeStamp>
        <styleUrl>#track</styleUrl>
        <Point>
          <coordinates>-71.847663,-13.398767,3776.41</coordinates>
        </Point>
      </Placemark>
      <Placemark>
        <name>Apu Linli hike - Wikiloc-268</name>
        <snippet></snippet>
        <description>
&lt;table&gt;
&lt;tr&gt;&lt;td&gt;Longitude: -71.847707&lt;/td&gt;&lt;/tr&gt;
&lt;tr&gt;&lt;td&gt;Latitude: -13.398788&lt;/td&gt;&lt;/tr&gt;
&lt;tr&gt;&lt;td&gt;Altitude: 12391.302 ft&lt;/td&gt;&lt;/tr&gt;
&lt;tr&gt;&lt;td&gt;Speed: 0.2 mph&lt;/td&gt;&lt;/tr&gt;
&lt;tr&gt;&lt;td&gt;Heading: 243.9&lt;/td&gt;&lt;/tr&gt;
&lt;tr&gt;&lt;td&gt;Time: 2021-02-19T17:32:11Z&lt;/td&gt;&lt;/tr&gt;
&lt;/table&gt;
</description>
        <LookAt>
          <longitude>-71.847707</longitude>
          <latitude>-13.398788</latitude>
          <tilt>66</tilt>
        </LookAt>
        <TimeStamp>
          <when>2021-02-19T17:32:11Z</when>
        </TimeStamp>
        <styleUrl>#track</styleUrl>
        <Point>
          <coordinates>-71.847707,-13.398788,3776.87</coordinates>
        </Point>
      </Placemark>
      <Placemark>
        <name>Apu Linli hike - Wikiloc-269</name>
        <snippet></snippet>
        <description>
&lt;table&gt;
&lt;tr&gt;&lt;td&gt;Longitude: -71.847688&lt;/td&gt;&lt;/tr&gt;
&lt;tr&gt;&lt;td&gt;Latitude: -13.398746&lt;/td&gt;&lt;/tr&gt;
&lt;tr&gt;&lt;td&gt;Altitude: 12393.468 ft&lt;/td&gt;&lt;/tr&gt;
&lt;tr&gt;&lt;td&gt;Speed: 0.1 mph&lt;/td&gt;&lt;/tr&gt;
&lt;tr&gt;&lt;td&gt;Heading: 23.8&lt;/td&gt;&lt;/tr&gt;
&lt;tr&gt;&lt;td&gt;Time: 2021-02-19T17:33:45Z&lt;/td&gt;&lt;/tr&gt;
&lt;/table&gt;
</description>
        <LookAt>
          <longitude>-71.847688</longitude>
          <latitude>-13.398746</latitude>
          <tilt>66</tilt>
        </LookAt>
        <TimeStamp>
          <when>2021-02-19T17:33:45Z</when>
        </TimeStamp>
        <styleUrl>#track</styleUrl>
        <Point>
          <coordinates>-71.847688,-13.398746,3777.53</coordinates>
        </Point>
      </Placemark>
      <Placemark>
        <name>Apu Linli hike - Wikiloc-270</name>
        <snippet></snippet>
        <description>
&lt;table&gt;
&lt;tr&gt;&lt;td&gt;Longitude: -71.847687&lt;/td&gt;&lt;/tr&gt;
&lt;tr&gt;&lt;td&gt;Latitude: -13.398679&lt;/td&gt;&lt;/tr&gt;
&lt;tr&gt;&lt;td&gt;Altitude: 12395.617 ft&lt;/td&gt;&lt;/tr&gt;
&lt;tr&gt;&lt;td&gt;Speed: 0.3 mph&lt;/td&gt;&lt;/tr&gt;
&lt;tr&gt;&lt;td&gt;Heading: 0.8&lt;/td&gt;&lt;/tr&gt;
&lt;tr&gt;&lt;td&gt;Time: 2021-02-19T17:34:40Z&lt;/td&gt;&lt;/tr&gt;
&lt;/table&gt;
</description>
        <LookAt>
          <longitude>-71.847687</longitude>
          <latitude>-13.398679</latitude>
          <tilt>66</tilt>
        </LookAt>
        <TimeStamp>
          <when>2021-02-19T17:34:40Z</when>
        </TimeStamp>
        <styleUrl>#track</styleUrl>
        <Point>
          <coordinates>-71.847687,-13.398679,3778.18</coordinates>
        </Point>
      </Placemark>
      <Placemark>
        <name>Apu Linli hike - Wikiloc-271</name>
        <snippet></snippet>
        <description>
&lt;table&gt;
&lt;tr&gt;&lt;td&gt;Longitude: -71.847702&lt;/td&gt;&lt;/tr&gt;
&lt;tr&gt;&lt;td&gt;Latitude: -13.398634&lt;/td&gt;&lt;/tr&gt;
&lt;tr&gt;&lt;td&gt;Altitude: 12397.093 ft&lt;/td&gt;&lt;/tr&gt;
&lt;tr&gt;&lt;td&gt;Speed: 2.9 mph&lt;/td&gt;&lt;/tr&gt;
&lt;tr&gt;&lt;td&gt;Heading: 342.0&lt;/td&gt;&lt;/tr&gt;
&lt;tr&gt;&lt;td&gt;Time: 2021-02-19T17:34:44Z&lt;/td&gt;&lt;/tr&gt;
&lt;/table&gt;
</description>
        <LookAt>
          <longitude>-71.847702</longitude>
          <latitude>-13.398634</latitude>
          <tilt>66</tilt>
        </LookAt>
        <TimeStamp>
          <when>2021-02-19T17:34:44Z</when>
        </TimeStamp>
        <styleUrl>#track</styleUrl>
        <Point>
          <coordinates>-71.847702,-13.398634,3778.63</coordinates>
        </Point>
      </Placemark>
      <Placemark>
        <name>Apu Linli hike - Wikiloc-272</name>
        <snippet></snippet>
        <description>
&lt;table&gt;
&lt;tr&gt;&lt;td&gt;Longitude: -71.847705&lt;/td&gt;&lt;/tr&gt;
&lt;tr&gt;&lt;td&gt;Latitude: -13.398588&lt;/td&gt;&lt;/tr&gt;
&lt;tr&gt;&lt;td&gt;Altitude: 12398.484 ft&lt;/td&gt;&lt;/tr&gt;
&lt;tr&gt;&lt;td&gt;Speed: 2.9 mph&lt;/td&gt;&lt;/tr&gt;
&lt;tr&gt;&lt;td&gt;Heading: 356.4&lt;/td&gt;&lt;/tr&gt;
&lt;tr&gt;&lt;td&gt;Time: 2021-02-19T17:34:48Z&lt;/td&gt;&lt;/tr&gt;
&lt;/table&gt;
</description>
        <LookAt>
          <longitude>-71.847705</longitude>
          <latitude>-13.398588</latitude>
          <tilt>66</tilt>
        </LookAt>
        <TimeStamp>
          <when>2021-02-19T17:34:48Z</when>
        </TimeStamp>
        <styleUrl>#track</styleUrl>
        <Point>
          <coordinates>-71.847705,-13.398588,3779.06</coordinates>
        </Point>
      </Placemark>
      <Placemark>
        <name>Apu Linli hike - Wikiloc-273</name>
        <snippet></snippet>
        <description>
&lt;table&gt;
&lt;tr&gt;&lt;td&gt;Longitude: -71.847710&lt;/td&gt;&lt;/tr&gt;
&lt;tr&gt;&lt;td&gt;Latitude: -13.398527&lt;/td&gt;&lt;/tr&gt;
&lt;tr&gt;&lt;td&gt;Altitude: 12400.965 ft&lt;/td&gt;&lt;/tr&gt;
&lt;tr&gt;&lt;td&gt;Speed: 1.9 mph&lt;/td&gt;&lt;/tr&gt;
&lt;tr&gt;&lt;td&gt;Heading: 355.4&lt;/td&gt;&lt;/tr&gt;
&lt;tr&gt;&lt;td&gt;Time: 2021-02-19T17:34:56Z&lt;/td&gt;&lt;/tr&gt;
&lt;/table&gt;
</description>
        <LookAt>
          <longitude>-71.84771</longitude>
          <latitude>-13.398527</latitude>
          <tilt>66</tilt>
        </LookAt>
        <TimeStamp>
          <when>2021-02-19T17:34:56Z</when>
        </TimeStamp>
        <styleUrl>#track</styleUrl>
        <Point>
          <coordinates>-71.847710,-13.398527,3779.81</coordinates>
        </Point>
      </Placemark>
      <Placemark>
        <name>Apu Linli hike - Wikiloc-274</name>
        <snippet></snippet>
        <description>
&lt;table&gt;
&lt;tr&gt;&lt;td&gt;Longitude: -71.847691&lt;/td&gt;&lt;/tr&gt;
&lt;tr&gt;&lt;td&gt;Latitude: -13.398478&lt;/td&gt;&lt;/tr&gt;
&lt;tr&gt;&lt;td&gt;Altitude: 12406.040 ft&lt;/td&gt;&lt;/tr&gt;
&lt;tr&gt;&lt;td&gt;Speed: 0.9 mph&lt;/td&gt;&lt;/tr&gt;
&lt;tr&gt;&lt;td&gt;Heading: 20.7&lt;/td&gt;&lt;/tr&gt;
&lt;tr&gt;&lt;td&gt;Time: 2021-02-19T17:35:10Z&lt;/td&gt;&lt;/tr&gt;
&lt;/table&gt;
</description>
        <LookAt>
          <longitude>-71.847691</longitude>
          <latitude>-13.398478</latitude>
          <tilt>66</tilt>
        </LookAt>
        <TimeStamp>
          <when>2021-02-19T17:35:10Z</when>
        </TimeStamp>
        <styleUrl>#track</styleUrl>
        <Point>
          <coordinates>-71.847691,-13.398478,3781.36</coordinates>
        </Point>
      </Placemark>
      <Placemark>
        <name>Apu Linli hike - Wikiloc-275</name>
        <snippet></snippet>
        <description>
&lt;table&gt;
&lt;tr&gt;&lt;td&gt;Longitude: -71.847720&lt;/td&gt;&lt;/tr&gt;
&lt;tr&gt;&lt;td&gt;Latitude: -13.398392&lt;/td&gt;&lt;/tr&gt;
&lt;tr&gt;&lt;td&gt;Altitude: 12406.893 ft&lt;/td&gt;&lt;/tr&gt;
&lt;tr&gt;&lt;td&gt;Speed: 2.3 mph&lt;/td&gt;&lt;/tr&gt;
&lt;tr&gt;&lt;td&gt;Heading: 341.8&lt;/td&gt;&lt;/tr&gt;
&lt;tr&gt;&lt;td&gt;Time: 2021-02-19T17:35:20Z&lt;/td&gt;&lt;/tr&gt;
&lt;/table&gt;
</description>
        <LookAt>
          <longitude>-71.84772</longitude>
          <latitude>-13.398392</latitude>
          <tilt>66</tilt>
        </LookAt>
        <TimeStamp>
          <when>2021-02-19T17:35:20Z</when>
        </TimeStamp>
        <styleUrl>#track</styleUrl>
        <Point>
          <coordinates>-71.847720,-13.398392,3781.62</coordinates>
        </Point>
      </Placemark>
      <Placemark>
        <name>Apu Linli hike - Wikiloc-276</name>
        <snippet></snippet>
        <description>
&lt;table&gt;
&lt;tr&gt;&lt;td&gt;Longitude: -71.847750&lt;/td&gt;&lt;/tr&gt;
&lt;tr&gt;&lt;td&gt;Latitude: -13.398345&lt;/td&gt;&lt;/tr&gt;
&lt;tr&gt;&lt;td&gt;Altitude: 12409.173 ft&lt;/td&gt;&lt;/tr&gt;
&lt;tr&gt;&lt;td&gt;Speed: 6.9 mph&lt;/td&gt;&lt;/tr&gt;
&lt;tr&gt;&lt;td&gt;Heading: 328.2&lt;/td&gt;&lt;/tr&gt;
&lt;tr&gt;&lt;td&gt;Time: 2021-02-19T17:35:22Z&lt;/td&gt;&lt;/tr&gt;
&lt;/table&gt;
</description>
        <LookAt>
          <longitude>-71.84775</longitude>
          <latitude>-13.398345</latitude>
          <tilt>66</tilt>
        </LookAt>
        <TimeStamp>
          <when>2021-02-19T17:35:22Z</when>
        </TimeStamp>
        <styleUrl>#track</styleUrl>
        <Point>
          <coordinates>-71.847750,-13.398345,3782.32</coordinates>
        </Point>
      </Placemark>
      <Placemark>
        <name>Apu Linli hike - Wikiloc-277</name>
        <snippet></snippet>
        <description>
&lt;table&gt;
&lt;tr&gt;&lt;td&gt;Longitude: -71.847770&lt;/td&gt;&lt;/tr&gt;
&lt;tr&gt;&lt;td&gt;Latitude: -13.398279&lt;/td&gt;&lt;/tr&gt;
&lt;tr&gt;&lt;td&gt;Altitude: 12413.635 ft&lt;/td&gt;&lt;/tr&gt;
&lt;tr&gt;&lt;td&gt;Speed: 4.3 mph&lt;/td&gt;&lt;/tr&gt;
&lt;tr&gt;&lt;td&gt;Heading: 343.6&lt;/td&gt;&lt;/tr&gt;
&lt;tr&gt;&lt;td&gt;Time: 2021-02-19T17:35:26Z&lt;/td&gt;&lt;/tr&gt;
&lt;/table&gt;
</description>
        <LookAt>
          <longitude>-71.84777</longitude>
          <latitude>-13.398279</latitude>
          <tilt>66</tilt>
        </LookAt>
        <TimeStamp>
          <when>2021-02-19T17:35:26Z</when>
        </TimeStamp>
        <styleUrl>#track</styleUrl>
        <Point>
          <coordinates>-71.847770,-13.398279,3783.68</coordinates>
        </Point>
      </Placemark>
      <Placemark>
        <name>Apu Linli hike - Wikiloc-278</name>
        <snippet></snippet>
        <description>
&lt;table&gt;
&lt;tr&gt;&lt;td&gt;Longitude: -71.847779&lt;/td&gt;&lt;/tr&gt;
&lt;tr&gt;&lt;td&gt;Latitude: -13.398231&lt;/td&gt;&lt;/tr&gt;
&lt;tr&gt;&lt;td&gt;Altitude: 12415.397 ft&lt;/td&gt;&lt;/tr&gt;
&lt;tr&gt;&lt;td&gt;Speed: 3.0 mph&lt;/td&gt;&lt;/tr&gt;
&lt;tr&gt;&lt;td&gt;Heading: 349.7&lt;/td&gt;&lt;/tr&gt;
&lt;tr&gt;&lt;td&gt;Time: 2021-02-19T17:35:30Z&lt;/td&gt;&lt;/tr&gt;
&lt;/table&gt;
</description>
        <LookAt>
          <longitude>-71.847779</longitude>
          <latitude>-13.398231</latitude>
          <tilt>66</tilt>
        </LookAt>
        <TimeStamp>
          <when>2021-02-19T17:35:30Z</when>
        </TimeStamp>
        <styleUrl>#track</styleUrl>
        <Point>
          <coordinates>-71.847779,-13.398231,3784.21</coordinates>
        </Point>
      </Placemark>
      <Placemark>
        <name>Apu Linli hike - Wikiloc-279</name>
        <snippet></snippet>
        <description>
&lt;table&gt;
&lt;tr&gt;&lt;td&gt;Longitude: -71.847787&lt;/td&gt;&lt;/tr&gt;
&lt;tr&gt;&lt;td&gt;Latitude: -13.398185&lt;/td&gt;&lt;/tr&gt;
&lt;tr&gt;&lt;td&gt;Altitude: 12416.365 ft&lt;/td&gt;&lt;/tr&gt;
&lt;tr&gt;&lt;td&gt;Speed: 2.9 mph&lt;/td&gt;&lt;/tr&gt;
&lt;tr&gt;&lt;td&gt;Heading: 350.4&lt;/td&gt;&lt;/tr&gt;
&lt;tr&gt;&lt;td&gt;Time: 2021-02-19T17:35:34Z&lt;/td&gt;&lt;/tr&gt;
&lt;/table&gt;
</description>
        <LookAt>
          <longitude>-71.847787</longitude>
          <latitude>-13.398185</latitude>
          <tilt>66</tilt>
        </LookAt>
        <TimeStamp>
          <when>2021-02-19T17:35:34Z</when>
        </TimeStamp>
        <styleUrl>#track</styleUrl>
        <Point>
          <coordinates>-71.847787,-13.398185,3784.51</coordinates>
        </Point>
      </Placemark>
      <Placemark>
        <name>Apu Linli hike - Wikiloc-280</name>
        <snippet></snippet>
        <description>
&lt;table&gt;
&lt;tr&gt;&lt;td&gt;Longitude: -71.847798&lt;/td&gt;&lt;/tr&gt;
&lt;tr&gt;&lt;td&gt;Latitude: -13.398127&lt;/td&gt;&lt;/tr&gt;
&lt;tr&gt;&lt;td&gt;Altitude: 12418.166 ft&lt;/td&gt;&lt;/tr&gt;
&lt;tr&gt;&lt;td&gt;Speed: 2.4 mph&lt;/td&gt;&lt;/tr&gt;
&lt;tr&gt;&lt;td&gt;Heading: 349.5&lt;/td&gt;&lt;/tr&gt;
&lt;tr&gt;&lt;td&gt;Time: 2021-02-19T17:35:40Z&lt;/td&gt;&lt;/tr&gt;
&lt;/table&gt;
</description>
        <LookAt>
          <longitude>-71.847798</longitude>
          <latitude>-13.398127</latitude>
          <tilt>66</tilt>
        </LookAt>
        <TimeStamp>
          <when>2021-02-19T17:35:40Z</when>
        </TimeStamp>
        <styleUrl>#track</styleUrl>
        <Point>
          <coordinates>-71.847798,-13.398127,3785.06</coordinates>
        </Point>
      </Placemark>
      <Placemark>
        <name>Apu Linli hike - Wikiloc-281</name>
        <snippet></snippet>
        <description>
&lt;table&gt;
&lt;tr&gt;&lt;td&gt;Longitude: -71.847815&lt;/td&gt;&lt;/tr&gt;
&lt;tr&gt;&lt;td&gt;Latitude: -13.398075&lt;/td&gt;&lt;/tr&gt;
&lt;tr&gt;&lt;td&gt;Altitude: 12422.103 ft&lt;/td&gt;&lt;/tr&gt;
&lt;tr&gt;&lt;td&gt;Speed: 2.3 mph&lt;/td&gt;&lt;/tr&gt;
&lt;tr&gt;&lt;td&gt;Heading: 342.4&lt;/td&gt;&lt;/tr&gt;
&lt;tr&gt;&lt;td&gt;Time: 2021-02-19T17:35:46Z&lt;/td&gt;&lt;/tr&gt;
&lt;/table&gt;
</description>
        <LookAt>
          <longitude>-71.847815</longitude>
          <latitude>-13.398075</latitude>
          <tilt>66</tilt>
        </LookAt>
        <TimeStamp>
          <when>2021-02-19T17:35:46Z</when>
        </TimeStamp>
        <styleUrl>#track</styleUrl>
        <Point>
          <coordinates>-71.847815,-13.398075,3786.26</coordinates>
        </Point>
      </Placemark>
      <Placemark>
        <name>Apu Linli hike - Wikiloc-282</name>
        <snippet></snippet>
        <description>
&lt;table&gt;
&lt;tr&gt;&lt;td&gt;Longitude: -71.847816&lt;/td&gt;&lt;/tr&gt;
&lt;tr&gt;&lt;td&gt;Latitude: -13.398028&lt;/td&gt;&lt;/tr&gt;
&lt;tr&gt;&lt;td&gt;Altitude: 12425.892 ft&lt;/td&gt;&lt;/tr&gt;
&lt;tr&gt;&lt;td&gt;Speed: 2.0 mph&lt;/td&gt;&lt;/tr&gt;
&lt;tr&gt;&lt;td&gt;Heading: 358.8&lt;/td&gt;&lt;/tr&gt;
&lt;tr&gt;&lt;td&gt;Time: 2021-02-19T17:35:52Z&lt;/td&gt;&lt;/tr&gt;
&lt;/table&gt;
</description>
        <LookAt>
          <longitude>-71.847816</longitude>
          <latitude>-13.398028</latitude>
          <tilt>66</tilt>
        </LookAt>
        <TimeStamp>
          <when>2021-02-19T17:35:52Z</when>
        </TimeStamp>
        <styleUrl>#track</styleUrl>
        <Point>
          <coordinates>-71.847816,-13.398028,3787.41</coordinates>
        </Point>
      </Placemark>
      <Placemark>
        <name>Apu Linli hike - Wikiloc-283</name>
        <snippet></snippet>
        <description>
&lt;table&gt;
&lt;tr&gt;&lt;td&gt;Longitude: -71.847809&lt;/td&gt;&lt;/tr&gt;
&lt;tr&gt;&lt;td&gt;Latitude: -13.397968&lt;/td&gt;&lt;/tr&gt;
&lt;tr&gt;&lt;td&gt;Altitude: 12429.895 ft&lt;/td&gt;&lt;/tr&gt;
&lt;tr&gt;&lt;td&gt;Speed: 2.5 mph&lt;/td&gt;&lt;/tr&gt;
&lt;tr&gt;&lt;td&gt;Heading: 6.5&lt;/td&gt;&lt;/tr&gt;
&lt;tr&gt;&lt;td&gt;Time: 2021-02-19T17:35:58Z&lt;/td&gt;&lt;/tr&gt;
&lt;/table&gt;
</description>
        <LookAt>
          <longitude>-71.847809</longitude>
          <latitude>-13.397968</latitude>
          <tilt>66</tilt>
        </LookAt>
        <TimeStamp>
          <when>2021-02-19T17:35:58Z</when>
        </TimeStamp>
        <styleUrl>#track</styleUrl>
        <Point>
          <coordinates>-71.847809,-13.397968,3788.63</coordinates>
        </Point>
      </Placemark>
      <Placemark>
        <name>Apu Linli hike - Wikiloc-284</name>
        <snippet></snippet>
        <description>
&lt;table&gt;
&lt;tr&gt;&lt;td&gt;Longitude: -71.847810&lt;/td&gt;&lt;/tr&gt;
&lt;tr&gt;&lt;td&gt;Latitude: -13.397922&lt;/td&gt;&lt;/tr&gt;
&lt;tr&gt;&lt;td&gt;Altitude: 12433.353 ft&lt;/td&gt;&lt;/tr&gt;
&lt;tr&gt;&lt;td&gt;Speed: 2.9 mph&lt;/td&gt;&lt;/tr&gt;
&lt;tr&gt;&lt;td&gt;Heading: 358.8&lt;/td&gt;&lt;/tr&gt;
&lt;tr&gt;&lt;td&gt;Time: 2021-02-19T17:36:02Z&lt;/td&gt;&lt;/tr&gt;
&lt;/table&gt;
</description>
        <LookAt>
          <longitude>-71.84781</longitude>
          <latitude>-13.397922</latitude>
          <tilt>66</tilt>
        </LookAt>
        <TimeStamp>
          <when>2021-02-19T17:36:02Z</when>
        </TimeStamp>
        <styleUrl>#track</styleUrl>
        <Point>
          <coordinates>-71.847810,-13.397922,3789.69</coordinates>
        </Point>
      </Placemark>
      <Placemark>
        <name>Apu Linli hike - Wikiloc-285</name>
        <snippet></snippet>
        <description>
&lt;table&gt;
&lt;tr&gt;&lt;td&gt;Longitude: -71.847814&lt;/td&gt;&lt;/tr&gt;
&lt;tr&gt;&lt;td&gt;Latitude: -13.397875&lt;/td&gt;&lt;/tr&gt;
&lt;tr&gt;&lt;td&gt;Altitude: 12436.457 ft&lt;/td&gt;&lt;/tr&gt;
&lt;tr&gt;&lt;td&gt;Speed: 2.9 mph&lt;/td&gt;&lt;/tr&gt;
&lt;tr&gt;&lt;td&gt;Heading: 355.3&lt;/td&gt;&lt;/tr&gt;
&lt;tr&gt;&lt;td&gt;Time: 2021-02-19T17:36:06Z&lt;/td&gt;&lt;/tr&gt;
&lt;/table&gt;
</description>
        <LookAt>
          <longitude>-71.847814</longitude>
          <latitude>-13.397875</latitude>
          <tilt>66</tilt>
        </LookAt>
        <TimeStamp>
          <when>2021-02-19T17:36:06Z</when>
        </TimeStamp>
        <styleUrl>#track</styleUrl>
        <Point>
          <coordinates>-71.847814,-13.397875,3790.63</coordinates>
        </Point>
      </Placemark>
      <Placemark>
        <name>Apu Linli hike - Wikiloc-286</name>
        <snippet></snippet>
        <description>
&lt;table&gt;
&lt;tr&gt;&lt;td&gt;Longitude: -71.847824&lt;/td&gt;&lt;/tr&gt;
&lt;tr&gt;&lt;td&gt;Latitude: -13.397813&lt;/td&gt;&lt;/tr&gt;
&lt;tr&gt;&lt;td&gt;Altitude: 12440.843 ft&lt;/td&gt;&lt;/tr&gt;
&lt;tr&gt;&lt;td&gt;Speed: 2.6 mph&lt;/td&gt;&lt;/tr&gt;
&lt;tr&gt;&lt;td&gt;Heading: 351.1&lt;/td&gt;&lt;/tr&gt;
&lt;tr&gt;&lt;td&gt;Time: 2021-02-19T17:36:12Z&lt;/td&gt;&lt;/tr&gt;
&lt;/table&gt;
</description>
        <LookAt>
          <longitude>-71.847824</longitude>
          <latitude>-13.397813</latitude>
          <tilt>66</tilt>
        </LookAt>
        <TimeStamp>
          <when>2021-02-19T17:36:12Z</when>
        </TimeStamp>
        <styleUrl>#track</styleUrl>
        <Point>
          <coordinates>-71.847824,-13.397813,3791.97</coordinates>
        </Point>
      </Placemark>
      <Placemark>
        <name>Apu Linli hike - Wikiloc-287</name>
        <snippet></snippet>
        <description>
&lt;table&gt;
&lt;tr&gt;&lt;td&gt;Longitude: -71.847822&lt;/td&gt;&lt;/tr&gt;
&lt;tr&gt;&lt;td&gt;Latitude: -13.397757&lt;/td&gt;&lt;/tr&gt;
&lt;tr&gt;&lt;td&gt;Altitude: 12444.551 ft&lt;/td&gt;&lt;/tr&gt;
&lt;tr&gt;&lt;td&gt;Speed: 1.7 mph&lt;/td&gt;&lt;/tr&gt;
&lt;tr&gt;&lt;td&gt;Heading: 2.0&lt;/td&gt;&lt;/tr&gt;
&lt;tr&gt;&lt;td&gt;Time: 2021-02-19T17:36:20Z&lt;/td&gt;&lt;/tr&gt;
&lt;/table&gt;
</description>
        <LookAt>
          <longitude>-71.847822</longitude>
          <latitude>-13.397757</latitude>
          <tilt>66</tilt>
        </LookAt>
        <TimeStamp>
          <when>2021-02-19T17:36:20Z</when>
        </TimeStamp>
        <styleUrl>#track</styleUrl>
        <Point>
          <coordinates>-71.847822,-13.397757,3793.10</coordinates>
        </Point>
      </Placemark>
      <Placemark>
        <name>Apu Linli hike - Wikiloc-288</name>
        <snippet></snippet>
        <description>
&lt;table&gt;
&lt;tr&gt;&lt;td&gt;Longitude: -71.847830&lt;/td&gt;&lt;/tr&gt;
&lt;tr&gt;&lt;td&gt;Latitude: -13.397697&lt;/td&gt;&lt;/tr&gt;
&lt;tr&gt;&lt;td&gt;Altitude: 12449.521 ft&lt;/td&gt;&lt;/tr&gt;
&lt;tr&gt;&lt;td&gt;Speed: 2.5 mph&lt;/td&gt;&lt;/tr&gt;
&lt;tr&gt;&lt;td&gt;Heading: 352.6&lt;/td&gt;&lt;/tr&gt;
&lt;tr&gt;&lt;td&gt;Time: 2021-02-19T17:36:26Z&lt;/td&gt;&lt;/tr&gt;
&lt;/table&gt;
</description>
        <LookAt>
          <longitude>-71.84783</longitude>
          <latitude>-13.397697</latitude>
          <tilt>66</tilt>
        </LookAt>
        <TimeStamp>
          <when>2021-02-19T17:36:26Z</when>
        </TimeStamp>
        <styleUrl>#track</styleUrl>
        <Point>
          <coordinates>-71.847830,-13.397697,3794.61</coordinates>
        </Point>
      </Placemark>
      <Placemark>
        <name>Apu Linli hike - Wikiloc-289</name>
        <snippet></snippet>
        <description>
&lt;table&gt;
&lt;tr&gt;&lt;td&gt;Longitude: -71.847853&lt;/td&gt;&lt;/tr&gt;
&lt;tr&gt;&lt;td&gt;Latitude: -13.397656&lt;/td&gt;&lt;/tr&gt;
&lt;tr&gt;&lt;td&gt;Altitude: 12452.933 ft&lt;/td&gt;&lt;/tr&gt;
&lt;tr&gt;&lt;td&gt;Speed: 2.9 mph&lt;/td&gt;&lt;/tr&gt;
&lt;tr&gt;&lt;td&gt;Heading: 331.4&lt;/td&gt;&lt;/tr&gt;
&lt;tr&gt;&lt;td&gt;Time: 2021-02-19T17:36:30Z&lt;/td&gt;&lt;/tr&gt;
&lt;/table&gt;
</description>
        <LookAt>
          <longitude>-71.847853</longitude>
          <latitude>-13.397656</latitude>
          <tilt>66</tilt>
        </LookAt>
        <TimeStamp>
          <when>2021-02-19T17:36:30Z</when>
        </TimeStamp>
        <styleUrl>#track</styleUrl>
        <Point>
          <coordinates>-71.847853,-13.397656,3795.65</coordinates>
        </Point>
      </Placemark>
      <Placemark>
        <name>Apu Linli hike - Wikiloc-290</name>
        <snippet></snippet>
        <description>
&lt;table&gt;
&lt;tr&gt;&lt;td&gt;Longitude: -71.847863&lt;/td&gt;&lt;/tr&gt;
&lt;tr&gt;&lt;td&gt;Latitude: -13.397607&lt;/td&gt;&lt;/tr&gt;
&lt;tr&gt;&lt;td&gt;Altitude: 12456.066 ft&lt;/td&gt;&lt;/tr&gt;
&lt;tr&gt;&lt;td&gt;Speed: 2.1 mph&lt;/td&gt;&lt;/tr&gt;
&lt;tr&gt;&lt;td&gt;Heading: 348.8&lt;/td&gt;&lt;/tr&gt;
&lt;tr&gt;&lt;td&gt;Time: 2021-02-19T17:36:36Z&lt;/td&gt;&lt;/tr&gt;
&lt;/table&gt;
</description>
        <LookAt>
          <longitude>-71.847863</longitude>
          <latitude>-13.397607</latitude>
          <tilt>66</tilt>
        </LookAt>
        <TimeStamp>
          <when>2021-02-19T17:36:36Z</when>
        </TimeStamp>
        <styleUrl>#track</styleUrl>
        <Point>
          <coordinates>-71.847863,-13.397607,3796.61</coordinates>
        </Point>
      </Placemark>
      <Placemark>
        <name>Apu Linli hike - Wikiloc-291</name>
        <snippet></snippet>
        <description>
&lt;table&gt;
&lt;tr&gt;&lt;td&gt;Longitude: -71.847865&lt;/td&gt;&lt;/tr&gt;
&lt;tr&gt;&lt;td&gt;Latitude: -13.397553&lt;/td&gt;&lt;/tr&gt;
&lt;tr&gt;&lt;td&gt;Altitude: 12459.344 ft&lt;/td&gt;&lt;/tr&gt;
&lt;tr&gt;&lt;td&gt;Speed: 2.2 mph&lt;/td&gt;&lt;/tr&gt;
&lt;tr&gt;&lt;td&gt;Heading: 357.9&lt;/td&gt;&lt;/tr&gt;
&lt;tr&gt;&lt;td&gt;Time: 2021-02-19T17:36:42Z&lt;/td&gt;&lt;/tr&gt;
&lt;/table&gt;
</description>
        <LookAt>
          <longitude>-71.847865</longitude>
          <latitude>-13.397553</latitude>
          <tilt>66</tilt>
        </LookAt>
        <TimeStamp>
          <when>2021-02-19T17:36:42Z</when>
        </TimeStamp>
        <styleUrl>#track</styleUrl>
        <Point>
          <coordinates>-71.847865,-13.397553,3797.61</coordinates>
        </Point>
      </Placemark>
      <Placemark>
        <name>Apu Linli hike - Wikiloc-292</name>
        <snippet></snippet>
        <description>
&lt;table&gt;
&lt;tr&gt;&lt;td&gt;Longitude: -71.847832&lt;/td&gt;&lt;/tr&gt;
&lt;tr&gt;&lt;td&gt;Latitude: -13.397501&lt;/td&gt;&lt;/tr&gt;
&lt;tr&gt;&lt;td&gt;Altitude: 12463.901 ft&lt;/td&gt;&lt;/tr&gt;
&lt;tr&gt;&lt;td&gt;Speed: 2.5 mph&lt;/td&gt;&lt;/tr&gt;
&lt;tr&gt;&lt;td&gt;Heading: 31.7&lt;/td&gt;&lt;/tr&gt;
&lt;tr&gt;&lt;td&gt;Time: 2021-02-19T17:36:48Z&lt;/td&gt;&lt;/tr&gt;
&lt;/table&gt;
</description>
        <LookAt>
          <longitude>-71.847832</longitude>
          <latitude>-13.397501</latitude>
          <tilt>66</tilt>
        </LookAt>
        <TimeStamp>
          <when>2021-02-19T17:36:48Z</when>
        </TimeStamp>
        <styleUrl>#track</styleUrl>
        <Point>
          <coordinates>-71.847832,-13.397501,3799.00</coordinates>
        </Point>
      </Placemark>
      <Placemark>
        <name>Apu Linli hike - Wikiloc-293</name>
        <snippet></snippet>
        <description>
&lt;table&gt;
&lt;tr&gt;&lt;td&gt;Longitude: -71.847837&lt;/td&gt;&lt;/tr&gt;
&lt;tr&gt;&lt;td&gt;Latitude: -13.397441&lt;/td&gt;&lt;/tr&gt;
&lt;tr&gt;&lt;td&gt;Altitude: 12469.281 ft&lt;/td&gt;&lt;/tr&gt;
&lt;tr&gt;&lt;td&gt;Speed: 2.5 mph&lt;/td&gt;&lt;/tr&gt;
&lt;tr&gt;&lt;td&gt;Heading: 355.4&lt;/td&gt;&lt;/tr&gt;
&lt;tr&gt;&lt;td&gt;Time: 2021-02-19T17:36:54Z&lt;/td&gt;&lt;/tr&gt;
&lt;/table&gt;
</description>
        <LookAt>
          <longitude>-71.847837</longitude>
          <latitude>-13.397441</latitude>
          <tilt>66</tilt>
        </LookAt>
        <TimeStamp>
          <when>2021-02-19T17:36:54Z</when>
        </TimeStamp>
        <styleUrl>#track</styleUrl>
        <Point>
          <coordinates>-71.847837,-13.397441,3800.64</coordinates>
        </Point>
      </Placemark>
      <Placemark>
        <name>Apu Linli hike - Wikiloc-294</name>
        <snippet></snippet>
        <description>
&lt;table&gt;
&lt;tr&gt;&lt;td&gt;Longitude: -71.847862&lt;/td&gt;&lt;/tr&gt;
&lt;tr&gt;&lt;td&gt;Latitude: -13.397386&lt;/td&gt;&lt;/tr&gt;
&lt;tr&gt;&lt;td&gt;Altitude: 12470.774 ft&lt;/td&gt;&lt;/tr&gt;
&lt;tr&gt;&lt;td&gt;Speed: 2.5 mph&lt;/td&gt;&lt;/tr&gt;
&lt;tr&gt;&lt;td&gt;Heading: 336.1&lt;/td&gt;&lt;/tr&gt;
&lt;tr&gt;&lt;td&gt;Time: 2021-02-19T17:37:00Z&lt;/td&gt;&lt;/tr&gt;
&lt;/table&gt;
</description>
        <LookAt>
          <longitude>-71.847862</longitude>
          <latitude>-13.397386</latitude>
          <tilt>66</tilt>
        </LookAt>
        <TimeStamp>
          <when>2021-02-19T17:37:00Z</when>
        </TimeStamp>
        <styleUrl>#track</styleUrl>
        <Point>
          <coordinates>-71.847862,-13.397386,3801.09</coordinates>
        </Point>
      </Placemark>
      <Placemark>
        <name>Apu Linli hike - Wikiloc-295</name>
        <snippet></snippet>
        <description>
&lt;table&gt;
&lt;tr&gt;&lt;td&gt;Longitude: -71.847859&lt;/td&gt;&lt;/tr&gt;
&lt;tr&gt;&lt;td&gt;Latitude: -13.397329&lt;/td&gt;&lt;/tr&gt;
&lt;tr&gt;&lt;td&gt;Altitude: 12472.710 ft&lt;/td&gt;&lt;/tr&gt;
&lt;tr&gt;&lt;td&gt;Speed: 0.5 mph&lt;/td&gt;&lt;/tr&gt;
&lt;tr&gt;&lt;td&gt;Heading: 2.9&lt;/td&gt;&lt;/tr&gt;
&lt;tr&gt;&lt;td&gt;Time: 2021-02-19T17:37:28Z&lt;/td&gt;&lt;/tr&gt;
&lt;/table&gt;
</description>
        <LookAt>
          <longitude>-71.847859</longitude>
          <latitude>-13.397329</latitude>
          <tilt>66</tilt>
        </LookAt>
        <TimeStamp>
          <when>2021-02-19T17:37:28Z</when>
        </TimeStamp>
        <styleUrl>#track</styleUrl>
        <Point>
          <coordinates>-71.847859,-13.397329,3801.68</coordinates>
        </Point>
      </Placemark>
      <Placemark>
        <name>Apu Linli hike - Wikiloc-296</name>
        <snippet></snippet>
        <description>
&lt;table&gt;
&lt;tr&gt;&lt;td&gt;Longitude: -71.847855&lt;/td&gt;&lt;/tr&gt;
&lt;tr&gt;&lt;td&gt;Latitude: -13.397283&lt;/td&gt;&lt;/tr&gt;
&lt;tr&gt;&lt;td&gt;Altitude: 12475.151 ft&lt;/td&gt;&lt;/tr&gt;
&lt;tr&gt;&lt;td&gt;Speed: 1.9 mph&lt;/td&gt;&lt;/tr&gt;
&lt;tr&gt;&lt;td&gt;Heading: 4.8&lt;/td&gt;&lt;/tr&gt;
&lt;tr&gt;&lt;td&gt;Time: 2021-02-19T17:37:34Z&lt;/td&gt;&lt;/tr&gt;
&lt;/table&gt;
</description>
        <LookAt>
          <longitude>-71.847855</longitude>
          <latitude>-13.397283</latitude>
          <tilt>66</tilt>
        </LookAt>
        <TimeStamp>
          <when>2021-02-19T17:37:34Z</when>
        </TimeStamp>
        <styleUrl>#track</styleUrl>
        <Point>
          <coordinates>-71.847855,-13.397283,3802.43</coordinates>
        </Point>
      </Placemark>
      <Placemark>
        <name>Apu Linli hike - Wikiloc-297</name>
        <snippet></snippet>
        <description>
&lt;table&gt;
&lt;tr&gt;&lt;td&gt;Longitude: -71.847861&lt;/td&gt;&lt;/tr&gt;
&lt;tr&gt;&lt;td&gt;Latitude: -13.397233&lt;/td&gt;&lt;/tr&gt;
&lt;tr&gt;&lt;td&gt;Altitude: 12477.730 ft&lt;/td&gt;&lt;/tr&gt;
&lt;tr&gt;&lt;td&gt;Speed: 2.5 mph&lt;/td&gt;&lt;/tr&gt;
&lt;tr&gt;&lt;td&gt;Heading: 353.3&lt;/td&gt;&lt;/tr&gt;
&lt;tr&gt;&lt;td&gt;Time: 2021-02-19T17:37:39Z&lt;/td&gt;&lt;/tr&gt;
&lt;/table&gt;
</description>
        <LookAt>
          <longitude>-71.847861</longitude>
          <latitude>-13.397233</latitude>
          <tilt>66</tilt>
        </LookAt>
        <TimeStamp>
          <when>2021-02-19T17:37:39Z</when>
        </TimeStamp>
        <styleUrl>#track</styleUrl>
        <Point>
          <coordinates>-71.847861,-13.397233,3803.21</coordinates>
        </Point>
      </Placemark>
      <Placemark>
        <name>Apu Linli hike - Wikiloc-298</name>
        <snippet></snippet>
        <description>
&lt;table&gt;
&lt;tr&gt;&lt;td&gt;Longitude: -71.847862&lt;/td&gt;&lt;/tr&gt;
&lt;tr&gt;&lt;td&gt;Latitude: -13.397186&lt;/td&gt;&lt;/tr&gt;
&lt;tr&gt;&lt;td&gt;Altitude: 12480.607 ft&lt;/td&gt;&lt;/tr&gt;
&lt;tr&gt;&lt;td&gt;Speed: 2.3 mph&lt;/td&gt;&lt;/tr&gt;
&lt;tr&gt;&lt;td&gt;Heading: 358.8&lt;/td&gt;&lt;/tr&gt;
&lt;tr&gt;&lt;td&gt;Time: 2021-02-19T17:37:44Z&lt;/td&gt;&lt;/tr&gt;
&lt;/table&gt;
</description>
        <LookAt>
          <longitude>-71.847862</longitude>
          <latitude>-13.397186</latitude>
          <tilt>66</tilt>
        </LookAt>
        <TimeStamp>
          <when>2021-02-19T17:37:44Z</when>
        </TimeStamp>
        <styleUrl>#track</styleUrl>
        <Point>
          <coordinates>-71.847862,-13.397186,3804.09</coordinates>
        </Point>
      </Placemark>
      <Placemark>
        <name>Apu Linli hike - Wikiloc-299</name>
        <snippet></snippet>
        <description>
&lt;table&gt;
&lt;tr&gt;&lt;td&gt;Longitude: -71.847865&lt;/td&gt;&lt;/tr&gt;
&lt;tr&gt;&lt;td&gt;Latitude: -13.397138&lt;/td&gt;&lt;/tr&gt;
&lt;tr&gt;&lt;td&gt;Altitude: 12483.757 ft&lt;/td&gt;&lt;/tr&gt;
&lt;tr&gt;&lt;td&gt;Speed: 2.0 mph&lt;/td&gt;&lt;/tr&gt;
&lt;tr&gt;&lt;td&gt;Heading: 356.5&lt;/td&gt;&lt;/tr&gt;
&lt;tr&gt;&lt;td&gt;Time: 2021-02-19T17:37:50Z&lt;/td&gt;&lt;/tr&gt;
&lt;/table&gt;
</description>
        <LookAt>
          <longitude>-71.847865</longitude>
          <latitude>-13.397138</latitude>
          <tilt>66</tilt>
        </LookAt>
        <TimeStamp>
          <when>2021-02-19T17:37:50Z</when>
        </TimeStamp>
        <styleUrl>#track</styleUrl>
        <Point>
          <coordinates>-71.847865,-13.397138,3805.05</coordinates>
        </Point>
      </Placemark>
      <Placemark>
        <name>Apu Linli hike - Wikiloc-300</name>
        <snippet></snippet>
        <description>
&lt;table&gt;
&lt;tr&gt;&lt;td&gt;Longitude: -71.847875&lt;/td&gt;&lt;/tr&gt;
&lt;tr&gt;&lt;td&gt;Latitude: -13.397091&lt;/td&gt;&lt;/tr&gt;
&lt;tr&gt;&lt;td&gt;Altitude: 12489.413 ft&lt;/td&gt;&lt;/tr&gt;
&lt;tr&gt;&lt;td&gt;Speed: 2.0 mph&lt;/td&gt;&lt;/tr&gt;
&lt;tr&gt;&lt;td&gt;Heading: 348.3&lt;/td&gt;&lt;/tr&gt;
&lt;tr&gt;&lt;td&gt;Time: 2021-02-19T17:37:56Z&lt;/td&gt;&lt;/tr&gt;
&lt;/table&gt;
</description>
        <LookAt>
          <longitude>-71.847875</longitude>
          <latitude>-13.397091</latitude>
          <tilt>66</tilt>
        </LookAt>
        <TimeStamp>
          <when>2021-02-19T17:37:56Z</when>
        </TimeStamp>
        <styleUrl>#track</styleUrl>
        <Point>
          <coordinates>-71.847875,-13.397091,3806.77</coordinates>
        </Point>
      </Placemark>
      <Placemark>
        <name>Apu Linli hike - Wikiloc-301</name>
        <snippet></snippet>
        <description>
&lt;table&gt;
&lt;tr&gt;&lt;td&gt;Longitude: -71.847878&lt;/td&gt;&lt;/tr&gt;
&lt;tr&gt;&lt;td&gt;Latitude: -13.397044&lt;/td&gt;&lt;/tr&gt;
&lt;tr&gt;&lt;td&gt;Altitude: 12494.045 ft&lt;/td&gt;&lt;/tr&gt;
&lt;tr&gt;&lt;td&gt;Speed: 1.7 mph&lt;/td&gt;&lt;/tr&gt;
&lt;tr&gt;&lt;td&gt;Heading: 356.4&lt;/td&gt;&lt;/tr&gt;
&lt;tr&gt;&lt;td&gt;Time: 2021-02-19T17:38:03Z&lt;/td&gt;&lt;/tr&gt;
&lt;/table&gt;
</description>
        <LookAt>
          <longitude>-71.847878</longitude>
          <latitude>-13.397044</latitude>
          <tilt>66</tilt>
        </LookAt>
        <TimeStamp>
          <when>2021-02-19T17:38:03Z</when>
        </TimeStamp>
        <styleUrl>#track</styleUrl>
        <Point>
          <coordinates>-71.847878,-13.397044,3808.18</coordinates>
        </Point>
      </Placemark>
      <Placemark>
        <name>Apu Linli hike - Wikiloc-302</name>
        <snippet></snippet>
        <description>
&lt;table&gt;
&lt;tr&gt;&lt;td&gt;Longitude: -71.847890&lt;/td&gt;&lt;/tr&gt;
&lt;tr&gt;&lt;td&gt;Latitude: -13.396995&lt;/td&gt;&lt;/tr&gt;
&lt;tr&gt;&lt;td&gt;Altitude: 12499.058 ft&lt;/td&gt;&lt;/tr&gt;
&lt;tr&gt;&lt;td&gt;Speed: 2.5 mph&lt;/td&gt;&lt;/tr&gt;
&lt;tr&gt;&lt;td&gt;Heading: 346.6&lt;/td&gt;&lt;/tr&gt;
&lt;tr&gt;&lt;td&gt;Time: 2021-02-19T17:38:08Z&lt;/td&gt;&lt;/tr&gt;
&lt;/table&gt;
</description>
        <LookAt>
          <longitude>-71.84789</longitude>
          <latitude>-13.396995</latitude>
          <tilt>66</tilt>
        </LookAt>
        <TimeStamp>
          <when>2021-02-19T17:38:08Z</when>
        </TimeStamp>
        <styleUrl>#track</styleUrl>
        <Point>
          <coordinates>-71.847890,-13.396995,3809.71</coordinates>
        </Point>
      </Placemark>
      <Placemark>
        <name>Apu Linli hike - Wikiloc-303</name>
        <snippet></snippet>
        <description>
&lt;table&gt;
&lt;tr&gt;&lt;td&gt;Longitude: -71.847898&lt;/td&gt;&lt;/tr&gt;
&lt;tr&gt;&lt;td&gt;Latitude: -13.396948&lt;/td&gt;&lt;/tr&gt;
&lt;tr&gt;&lt;td&gt;Altitude: 12503.963 ft&lt;/td&gt;&lt;/tr&gt;
&lt;tr&gt;&lt;td&gt;Speed: 3.0 mph&lt;/td&gt;&lt;/tr&gt;
&lt;tr&gt;&lt;td&gt;Heading: 350.6&lt;/td&gt;&lt;/tr&gt;
&lt;tr&gt;&lt;td&gt;Time: 2021-02-19T17:38:12Z&lt;/td&gt;&lt;/tr&gt;
&lt;/table&gt;
</description>
        <LookAt>
          <longitude>-71.847898</longitude>
          <latitude>-13.396948</latitude>
          <tilt>66</tilt>
        </LookAt>
        <TimeStamp>
          <when>2021-02-19T17:38:12Z</when>
        </TimeStamp>
        <styleUrl>#track</styleUrl>
        <Point>
          <coordinates>-71.847898,-13.396948,3811.21</coordinates>
        </Point>
      </Placemark>
      <Placemark>
        <name>Apu Linli hike - Wikiloc-304</name>
        <snippet></snippet>
        <description>
&lt;table&gt;
&lt;tr&gt;&lt;td&gt;Longitude: -71.847895&lt;/td&gt;&lt;/tr&gt;
&lt;tr&gt;&lt;td&gt;Latitude: -13.396890&lt;/td&gt;&lt;/tr&gt;
&lt;tr&gt;&lt;td&gt;Altitude: 12507.982 ft&lt;/td&gt;&lt;/tr&gt;
&lt;tr&gt;&lt;td&gt;Speed: 2.9 mph&lt;/td&gt;&lt;/tr&gt;
&lt;tr&gt;&lt;td&gt;Heading: 2.9&lt;/td&gt;&lt;/tr&gt;
&lt;tr&gt;&lt;td&gt;Time: 2021-02-19T17:38:17Z&lt;/td&gt;&lt;/tr&gt;
&lt;/table&gt;
</description>
        <LookAt>
          <longitude>-71.847895</longitude>
          <latitude>-13.39689</latitude>
          <tilt>66</tilt>
        </LookAt>
        <TimeStamp>
          <when>2021-02-19T17:38:17Z</when>
        </TimeStamp>
        <styleUrl>#track</styleUrl>
        <Point>
          <coordinates>-71.847895,-13.396890,3812.43</coordinates>
        </Point>
      </Placemark>
      <Placemark>
        <name>Apu Linli hike - Wikiloc-305</name>
        <snippet></snippet>
        <description>
&lt;table&gt;
&lt;tr&gt;&lt;td&gt;Longitude: -71.847898&lt;/td&gt;&lt;/tr&gt;
&lt;tr&gt;&lt;td&gt;Latitude: -13.396845&lt;/td&gt;&lt;/tr&gt;
&lt;tr&gt;&lt;td&gt;Altitude: 12510.673 ft&lt;/td&gt;&lt;/tr&gt;
&lt;tr&gt;&lt;td&gt;Speed: 3.7 mph&lt;/td&gt;&lt;/tr&gt;
&lt;tr&gt;&lt;td&gt;Heading: 356.3&lt;/td&gt;&lt;/tr&gt;
&lt;tr&gt;&lt;td&gt;Time: 2021-02-19T17:38:20Z&lt;/td&gt;&lt;/tr&gt;
&lt;/table&gt;
</description>
        <LookAt>
          <longitude>-71.847898</longitude>
          <latitude>-13.396845</latitude>
          <tilt>66</tilt>
        </LookAt>
        <TimeStamp>
          <when>2021-02-19T17:38:20Z</when>
        </TimeStamp>
        <styleUrl>#track</styleUrl>
        <Point>
          <coordinates>-71.847898,-13.396845,3813.25</coordinates>
        </Point>
      </Placemark>
      <Placemark>
        <name>Apu Linli hike - Wikiloc-306</name>
        <snippet></snippet>
        <description>
&lt;table&gt;
&lt;tr&gt;&lt;td&gt;Longitude: -71.847886&lt;/td&gt;&lt;/tr&gt;
&lt;tr&gt;&lt;td&gt;Latitude: -13.396793&lt;/td&gt;&lt;/tr&gt;
&lt;tr&gt;&lt;td&gt;Altitude: 12514.856 ft&lt;/td&gt;&lt;/tr&gt;
&lt;tr&gt;&lt;td&gt;Speed: 2.7 mph&lt;/td&gt;&lt;/tr&gt;
&lt;tr&gt;&lt;td&gt;Heading: 12.7&lt;/td&gt;&lt;/tr&gt;
&lt;tr&gt;&lt;td&gt;Time: 2021-02-19T17:38:25Z&lt;/td&gt;&lt;/tr&gt;
&lt;/table&gt;
</description>
        <LookAt>
          <longitude>-71.847886</longitude>
          <latitude>-13.396793</latitude>
          <tilt>66</tilt>
        </LookAt>
        <TimeStamp>
          <when>2021-02-19T17:38:25Z</when>
        </TimeStamp>
        <styleUrl>#track</styleUrl>
        <Point>
          <coordinates>-71.847886,-13.396793,3814.53</coordinates>
        </Point>
      </Placemark>
      <Placemark>
        <name>Apu Linli hike - Wikiloc-307</name>
        <snippet></snippet>
        <description>
&lt;table&gt;
&lt;tr&gt;&lt;td&gt;Longitude: -71.847883&lt;/td&gt;&lt;/tr&gt;
&lt;tr&gt;&lt;td&gt;Latitude: -13.396747&lt;/td&gt;&lt;/tr&gt;
&lt;tr&gt;&lt;td&gt;Altitude: 12518.038 ft&lt;/td&gt;&lt;/tr&gt;
&lt;tr&gt;&lt;td&gt;Speed: 2.3 mph&lt;/td&gt;&lt;/tr&gt;
&lt;tr&gt;&lt;td&gt;Heading: 3.6&lt;/td&gt;&lt;/tr&gt;
&lt;tr&gt;&lt;td&gt;Time: 2021-02-19T17:38:30Z&lt;/td&gt;&lt;/tr&gt;
&lt;/table&gt;
</description>
        <LookAt>
          <longitude>-71.847883</longitude>
          <latitude>-13.396747</latitude>
          <tilt>66</tilt>
        </LookAt>
        <TimeStamp>
          <when>2021-02-19T17:38:30Z</when>
        </TimeStamp>
        <styleUrl>#track</styleUrl>
        <Point>
          <coordinates>-71.847883,-13.396747,3815.50</coordinates>
        </Point>
      </Placemark>
      <Placemark>
        <name>Apu Linli hike - Wikiloc-308</name>
        <snippet></snippet>
        <description>
&lt;table&gt;
&lt;tr&gt;&lt;td&gt;Longitude: -71.847885&lt;/td&gt;&lt;/tr&gt;
&lt;tr&gt;&lt;td&gt;Latitude: -13.396683&lt;/td&gt;&lt;/tr&gt;
&lt;tr&gt;&lt;td&gt;Altitude: 12522.612 ft&lt;/td&gt;&lt;/tr&gt;
&lt;tr&gt;&lt;td&gt;Speed: 2.0 mph&lt;/td&gt;&lt;/tr&gt;
&lt;tr&gt;&lt;td&gt;Heading: 358.3&lt;/td&gt;&lt;/tr&gt;
&lt;tr&gt;&lt;td&gt;Time: 2021-02-19T17:38:38Z&lt;/td&gt;&lt;/tr&gt;
&lt;/table&gt;
</description>
        <LookAt>
          <longitude>-71.847885</longitude>
          <latitude>-13.396683</latitude>
          <tilt>66</tilt>
        </LookAt>
        <TimeStamp>
          <when>2021-02-19T17:38:38Z</when>
        </TimeStamp>
        <styleUrl>#track</styleUrl>
        <Point>
          <coordinates>-71.847885,-13.396683,3816.89</coordinates>
        </Point>
      </Placemark>
      <Placemark>
        <name>Apu Linli hike - Wikiloc-309</name>
        <snippet></snippet>
        <description>
&lt;table&gt;
&lt;tr&gt;&lt;td&gt;Longitude: -71.847892&lt;/td&gt;&lt;/tr&gt;
&lt;tr&gt;&lt;td&gt;Latitude: -13.396627&lt;/td&gt;&lt;/tr&gt;
&lt;tr&gt;&lt;td&gt;Altitude: 12528.406 ft&lt;/td&gt;&lt;/tr&gt;
&lt;tr&gt;&lt;td&gt;Speed: 2.3 mph&lt;/td&gt;&lt;/tr&gt;
&lt;tr&gt;&lt;td&gt;Heading: 353.1&lt;/td&gt;&lt;/tr&gt;
&lt;tr&gt;&lt;td&gt;Time: 2021-02-19T17:38:44Z&lt;/td&gt;&lt;/tr&gt;
&lt;/table&gt;
</description>
        <LookAt>
          <longitude>-71.847892</longitude>
          <latitude>-13.396627</latitude>
          <tilt>66</tilt>
        </LookAt>
        <TimeStamp>
          <when>2021-02-19T17:38:44Z</when>
        </TimeStamp>
        <styleUrl>#track</styleUrl>
        <Point>
          <coordinates>-71.847892,-13.396627,3818.66</coordinates>
        </Point>
      </Placemark>
      <Placemark>
        <name>Apu Linli hike - Wikiloc-310</name>
        <snippet></snippet>
        <description>
&lt;table&gt;
&lt;tr&gt;&lt;td&gt;Longitude: -71.847902&lt;/td&gt;&lt;/tr&gt;
&lt;tr&gt;&lt;td&gt;Latitude: -13.396581&lt;/td&gt;&lt;/tr&gt;
&lt;tr&gt;&lt;td&gt;Altitude: 12535.679 ft&lt;/td&gt;&lt;/tr&gt;
&lt;tr&gt;&lt;td&gt;Speed: 2.0 mph&lt;/td&gt;&lt;/tr&gt;
&lt;tr&gt;&lt;td&gt;Heading: 348.1&lt;/td&gt;&lt;/tr&gt;
&lt;tr&gt;&lt;td&gt;Time: 2021-02-19T17:38:50Z&lt;/td&gt;&lt;/tr&gt;
&lt;/table&gt;
</description>
        <LookAt>
          <longitude>-71.847902</longitude>
          <latitude>-13.396581</latitude>
          <tilt>66</tilt>
        </LookAt>
        <TimeStamp>
          <when>2021-02-19T17:38:50Z</when>
        </TimeStamp>
        <styleUrl>#track</styleUrl>
        <Point>
          <coordinates>-71.847902,-13.396581,3820.88</coordinates>
        </Point>
      </Placemark>
      <Placemark>
        <name>Apu Linli hike - Wikiloc-311</name>
        <snippet></snippet>
        <description>
&lt;table&gt;
&lt;tr&gt;&lt;td&gt;Longitude: -71.847906&lt;/td&gt;&lt;/tr&gt;
&lt;tr&gt;&lt;td&gt;Latitude: -13.396529&lt;/td&gt;&lt;/tr&gt;
&lt;tr&gt;&lt;td&gt;Altitude: 12539.846 ft&lt;/td&gt;&lt;/tr&gt;
&lt;tr&gt;&lt;td&gt;Speed: 1.6 mph&lt;/td&gt;&lt;/tr&gt;
&lt;tr&gt;&lt;td&gt;Heading: 355.7&lt;/td&gt;&lt;/tr&gt;
&lt;tr&gt;&lt;td&gt;Time: 2021-02-19T17:38:58Z&lt;/td&gt;&lt;/tr&gt;
&lt;/table&gt;
</description>
        <LookAt>
          <longitude>-71.847906</longitude>
          <latitude>-13.396529</latitude>
          <tilt>66</tilt>
        </LookAt>
        <TimeStamp>
          <when>2021-02-19T17:38:58Z</when>
        </TimeStamp>
        <styleUrl>#track</styleUrl>
        <Point>
          <coordinates>-71.847906,-13.396529,3822.14</coordinates>
        </Point>
      </Placemark>
      <Placemark>
        <name>Apu Linli hike - Wikiloc-312</name>
        <snippet></snippet>
        <description>
&lt;table&gt;
&lt;tr&gt;&lt;td&gt;Longitude: -71.847913&lt;/td&gt;&lt;/tr&gt;
&lt;tr&gt;&lt;td&gt;Latitude: -13.396479&lt;/td&gt;&lt;/tr&gt;
&lt;tr&gt;&lt;td&gt;Altitude: 12544.108 ft&lt;/td&gt;&lt;/tr&gt;
&lt;tr&gt;&lt;td&gt;Speed: 1.6 mph&lt;/td&gt;&lt;/tr&gt;
&lt;tr&gt;&lt;td&gt;Heading: 352.2&lt;/td&gt;&lt;/tr&gt;
&lt;tr&gt;&lt;td&gt;Time: 2021-02-19T17:39:06Z&lt;/td&gt;&lt;/tr&gt;
&lt;/table&gt;
</description>
        <LookAt>
          <longitude>-71.847913</longitude>
          <latitude>-13.396479</latitude>
          <tilt>66</tilt>
        </LookAt>
        <TimeStamp>
          <when>2021-02-19T17:39:06Z</when>
        </TimeStamp>
        <styleUrl>#track</styleUrl>
        <Point>
          <coordinates>-71.847913,-13.396479,3823.44</coordinates>
        </Point>
      </Placemark>
      <Placemark>
        <name>Apu Linli hike - Wikiloc-313</name>
        <snippet></snippet>
        <description>
&lt;table&gt;
&lt;tr&gt;&lt;td&gt;Longitude: -71.847922&lt;/td&gt;&lt;/tr&gt;
&lt;tr&gt;&lt;td&gt;Latitude: -13.396423&lt;/td&gt;&lt;/tr&gt;
&lt;tr&gt;&lt;td&gt;Altitude: 12547.917 ft&lt;/td&gt;&lt;/tr&gt;
&lt;tr&gt;&lt;td&gt;Speed: 2.4 mph&lt;/td&gt;&lt;/tr&gt;
&lt;tr&gt;&lt;td&gt;Heading: 351.1&lt;/td&gt;&lt;/tr&gt;
&lt;tr&gt;&lt;td&gt;Time: 2021-02-19T17:39:12Z&lt;/td&gt;&lt;/tr&gt;
&lt;/table&gt;
</description>
        <LookAt>
          <longitude>-71.847922</longitude>
          <latitude>-13.396423</latitude>
          <tilt>66</tilt>
        </LookAt>
        <TimeStamp>
          <when>2021-02-19T17:39:12Z</when>
        </TimeStamp>
        <styleUrl>#track</styleUrl>
        <Point>
          <coordinates>-71.847922,-13.396423,3824.61</coordinates>
        </Point>
      </Placemark>
      <Placemark>
        <name>Apu Linli hike - Wikiloc-314</name>
        <snippet></snippet>
        <description>
&lt;table&gt;
&lt;tr&gt;&lt;td&gt;Longitude: -71.847928&lt;/td&gt;&lt;/tr&gt;
&lt;tr&gt;&lt;td&gt;Latitude: -13.396373&lt;/td&gt;&lt;/tr&gt;
&lt;tr&gt;&lt;td&gt;Altitude: 12550.574 ft&lt;/td&gt;&lt;/tr&gt;
&lt;tr&gt;&lt;td&gt;Speed: 3.1 mph&lt;/td&gt;&lt;/tr&gt;
&lt;tr&gt;&lt;td&gt;Heading: 353.3&lt;/td&gt;&lt;/tr&gt;
&lt;tr&gt;&lt;td&gt;Time: 2021-02-19T17:39:16Z&lt;/td&gt;&lt;/tr&gt;
&lt;/table&gt;
</description>
        <LookAt>
          <longitude>-71.847928</longitude>
          <latitude>-13.396373</latitude>
          <tilt>66</tilt>
        </LookAt>
        <TimeStamp>
          <when>2021-02-19T17:39:16Z</when>
        </TimeStamp>
        <styleUrl>#track</styleUrl>
        <Point>
          <coordinates>-71.847928,-13.396373,3825.41</coordinates>
        </Point>
      </Placemark>
      <Placemark>
        <name>Apu Linli hike - Wikiloc-315</name>
        <snippet></snippet>
        <description>
&lt;table&gt;
&lt;tr&gt;&lt;td&gt;Longitude: -71.847925&lt;/td&gt;&lt;/tr&gt;
&lt;tr&gt;&lt;td&gt;Latitude: -13.396327&lt;/td&gt;&lt;/tr&gt;
&lt;tr&gt;&lt;td&gt;Altitude: 12552.520 ft&lt;/td&gt;&lt;/tr&gt;
&lt;tr&gt;&lt;td&gt;Speed: 2.9 mph&lt;/td&gt;&lt;/tr&gt;
&lt;tr&gt;&lt;td&gt;Heading: 3.6&lt;/td&gt;&lt;/tr&gt;
&lt;tr&gt;&lt;td&gt;Time: 2021-02-19T17:39:20Z&lt;/td&gt;&lt;/tr&gt;
&lt;/table&gt;
</description>
        <LookAt>
          <longitude>-71.847925</longitude>
          <latitude>-13.396327</latitude>
          <tilt>66</tilt>
        </LookAt>
        <TimeStamp>
          <when>2021-02-19T17:39:20Z</when>
        </TimeStamp>
        <styleUrl>#track</styleUrl>
        <Point>
          <coordinates>-71.847925,-13.396327,3826.01</coordinates>
        </Point>
      </Placemark>
      <Placemark>
        <name>Apu Linli hike - Wikiloc-316</name>
        <snippet></snippet>
        <description>
&lt;table&gt;
&lt;tr&gt;&lt;td&gt;Longitude: -71.847932&lt;/td&gt;&lt;/tr&gt;
&lt;tr&gt;&lt;td&gt;Latitude: -13.396280&lt;/td&gt;&lt;/tr&gt;
&lt;tr&gt;&lt;td&gt;Altitude: 12555.249 ft&lt;/td&gt;&lt;/tr&gt;
&lt;tr&gt;&lt;td&gt;Speed: 3.0 mph&lt;/td&gt;&lt;/tr&gt;
&lt;tr&gt;&lt;td&gt;Heading: 351.8&lt;/td&gt;&lt;/tr&gt;
&lt;tr&gt;&lt;td&gt;Time: 2021-02-19T17:39:24Z&lt;/td&gt;&lt;/tr&gt;
&lt;/table&gt;
</description>
        <LookAt>
          <longitude>-71.847932</longitude>
          <latitude>-13.39628</latitude>
          <tilt>66</tilt>
        </LookAt>
        <TimeStamp>
          <when>2021-02-19T17:39:24Z</when>
        </TimeStamp>
        <styleUrl>#track</styleUrl>
        <Point>
          <coordinates>-71.847932,-13.396280,3826.84</coordinates>
        </Point>
      </Placemark>
      <Placemark>
        <name>Apu Linli hike - Wikiloc-317</name>
        <snippet></snippet>
        <description>
&lt;table&gt;
&lt;tr&gt;&lt;td&gt;Longitude: -71.847938&lt;/td&gt;&lt;/tr&gt;
&lt;tr&gt;&lt;td&gt;Latitude: -13.396233&lt;/td&gt;&lt;/tr&gt;
&lt;tr&gt;&lt;td&gt;Altitude: 12558.530 ft&lt;/td&gt;&lt;/tr&gt;
&lt;tr&gt;&lt;td&gt;Speed: 2.9 mph&lt;/td&gt;&lt;/tr&gt;
&lt;tr&gt;&lt;td&gt;Heading: 352.9&lt;/td&gt;&lt;/tr&gt;
&lt;tr&gt;&lt;td&gt;Time: 2021-02-19T17:39:28Z&lt;/td&gt;&lt;/tr&gt;
&lt;/table&gt;
</description>
        <LookAt>
          <longitude>-71.847938</longitude>
          <latitude>-13.396233</latitude>
          <tilt>66</tilt>
        </LookAt>
        <TimeStamp>
          <when>2021-02-19T17:39:28Z</when>
        </TimeStamp>
        <styleUrl>#track</styleUrl>
        <Point>
          <coordinates>-71.847938,-13.396233,3827.84</coordinates>
        </Point>
      </Placemark>
      <Placemark>
        <name>Apu Linli hike - Wikiloc-318</name>
        <snippet></snippet>
        <description>
&lt;table&gt;
&lt;tr&gt;&lt;td&gt;Longitude: -71.847943&lt;/td&gt;&lt;/tr&gt;
&lt;tr&gt;&lt;td&gt;Latitude: -13.396187&lt;/td&gt;&lt;/tr&gt;
&lt;tr&gt;&lt;td&gt;Altitude: 12561.467 ft&lt;/td&gt;&lt;/tr&gt;
&lt;tr&gt;&lt;td&gt;Speed: 2.9 mph&lt;/td&gt;&lt;/tr&gt;
&lt;tr&gt;&lt;td&gt;Heading: 354.0&lt;/td&gt;&lt;/tr&gt;
&lt;tr&gt;&lt;td&gt;Time: 2021-02-19T17:39:32Z&lt;/td&gt;&lt;/tr&gt;
&lt;/table&gt;
</description>
        <LookAt>
          <longitude>-71.847943</longitude>
          <latitude>-13.396187</latitude>
          <tilt>66</tilt>
        </LookAt>
        <TimeStamp>
          <when>2021-02-19T17:39:32Z</when>
        </TimeStamp>
        <styleUrl>#track</styleUrl>
        <Point>
          <coordinates>-71.847943,-13.396187,3828.74</coordinates>
        </Point>
      </Placemark>
      <Placemark>
        <name>Apu Linli hike - Wikiloc-319</name>
        <snippet></snippet>
        <description>
&lt;table&gt;
&lt;tr&gt;&lt;td&gt;Longitude: -71.847947&lt;/td&gt;&lt;/tr&gt;
&lt;tr&gt;&lt;td&gt;Latitude: -13.396126&lt;/td&gt;&lt;/tr&gt;
&lt;tr&gt;&lt;td&gt;Altitude: 12564.583 ft&lt;/td&gt;&lt;/tr&gt;
&lt;tr&gt;&lt;td&gt;Speed: 2.5 mph&lt;/td&gt;&lt;/tr&gt;
&lt;tr&gt;&lt;td&gt;Heading: 356.4&lt;/td&gt;&lt;/tr&gt;
&lt;tr&gt;&lt;td&gt;Time: 2021-02-19T17:39:38Z&lt;/td&gt;&lt;/tr&gt;
&lt;/table&gt;
</description>
        <LookAt>
          <longitude>-71.847947</longitude>
          <latitude>-13.396126</latitude>
          <tilt>66</tilt>
        </LookAt>
        <TimeStamp>
          <when>2021-02-19T17:39:38Z</when>
        </TimeStamp>
        <styleUrl>#track</styleUrl>
        <Point>
          <coordinates>-71.847947,-13.396126,3829.68</coordinates>
        </Point>
      </Placemark>
      <Placemark>
        <name>Apu Linli hike - Wikiloc-320</name>
        <snippet></snippet>
        <description>
&lt;table&gt;
&lt;tr&gt;&lt;td&gt;Longitude: -71.847950&lt;/td&gt;&lt;/tr&gt;
&lt;tr&gt;&lt;td&gt;Latitude: -13.396071&lt;/td&gt;&lt;/tr&gt;
&lt;tr&gt;&lt;td&gt;Altitude: 12566.007 ft&lt;/td&gt;&lt;/tr&gt;
&lt;tr&gt;&lt;td&gt;Speed: 2.3 mph&lt;/td&gt;&lt;/tr&gt;
&lt;tr&gt;&lt;td&gt;Heading: 357.0&lt;/td&gt;&lt;/tr&gt;
&lt;tr&gt;&lt;td&gt;Time: 2021-02-19T17:39:44Z&lt;/td&gt;&lt;/tr&gt;
&lt;/table&gt;
</description>
        <LookAt>
          <longitude>-71.84795</longitude>
          <latitude>-13.396071</latitude>
          <tilt>66</tilt>
        </LookAt>
        <TimeStamp>
          <when>2021-02-19T17:39:44Z</when>
        </TimeStamp>
        <styleUrl>#track</styleUrl>
        <Point>
          <coordinates>-71.847950,-13.396071,3830.12</coordinates>
        </Point>
      </Placemark>
      <Placemark>
        <name>Apu Linli hike - Wikiloc-321</name>
        <snippet></snippet>
        <description>
&lt;table&gt;
&lt;tr&gt;&lt;td&gt;Longitude: -71.847977&lt;/td&gt;&lt;/tr&gt;
&lt;tr&gt;&lt;td&gt;Latitude: -13.396026&lt;/td&gt;&lt;/tr&gt;
&lt;tr&gt;&lt;td&gt;Altitude: 12568.848 ft&lt;/td&gt;&lt;/tr&gt;
&lt;tr&gt;&lt;td&gt;Speed: 1.6 mph&lt;/td&gt;&lt;/tr&gt;
&lt;tr&gt;&lt;td&gt;Heading: 329.7&lt;/td&gt;&lt;/tr&gt;
&lt;tr&gt;&lt;td&gt;Time: 2021-02-19T17:39:52Z&lt;/td&gt;&lt;/tr&gt;
&lt;/table&gt;
</description>
        <LookAt>
          <longitude>-71.847977</longitude>
          <latitude>-13.396026</latitude>
          <tilt>66</tilt>
        </LookAt>
        <TimeStamp>
          <when>2021-02-19T17:39:52Z</when>
        </TimeStamp>
        <styleUrl>#track</styleUrl>
        <Point>
          <coordinates>-71.847977,-13.396026,3830.99</coordinates>
        </Point>
      </Placemark>
      <Placemark>
        <name>Apu Linli hike - Wikiloc-322</name>
        <snippet></snippet>
        <description>
&lt;table&gt;
&lt;tr&gt;&lt;td&gt;Longitude: -71.847995&lt;/td&gt;&lt;/tr&gt;
&lt;tr&gt;&lt;td&gt;Latitude: -13.395980&lt;/td&gt;&lt;/tr&gt;
&lt;tr&gt;&lt;td&gt;Altitude: 12570.610 ft&lt;/td&gt;&lt;/tr&gt;
&lt;tr&gt;&lt;td&gt;Speed: 1.0 mph&lt;/td&gt;&lt;/tr&gt;
&lt;tr&gt;&lt;td&gt;Heading: 339.2&lt;/td&gt;&lt;/tr&gt;
&lt;tr&gt;&lt;td&gt;Time: 2021-02-19T17:40:04Z&lt;/td&gt;&lt;/tr&gt;
&lt;/table&gt;
</description>
        <LookAt>
          <longitude>-71.847995</longitude>
          <latitude>-13.39598</latitude>
          <tilt>66</tilt>
        </LookAt>
        <TimeStamp>
          <when>2021-02-19T17:40:04Z</when>
        </TimeStamp>
        <styleUrl>#track</styleUrl>
        <Point>
          <coordinates>-71.847995,-13.395980,3831.52</coordinates>
        </Point>
      </Placemark>
      <Placemark>
        <name>Apu Linli hike - Wikiloc-323</name>
        <snippet></snippet>
        <description>
&lt;table&gt;
&lt;tr&gt;&lt;td&gt;Longitude: -71.848017&lt;/td&gt;&lt;/tr&gt;
&lt;tr&gt;&lt;td&gt;Latitude: -13.395927&lt;/td&gt;&lt;/tr&gt;
&lt;tr&gt;&lt;td&gt;Altitude: 12571.299 ft&lt;/td&gt;&lt;/tr&gt;
&lt;tr&gt;&lt;td&gt;Speed: 2.4 mph&lt;/td&gt;&lt;/tr&gt;
&lt;tr&gt;&lt;td&gt;Heading: 338.0&lt;/td&gt;&lt;/tr&gt;
&lt;tr&gt;&lt;td&gt;Time: 2021-02-19T17:40:10Z&lt;/td&gt;&lt;/tr&gt;
&lt;/table&gt;
</description>
        <LookAt>
          <longitude>-71.848017</longitude>
          <latitude>-13.395927</latitude>
          <tilt>66</tilt>
        </LookAt>
        <TimeStamp>
          <when>2021-02-19T17:40:10Z</when>
        </TimeStamp>
        <styleUrl>#track</styleUrl>
        <Point>
          <coordinates>-71.848017,-13.395927,3831.73</coordinates>
        </Point>
      </Placemark>
      <Placemark>
        <name>Apu Linli hike - Wikiloc-324</name>
        <snippet></snippet>
        <description>
&lt;table&gt;
&lt;tr&gt;&lt;td&gt;Longitude: -71.848041&lt;/td&gt;&lt;/tr&gt;
&lt;tr&gt;&lt;td&gt;Latitude: -13.395864&lt;/td&gt;&lt;/tr&gt;
&lt;tr&gt;&lt;td&gt;Altitude: 12571.263 ft&lt;/td&gt;&lt;/tr&gt;
&lt;tr&gt;&lt;td&gt;Speed: 2.8 mph&lt;/td&gt;&lt;/tr&gt;
&lt;tr&gt;&lt;td&gt;Heading: 339.7&lt;/td&gt;&lt;/tr&gt;
&lt;tr&gt;&lt;td&gt;Time: 2021-02-19T17:40:16Z&lt;/td&gt;&lt;/tr&gt;
&lt;/table&gt;
</description>
        <LookAt>
          <longitude>-71.848041</longitude>
          <latitude>-13.395864</latitude>
          <tilt>66</tilt>
        </LookAt>
        <TimeStamp>
          <when>2021-02-19T17:40:16Z</when>
        </TimeStamp>
        <styleUrl>#track</styleUrl>
        <Point>
          <coordinates>-71.848041,-13.395864,3831.72</coordinates>
        </Point>
      </Placemark>
      <Placemark>
        <name>Apu Linli hike - Wikiloc-325</name>
        <snippet></snippet>
        <description>
&lt;table&gt;
&lt;tr&gt;&lt;td&gt;Longitude: -71.848057&lt;/td&gt;&lt;/tr&gt;
&lt;tr&gt;&lt;td&gt;Latitude: -13.395802&lt;/td&gt;&lt;/tr&gt;
&lt;tr&gt;&lt;td&gt;Altitude: 12571.657 ft&lt;/td&gt;&lt;/tr&gt;
&lt;tr&gt;&lt;td&gt;Speed: 2.7 mph&lt;/td&gt;&lt;/tr&gt;
&lt;tr&gt;&lt;td&gt;Heading: 345.9&lt;/td&gt;&lt;/tr&gt;
&lt;tr&gt;&lt;td&gt;Time: 2021-02-19T17:40:22Z&lt;/td&gt;&lt;/tr&gt;
&lt;/table&gt;
</description>
        <LookAt>
          <longitude>-71.848057</longitude>
          <latitude>-13.395802</latitude>
          <tilt>66</tilt>
        </LookAt>
        <TimeStamp>
          <when>2021-02-19T17:40:22Z</when>
        </TimeStamp>
        <styleUrl>#track</styleUrl>
        <Point>
          <coordinates>-71.848057,-13.395802,3831.84</coordinates>
        </Point>
      </Placemark>
      <Placemark>
        <name>Apu Linli hike - Wikiloc-326</name>
        <snippet></snippet>
        <description>
&lt;table&gt;
&lt;tr&gt;&lt;td&gt;Longitude: -71.848064&lt;/td&gt;&lt;/tr&gt;
&lt;tr&gt;&lt;td&gt;Latitude: -13.395748&lt;/td&gt;&lt;/tr&gt;
&lt;tr&gt;&lt;td&gt;Altitude: 12572.851 ft&lt;/td&gt;&lt;/tr&gt;
&lt;tr&gt;&lt;td&gt;Speed: 3.4 mph&lt;/td&gt;&lt;/tr&gt;
&lt;tr&gt;&lt;td&gt;Heading: 352.8&lt;/td&gt;&lt;/tr&gt;
&lt;tr&gt;&lt;td&gt;Time: 2021-02-19T17:40:26Z&lt;/td&gt;&lt;/tr&gt;
&lt;/table&gt;
</description>
        <LookAt>
          <longitude>-71.848064</longitude>
          <latitude>-13.395748</latitude>
          <tilt>66</tilt>
        </LookAt>
        <TimeStamp>
          <when>2021-02-19T17:40:26Z</when>
        </TimeStamp>
        <styleUrl>#track</styleUrl>
        <Point>
          <coordinates>-71.848064,-13.395748,3832.20</coordinates>
        </Point>
      </Placemark>
      <Placemark>
        <name>Apu Linli hike - Wikiloc-327</name>
        <snippet></snippet>
        <description>
&lt;table&gt;
&lt;tr&gt;&lt;td&gt;Longitude: -71.848073&lt;/td&gt;&lt;/tr&gt;
&lt;tr&gt;&lt;td&gt;Latitude: -13.395695&lt;/td&gt;&lt;/tr&gt;
&lt;tr&gt;&lt;td&gt;Altitude: 12574.173 ft&lt;/td&gt;&lt;/tr&gt;
&lt;tr&gt;&lt;td&gt;Speed: 3.3 mph&lt;/td&gt;&lt;/tr&gt;
&lt;tr&gt;&lt;td&gt;Heading: 350.6&lt;/td&gt;&lt;/tr&gt;
&lt;tr&gt;&lt;td&gt;Time: 2021-02-19T17:40:30Z&lt;/td&gt;&lt;/tr&gt;
&lt;/table&gt;
</description>
        <LookAt>
          <longitude>-71.848073</longitude>
          <latitude>-13.395695</latitude>
          <tilt>66</tilt>
        </LookAt>
        <TimeStamp>
          <when>2021-02-19T17:40:30Z</when>
        </TimeStamp>
        <styleUrl>#track</styleUrl>
        <Point>
          <coordinates>-71.848073,-13.395695,3832.61</coordinates>
        </Point>
      </Placemark>
      <Placemark>
        <name>Apu Linli hike - Wikiloc-328</name>
        <snippet></snippet>
        <description>
&lt;table&gt;
&lt;tr&gt;&lt;td&gt;Longitude: -71.848088&lt;/td&gt;&lt;/tr&gt;
&lt;tr&gt;&lt;td&gt;Latitude: -13.395646&lt;/td&gt;&lt;/tr&gt;
&lt;tr&gt;&lt;td&gt;Altitude: 12575.322 ft&lt;/td&gt;&lt;/tr&gt;
&lt;tr&gt;&lt;td&gt;Speed: 3.2 mph&lt;/td&gt;&lt;/tr&gt;
&lt;tr&gt;&lt;td&gt;Heading: 343.4&lt;/td&gt;&lt;/tr&gt;
&lt;tr&gt;&lt;td&gt;Time: 2021-02-19T17:40:34Z&lt;/td&gt;&lt;/tr&gt;
&lt;/table&gt;
</description>
        <LookAt>
          <longitude>-71.848088</longitude>
          <latitude>-13.395646</latitude>
          <tilt>66</tilt>
        </LookAt>
        <TimeStamp>
          <when>2021-02-19T17:40:34Z</when>
        </TimeStamp>
        <styleUrl>#track</styleUrl>
        <Point>
          <coordinates>-71.848088,-13.395646,3832.96</coordinates>
        </Point>
      </Placemark>
      <Placemark>
        <name>Apu Linli hike - Wikiloc-329</name>
        <snippet></snippet>
        <description>
&lt;table&gt;
&lt;tr&gt;&lt;td&gt;Longitude: -71.848099&lt;/td&gt;&lt;/tr&gt;
&lt;tr&gt;&lt;td&gt;Latitude: -13.395597&lt;/td&gt;&lt;/tr&gt;
&lt;tr&gt;&lt;td&gt;Altitude: 12576.437 ft&lt;/td&gt;&lt;/tr&gt;
&lt;tr&gt;&lt;td&gt;Speed: 3.1 mph&lt;/td&gt;&lt;/tr&gt;
&lt;tr&gt;&lt;td&gt;Heading: 347.7&lt;/td&gt;&lt;/tr&gt;
&lt;tr&gt;&lt;td&gt;Time: 2021-02-19T17:40:38Z&lt;/td&gt;&lt;/tr&gt;
&lt;/table&gt;
</description>
        <LookAt>
          <longitude>-71.848099</longitude>
          <latitude>-13.395597</latitude>
          <tilt>66</tilt>
        </LookAt>
        <TimeStamp>
          <when>2021-02-19T17:40:38Z</when>
        </TimeStamp>
        <styleUrl>#track</styleUrl>
        <Point>
          <coordinates>-71.848099,-13.395597,3833.30</coordinates>
        </Point>
      </Placemark>
      <Placemark>
        <name>Apu Linli hike - Wikiloc-330</name>
        <snippet></snippet>
        <description>
&lt;table&gt;
&lt;tr&gt;&lt;td&gt;Longitude: -71.848108&lt;/td&gt;&lt;/tr&gt;
&lt;tr&gt;&lt;td&gt;Latitude: -13.395550&lt;/td&gt;&lt;/tr&gt;
&lt;tr&gt;&lt;td&gt;Altitude: 12577.569 ft&lt;/td&gt;&lt;/tr&gt;
&lt;tr&gt;&lt;td&gt;Speed: 3.0 mph&lt;/td&gt;&lt;/tr&gt;
&lt;tr&gt;&lt;td&gt;Heading: 349.4&lt;/td&gt;&lt;/tr&gt;
&lt;tr&gt;&lt;td&gt;Time: 2021-02-19T17:40:42Z&lt;/td&gt;&lt;/tr&gt;
&lt;/table&gt;
</description>
        <LookAt>
          <longitude>-71.848108</longitude>
          <latitude>-13.39555</latitude>
          <tilt>66</tilt>
        </LookAt>
        <TimeStamp>
          <when>2021-02-19T17:40:42Z</when>
        </TimeStamp>
        <styleUrl>#track</styleUrl>
        <Point>
          <coordinates>-71.848108,-13.395550,3833.64</coordinates>
        </Point>
      </Placemark>
      <Placemark>
        <name>Apu Linli hike - Wikiloc-331</name>
        <snippet></snippet>
        <description>
&lt;table&gt;
&lt;tr&gt;&lt;td&gt;Longitude: -71.848126&lt;/td&gt;&lt;/tr&gt;
&lt;tr&gt;&lt;td&gt;Latitude: -13.395508&lt;/td&gt;&lt;/tr&gt;
&lt;tr&gt;&lt;td&gt;Altitude: 12579.012 ft&lt;/td&gt;&lt;/tr&gt;
&lt;tr&gt;&lt;td&gt;Speed: 2.8 mph&lt;/td&gt;&lt;/tr&gt;
&lt;tr&gt;&lt;td&gt;Heading: 337.4&lt;/td&gt;&lt;/tr&gt;
&lt;tr&gt;&lt;td&gt;Time: 2021-02-19T17:40:46Z&lt;/td&gt;&lt;/tr&gt;
&lt;/table&gt;
</description>
        <LookAt>
          <longitude>-71.848126</longitude>
          <latitude>-13.395508</latitude>
          <tilt>66</tilt>
        </LookAt>
        <TimeStamp>
          <when>2021-02-19T17:40:46Z</when>
        </TimeStamp>
        <styleUrl>#track</styleUrl>
        <Point>
          <coordinates>-71.848126,-13.395508,3834.08</coordinates>
        </Point>
      </Placemark>
      <Placemark>
        <name>Apu Linli hike - Wikiloc-332</name>
        <snippet></snippet>
        <description>
&lt;table&gt;
&lt;tr&gt;&lt;td&gt;Longitude: -71.848136&lt;/td&gt;&lt;/tr&gt;
&lt;tr&gt;&lt;td&gt;Latitude: -13.395462&lt;/td&gt;&lt;/tr&gt;
&lt;tr&gt;&lt;td&gt;Altitude: 12579.452 ft&lt;/td&gt;&lt;/tr&gt;
&lt;tr&gt;&lt;td&gt;Speed: 2.9 mph&lt;/td&gt;&lt;/tr&gt;
&lt;tr&gt;&lt;td&gt;Heading: 348.1&lt;/td&gt;&lt;/tr&gt;
&lt;tr&gt;&lt;td&gt;Time: 2021-02-19T17:40:50Z&lt;/td&gt;&lt;/tr&gt;
&lt;/table&gt;
</description>
        <LookAt>
          <longitude>-71.848136</longitude>
          <latitude>-13.395462</latitude>
          <tilt>66</tilt>
        </LookAt>
        <TimeStamp>
          <when>2021-02-19T17:40:50Z</when>
        </TimeStamp>
        <styleUrl>#track</styleUrl>
        <Point>
          <coordinates>-71.848136,-13.395462,3834.22</coordinates>
        </Point>
      </Placemark>
      <Placemark>
        <name>Apu Linli hike - Wikiloc-333</name>
        <snippet></snippet>
        <description>
&lt;table&gt;
&lt;tr&gt;&lt;td&gt;Longitude: -71.848155&lt;/td&gt;&lt;/tr&gt;
&lt;tr&gt;&lt;td&gt;Latitude: -13.395415&lt;/td&gt;&lt;/tr&gt;
&lt;tr&gt;&lt;td&gt;Altitude: 12580.981 ft&lt;/td&gt;&lt;/tr&gt;
&lt;tr&gt;&lt;td&gt;Speed: 3.1 mph&lt;/td&gt;&lt;/tr&gt;
&lt;tr&gt;&lt;td&gt;Heading: 338.5&lt;/td&gt;&lt;/tr&gt;
&lt;tr&gt;&lt;td&gt;Time: 2021-02-19T17:40:54Z&lt;/td&gt;&lt;/tr&gt;
&lt;/table&gt;
</description>
        <LookAt>
          <longitude>-71.848155</longitude>
          <latitude>-13.395415</latitude>
          <tilt>66</tilt>
        </LookAt>
        <TimeStamp>
          <when>2021-02-19T17:40:54Z</when>
        </TimeStamp>
        <styleUrl>#track</styleUrl>
        <Point>
          <coordinates>-71.848155,-13.395415,3834.68</coordinates>
        </Point>
      </Placemark>
      <Placemark>
        <name>Apu Linli hike - Wikiloc-334</name>
        <snippet></snippet>
        <description>
&lt;table&gt;
&lt;tr&gt;&lt;td&gt;Longitude: -71.848183&lt;/td&gt;&lt;/tr&gt;
&lt;tr&gt;&lt;td&gt;Latitude: -13.395377&lt;/td&gt;&lt;/tr&gt;
&lt;tr&gt;&lt;td&gt;Altitude: 12581.726 ft&lt;/td&gt;&lt;/tr&gt;
&lt;tr&gt;&lt;td&gt;Speed: 2.9 mph&lt;/td&gt;&lt;/tr&gt;
&lt;tr&gt;&lt;td&gt;Heading: 324.4&lt;/td&gt;&lt;/tr&gt;
&lt;tr&gt;&lt;td&gt;Time: 2021-02-19T17:40:58Z&lt;/td&gt;&lt;/tr&gt;
&lt;/table&gt;
</description>
        <LookAt>
          <longitude>-71.848183</longitude>
          <latitude>-13.395377</latitude>
          <tilt>66</tilt>
        </LookAt>
        <TimeStamp>
          <when>2021-02-19T17:40:58Z</when>
        </TimeStamp>
        <styleUrl>#track</styleUrl>
        <Point>
          <coordinates>-71.848183,-13.395377,3834.91</coordinates>
        </Point>
      </Placemark>
      <Placemark>
        <name>Apu Linli hike - Wikiloc-335</name>
        <snippet></snippet>
        <description>
&lt;table&gt;
&lt;tr&gt;&lt;td&gt;Longitude: -71.848213&lt;/td&gt;&lt;/tr&gt;
&lt;tr&gt;&lt;td&gt;Latitude: -13.395326&lt;/td&gt;&lt;/tr&gt;
&lt;tr&gt;&lt;td&gt;Altitude: 12582.185 ft&lt;/td&gt;&lt;/tr&gt;
&lt;tr&gt;&lt;td&gt;Speed: 2.4 mph&lt;/td&gt;&lt;/tr&gt;
&lt;tr&gt;&lt;td&gt;Heading: 330.2&lt;/td&gt;&lt;/tr&gt;
&lt;tr&gt;&lt;td&gt;Time: 2021-02-19T17:41:04Z&lt;/td&gt;&lt;/tr&gt;
&lt;/table&gt;
</description>
        <LookAt>
          <longitude>-71.848213</longitude>
          <latitude>-13.395326</latitude>
          <tilt>66</tilt>
        </LookAt>
        <TimeStamp>
          <when>2021-02-19T17:41:04Z</when>
        </TimeStamp>
        <styleUrl>#track</styleUrl>
        <Point>
          <coordinates>-71.848213,-13.395326,3835.05</coordinates>
        </Point>
      </Placemark>
      <Placemark>
        <name>Apu Linli hike - Wikiloc-336</name>
        <snippet></snippet>
        <description>
&lt;table&gt;
&lt;tr&gt;&lt;td&gt;Longitude: -71.848264&lt;/td&gt;&lt;/tr&gt;
&lt;tr&gt;&lt;td&gt;Latitude: -13.395296&lt;/td&gt;&lt;/tr&gt;
&lt;tr&gt;&lt;td&gt;Altitude: 12583.848 ft&lt;/td&gt;&lt;/tr&gt;
&lt;tr&gt;&lt;td&gt;Speed: 2.4 mph&lt;/td&gt;&lt;/tr&gt;
&lt;tr&gt;&lt;td&gt;Heading: 301.2&lt;/td&gt;&lt;/tr&gt;
&lt;tr&gt;&lt;td&gt;Time: 2021-02-19T17:41:10Z&lt;/td&gt;&lt;/tr&gt;
&lt;/table&gt;
</description>
        <LookAt>
          <longitude>-71.848264</longitude>
          <latitude>-13.395296</latitude>
          <tilt>66</tilt>
        </LookAt>
        <TimeStamp>
          <when>2021-02-19T17:41:10Z</when>
        </TimeStamp>
        <styleUrl>#track</styleUrl>
        <Point>
          <coordinates>-71.848264,-13.395296,3835.56</coordinates>
        </Point>
      </Placemark>
      <Placemark>
        <name>Apu Linli hike - Wikiloc-337</name>
        <snippet></snippet>
        <description>
&lt;table&gt;
&lt;tr&gt;&lt;td&gt;Longitude: -71.848318&lt;/td&gt;&lt;/tr&gt;
&lt;tr&gt;&lt;td&gt;Latitude: -13.395284&lt;/td&gt;&lt;/tr&gt;
&lt;tr&gt;&lt;td&gt;Altitude: 12586.286 ft&lt;/td&gt;&lt;/tr&gt;
&lt;tr&gt;&lt;td&gt;Speed: 2.2 mph&lt;/td&gt;&lt;/tr&gt;
&lt;tr&gt;&lt;td&gt;Heading: 282.9&lt;/td&gt;&lt;/tr&gt;
&lt;tr&gt;&lt;td&gt;Time: 2021-02-19T17:41:16Z&lt;/td&gt;&lt;/tr&gt;
&lt;/table&gt;
</description>
        <LookAt>
          <longitude>-71.848318</longitude>
          <latitude>-13.395284</latitude>
          <tilt>66</tilt>
        </LookAt>
        <TimeStamp>
          <when>2021-02-19T17:41:16Z</when>
        </TimeStamp>
        <styleUrl>#track</styleUrl>
        <Point>
          <coordinates>-71.848318,-13.395284,3836.30</coordinates>
        </Point>
      </Placemark>
      <Placemark>
        <name>Apu Linli hike - Wikiloc-338</name>
        <snippet></snippet>
        <description>
&lt;table&gt;
&lt;tr&gt;&lt;td&gt;Longitude: -71.848335&lt;/td&gt;&lt;/tr&gt;
&lt;tr&gt;&lt;td&gt;Latitude: -13.395241&lt;/td&gt;&lt;/tr&gt;
&lt;tr&gt;&lt;td&gt;Altitude: 12588.976 ft&lt;/td&gt;&lt;/tr&gt;
&lt;tr&gt;&lt;td&gt;Speed: 0.8 mph&lt;/td&gt;&lt;/tr&gt;
&lt;tr&gt;&lt;td&gt;Heading: 339.0&lt;/td&gt;&lt;/tr&gt;
&lt;tr&gt;&lt;td&gt;Time: 2021-02-19T17:41:30Z&lt;/td&gt;&lt;/tr&gt;
&lt;/table&gt;
</description>
        <LookAt>
          <longitude>-71.848335</longitude>
          <latitude>-13.395241</latitude>
          <tilt>66</tilt>
        </LookAt>
        <TimeStamp>
          <when>2021-02-19T17:41:30Z</when>
        </TimeStamp>
        <styleUrl>#track</styleUrl>
        <Point>
          <coordinates>-71.848335,-13.395241,3837.12</coordinates>
        </Point>
      </Placemark>
      <Placemark>
        <name>Apu Linli hike - Wikiloc-339</name>
        <snippet></snippet>
        <description>
&lt;table&gt;
&lt;tr&gt;&lt;td&gt;Longitude: -71.848328&lt;/td&gt;&lt;/tr&gt;
&lt;tr&gt;&lt;td&gt;Latitude: -13.395151&lt;/td&gt;&lt;/tr&gt;
&lt;tr&gt;&lt;td&gt;Altitude: 12592.546 ft&lt;/td&gt;&lt;/tr&gt;
&lt;tr&gt;&lt;td&gt;Speed: 3.7 mph&lt;/td&gt;&lt;/tr&gt;
&lt;tr&gt;&lt;td&gt;Heading: 4.3&lt;/td&gt;&lt;/tr&gt;
&lt;tr&gt;&lt;td&gt;Time: 2021-02-19T17:41:36Z&lt;/td&gt;&lt;/tr&gt;
&lt;/table&gt;
</description>
        <LookAt>
          <longitude>-71.848328</longitude>
          <latitude>-13.395151</latitude>
          <tilt>66</tilt>
        </LookAt>
        <TimeStamp>
          <when>2021-02-19T17:41:36Z</when>
        </TimeStamp>
        <styleUrl>#track</styleUrl>
        <Point>
          <coordinates>-71.848328,-13.395151,3838.21</coordinates>
        </Point>
      </Placemark>
      <Placemark>
        <name>Apu Linli hike - Wikiloc-340</name>
        <snippet></snippet>
        <description>
&lt;table&gt;
&lt;tr&gt;&lt;td&gt;Longitude: -71.848306&lt;/td&gt;&lt;/tr&gt;
&lt;tr&gt;&lt;td&gt;Latitude: -13.395109&lt;/td&gt;&lt;/tr&gt;
&lt;tr&gt;&lt;td&gt;Altitude: 12596.198 ft&lt;/td&gt;&lt;/tr&gt;
&lt;tr&gt;&lt;td&gt;Speed: 2.9 mph&lt;/td&gt;&lt;/tr&gt;
&lt;tr&gt;&lt;td&gt;Heading: 27.0&lt;/td&gt;&lt;/tr&gt;
&lt;tr&gt;&lt;td&gt;Time: 2021-02-19T17:41:40Z&lt;/td&gt;&lt;/tr&gt;
&lt;/table&gt;
</description>
        <LookAt>
          <longitude>-71.848306</longitude>
          <latitude>-13.395109</latitude>
          <tilt>66</tilt>
        </LookAt>
        <TimeStamp>
          <when>2021-02-19T17:41:40Z</when>
        </TimeStamp>
        <styleUrl>#track</styleUrl>
        <Point>
          <coordinates>-71.848306,-13.395109,3839.32</coordinates>
        </Point>
      </Placemark>
      <Placemark>
        <name>Apu Linli hike - Wikiloc-341</name>
        <snippet></snippet>
        <description>
&lt;table&gt;
&lt;tr&gt;&lt;td&gt;Longitude: -71.848279&lt;/td&gt;&lt;/tr&gt;
&lt;tr&gt;&lt;td&gt;Latitude: -13.395058&lt;/td&gt;&lt;/tr&gt;
&lt;tr&gt;&lt;td&gt;Altitude: 12599.774 ft&lt;/td&gt;&lt;/tr&gt;
&lt;tr&gt;&lt;td&gt;Speed: 2.4 mph&lt;/td&gt;&lt;/tr&gt;
&lt;tr&gt;&lt;td&gt;Heading: 27.2&lt;/td&gt;&lt;/tr&gt;
&lt;tr&gt;&lt;td&gt;Time: 2021-02-19T17:41:46Z&lt;/td&gt;&lt;/tr&gt;
&lt;/table&gt;
</description>
        <LookAt>
          <longitude>-71.848279</longitude>
          <latitude>-13.395058</latitude>
          <tilt>66</tilt>
        </LookAt>
        <TimeStamp>
          <when>2021-02-19T17:41:46Z</when>
        </TimeStamp>
        <styleUrl>#track</styleUrl>
        <Point>
          <coordinates>-71.848279,-13.395058,3840.41</coordinates>
        </Point>
      </Placemark>
      <Placemark>
        <name>Apu Linli hike - Wikiloc-342</name>
        <snippet></snippet>
        <description>
&lt;table&gt;
&lt;tr&gt;&lt;td&gt;Longitude: -71.848250&lt;/td&gt;&lt;/tr&gt;
&lt;tr&gt;&lt;td&gt;Latitude: -13.395020&lt;/td&gt;&lt;/tr&gt;
&lt;tr&gt;&lt;td&gt;Altitude: 12603.563 ft&lt;/td&gt;&lt;/tr&gt;
&lt;tr&gt;&lt;td&gt;Speed: 2.0 mph&lt;/td&gt;&lt;/tr&gt;
&lt;tr&gt;&lt;td&gt;Heading: 36.6&lt;/td&gt;&lt;/tr&gt;
&lt;tr&gt;&lt;td&gt;Time: 2021-02-19T17:41:52Z&lt;/td&gt;&lt;/tr&gt;
&lt;/table&gt;
</description>
        <LookAt>
          <longitude>-71.84825</longitude>
          <latitude>-13.39502</latitude>
          <tilt>66</tilt>
        </LookAt>
        <TimeStamp>
          <when>2021-02-19T17:41:52Z</when>
        </TimeStamp>
        <styleUrl>#track</styleUrl>
        <Point>
          <coordinates>-71.848250,-13.395020,3841.57</coordinates>
        </Point>
      </Placemark>
      <Placemark>
        <name>Apu Linli hike - Wikiloc-343</name>
        <snippet></snippet>
        <description>
&lt;table&gt;
&lt;tr&gt;&lt;td&gt;Longitude: -71.848234&lt;/td&gt;&lt;/tr&gt;
&lt;tr&gt;&lt;td&gt;Latitude: -13.394962&lt;/td&gt;&lt;/tr&gt;
&lt;tr&gt;&lt;td&gt;Altitude: 12606.844 ft&lt;/td&gt;&lt;/tr&gt;
&lt;tr&gt;&lt;td&gt;Speed: 1.9 mph&lt;/td&gt;&lt;/tr&gt;
&lt;tr&gt;&lt;td&gt;Heading: 15.0&lt;/td&gt;&lt;/tr&gt;
&lt;tr&gt;&lt;td&gt;Time: 2021-02-19T17:42:00Z&lt;/td&gt;&lt;/tr&gt;
&lt;/table&gt;
</description>
        <LookAt>
          <longitude>-71.848234</longitude>
          <latitude>-13.394962</latitude>
          <tilt>66</tilt>
        </LookAt>
        <TimeStamp>
          <when>2021-02-19T17:42:00Z</when>
        </TimeStamp>
        <styleUrl>#track</styleUrl>
        <Point>
          <coordinates>-71.848234,-13.394962,3842.57</coordinates>
        </Point>
      </Placemark>
      <Placemark>
        <name>Apu Linli hike - Wikiloc-344</name>
        <snippet></snippet>
        <description>
&lt;table&gt;
&lt;tr&gt;&lt;td&gt;Longitude: -71.848206&lt;/td&gt;&lt;/tr&gt;
&lt;tr&gt;&lt;td&gt;Latitude: -13.394925&lt;/td&gt;&lt;/tr&gt;
&lt;tr&gt;&lt;td&gt;Altitude: 12611.614 ft&lt;/td&gt;&lt;/tr&gt;
&lt;tr&gt;&lt;td&gt;Speed: 1.9 mph&lt;/td&gt;&lt;/tr&gt;
&lt;tr&gt;&lt;td&gt;Heading: 36.4&lt;/td&gt;&lt;/tr&gt;
&lt;tr&gt;&lt;td&gt;Time: 2021-02-19T17:42:06Z&lt;/td&gt;&lt;/tr&gt;
&lt;/table&gt;
</description>
        <LookAt>
          <longitude>-71.848206</longitude>
          <latitude>-13.394925</latitude>
          <tilt>66</tilt>
        </LookAt>
        <TimeStamp>
          <when>2021-02-19T17:42:06Z</when>
        </TimeStamp>
        <styleUrl>#track</styleUrl>
        <Point>
          <coordinates>-71.848206,-13.394925,3844.02</coordinates>
        </Point>
      </Placemark>
      <Placemark>
        <name>Apu Linli hike - Wikiloc-345</name>
        <snippet></snippet>
        <description>
&lt;table&gt;
&lt;tr&gt;&lt;td&gt;Longitude: -71.848167&lt;/td&gt;&lt;/tr&gt;
&lt;tr&gt;&lt;td&gt;Latitude: -13.394897&lt;/td&gt;&lt;/tr&gt;
&lt;tr&gt;&lt;td&gt;Altitude: 12616.850 ft&lt;/td&gt;&lt;/tr&gt;
&lt;tr&gt;&lt;td&gt;Speed: 2.0 mph&lt;/td&gt;&lt;/tr&gt;
&lt;tr&gt;&lt;td&gt;Heading: 53.6&lt;/td&gt;&lt;/tr&gt;
&lt;tr&gt;&lt;td&gt;Time: 2021-02-19T17:42:12Z&lt;/td&gt;&lt;/tr&gt;
&lt;/table&gt;
</description>
        <LookAt>
          <longitude>-71.848167</longitude>
          <latitude>-13.394897</latitude>
          <tilt>66</tilt>
        </LookAt>
        <TimeStamp>
          <when>2021-02-19T17:42:12Z</when>
        </TimeStamp>
        <styleUrl>#track</styleUrl>
        <Point>
          <coordinates>-71.848167,-13.394897,3845.62</coordinates>
        </Point>
      </Placemark>
      <Placemark>
        <name>Apu Linli hike - Wikiloc-346</name>
        <snippet></snippet>
        <description>
&lt;table&gt;
&lt;tr&gt;&lt;td&gt;Longitude: -71.848161&lt;/td&gt;&lt;/tr&gt;
&lt;tr&gt;&lt;td&gt;Latitude: -13.394850&lt;/td&gt;&lt;/tr&gt;
&lt;tr&gt;&lt;td&gt;Altitude: 12622.221 ft&lt;/td&gt;&lt;/tr&gt;
&lt;tr&gt;&lt;td&gt;Speed: 1.5 mph&lt;/td&gt;&lt;/tr&gt;
&lt;tr&gt;&lt;td&gt;Heading: 7.1&lt;/td&gt;&lt;/tr&gt;
&lt;tr&gt;&lt;td&gt;Time: 2021-02-19T17:42:20Z&lt;/td&gt;&lt;/tr&gt;
&lt;/table&gt;
</description>
        <LookAt>
          <longitude>-71.848161</longitude>
          <latitude>-13.39485</latitude>
          <tilt>66</tilt>
        </LookAt>
        <TimeStamp>
          <when>2021-02-19T17:42:20Z</when>
        </TimeStamp>
        <styleUrl>#track</styleUrl>
        <Point>
          <coordinates>-71.848161,-13.394850,3847.25</coordinates>
        </Point>
      </Placemark>
      <Placemark>
        <name>Apu Linli hike - Wikiloc-347</name>
        <snippet></snippet>
        <description>
&lt;table&gt;
&lt;tr&gt;&lt;td&gt;Longitude: -71.848191&lt;/td&gt;&lt;/tr&gt;
&lt;tr&gt;&lt;td&gt;Latitude: -13.394804&lt;/td&gt;&lt;/tr&gt;
&lt;tr&gt;&lt;td&gt;Altitude: 12627.569 ft&lt;/td&gt;&lt;/tr&gt;
&lt;tr&gt;&lt;td&gt;Speed: 1.7 mph&lt;/td&gt;&lt;/tr&gt;
&lt;tr&gt;&lt;td&gt;Heading: 327.6&lt;/td&gt;&lt;/tr&gt;
&lt;tr&gt;&lt;td&gt;Time: 2021-02-19T17:42:28Z&lt;/td&gt;&lt;/tr&gt;
&lt;/table&gt;
</description>
        <LookAt>
          <longitude>-71.848191</longitude>
          <latitude>-13.394804</latitude>
          <tilt>66</tilt>
        </LookAt>
        <TimeStamp>
          <when>2021-02-19T17:42:28Z</when>
        </TimeStamp>
        <styleUrl>#track</styleUrl>
        <Point>
          <coordinates>-71.848191,-13.394804,3848.88</coordinates>
        </Point>
      </Placemark>
      <Placemark>
        <name>Apu Linli hike - Wikiloc-348</name>
        <snippet></snippet>
        <description>
&lt;table&gt;
&lt;tr&gt;&lt;td&gt;Longitude: -71.848217&lt;/td&gt;&lt;/tr&gt;
&lt;tr&gt;&lt;td&gt;Latitude: -13.394760&lt;/td&gt;&lt;/tr&gt;
&lt;tr&gt;&lt;td&gt;Altitude: 12632.795 ft&lt;/td&gt;&lt;/tr&gt;
&lt;tr&gt;&lt;td&gt;Speed: 2.1 mph&lt;/td&gt;&lt;/tr&gt;
&lt;tr&gt;&lt;td&gt;Heading: 330.1&lt;/td&gt;&lt;/tr&gt;
&lt;tr&gt;&lt;td&gt;Time: 2021-02-19T17:42:34Z&lt;/td&gt;&lt;/tr&gt;
&lt;/table&gt;
</description>
        <LookAt>
          <longitude>-71.848217</longitude>
          <latitude>-13.39476</latitude>
          <tilt>66</tilt>
        </LookAt>
        <TimeStamp>
          <when>2021-02-19T17:42:34Z</when>
        </TimeStamp>
        <styleUrl>#track</styleUrl>
        <Point>
          <coordinates>-71.848217,-13.394760,3850.48</coordinates>
        </Point>
      </Placemark>
      <Placemark>
        <name>Apu Linli hike - Wikiloc-349</name>
        <snippet></snippet>
        <description>
&lt;table&gt;
&lt;tr&gt;&lt;td&gt;Longitude: -71.848239&lt;/td&gt;&lt;/tr&gt;
&lt;tr&gt;&lt;td&gt;Latitude: -13.394707&lt;/td&gt;&lt;/tr&gt;
&lt;tr&gt;&lt;td&gt;Altitude: 12638.091 ft&lt;/td&gt;&lt;/tr&gt;
&lt;tr&gt;&lt;td&gt;Speed: 1.8 mph&lt;/td&gt;&lt;/tr&gt;
&lt;tr&gt;&lt;td&gt;Heading: 338.0&lt;/td&gt;&lt;/tr&gt;
&lt;tr&gt;&lt;td&gt;Time: 2021-02-19T17:42:42Z&lt;/td&gt;&lt;/tr&gt;
&lt;/table&gt;
</description>
        <LookAt>
          <longitude>-71.848239</longitude>
          <latitude>-13.394707</latitude>
          <tilt>66</tilt>
        </LookAt>
        <TimeStamp>
          <when>2021-02-19T17:42:42Z</when>
        </TimeStamp>
        <styleUrl>#track</styleUrl>
        <Point>
          <coordinates>-71.848239,-13.394707,3852.09</coordinates>
        </Point>
      </Placemark>
      <Placemark>
        <name>Apu Linli hike - Wikiloc-350</name>
        <snippet></snippet>
        <description>
&lt;table&gt;
&lt;tr&gt;&lt;td&gt;Longitude: -71.848252&lt;/td&gt;&lt;/tr&gt;
&lt;tr&gt;&lt;td&gt;Latitude: -13.394659&lt;/td&gt;&lt;/tr&gt;
&lt;tr&gt;&lt;td&gt;Altitude: 12643.107 ft&lt;/td&gt;&lt;/tr&gt;
&lt;tr&gt;&lt;td&gt;Speed: 1.5 mph&lt;/td&gt;&lt;/tr&gt;
&lt;tr&gt;&lt;td&gt;Heading: 345.2&lt;/td&gt;&lt;/tr&gt;
&lt;tr&gt;&lt;td&gt;Time: 2021-02-19T17:42:50Z&lt;/td&gt;&lt;/tr&gt;
&lt;/table&gt;
</description>
        <LookAt>
          <longitude>-71.848252</longitude>
          <latitude>-13.394659</latitude>
          <tilt>66</tilt>
        </LookAt>
        <TimeStamp>
          <when>2021-02-19T17:42:50Z</when>
        </TimeStamp>
        <styleUrl>#track</styleUrl>
        <Point>
          <coordinates>-71.848252,-13.394659,3853.62</coordinates>
        </Point>
      </Placemark>
      <Placemark>
        <name>Apu Linli hike - Wikiloc-351</name>
        <snippet></snippet>
        <description>
&lt;table&gt;
&lt;tr&gt;&lt;td&gt;Longitude: -71.848251&lt;/td&gt;&lt;/tr&gt;
&lt;tr&gt;&lt;td&gt;Latitude: -13.394612&lt;/td&gt;&lt;/tr&gt;
&lt;tr&gt;&lt;td&gt;Altitude: 12644.383 ft&lt;/td&gt;&lt;/tr&gt;
&lt;tr&gt;&lt;td&gt;Speed: 1.7 mph&lt;/td&gt;&lt;/tr&gt;
&lt;tr&gt;&lt;td&gt;Heading: 1.2&lt;/td&gt;&lt;/tr&gt;
&lt;tr&gt;&lt;td&gt;Time: 2021-02-19T17:42:57Z&lt;/td&gt;&lt;/tr&gt;
&lt;/table&gt;
</description>
        <LookAt>
          <longitude>-71.848251</longitude>
          <latitude>-13.394612</latitude>
          <tilt>66</tilt>
        </LookAt>
        <TimeStamp>
          <when>2021-02-19T17:42:57Z</when>
        </TimeStamp>
        <styleUrl>#track</styleUrl>
        <Point>
          <coordinates>-71.848251,-13.394612,3854.01</coordinates>
        </Point>
      </Placemark>
      <Placemark>
        <name>Apu Linli hike - Wikiloc-352</name>
        <snippet></snippet>
        <description>
&lt;table&gt;
&lt;tr&gt;&lt;td&gt;Longitude: -71.848234&lt;/td&gt;&lt;/tr&gt;
&lt;tr&gt;&lt;td&gt;Latitude: -13.394565&lt;/td&gt;&lt;/tr&gt;
&lt;tr&gt;&lt;td&gt;Altitude: 12648.796 ft&lt;/td&gt;&lt;/tr&gt;
&lt;tr&gt;&lt;td&gt;Speed: 2.5 mph&lt;/td&gt;&lt;/tr&gt;
&lt;tr&gt;&lt;td&gt;Heading: 19.4&lt;/td&gt;&lt;/tr&gt;
&lt;tr&gt;&lt;td&gt;Time: 2021-02-19T17:43:02Z&lt;/td&gt;&lt;/tr&gt;
&lt;/table&gt;
</description>
        <LookAt>
          <longitude>-71.848234</longitude>
          <latitude>-13.394565</latitude>
          <tilt>66</tilt>
        </LookAt>
        <TimeStamp>
          <when>2021-02-19T17:43:02Z</when>
        </TimeStamp>
        <styleUrl>#track</styleUrl>
        <Point>
          <coordinates>-71.848234,-13.394565,3855.35</coordinates>
        </Point>
      </Placemark>
      <Placemark>
        <name>Apu Linli hike - Wikiloc-353</name>
        <snippet></snippet>
        <description>
&lt;table&gt;
&lt;tr&gt;&lt;td&gt;Longitude: -71.848234&lt;/td&gt;&lt;/tr&gt;
&lt;tr&gt;&lt;td&gt;Latitude: -13.394518&lt;/td&gt;&lt;/tr&gt;
&lt;tr&gt;&lt;td&gt;Altitude: 12650.075 ft&lt;/td&gt;&lt;/tr&gt;
&lt;tr&gt;&lt;td&gt;Speed: 0.6 mph&lt;/td&gt;&lt;/tr&gt;
&lt;tr&gt;&lt;td&gt;Heading: 0.0&lt;/td&gt;&lt;/tr&gt;
&lt;tr&gt;&lt;td&gt;Time: 2021-02-19T17:43:23Z&lt;/td&gt;&lt;/tr&gt;
&lt;/table&gt;
</description>
        <LookAt>
          <longitude>-71.848234</longitude>
          <latitude>-13.394518</latitude>
          <tilt>66</tilt>
        </LookAt>
        <TimeStamp>
          <when>2021-02-19T17:43:23Z</when>
        </TimeStamp>
        <styleUrl>#track</styleUrl>
        <Point>
          <coordinates>-71.848234,-13.394518,3855.74</coordinates>
        </Point>
      </Placemark>
      <Placemark>
        <name>Apu Linli hike - Wikiloc-354</name>
        <snippet></snippet>
        <description>
&lt;table&gt;
&lt;tr&gt;&lt;td&gt;Longitude: -71.848249&lt;/td&gt;&lt;/tr&gt;
&lt;tr&gt;&lt;td&gt;Latitude: -13.394472&lt;/td&gt;&lt;/tr&gt;
&lt;tr&gt;&lt;td&gt;Altitude: 12652.060 ft&lt;/td&gt;&lt;/tr&gt;
&lt;tr&gt;&lt;td&gt;Speed: 1.2 mph&lt;/td&gt;&lt;/tr&gt;
&lt;tr&gt;&lt;td&gt;Heading: 342.4&lt;/td&gt;&lt;/tr&gt;
&lt;tr&gt;&lt;td&gt;Time: 2021-02-19T17:43:33Z&lt;/td&gt;&lt;/tr&gt;
&lt;/table&gt;
</description>
        <LookAt>
          <longitude>-71.848249</longitude>
          <latitude>-13.394472</latitude>
          <tilt>66</tilt>
        </LookAt>
        <TimeStamp>
          <when>2021-02-19T17:43:33Z</when>
        </TimeStamp>
        <styleUrl>#track</styleUrl>
        <Point>
          <coordinates>-71.848249,-13.394472,3856.35</coordinates>
        </Point>
      </Placemark>
      <Placemark>
        <name>Apu Linli hike - Wikiloc-355</name>
        <snippet></snippet>
        <description>
&lt;table&gt;
&lt;tr&gt;&lt;td&gt;Longitude: -71.848256&lt;/td&gt;&lt;/tr&gt;
&lt;tr&gt;&lt;td&gt;Latitude: -13.394419&lt;/td&gt;&lt;/tr&gt;
&lt;tr&gt;&lt;td&gt;Altitude: 12653.865 ft&lt;/td&gt;&lt;/tr&gt;
&lt;tr&gt;&lt;td&gt;Speed: 2.2 mph&lt;/td&gt;&lt;/tr&gt;
&lt;tr&gt;&lt;td&gt;Heading: 352.7&lt;/td&gt;&lt;/tr&gt;
&lt;tr&gt;&lt;td&gt;Time: 2021-02-19T17:43:39Z&lt;/td&gt;&lt;/tr&gt;
&lt;/table&gt;
</description>
        <LookAt>
          <longitude>-71.848256</longitude>
          <latitude>-13.394419</latitude>
          <tilt>66</tilt>
        </LookAt>
        <TimeStamp>
          <when>2021-02-19T17:43:39Z</when>
        </TimeStamp>
        <styleUrl>#track</styleUrl>
        <Point>
          <coordinates>-71.848256,-13.394419,3856.90</coordinates>
        </Point>
      </Placemark>
      <Placemark>
        <name>Apu Linli hike - Wikiloc-356</name>
        <snippet></snippet>
        <description>
&lt;table&gt;
&lt;tr&gt;&lt;td&gt;Longitude: -71.848238&lt;/td&gt;&lt;/tr&gt;
&lt;tr&gt;&lt;td&gt;Latitude: -13.394375&lt;/td&gt;&lt;/tr&gt;
&lt;tr&gt;&lt;td&gt;Altitude: 12654.961 ft&lt;/td&gt;&lt;/tr&gt;
&lt;tr&gt;&lt;td&gt;Speed: 2.4 mph&lt;/td&gt;&lt;/tr&gt;
&lt;tr&gt;&lt;td&gt;Heading: 21.7&lt;/td&gt;&lt;/tr&gt;
&lt;tr&gt;&lt;td&gt;Time: 2021-02-19T17:43:44Z&lt;/td&gt;&lt;/tr&gt;
&lt;/table&gt;
</description>
        <LookAt>
          <longitude>-71.848238</longitude>
          <latitude>-13.394375</latitude>
          <tilt>66</tilt>
        </LookAt>
        <TimeStamp>
          <when>2021-02-19T17:43:44Z</when>
        </TimeStamp>
        <styleUrl>#track</styleUrl>
        <Point>
          <coordinates>-71.848238,-13.394375,3857.23</coordinates>
        </Point>
      </Placemark>
      <Placemark>
        <name>Apu Linli hike - Wikiloc-357</name>
        <snippet></snippet>
        <description>
&lt;table&gt;
&lt;tr&gt;&lt;td&gt;Longitude: -71.848208&lt;/td&gt;&lt;/tr&gt;
&lt;tr&gt;&lt;td&gt;Latitude: -13.394336&lt;/td&gt;&lt;/tr&gt;
&lt;tr&gt;&lt;td&gt;Altitude: 12656.916 ft&lt;/td&gt;&lt;/tr&gt;
&lt;tr&gt;&lt;td&gt;Speed: 2.4 mph&lt;/td&gt;&lt;/tr&gt;
&lt;tr&gt;&lt;td&gt;Heading: 36.8&lt;/td&gt;&lt;/tr&gt;
&lt;tr&gt;&lt;td&gt;Time: 2021-02-19T17:43:49Z&lt;/td&gt;&lt;/tr&gt;
&lt;/table&gt;
</description>
        <LookAt>
          <longitude>-71.848208</longitude>
          <latitude>-13.394336</latitude>
          <tilt>66</tilt>
        </LookAt>
        <TimeStamp>
          <when>2021-02-19T17:43:49Z</when>
        </TimeStamp>
        <styleUrl>#track</styleUrl>
        <Point>
          <coordinates>-71.848208,-13.394336,3857.83</coordinates>
        </Point>
      </Placemark>
      <Placemark>
        <name>Apu Linli hike - Wikiloc-358</name>
        <snippet></snippet>
        <description>
&lt;table&gt;
&lt;tr&gt;&lt;td&gt;Longitude: -71.848175&lt;/td&gt;&lt;/tr&gt;
&lt;tr&gt;&lt;td&gt;Latitude: -13.394302&lt;/td&gt;&lt;/tr&gt;
&lt;tr&gt;&lt;td&gt;Altitude: 12659.104 ft&lt;/td&gt;&lt;/tr&gt;
&lt;tr&gt;&lt;td&gt;Speed: 2.3 mph&lt;/td&gt;&lt;/tr&gt;
&lt;tr&gt;&lt;td&gt;Heading: 43.4&lt;/td&gt;&lt;/tr&gt;
&lt;tr&gt;&lt;td&gt;Time: 2021-02-19T17:43:54Z&lt;/td&gt;&lt;/tr&gt;
&lt;/table&gt;
</description>
        <LookAt>
          <longitude>-71.848175</longitude>
          <latitude>-13.394302</latitude>
          <tilt>66</tilt>
        </LookAt>
        <TimeStamp>
          <when>2021-02-19T17:43:54Z</when>
        </TimeStamp>
        <styleUrl>#track</styleUrl>
        <Point>
          <coordinates>-71.848175,-13.394302,3858.49</coordinates>
        </Point>
      </Placemark>
      <Placemark>
        <name>Apu Linli hike - Wikiloc-359</name>
        <snippet></snippet>
        <description>
&lt;table&gt;
&lt;tr&gt;&lt;td&gt;Longitude: -71.848137&lt;/td&gt;&lt;/tr&gt;
&lt;tr&gt;&lt;td&gt;Latitude: -13.394251&lt;/td&gt;&lt;/tr&gt;
&lt;tr&gt;&lt;td&gt;Altitude: 12661.171 ft&lt;/td&gt;&lt;/tr&gt;
&lt;tr&gt;&lt;td&gt;Speed: 2.6 mph&lt;/td&gt;&lt;/tr&gt;
&lt;tr&gt;&lt;td&gt;Heading: 35.9&lt;/td&gt;&lt;/tr&gt;
&lt;tr&gt;&lt;td&gt;Time: 2021-02-19T17:44:00Z&lt;/td&gt;&lt;/tr&gt;
&lt;/table&gt;
</description>
        <LookAt>
          <longitude>-71.848137</longitude>
          <latitude>-13.394251</latitude>
          <tilt>66</tilt>
        </LookAt>
        <TimeStamp>
          <when>2021-02-19T17:44:00Z</when>
        </TimeStamp>
        <styleUrl>#track</styleUrl>
        <Point>
          <coordinates>-71.848137,-13.394251,3859.13</coordinates>
        </Point>
      </Placemark>
      <Placemark>
        <name>Apu Linli hike - Wikiloc-360</name>
        <snippet></snippet>
        <description>
&lt;table&gt;
&lt;tr&gt;&lt;td&gt;Longitude: -71.848098&lt;/td&gt;&lt;/tr&gt;
&lt;tr&gt;&lt;td&gt;Latitude: -13.394207&lt;/td&gt;&lt;/tr&gt;
&lt;tr&gt;&lt;td&gt;Altitude: 12663.163 ft&lt;/td&gt;&lt;/tr&gt;
&lt;tr&gt;&lt;td&gt;Speed: 2.4 mph&lt;/td&gt;&lt;/tr&gt;
&lt;tr&gt;&lt;td&gt;Heading: 40.8&lt;/td&gt;&lt;/tr&gt;
&lt;tr&gt;&lt;td&gt;Time: 2021-02-19T17:44:06Z&lt;/td&gt;&lt;/tr&gt;
&lt;/table&gt;
</description>
        <LookAt>
          <longitude>-71.848098</longitude>
          <latitude>-13.394207</latitude>
          <tilt>66</tilt>
        </LookAt>
        <TimeStamp>
          <when>2021-02-19T17:44:06Z</when>
        </TimeStamp>
        <styleUrl>#track</styleUrl>
        <Point>
          <coordinates>-71.848098,-13.394207,3859.73</coordinates>
        </Point>
      </Placemark>
      <Placemark>
        <name>Apu Linli hike - Wikiloc-361</name>
        <snippet></snippet>
        <description>
&lt;table&gt;
&lt;tr&gt;&lt;td&gt;Longitude: -71.848056&lt;/td&gt;&lt;/tr&gt;
&lt;tr&gt;&lt;td&gt;Latitude: -13.394160&lt;/td&gt;&lt;/tr&gt;
&lt;tr&gt;&lt;td&gt;Altitude: 12664.344 ft&lt;/td&gt;&lt;/tr&gt;
&lt;tr&gt;&lt;td&gt;Speed: 2.6 mph&lt;/td&gt;&lt;/tr&gt;
&lt;tr&gt;&lt;td&gt;Heading: 41.0&lt;/td&gt;&lt;/tr&gt;
&lt;tr&gt;&lt;td&gt;Time: 2021-02-19T17:44:12Z&lt;/td&gt;&lt;/tr&gt;
&lt;/table&gt;
</description>
        <LookAt>
          <longitude>-71.848056</longitude>
          <latitude>-13.39416</latitude>
          <tilt>66</tilt>
        </LookAt>
        <TimeStamp>
          <when>2021-02-19T17:44:12Z</when>
        </TimeStamp>
        <styleUrl>#track</styleUrl>
        <Point>
          <coordinates>-71.848056,-13.394160,3860.09</coordinates>
        </Point>
      </Placemark>
      <Placemark>
        <name>Apu Linli hike - Wikiloc-362</name>
        <snippet></snippet>
        <description>
&lt;table&gt;
&lt;tr&gt;&lt;td&gt;Longitude: -71.848005&lt;/td&gt;&lt;/tr&gt;
&lt;tr&gt;&lt;td&gt;Latitude: -13.394117&lt;/td&gt;&lt;/tr&gt;
&lt;tr&gt;&lt;td&gt;Altitude: 12664.734 ft&lt;/td&gt;&lt;/tr&gt;
&lt;tr&gt;&lt;td&gt;Speed: 2.7 mph&lt;/td&gt;&lt;/tr&gt;
&lt;tr&gt;&lt;td&gt;Heading: 49.1&lt;/td&gt;&lt;/tr&gt;
&lt;tr&gt;&lt;td&gt;Time: 2021-02-19T17:44:18Z&lt;/td&gt;&lt;/tr&gt;
&lt;/table&gt;
</description>
        <LookAt>
          <longitude>-71.848005</longitude>
          <latitude>-13.394117</latitude>
          <tilt>66</tilt>
        </LookAt>
        <TimeStamp>
          <when>2021-02-19T17:44:18Z</when>
        </TimeStamp>
        <styleUrl>#track</styleUrl>
        <Point>
          <coordinates>-71.848005,-13.394117,3860.21</coordinates>
        </Point>
      </Placemark>
      <Placemark>
        <name>Apu Linli hike - Wikiloc-363</name>
        <snippet></snippet>
        <description>
&lt;table&gt;
&lt;tr&gt;&lt;td&gt;Longitude: -71.847952&lt;/td&gt;&lt;/tr&gt;
&lt;tr&gt;&lt;td&gt;Latitude: -13.394079&lt;/td&gt;&lt;/tr&gt;
&lt;tr&gt;&lt;td&gt;Altitude: 12666.037 ft&lt;/td&gt;&lt;/tr&gt;
&lt;tr&gt;&lt;td&gt;Speed: 2.7 mph&lt;/td&gt;&lt;/tr&gt;
&lt;tr&gt;&lt;td&gt;Heading: 53.6&lt;/td&gt;&lt;/tr&gt;
&lt;tr&gt;&lt;td&gt;Time: 2021-02-19T17:44:24Z&lt;/td&gt;&lt;/tr&gt;
&lt;/table&gt;
</description>
        <LookAt>
          <longitude>-71.847952</longitude>
          <latitude>-13.394079</latitude>
          <tilt>66</tilt>
        </LookAt>
        <TimeStamp>
          <when>2021-02-19T17:44:24Z</when>
        </TimeStamp>
        <styleUrl>#track</styleUrl>
        <Point>
          <coordinates>-71.847952,-13.394079,3860.61</coordinates>
        </Point>
      </Placemark>
      <Placemark>
        <name>Apu Linli hike - Wikiloc-364</name>
        <snippet></snippet>
        <description>
&lt;table&gt;
&lt;tr&gt;&lt;td&gt;Longitude: -71.847911&lt;/td&gt;&lt;/tr&gt;
&lt;tr&gt;&lt;td&gt;Latitude: -13.394048&lt;/td&gt;&lt;/tr&gt;
&lt;tr&gt;&lt;td&gt;Altitude: 12667.779 ft&lt;/td&gt;&lt;/tr&gt;
&lt;tr&gt;&lt;td&gt;Speed: 0.8 mph&lt;/td&gt;&lt;/tr&gt;
&lt;tr&gt;&lt;td&gt;Heading: 52.1&lt;/td&gt;&lt;/tr&gt;
&lt;tr&gt;&lt;td&gt;Time: 2021-02-19T17:44:40Z&lt;/td&gt;&lt;/tr&gt;
&lt;/table&gt;
</description>
        <LookAt>
          <longitude>-71.847911</longitude>
          <latitude>-13.394048</latitude>
          <tilt>66</tilt>
        </LookAt>
        <TimeStamp>
          <when>2021-02-19T17:44:40Z</when>
        </TimeStamp>
        <styleUrl>#track</styleUrl>
        <Point>
          <coordinates>-71.847911,-13.394048,3861.14</coordinates>
        </Point>
      </Placemark>
      <Placemark>
        <name>Apu Linli hike - Wikiloc-365</name>
        <snippet></snippet>
        <description>
&lt;table&gt;
&lt;tr&gt;&lt;td&gt;Longitude: -71.847854&lt;/td&gt;&lt;/tr&gt;
&lt;tr&gt;&lt;td&gt;Latitude: -13.393975&lt;/td&gt;&lt;/tr&gt;
&lt;tr&gt;&lt;td&gt;Altitude: 12664.629 ft&lt;/td&gt;&lt;/tr&gt;
&lt;tr&gt;&lt;td&gt;Speed: 1.9 mph&lt;/td&gt;&lt;/tr&gt;
&lt;tr&gt;&lt;td&gt;Heading: 37.2&lt;/td&gt;&lt;/tr&gt;
&lt;tr&gt;&lt;td&gt;Time: 2021-02-19T17:44:52Z&lt;/td&gt;&lt;/tr&gt;
&lt;/table&gt;
</description>
        <LookAt>
          <longitude>-71.847854</longitude>
          <latitude>-13.393975</latitude>
          <tilt>66</tilt>
        </LookAt>
        <TimeStamp>
          <when>2021-02-19T17:44:52Z</when>
        </TimeStamp>
        <styleUrl>#track</styleUrl>
        <Point>
          <coordinates>-71.847854,-13.393975,3860.18</coordinates>
        </Point>
      </Placemark>
      <Placemark>
        <name>Apu Linli hike - Wikiloc-366</name>
        <snippet></snippet>
        <description>
&lt;table&gt;
&lt;tr&gt;&lt;td&gt;Longitude: -71.847832&lt;/td&gt;&lt;/tr&gt;
&lt;tr&gt;&lt;td&gt;Latitude: -13.394018&lt;/td&gt;&lt;/tr&gt;
&lt;tr&gt;&lt;td&gt;Altitude: 12662.579 ft&lt;/td&gt;&lt;/tr&gt;
&lt;tr&gt;&lt;td&gt;Speed: 0.9 mph&lt;/td&gt;&lt;/tr&gt;
&lt;tr&gt;&lt;td&gt;Heading: 153.5&lt;/td&gt;&lt;/tr&gt;
&lt;tr&gt;&lt;td&gt;Time: 2021-02-19T17:45:06Z&lt;/td&gt;&lt;/tr&gt;
&lt;/table&gt;
</description>
        <LookAt>
          <longitude>-71.847832</longitude>
          <latitude>-13.394018</latitude>
          <tilt>66</tilt>
        </LookAt>
        <TimeStamp>
          <when>2021-02-19T17:45:06Z</when>
        </TimeStamp>
        <styleUrl>#track</styleUrl>
        <Point>
          <coordinates>-71.847832,-13.394018,3859.55</coordinates>
        </Point>
      </Placemark>
      <Placemark>
        <name>Apu Linli hike - Wikiloc-367</name>
        <snippet></snippet>
        <description>
&lt;table&gt;
&lt;tr&gt;&lt;td&gt;Longitude: -71.847776&lt;/td&gt;&lt;/tr&gt;
&lt;tr&gt;&lt;td&gt;Latitude: -13.394001&lt;/td&gt;&lt;/tr&gt;
&lt;tr&gt;&lt;td&gt;Altitude: 12662.218 ft&lt;/td&gt;&lt;/tr&gt;
&lt;tr&gt;&lt;td&gt;Speed: 2.4 mph&lt;/td&gt;&lt;/tr&gt;
&lt;tr&gt;&lt;td&gt;Heading: 72.7&lt;/td&gt;&lt;/tr&gt;
&lt;tr&gt;&lt;td&gt;Time: 2021-02-19T17:45:12Z&lt;/td&gt;&lt;/tr&gt;
&lt;/table&gt;
</description>
        <LookAt>
          <longitude>-71.847776</longitude>
          <latitude>-13.394001</latitude>
          <tilt>66</tilt>
        </LookAt>
        <TimeStamp>
          <when>2021-02-19T17:45:12Z</when>
        </TimeStamp>
        <styleUrl>#track</styleUrl>
        <Point>
          <coordinates>-71.847776,-13.394001,3859.44</coordinates>
        </Point>
      </Placemark>
      <Placemark>
        <name>Apu Linli hike - Wikiloc-368</name>
        <snippet></snippet>
        <description>
&lt;table&gt;
&lt;tr&gt;&lt;td&gt;Longitude: -71.847738&lt;/td&gt;&lt;/tr&gt;
&lt;tr&gt;&lt;td&gt;Latitude: -13.393956&lt;/td&gt;&lt;/tr&gt;
&lt;tr&gt;&lt;td&gt;Altitude: 12662.264 ft&lt;/td&gt;&lt;/tr&gt;
&lt;tr&gt;&lt;td&gt;Speed: 2.9 mph&lt;/td&gt;&lt;/tr&gt;
&lt;tr&gt;&lt;td&gt;Heading: 39.4&lt;/td&gt;&lt;/tr&gt;
&lt;tr&gt;&lt;td&gt;Time: 2021-02-19T17:45:17Z&lt;/td&gt;&lt;/tr&gt;
&lt;/table&gt;
</description>
        <LookAt>
          <longitude>-71.847738</longitude>
          <latitude>-13.393956</latitude>
          <tilt>66</tilt>
        </LookAt>
        <TimeStamp>
          <when>2021-02-19T17:45:17Z</when>
        </TimeStamp>
        <styleUrl>#track</styleUrl>
        <Point>
          <coordinates>-71.847738,-13.393956,3859.46</coordinates>
        </Point>
      </Placemark>
      <Placemark>
        <name>Apu Linli hike - Wikiloc-369</name>
        <snippet></snippet>
        <description>
&lt;table&gt;
&lt;tr&gt;&lt;td&gt;Longitude: -71.847700&lt;/td&gt;&lt;/tr&gt;
&lt;tr&gt;&lt;td&gt;Latitude: -13.393920&lt;/td&gt;&lt;/tr&gt;
&lt;tr&gt;&lt;td&gt;Altitude: 12663.333 ft&lt;/td&gt;&lt;/tr&gt;
&lt;tr&gt;&lt;td&gt;Speed: 0.9 mph&lt;/td&gt;&lt;/tr&gt;
&lt;tr&gt;&lt;td&gt;Heading: 45.8&lt;/td&gt;&lt;/tr&gt;
&lt;tr&gt;&lt;td&gt;Time: 2021-02-19T17:45:31Z&lt;/td&gt;&lt;/tr&gt;
&lt;/table&gt;
</description>
        <LookAt>
          <longitude>-71.8477</longitude>
          <latitude>-13.39392</latitude>
          <tilt>66</tilt>
        </LookAt>
        <TimeStamp>
          <when>2021-02-19T17:45:31Z</when>
        </TimeStamp>
        <styleUrl>#track</styleUrl>
        <Point>
          <coordinates>-71.847700,-13.393920,3859.78</coordinates>
        </Point>
      </Placemark>
      <Placemark>
        <name>Apu Linli hike - Wikiloc-370</name>
        <snippet></snippet>
        <description>
&lt;table&gt;
&lt;tr&gt;&lt;td&gt;Longitude: -71.847650&lt;/td&gt;&lt;/tr&gt;
&lt;tr&gt;&lt;td&gt;Latitude: -13.393883&lt;/td&gt;&lt;/tr&gt;
&lt;tr&gt;&lt;td&gt;Altitude: 12664.964 ft&lt;/td&gt;&lt;/tr&gt;
&lt;tr&gt;&lt;td&gt;Speed: 2.5 mph&lt;/td&gt;&lt;/tr&gt;
&lt;tr&gt;&lt;td&gt;Heading: 52.7&lt;/td&gt;&lt;/tr&gt;
&lt;tr&gt;&lt;td&gt;Time: 2021-02-19T17:45:37Z&lt;/td&gt;&lt;/tr&gt;
&lt;/table&gt;
</description>
        <LookAt>
          <longitude>-71.84765</longitude>
          <latitude>-13.393883</latitude>
          <tilt>66</tilt>
        </LookAt>
        <TimeStamp>
          <when>2021-02-19T17:45:37Z</when>
        </TimeStamp>
        <styleUrl>#track</styleUrl>
        <Point>
          <coordinates>-71.847650,-13.393883,3860.28</coordinates>
        </Point>
      </Placemark>
      <Placemark>
        <name>Apu Linli hike - Wikiloc-371</name>
        <snippet></snippet>
        <description>
&lt;table&gt;
&lt;tr&gt;&lt;td&gt;Longitude: -71.847603&lt;/td&gt;&lt;/tr&gt;
&lt;tr&gt;&lt;td&gt;Latitude: -13.393842&lt;/td&gt;&lt;/tr&gt;
&lt;tr&gt;&lt;td&gt;Altitude: 12666.965 ft&lt;/td&gt;&lt;/tr&gt;
&lt;tr&gt;&lt;td&gt;Speed: 2.5 mph&lt;/td&gt;&lt;/tr&gt;
&lt;tr&gt;&lt;td&gt;Heading: 48.1&lt;/td&gt;&lt;/tr&gt;
&lt;tr&gt;&lt;td&gt;Time: 2021-02-19T17:45:43Z&lt;/td&gt;&lt;/tr&gt;
&lt;/table&gt;
</description>
        <LookAt>
          <longitude>-71.847603</longitude>
          <latitude>-13.393842</latitude>
          <tilt>66</tilt>
        </LookAt>
        <TimeStamp>
          <when>2021-02-19T17:45:43Z</when>
        </TimeStamp>
        <styleUrl>#track</styleUrl>
        <Point>
          <coordinates>-71.847603,-13.393842,3860.89</coordinates>
        </Point>
      </Placemark>
      <Placemark>
        <name>Apu Linli hike - Wikiloc-372</name>
        <snippet></snippet>
        <description>
&lt;table&gt;
&lt;tr&gt;&lt;td&gt;Longitude: -71.847564&lt;/td&gt;&lt;/tr&gt;
&lt;tr&gt;&lt;td&gt;Latitude: -13.393803&lt;/td&gt;&lt;/tr&gt;
&lt;tr&gt;&lt;td&gt;Altitude: 12668.369 ft&lt;/td&gt;&lt;/tr&gt;
&lt;tr&gt;&lt;td&gt;Speed: 2.3 mph&lt;/td&gt;&lt;/tr&gt;
&lt;tr&gt;&lt;td&gt;Heading: 44.2&lt;/td&gt;&lt;/tr&gt;
&lt;tr&gt;&lt;td&gt;Time: 2021-02-19T17:45:49Z&lt;/td&gt;&lt;/tr&gt;
&lt;/table&gt;
</description>
        <LookAt>
          <longitude>-71.847564</longitude>
          <latitude>-13.393803</latitude>
          <tilt>66</tilt>
        </LookAt>
        <TimeStamp>
          <when>2021-02-19T17:45:49Z</when>
        </TimeStamp>
        <styleUrl>#track</styleUrl>
        <Point>
          <coordinates>-71.847564,-13.393803,3861.32</coordinates>
        </Point>
      </Placemark>
      <Placemark>
        <name>Apu Linli hike - Wikiloc-373</name>
        <snippet></snippet>
        <description>
&lt;table&gt;
&lt;tr&gt;&lt;td&gt;Longitude: -71.847519&lt;/td&gt;&lt;/tr&gt;
&lt;tr&gt;&lt;td&gt;Latitude: -13.393771&lt;/td&gt;&lt;/tr&gt;
&lt;tr&gt;&lt;td&gt;Altitude: 12668.009 ft&lt;/td&gt;&lt;/tr&gt;
&lt;tr&gt;&lt;td&gt;Speed: 1.4 mph&lt;/td&gt;&lt;/tr&gt;
&lt;tr&gt;&lt;td&gt;Heading: 53.8&lt;/td&gt;&lt;/tr&gt;
&lt;tr&gt;&lt;td&gt;Time: 2021-02-19T17:45:59Z&lt;/td&gt;&lt;/tr&gt;
&lt;/table&gt;
</description>
        <LookAt>
          <longitude>-71.847519</longitude>
          <latitude>-13.393771</latitude>
          <tilt>66</tilt>
        </LookAt>
        <TimeStamp>
          <when>2021-02-19T17:45:59Z</when>
        </TimeStamp>
        <styleUrl>#track</styleUrl>
        <Point>
          <coordinates>-71.847519,-13.393771,3861.21</coordinates>
        </Point>
      </Placemark>
      <Placemark>
        <name>Apu Linli hike - Wikiloc-374</name>
        <snippet></snippet>
        <description>
&lt;table&gt;
&lt;tr&gt;&lt;td&gt;Longitude: -71.847479&lt;/td&gt;&lt;/tr&gt;
&lt;tr&gt;&lt;td&gt;Latitude: -13.393738&lt;/td&gt;&lt;/tr&gt;
&lt;tr&gt;&lt;td&gt;Altitude: 12667.057 ft&lt;/td&gt;&lt;/tr&gt;
&lt;tr&gt;&lt;td&gt;Speed: 2.1 mph&lt;/td&gt;&lt;/tr&gt;
&lt;tr&gt;&lt;td&gt;Heading: 49.7&lt;/td&gt;&lt;/tr&gt;
&lt;tr&gt;&lt;td&gt;Time: 2021-02-19T17:46:05Z&lt;/td&gt;&lt;/tr&gt;
&lt;/table&gt;
</description>
        <LookAt>
          <longitude>-71.847479</longitude>
          <latitude>-13.393738</latitude>
          <tilt>66</tilt>
        </LookAt>
        <TimeStamp>
          <when>2021-02-19T17:46:05Z</when>
        </TimeStamp>
        <styleUrl>#track</styleUrl>
        <Point>
          <coordinates>-71.847479,-13.393738,3860.92</coordinates>
        </Point>
      </Placemark>
      <Placemark>
        <name>Apu Linli hike - Wikiloc-375</name>
        <snippet></snippet>
        <description>
&lt;table&gt;
&lt;tr&gt;&lt;td&gt;Longitude: -71.847519&lt;/td&gt;&lt;/tr&gt;
&lt;tr&gt;&lt;td&gt;Latitude: -13.393693&lt;/td&gt;&lt;/tr&gt;
&lt;tr&gt;&lt;td&gt;Altitude: 12668.005 ft&lt;/td&gt;&lt;/tr&gt;
&lt;tr&gt;&lt;td&gt;Speed: 0.4 mph&lt;/td&gt;&lt;/tr&gt;
&lt;tr&gt;&lt;td&gt;Heading: 319.1&lt;/td&gt;&lt;/tr&gt;
&lt;tr&gt;&lt;td&gt;Time: 2021-02-19T17:46:39Z&lt;/td&gt;&lt;/tr&gt;
&lt;/table&gt;
</description>
        <LookAt>
          <longitude>-71.847519</longitude>
          <latitude>-13.393693</latitude>
          <tilt>66</tilt>
        </LookAt>
        <TimeStamp>
          <when>2021-02-19T17:46:39Z</when>
        </TimeStamp>
        <styleUrl>#track</styleUrl>
        <Point>
          <coordinates>-71.847519,-13.393693,3861.21</coordinates>
        </Point>
      </Placemark>
      <Placemark>
        <name>Apu Linli hike - Wikiloc-376</name>
        <snippet></snippet>
        <description>
&lt;table&gt;
&lt;tr&gt;&lt;td&gt;Longitude: -71.847558&lt;/td&gt;&lt;/tr&gt;
&lt;tr&gt;&lt;td&gt;Latitude: -13.393657&lt;/td&gt;&lt;/tr&gt;
&lt;tr&gt;&lt;td&gt;Altitude: 12671.316 ft&lt;/td&gt;&lt;/tr&gt;
&lt;tr&gt;&lt;td&gt;Speed: 2.2 mph&lt;/td&gt;&lt;/tr&gt;
&lt;tr&gt;&lt;td&gt;Heading: 313.5&lt;/td&gt;&lt;/tr&gt;
&lt;tr&gt;&lt;td&gt;Time: 2021-02-19T17:46:45Z&lt;/td&gt;&lt;/tr&gt;
&lt;/table&gt;
</description>
        <LookAt>
          <longitude>-71.847558</longitude>
          <latitude>-13.393657</latitude>
          <tilt>66</tilt>
        </LookAt>
        <TimeStamp>
          <when>2021-02-19T17:46:45Z</when>
        </TimeStamp>
        <styleUrl>#track</styleUrl>
        <Point>
          <coordinates>-71.847558,-13.393657,3862.22</coordinates>
        </Point>
      </Placemark>
      <Placemark>
        <name>Apu Linli hike - Wikiloc-377</name>
        <snippet></snippet>
        <description>
&lt;table&gt;
&lt;tr&gt;&lt;td&gt;Longitude: -71.847620&lt;/td&gt;&lt;/tr&gt;
&lt;tr&gt;&lt;td&gt;Latitude: -13.393631&lt;/td&gt;&lt;/tr&gt;
&lt;tr&gt;&lt;td&gt;Altitude: 12675.187 ft&lt;/td&gt;&lt;/tr&gt;
&lt;tr&gt;&lt;td&gt;Speed: 2.7 mph&lt;/td&gt;&lt;/tr&gt;
&lt;tr&gt;&lt;td&gt;Heading: 293.3&lt;/td&gt;&lt;/tr&gt;
&lt;tr&gt;&lt;td&gt;Time: 2021-02-19T17:46:51Z&lt;/td&gt;&lt;/tr&gt;
&lt;/table&gt;
</description>
        <LookAt>
          <longitude>-71.84762</longitude>
          <latitude>-13.393631</latitude>
          <tilt>66</tilt>
        </LookAt>
        <TimeStamp>
          <when>2021-02-19T17:46:51Z</when>
        </TimeStamp>
        <styleUrl>#track</styleUrl>
        <Point>
          <coordinates>-71.847620,-13.393631,3863.40</coordinates>
        </Point>
      </Placemark>
      <Placemark>
        <name>Apu Linli hike - Wikiloc-378</name>
        <snippet></snippet>
        <description>
&lt;table&gt;
&lt;tr&gt;&lt;td&gt;Longitude: -71.847682&lt;/td&gt;&lt;/tr&gt;
&lt;tr&gt;&lt;td&gt;Latitude: -13.393612&lt;/td&gt;&lt;/tr&gt;
&lt;tr&gt;&lt;td&gt;Altitude: 12678.714 ft&lt;/td&gt;&lt;/tr&gt;
&lt;tr&gt;&lt;td&gt;Speed: 2.6 mph&lt;/td&gt;&lt;/tr&gt;
&lt;tr&gt;&lt;td&gt;Heading: 287.5&lt;/td&gt;&lt;/tr&gt;
&lt;tr&gt;&lt;td&gt;Time: 2021-02-19T17:46:57Z&lt;/td&gt;&lt;/tr&gt;
&lt;/table&gt;
</description>
        <LookAt>
          <longitude>-71.847682</longitude>
          <latitude>-13.393612</latitude>
          <tilt>66</tilt>
        </LookAt>
        <TimeStamp>
          <when>2021-02-19T17:46:57Z</when>
        </TimeStamp>
        <styleUrl>#track</styleUrl>
        <Point>
          <coordinates>-71.847682,-13.393612,3864.47</coordinates>
        </Point>
      </Placemark>
      <Placemark>
        <name>Apu Linli hike - Wikiloc-379</name>
        <snippet></snippet>
        <description>
&lt;table&gt;
&lt;tr&gt;&lt;td&gt;Longitude: -71.847729&lt;/td&gt;&lt;/tr&gt;
&lt;tr&gt;&lt;td&gt;Latitude: -13.393584&lt;/td&gt;&lt;/tr&gt;
&lt;tr&gt;&lt;td&gt;Altitude: 12682.454 ft&lt;/td&gt;&lt;/tr&gt;
&lt;tr&gt;&lt;td&gt;Speed: 2.2 mph&lt;/td&gt;&lt;/tr&gt;
&lt;tr&gt;&lt;td&gt;Heading: 301.5&lt;/td&gt;&lt;/tr&gt;
&lt;tr&gt;&lt;td&gt;Time: 2021-02-19T17:47:03Z&lt;/td&gt;&lt;/tr&gt;
&lt;/table&gt;
</description>
        <LookAt>
          <longitude>-71.847729</longitude>
          <latitude>-13.393584</latitude>
          <tilt>66</tilt>
        </LookAt>
        <TimeStamp>
          <when>2021-02-19T17:47:03Z</when>
        </TimeStamp>
        <styleUrl>#track</styleUrl>
        <Point>
          <coordinates>-71.847729,-13.393584,3865.61</coordinates>
        </Point>
      </Placemark>
      <Placemark>
        <name>Apu Linli hike - Wikiloc-380</name>
        <snippet></snippet>
        <description>
&lt;table&gt;
&lt;tr&gt;&lt;td&gt;Longitude: -71.847791&lt;/td&gt;&lt;/tr&gt;
&lt;tr&gt;&lt;td&gt;Latitude: -13.393564&lt;/td&gt;&lt;/tr&gt;
&lt;tr&gt;&lt;td&gt;Altitude: 12686.437 ft&lt;/td&gt;&lt;/tr&gt;
&lt;tr&gt;&lt;td&gt;Speed: 2.6 mph&lt;/td&gt;&lt;/tr&gt;
&lt;tr&gt;&lt;td&gt;Heading: 288.3&lt;/td&gt;&lt;/tr&gt;
&lt;tr&gt;&lt;td&gt;Time: 2021-02-19T17:47:09Z&lt;/td&gt;&lt;/tr&gt;
&lt;/table&gt;
</description>
        <LookAt>
          <longitude>-71.847791</longitude>
          <latitude>-13.393564</latitude>
          <tilt>66</tilt>
        </LookAt>
        <TimeStamp>
          <when>2021-02-19T17:47:09Z</when>
        </TimeStamp>
        <styleUrl>#track</styleUrl>
        <Point>
          <coordinates>-71.847791,-13.393564,3866.83</coordinates>
        </Point>
      </Placemark>
      <Placemark>
        <name>Apu Linli hike - Wikiloc-381</name>
        <snippet></snippet>
        <description>
&lt;table&gt;
&lt;tr&gt;&lt;td&gt;Longitude: -71.847834&lt;/td&gt;&lt;/tr&gt;
&lt;tr&gt;&lt;td&gt;Latitude: -13.393536&lt;/td&gt;&lt;/tr&gt;
&lt;tr&gt;&lt;td&gt;Altitude: 12691.640 ft&lt;/td&gt;&lt;/tr&gt;
&lt;tr&gt;&lt;td&gt;Speed: 2.1 mph&lt;/td&gt;&lt;/tr&gt;
&lt;tr&gt;&lt;td&gt;Heading: 303.8&lt;/td&gt;&lt;/tr&gt;
&lt;tr&gt;&lt;td&gt;Time: 2021-02-19T17:47:15Z&lt;/td&gt;&lt;/tr&gt;
&lt;/table&gt;
</description>
        <LookAt>
          <longitude>-71.847834</longitude>
          <latitude>-13.393536</latitude>
          <tilt>66</tilt>
        </LookAt>
        <TimeStamp>
          <when>2021-02-19T17:47:15Z</when>
        </TimeStamp>
        <styleUrl>#track</styleUrl>
        <Point>
          <coordinates>-71.847834,-13.393536,3868.41</coordinates>
        </Point>
      </Placemark>
      <Placemark>
        <name>Apu Linli hike - Wikiloc-382</name>
        <snippet></snippet>
        <description>
&lt;table&gt;
&lt;tr&gt;&lt;td&gt;Longitude: -71.847889&lt;/td&gt;&lt;/tr&gt;
&lt;tr&gt;&lt;td&gt;Latitude: -13.393523&lt;/td&gt;&lt;/tr&gt;
&lt;tr&gt;&lt;td&gt;Altitude: 12696.158 ft&lt;/td&gt;&lt;/tr&gt;
&lt;tr&gt;&lt;td&gt;Speed: 2.3 mph&lt;/td&gt;&lt;/tr&gt;
&lt;tr&gt;&lt;td&gt;Heading: 283.7&lt;/td&gt;&lt;/tr&gt;
&lt;tr&gt;&lt;td&gt;Time: 2021-02-19T17:47:21Z&lt;/td&gt;&lt;/tr&gt;
&lt;/table&gt;
</description>
        <LookAt>
          <longitude>-71.847889</longitude>
          <latitude>-13.393523</latitude>
          <tilt>66</tilt>
        </LookAt>
        <TimeStamp>
          <when>2021-02-19T17:47:21Z</when>
        </TimeStamp>
        <styleUrl>#track</styleUrl>
        <Point>
          <coordinates>-71.847889,-13.393523,3869.79</coordinates>
        </Point>
      </Placemark>
      <Placemark>
        <name>Apu Linli hike - Wikiloc-383</name>
        <snippet></snippet>
        <description>
&lt;table&gt;
&lt;tr&gt;&lt;td&gt;Longitude: -71.847922&lt;/td&gt;&lt;/tr&gt;
&lt;tr&gt;&lt;td&gt;Latitude: -13.393484&lt;/td&gt;&lt;/tr&gt;
&lt;tr&gt;&lt;td&gt;Altitude: 12701.211 ft&lt;/td&gt;&lt;/tr&gt;
&lt;tr&gt;&lt;td&gt;Speed: 2.1 mph&lt;/td&gt;&lt;/tr&gt;
&lt;tr&gt;&lt;td&gt;Heading: 320.5&lt;/td&gt;&lt;/tr&gt;
&lt;tr&gt;&lt;td&gt;Time: 2021-02-19T17:47:27Z&lt;/td&gt;&lt;/tr&gt;
&lt;/table&gt;
</description>
        <LookAt>
          <longitude>-71.847922</longitude>
          <latitude>-13.393484</latitude>
          <tilt>66</tilt>
        </LookAt>
        <TimeStamp>
          <when>2021-02-19T17:47:27Z</when>
        </TimeStamp>
        <styleUrl>#track</styleUrl>
        <Point>
          <coordinates>-71.847922,-13.393484,3871.33</coordinates>
        </Point>
      </Placemark>
      <Placemark>
        <name>Apu Linli hike - Wikiloc-384</name>
        <snippet></snippet>
        <description>
&lt;table&gt;
&lt;tr&gt;&lt;td&gt;Longitude: -71.847959&lt;/td&gt;&lt;/tr&gt;
&lt;tr&gt;&lt;td&gt;Latitude: -13.393442&lt;/td&gt;&lt;/tr&gt;
&lt;tr&gt;&lt;td&gt;Altitude: 12708.422 ft&lt;/td&gt;&lt;/tr&gt;
&lt;tr&gt;&lt;td&gt;Speed: 2.3 mph&lt;/td&gt;&lt;/tr&gt;
&lt;tr&gt;&lt;td&gt;Heading: 319.4&lt;/td&gt;&lt;/tr&gt;
&lt;tr&gt;&lt;td&gt;Time: 2021-02-19T17:47:33Z&lt;/td&gt;&lt;/tr&gt;
&lt;/table&gt;
</description>
        <LookAt>
          <longitude>-71.847959</longitude>
          <latitude>-13.393442</latitude>
          <tilt>66</tilt>
        </LookAt>
        <TimeStamp>
          <when>2021-02-19T17:47:33Z</when>
        </TimeStamp>
        <styleUrl>#track</styleUrl>
        <Point>
          <coordinates>-71.847959,-13.393442,3873.53</coordinates>
        </Point>
      </Placemark>
      <Placemark>
        <name>Apu Linli hike - Wikiloc-385</name>
        <snippet></snippet>
        <description>
&lt;table&gt;
&lt;tr&gt;&lt;td&gt;Longitude: -71.847970&lt;/td&gt;&lt;/tr&gt;
&lt;tr&gt;&lt;td&gt;Latitude: -13.393390&lt;/td&gt;&lt;/tr&gt;
&lt;tr&gt;&lt;td&gt;Altitude: 12714.790 ft&lt;/td&gt;&lt;/tr&gt;
&lt;tr&gt;&lt;td&gt;Speed: 2.2 mph&lt;/td&gt;&lt;/tr&gt;
&lt;tr&gt;&lt;td&gt;Heading: 348.4&lt;/td&gt;&lt;/tr&gt;
&lt;tr&gt;&lt;td&gt;Time: 2021-02-19T17:47:39Z&lt;/td&gt;&lt;/tr&gt;
&lt;/table&gt;
</description>
        <LookAt>
          <longitude>-71.84797</longitude>
          <latitude>-13.39339</latitude>
          <tilt>66</tilt>
        </LookAt>
        <TimeStamp>
          <when>2021-02-19T17:47:39Z</when>
        </TimeStamp>
        <styleUrl>#track</styleUrl>
        <Point>
          <coordinates>-71.847970,-13.393390,3875.47</coordinates>
        </Point>
      </Placemark>
      <Placemark>
        <name>Apu Linli hike - Wikiloc-386</name>
        <snippet></snippet>
        <description>
&lt;table&gt;
&lt;tr&gt;&lt;td&gt;Longitude: -71.848015&lt;/td&gt;&lt;/tr&gt;
&lt;tr&gt;&lt;td&gt;Latitude: -13.393353&lt;/td&gt;&lt;/tr&gt;
&lt;tr&gt;&lt;td&gt;Altitude: 12719.862 ft&lt;/td&gt;&lt;/tr&gt;
&lt;tr&gt;&lt;td&gt;Speed: 1.8 mph&lt;/td&gt;&lt;/tr&gt;
&lt;tr&gt;&lt;td&gt;Heading: 310.2&lt;/td&gt;&lt;/tr&gt;
&lt;tr&gt;&lt;td&gt;Time: 2021-02-19T17:47:47Z&lt;/td&gt;&lt;/tr&gt;
&lt;/table&gt;
</description>
        <LookAt>
          <longitude>-71.848015</longitude>
          <latitude>-13.393353</latitude>
          <tilt>66</tilt>
        </LookAt>
        <TimeStamp>
          <when>2021-02-19T17:47:47Z</when>
        </TimeStamp>
        <styleUrl>#track</styleUrl>
        <Point>
          <coordinates>-71.848015,-13.393353,3877.01</coordinates>
        </Point>
      </Placemark>
      <Placemark>
        <name>Apu Linli hike - Wikiloc-387</name>
        <snippet></snippet>
        <description>
&lt;table&gt;
&lt;tr&gt;&lt;td&gt;Longitude: -71.848056&lt;/td&gt;&lt;/tr&gt;
&lt;tr&gt;&lt;td&gt;Latitude: -13.393328&lt;/td&gt;&lt;/tr&gt;
&lt;tr&gt;&lt;td&gt;Altitude: 12724.436 ft&lt;/td&gt;&lt;/tr&gt;
&lt;tr&gt;&lt;td&gt;Speed: 0.6 mph&lt;/td&gt;&lt;/tr&gt;
&lt;tr&gt;&lt;td&gt;Heading: 302.1&lt;/td&gt;&lt;/tr&gt;
&lt;tr&gt;&lt;td&gt;Time: 2021-02-19T17:48:08Z&lt;/td&gt;&lt;/tr&gt;
&lt;/table&gt;
</description>
        <LookAt>
          <longitude>-71.848056</longitude>
          <latitude>-13.393328</latitude>
          <tilt>66</tilt>
        </LookAt>
        <TimeStamp>
          <when>2021-02-19T17:48:08Z</when>
        </TimeStamp>
        <styleUrl>#track</styleUrl>
        <Point>
          <coordinates>-71.848056,-13.393328,3878.41</coordinates>
        </Point>
      </Placemark>
      <Placemark>
        <name>Apu Linli hike - Wikiloc-388</name>
        <snippet></snippet>
        <description>
&lt;table&gt;
&lt;tr&gt;&lt;td&gt;Longitude: -71.848012&lt;/td&gt;&lt;/tr&gt;
&lt;tr&gt;&lt;td&gt;Latitude: -13.393267&lt;/td&gt;&lt;/tr&gt;
&lt;tr&gt;&lt;td&gt;Altitude: 12726.371 ft&lt;/td&gt;&lt;/tr&gt;
&lt;tr&gt;&lt;td&gt;Speed: 3.1 mph&lt;/td&gt;&lt;/tr&gt;
&lt;tr&gt;&lt;td&gt;Heading: 35.1&lt;/td&gt;&lt;/tr&gt;
&lt;tr&gt;&lt;td&gt;Time: 2021-02-19T17:48:14Z&lt;/td&gt;&lt;/tr&gt;
&lt;/table&gt;
</description>
        <LookAt>
          <longitude>-71.848012</longitude>
          <latitude>-13.393267</latitude>
          <tilt>66</tilt>
        </LookAt>
        <TimeStamp>
          <when>2021-02-19T17:48:14Z</when>
        </TimeStamp>
        <styleUrl>#track</styleUrl>
        <Point>
          <coordinates>-71.848012,-13.393267,3879.00</coordinates>
        </Point>
      </Placemark>
      <Placemark>
        <name>Apu Linli hike - Wikiloc-389</name>
        <snippet></snippet>
        <description>
&lt;table&gt;
&lt;tr&gt;&lt;td&gt;Longitude: -71.848003&lt;/td&gt;&lt;/tr&gt;
&lt;tr&gt;&lt;td&gt;Latitude: -13.393221&lt;/td&gt;&lt;/tr&gt;
&lt;tr&gt;&lt;td&gt;Altitude: 12728.996 ft&lt;/td&gt;&lt;/tr&gt;
&lt;tr&gt;&lt;td&gt;Speed: 1.9 mph&lt;/td&gt;&lt;/tr&gt;
&lt;tr&gt;&lt;td&gt;Heading: 10.8&lt;/td&gt;&lt;/tr&gt;
&lt;tr&gt;&lt;td&gt;Time: 2021-02-19T17:48:20Z&lt;/td&gt;&lt;/tr&gt;
&lt;/table&gt;
</description>
        <LookAt>
          <longitude>-71.848003</longitude>
          <latitude>-13.393221</latitude>
          <tilt>66</tilt>
        </LookAt>
        <TimeStamp>
          <when>2021-02-19T17:48:20Z</when>
        </TimeStamp>
        <styleUrl>#track</styleUrl>
        <Point>
          <coordinates>-71.848003,-13.393221,3879.80</coordinates>
        </Point>
      </Placemark>
      <Placemark>
        <name>Apu Linli hike - Wikiloc-390</name>
        <snippet></snippet>
        <description>
&lt;table&gt;
&lt;tr&gt;&lt;td&gt;Longitude: -71.847964&lt;/td&gt;&lt;/tr&gt;
&lt;tr&gt;&lt;td&gt;Latitude: -13.393179&lt;/td&gt;&lt;/tr&gt;
&lt;tr&gt;&lt;td&gt;Altitude: 12731.145 ft&lt;/td&gt;&lt;/tr&gt;
&lt;tr&gt;&lt;td&gt;Speed: 2.3 mph&lt;/td&gt;&lt;/tr&gt;
&lt;tr&gt;&lt;td&gt;Heading: 42.1&lt;/td&gt;&lt;/tr&gt;
&lt;tr&gt;&lt;td&gt;Time: 2021-02-19T17:48:26Z&lt;/td&gt;&lt;/tr&gt;
&lt;/table&gt;
</description>
        <LookAt>
          <longitude>-71.847964</longitude>
          <latitude>-13.393179</latitude>
          <tilt>66</tilt>
        </LookAt>
        <TimeStamp>
          <when>2021-02-19T17:48:26Z</when>
        </TimeStamp>
        <styleUrl>#track</styleUrl>
        <Point>
          <coordinates>-71.847964,-13.393179,3880.45</coordinates>
        </Point>
      </Placemark>
      <Placemark>
        <name>Apu Linli hike - Wikiloc-391</name>
        <snippet></snippet>
        <description>
&lt;table&gt;
&lt;tr&gt;&lt;td&gt;Longitude: -71.847921&lt;/td&gt;&lt;/tr&gt;
&lt;tr&gt;&lt;td&gt;Latitude: -13.393125&lt;/td&gt;&lt;/tr&gt;
&lt;tr&gt;&lt;td&gt;Altitude: 12734.196 ft&lt;/td&gt;&lt;/tr&gt;
&lt;tr&gt;&lt;td&gt;Speed: 2.4 mph&lt;/td&gt;&lt;/tr&gt;
&lt;tr&gt;&lt;td&gt;Heading: 37.8&lt;/td&gt;&lt;/tr&gt;
&lt;tr&gt;&lt;td&gt;Time: 2021-02-19T17:48:33Z&lt;/td&gt;&lt;/tr&gt;
&lt;/table&gt;
</description>
        <LookAt>
          <longitude>-71.847921</longitude>
          <latitude>-13.393125</latitude>
          <tilt>66</tilt>
        </LookAt>
        <TimeStamp>
          <when>2021-02-19T17:48:33Z</when>
        </TimeStamp>
        <styleUrl>#track</styleUrl>
        <Point>
          <coordinates>-71.847921,-13.393125,3881.38</coordinates>
        </Point>
      </Placemark>
      <Placemark>
        <name>Apu Linli hike - Wikiloc-392</name>
        <snippet></snippet>
        <description>
&lt;table&gt;
&lt;tr&gt;&lt;td&gt;Longitude: -71.847888&lt;/td&gt;&lt;/tr&gt;
&lt;tr&gt;&lt;td&gt;Latitude: -13.393067&lt;/td&gt;&lt;/tr&gt;
&lt;tr&gt;&lt;td&gt;Altitude: 12737.457 ft&lt;/td&gt;&lt;/tr&gt;
&lt;tr&gt;&lt;td&gt;Speed: 2.8 mph&lt;/td&gt;&lt;/tr&gt;
&lt;tr&gt;&lt;td&gt;Heading: 29.0&lt;/td&gt;&lt;/tr&gt;
&lt;tr&gt;&lt;td&gt;Time: 2021-02-19T17:48:39Z&lt;/td&gt;&lt;/tr&gt;
&lt;/table&gt;
</description>
        <LookAt>
          <longitude>-71.847888</longitude>
          <latitude>-13.393067</latitude>
          <tilt>66</tilt>
        </LookAt>
        <TimeStamp>
          <when>2021-02-19T17:48:39Z</when>
        </TimeStamp>
        <styleUrl>#track</styleUrl>
        <Point>
          <coordinates>-71.847888,-13.393067,3882.38</coordinates>
        </Point>
      </Placemark>
      <Placemark>
        <name>Apu Linli hike - Wikiloc-393</name>
        <snippet></snippet>
        <description>
&lt;table&gt;
&lt;tr&gt;&lt;td&gt;Longitude: -71.847867&lt;/td&gt;&lt;/tr&gt;
&lt;tr&gt;&lt;td&gt;Latitude: -13.393017&lt;/td&gt;&lt;/tr&gt;
&lt;tr&gt;&lt;td&gt;Altitude: 12740.364 ft&lt;/td&gt;&lt;/tr&gt;
&lt;tr&gt;&lt;td&gt;Speed: 3.4 mph&lt;/td&gt;&lt;/tr&gt;
&lt;tr&gt;&lt;td&gt;Heading: 22.2&lt;/td&gt;&lt;/tr&gt;
&lt;tr&gt;&lt;td&gt;Time: 2021-02-19T17:48:43Z&lt;/td&gt;&lt;/tr&gt;
&lt;/table&gt;
</description>
        <LookAt>
          <longitude>-71.847867</longitude>
          <latitude>-13.393017</latitude>
          <tilt>66</tilt>
        </LookAt>
        <TimeStamp>
          <when>2021-02-19T17:48:43Z</when>
        </TimeStamp>
        <styleUrl>#track</styleUrl>
        <Point>
          <coordinates>-71.847867,-13.393017,3883.26</coordinates>
        </Point>
      </Placemark>
      <Placemark>
        <name>Apu Linli hike - Wikiloc-394</name>
        <snippet></snippet>
        <description>
&lt;table&gt;
&lt;tr&gt;&lt;td&gt;Longitude: -71.847848&lt;/td&gt;&lt;/tr&gt;
&lt;tr&gt;&lt;td&gt;Latitude: -13.392969&lt;/td&gt;&lt;/tr&gt;
&lt;tr&gt;&lt;td&gt;Altitude: 12742.552 ft&lt;/td&gt;&lt;/tr&gt;
&lt;tr&gt;&lt;td&gt;Speed: 3.2 mph&lt;/td&gt;&lt;/tr&gt;
&lt;tr&gt;&lt;td&gt;Heading: 21.1&lt;/td&gt;&lt;/tr&gt;
&lt;tr&gt;&lt;td&gt;Time: 2021-02-19T17:48:47Z&lt;/td&gt;&lt;/tr&gt;
&lt;/table&gt;
</description>
        <LookAt>
          <longitude>-71.847848</longitude>
          <latitude>-13.392969</latitude>
          <tilt>66</tilt>
        </LookAt>
        <TimeStamp>
          <when>2021-02-19T17:48:47Z</when>
        </TimeStamp>
        <styleUrl>#track</styleUrl>
        <Point>
          <coordinates>-71.847848,-13.392969,3883.93</coordinates>
        </Point>
      </Placemark>
      <Placemark>
        <name>Apu Linli hike - Wikiloc-395</name>
        <snippet></snippet>
        <description>
&lt;table&gt;
&lt;tr&gt;&lt;td&gt;Longitude: -71.847841&lt;/td&gt;&lt;/tr&gt;
&lt;tr&gt;&lt;td&gt;Latitude: -13.392915&lt;/td&gt;&lt;/tr&gt;
&lt;tr&gt;&lt;td&gt;Altitude: 12745.177 ft&lt;/td&gt;&lt;/tr&gt;
&lt;tr&gt;&lt;td&gt;Speed: 2.7 mph&lt;/td&gt;&lt;/tr&gt;
&lt;tr&gt;&lt;td&gt;Heading: 7.2&lt;/td&gt;&lt;/tr&gt;
&lt;tr&gt;&lt;td&gt;Time: 2021-02-19T17:48:52Z&lt;/td&gt;&lt;/tr&gt;
&lt;/table&gt;
</description>
        <LookAt>
          <longitude>-71.847841</longitude>
          <latitude>-13.392915</latitude>
          <tilt>66</tilt>
        </LookAt>
        <TimeStamp>
          <when>2021-02-19T17:48:52Z</when>
        </TimeStamp>
        <styleUrl>#track</styleUrl>
        <Point>
          <coordinates>-71.847841,-13.392915,3884.73</coordinates>
        </Point>
      </Placemark>
      <Placemark>
        <name>Apu Linli hike - Wikiloc-396</name>
        <snippet></snippet>
        <description>
&lt;table&gt;
&lt;tr&gt;&lt;td&gt;Longitude: -71.847859&lt;/td&gt;&lt;/tr&gt;
&lt;tr&gt;&lt;td&gt;Latitude: -13.392852&lt;/td&gt;&lt;/tr&gt;
&lt;tr&gt;&lt;td&gt;Altitude: 12746.608 ft&lt;/td&gt;&lt;/tr&gt;
&lt;tr&gt;&lt;td&gt;Speed: 2.7 mph&lt;/td&gt;&lt;/tr&gt;
&lt;tr&gt;&lt;td&gt;Heading: 344.5&lt;/td&gt;&lt;/tr&gt;
&lt;tr&gt;&lt;td&gt;Time: 2021-02-19T17:48:58Z&lt;/td&gt;&lt;/tr&gt;
&lt;/table&gt;
</description>
        <LookAt>
          <longitude>-71.847859</longitude>
          <latitude>-13.392852</latitude>
          <tilt>66</tilt>
        </LookAt>
        <TimeStamp>
          <when>2021-02-19T17:48:58Z</when>
        </TimeStamp>
        <styleUrl>#track</styleUrl>
        <Point>
          <coordinates>-71.847859,-13.392852,3885.17</coordinates>
        </Point>
      </Placemark>
      <Placemark>
        <name>Apu Linli hike - Wikiloc-397</name>
        <snippet></snippet>
        <description>
&lt;table&gt;
&lt;tr&gt;&lt;td&gt;Longitude: -71.847916&lt;/td&gt;&lt;/tr&gt;
&lt;tr&gt;&lt;td&gt;Latitude: -13.392840&lt;/td&gt;&lt;/tr&gt;
&lt;tr&gt;&lt;td&gt;Altitude: 12747.799 ft&lt;/td&gt;&lt;/tr&gt;
&lt;tr&gt;&lt;td&gt;Speed: 0.5 mph&lt;/td&gt;&lt;/tr&gt;
&lt;tr&gt;&lt;td&gt;Heading: 282.2&lt;/td&gt;&lt;/tr&gt;
&lt;tr&gt;&lt;td&gt;Time: 2021-02-19T17:49:27Z&lt;/td&gt;&lt;/tr&gt;
&lt;/table&gt;
</description>
        <LookAt>
          <longitude>-71.847916</longitude>
          <latitude>-13.39284</latitude>
          <tilt>66</tilt>
        </LookAt>
        <TimeStamp>
          <when>2021-02-19T17:49:27Z</when>
        </TimeStamp>
        <styleUrl>#track</styleUrl>
        <Point>
          <coordinates>-71.847916,-13.392840,3885.53</coordinates>
        </Point>
      </Placemark>
      <Placemark>
        <name>Apu Linli hike - Wikiloc-398</name>
        <snippet></snippet>
        <description>
&lt;table&gt;
&lt;tr&gt;&lt;td&gt;Longitude: -71.847945&lt;/td&gt;&lt;/tr&gt;
&lt;tr&gt;&lt;td&gt;Latitude: -13.392799&lt;/td&gt;&lt;/tr&gt;
&lt;tr&gt;&lt;td&gt;Altitude: 12749.413 ft&lt;/td&gt;&lt;/tr&gt;
&lt;tr&gt;&lt;td&gt;Speed: 2.1 mph&lt;/td&gt;&lt;/tr&gt;
&lt;tr&gt;&lt;td&gt;Heading: 325.5&lt;/td&gt;&lt;/tr&gt;
&lt;tr&gt;&lt;td&gt;Time: 2021-02-19T17:49:33Z&lt;/td&gt;&lt;/tr&gt;
&lt;/table&gt;
</description>
        <LookAt>
          <longitude>-71.847945</longitude>
          <latitude>-13.392799</latitude>
          <tilt>66</tilt>
        </LookAt>
        <TimeStamp>
          <when>2021-02-19T17:49:33Z</when>
        </TimeStamp>
        <styleUrl>#track</styleUrl>
        <Point>
          <coordinates>-71.847945,-13.392799,3886.02</coordinates>
        </Point>
      </Placemark>
      <Placemark>
        <name>Apu Linli hike - Wikiloc-399</name>
        <snippet></snippet>
        <description>
&lt;table&gt;
&lt;tr&gt;&lt;td&gt;Longitude: -71.847970&lt;/td&gt;&lt;/tr&gt;
&lt;tr&gt;&lt;td&gt;Latitude: -13.392759&lt;/td&gt;&lt;/tr&gt;
&lt;tr&gt;&lt;td&gt;Altitude: 12750.354 ft&lt;/td&gt;&lt;/tr&gt;
&lt;tr&gt;&lt;td&gt;Speed: 1.9 mph&lt;/td&gt;&lt;/tr&gt;
&lt;tr&gt;&lt;td&gt;Heading: 328.7&lt;/td&gt;&lt;/tr&gt;
&lt;tr&gt;&lt;td&gt;Time: 2021-02-19T17:49:39Z&lt;/td&gt;&lt;/tr&gt;
&lt;/table&gt;
</description>
        <LookAt>
          <longitude>-71.84797</longitude>
          <latitude>-13.392759</latitude>
          <tilt>66</tilt>
        </LookAt>
        <TimeStamp>
          <when>2021-02-19T17:49:39Z</when>
        </TimeStamp>
        <styleUrl>#track</styleUrl>
        <Point>
          <coordinates>-71.847970,-13.392759,3886.31</coordinates>
        </Point>
      </Placemark>
      <Placemark>
        <name>Apu Linli hike - Wikiloc-400</name>
        <snippet></snippet>
        <description>
&lt;table&gt;
&lt;tr&gt;&lt;td&gt;Longitude: -71.848017&lt;/td&gt;&lt;/tr&gt;
&lt;tr&gt;&lt;td&gt;Latitude: -13.392781&lt;/td&gt;&lt;/tr&gt;
&lt;tr&gt;&lt;td&gt;Altitude: 12751.713 ft&lt;/td&gt;&lt;/tr&gt;
&lt;tr&gt;&lt;td&gt;Speed: 0.1 mph&lt;/td&gt;&lt;/tr&gt;
&lt;tr&gt;&lt;td&gt;Heading: 244.3&lt;/td&gt;&lt;/tr&gt;
&lt;tr&gt;&lt;td&gt;Time: 2021-02-19T17:51:25Z&lt;/td&gt;&lt;/tr&gt;
&lt;/table&gt;
</description>
        <LookAt>
          <longitude>-71.848017</longitude>
          <latitude>-13.392781</latitude>
          <tilt>66</tilt>
        </LookAt>
        <TimeStamp>
          <when>2021-02-19T17:51:25Z</when>
        </TimeStamp>
        <styleUrl>#track</styleUrl>
        <Point>
          <coordinates>-71.848017,-13.392781,3886.72</coordinates>
        </Point>
      </Placemark>
      <Placemark>
        <name>Apu Linli hike - Wikiloc-401</name>
        <snippet></snippet>
        <description>
&lt;table&gt;
&lt;tr&gt;&lt;td&gt;Longitude: -71.847975&lt;/td&gt;&lt;/tr&gt;
&lt;tr&gt;&lt;td&gt;Latitude: -13.392753&lt;/td&gt;&lt;/tr&gt;
&lt;tr&gt;&lt;td&gt;Altitude: 12752.041 ft&lt;/td&gt;&lt;/tr&gt;
&lt;tr&gt;&lt;td&gt;Speed: 0.1 mph&lt;/td&gt;&lt;/tr&gt;
&lt;tr&gt;&lt;td&gt;Heading: 55.6&lt;/td&gt;&lt;/tr&gt;
&lt;tr&gt;&lt;td&gt;Time: 2021-02-19T17:53:48Z&lt;/td&gt;&lt;/tr&gt;
&lt;/table&gt;
</description>
        <LookAt>
          <longitude>-71.847975</longitude>
          <latitude>-13.392753</latitude>
          <tilt>66</tilt>
        </LookAt>
        <TimeStamp>
          <when>2021-02-19T17:53:48Z</when>
        </TimeStamp>
        <styleUrl>#track</styleUrl>
        <Point>
          <coordinates>-71.847975,-13.392753,3886.82</coordinates>
        </Point>
      </Placemark>
      <Placemark>
        <name>Apu Linli hike - Wikiloc-402</name>
        <snippet></snippet>
        <description>
&lt;table&gt;
&lt;tr&gt;&lt;td&gt;Longitude: -71.848055&lt;/td&gt;&lt;/tr&gt;
&lt;tr&gt;&lt;td&gt;Latitude: -13.392752&lt;/td&gt;&lt;/tr&gt;
&lt;tr&gt;&lt;td&gt;Altitude: 12751.631 ft&lt;/td&gt;&lt;/tr&gt;
&lt;tr&gt;&lt;td&gt;Speed: 0.1 mph&lt;/td&gt;&lt;/tr&gt;
&lt;tr&gt;&lt;td&gt;Heading: 270.7&lt;/td&gt;&lt;/tr&gt;
&lt;tr&gt;&lt;td&gt;Time: 2021-02-19T17:59:42Z&lt;/td&gt;&lt;/tr&gt;
&lt;/table&gt;
</description>
        <LookAt>
          <longitude>-71.848055</longitude>
          <latitude>-13.392752</latitude>
          <tilt>66</tilt>
        </LookAt>
        <TimeStamp>
          <when>2021-02-19T17:59:42Z</when>
        </TimeStamp>
        <styleUrl>#track</styleUrl>
        <Point>
          <coordinates>-71.848055,-13.392752,3886.70</coordinates>
        </Point>
      </Placemark>
      <Placemark>
        <name>Apu Linli hike - Wikiloc-403</name>
        <snippet></snippet>
        <description>
&lt;table&gt;
&lt;tr&gt;&lt;td&gt;Longitude: -71.848005&lt;/td&gt;&lt;/tr&gt;
&lt;tr&gt;&lt;td&gt;Latitude: -13.392778&lt;/td&gt;&lt;/tr&gt;
&lt;tr&gt;&lt;td&gt;Altitude: 12753.796 ft&lt;/td&gt;&lt;/tr&gt;
&lt;tr&gt;&lt;td&gt;Speed: 6.9 mph&lt;/td&gt;&lt;/tr&gt;
&lt;tr&gt;&lt;td&gt;Heading: 118.1&lt;/td&gt;&lt;/tr&gt;
&lt;tr&gt;&lt;td&gt;Time: 2021-02-19T17:59:44Z&lt;/td&gt;&lt;/tr&gt;
&lt;/table&gt;
</description>
        <LookAt>
          <longitude>-71.848005</longitude>
          <latitude>-13.392778</latitude>
          <tilt>66</tilt>
        </LookAt>
        <TimeStamp>
          <when>2021-02-19T17:59:44Z</when>
        </TimeStamp>
        <styleUrl>#track</styleUrl>
        <Point>
          <coordinates>-71.848005,-13.392778,3887.36</coordinates>
        </Point>
      </Placemark>
      <Placemark>
        <name>Apu Linli hike - Wikiloc-404</name>
        <snippet></snippet>
        <description>
&lt;table&gt;
&lt;tr&gt;&lt;td&gt;Longitude: -71.848046&lt;/td&gt;&lt;/tr&gt;
&lt;tr&gt;&lt;td&gt;Latitude: -13.392799&lt;/td&gt;&lt;/tr&gt;
&lt;tr&gt;&lt;td&gt;Altitude: 12755.712 ft&lt;/td&gt;&lt;/tr&gt;
&lt;tr&gt;&lt;td&gt;Speed: 0.4 mph&lt;/td&gt;&lt;/tr&gt;
&lt;tr&gt;&lt;td&gt;Heading: 242.2&lt;/td&gt;&lt;/tr&gt;
&lt;tr&gt;&lt;td&gt;Time: 2021-02-19T18:00:15Z&lt;/td&gt;&lt;/tr&gt;
&lt;/table&gt;
</description>
        <LookAt>
          <longitude>-71.848046</longitude>
          <latitude>-13.392799</latitude>
          <tilt>66</tilt>
        </LookAt>
        <TimeStamp>
          <when>2021-02-19T18:00:15Z</when>
        </TimeStamp>
        <styleUrl>#track</styleUrl>
        <Point>
          <coordinates>-71.848046,-13.392799,3887.94</coordinates>
        </Point>
      </Placemark>
      <Placemark>
        <name>Apu Linli hike - Wikiloc-405</name>
        <snippet></snippet>
        <description>
&lt;table&gt;
&lt;tr&gt;&lt;td&gt;Longitude: -71.848057&lt;/td&gt;&lt;/tr&gt;
&lt;tr&gt;&lt;td&gt;Latitude: -13.392846&lt;/td&gt;&lt;/tr&gt;
&lt;tr&gt;&lt;td&gt;Altitude: 12758.061 ft&lt;/td&gt;&lt;/tr&gt;
&lt;tr&gt;&lt;td&gt;Speed: 1.2 mph&lt;/td&gt;&lt;/tr&gt;
&lt;tr&gt;&lt;td&gt;Heading: 192.8&lt;/td&gt;&lt;/tr&gt;
&lt;tr&gt;&lt;td&gt;Time: 2021-02-19T18:00:25Z&lt;/td&gt;&lt;/tr&gt;
&lt;/table&gt;
</description>
        <LookAt>
          <longitude>-71.848057</longitude>
          <latitude>-13.392846</latitude>
          <tilt>66</tilt>
        </LookAt>
        <TimeStamp>
          <when>2021-02-19T18:00:25Z</when>
        </TimeStamp>
        <styleUrl>#track</styleUrl>
        <Point>
          <coordinates>-71.848057,-13.392846,3888.66</coordinates>
        </Point>
      </Placemark>
      <Placemark>
        <name>Apu Linli hike - Wikiloc-406</name>
        <snippet></snippet>
        <description>
&lt;table&gt;
&lt;tr&gt;&lt;td&gt;Longitude: -71.848028&lt;/td&gt;&lt;/tr&gt;
&lt;tr&gt;&lt;td&gt;Latitude: -13.392771&lt;/td&gt;&lt;/tr&gt;
&lt;tr&gt;&lt;td&gt;Altitude: 12756.772 ft&lt;/td&gt;&lt;/tr&gt;
&lt;tr&gt;&lt;td&gt;Speed: 0.1 mph&lt;/td&gt;&lt;/tr&gt;
&lt;tr&gt;&lt;td&gt;Heading: 20.6&lt;/td&gt;&lt;/tr&gt;
&lt;tr&gt;&lt;td&gt;Time: 2021-02-19T18:04:59Z&lt;/td&gt;&lt;/tr&gt;
&lt;/table&gt;
</description>
        <LookAt>
          <longitude>-71.848028</longitude>
          <latitude>-13.392771</latitude>
          <tilt>66</tilt>
        </LookAt>
        <TimeStamp>
          <when>2021-02-19T18:04:59Z</when>
        </TimeStamp>
        <styleUrl>#track</styleUrl>
        <Point>
          <coordinates>-71.848028,-13.392771,3888.26</coordinates>
        </Point>
      </Placemark>
      <Placemark>
        <name>Apu Linli hike - Wikiloc-407</name>
        <snippet></snippet>
        <description>
&lt;table&gt;
&lt;tr&gt;&lt;td&gt;Longitude: -71.847996&lt;/td&gt;&lt;/tr&gt;
&lt;tr&gt;&lt;td&gt;Latitude: -13.392738&lt;/td&gt;&lt;/tr&gt;
&lt;tr&gt;&lt;td&gt;Altitude: 12756.640 ft&lt;/td&gt;&lt;/tr&gt;
&lt;tr&gt;&lt;td&gt;Speed: 1.6 mph&lt;/td&gt;&lt;/tr&gt;
&lt;tr&gt;&lt;td&gt;Heading: 43.3&lt;/td&gt;&lt;/tr&gt;
&lt;tr&gt;&lt;td&gt;Time: 2021-02-19T18:05:06Z&lt;/td&gt;&lt;/tr&gt;
&lt;/table&gt;
</description>
        <LookAt>
          <longitude>-71.847996</longitude>
          <latitude>-13.392738</latitude>
          <tilt>66</tilt>
        </LookAt>
        <TimeStamp>
          <when>2021-02-19T18:05:06Z</when>
        </TimeStamp>
        <styleUrl>#track</styleUrl>
        <Point>
          <coordinates>-71.847996,-13.392738,3888.22</coordinates>
        </Point>
      </Placemark>
      <Placemark>
        <name>Apu Linli hike - Wikiloc-408</name>
        <snippet></snippet>
        <description>
&lt;table&gt;
&lt;tr&gt;&lt;td&gt;Longitude: -71.848064&lt;/td&gt;&lt;/tr&gt;
&lt;tr&gt;&lt;td&gt;Latitude: -13.392755&lt;/td&gt;&lt;/tr&gt;
&lt;tr&gt;&lt;td&gt;Altitude: 12757.838 ft&lt;/td&gt;&lt;/tr&gt;
&lt;tr&gt;&lt;td&gt;Speed: 0.9 mph&lt;/td&gt;&lt;/tr&gt;
&lt;tr&gt;&lt;td&gt;Heading: 255.6&lt;/td&gt;&lt;/tr&gt;
&lt;tr&gt;&lt;td&gt;Time: 2021-02-19T18:05:24Z&lt;/td&gt;&lt;/tr&gt;
&lt;/table&gt;
</description>
        <LookAt>
          <longitude>-71.848064</longitude>
          <latitude>-13.392755</latitude>
          <tilt>66</tilt>
        </LookAt>
        <TimeStamp>
          <when>2021-02-19T18:05:24Z</when>
        </TimeStamp>
        <styleUrl>#track</styleUrl>
        <Point>
          <coordinates>-71.848064,-13.392755,3888.59</coordinates>
        </Point>
      </Placemark>
      <Placemark>
        <name>Apu Linli hike - Wikiloc-409</name>
        <snippet></snippet>
        <description>
&lt;table&gt;
&lt;tr&gt;&lt;td&gt;Longitude: -71.847992&lt;/td&gt;&lt;/tr&gt;
&lt;tr&gt;&lt;td&gt;Latitude: -13.392763&lt;/td&gt;&lt;/tr&gt;
&lt;tr&gt;&lt;td&gt;Altitude: 12756.581 ft&lt;/td&gt;&lt;/tr&gt;
&lt;tr&gt;&lt;td&gt;Speed: 0.1 mph&lt;/td&gt;&lt;/tr&gt;
&lt;tr&gt;&lt;td&gt;Heading: 96.5&lt;/td&gt;&lt;/tr&gt;
&lt;tr&gt;&lt;td&gt;Time: 2021-02-19T18:07:34Z&lt;/td&gt;&lt;/tr&gt;
&lt;/table&gt;
</description>
        <LookAt>
          <longitude>-71.847992</longitude>
          <latitude>-13.392763</latitude>
          <tilt>66</tilt>
        </LookAt>
        <TimeStamp>
          <when>2021-02-19T18:07:34Z</when>
        </TimeStamp>
        <styleUrl>#track</styleUrl>
        <Point>
          <coordinates>-71.847992,-13.392763,3888.21</coordinates>
        </Point>
      </Placemark>
      <Placemark>
        <name>Apu Linli hike - Wikiloc-410</name>
        <snippet></snippet>
        <description>
&lt;table&gt;
&lt;tr&gt;&lt;td&gt;Longitude: -71.848017&lt;/td&gt;&lt;/tr&gt;
&lt;tr&gt;&lt;td&gt;Latitude: -13.392801&lt;/td&gt;&lt;/tr&gt;
&lt;tr&gt;&lt;td&gt;Altitude: 12757.303 ft&lt;/td&gt;&lt;/tr&gt;
&lt;tr&gt;&lt;td&gt;Speed: 0.2 mph&lt;/td&gt;&lt;/tr&gt;
&lt;tr&gt;&lt;td&gt;Heading: 212.6&lt;/td&gt;&lt;/tr&gt;
&lt;tr&gt;&lt;td&gt;Time: 2021-02-19T18:08:34Z&lt;/td&gt;&lt;/tr&gt;
&lt;/table&gt;
</description>
        <LookAt>
          <longitude>-71.848017</longitude>
          <latitude>-13.392801</latitude>
          <tilt>66</tilt>
        </LookAt>
        <TimeStamp>
          <when>2021-02-19T18:08:34Z</when>
        </TimeStamp>
        <styleUrl>#track</styleUrl>
        <Point>
          <coordinates>-71.848017,-13.392801,3888.43</coordinates>
        </Point>
      </Placemark>
      <Placemark>
        <name>Apu Linli hike - Wikiloc-411</name>
        <snippet></snippet>
        <description>
&lt;table&gt;
&lt;tr&gt;&lt;td&gt;Longitude: -71.848064&lt;/td&gt;&lt;/tr&gt;
&lt;tr&gt;&lt;td&gt;Latitude: -13.392818&lt;/td&gt;&lt;/tr&gt;
&lt;tr&gt;&lt;td&gt;Altitude: 12759.541 ft&lt;/td&gt;&lt;/tr&gt;
&lt;tr&gt;&lt;td&gt;Speed: 1.5 mph&lt;/td&gt;&lt;/tr&gt;
&lt;tr&gt;&lt;td&gt;Heading: 249.6&lt;/td&gt;&lt;/tr&gt;
&lt;tr&gt;&lt;td&gt;Time: 2021-02-19T18:08:42Z&lt;/td&gt;&lt;/tr&gt;
&lt;/table&gt;
</description>
        <LookAt>
          <longitude>-71.848064</longitude>
          <latitude>-13.392818</latitude>
          <tilt>66</tilt>
        </LookAt>
        <TimeStamp>
          <when>2021-02-19T18:08:42Z</when>
        </TimeStamp>
        <styleUrl>#track</styleUrl>
        <Point>
          <coordinates>-71.848064,-13.392818,3889.11</coordinates>
        </Point>
      </Placemark>
      <Placemark>
        <name>Apu Linli hike - Wikiloc-412</name>
        <snippet></snippet>
        <description>
&lt;table&gt;
&lt;tr&gt;&lt;td&gt;Longitude: -71.848104&lt;/td&gt;&lt;/tr&gt;
&lt;tr&gt;&lt;td&gt;Latitude: -13.392781&lt;/td&gt;&lt;/tr&gt;
&lt;tr&gt;&lt;td&gt;Altitude: 12761.004 ft&lt;/td&gt;&lt;/tr&gt;
&lt;tr&gt;&lt;td&gt;Speed: 2.2 mph&lt;/td&gt;&lt;/tr&gt;
&lt;tr&gt;&lt;td&gt;Heading: 313.6&lt;/td&gt;&lt;/tr&gt;
&lt;tr&gt;&lt;td&gt;Time: 2021-02-19T18:08:48Z&lt;/td&gt;&lt;/tr&gt;
&lt;/table&gt;
</description>
        <LookAt>
          <longitude>-71.848104</longitude>
          <latitude>-13.392781</latitude>
          <tilt>66</tilt>
        </LookAt>
        <TimeStamp>
          <when>2021-02-19T18:08:48Z</when>
        </TimeStamp>
        <styleUrl>#track</styleUrl>
        <Point>
          <coordinates>-71.848104,-13.392781,3889.55</coordinates>
        </Point>
      </Placemark>
      <Placemark>
        <name>Apu Linli hike - Wikiloc-413</name>
        <snippet></snippet>
        <description>
&lt;table&gt;
&lt;tr&gt;&lt;td&gt;Longitude: -71.848030&lt;/td&gt;&lt;/tr&gt;
&lt;tr&gt;&lt;td&gt;Latitude: -13.392812&lt;/td&gt;&lt;/tr&gt;
&lt;tr&gt;&lt;td&gt;Altitude: 12758.150 ft&lt;/td&gt;&lt;/tr&gt;
&lt;tr&gt;&lt;td&gt;Speed: 0.9 mph&lt;/td&gt;&lt;/tr&gt;
&lt;tr&gt;&lt;td&gt;Heading: 113.3&lt;/td&gt;&lt;/tr&gt;
&lt;tr&gt;&lt;td&gt;Time: 2021-02-19T18:09:09Z&lt;/td&gt;&lt;/tr&gt;
&lt;/table&gt;
</description>
        <LookAt>
          <longitude>-71.84803</longitude>
          <latitude>-13.392812</latitude>
          <tilt>66</tilt>
        </LookAt>
        <TimeStamp>
          <when>2021-02-19T18:09:09Z</when>
        </TimeStamp>
        <styleUrl>#track</styleUrl>
        <Point>
          <coordinates>-71.848030,-13.392812,3888.68</coordinates>
        </Point>
      </Placemark>
      <Placemark>
        <name>Apu Linli hike - Wikiloc-414</name>
        <snippet></snippet>
        <description>
&lt;table&gt;
&lt;tr&gt;&lt;td&gt;Longitude: -71.848004&lt;/td&gt;&lt;/tr&gt;
&lt;tr&gt;&lt;td&gt;Latitude: -13.392756&lt;/td&gt;&lt;/tr&gt;
&lt;tr&gt;&lt;td&gt;Altitude: 12755.476 ft&lt;/td&gt;&lt;/tr&gt;
&lt;tr&gt;&lt;td&gt;Speed: 0.3 mph&lt;/td&gt;&lt;/tr&gt;
&lt;tr&gt;&lt;td&gt;Heading: 24.3&lt;/td&gt;&lt;/tr&gt;
&lt;tr&gt;&lt;td&gt;Time: 2021-02-19T18:09:53Z&lt;/td&gt;&lt;/tr&gt;
&lt;/table&gt;
</description>
        <LookAt>
          <longitude>-71.848004</longitude>
          <latitude>-13.392756</latitude>
          <tilt>66</tilt>
        </LookAt>
        <TimeStamp>
          <when>2021-02-19T18:09:53Z</when>
        </TimeStamp>
        <styleUrl>#track</styleUrl>
        <Point>
          <coordinates>-71.848004,-13.392756,3887.87</coordinates>
        </Point>
      </Placemark>
      <Placemark>
        <name>Apu Linli hike - Wikiloc-415</name>
        <snippet></snippet>
        <description>
&lt;table&gt;
&lt;tr&gt;&lt;td&gt;Longitude: -71.848034&lt;/td&gt;&lt;/tr&gt;
&lt;tr&gt;&lt;td&gt;Latitude: -13.392824&lt;/td&gt;&lt;/tr&gt;
&lt;tr&gt;&lt;td&gt;Altitude: 12757.379 ft&lt;/td&gt;&lt;/tr&gt;
&lt;tr&gt;&lt;td&gt;Speed: 0.5 mph&lt;/td&gt;&lt;/tr&gt;
&lt;tr&gt;&lt;td&gt;Heading: 203.2&lt;/td&gt;&lt;/tr&gt;
&lt;tr&gt;&lt;td&gt;Time: 2021-02-19T18:10:29Z&lt;/td&gt;&lt;/tr&gt;
&lt;/table&gt;
</description>
        <LookAt>
          <longitude>-71.848034</longitude>
          <latitude>-13.392824</latitude>
          <tilt>66</tilt>
        </LookAt>
        <TimeStamp>
          <when>2021-02-19T18:10:29Z</when>
        </TimeStamp>
        <styleUrl>#track</styleUrl>
        <Point>
          <coordinates>-71.848034,-13.392824,3888.45</coordinates>
        </Point>
      </Placemark>
      <Placemark>
        <name>Apu Linli hike - Wikiloc-416</name>
        <snippet></snippet>
        <description>
&lt;table&gt;
&lt;tr&gt;&lt;td&gt;Longitude: -71.848096&lt;/td&gt;&lt;/tr&gt;
&lt;tr&gt;&lt;td&gt;Latitude: -13.392853&lt;/td&gt;&lt;/tr&gt;
&lt;tr&gt;&lt;td&gt;Altitude: 12759.131 ft&lt;/td&gt;&lt;/tr&gt;
&lt;tr&gt;&lt;td&gt;Speed: 0.6 mph&lt;/td&gt;&lt;/tr&gt;
&lt;tr&gt;&lt;td&gt;Heading: 244.3&lt;/td&gt;&lt;/tr&gt;
&lt;tr&gt;&lt;td&gt;Time: 2021-02-19T18:10:57Z&lt;/td&gt;&lt;/tr&gt;
&lt;/table&gt;
</description>
        <LookAt>
          <longitude>-71.848096</longitude>
          <latitude>-13.392853</latitude>
          <tilt>66</tilt>
        </LookAt>
        <TimeStamp>
          <when>2021-02-19T18:10:57Z</when>
        </TimeStamp>
        <styleUrl>#track</styleUrl>
        <Point>
          <coordinates>-71.848096,-13.392853,3888.98</coordinates>
        </Point>
      </Placemark>
      <Placemark>
        <name>Apu Linli hike - Wikiloc-417</name>
        <snippet></snippet>
        <description>
&lt;table&gt;
&lt;tr&gt;&lt;td&gt;Longitude: -71.848150&lt;/td&gt;&lt;/tr&gt;
&lt;tr&gt;&lt;td&gt;Latitude: -13.392883&lt;/td&gt;&lt;/tr&gt;
&lt;tr&gt;&lt;td&gt;Altitude: 12761.152 ft&lt;/td&gt;&lt;/tr&gt;
&lt;tr&gt;&lt;td&gt;Speed: 1.9 mph&lt;/td&gt;&lt;/tr&gt;
&lt;tr&gt;&lt;td&gt;Heading: 240.3&lt;/td&gt;&lt;/tr&gt;
&lt;tr&gt;&lt;td&gt;Time: 2021-02-19T18:11:05Z&lt;/td&gt;&lt;/tr&gt;
&lt;/table&gt;
</description>
        <LookAt>
          <longitude>-71.84815</longitude>
          <latitude>-13.392883</latitude>
          <tilt>66</tilt>
        </LookAt>
        <TimeStamp>
          <when>2021-02-19T18:11:05Z</when>
        </TimeStamp>
        <styleUrl>#track</styleUrl>
        <Point>
          <coordinates>-71.848150,-13.392883,3889.60</coordinates>
        </Point>
      </Placemark>
      <Placemark>
        <name>Apu Linli hike - Wikiloc-418</name>
        <snippet></snippet>
        <description>
&lt;table&gt;
&lt;tr&gt;&lt;td&gt;Longitude: -71.848213&lt;/td&gt;&lt;/tr&gt;
&lt;tr&gt;&lt;td&gt;Latitude: -13.392928&lt;/td&gt;&lt;/tr&gt;
&lt;tr&gt;&lt;td&gt;Altitude: 12762.520 ft&lt;/td&gt;&lt;/tr&gt;
&lt;tr&gt;&lt;td&gt;Speed: 0.9 mph&lt;/td&gt;&lt;/tr&gt;
&lt;tr&gt;&lt;td&gt;Heading: 233.7&lt;/td&gt;&lt;/tr&gt;
&lt;tr&gt;&lt;td&gt;Time: 2021-02-19T18:11:25Z&lt;/td&gt;&lt;/tr&gt;
&lt;/table&gt;
</description>
        <LookAt>
          <longitude>-71.848213</longitude>
          <latitude>-13.392928</latitude>
          <tilt>66</tilt>
        </LookAt>
        <TimeStamp>
          <when>2021-02-19T18:11:25Z</when>
        </TimeStamp>
        <styleUrl>#track</styleUrl>
        <Point>
          <coordinates>-71.848213,-13.392928,3890.02</coordinates>
        </Point>
      </Placemark>
      <Placemark>
        <name>Apu Linli hike - Wikiloc-419</name>
        <snippet></snippet>
        <description>
&lt;table&gt;
&lt;tr&gt;&lt;td&gt;Longitude: -71.848247&lt;/td&gt;&lt;/tr&gt;
&lt;tr&gt;&lt;td&gt;Latitude: -13.392961&lt;/td&gt;&lt;/tr&gt;
&lt;tr&gt;&lt;td&gt;Altitude: 12762.060 ft&lt;/td&gt;&lt;/tr&gt;
&lt;tr&gt;&lt;td&gt;Speed: 2.9 mph&lt;/td&gt;&lt;/tr&gt;
&lt;tr&gt;&lt;td&gt;Heading: 225.1&lt;/td&gt;&lt;/tr&gt;
&lt;tr&gt;&lt;td&gt;Time: 2021-02-19T18:11:29Z&lt;/td&gt;&lt;/tr&gt;
&lt;/table&gt;
</description>
        <LookAt>
          <longitude>-71.848247</longitude>
          <latitude>-13.392961</latitude>
          <tilt>66</tilt>
        </LookAt>
        <TimeStamp>
          <when>2021-02-19T18:11:29Z</when>
        </TimeStamp>
        <styleUrl>#track</styleUrl>
        <Point>
          <coordinates>-71.848247,-13.392961,3889.88</coordinates>
        </Point>
      </Placemark>
      <Placemark>
        <name>Apu Linli hike - Wikiloc-420</name>
        <snippet></snippet>
        <description>
&lt;table&gt;
&lt;tr&gt;&lt;td&gt;Longitude: -71.848285&lt;/td&gt;&lt;/tr&gt;
&lt;tr&gt;&lt;td&gt;Latitude: -13.393005&lt;/td&gt;&lt;/tr&gt;
&lt;tr&gt;&lt;td&gt;Altitude: 12761.749 ft&lt;/td&gt;&lt;/tr&gt;
&lt;tr&gt;&lt;td&gt;Speed: 3.6 mph&lt;/td&gt;&lt;/tr&gt;
&lt;tr&gt;&lt;td&gt;Heading: 220.0&lt;/td&gt;&lt;/tr&gt;
&lt;tr&gt;&lt;td&gt;Time: 2021-02-19T18:11:33Z&lt;/td&gt;&lt;/tr&gt;
&lt;/table&gt;
</description>
        <LookAt>
          <longitude>-71.848285</longitude>
          <latitude>-13.393005</latitude>
          <tilt>66</tilt>
        </LookAt>
        <TimeStamp>
          <when>2021-02-19T18:11:33Z</when>
        </TimeStamp>
        <styleUrl>#track</styleUrl>
        <Point>
          <coordinates>-71.848285,-13.393005,3889.78</coordinates>
        </Point>
      </Placemark>
      <Placemark>
        <name>Apu Linli hike - Wikiloc-421</name>
        <snippet></snippet>
        <description>
&lt;table&gt;
&lt;tr&gt;&lt;td&gt;Longitude: -71.848317&lt;/td&gt;&lt;/tr&gt;
&lt;tr&gt;&lt;td&gt;Latitude: -13.393048&lt;/td&gt;&lt;/tr&gt;
&lt;tr&gt;&lt;td&gt;Altitude: 12760.371 ft&lt;/td&gt;&lt;/tr&gt;
&lt;tr&gt;&lt;td&gt;Speed: 3.3 mph&lt;/td&gt;&lt;/tr&gt;
&lt;tr&gt;&lt;td&gt;Heading: 215.9&lt;/td&gt;&lt;/tr&gt;
&lt;tr&gt;&lt;td&gt;Time: 2021-02-19T18:11:37Z&lt;/td&gt;&lt;/tr&gt;
&lt;/table&gt;
</description>
        <LookAt>
          <longitude>-71.848317</longitude>
          <latitude>-13.393048</latitude>
          <tilt>66</tilt>
        </LookAt>
        <TimeStamp>
          <when>2021-02-19T18:11:37Z</when>
        </TimeStamp>
        <styleUrl>#track</styleUrl>
        <Point>
          <coordinates>-71.848317,-13.393048,3889.36</coordinates>
        </Point>
      </Placemark>
      <Placemark>
        <name>Apu Linli hike - Wikiloc-422</name>
        <snippet></snippet>
        <description>
&lt;table&gt;
&lt;tr&gt;&lt;td&gt;Longitude: -71.848396&lt;/td&gt;&lt;/tr&gt;
&lt;tr&gt;&lt;td&gt;Latitude: -13.392987&lt;/td&gt;&lt;/tr&gt;
&lt;tr&gt;&lt;td&gt;Altitude: 12765.476 ft&lt;/td&gt;&lt;/tr&gt;
&lt;tr&gt;&lt;td&gt;Speed: 0.2 mph&lt;/td&gt;&lt;/tr&gt;
&lt;tr&gt;&lt;td&gt;Heading: 308.4&lt;/td&gt;&lt;/tr&gt;
&lt;tr&gt;&lt;td&gt;Time: 2021-02-19T18:13:21Z&lt;/td&gt;&lt;/tr&gt;
&lt;/table&gt;
</description>
        <LookAt>
          <longitude>-71.848396</longitude>
          <latitude>-13.392987</latitude>
          <tilt>66</tilt>
        </LookAt>
        <TimeStamp>
          <when>2021-02-19T18:13:21Z</when>
        </TimeStamp>
        <styleUrl>#track</styleUrl>
        <Point>
          <coordinates>-71.848396,-13.392987,3890.92</coordinates>
        </Point>
      </Placemark>
      <Placemark>
        <name>Apu Linli hike - Wikiloc-423</name>
        <snippet></snippet>
        <description>
&lt;table&gt;
&lt;tr&gt;&lt;td&gt;Longitude: -71.848435&lt;/td&gt;&lt;/tr&gt;
&lt;tr&gt;&lt;td&gt;Latitude: -13.392802&lt;/td&gt;&lt;/tr&gt;
&lt;tr&gt;&lt;td&gt;Altitude: 12778.570 ft&lt;/td&gt;&lt;/tr&gt;
&lt;tr&gt;&lt;td&gt;Speed: 5.9 mph&lt;/td&gt;&lt;/tr&gt;
&lt;tr&gt;&lt;td&gt;Heading: 348.4&lt;/td&gt;&lt;/tr&gt;
&lt;tr&gt;&lt;td&gt;Time: 2021-02-19T18:13:29Z&lt;/td&gt;&lt;/tr&gt;
&lt;/table&gt;
</description>
        <LookAt>
          <longitude>-71.848435</longitude>
          <latitude>-13.392802</latitude>
          <tilt>66</tilt>
        </LookAt>
        <TimeStamp>
          <when>2021-02-19T18:13:29Z</when>
        </TimeStamp>
        <styleUrl>#track</styleUrl>
        <Point>
          <coordinates>-71.848435,-13.392802,3894.91</coordinates>
        </Point>
      </Placemark>
      <Placemark>
        <name>Apu Linli hike - Wikiloc-424</name>
        <snippet></snippet>
        <description>
&lt;table&gt;
&lt;tr&gt;&lt;td&gt;Longitude: -71.848480&lt;/td&gt;&lt;/tr&gt;
&lt;tr&gt;&lt;td&gt;Latitude: -13.392696&lt;/td&gt;&lt;/tr&gt;
&lt;tr&gt;&lt;td&gt;Altitude: 12785.577 ft&lt;/td&gt;&lt;/tr&gt;
&lt;tr&gt;&lt;td&gt;Speed: 3.6 mph&lt;/td&gt;&lt;/tr&gt;
&lt;tr&gt;&lt;td&gt;Heading: 337.6&lt;/td&gt;&lt;/tr&gt;
&lt;tr&gt;&lt;td&gt;Time: 2021-02-19T18:13:37Z&lt;/td&gt;&lt;/tr&gt;
&lt;/table&gt;
</description>
        <LookAt>
          <longitude>-71.84848</longitude>
          <latitude>-13.392696</latitude>
          <tilt>66</tilt>
        </LookAt>
        <TimeStamp>
          <when>2021-02-19T18:13:37Z</when>
        </TimeStamp>
        <styleUrl>#track</styleUrl>
        <Point>
          <coordinates>-71.848480,-13.392696,3897.04</coordinates>
        </Point>
      </Placemark>
      <Placemark>
        <name>Apu Linli hike - Wikiloc-425</name>
        <snippet></snippet>
        <description>
&lt;table&gt;
&lt;tr&gt;&lt;td&gt;Longitude: -71.848532&lt;/td&gt;&lt;/tr&gt;
&lt;tr&gt;&lt;td&gt;Latitude: -13.392615&lt;/td&gt;&lt;/tr&gt;
&lt;tr&gt;&lt;td&gt;Altitude: 12787.874 ft&lt;/td&gt;&lt;/tr&gt;
&lt;tr&gt;&lt;td&gt;Speed: 3.0 mph&lt;/td&gt;&lt;/tr&gt;
&lt;tr&gt;&lt;td&gt;Heading: 328.0&lt;/td&gt;&lt;/tr&gt;
&lt;tr&gt;&lt;td&gt;Time: 2021-02-19T18:13:45Z&lt;/td&gt;&lt;/tr&gt;
&lt;/table&gt;
</description>
        <LookAt>
          <longitude>-71.848532</longitude>
          <latitude>-13.392615</latitude>
          <tilt>66</tilt>
        </LookAt>
        <TimeStamp>
          <when>2021-02-19T18:13:45Z</when>
        </TimeStamp>
        <styleUrl>#track</styleUrl>
        <Point>
          <coordinates>-71.848532,-13.392615,3897.74</coordinates>
        </Point>
      </Placemark>
      <Placemark>
        <name>Apu Linli hike - Wikiloc-426</name>
        <snippet></snippet>
        <description>
&lt;table&gt;
&lt;tr&gt;&lt;td&gt;Longitude: -71.848589&lt;/td&gt;&lt;/tr&gt;
&lt;tr&gt;&lt;td&gt;Latitude: -13.392565&lt;/td&gt;&lt;/tr&gt;
&lt;tr&gt;&lt;td&gt;Altitude: 12789.137 ft&lt;/td&gt;&lt;/tr&gt;
&lt;tr&gt;&lt;td&gt;Speed: 2.3 mph&lt;/td&gt;&lt;/tr&gt;
&lt;tr&gt;&lt;td&gt;Heading: 312.0&lt;/td&gt;&lt;/tr&gt;
&lt;tr&gt;&lt;td&gt;Time: 2021-02-19T18:13:53Z&lt;/td&gt;&lt;/tr&gt;
&lt;/table&gt;
</description>
        <LookAt>
          <longitude>-71.848589</longitude>
          <latitude>-13.392565</latitude>
          <tilt>66</tilt>
        </LookAt>
        <TimeStamp>
          <when>2021-02-19T18:13:53Z</when>
        </TimeStamp>
        <styleUrl>#track</styleUrl>
        <Point>
          <coordinates>-71.848589,-13.392565,3898.13</coordinates>
        </Point>
      </Placemark>
      <Placemark>
        <name>Apu Linli hike - Wikiloc-427</name>
        <snippet></snippet>
        <description>
&lt;table&gt;
&lt;tr&gt;&lt;td&gt;Longitude: -71.848648&lt;/td&gt;&lt;/tr&gt;
&lt;tr&gt;&lt;td&gt;Latitude: -13.392482&lt;/td&gt;&lt;/tr&gt;
&lt;tr&gt;&lt;td&gt;Altitude: 12788.842 ft&lt;/td&gt;&lt;/tr&gt;
&lt;tr&gt;&lt;td&gt;Speed: 3.1 mph&lt;/td&gt;&lt;/tr&gt;
&lt;tr&gt;&lt;td&gt;Heading: 325.3&lt;/td&gt;&lt;/tr&gt;
&lt;tr&gt;&lt;td&gt;Time: 2021-02-19T18:14:01Z&lt;/td&gt;&lt;/tr&gt;
&lt;/table&gt;
</description>
        <LookAt>
          <longitude>-71.848648</longitude>
          <latitude>-13.392482</latitude>
          <tilt>66</tilt>
        </LookAt>
        <TimeStamp>
          <when>2021-02-19T18:14:01Z</when>
        </TimeStamp>
        <styleUrl>#track</styleUrl>
        <Point>
          <coordinates>-71.848648,-13.392482,3898.04</coordinates>
        </Point>
      </Placemark>
      <Placemark>
        <name>Apu Linli hike - Wikiloc-428</name>
        <snippet></snippet>
        <description>
&lt;table&gt;
&lt;tr&gt;&lt;td&gt;Longitude: -71.848736&lt;/td&gt;&lt;/tr&gt;
&lt;tr&gt;&lt;td&gt;Latitude: -13.392415&lt;/td&gt;&lt;/tr&gt;
&lt;tr&gt;&lt;td&gt;Altitude: 12800.994 ft&lt;/td&gt;&lt;/tr&gt;
&lt;tr&gt;&lt;td&gt;Speed: 3.4 mph&lt;/td&gt;&lt;/tr&gt;
&lt;tr&gt;&lt;td&gt;Heading: 308.0&lt;/td&gt;&lt;/tr&gt;
&lt;tr&gt;&lt;td&gt;Time: 2021-02-19T18:14:09Z&lt;/td&gt;&lt;/tr&gt;
&lt;/table&gt;
</description>
        <LookAt>
          <longitude>-71.848736</longitude>
          <latitude>-13.392415</latitude>
          <tilt>66</tilt>
        </LookAt>
        <TimeStamp>
          <when>2021-02-19T18:14:09Z</when>
        </TimeStamp>
        <styleUrl>#track</styleUrl>
        <Point>
          <coordinates>-71.848736,-13.392415,3901.74</coordinates>
        </Point>
      </Placemark>
      <Placemark>
        <name>Apu Linli hike - Wikiloc-429</name>
        <snippet></snippet>
        <description>
&lt;table&gt;
&lt;tr&gt;&lt;td&gt;Longitude: -71.848860&lt;/td&gt;&lt;/tr&gt;
&lt;tr&gt;&lt;td&gt;Latitude: -13.392353&lt;/td&gt;&lt;/tr&gt;
&lt;tr&gt;&lt;td&gt;Altitude: 12809.446 ft&lt;/td&gt;&lt;/tr&gt;
&lt;tr&gt;&lt;td&gt;Speed: 3.8 mph&lt;/td&gt;&lt;/tr&gt;
&lt;tr&gt;&lt;td&gt;Heading: 297.2&lt;/td&gt;&lt;/tr&gt;
&lt;tr&gt;&lt;td&gt;Time: 2021-02-19T18:14:18Z&lt;/td&gt;&lt;/tr&gt;
&lt;/table&gt;
</description>
        <LookAt>
          <longitude>-71.84886</longitude>
          <latitude>-13.392353</latitude>
          <tilt>66</tilt>
        </LookAt>
        <TimeStamp>
          <when>2021-02-19T18:14:18Z</when>
        </TimeStamp>
        <styleUrl>#track</styleUrl>
        <Point>
          <coordinates>-71.848860,-13.392353,3904.32</coordinates>
        </Point>
      </Placemark>
      <Placemark>
        <name>Apu Linli hike - Wikiloc-430</name>
        <snippet></snippet>
        <description>
&lt;table&gt;
&lt;tr&gt;&lt;td&gt;Longitude: -71.848996&lt;/td&gt;&lt;/tr&gt;
&lt;tr&gt;&lt;td&gt;Latitude: -13.392223&lt;/td&gt;&lt;/tr&gt;
&lt;tr&gt;&lt;td&gt;Altitude: 12813.438 ft&lt;/td&gt;&lt;/tr&gt;
&lt;tr&gt;&lt;td&gt;Speed: 3.1 mph&lt;/td&gt;&lt;/tr&gt;
&lt;tr&gt;&lt;td&gt;Heading: 314.5&lt;/td&gt;&lt;/tr&gt;
&lt;tr&gt;&lt;td&gt;Time: 2021-02-19T18:14:33Z&lt;/td&gt;&lt;/tr&gt;
&lt;/table&gt;
</description>
        <LookAt>
          <longitude>-71.848996</longitude>
          <latitude>-13.392223</latitude>
          <tilt>66</tilt>
        </LookAt>
        <TimeStamp>
          <when>2021-02-19T18:14:33Z</when>
        </TimeStamp>
        <styleUrl>#track</styleUrl>
        <Point>
          <coordinates>-71.848996,-13.392223,3905.54</coordinates>
        </Point>
      </Placemark>
      <Placemark>
        <name>Apu Linli hike - Wikiloc-431</name>
        <snippet></snippet>
        <description>
&lt;table&gt;
&lt;tr&gt;&lt;td&gt;Longitude: -71.849061&lt;/td&gt;&lt;/tr&gt;
&lt;tr&gt;&lt;td&gt;Latitude: -13.392151&lt;/td&gt;&lt;/tr&gt;
&lt;tr&gt;&lt;td&gt;Altitude: 12826.529 ft&lt;/td&gt;&lt;/tr&gt;
&lt;tr&gt;&lt;td&gt;Speed: 1.5 mph&lt;/td&gt;&lt;/tr&gt;
&lt;tr&gt;&lt;td&gt;Heading: 318.7&lt;/td&gt;&lt;/tr&gt;
&lt;tr&gt;&lt;td&gt;Time: 2021-02-19T18:14:49Z&lt;/td&gt;&lt;/tr&gt;
&lt;/table&gt;
</description>
        <LookAt>
          <longitude>-71.849061</longitude>
          <latitude>-13.392151</latitude>
          <tilt>66</tilt>
        </LookAt>
        <TimeStamp>
          <when>2021-02-19T18:14:49Z</when>
        </TimeStamp>
        <styleUrl>#track</styleUrl>
        <Point>
          <coordinates>-71.849061,-13.392151,3909.53</coordinates>
        </Point>
      </Placemark>
      <Placemark>
        <name>Apu Linli hike - Wikiloc-432</name>
        <snippet></snippet>
        <description>
&lt;table&gt;
&lt;tr&gt;&lt;td&gt;Longitude: -71.849134&lt;/td&gt;&lt;/tr&gt;
&lt;tr&gt;&lt;td&gt;Latitude: -13.392118&lt;/td&gt;&lt;/tr&gt;
&lt;tr&gt;&lt;td&gt;Altitude: 12838.556 ft&lt;/td&gt;&lt;/tr&gt;
&lt;tr&gt;&lt;td&gt;Speed: 1.2 mph&lt;/td&gt;&lt;/tr&gt;
&lt;tr&gt;&lt;td&gt;Heading: 294.9&lt;/td&gt;&lt;/tr&gt;
&lt;tr&gt;&lt;td&gt;Time: 2021-02-19T18:15:05Z&lt;/td&gt;&lt;/tr&gt;
&lt;/table&gt;
</description>
        <LookAt>
          <longitude>-71.849134</longitude>
          <latitude>-13.392118</latitude>
          <tilt>66</tilt>
        </LookAt>
        <TimeStamp>
          <when>2021-02-19T18:15:05Z</when>
        </TimeStamp>
        <styleUrl>#track</styleUrl>
        <Point>
          <coordinates>-71.849134,-13.392118,3913.19</coordinates>
        </Point>
      </Placemark>
      <Placemark>
        <name>Apu Linli hike - Wikiloc-433</name>
        <snippet></snippet>
        <description>
&lt;table&gt;
&lt;tr&gt;&lt;td&gt;Longitude: -71.849176&lt;/td&gt;&lt;/tr&gt;
&lt;tr&gt;&lt;td&gt;Latitude: -13.392051&lt;/td&gt;&lt;/tr&gt;
&lt;tr&gt;&lt;td&gt;Altitude: 12834.229 ft&lt;/td&gt;&lt;/tr&gt;
&lt;tr&gt;&lt;td&gt;Speed: 2.4 mph&lt;/td&gt;&lt;/tr&gt;
&lt;tr&gt;&lt;td&gt;Heading: 328.6&lt;/td&gt;&lt;/tr&gt;
&lt;tr&gt;&lt;td&gt;Time: 2021-02-19T18:15:13Z&lt;/td&gt;&lt;/tr&gt;
&lt;/table&gt;
</description>
        <LookAt>
          <longitude>-71.849176</longitude>
          <latitude>-13.392051</latitude>
          <tilt>66</tilt>
        </LookAt>
        <TimeStamp>
          <when>2021-02-19T18:15:13Z</when>
        </TimeStamp>
        <styleUrl>#track</styleUrl>
        <Point>
          <coordinates>-71.849176,-13.392051,3911.87</coordinates>
        </Point>
      </Placemark>
      <Placemark>
        <name>Apu Linli hike - Wikiloc-434</name>
        <snippet></snippet>
        <description>
&lt;table&gt;
&lt;tr&gt;&lt;td&gt;Longitude: -71.849208&lt;/td&gt;&lt;/tr&gt;
&lt;tr&gt;&lt;td&gt;Latitude: -13.391972&lt;/td&gt;&lt;/tr&gt;
&lt;tr&gt;&lt;td&gt;Altitude: 12828.806 ft&lt;/td&gt;&lt;/tr&gt;
&lt;tr&gt;&lt;td&gt;Speed: 2.6 mph&lt;/td&gt;&lt;/tr&gt;
&lt;tr&gt;&lt;td&gt;Heading: 338.5&lt;/td&gt;&lt;/tr&gt;
&lt;tr&gt;&lt;td&gt;Time: 2021-02-19T18:15:21Z&lt;/td&gt;&lt;/tr&gt;
&lt;/table&gt;
</description>
        <LookAt>
          <longitude>-71.849208</longitude>
          <latitude>-13.391972</latitude>
          <tilt>66</tilt>
        </LookAt>
        <TimeStamp>
          <when>2021-02-19T18:15:21Z</when>
        </TimeStamp>
        <styleUrl>#track</styleUrl>
        <Point>
          <coordinates>-71.849208,-13.391972,3910.22</coordinates>
        </Point>
      </Placemark>
      <Placemark>
        <name>Apu Linli hike - Wikiloc-435</name>
        <snippet></snippet>
        <description>
&lt;table&gt;
&lt;tr&gt;&lt;td&gt;Longitude: -71.849253&lt;/td&gt;&lt;/tr&gt;
&lt;tr&gt;&lt;td&gt;Latitude: -13.391877&lt;/td&gt;&lt;/tr&gt;
&lt;tr&gt;&lt;td&gt;Altitude: 12827.782 ft&lt;/td&gt;&lt;/tr&gt;
&lt;tr&gt;&lt;td&gt;Speed: 3.3 mph&lt;/td&gt;&lt;/tr&gt;
&lt;tr&gt;&lt;td&gt;Heading: 335.3&lt;/td&gt;&lt;/tr&gt;
&lt;tr&gt;&lt;td&gt;Time: 2021-02-19T18:15:29Z&lt;/td&gt;&lt;/tr&gt;
&lt;/table&gt;
</description>
        <LookAt>
          <longitude>-71.849253</longitude>
          <latitude>-13.391877</latitude>
          <tilt>66</tilt>
        </LookAt>
        <TimeStamp>
          <when>2021-02-19T18:15:29Z</when>
        </TimeStamp>
        <styleUrl>#track</styleUrl>
        <Point>
          <coordinates>-71.849253,-13.391877,3909.91</coordinates>
        </Point>
      </Placemark>
      <Placemark>
        <name>Apu Linli hike - Wikiloc-436</name>
        <snippet></snippet>
        <description>
&lt;table&gt;
&lt;tr&gt;&lt;td&gt;Longitude: -71.849271&lt;/td&gt;&lt;/tr&gt;
&lt;tr&gt;&lt;td&gt;Latitude: -13.391778&lt;/td&gt;&lt;/tr&gt;
&lt;tr&gt;&lt;td&gt;Altitude: 12829.839 ft&lt;/td&gt;&lt;/tr&gt;
&lt;tr&gt;&lt;td&gt;Speed: 3.1 mph&lt;/td&gt;&lt;/tr&gt;
&lt;tr&gt;&lt;td&gt;Heading: 350.0&lt;/td&gt;&lt;/tr&gt;
&lt;tr&gt;&lt;td&gt;Time: 2021-02-19T18:15:37Z&lt;/td&gt;&lt;/tr&gt;
&lt;/table&gt;
</description>
        <LookAt>
          <longitude>-71.849271</longitude>
          <latitude>-13.391778</latitude>
          <tilt>66</tilt>
        </LookAt>
        <TimeStamp>
          <when>2021-02-19T18:15:37Z</when>
        </TimeStamp>
        <styleUrl>#track</styleUrl>
        <Point>
          <coordinates>-71.849271,-13.391778,3910.53</coordinates>
        </Point>
      </Placemark>
      <Placemark>
        <name>Apu Linli hike - Wikiloc-437</name>
        <snippet></snippet>
        <description>
&lt;table&gt;
&lt;tr&gt;&lt;td&gt;Longitude: -71.849295&lt;/td&gt;&lt;/tr&gt;
&lt;tr&gt;&lt;td&gt;Latitude: -13.391702&lt;/td&gt;&lt;/tr&gt;
&lt;tr&gt;&lt;td&gt;Altitude: 12841.027 ft&lt;/td&gt;&lt;/tr&gt;
&lt;tr&gt;&lt;td&gt;Speed: 2.5 mph&lt;/td&gt;&lt;/tr&gt;
&lt;tr&gt;&lt;td&gt;Heading: 342.9&lt;/td&gt;&lt;/tr&gt;
&lt;tr&gt;&lt;td&gt;Time: 2021-02-19T18:15:45Z&lt;/td&gt;&lt;/tr&gt;
&lt;/table&gt;
</description>
        <LookAt>
          <longitude>-71.849295</longitude>
          <latitude>-13.391702</latitude>
          <tilt>66</tilt>
        </LookAt>
        <TimeStamp>
          <when>2021-02-19T18:15:45Z</when>
        </TimeStamp>
        <styleUrl>#track</styleUrl>
        <Point>
          <coordinates>-71.849295,-13.391702,3913.95</coordinates>
        </Point>
      </Placemark>
      <Placemark>
        <name>Apu Linli hike - Wikiloc-438</name>
        <snippet></snippet>
        <description>
&lt;table&gt;
&lt;tr&gt;&lt;td&gt;Longitude: -71.849338&lt;/td&gt;&lt;/tr&gt;
&lt;tr&gt;&lt;td&gt;Latitude: -13.391591&lt;/td&gt;&lt;/tr&gt;
&lt;tr&gt;&lt;td&gt;Altitude: 12853.281 ft&lt;/td&gt;&lt;/tr&gt;
&lt;tr&gt;&lt;td&gt;Speed: 3.7 mph&lt;/td&gt;&lt;/tr&gt;
&lt;tr&gt;&lt;td&gt;Heading: 339.4&lt;/td&gt;&lt;/tr&gt;
&lt;tr&gt;&lt;td&gt;Time: 2021-02-19T18:15:53Z&lt;/td&gt;&lt;/tr&gt;
&lt;/table&gt;
</description>
        <LookAt>
          <longitude>-71.849338</longitude>
          <latitude>-13.391591</latitude>
          <tilt>66</tilt>
        </LookAt>
        <TimeStamp>
          <when>2021-02-19T18:15:53Z</when>
        </TimeStamp>
        <styleUrl>#track</styleUrl>
        <Point>
          <coordinates>-71.849338,-13.391591,3917.68</coordinates>
        </Point>
      </Placemark>
      <Placemark>
        <name>Apu Linli hike - Wikiloc-439</name>
        <snippet></snippet>
        <description>
&lt;table&gt;
&lt;tr&gt;&lt;td&gt;Longitude: -71.849377&lt;/td&gt;&lt;/tr&gt;
&lt;tr&gt;&lt;td&gt;Latitude: -13.391508&lt;/td&gt;&lt;/tr&gt;
&lt;tr&gt;&lt;td&gt;Altitude: 12846.030 ft&lt;/td&gt;&lt;/tr&gt;
&lt;tr&gt;&lt;td&gt;Speed: 2.8 mph&lt;/td&gt;&lt;/tr&gt;
&lt;tr&gt;&lt;td&gt;Heading: 335.4&lt;/td&gt;&lt;/tr&gt;
&lt;tr&gt;&lt;td&gt;Time: 2021-02-19T18:16:01Z&lt;/td&gt;&lt;/tr&gt;
&lt;/table&gt;
</description>
        <LookAt>
          <longitude>-71.849377</longitude>
          <latitude>-13.391508</latitude>
          <tilt>66</tilt>
        </LookAt>
        <TimeStamp>
          <when>2021-02-19T18:16:01Z</when>
        </TimeStamp>
        <styleUrl>#track</styleUrl>
        <Point>
          <coordinates>-71.849377,-13.391508,3915.47</coordinates>
        </Point>
      </Placemark>
      <Placemark>
        <name>Apu Linli hike - Wikiloc-440</name>
        <snippet></snippet>
        <description>
&lt;table&gt;
&lt;tr&gt;&lt;td&gt;Longitude: -71.849422&lt;/td&gt;&lt;/tr&gt;
&lt;tr&gt;&lt;td&gt;Latitude: -13.391450&lt;/td&gt;&lt;/tr&gt;
&lt;tr&gt;&lt;td&gt;Altitude: 12841.385 ft&lt;/td&gt;&lt;/tr&gt;
&lt;tr&gt;&lt;td&gt;Speed: 2.3 mph&lt;/td&gt;&lt;/tr&gt;
&lt;tr&gt;&lt;td&gt;Heading: 323.0&lt;/td&gt;&lt;/tr&gt;
&lt;tr&gt;&lt;td&gt;Time: 2021-02-19T18:16:09Z&lt;/td&gt;&lt;/tr&gt;
&lt;/table&gt;
</description>
        <LookAt>
          <longitude>-71.849422</longitude>
          <latitude>-13.39145</latitude>
          <tilt>66</tilt>
        </LookAt>
        <TimeStamp>
          <when>2021-02-19T18:16:09Z</when>
        </TimeStamp>
        <styleUrl>#track</styleUrl>
        <Point>
          <coordinates>-71.849422,-13.391450,3914.05</coordinates>
        </Point>
      </Placemark>
      <Placemark>
        <name>Apu Linli hike - Wikiloc-441</name>
        <snippet></snippet>
        <description>
&lt;table&gt;
&lt;tr&gt;&lt;td&gt;Longitude: -71.849498&lt;/td&gt;&lt;/tr&gt;
&lt;tr&gt;&lt;td&gt;Latitude: -13.391429&lt;/td&gt;&lt;/tr&gt;
&lt;tr&gt;&lt;td&gt;Altitude: 12840.157 ft&lt;/td&gt;&lt;/tr&gt;
&lt;tr&gt;&lt;td&gt;Speed: 2.4 mph&lt;/td&gt;&lt;/tr&gt;
&lt;tr&gt;&lt;td&gt;Heading: 285.9&lt;/td&gt;&lt;/tr&gt;
&lt;tr&gt;&lt;td&gt;Time: 2021-02-19T18:16:17Z&lt;/td&gt;&lt;/tr&gt;
&lt;/table&gt;
</description>
        <LookAt>
          <longitude>-71.849498</longitude>
          <latitude>-13.391429</latitude>
          <tilt>66</tilt>
        </LookAt>
        <TimeStamp>
          <when>2021-02-19T18:16:17Z</when>
        </TimeStamp>
        <styleUrl>#track</styleUrl>
        <Point>
          <coordinates>-71.849498,-13.391429,3913.68</coordinates>
        </Point>
      </Placemark>
      <Placemark>
        <name>Apu Linli hike - Wikiloc-442</name>
        <snippet></snippet>
        <description>
&lt;table&gt;
&lt;tr&gt;&lt;td&gt;Longitude: -71.849562&lt;/td&gt;&lt;/tr&gt;
&lt;tr&gt;&lt;td&gt;Latitude: -13.391395&lt;/td&gt;&lt;/tr&gt;
&lt;tr&gt;&lt;td&gt;Altitude: 12850.253 ft&lt;/td&gt;&lt;/tr&gt;
&lt;tr&gt;&lt;td&gt;Speed: 2.2 mph&lt;/td&gt;&lt;/tr&gt;
&lt;tr&gt;&lt;td&gt;Heading: 298.6&lt;/td&gt;&lt;/tr&gt;
&lt;tr&gt;&lt;td&gt;Time: 2021-02-19T18:16:25Z&lt;/td&gt;&lt;/tr&gt;
&lt;/table&gt;
</description>
        <LookAt>
          <longitude>-71.849562</longitude>
          <latitude>-13.391395</latitude>
          <tilt>66</tilt>
        </LookAt>
        <TimeStamp>
          <when>2021-02-19T18:16:25Z</when>
        </TimeStamp>
        <styleUrl>#track</styleUrl>
        <Point>
          <coordinates>-71.849562,-13.391395,3916.76</coordinates>
        </Point>
      </Placemark>
      <Placemark>
        <name>Apu Linli hike - Wikiloc-443</name>
        <snippet></snippet>
        <description>
&lt;table&gt;
&lt;tr&gt;&lt;td&gt;Longitude: -71.849602&lt;/td&gt;&lt;/tr&gt;
&lt;tr&gt;&lt;td&gt;Latitude: -13.391337&lt;/td&gt;&lt;/tr&gt;
&lt;tr&gt;&lt;td&gt;Altitude: 12863.474 ft&lt;/td&gt;&lt;/tr&gt;
&lt;tr&gt;&lt;td&gt;Speed: 2.2 mph&lt;/td&gt;&lt;/tr&gt;
&lt;tr&gt;&lt;td&gt;Heading: 326.1&lt;/td&gt;&lt;/tr&gt;
&lt;tr&gt;&lt;td&gt;Time: 2021-02-19T18:16:33Z&lt;/td&gt;&lt;/tr&gt;
&lt;/table&gt;
</description>
        <LookAt>
          <longitude>-71.849602</longitude>
          <latitude>-13.391337</latitude>
          <tilt>66</tilt>
        </LookAt>
        <TimeStamp>
          <when>2021-02-19T18:16:33Z</when>
        </TimeStamp>
        <styleUrl>#track</styleUrl>
        <Point>
          <coordinates>-71.849602,-13.391337,3920.79</coordinates>
        </Point>
      </Placemark>
      <Placemark>
        <name>Apu Linli hike - Wikiloc-444</name>
        <snippet></snippet>
        <description>
&lt;table&gt;
&lt;tr&gt;&lt;td&gt;Longitude: -71.849642&lt;/td&gt;&lt;/tr&gt;
&lt;tr&gt;&lt;td&gt;Latitude: -13.391258&lt;/td&gt;&lt;/tr&gt;
&lt;tr&gt;&lt;td&gt;Altitude: 12876.512 ft&lt;/td&gt;&lt;/tr&gt;
&lt;tr&gt;&lt;td&gt;Speed: 2.7 mph&lt;/td&gt;&lt;/tr&gt;
&lt;tr&gt;&lt;td&gt;Heading: 333.8&lt;/td&gt;&lt;/tr&gt;
&lt;tr&gt;&lt;td&gt;Time: 2021-02-19T18:16:41Z&lt;/td&gt;&lt;/tr&gt;
&lt;/table&gt;
</description>
        <LookAt>
          <longitude>-71.849642</longitude>
          <latitude>-13.391258</latitude>
          <tilt>66</tilt>
        </LookAt>
        <TimeStamp>
          <when>2021-02-19T18:16:41Z</when>
        </TimeStamp>
        <styleUrl>#track</styleUrl>
        <Point>
          <coordinates>-71.849642,-13.391258,3924.76</coordinates>
        </Point>
      </Placemark>
      <Placemark>
        <name>Apu Linli hike - Wikiloc-445</name>
        <snippet></snippet>
        <description>
&lt;table&gt;
&lt;tr&gt;&lt;td&gt;Longitude: -71.849681&lt;/td&gt;&lt;/tr&gt;
&lt;tr&gt;&lt;td&gt;Latitude: -13.391191&lt;/td&gt;&lt;/tr&gt;
&lt;tr&gt;&lt;td&gt;Altitude: 12882.287 ft&lt;/td&gt;&lt;/tr&gt;
&lt;tr&gt;&lt;td&gt;Speed: 2.4 mph&lt;/td&gt;&lt;/tr&gt;
&lt;tr&gt;&lt;td&gt;Heading: 330.5&lt;/td&gt;&lt;/tr&gt;
&lt;tr&gt;&lt;td&gt;Time: 2021-02-19T18:16:49Z&lt;/td&gt;&lt;/tr&gt;
&lt;/table&gt;
</description>
        <LookAt>
          <longitude>-71.849681</longitude>
          <latitude>-13.391191</latitude>
          <tilt>66</tilt>
        </LookAt>
        <TimeStamp>
          <when>2021-02-19T18:16:49Z</when>
        </TimeStamp>
        <styleUrl>#track</styleUrl>
        <Point>
          <coordinates>-71.849681,-13.391191,3926.52</coordinates>
        </Point>
      </Placemark>
      <Placemark>
        <name>Apu Linli hike - Wikiloc-446</name>
        <snippet></snippet>
        <description>
&lt;table&gt;
&lt;tr&gt;&lt;td&gt;Longitude: -71.849721&lt;/td&gt;&lt;/tr&gt;
&lt;tr&gt;&lt;td&gt;Latitude: -13.391139&lt;/td&gt;&lt;/tr&gt;
&lt;tr&gt;&lt;td&gt;Altitude: 12895.384 ft&lt;/td&gt;&lt;/tr&gt;
&lt;tr&gt;&lt;td&gt;Speed: 2.0 mph&lt;/td&gt;&lt;/tr&gt;
&lt;tr&gt;&lt;td&gt;Heading: 323.2&lt;/td&gt;&lt;/tr&gt;
&lt;tr&gt;&lt;td&gt;Time: 2021-02-19T18:16:57Z&lt;/td&gt;&lt;/tr&gt;
&lt;/table&gt;
</description>
        <LookAt>
          <longitude>-71.849721</longitude>
          <latitude>-13.391139</latitude>
          <tilt>66</tilt>
        </LookAt>
        <TimeStamp>
          <when>2021-02-19T18:16:57Z</when>
        </TimeStamp>
        <styleUrl>#track</styleUrl>
        <Point>
          <coordinates>-71.849721,-13.391139,3930.51</coordinates>
        </Point>
      </Placemark>
      <Placemark>
        <name>Apu Linli hike - Wikiloc-447</name>
        <snippet></snippet>
        <description>
&lt;table&gt;
&lt;tr&gt;&lt;td&gt;Longitude: -71.849750&lt;/td&gt;&lt;/tr&gt;
&lt;tr&gt;&lt;td&gt;Latitude: -13.391074&lt;/td&gt;&lt;/tr&gt;
&lt;tr&gt;&lt;td&gt;Altitude: 12908.163 ft&lt;/td&gt;&lt;/tr&gt;
&lt;tr&gt;&lt;td&gt;Speed: 2.2 mph&lt;/td&gt;&lt;/tr&gt;
&lt;tr&gt;&lt;td&gt;Heading: 336.5&lt;/td&gt;&lt;/tr&gt;
&lt;tr&gt;&lt;td&gt;Time: 2021-02-19T18:17:05Z&lt;/td&gt;&lt;/tr&gt;
&lt;/table&gt;
</description>
        <LookAt>
          <longitude>-71.84975</longitude>
          <latitude>-13.391074</latitude>
          <tilt>66</tilt>
        </LookAt>
        <TimeStamp>
          <when>2021-02-19T18:17:05Z</when>
        </TimeStamp>
        <styleUrl>#track</styleUrl>
        <Point>
          <coordinates>-71.849750,-13.391074,3934.41</coordinates>
        </Point>
      </Placemark>
      <Placemark>
        <name>Apu Linli hike - Wikiloc-448</name>
        <snippet></snippet>
        <description>
&lt;table&gt;
&lt;tr&gt;&lt;td&gt;Longitude: -71.849786&lt;/td&gt;&lt;/tr&gt;
&lt;tr&gt;&lt;td&gt;Latitude: -13.391000&lt;/td&gt;&lt;/tr&gt;
&lt;tr&gt;&lt;td&gt;Altitude: 12910.801 ft&lt;/td&gt;&lt;/tr&gt;
&lt;tr&gt;&lt;td&gt;Speed: 2.5 mph&lt;/td&gt;&lt;/tr&gt;
&lt;tr&gt;&lt;td&gt;Heading: 334.7&lt;/td&gt;&lt;/tr&gt;
&lt;tr&gt;&lt;td&gt;Time: 2021-02-19T18:17:13Z&lt;/td&gt;&lt;/tr&gt;
&lt;/table&gt;
</description>
        <LookAt>
          <longitude>-71.849786</longitude>
          <latitude>-13.391</latitude>
          <tilt>66</tilt>
        </LookAt>
        <TimeStamp>
          <when>2021-02-19T18:17:13Z</when>
        </TimeStamp>
        <styleUrl>#track</styleUrl>
        <Point>
          <coordinates>-71.849786,-13.391000,3935.21</coordinates>
        </Point>
      </Placemark>
      <Placemark>
        <name>Apu Linli hike - Wikiloc-449</name>
        <snippet></snippet>
        <description>
&lt;table&gt;
&lt;tr&gt;&lt;td&gt;Longitude: -71.849848&lt;/td&gt;&lt;/tr&gt;
&lt;tr&gt;&lt;td&gt;Latitude: -13.390923&lt;/td&gt;&lt;/tr&gt;
&lt;tr&gt;&lt;td&gt;Altitude: 12907.192 ft&lt;/td&gt;&lt;/tr&gt;
&lt;tr&gt;&lt;td&gt;Speed: 3.0 mph&lt;/td&gt;&lt;/tr&gt;
&lt;tr&gt;&lt;td&gt;Heading: 321.9&lt;/td&gt;&lt;/tr&gt;
&lt;tr&gt;&lt;td&gt;Time: 2021-02-19T18:17:21Z&lt;/td&gt;&lt;/tr&gt;
&lt;/table&gt;
</description>
        <LookAt>
          <longitude>-71.849848</longitude>
          <latitude>-13.390923</latitude>
          <tilt>66</tilt>
        </LookAt>
        <TimeStamp>
          <when>2021-02-19T18:17:21Z</when>
        </TimeStamp>
        <styleUrl>#track</styleUrl>
        <Point>
          <coordinates>-71.849848,-13.390923,3934.11</coordinates>
        </Point>
      </Placemark>
      <Placemark>
        <name>Apu Linli hike - Wikiloc-450</name>
        <snippet></snippet>
        <description>
&lt;table&gt;
&lt;tr&gt;&lt;td&gt;Longitude: -71.849918&lt;/td&gt;&lt;/tr&gt;
&lt;tr&gt;&lt;td&gt;Latitude: -13.390848&lt;/td&gt;&lt;/tr&gt;
&lt;tr&gt;&lt;td&gt;Altitude: 12902.943 ft&lt;/td&gt;&lt;/tr&gt;
&lt;tr&gt;&lt;td&gt;Speed: 3.2 mph&lt;/td&gt;&lt;/tr&gt;
&lt;tr&gt;&lt;td&gt;Heading: 317.8&lt;/td&gt;&lt;/tr&gt;
&lt;tr&gt;&lt;td&gt;Time: 2021-02-19T18:17:29Z&lt;/td&gt;&lt;/tr&gt;
&lt;/table&gt;
</description>
        <LookAt>
          <longitude>-71.849918</longitude>
          <latitude>-13.390848</latitude>
          <tilt>66</tilt>
        </LookAt>
        <TimeStamp>
          <when>2021-02-19T18:17:29Z</when>
        </TimeStamp>
        <styleUrl>#track</styleUrl>
        <Point>
          <coordinates>-71.849918,-13.390848,3932.82</coordinates>
        </Point>
      </Placemark>
      <Placemark>
        <name>Apu Linli hike - Wikiloc-451</name>
        <snippet></snippet>
        <description>
&lt;table&gt;
&lt;tr&gt;&lt;td&gt;Longitude: -71.849983&lt;/td&gt;&lt;/tr&gt;
&lt;tr&gt;&lt;td&gt;Latitude: -13.390783&lt;/td&gt;&lt;/tr&gt;
&lt;tr&gt;&lt;td&gt;Altitude: 12904.813 ft&lt;/td&gt;&lt;/tr&gt;
&lt;tr&gt;&lt;td&gt;Speed: 2.8 mph&lt;/td&gt;&lt;/tr&gt;
&lt;tr&gt;&lt;td&gt;Heading: 315.8&lt;/td&gt;&lt;/tr&gt;
&lt;tr&gt;&lt;td&gt;Time: 2021-02-19T18:17:37Z&lt;/td&gt;&lt;/tr&gt;
&lt;/table&gt;
</description>
        <LookAt>
          <longitude>-71.849983</longitude>
          <latitude>-13.390783</latitude>
          <tilt>66</tilt>
        </LookAt>
        <TimeStamp>
          <when>2021-02-19T18:17:37Z</when>
        </TimeStamp>
        <styleUrl>#track</styleUrl>
        <Point>
          <coordinates>-71.849983,-13.390783,3933.39</coordinates>
        </Point>
      </Placemark>
      <Placemark>
        <name>Apu Linli hike - Wikiloc-452</name>
        <snippet></snippet>
        <description>
&lt;table&gt;
&lt;tr&gt;&lt;td&gt;Longitude: -71.850038&lt;/td&gt;&lt;/tr&gt;
&lt;tr&gt;&lt;td&gt;Latitude: -13.390703&lt;/td&gt;&lt;/tr&gt;
&lt;tr&gt;&lt;td&gt;Altitude: 12909.386 ft&lt;/td&gt;&lt;/tr&gt;
&lt;tr&gt;&lt;td&gt;Speed: 3.0 mph&lt;/td&gt;&lt;/tr&gt;
&lt;tr&gt;&lt;td&gt;Heading: 326.2&lt;/td&gt;&lt;/tr&gt;
&lt;tr&gt;&lt;td&gt;Time: 2021-02-19T18:17:45Z&lt;/td&gt;&lt;/tr&gt;
&lt;/table&gt;
</description>
        <LookAt>
          <longitude>-71.850038</longitude>
          <latitude>-13.390703</latitude>
          <tilt>66</tilt>
        </LookAt>
        <TimeStamp>
          <when>2021-02-19T18:17:45Z</when>
        </TimeStamp>
        <styleUrl>#track</styleUrl>
        <Point>
          <coordinates>-71.850038,-13.390703,3934.78</coordinates>
        </Point>
      </Placemark>
      <Placemark>
        <name>Apu Linli hike - Wikiloc-453</name>
        <snippet></snippet>
        <description>
&lt;table&gt;
&lt;tr&gt;&lt;td&gt;Longitude: -71.850138&lt;/td&gt;&lt;/tr&gt;
&lt;tr&gt;&lt;td&gt;Latitude: -13.390643&lt;/td&gt;&lt;/tr&gt;
&lt;tr&gt;&lt;td&gt;Altitude: 12898.776 ft&lt;/td&gt;&lt;/tr&gt;
&lt;tr&gt;&lt;td&gt;Speed: 3.6 mph&lt;/td&gt;&lt;/tr&gt;
&lt;tr&gt;&lt;td&gt;Heading: 301.7&lt;/td&gt;&lt;/tr&gt;
&lt;tr&gt;&lt;td&gt;Time: 2021-02-19T18:17:53Z&lt;/td&gt;&lt;/tr&gt;
&lt;/table&gt;
</description>
        <LookAt>
          <longitude>-71.850138</longitude>
          <latitude>-13.390643</latitude>
          <tilt>66</tilt>
        </LookAt>
        <TimeStamp>
          <when>2021-02-19T18:17:53Z</when>
        </TimeStamp>
        <styleUrl>#track</styleUrl>
        <Point>
          <coordinates>-71.850138,-13.390643,3931.55</coordinates>
        </Point>
      </Placemark>
      <Placemark>
        <name>Apu Linli hike - Wikiloc-454</name>
        <snippet></snippet>
        <description>
&lt;table&gt;
&lt;tr&gt;&lt;td&gt;Longitude: -71.850259&lt;/td&gt;&lt;/tr&gt;
&lt;tr&gt;&lt;td&gt;Latitude: -13.390631&lt;/td&gt;&lt;/tr&gt;
&lt;tr&gt;&lt;td&gt;Altitude: 12896.207 ft&lt;/td&gt;&lt;/tr&gt;
&lt;tr&gt;&lt;td&gt;Speed: 3.7 mph&lt;/td&gt;&lt;/tr&gt;
&lt;tr&gt;&lt;td&gt;Heading: 275.8&lt;/td&gt;&lt;/tr&gt;
&lt;tr&gt;&lt;td&gt;Time: 2021-02-19T18:18:01Z&lt;/td&gt;&lt;/tr&gt;
&lt;/table&gt;
</description>
        <LookAt>
          <longitude>-71.850259</longitude>
          <latitude>-13.390631</latitude>
          <tilt>66</tilt>
        </LookAt>
        <TimeStamp>
          <when>2021-02-19T18:18:01Z</when>
        </TimeStamp>
        <styleUrl>#track</styleUrl>
        <Point>
          <coordinates>-71.850259,-13.390631,3930.76</coordinates>
        </Point>
      </Placemark>
      <Placemark>
        <name>Apu Linli hike - Wikiloc-455</name>
        <snippet></snippet>
        <description>
&lt;table&gt;
&lt;tr&gt;&lt;td&gt;Longitude: -71.850318&lt;/td&gt;&lt;/tr&gt;
&lt;tr&gt;&lt;td&gt;Latitude: -13.390591&lt;/td&gt;&lt;/tr&gt;
&lt;tr&gt;&lt;td&gt;Altitude: 12898.012 ft&lt;/td&gt;&lt;/tr&gt;
&lt;tr&gt;&lt;td&gt;Speed: 2.2 mph&lt;/td&gt;&lt;/tr&gt;
&lt;tr&gt;&lt;td&gt;Heading: 304.9&lt;/td&gt;&lt;/tr&gt;
&lt;tr&gt;&lt;td&gt;Time: 2021-02-19T18:18:09Z&lt;/td&gt;&lt;/tr&gt;
&lt;/table&gt;
</description>
        <LookAt>
          <longitude>-71.850318</longitude>
          <latitude>-13.390591</latitude>
          <tilt>66</tilt>
        </LookAt>
        <TimeStamp>
          <when>2021-02-19T18:18:09Z</when>
        </TimeStamp>
        <styleUrl>#track</styleUrl>
        <Point>
          <coordinates>-71.850318,-13.390591,3931.31</coordinates>
        </Point>
      </Placemark>
      <Placemark>
        <name>Apu Linli hike - Wikiloc-456</name>
        <snippet></snippet>
        <description>
&lt;table&gt;
&lt;tr&gt;&lt;td&gt;Longitude: -71.850143&lt;/td&gt;&lt;/tr&gt;
&lt;tr&gt;&lt;td&gt;Latitude: -13.390534&lt;/td&gt;&lt;/tr&gt;
&lt;tr&gt;&lt;td&gt;Altitude: 12911.260 ft&lt;/td&gt;&lt;/tr&gt;
&lt;tr&gt;&lt;td&gt;Speed: 5.6 mph&lt;/td&gt;&lt;/tr&gt;
&lt;tr&gt;&lt;td&gt;Heading: 71.5&lt;/td&gt;&lt;/tr&gt;
&lt;tr&gt;&lt;td&gt;Time: 2021-02-19T18:18:17Z&lt;/td&gt;&lt;/tr&gt;
&lt;/table&gt;
</description>
        <LookAt>
          <longitude>-71.850143</longitude>
          <latitude>-13.390534</latitude>
          <tilt>66</tilt>
        </LookAt>
        <TimeStamp>
          <when>2021-02-19T18:18:17Z</when>
        </TimeStamp>
        <styleUrl>#track</styleUrl>
        <Point>
          <coordinates>-71.850143,-13.390534,3935.35</coordinates>
        </Point>
      </Placemark>
      <Placemark>
        <name>Apu Linli hike - Wikiloc-457</name>
        <snippet></snippet>
        <description>
&lt;table&gt;
&lt;tr&gt;&lt;td&gt;Longitude: -71.850156&lt;/td&gt;&lt;/tr&gt;
&lt;tr&gt;&lt;td&gt;Latitude: -13.390486&lt;/td&gt;&lt;/tr&gt;
&lt;tr&gt;&lt;td&gt;Altitude: 12913.232 ft&lt;/td&gt;&lt;/tr&gt;
&lt;tr&gt;&lt;td&gt;Speed: 1.5 mph&lt;/td&gt;&lt;/tr&gt;
&lt;tr&gt;&lt;td&gt;Heading: 345.2&lt;/td&gt;&lt;/tr&gt;
&lt;tr&gt;&lt;td&gt;Time: 2021-02-19T18:18:25Z&lt;/td&gt;&lt;/tr&gt;
&lt;/table&gt;
</description>
        <LookAt>
          <longitude>-71.850156</longitude>
          <latitude>-13.390486</latitude>
          <tilt>66</tilt>
        </LookAt>
        <TimeStamp>
          <when>2021-02-19T18:18:25Z</when>
        </TimeStamp>
        <styleUrl>#track</styleUrl>
        <Point>
          <coordinates>-71.850156,-13.390486,3935.95</coordinates>
        </Point>
      </Placemark>
      <Placemark>
        <name>Apu Linli hike - Wikiloc-458</name>
        <snippet></snippet>
        <description>
&lt;table&gt;
&lt;tr&gt;&lt;td&gt;Longitude: -71.850237&lt;/td&gt;&lt;/tr&gt;
&lt;tr&gt;&lt;td&gt;Latitude: -13.390373&lt;/td&gt;&lt;/tr&gt;
&lt;tr&gt;&lt;td&gt;Altitude: 12920.958 ft&lt;/td&gt;&lt;/tr&gt;
&lt;tr&gt;&lt;td&gt;Speed: 2.1 mph&lt;/td&gt;&lt;/tr&gt;
&lt;tr&gt;&lt;td&gt;Heading: 325.1&lt;/td&gt;&lt;/tr&gt;
&lt;tr&gt;&lt;td&gt;Time: 2021-02-19T18:18:41Z&lt;/td&gt;&lt;/tr&gt;
&lt;/table&gt;
</description>
        <LookAt>
          <longitude>-71.850237</longitude>
          <latitude>-13.390373</latitude>
          <tilt>66</tilt>
        </LookAt>
        <TimeStamp>
          <when>2021-02-19T18:18:41Z</when>
        </TimeStamp>
        <styleUrl>#track</styleUrl>
        <Point>
          <coordinates>-71.850237,-13.390373,3938.31</coordinates>
        </Point>
      </Placemark>
      <Placemark>
        <name>Apu Linli hike - Wikiloc-459</name>
        <snippet></snippet>
        <description>
&lt;table&gt;
&lt;tr&gt;&lt;td&gt;Longitude: -71.850312&lt;/td&gt;&lt;/tr&gt;
&lt;tr&gt;&lt;td&gt;Latitude: -13.390332&lt;/td&gt;&lt;/tr&gt;
&lt;tr&gt;&lt;td&gt;Altitude: 12920.958 ft&lt;/td&gt;&lt;/tr&gt;
&lt;tr&gt;&lt;td&gt;Speed: 2.6 mph&lt;/td&gt;&lt;/tr&gt;
&lt;tr&gt;&lt;td&gt;Heading: 299.3&lt;/td&gt;&lt;/tr&gt;
&lt;tr&gt;&lt;td&gt;Time: 2021-02-19T18:18:49Z&lt;/td&gt;&lt;/tr&gt;
&lt;/table&gt;
</description>
        <LookAt>
          <longitude>-71.850312</longitude>
          <latitude>-13.390332</latitude>
          <tilt>66</tilt>
        </LookAt>
        <TimeStamp>
          <when>2021-02-19T18:18:49Z</when>
        </TimeStamp>
        <styleUrl>#track</styleUrl>
        <Point>
          <coordinates>-71.850312,-13.390332,3938.31</coordinates>
        </Point>
      </Placemark>
      <Placemark>
        <name>Apu Linli hike - Wikiloc-460</name>
        <snippet></snippet>
        <description>
&lt;table&gt;
&lt;tr&gt;&lt;td&gt;Longitude: -71.850446&lt;/td&gt;&lt;/tr&gt;
&lt;tr&gt;&lt;td&gt;Latitude: -13.390261&lt;/td&gt;&lt;/tr&gt;
&lt;tr&gt;&lt;td&gt;Altitude: 12922.083 ft&lt;/td&gt;&lt;/tr&gt;
&lt;tr&gt;&lt;td&gt;Speed: 4.6 mph&lt;/td&gt;&lt;/tr&gt;
&lt;tr&gt;&lt;td&gt;Heading: 298.6&lt;/td&gt;&lt;/tr&gt;
&lt;tr&gt;&lt;td&gt;Time: 2021-02-19T18:18:57Z&lt;/td&gt;&lt;/tr&gt;
&lt;/table&gt;
</description>
        <LookAt>
          <longitude>-71.850446</longitude>
          <latitude>-13.390261</latitude>
          <tilt>66</tilt>
        </LookAt>
        <TimeStamp>
          <when>2021-02-19T18:18:57Z</when>
        </TimeStamp>
        <styleUrl>#track</styleUrl>
        <Point>
          <coordinates>-71.850446,-13.390261,3938.65</coordinates>
        </Point>
      </Placemark>
      <Placemark>
        <name>Apu Linli hike - Wikiloc-461</name>
        <snippet></snippet>
        <description>
&lt;table&gt;
&lt;tr&gt;&lt;td&gt;Longitude: -71.850533&lt;/td&gt;&lt;/tr&gt;
&lt;tr&gt;&lt;td&gt;Latitude: -13.390227&lt;/td&gt;&lt;/tr&gt;
&lt;tr&gt;&lt;td&gt;Altitude: 12935.305 ft&lt;/td&gt;&lt;/tr&gt;
&lt;tr&gt;&lt;td&gt;Speed: 2.8 mph&lt;/td&gt;&lt;/tr&gt;
&lt;tr&gt;&lt;td&gt;Heading: 291.9&lt;/td&gt;&lt;/tr&gt;
&lt;tr&gt;&lt;td&gt;Time: 2021-02-19T18:19:05Z&lt;/td&gt;&lt;/tr&gt;
&lt;/table&gt;
</description>
        <LookAt>
          <longitude>-71.850533</longitude>
          <latitude>-13.390227</latitude>
          <tilt>66</tilt>
        </LookAt>
        <TimeStamp>
          <when>2021-02-19T18:19:05Z</when>
        </TimeStamp>
        <styleUrl>#track</styleUrl>
        <Point>
          <coordinates>-71.850533,-13.390227,3942.68</coordinates>
        </Point>
      </Placemark>
      <Placemark>
        <name>Apu Linli hike - Wikiloc-462</name>
        <snippet></snippet>
        <description>
&lt;table&gt;
&lt;tr&gt;&lt;td&gt;Longitude: -71.850585&lt;/td&gt;&lt;/tr&gt;
&lt;tr&gt;&lt;td&gt;Latitude: -13.390231&lt;/td&gt;&lt;/tr&gt;
&lt;tr&gt;&lt;td&gt;Altitude: 12945.361 ft&lt;/td&gt;&lt;/tr&gt;
&lt;tr&gt;&lt;td&gt;Speed: 1.6 mph&lt;/td&gt;&lt;/tr&gt;
&lt;tr&gt;&lt;td&gt;Heading: 265.5&lt;/td&gt;&lt;/tr&gt;
&lt;tr&gt;&lt;td&gt;Time: 2021-02-19T18:19:13Z&lt;/td&gt;&lt;/tr&gt;
&lt;/table&gt;
</description>
        <LookAt>
          <longitude>-71.850585</longitude>
          <latitude>-13.390231</latitude>
          <tilt>66</tilt>
        </LookAt>
        <TimeStamp>
          <when>2021-02-19T18:19:13Z</when>
        </TimeStamp>
        <styleUrl>#track</styleUrl>
        <Point>
          <coordinates>-71.850585,-13.390231,3945.75</coordinates>
        </Point>
      </Placemark>
      <Placemark>
        <name>Apu Linli hike - Wikiloc-463</name>
        <snippet></snippet>
        <description>
&lt;table&gt;
&lt;tr&gt;&lt;td&gt;Longitude: -71.850647&lt;/td&gt;&lt;/tr&gt;
&lt;tr&gt;&lt;td&gt;Latitude: -13.390218&lt;/td&gt;&lt;/tr&gt;
&lt;tr&gt;&lt;td&gt;Altitude: 12949.396 ft&lt;/td&gt;&lt;/tr&gt;
&lt;tr&gt;&lt;td&gt;Speed: 1.9 mph&lt;/td&gt;&lt;/tr&gt;
&lt;tr&gt;&lt;td&gt;Heading: 282.2&lt;/td&gt;&lt;/tr&gt;
&lt;tr&gt;&lt;td&gt;Time: 2021-02-19T18:19:21Z&lt;/td&gt;&lt;/tr&gt;
&lt;/table&gt;
</description>
        <LookAt>
          <longitude>-71.850647</longitude>
          <latitude>-13.390218</latitude>
          <tilt>66</tilt>
        </LookAt>
        <TimeStamp>
          <when>2021-02-19T18:19:21Z</when>
        </TimeStamp>
        <styleUrl>#track</styleUrl>
        <Point>
          <coordinates>-71.850647,-13.390218,3946.98</coordinates>
        </Point>
      </Placemark>
      <Placemark>
        <name>Apu Linli hike - Wikiloc-464</name>
        <snippet></snippet>
        <description>
&lt;table&gt;
&lt;tr&gt;&lt;td&gt;Longitude: -71.850695&lt;/td&gt;&lt;/tr&gt;
&lt;tr&gt;&lt;td&gt;Latitude: -13.390230&lt;/td&gt;&lt;/tr&gt;
&lt;tr&gt;&lt;td&gt;Altitude: 12944.324 ft&lt;/td&gt;&lt;/tr&gt;
&lt;tr&gt;&lt;td&gt;Speed: 1.5 mph&lt;/td&gt;&lt;/tr&gt;
&lt;tr&gt;&lt;td&gt;Heading: 255.6&lt;/td&gt;&lt;/tr&gt;
&lt;tr&gt;&lt;td&gt;Time: 2021-02-19T18:19:29Z&lt;/td&gt;&lt;/tr&gt;
&lt;/table&gt;
</description>
        <LookAt>
          <longitude>-71.850695</longitude>
          <latitude>-13.39023</latitude>
          <tilt>66</tilt>
        </LookAt>
        <TimeStamp>
          <when>2021-02-19T18:19:29Z</when>
        </TimeStamp>
        <styleUrl>#track</styleUrl>
        <Point>
          <coordinates>-71.850695,-13.390230,3945.43</coordinates>
        </Point>
      </Placemark>
      <Placemark>
        <name>Apu Linli hike - Wikiloc-465</name>
        <snippet></snippet>
        <description>
&lt;table&gt;
&lt;tr&gt;&lt;td&gt;Longitude: -71.850770&lt;/td&gt;&lt;/tr&gt;
&lt;tr&gt;&lt;td&gt;Latitude: -13.390251&lt;/td&gt;&lt;/tr&gt;
&lt;tr&gt;&lt;td&gt;Altitude: 12948.609 ft&lt;/td&gt;&lt;/tr&gt;
&lt;tr&gt;&lt;td&gt;Speed: 1.2 mph&lt;/td&gt;&lt;/tr&gt;
&lt;tr&gt;&lt;td&gt;Heading: 253.9&lt;/td&gt;&lt;/tr&gt;
&lt;tr&gt;&lt;td&gt;Time: 2021-02-19T18:19:45Z&lt;/td&gt;&lt;/tr&gt;
&lt;/table&gt;
</description>
        <LookAt>
          <longitude>-71.85077</longitude>
          <latitude>-13.390251</latitude>
          <tilt>66</tilt>
        </LookAt>
        <TimeStamp>
          <when>2021-02-19T18:19:45Z</when>
        </TimeStamp>
        <styleUrl>#track</styleUrl>
        <Point>
          <coordinates>-71.850770,-13.390251,3946.74</coordinates>
        </Point>
      </Placemark>
      <Placemark>
        <name>Apu Linli hike - Wikiloc-466</name>
        <snippet></snippet>
        <description>
&lt;table&gt;
&lt;tr&gt;&lt;td&gt;Longitude: -71.850909&lt;/td&gt;&lt;/tr&gt;
&lt;tr&gt;&lt;td&gt;Latitude: -13.390234&lt;/td&gt;&lt;/tr&gt;
&lt;tr&gt;&lt;td&gt;Altitude: 12956.112 ft&lt;/td&gt;&lt;/tr&gt;
&lt;tr&gt;&lt;td&gt;Speed: 0.7 mph&lt;/td&gt;&lt;/tr&gt;
&lt;tr&gt;&lt;td&gt;Heading: 277.2&lt;/td&gt;&lt;/tr&gt;
&lt;tr&gt;&lt;td&gt;Time: 2021-02-19T18:20:34Z&lt;/td&gt;&lt;/tr&gt;
&lt;/table&gt;
</description>
        <LookAt>
          <longitude>-71.850909</longitude>
          <latitude>-13.390234</latitude>
          <tilt>66</tilt>
        </LookAt>
        <TimeStamp>
          <when>2021-02-19T18:20:34Z</when>
        </TimeStamp>
        <styleUrl>#track</styleUrl>
        <Point>
          <coordinates>-71.850909,-13.390234,3949.02</coordinates>
        </Point>
      </Placemark>
      <Placemark>
        <name>Apu Linli hike - Wikiloc-467</name>
        <snippet></snippet>
        <description>
&lt;table&gt;
&lt;tr&gt;&lt;td&gt;Longitude: -71.851080&lt;/td&gt;&lt;/tr&gt;
&lt;tr&gt;&lt;td&gt;Latitude: -13.390311&lt;/td&gt;&lt;/tr&gt;
&lt;tr&gt;&lt;td&gt;Altitude: 12969.236 ft&lt;/td&gt;&lt;/tr&gt;
&lt;tr&gt;&lt;td&gt;Speed: 5.1 mph&lt;/td&gt;&lt;/tr&gt;
&lt;tr&gt;&lt;td&gt;Heading: 245.2&lt;/td&gt;&lt;/tr&gt;
&lt;tr&gt;&lt;td&gt;Time: 2021-02-19T18:20:43Z&lt;/td&gt;&lt;/tr&gt;
&lt;/table&gt;
</description>
        <LookAt>
          <longitude>-71.85108</longitude>
          <latitude>-13.390311</latitude>
          <tilt>66</tilt>
        </LookAt>
        <TimeStamp>
          <when>2021-02-19T18:20:43Z</when>
        </TimeStamp>
        <styleUrl>#track</styleUrl>
        <Point>
          <coordinates>-71.851080,-13.390311,3953.02</coordinates>
        </Point>
      </Placemark>
      <Placemark>
        <name>Apu Linli hike - Wikiloc-468</name>
        <snippet></snippet>
        <description>
&lt;table&gt;
&lt;tr&gt;&lt;td&gt;Longitude: -71.851213&lt;/td&gt;&lt;/tr&gt;
&lt;tr&gt;&lt;td&gt;Latitude: -13.390298&lt;/td&gt;&lt;/tr&gt;
&lt;tr&gt;&lt;td&gt;Altitude: 12969.951 ft&lt;/td&gt;&lt;/tr&gt;
&lt;tr&gt;&lt;td&gt;Speed: 3.6 mph&lt;/td&gt;&lt;/tr&gt;
&lt;tr&gt;&lt;td&gt;Heading: 275.7&lt;/td&gt;&lt;/tr&gt;
&lt;tr&gt;&lt;td&gt;Time: 2021-02-19T18:20:52Z&lt;/td&gt;&lt;/tr&gt;
&lt;/table&gt;
</description>
        <LookAt>
          <longitude>-71.851213</longitude>
          <latitude>-13.390298</latitude>
          <tilt>66</tilt>
        </LookAt>
        <TimeStamp>
          <when>2021-02-19T18:20:52Z</when>
        </TimeStamp>
        <styleUrl>#track</styleUrl>
        <Point>
          <coordinates>-71.851213,-13.390298,3953.24</coordinates>
        </Point>
      </Placemark>
      <Placemark>
        <name>Apu Linli hike - Wikiloc-469</name>
        <snippet></snippet>
        <description>
&lt;table&gt;
&lt;tr&gt;&lt;td&gt;Longitude: -71.851316&lt;/td&gt;&lt;/tr&gt;
&lt;tr&gt;&lt;td&gt;Latitude: -13.390256&lt;/td&gt;&lt;/tr&gt;
&lt;tr&gt;&lt;td&gt;Altitude: 12974.019 ft&lt;/td&gt;&lt;/tr&gt;
&lt;tr&gt;&lt;td&gt;Speed: 3.0 mph&lt;/td&gt;&lt;/tr&gt;
&lt;tr&gt;&lt;td&gt;Heading: 292.7&lt;/td&gt;&lt;/tr&gt;
&lt;tr&gt;&lt;td&gt;Time: 2021-02-19T18:21:01Z&lt;/td&gt;&lt;/tr&gt;
&lt;/table&gt;
</description>
        <LookAt>
          <longitude>-71.851316</longitude>
          <latitude>-13.390256</latitude>
          <tilt>66</tilt>
        </LookAt>
        <TimeStamp>
          <when>2021-02-19T18:21:01Z</when>
        </TimeStamp>
        <styleUrl>#track</styleUrl>
        <Point>
          <coordinates>-71.851316,-13.390256,3954.48</coordinates>
        </Point>
      </Placemark>
      <Placemark>
        <name>Apu Linli hike - Wikiloc-470</name>
        <snippet></snippet>
        <description>
&lt;table&gt;
&lt;tr&gt;&lt;td&gt;Longitude: -71.851410&lt;/td&gt;&lt;/tr&gt;
&lt;tr&gt;&lt;td&gt;Latitude: -13.390275&lt;/td&gt;&lt;/tr&gt;
&lt;tr&gt;&lt;td&gt;Altitude: 12974.439 ft&lt;/td&gt;&lt;/tr&gt;
&lt;tr&gt;&lt;td&gt;Speed: 2.6 mph&lt;/td&gt;&lt;/tr&gt;
&lt;tr&gt;&lt;td&gt;Heading: 258.3&lt;/td&gt;&lt;/tr&gt;
&lt;tr&gt;&lt;td&gt;Time: 2021-02-19T18:21:10Z&lt;/td&gt;&lt;/tr&gt;
&lt;/table&gt;
</description>
        <LookAt>
          <longitude>-71.85141</longitude>
          <latitude>-13.390275</latitude>
          <tilt>66</tilt>
        </LookAt>
        <TimeStamp>
          <when>2021-02-19T18:21:10Z</when>
        </TimeStamp>
        <styleUrl>#track</styleUrl>
        <Point>
          <coordinates>-71.851410,-13.390275,3954.61</coordinates>
        </Point>
      </Placemark>
      <Placemark>
        <name>Apu Linli hike - Wikiloc-471</name>
        <snippet></snippet>
        <description>
&lt;table&gt;
&lt;tr&gt;&lt;td&gt;Longitude: -71.851458&lt;/td&gt;&lt;/tr&gt;
&lt;tr&gt;&lt;td&gt;Latitude: -13.390285&lt;/td&gt;&lt;/tr&gt;
&lt;tr&gt;&lt;td&gt;Altitude: 12966.890 ft&lt;/td&gt;&lt;/tr&gt;
&lt;tr&gt;&lt;td&gt;Speed: 1.3 mph&lt;/td&gt;&lt;/tr&gt;
&lt;tr&gt;&lt;td&gt;Heading: 257.9&lt;/td&gt;&lt;/tr&gt;
&lt;tr&gt;&lt;td&gt;Time: 2021-02-19T18:21:19Z&lt;/td&gt;&lt;/tr&gt;
&lt;/table&gt;
</description>
        <LookAt>
          <longitude>-71.851458</longitude>
          <latitude>-13.390285</latitude>
          <tilt>66</tilt>
        </LookAt>
        <TimeStamp>
          <when>2021-02-19T18:21:19Z</when>
        </TimeStamp>
        <styleUrl>#track</styleUrl>
        <Point>
          <coordinates>-71.851458,-13.390285,3952.31</coordinates>
        </Point>
      </Placemark>
      <Placemark>
        <name>Apu Linli hike - Wikiloc-472</name>
        <snippet></snippet>
        <description>
&lt;table&gt;
&lt;tr&gt;&lt;td&gt;Longitude: -71.851538&lt;/td&gt;&lt;/tr&gt;
&lt;tr&gt;&lt;td&gt;Latitude: -13.390277&lt;/td&gt;&lt;/tr&gt;
&lt;tr&gt;&lt;td&gt;Altitude: 12971.424 ft&lt;/td&gt;&lt;/tr&gt;
&lt;tr&gt;&lt;td&gt;Speed: 0.7 mph&lt;/td&gt;&lt;/tr&gt;
&lt;tr&gt;&lt;td&gt;Heading: 275.9&lt;/td&gt;&lt;/tr&gt;
&lt;tr&gt;&lt;td&gt;Time: 2021-02-19T18:21:46Z&lt;/td&gt;&lt;/tr&gt;
&lt;/table&gt;
</description>
        <LookAt>
          <longitude>-71.851538</longitude>
          <latitude>-13.390277</latitude>
          <tilt>66</tilt>
        </LookAt>
        <TimeStamp>
          <when>2021-02-19T18:21:46Z</when>
        </TimeStamp>
        <styleUrl>#track</styleUrl>
        <Point>
          <coordinates>-71.851538,-13.390277,3953.69</coordinates>
        </Point>
      </Placemark>
      <Placemark>
        <name>Apu Linli hike - Wikiloc-473</name>
        <snippet></snippet>
        <description>
&lt;table&gt;
&lt;tr&gt;&lt;td&gt;Longitude: -71.851567&lt;/td&gt;&lt;/tr&gt;
&lt;tr&gt;&lt;td&gt;Latitude: -13.390317&lt;/td&gt;&lt;/tr&gt;
&lt;tr&gt;&lt;td&gt;Altitude: 12966.142 ft&lt;/td&gt;&lt;/tr&gt;
&lt;tr&gt;&lt;td&gt;Speed: 0.5 mph&lt;/td&gt;&lt;/tr&gt;
&lt;tr&gt;&lt;td&gt;Heading: 215.2&lt;/td&gt;&lt;/tr&gt;
&lt;tr&gt;&lt;td&gt;Time: 2021-02-19T18:22:11Z&lt;/td&gt;&lt;/tr&gt;
&lt;/table&gt;
</description>
        <LookAt>
          <longitude>-71.851567</longitude>
          <latitude>-13.390317</latitude>
          <tilt>66</tilt>
        </LookAt>
        <TimeStamp>
          <when>2021-02-19T18:22:11Z</when>
        </TimeStamp>
        <styleUrl>#track</styleUrl>
        <Point>
          <coordinates>-71.851567,-13.390317,3952.08</coordinates>
        </Point>
      </Placemark>
      <Placemark>
        <name>Apu Linli hike - Wikiloc-474</name>
        <snippet></snippet>
        <description>
&lt;table&gt;
&lt;tr&gt;&lt;td&gt;Longitude: -71.851619&lt;/td&gt;&lt;/tr&gt;
&lt;tr&gt;&lt;td&gt;Latitude: -13.390350&lt;/td&gt;&lt;/tr&gt;
&lt;tr&gt;&lt;td&gt;Altitude: 12960.384 ft&lt;/td&gt;&lt;/tr&gt;
&lt;tr&gt;&lt;td&gt;Speed: 1.1 mph&lt;/td&gt;&lt;/tr&gt;
&lt;tr&gt;&lt;td&gt;Heading: 236.9&lt;/td&gt;&lt;/tr&gt;
&lt;tr&gt;&lt;td&gt;Time: 2021-02-19T18:22:25Z&lt;/td&gt;&lt;/tr&gt;
&lt;/table&gt;
</description>
        <LookAt>
          <longitude>-71.851619</longitude>
          <latitude>-13.39035</latitude>
          <tilt>66</tilt>
        </LookAt>
        <TimeStamp>
          <when>2021-02-19T18:22:25Z</when>
        </TimeStamp>
        <styleUrl>#track</styleUrl>
        <Point>
          <coordinates>-71.851619,-13.390350,3950.32</coordinates>
        </Point>
      </Placemark>
      <Placemark>
        <name>Apu Linli hike - Wikiloc-475</name>
        <snippet></snippet>
        <description>
&lt;table&gt;
&lt;tr&gt;&lt;td&gt;Longitude: -71.851588&lt;/td&gt;&lt;/tr&gt;
&lt;tr&gt;&lt;td&gt;Latitude: -13.390388&lt;/td&gt;&lt;/tr&gt;
&lt;tr&gt;&lt;td&gt;Altitude: 12959.859 ft&lt;/td&gt;&lt;/tr&gt;
&lt;tr&gt;&lt;td&gt;Speed: 2.4 mph&lt;/td&gt;&lt;/tr&gt;
&lt;tr&gt;&lt;td&gt;Heading: 141.6&lt;/td&gt;&lt;/tr&gt;
&lt;tr&gt;&lt;td&gt;Time: 2021-02-19T18:22:30Z&lt;/td&gt;&lt;/tr&gt;
&lt;/table&gt;
</description>
        <LookAt>
          <longitude>-71.851588</longitude>
          <latitude>-13.390388</latitude>
          <tilt>66</tilt>
        </LookAt>
        <TimeStamp>
          <when>2021-02-19T18:22:30Z</when>
        </TimeStamp>
        <styleUrl>#track</styleUrl>
        <Point>
          <coordinates>-71.851588,-13.390388,3950.16</coordinates>
        </Point>
      </Placemark>
      <Placemark>
        <name>Apu Linli hike - Wikiloc-476</name>
        <snippet></snippet>
        <description>
&lt;table&gt;
&lt;tr&gt;&lt;td&gt;Longitude: -71.851671&lt;/td&gt;&lt;/tr&gt;
&lt;tr&gt;&lt;td&gt;Latitude: -13.390436&lt;/td&gt;&lt;/tr&gt;
&lt;tr&gt;&lt;td&gt;Altitude: 12965.121 ft&lt;/td&gt;&lt;/tr&gt;
&lt;tr&gt;&lt;td&gt;Speed: 2.3 mph&lt;/td&gt;&lt;/tr&gt;
&lt;tr&gt;&lt;td&gt;Heading: 239.3&lt;/td&gt;&lt;/tr&gt;
&lt;tr&gt;&lt;td&gt;Time: 2021-02-19T18:22:40Z&lt;/td&gt;&lt;/tr&gt;
&lt;/table&gt;
</description>
        <LookAt>
          <longitude>-71.851671</longitude>
          <latitude>-13.390436</latitude>
          <tilt>66</tilt>
        </LookAt>
        <TimeStamp>
          <when>2021-02-19T18:22:40Z</when>
        </TimeStamp>
        <styleUrl>#track</styleUrl>
        <Point>
          <coordinates>-71.851671,-13.390436,3951.77</coordinates>
        </Point>
      </Placemark>
      <Placemark>
        <name>Apu Linli hike - Wikiloc-477</name>
        <snippet></snippet>
        <description>
&lt;table&gt;
&lt;tr&gt;&lt;td&gt;Longitude: -71.851760&lt;/td&gt;&lt;/tr&gt;
&lt;tr&gt;&lt;td&gt;Latitude: -13.390459&lt;/td&gt;&lt;/tr&gt;
&lt;tr&gt;&lt;td&gt;Altitude: 12968.947 ft&lt;/td&gt;&lt;/tr&gt;
&lt;tr&gt;&lt;td&gt;Speed: 4.5 mph&lt;/td&gt;&lt;/tr&gt;
&lt;tr&gt;&lt;td&gt;Heading: 255.1&lt;/td&gt;&lt;/tr&gt;
&lt;tr&gt;&lt;td&gt;Time: 2021-02-19T18:22:45Z&lt;/td&gt;&lt;/tr&gt;
&lt;/table&gt;
</description>
        <LookAt>
          <longitude>-71.85176</longitude>
          <latitude>-13.390459</latitude>
          <tilt>66</tilt>
        </LookAt>
        <TimeStamp>
          <when>2021-02-19T18:22:45Z</when>
        </TimeStamp>
        <styleUrl>#track</styleUrl>
        <Point>
          <coordinates>-71.851760,-13.390459,3952.93</coordinates>
        </Point>
      </Placemark>
      <Placemark>
        <name>Apu Linli hike - Wikiloc-478</name>
        <snippet></snippet>
        <description>
&lt;table&gt;
&lt;tr&gt;&lt;td&gt;Longitude: -71.851802&lt;/td&gt;&lt;/tr&gt;
&lt;tr&gt;&lt;td&gt;Latitude: -13.390507&lt;/td&gt;&lt;/tr&gt;
&lt;tr&gt;&lt;td&gt;Altitude: 12969.331 ft&lt;/td&gt;&lt;/tr&gt;
&lt;tr&gt;&lt;td&gt;Speed: 3.1 mph&lt;/td&gt;&lt;/tr&gt;
&lt;tr&gt;&lt;td&gt;Heading: 220.4&lt;/td&gt;&lt;/tr&gt;
&lt;tr&gt;&lt;td&gt;Time: 2021-02-19T18:22:50Z&lt;/td&gt;&lt;/tr&gt;
&lt;/table&gt;
</description>
        <LookAt>
          <longitude>-71.851802</longitude>
          <latitude>-13.390507</latitude>
          <tilt>66</tilt>
        </LookAt>
        <TimeStamp>
          <when>2021-02-19T18:22:50Z</when>
        </TimeStamp>
        <styleUrl>#track</styleUrl>
        <Point>
          <coordinates>-71.851802,-13.390507,3953.05</coordinates>
        </Point>
      </Placemark>
      <Placemark>
        <name>Apu Linli hike - Wikiloc-479</name>
        <snippet></snippet>
        <description>
&lt;table&gt;
&lt;tr&gt;&lt;td&gt;Longitude: -71.851840&lt;/td&gt;&lt;/tr&gt;
&lt;tr&gt;&lt;td&gt;Latitude: -13.390547&lt;/td&gt;&lt;/tr&gt;
&lt;tr&gt;&lt;td&gt;Altitude: 12967.067 ft&lt;/td&gt;&lt;/tr&gt;
&lt;tr&gt;&lt;td&gt;Speed: 2.7 mph&lt;/td&gt;&lt;/tr&gt;
&lt;tr&gt;&lt;td&gt;Heading: 222.7&lt;/td&gt;&lt;/tr&gt;
&lt;tr&gt;&lt;td&gt;Time: 2021-02-19T18:22:55Z&lt;/td&gt;&lt;/tr&gt;
&lt;/table&gt;
</description>
        <LookAt>
          <longitude>-71.85184</longitude>
          <latitude>-13.390547</latitude>
          <tilt>66</tilt>
        </LookAt>
        <TimeStamp>
          <when>2021-02-19T18:22:55Z</when>
        </TimeStamp>
        <styleUrl>#track</styleUrl>
        <Point>
          <coordinates>-71.851840,-13.390547,3952.36</coordinates>
        </Point>
      </Placemark>
      <Placemark>
        <name>Apu Linli hike - Wikiloc-480</name>
        <snippet></snippet>
        <description>
&lt;table&gt;
&lt;tr&gt;&lt;td&gt;Longitude: -71.851878&lt;/td&gt;&lt;/tr&gt;
&lt;tr&gt;&lt;td&gt;Latitude: -13.390589&lt;/td&gt;&lt;/tr&gt;
&lt;tr&gt;&lt;td&gt;Altitude: 12967.080 ft&lt;/td&gt;&lt;/tr&gt;
&lt;tr&gt;&lt;td&gt;Speed: 2.8 mph&lt;/td&gt;&lt;/tr&gt;
&lt;tr&gt;&lt;td&gt;Heading: 221.4&lt;/td&gt;&lt;/tr&gt;
&lt;tr&gt;&lt;td&gt;Time: 2021-02-19T18:23:00Z&lt;/td&gt;&lt;/tr&gt;
&lt;/table&gt;
</description>
        <LookAt>
          <longitude>-71.851878</longitude>
          <latitude>-13.390589</latitude>
          <tilt>66</tilt>
        </LookAt>
        <TimeStamp>
          <when>2021-02-19T18:23:00Z</when>
        </TimeStamp>
        <styleUrl>#track</styleUrl>
        <Point>
          <coordinates>-71.851878,-13.390589,3952.37</coordinates>
        </Point>
      </Placemark>
      <Placemark>
        <name>Apu Linli hike - Wikiloc-481</name>
        <snippet></snippet>
        <description>
&lt;table&gt;
&lt;tr&gt;&lt;td&gt;Longitude: -71.851928&lt;/td&gt;&lt;/tr&gt;
&lt;tr&gt;&lt;td&gt;Latitude: -13.390633&lt;/td&gt;&lt;/tr&gt;
&lt;tr&gt;&lt;td&gt;Altitude: 12968.271 ft&lt;/td&gt;&lt;/tr&gt;
&lt;tr&gt;&lt;td&gt;Speed: 3.3 mph&lt;/td&gt;&lt;/tr&gt;
&lt;tr&gt;&lt;td&gt;Heading: 227.9&lt;/td&gt;&lt;/tr&gt;
&lt;tr&gt;&lt;td&gt;Time: 2021-02-19T18:23:05Z&lt;/td&gt;&lt;/tr&gt;
&lt;/table&gt;
</description>
        <LookAt>
          <longitude>-71.851928</longitude>
          <latitude>-13.390633</latitude>
          <tilt>66</tilt>
        </LookAt>
        <TimeStamp>
          <when>2021-02-19T18:23:05Z</when>
        </TimeStamp>
        <styleUrl>#track</styleUrl>
        <Point>
          <coordinates>-71.851928,-13.390633,3952.73</coordinates>
        </Point>
      </Placemark>
      <Placemark>
        <name>Apu Linli hike - Wikiloc-482</name>
        <snippet></snippet>
        <description>
&lt;table&gt;
&lt;tr&gt;&lt;td&gt;Longitude: -71.851980&lt;/td&gt;&lt;/tr&gt;
&lt;tr&gt;&lt;td&gt;Latitude: -13.390664&lt;/td&gt;&lt;/tr&gt;
&lt;tr&gt;&lt;td&gt;Altitude: 12972.182 ft&lt;/td&gt;&lt;/tr&gt;
&lt;tr&gt;&lt;td&gt;Speed: 3.0 mph&lt;/td&gt;&lt;/tr&gt;
&lt;tr&gt;&lt;td&gt;Heading: 238.5&lt;/td&gt;&lt;/tr&gt;
&lt;tr&gt;&lt;td&gt;Time: 2021-02-19T18:23:10Z&lt;/td&gt;&lt;/tr&gt;
&lt;/table&gt;
</description>
        <LookAt>
          <longitude>-71.85198</longitude>
          <latitude>-13.390664</latitude>
          <tilt>66</tilt>
        </LookAt>
        <TimeStamp>
          <when>2021-02-19T18:23:10Z</when>
        </TimeStamp>
        <styleUrl>#track</styleUrl>
        <Point>
          <coordinates>-71.851980,-13.390664,3953.92</coordinates>
        </Point>
      </Placemark>
      <Placemark>
        <name>Apu Linli hike - Wikiloc-483</name>
        <snippet></snippet>
        <description>
&lt;table&gt;
&lt;tr&gt;&lt;td&gt;Longitude: -71.852035&lt;/td&gt;&lt;/tr&gt;
&lt;tr&gt;&lt;td&gt;Latitude: -13.390686&lt;/td&gt;&lt;/tr&gt;
&lt;tr&gt;&lt;td&gt;Altitude: 12975.748 ft&lt;/td&gt;&lt;/tr&gt;
&lt;tr&gt;&lt;td&gt;Speed: 2.9 mph&lt;/td&gt;&lt;/tr&gt;
&lt;tr&gt;&lt;td&gt;Heading: 247.6&lt;/td&gt;&lt;/tr&gt;
&lt;tr&gt;&lt;td&gt;Time: 2021-02-19T18:23:15Z&lt;/td&gt;&lt;/tr&gt;
&lt;/table&gt;
</description>
        <LookAt>
          <longitude>-71.852035</longitude>
          <latitude>-13.390686</latitude>
          <tilt>66</tilt>
        </LookAt>
        <TimeStamp>
          <when>2021-02-19T18:23:15Z</when>
        </TimeStamp>
        <styleUrl>#track</styleUrl>
        <Point>
          <coordinates>-71.852035,-13.390686,3955.01</coordinates>
        </Point>
      </Placemark>
      <Placemark>
        <name>Apu Linli hike - Wikiloc-484</name>
        <snippet></snippet>
        <description>
&lt;table&gt;
&lt;tr&gt;&lt;td&gt;Longitude: -71.852089&lt;/td&gt;&lt;/tr&gt;
&lt;tr&gt;&lt;td&gt;Latitude: -13.390726&lt;/td&gt;&lt;/tr&gt;
&lt;tr&gt;&lt;td&gt;Altitude: 12974.678 ft&lt;/td&gt;&lt;/tr&gt;
&lt;tr&gt;&lt;td&gt;Speed: 3.3 mph&lt;/td&gt;&lt;/tr&gt;
&lt;tr&gt;&lt;td&gt;Heading: 232.7&lt;/td&gt;&lt;/tr&gt;
&lt;tr&gt;&lt;td&gt;Time: 2021-02-19T18:23:20Z&lt;/td&gt;&lt;/tr&gt;
&lt;/table&gt;
</description>
        <LookAt>
          <longitude>-71.852089</longitude>
          <latitude>-13.390726</latitude>
          <tilt>66</tilt>
        </LookAt>
        <TimeStamp>
          <when>2021-02-19T18:23:20Z</when>
        </TimeStamp>
        <styleUrl>#track</styleUrl>
        <Point>
          <coordinates>-71.852089,-13.390726,3954.68</coordinates>
        </Point>
      </Placemark>
      <Placemark>
        <name>Apu Linli hike - Wikiloc-485</name>
        <snippet></snippet>
        <description>
&lt;table&gt;
&lt;tr&gt;&lt;td&gt;Longitude: -71.852141&lt;/td&gt;&lt;/tr&gt;
&lt;tr&gt;&lt;td&gt;Latitude: -13.390759&lt;/td&gt;&lt;/tr&gt;
&lt;tr&gt;&lt;td&gt;Altitude: 12976.319 ft&lt;/td&gt;&lt;/tr&gt;
&lt;tr&gt;&lt;td&gt;Speed: 3.0 mph&lt;/td&gt;&lt;/tr&gt;
&lt;tr&gt;&lt;td&gt;Heading: 236.9&lt;/td&gt;&lt;/tr&gt;
&lt;tr&gt;&lt;td&gt;Time: 2021-02-19T18:23:25Z&lt;/td&gt;&lt;/tr&gt;
&lt;/table&gt;
</description>
        <LookAt>
          <longitude>-71.852141</longitude>
          <latitude>-13.390759</latitude>
          <tilt>66</tilt>
        </LookAt>
        <TimeStamp>
          <when>2021-02-19T18:23:25Z</when>
        </TimeStamp>
        <styleUrl>#track</styleUrl>
        <Point>
          <coordinates>-71.852141,-13.390759,3955.18</coordinates>
        </Point>
      </Placemark>
      <Placemark>
        <name>Apu Linli hike - Wikiloc-486</name>
        <snippet></snippet>
        <description>
&lt;table&gt;
&lt;tr&gt;&lt;td&gt;Longitude: -71.852194&lt;/td&gt;&lt;/tr&gt;
&lt;tr&gt;&lt;td&gt;Latitude: -13.390790&lt;/td&gt;&lt;/tr&gt;
&lt;tr&gt;&lt;td&gt;Altitude: 12976.795 ft&lt;/td&gt;&lt;/tr&gt;
&lt;tr&gt;&lt;td&gt;Speed: 3.0 mph&lt;/td&gt;&lt;/tr&gt;
&lt;tr&gt;&lt;td&gt;Heading: 239.0&lt;/td&gt;&lt;/tr&gt;
&lt;tr&gt;&lt;td&gt;Time: 2021-02-19T18:23:30Z&lt;/td&gt;&lt;/tr&gt;
&lt;/table&gt;
</description>
        <LookAt>
          <longitude>-71.852194</longitude>
          <latitude>-13.39079</latitude>
          <tilt>66</tilt>
        </LookAt>
        <TimeStamp>
          <when>2021-02-19T18:23:30Z</when>
        </TimeStamp>
        <styleUrl>#track</styleUrl>
        <Point>
          <coordinates>-71.852194,-13.390790,3955.33</coordinates>
        </Point>
      </Placemark>
      <Placemark>
        <name>Apu Linli hike - Wikiloc-487</name>
        <snippet></snippet>
        <description>
&lt;table&gt;
&lt;tr&gt;&lt;td&gt;Longitude: -71.852241&lt;/td&gt;&lt;/tr&gt;
&lt;tr&gt;&lt;td&gt;Latitude: -13.390820&lt;/td&gt;&lt;/tr&gt;
&lt;tr&gt;&lt;td&gt;Altitude: 12981.749 ft&lt;/td&gt;&lt;/tr&gt;
&lt;tr&gt;&lt;td&gt;Speed: 2.7 mph&lt;/td&gt;&lt;/tr&gt;
&lt;tr&gt;&lt;td&gt;Heading: 236.7&lt;/td&gt;&lt;/tr&gt;
&lt;tr&gt;&lt;td&gt;Time: 2021-02-19T18:23:35Z&lt;/td&gt;&lt;/tr&gt;
&lt;/table&gt;
</description>
        <LookAt>
          <longitude>-71.852241</longitude>
          <latitude>-13.39082</latitude>
          <tilt>66</tilt>
        </LookAt>
        <TimeStamp>
          <when>2021-02-19T18:23:35Z</when>
        </TimeStamp>
        <styleUrl>#track</styleUrl>
        <Point>
          <coordinates>-71.852241,-13.390820,3956.84</coordinates>
        </Point>
      </Placemark>
      <Placemark>
        <name>Apu Linli hike - Wikiloc-488</name>
        <snippet></snippet>
        <description>
&lt;table&gt;
&lt;tr&gt;&lt;td&gt;Longitude: -71.852297&lt;/td&gt;&lt;/tr&gt;
&lt;tr&gt;&lt;td&gt;Latitude: -13.390845&lt;/td&gt;&lt;/tr&gt;
&lt;tr&gt;&lt;td&gt;Altitude: 12984.058 ft&lt;/td&gt;&lt;/tr&gt;
&lt;tr&gt;&lt;td&gt;Speed: 3.0 mph&lt;/td&gt;&lt;/tr&gt;
&lt;tr&gt;&lt;td&gt;Heading: 245.3&lt;/td&gt;&lt;/tr&gt;
&lt;tr&gt;&lt;td&gt;Time: 2021-02-19T18:23:40Z&lt;/td&gt;&lt;/tr&gt;
&lt;/table&gt;
</description>
        <LookAt>
          <longitude>-71.852297</longitude>
          <latitude>-13.390845</latitude>
          <tilt>66</tilt>
        </LookAt>
        <TimeStamp>
          <when>2021-02-19T18:23:40Z</when>
        </TimeStamp>
        <styleUrl>#track</styleUrl>
        <Point>
          <coordinates>-71.852297,-13.390845,3957.54</coordinates>
        </Point>
      </Placemark>
      <Placemark>
        <name>Apu Linli hike - Wikiloc-489</name>
        <snippet></snippet>
        <description>
&lt;table&gt;
&lt;tr&gt;&lt;td&gt;Longitude: -71.852357&lt;/td&gt;&lt;/tr&gt;
&lt;tr&gt;&lt;td&gt;Latitude: -13.390872&lt;/td&gt;&lt;/tr&gt;
&lt;tr&gt;&lt;td&gt;Altitude: 12982.799 ft&lt;/td&gt;&lt;/tr&gt;
&lt;tr&gt;&lt;td&gt;Speed: 3.2 mph&lt;/td&gt;&lt;/tr&gt;
&lt;tr&gt;&lt;td&gt;Heading: 245.2&lt;/td&gt;&lt;/tr&gt;
&lt;tr&gt;&lt;td&gt;Time: 2021-02-19T18:23:45Z&lt;/td&gt;&lt;/tr&gt;
&lt;/table&gt;
</description>
        <LookAt>
          <longitude>-71.852357</longitude>
          <latitude>-13.390872</latitude>
          <tilt>66</tilt>
        </LookAt>
        <TimeStamp>
          <when>2021-02-19T18:23:45Z</when>
        </TimeStamp>
        <styleUrl>#track</styleUrl>
        <Point>
          <coordinates>-71.852357,-13.390872,3957.16</coordinates>
        </Point>
      </Placemark>
      <Placemark>
        <name>Apu Linli hike - Wikiloc-490</name>
        <snippet></snippet>
        <description>
&lt;table&gt;
&lt;tr&gt;&lt;td&gt;Longitude: -71.852401&lt;/td&gt;&lt;/tr&gt;
&lt;tr&gt;&lt;td&gt;Latitude: -13.390913&lt;/td&gt;&lt;/tr&gt;
&lt;tr&gt;&lt;td&gt;Altitude: 12981.378 ft&lt;/td&gt;&lt;/tr&gt;
&lt;tr&gt;&lt;td&gt;Speed: 3.0 mph&lt;/td&gt;&lt;/tr&gt;
&lt;tr&gt;&lt;td&gt;Heading: 226.2&lt;/td&gt;&lt;/tr&gt;
&lt;tr&gt;&lt;td&gt;Time: 2021-02-19T18:23:50Z&lt;/td&gt;&lt;/tr&gt;
&lt;/table&gt;
</description>
        <LookAt>
          <longitude>-71.852401</longitude>
          <latitude>-13.390913</latitude>
          <tilt>66</tilt>
        </LookAt>
        <TimeStamp>
          <when>2021-02-19T18:23:50Z</when>
        </TimeStamp>
        <styleUrl>#track</styleUrl>
        <Point>
          <coordinates>-71.852401,-13.390913,3956.72</coordinates>
        </Point>
      </Placemark>
      <Placemark>
        <name>Apu Linli hike - Wikiloc-491</name>
        <snippet></snippet>
        <description>
&lt;table&gt;
&lt;tr&gt;&lt;td&gt;Longitude: -71.852401&lt;/td&gt;&lt;/tr&gt;
&lt;tr&gt;&lt;td&gt;Latitude: -13.390958&lt;/td&gt;&lt;/tr&gt;
&lt;tr&gt;&lt;td&gt;Altitude: 12981.903 ft&lt;/td&gt;&lt;/tr&gt;
&lt;tr&gt;&lt;td&gt;Speed: 0.7 mph&lt;/td&gt;&lt;/tr&gt;
&lt;tr&gt;&lt;td&gt;Heading: 180.0&lt;/td&gt;&lt;/tr&gt;
&lt;tr&gt;&lt;td&gt;Time: 2021-02-19T18:24:05Z&lt;/td&gt;&lt;/tr&gt;
&lt;/table&gt;
</description>
        <LookAt>
          <longitude>-71.852401</longitude>
          <latitude>-13.390958</latitude>
          <tilt>66</tilt>
        </LookAt>
        <TimeStamp>
          <when>2021-02-19T18:24:05Z</when>
        </TimeStamp>
        <styleUrl>#track</styleUrl>
        <Point>
          <coordinates>-71.852401,-13.390958,3956.88</coordinates>
        </Point>
      </Placemark>
      <Placemark>
        <name>Apu Linli hike - Wikiloc-492</name>
        <snippet></snippet>
        <description>
&lt;table&gt;
&lt;tr&gt;&lt;td&gt;Longitude: -71.852432&lt;/td&gt;&lt;/tr&gt;
&lt;tr&gt;&lt;td&gt;Latitude: -13.391024&lt;/td&gt;&lt;/tr&gt;
&lt;tr&gt;&lt;td&gt;Altitude: 12984.242 ft&lt;/td&gt;&lt;/tr&gt;
&lt;tr&gt;&lt;td&gt;Speed: 3.0 mph&lt;/td&gt;&lt;/tr&gt;
&lt;tr&gt;&lt;td&gt;Heading: 204.6&lt;/td&gt;&lt;/tr&gt;
&lt;tr&gt;&lt;td&gt;Time: 2021-02-19T18:24:11Z&lt;/td&gt;&lt;/tr&gt;
&lt;/table&gt;
</description>
        <LookAt>
          <longitude>-71.852432</longitude>
          <latitude>-13.391024</latitude>
          <tilt>66</tilt>
        </LookAt>
        <TimeStamp>
          <when>2021-02-19T18:24:11Z</when>
        </TimeStamp>
        <styleUrl>#track</styleUrl>
        <Point>
          <coordinates>-71.852432,-13.391024,3957.60</coordinates>
        </Point>
      </Placemark>
      <Placemark>
        <name>Apu Linli hike - Wikiloc-493</name>
        <snippet></snippet>
        <description>
&lt;table&gt;
&lt;tr&gt;&lt;td&gt;Longitude: -71.852462&lt;/td&gt;&lt;/tr&gt;
&lt;tr&gt;&lt;td&gt;Latitude: -13.391096&lt;/td&gt;&lt;/tr&gt;
&lt;tr&gt;&lt;td&gt;Altitude: 12979.406 ft&lt;/td&gt;&lt;/tr&gt;
&lt;tr&gt;&lt;td&gt;Speed: 3.9 mph&lt;/td&gt;&lt;/tr&gt;
&lt;tr&gt;&lt;td&gt;Heading: 202.1&lt;/td&gt;&lt;/tr&gt;
&lt;tr&gt;&lt;td&gt;Time: 2021-02-19T18:24:16Z&lt;/td&gt;&lt;/tr&gt;
&lt;/table&gt;
</description>
        <LookAt>
          <longitude>-71.852462</longitude>
          <latitude>-13.391096</latitude>
          <tilt>66</tilt>
        </LookAt>
        <TimeStamp>
          <when>2021-02-19T18:24:16Z</when>
        </TimeStamp>
        <styleUrl>#track</styleUrl>
        <Point>
          <coordinates>-71.852462,-13.391096,3956.12</coordinates>
        </Point>
      </Placemark>
      <Placemark>
        <name>Apu Linli hike - Wikiloc-494</name>
        <snippet></snippet>
        <description>
&lt;table&gt;
&lt;tr&gt;&lt;td&gt;Longitude: -71.852481&lt;/td&gt;&lt;/tr&gt;
&lt;tr&gt;&lt;td&gt;Latitude: -13.391186&lt;/td&gt;&lt;/tr&gt;
&lt;tr&gt;&lt;td&gt;Altitude: 12981.381 ft&lt;/td&gt;&lt;/tr&gt;
&lt;tr&gt;&lt;td&gt;Speed: 2.3 mph&lt;/td&gt;&lt;/tr&gt;
&lt;tr&gt;&lt;td&gt;Heading: 191.6&lt;/td&gt;&lt;/tr&gt;
&lt;tr&gt;&lt;td&gt;Time: 2021-02-19T18:24:26Z&lt;/td&gt;&lt;/tr&gt;
&lt;/table&gt;
</description>
        <LookAt>
          <longitude>-71.852481</longitude>
          <latitude>-13.391186</latitude>
          <tilt>66</tilt>
        </LookAt>
        <TimeStamp>
          <when>2021-02-19T18:24:26Z</when>
        </TimeStamp>
        <styleUrl>#track</styleUrl>
        <Point>
          <coordinates>-71.852481,-13.391186,3956.72</coordinates>
        </Point>
      </Placemark>
      <Placemark>
        <name>Apu Linli hike - Wikiloc-495</name>
        <snippet></snippet>
        <description>
&lt;table&gt;
&lt;tr&gt;&lt;td&gt;Longitude: -71.852505&lt;/td&gt;&lt;/tr&gt;
&lt;tr&gt;&lt;td&gt;Latitude: -13.391248&lt;/td&gt;&lt;/tr&gt;
&lt;tr&gt;&lt;td&gt;Altitude: 12984.606 ft&lt;/td&gt;&lt;/tr&gt;
&lt;tr&gt;&lt;td&gt;Speed: 3.3 mph&lt;/td&gt;&lt;/tr&gt;
&lt;tr&gt;&lt;td&gt;Heading: 200.6&lt;/td&gt;&lt;/tr&gt;
&lt;tr&gt;&lt;td&gt;Time: 2021-02-19T18:24:31Z&lt;/td&gt;&lt;/tr&gt;
&lt;/table&gt;
</description>
        <LookAt>
          <longitude>-71.852505</longitude>
          <latitude>-13.391248</latitude>
          <tilt>66</tilt>
        </LookAt>
        <TimeStamp>
          <when>2021-02-19T18:24:31Z</when>
        </TimeStamp>
        <styleUrl>#track</styleUrl>
        <Point>
          <coordinates>-71.852505,-13.391248,3957.71</coordinates>
        </Point>
      </Placemark>
      <Placemark>
        <name>Apu Linli hike - Wikiloc-496</name>
        <snippet></snippet>
        <description>
&lt;table&gt;
&lt;tr&gt;&lt;td&gt;Longitude: -71.852546&lt;/td&gt;&lt;/tr&gt;
&lt;tr&gt;&lt;td&gt;Latitude: -13.391324&lt;/td&gt;&lt;/tr&gt;
&lt;tr&gt;&lt;td&gt;Altitude: 12990.436 ft&lt;/td&gt;&lt;/tr&gt;
&lt;tr&gt;&lt;td&gt;Speed: 4.3 mph&lt;/td&gt;&lt;/tr&gt;
&lt;tr&gt;&lt;td&gt;Heading: 207.7&lt;/td&gt;&lt;/tr&gt;
&lt;tr&gt;&lt;td&gt;Time: 2021-02-19T18:24:36Z&lt;/td&gt;&lt;/tr&gt;
&lt;/table&gt;
</description>
        <LookAt>
          <longitude>-71.852546</longitude>
          <latitude>-13.391324</latitude>
          <tilt>66</tilt>
        </LookAt>
        <TimeStamp>
          <when>2021-02-19T18:24:36Z</when>
        </TimeStamp>
        <styleUrl>#track</styleUrl>
        <Point>
          <coordinates>-71.852546,-13.391324,3959.49</coordinates>
        </Point>
      </Placemark>
      <Placemark>
        <name>Apu Linli hike - Wikiloc-497</name>
        <snippet></snippet>
        <description>
&lt;table&gt;
&lt;tr&gt;&lt;td&gt;Longitude: -71.852615&lt;/td&gt;&lt;/tr&gt;
&lt;tr&gt;&lt;td&gt;Latitude: -13.391388&lt;/td&gt;&lt;/tr&gt;
&lt;tr&gt;&lt;td&gt;Altitude: 12995.030 ft&lt;/td&gt;&lt;/tr&gt;
&lt;tr&gt;&lt;td&gt;Speed: 4.6 mph&lt;/td&gt;&lt;/tr&gt;
&lt;tr&gt;&lt;td&gt;Heading: 226.4&lt;/td&gt;&lt;/tr&gt;
&lt;tr&gt;&lt;td&gt;Time: 2021-02-19T18:24:41Z&lt;/td&gt;&lt;/tr&gt;
&lt;/table&gt;
</description>
        <LookAt>
          <longitude>-71.852615</longitude>
          <latitude>-13.391388</latitude>
          <tilt>66</tilt>
        </LookAt>
        <TimeStamp>
          <when>2021-02-19T18:24:41Z</when>
        </TimeStamp>
        <styleUrl>#track</styleUrl>
        <Point>
          <coordinates>-71.852615,-13.391388,3960.89</coordinates>
        </Point>
      </Placemark>
      <Placemark>
        <name>Apu Linli hike - Wikiloc-498</name>
        <snippet></snippet>
        <description>
&lt;table&gt;
&lt;tr&gt;&lt;td&gt;Longitude: -71.852681&lt;/td&gt;&lt;/tr&gt;
&lt;tr&gt;&lt;td&gt;Latitude: -13.391437&lt;/td&gt;&lt;/tr&gt;
&lt;tr&gt;&lt;td&gt;Altitude: 13000.591 ft&lt;/td&gt;&lt;/tr&gt;
&lt;tr&gt;&lt;td&gt;Speed: 4.0 mph&lt;/td&gt;&lt;/tr&gt;
&lt;tr&gt;&lt;td&gt;Heading: 232.7&lt;/td&gt;&lt;/tr&gt;
&lt;tr&gt;&lt;td&gt;Time: 2021-02-19T18:24:46Z&lt;/td&gt;&lt;/tr&gt;
&lt;/table&gt;
</description>
        <LookAt>
          <longitude>-71.852681</longitude>
          <latitude>-13.391437</latitude>
          <tilt>66</tilt>
        </LookAt>
        <TimeStamp>
          <when>2021-02-19T18:24:46Z</when>
        </TimeStamp>
        <styleUrl>#track</styleUrl>
        <Point>
          <coordinates>-71.852681,-13.391437,3962.58</coordinates>
        </Point>
      </Placemark>
      <Placemark>
        <name>Apu Linli hike - Wikiloc-499</name>
        <snippet></snippet>
        <description>
&lt;table&gt;
&lt;tr&gt;&lt;td&gt;Longitude: -71.852764&lt;/td&gt;&lt;/tr&gt;
&lt;tr&gt;&lt;td&gt;Latitude: -13.391512&lt;/td&gt;&lt;/tr&gt;
&lt;tr&gt;&lt;td&gt;Altitude: 13002.887 ft&lt;/td&gt;&lt;/tr&gt;
&lt;tr&gt;&lt;td&gt;Speed: 0.7 mph&lt;/td&gt;&lt;/tr&gt;
&lt;tr&gt;&lt;td&gt;Heading: 227.1&lt;/td&gt;&lt;/tr&gt;
&lt;tr&gt;&lt;td&gt;Time: 2021-02-19T18:25:28Z&lt;/td&gt;&lt;/tr&gt;
&lt;/table&gt;
</description>
        <LookAt>
          <longitude>-71.852764</longitude>
          <latitude>-13.391512</latitude>
          <tilt>66</tilt>
        </LookAt>
        <TimeStamp>
          <when>2021-02-19T18:25:28Z</when>
        </TimeStamp>
        <styleUrl>#track</styleUrl>
        <Point>
          <coordinates>-71.852764,-13.391512,3963.28</coordinates>
        </Point>
      </Placemark>
      <Placemark>
        <name>Apu Linli hike - Wikiloc-500</name>
        <snippet></snippet>
        <description>
&lt;table&gt;
&lt;tr&gt;&lt;td&gt;Longitude: -71.852870&lt;/td&gt;&lt;/tr&gt;
&lt;tr&gt;&lt;td&gt;Latitude: -13.391641&lt;/td&gt;&lt;/tr&gt;
&lt;tr&gt;&lt;td&gt;Altitude: 13007.493 ft&lt;/td&gt;&lt;/tr&gt;
&lt;tr&gt;&lt;td&gt;Speed: 4.6 mph&lt;/td&gt;&lt;/tr&gt;
&lt;tr&gt;&lt;td&gt;Heading: 218.6&lt;/td&gt;&lt;/tr&gt;
&lt;tr&gt;&lt;td&gt;Time: 2021-02-19T18:25:37Z&lt;/td&gt;&lt;/tr&gt;
&lt;/table&gt;
</description>
        <LookAt>
          <longitude>-71.85287</longitude>
          <latitude>-13.391641</latitude>
          <tilt>66</tilt>
        </LookAt>
        <TimeStamp>
          <when>2021-02-19T18:25:37Z</when>
        </TimeStamp>
        <styleUrl>#track</styleUrl>
        <Point>
          <coordinates>-71.852870,-13.391641,3964.68</coordinates>
        </Point>
      </Placemark>
      <Placemark>
        <name>Apu Linli hike - Wikiloc-501</name>
        <snippet></snippet>
        <description>
&lt;table&gt;
&lt;tr&gt;&lt;td&gt;Longitude: -71.852947&lt;/td&gt;&lt;/tr&gt;
&lt;tr&gt;&lt;td&gt;Latitude: -13.391742&lt;/td&gt;&lt;/tr&gt;
&lt;tr&gt;&lt;td&gt;Altitude: 13008.169 ft&lt;/td&gt;&lt;/tr&gt;
&lt;tr&gt;&lt;td&gt;Speed: 3.5 mph&lt;/td&gt;&lt;/tr&gt;
&lt;tr&gt;&lt;td&gt;Heading: 216.6&lt;/td&gt;&lt;/tr&gt;
&lt;tr&gt;&lt;td&gt;Time: 2021-02-19T18:25:46Z&lt;/td&gt;&lt;/tr&gt;
&lt;/table&gt;
</description>
        <LookAt>
          <longitude>-71.852947</longitude>
          <latitude>-13.391742</latitude>
          <tilt>66</tilt>
        </LookAt>
        <TimeStamp>
          <when>2021-02-19T18:25:46Z</when>
        </TimeStamp>
        <styleUrl>#track</styleUrl>
        <Point>
          <coordinates>-71.852947,-13.391742,3964.89</coordinates>
        </Point>
      </Placemark>
      <Placemark>
        <name>Apu Linli hike - Wikiloc-502</name>
        <snippet></snippet>
        <description>
&lt;table&gt;
&lt;tr&gt;&lt;td&gt;Longitude: -71.852974&lt;/td&gt;&lt;/tr&gt;
&lt;tr&gt;&lt;td&gt;Latitude: -13.391842&lt;/td&gt;&lt;/tr&gt;
&lt;tr&gt;&lt;td&gt;Altitude: 13010.128 ft&lt;/td&gt;&lt;/tr&gt;
&lt;tr&gt;&lt;td&gt;Speed: 2.9 mph&lt;/td&gt;&lt;/tr&gt;
&lt;tr&gt;&lt;td&gt;Heading: 194.7&lt;/td&gt;&lt;/tr&gt;
&lt;tr&gt;&lt;td&gt;Time: 2021-02-19T18:25:55Z&lt;/td&gt;&lt;/tr&gt;
&lt;/table&gt;
</description>
        <LookAt>
          <longitude>-71.852974</longitude>
          <latitude>-13.391842</latitude>
          <tilt>66</tilt>
        </LookAt>
        <TimeStamp>
          <when>2021-02-19T18:25:55Z</when>
        </TimeStamp>
        <styleUrl>#track</styleUrl>
        <Point>
          <coordinates>-71.852974,-13.391842,3965.49</coordinates>
        </Point>
      </Placemark>
      <Placemark>
        <name>Apu Linli hike - Wikiloc-503</name>
        <snippet></snippet>
        <description>
&lt;table&gt;
&lt;tr&gt;&lt;td&gt;Longitude: -71.853050&lt;/td&gt;&lt;/tr&gt;
&lt;tr&gt;&lt;td&gt;Latitude: -13.391949&lt;/td&gt;&lt;/tr&gt;
&lt;tr&gt;&lt;td&gt;Altitude: 13023.251 ft&lt;/td&gt;&lt;/tr&gt;
&lt;tr&gt;&lt;td&gt;Speed: 3.6 mph&lt;/td&gt;&lt;/tr&gt;
&lt;tr&gt;&lt;td&gt;Heading: 214.6&lt;/td&gt;&lt;/tr&gt;
&lt;tr&gt;&lt;td&gt;Time: 2021-02-19T18:26:04Z&lt;/td&gt;&lt;/tr&gt;
&lt;/table&gt;
</description>
        <LookAt>
          <longitude>-71.85305</longitude>
          <latitude>-13.391949</latitude>
          <tilt>66</tilt>
        </LookAt>
        <TimeStamp>
          <when>2021-02-19T18:26:04Z</when>
        </TimeStamp>
        <styleUrl>#track</styleUrl>
        <Point>
          <coordinates>-71.853050,-13.391949,3969.49</coordinates>
        </Point>
      </Placemark>
      <Placemark>
        <name>Apu Linli hike - Wikiloc-504</name>
        <snippet></snippet>
        <description>
&lt;table&gt;
&lt;tr&gt;&lt;td&gt;Longitude: -71.853149&lt;/td&gt;&lt;/tr&gt;
&lt;tr&gt;&lt;td&gt;Latitude: -13.392039&lt;/td&gt;&lt;/tr&gt;
&lt;tr&gt;&lt;td&gt;Altitude: 13030.472 ft&lt;/td&gt;&lt;/tr&gt;
&lt;tr&gt;&lt;td&gt;Speed: 3.6 mph&lt;/td&gt;&lt;/tr&gt;
&lt;tr&gt;&lt;td&gt;Heading: 226.9&lt;/td&gt;&lt;/tr&gt;
&lt;tr&gt;&lt;td&gt;Time: 2021-02-19T18:26:13Z&lt;/td&gt;&lt;/tr&gt;
&lt;/table&gt;
</description>
        <LookAt>
          <longitude>-71.853149</longitude>
          <latitude>-13.392039</latitude>
          <tilt>66</tilt>
        </LookAt>
        <TimeStamp>
          <when>2021-02-19T18:26:13Z</when>
        </TimeStamp>
        <styleUrl>#track</styleUrl>
        <Point>
          <coordinates>-71.853149,-13.392039,3971.69</coordinates>
        </Point>
      </Placemark>
      <Placemark>
        <name>Apu Linli hike - Wikiloc-505</name>
        <snippet></snippet>
        <description>
&lt;table&gt;
&lt;tr&gt;&lt;td&gt;Longitude: -71.853248&lt;/td&gt;&lt;/tr&gt;
&lt;tr&gt;&lt;td&gt;Latitude: -13.392138&lt;/td&gt;&lt;/tr&gt;
&lt;tr&gt;&lt;td&gt;Altitude: 13033.543 ft&lt;/td&gt;&lt;/tr&gt;
&lt;tr&gt;&lt;td&gt;Speed: 3.8 mph&lt;/td&gt;&lt;/tr&gt;
&lt;tr&gt;&lt;td&gt;Heading: 224.2&lt;/td&gt;&lt;/tr&gt;
&lt;tr&gt;&lt;td&gt;Time: 2021-02-19T18:26:22Z&lt;/td&gt;&lt;/tr&gt;
&lt;/table&gt;
</description>
        <LookAt>
          <longitude>-71.853248</longitude>
          <latitude>-13.392138</latitude>
          <tilt>66</tilt>
        </LookAt>
        <TimeStamp>
          <when>2021-02-19T18:26:22Z</when>
        </TimeStamp>
        <styleUrl>#track</styleUrl>
        <Point>
          <coordinates>-71.853248,-13.392138,3972.62</coordinates>
        </Point>
      </Placemark>
      <Placemark>
        <name>Apu Linli hike - Wikiloc-506</name>
        <snippet></snippet>
        <description>
&lt;table&gt;
&lt;tr&gt;&lt;td&gt;Longitude: -71.853346&lt;/td&gt;&lt;/tr&gt;
&lt;tr&gt;&lt;td&gt;Latitude: -13.392230&lt;/td&gt;&lt;/tr&gt;
&lt;tr&gt;&lt;td&gt;Altitude: 13036.831 ft&lt;/td&gt;&lt;/tr&gt;
&lt;tr&gt;&lt;td&gt;Speed: 3.7 mph&lt;/td&gt;&lt;/tr&gt;
&lt;tr&gt;&lt;td&gt;Heading: 226.0&lt;/td&gt;&lt;/tr&gt;
&lt;tr&gt;&lt;td&gt;Time: 2021-02-19T18:26:31Z&lt;/td&gt;&lt;/tr&gt;
&lt;/table&gt;
</description>
        <LookAt>
          <longitude>-71.853346</longitude>
          <latitude>-13.39223</latitude>
          <tilt>66</tilt>
        </LookAt>
        <TimeStamp>
          <when>2021-02-19T18:26:31Z</when>
        </TimeStamp>
        <styleUrl>#track</styleUrl>
        <Point>
          <coordinates>-71.853346,-13.392230,3973.63</coordinates>
        </Point>
      </Placemark>
      <Placemark>
        <name>Apu Linli hike - Wikiloc-507</name>
        <snippet></snippet>
        <description>
&lt;table&gt;
&lt;tr&gt;&lt;td&gt;Longitude: -71.853478&lt;/td&gt;&lt;/tr&gt;
&lt;tr&gt;&lt;td&gt;Latitude: -13.392314&lt;/td&gt;&lt;/tr&gt;
&lt;tr&gt;&lt;td&gt;Altitude: 13033.491 ft&lt;/td&gt;&lt;/tr&gt;
&lt;tr&gt;&lt;td&gt;Speed: 0.7 mph&lt;/td&gt;&lt;/tr&gt;
&lt;tr&gt;&lt;td&gt;Heading: 236.8&lt;/td&gt;&lt;/tr&gt;
&lt;tr&gt;&lt;td&gt;Time: 2021-02-19T18:27:25Z&lt;/td&gt;&lt;/tr&gt;
&lt;/table&gt;
</description>
        <LookAt>
          <longitude>-71.853478</longitude>
          <latitude>-13.392314</latitude>
          <tilt>66</tilt>
        </LookAt>
        <TimeStamp>
          <when>2021-02-19T18:27:25Z</when>
        </TimeStamp>
        <styleUrl>#track</styleUrl>
        <Point>
          <coordinates>-71.853478,-13.392314,3972.61</coordinates>
        </Point>
      </Placemark>
      <Placemark>
        <name>Apu Linli hike - Wikiloc-508</name>
        <snippet></snippet>
        <description>
&lt;table&gt;
&lt;tr&gt;&lt;td&gt;Longitude: -71.853521&lt;/td&gt;&lt;/tr&gt;
&lt;tr&gt;&lt;td&gt;Latitude: -13.392418&lt;/td&gt;&lt;/tr&gt;
&lt;tr&gt;&lt;td&gt;Altitude: 13036.693 ft&lt;/td&gt;&lt;/tr&gt;
&lt;tr&gt;&lt;td&gt;Speed: 1.2 mph&lt;/td&gt;&lt;/tr&gt;
&lt;tr&gt;&lt;td&gt;Heading: 201.9&lt;/td&gt;&lt;/tr&gt;
&lt;tr&gt;&lt;td&gt;Time: 2021-02-19T18:27:49Z&lt;/td&gt;&lt;/tr&gt;
&lt;/table&gt;
</description>
        <LookAt>
          <longitude>-71.853521</longitude>
          <latitude>-13.392418</latitude>
          <tilt>66</tilt>
        </LookAt>
        <TimeStamp>
          <when>2021-02-19T18:27:49Z</when>
        </TimeStamp>
        <styleUrl>#track</styleUrl>
        <Point>
          <coordinates>-71.853521,-13.392418,3973.58</coordinates>
        </Point>
      </Placemark>
      <Placemark>
        <name>Apu Linli hike - Wikiloc-509</name>
        <snippet></snippet>
        <description>
&lt;table&gt;
&lt;tr&gt;&lt;td&gt;Longitude: -71.853511&lt;/td&gt;&lt;/tr&gt;
&lt;tr&gt;&lt;td&gt;Latitude: -13.392471&lt;/td&gt;&lt;/tr&gt;
&lt;tr&gt;&lt;td&gt;Altitude: 13037.710 ft&lt;/td&gt;&lt;/tr&gt;
&lt;tr&gt;&lt;td&gt;Speed: 2.7 mph&lt;/td&gt;&lt;/tr&gt;
&lt;tr&gt;&lt;td&gt;Heading: 169.6&lt;/td&gt;&lt;/tr&gt;
&lt;tr&gt;&lt;td&gt;Time: 2021-02-19T18:27:54Z&lt;/td&gt;&lt;/tr&gt;
&lt;/table&gt;
</description>
        <LookAt>
          <longitude>-71.853511</longitude>
          <latitude>-13.392471</latitude>
          <tilt>66</tilt>
        </LookAt>
        <TimeStamp>
          <when>2021-02-19T18:27:54Z</when>
        </TimeStamp>
        <styleUrl>#track</styleUrl>
        <Point>
          <coordinates>-71.853511,-13.392471,3973.89</coordinates>
        </Point>
      </Placemark>
      <Placemark>
        <name>Apu Linli hike - Wikiloc-510</name>
        <snippet></snippet>
        <description>
&lt;table&gt;
&lt;tr&gt;&lt;td&gt;Longitude: -71.853530&lt;/td&gt;&lt;/tr&gt;
&lt;tr&gt;&lt;td&gt;Latitude: -13.392516&lt;/td&gt;&lt;/tr&gt;
&lt;tr&gt;&lt;td&gt;Altitude: 13032.543 ft&lt;/td&gt;&lt;/tr&gt;
&lt;tr&gt;&lt;td&gt;Speed: 2.4 mph&lt;/td&gt;&lt;/tr&gt;
&lt;tr&gt;&lt;td&gt;Heading: 202.3&lt;/td&gt;&lt;/tr&gt;
&lt;tr&gt;&lt;td&gt;Time: 2021-02-19T18:27:59Z&lt;/td&gt;&lt;/tr&gt;
&lt;/table&gt;
</description>
        <LookAt>
          <longitude>-71.85353</longitude>
          <latitude>-13.392516</latitude>
          <tilt>66</tilt>
        </LookAt>
        <TimeStamp>
          <when>2021-02-19T18:27:59Z</when>
        </TimeStamp>
        <styleUrl>#track</styleUrl>
        <Point>
          <coordinates>-71.853530,-13.392516,3972.32</coordinates>
        </Point>
      </Placemark>
      <Placemark>
        <name>Apu Linli hike - Wikiloc-511</name>
        <snippet></snippet>
        <description>
&lt;table&gt;
&lt;tr&gt;&lt;td&gt;Longitude: -71.853563&lt;/td&gt;&lt;/tr&gt;
&lt;tr&gt;&lt;td&gt;Latitude: -13.392564&lt;/td&gt;&lt;/tr&gt;
&lt;tr&gt;&lt;td&gt;Altitude: 13033.461 ft&lt;/td&gt;&lt;/tr&gt;
&lt;tr&gt;&lt;td&gt;Speed: 2.9 mph&lt;/td&gt;&lt;/tr&gt;
&lt;tr&gt;&lt;td&gt;Heading: 213.8&lt;/td&gt;&lt;/tr&gt;
&lt;tr&gt;&lt;td&gt;Time: 2021-02-19T18:28:04Z&lt;/td&gt;&lt;/tr&gt;
&lt;/table&gt;
</description>
        <LookAt>
          <longitude>-71.853563</longitude>
          <latitude>-13.392564</latitude>
          <tilt>66</tilt>
        </LookAt>
        <TimeStamp>
          <when>2021-02-19T18:28:04Z</when>
        </TimeStamp>
        <styleUrl>#track</styleUrl>
        <Point>
          <coordinates>-71.853563,-13.392564,3972.60</coordinates>
        </Point>
      </Placemark>
      <Placemark>
        <name>Apu Linli hike - Wikiloc-512</name>
        <snippet></snippet>
        <description>
&lt;table&gt;
&lt;tr&gt;&lt;td&gt;Longitude: -71.853592&lt;/td&gt;&lt;/tr&gt;
&lt;tr&gt;&lt;td&gt;Latitude: -13.392629&lt;/td&gt;&lt;/tr&gt;
&lt;tr&gt;&lt;td&gt;Altitude: 13035.082 ft&lt;/td&gt;&lt;/tr&gt;
&lt;tr&gt;&lt;td&gt;Speed: 3.5 mph&lt;/td&gt;&lt;/tr&gt;
&lt;tr&gt;&lt;td&gt;Heading: 203.5&lt;/td&gt;&lt;/tr&gt;
&lt;tr&gt;&lt;td&gt;Time: 2021-02-19T18:28:09Z&lt;/td&gt;&lt;/tr&gt;
&lt;/table&gt;
</description>
        <LookAt>
          <longitude>-71.853592</longitude>
          <latitude>-13.392629</latitude>
          <tilt>66</tilt>
        </LookAt>
        <TimeStamp>
          <when>2021-02-19T18:28:09Z</when>
        </TimeStamp>
        <styleUrl>#track</styleUrl>
        <Point>
          <coordinates>-71.853592,-13.392629,3973.09</coordinates>
        </Point>
      </Placemark>
      <Placemark>
        <name>Apu Linli hike - Wikiloc-513</name>
        <snippet></snippet>
        <description>
&lt;table&gt;
&lt;tr&gt;&lt;td&gt;Longitude: -71.853635&lt;/td&gt;&lt;/tr&gt;
&lt;tr&gt;&lt;td&gt;Latitude: -13.392678&lt;/td&gt;&lt;/tr&gt;
&lt;tr&gt;&lt;td&gt;Altitude: 13033.953 ft&lt;/td&gt;&lt;/tr&gt;
&lt;tr&gt;&lt;td&gt;Speed: 3.2 mph&lt;/td&gt;&lt;/tr&gt;
&lt;tr&gt;&lt;td&gt;Heading: 220.5&lt;/td&gt;&lt;/tr&gt;
&lt;tr&gt;&lt;td&gt;Time: 2021-02-19T18:28:14Z&lt;/td&gt;&lt;/tr&gt;
&lt;/table&gt;
</description>
        <LookAt>
          <longitude>-71.853635</longitude>
          <latitude>-13.392678</latitude>
          <tilt>66</tilt>
        </LookAt>
        <TimeStamp>
          <when>2021-02-19T18:28:14Z</when>
        </TimeStamp>
        <styleUrl>#track</styleUrl>
        <Point>
          <coordinates>-71.853635,-13.392678,3972.75</coordinates>
        </Point>
      </Placemark>
      <Placemark>
        <name>Apu Linli hike - Wikiloc-514</name>
        <snippet></snippet>
        <description>
&lt;table&gt;
&lt;tr&gt;&lt;td&gt;Longitude: -71.853679&lt;/td&gt;&lt;/tr&gt;
&lt;tr&gt;&lt;td&gt;Latitude: -13.392709&lt;/td&gt;&lt;/tr&gt;
&lt;tr&gt;&lt;td&gt;Altitude: 13040.308 ft&lt;/td&gt;&lt;/tr&gt;
&lt;tr&gt;&lt;td&gt;Speed: 2.6 mph&lt;/td&gt;&lt;/tr&gt;
&lt;tr&gt;&lt;td&gt;Heading: 234.1&lt;/td&gt;&lt;/tr&gt;
&lt;tr&gt;&lt;td&gt;Time: 2021-02-19T18:28:19Z&lt;/td&gt;&lt;/tr&gt;
&lt;/table&gt;
</description>
        <LookAt>
          <longitude>-71.853679</longitude>
          <latitude>-13.392709</latitude>
          <tilt>66</tilt>
        </LookAt>
        <TimeStamp>
          <when>2021-02-19T18:28:19Z</when>
        </TimeStamp>
        <styleUrl>#track</styleUrl>
        <Point>
          <coordinates>-71.853679,-13.392709,3974.69</coordinates>
        </Point>
      </Placemark>
      <Placemark>
        <name>Apu Linli hike - Wikiloc-515</name>
        <snippet></snippet>
        <description>
&lt;table&gt;
&lt;tr&gt;&lt;td&gt;Longitude: -71.853698&lt;/td&gt;&lt;/tr&gt;
&lt;tr&gt;&lt;td&gt;Latitude: -13.392760&lt;/td&gt;&lt;/tr&gt;
&lt;tr&gt;&lt;td&gt;Altitude: 13044.606 ft&lt;/td&gt;&lt;/tr&gt;
&lt;tr&gt;&lt;td&gt;Speed: 2.7 mph&lt;/td&gt;&lt;/tr&gt;
&lt;tr&gt;&lt;td&gt;Heading: 199.9&lt;/td&gt;&lt;/tr&gt;
&lt;tr&gt;&lt;td&gt;Time: 2021-02-19T18:28:24Z&lt;/td&gt;&lt;/tr&gt;
&lt;/table&gt;
</description>
        <LookAt>
          <longitude>-71.853698</longitude>
          <latitude>-13.39276</latitude>
          <tilt>66</tilt>
        </LookAt>
        <TimeStamp>
          <when>2021-02-19T18:28:24Z</when>
        </TimeStamp>
        <styleUrl>#track</styleUrl>
        <Point>
          <coordinates>-71.853698,-13.392760,3976.00</coordinates>
        </Point>
      </Placemark>
      <Placemark>
        <name>Apu Linli hike - Wikiloc-516</name>
        <snippet></snippet>
        <description>
&lt;table&gt;
&lt;tr&gt;&lt;td&gt;Longitude: -71.853714&lt;/td&gt;&lt;/tr&gt;
&lt;tr&gt;&lt;td&gt;Latitude: -13.392816&lt;/td&gt;&lt;/tr&gt;
&lt;tr&gt;&lt;td&gt;Altitude: 13045.794 ft&lt;/td&gt;&lt;/tr&gt;
&lt;tr&gt;&lt;td&gt;Speed: 2.9 mph&lt;/td&gt;&lt;/tr&gt;
&lt;tr&gt;&lt;td&gt;Heading: 195.5&lt;/td&gt;&lt;/tr&gt;
&lt;tr&gt;&lt;td&gt;Time: 2021-02-19T18:28:29Z&lt;/td&gt;&lt;/tr&gt;
&lt;/table&gt;
</description>
        <LookAt>
          <longitude>-71.853714</longitude>
          <latitude>-13.392816</latitude>
          <tilt>66</tilt>
        </LookAt>
        <TimeStamp>
          <when>2021-02-19T18:28:29Z</when>
        </TimeStamp>
        <styleUrl>#track</styleUrl>
        <Point>
          <coordinates>-71.853714,-13.392816,3976.36</coordinates>
        </Point>
      </Placemark>
      <Placemark>
        <name>Apu Linli hike - Wikiloc-517</name>
        <snippet></snippet>
        <description>
&lt;table&gt;
&lt;tr&gt;&lt;td&gt;Longitude: -71.853698&lt;/td&gt;&lt;/tr&gt;
&lt;tr&gt;&lt;td&gt;Latitude: -13.392858&lt;/td&gt;&lt;/tr&gt;
&lt;tr&gt;&lt;td&gt;Altitude: 13043.806 ft&lt;/td&gt;&lt;/tr&gt;
&lt;tr&gt;&lt;td&gt;Speed: 1.1 mph&lt;/td&gt;&lt;/tr&gt;
&lt;tr&gt;&lt;td&gt;Heading: 159.7&lt;/td&gt;&lt;/tr&gt;
&lt;tr&gt;&lt;td&gt;Time: 2021-02-19T18:28:39Z&lt;/td&gt;&lt;/tr&gt;
&lt;/table&gt;
</description>
        <LookAt>
          <longitude>-71.853698</longitude>
          <latitude>-13.392858</latitude>
          <tilt>66</tilt>
        </LookAt>
        <TimeStamp>
          <when>2021-02-19T18:28:39Z</when>
        </TimeStamp>
        <styleUrl>#track</styleUrl>
        <Point>
          <coordinates>-71.853698,-13.392858,3975.75</coordinates>
        </Point>
      </Placemark>
      <Placemark>
        <name>Apu Linli hike - Wikiloc-518</name>
        <snippet></snippet>
        <description>
&lt;table&gt;
&lt;tr&gt;&lt;td&gt;Longitude: -71.853730&lt;/td&gt;&lt;/tr&gt;
&lt;tr&gt;&lt;td&gt;Latitude: -13.392891&lt;/td&gt;&lt;/tr&gt;
&lt;tr&gt;&lt;td&gt;Altitude: 13037.457 ft&lt;/td&gt;&lt;/tr&gt;
&lt;tr&gt;&lt;td&gt;Speed: 2.3 mph&lt;/td&gt;&lt;/tr&gt;
&lt;tr&gt;&lt;td&gt;Heading: 223.3&lt;/td&gt;&lt;/tr&gt;
&lt;tr&gt;&lt;td&gt;Time: 2021-02-19T18:28:44Z&lt;/td&gt;&lt;/tr&gt;
&lt;/table&gt;
</description>
        <LookAt>
          <longitude>-71.85373</longitude>
          <latitude>-13.392891</latitude>
          <tilt>66</tilt>
        </LookAt>
        <TimeStamp>
          <when>2021-02-19T18:28:44Z</when>
        </TimeStamp>
        <styleUrl>#track</styleUrl>
        <Point>
          <coordinates>-71.853730,-13.392891,3973.82</coordinates>
        </Point>
      </Placemark>
      <Placemark>
        <name>Apu Linli hike - Wikiloc-519</name>
        <snippet></snippet>
        <description>
&lt;table&gt;
&lt;tr&gt;&lt;td&gt;Longitude: -71.853764&lt;/td&gt;&lt;/tr&gt;
&lt;tr&gt;&lt;td&gt;Latitude: -13.393030&lt;/td&gt;&lt;/tr&gt;
&lt;tr&gt;&lt;td&gt;Altitude: 13042.677 ft&lt;/td&gt;&lt;/tr&gt;
&lt;tr&gt;&lt;td&gt;Speed: 1.5 mph&lt;/td&gt;&lt;/tr&gt;
&lt;tr&gt;&lt;td&gt;Heading: 193.4&lt;/td&gt;&lt;/tr&gt;
&lt;tr&gt;&lt;td&gt;Time: 2021-02-19T18:29:07Z&lt;/td&gt;&lt;/tr&gt;
&lt;/table&gt;
</description>
        <LookAt>
          <longitude>-71.853764</longitude>
          <latitude>-13.39303</latitude>
          <tilt>66</tilt>
        </LookAt>
        <TimeStamp>
          <when>2021-02-19T18:29:07Z</when>
        </TimeStamp>
        <styleUrl>#track</styleUrl>
        <Point>
          <coordinates>-71.853764,-13.393030,3975.41</coordinates>
        </Point>
      </Placemark>
      <Placemark>
        <name>Apu Linli hike - Wikiloc-520</name>
        <snippet></snippet>
        <description>
&lt;table&gt;
&lt;tr&gt;&lt;td&gt;Longitude: -71.853766&lt;/td&gt;&lt;/tr&gt;
&lt;tr&gt;&lt;td&gt;Latitude: -13.393101&lt;/td&gt;&lt;/tr&gt;
&lt;tr&gt;&lt;td&gt;Altitude: 13040.128 ft&lt;/td&gt;&lt;/tr&gt;
&lt;tr&gt;&lt;td&gt;Speed: 2.0 mph&lt;/td&gt;&lt;/tr&gt;
&lt;tr&gt;&lt;td&gt;Heading: 181.6&lt;/td&gt;&lt;/tr&gt;
&lt;tr&gt;&lt;td&gt;Time: 2021-02-19T18:29:16Z&lt;/td&gt;&lt;/tr&gt;
&lt;/table&gt;
</description>
        <LookAt>
          <longitude>-71.853766</longitude>
          <latitude>-13.393101</latitude>
          <tilt>66</tilt>
        </LookAt>
        <TimeStamp>
          <when>2021-02-19T18:29:16Z</when>
        </TimeStamp>
        <styleUrl>#track</styleUrl>
        <Point>
          <coordinates>-71.853766,-13.393101,3974.63</coordinates>
        </Point>
      </Placemark>
      <Placemark>
        <name>Apu Linli hike - Wikiloc-521</name>
        <snippet></snippet>
        <description>
&lt;table&gt;
&lt;tr&gt;&lt;td&gt;Longitude: -71.853816&lt;/td&gt;&lt;/tr&gt;
&lt;tr&gt;&lt;td&gt;Latitude: -13.393153&lt;/td&gt;&lt;/tr&gt;
&lt;tr&gt;&lt;td&gt;Altitude: 13042.949 ft&lt;/td&gt;&lt;/tr&gt;
&lt;tr&gt;&lt;td&gt;Speed: 2.0 mph&lt;/td&gt;&lt;/tr&gt;
&lt;tr&gt;&lt;td&gt;Heading: 223.1&lt;/td&gt;&lt;/tr&gt;
&lt;tr&gt;&lt;td&gt;Time: 2021-02-19T18:29:25Z&lt;/td&gt;&lt;/tr&gt;
&lt;/table&gt;
</description>
        <LookAt>
          <longitude>-71.853816</longitude>
          <latitude>-13.393153</latitude>
          <tilt>66</tilt>
        </LookAt>
        <TimeStamp>
          <when>2021-02-19T18:29:25Z</when>
        </TimeStamp>
        <styleUrl>#track</styleUrl>
        <Point>
          <coordinates>-71.853816,-13.393153,3975.49</coordinates>
        </Point>
      </Placemark>
      <Placemark>
        <name>Apu Linli hike - Wikiloc-522</name>
        <snippet></snippet>
        <description>
&lt;table&gt;
&lt;tr&gt;&lt;td&gt;Longitude: -71.853869&lt;/td&gt;&lt;/tr&gt;
&lt;tr&gt;&lt;td&gt;Latitude: -13.393246&lt;/td&gt;&lt;/tr&gt;
&lt;tr&gt;&lt;td&gt;Altitude: 13040.669 ft&lt;/td&gt;&lt;/tr&gt;
&lt;tr&gt;&lt;td&gt;Speed: 2.9 mph&lt;/td&gt;&lt;/tr&gt;
&lt;tr&gt;&lt;td&gt;Heading: 209.0&lt;/td&gt;&lt;/tr&gt;
&lt;tr&gt;&lt;td&gt;Time: 2021-02-19T18:29:34Z&lt;/td&gt;&lt;/tr&gt;
&lt;/table&gt;
</description>
        <LookAt>
          <longitude>-71.853869</longitude>
          <latitude>-13.393246</latitude>
          <tilt>66</tilt>
        </LookAt>
        <TimeStamp>
          <when>2021-02-19T18:29:34Z</when>
        </TimeStamp>
        <styleUrl>#track</styleUrl>
        <Point>
          <coordinates>-71.853869,-13.393246,3974.80</coordinates>
        </Point>
      </Placemark>
      <Placemark>
        <name>Apu Linli hike - Wikiloc-523</name>
        <snippet></snippet>
        <description>
&lt;table&gt;
&lt;tr&gt;&lt;td&gt;Longitude: -71.853890&lt;/td&gt;&lt;/tr&gt;
&lt;tr&gt;&lt;td&gt;Latitude: -13.393365&lt;/td&gt;&lt;/tr&gt;
&lt;tr&gt;&lt;td&gt;Altitude: 13040.079 ft&lt;/td&gt;&lt;/tr&gt;
&lt;tr&gt;&lt;td&gt;Speed: 3.3 mph&lt;/td&gt;&lt;/tr&gt;
&lt;tr&gt;&lt;td&gt;Heading: 189.7&lt;/td&gt;&lt;/tr&gt;
&lt;tr&gt;&lt;td&gt;Time: 2021-02-19T18:29:43Z&lt;/td&gt;&lt;/tr&gt;
&lt;/table&gt;
</description>
        <LookAt>
          <longitude>-71.85389</longitude>
          <latitude>-13.393365</latitude>
          <tilt>66</tilt>
        </LookAt>
        <TimeStamp>
          <when>2021-02-19T18:29:43Z</when>
        </TimeStamp>
        <styleUrl>#track</styleUrl>
        <Point>
          <coordinates>-71.853890,-13.393365,3974.62</coordinates>
        </Point>
      </Placemark>
      <Placemark>
        <name>Apu Linli hike - Wikiloc-524</name>
        <snippet></snippet>
        <description>
&lt;table&gt;
&lt;tr&gt;&lt;td&gt;Longitude: -71.853943&lt;/td&gt;&lt;/tr&gt;
&lt;tr&gt;&lt;td&gt;Latitude: -13.393492&lt;/td&gt;&lt;/tr&gt;
&lt;tr&gt;&lt;td&gt;Altitude: 13039.469 ft&lt;/td&gt;&lt;/tr&gt;
&lt;tr&gt;&lt;td&gt;Speed: 6.8 mph&lt;/td&gt;&lt;/tr&gt;
&lt;tr&gt;&lt;td&gt;Heading: 202.1&lt;/td&gt;&lt;/tr&gt;
&lt;tr&gt;&lt;td&gt;Time: 2021-02-19T18:29:48Z&lt;/td&gt;&lt;/tr&gt;
&lt;/table&gt;
</description>
        <LookAt>
          <longitude>-71.853943</longitude>
          <latitude>-13.393492</latitude>
          <tilt>66</tilt>
        </LookAt>
        <TimeStamp>
          <when>2021-02-19T18:29:48Z</when>
        </TimeStamp>
        <styleUrl>#track</styleUrl>
        <Point>
          <coordinates>-71.853943,-13.393492,3974.43</coordinates>
        </Point>
      </Placemark>
      <Placemark>
        <name>Apu Linli hike - Wikiloc-525</name>
        <snippet></snippet>
        <description>
&lt;table&gt;
&lt;tr&gt;&lt;td&gt;Longitude: -71.853978&lt;/td&gt;&lt;/tr&gt;
&lt;tr&gt;&lt;td&gt;Latitude: -13.393565&lt;/td&gt;&lt;/tr&gt;
&lt;tr&gt;&lt;td&gt;Altitude: 13040.833 ft&lt;/td&gt;&lt;/tr&gt;
&lt;tr&gt;&lt;td&gt;Speed: 3.3 mph&lt;/td&gt;&lt;/tr&gt;
&lt;tr&gt;&lt;td&gt;Heading: 205.0&lt;/td&gt;&lt;/tr&gt;
&lt;tr&gt;&lt;td&gt;Time: 2021-02-19T18:29:54Z&lt;/td&gt;&lt;/tr&gt;
&lt;/table&gt;
</description>
        <LookAt>
          <longitude>-71.853978</longitude>
          <latitude>-13.393565</latitude>
          <tilt>66</tilt>
        </LookAt>
        <TimeStamp>
          <when>2021-02-19T18:29:54Z</when>
        </TimeStamp>
        <styleUrl>#track</styleUrl>
        <Point>
          <coordinates>-71.853978,-13.393565,3974.85</coordinates>
        </Point>
      </Placemark>
      <Placemark>
        <name>Apu Linli hike - Wikiloc-526</name>
        <snippet></snippet>
        <description>
&lt;table&gt;
&lt;tr&gt;&lt;td&gt;Longitude: -71.854034&lt;/td&gt;&lt;/tr&gt;
&lt;tr&gt;&lt;td&gt;Latitude: -13.393680&lt;/td&gt;&lt;/tr&gt;
&lt;tr&gt;&lt;td&gt;Altitude: 13036.263 ft&lt;/td&gt;&lt;/tr&gt;
&lt;tr&gt;&lt;td&gt;Speed: 3.5 mph&lt;/td&gt;&lt;/tr&gt;
&lt;tr&gt;&lt;td&gt;Heading: 205.3&lt;/td&gt;&lt;/tr&gt;
&lt;tr&gt;&lt;td&gt;Time: 2021-02-19T18:30:03Z&lt;/td&gt;&lt;/tr&gt;
&lt;/table&gt;
</description>
        <LookAt>
          <longitude>-71.854034</longitude>
          <latitude>-13.39368</latitude>
          <tilt>66</tilt>
        </LookAt>
        <TimeStamp>
          <when>2021-02-19T18:30:03Z</when>
        </TimeStamp>
        <styleUrl>#track</styleUrl>
        <Point>
          <coordinates>-71.854034,-13.393680,3973.45</coordinates>
        </Point>
      </Placemark>
      <Placemark>
        <name>Apu Linli hike - Wikiloc-527</name>
        <snippet></snippet>
        <description>
&lt;table&gt;
&lt;tr&gt;&lt;td&gt;Longitude: -71.854031&lt;/td&gt;&lt;/tr&gt;
&lt;tr&gt;&lt;td&gt;Latitude: -13.393739&lt;/td&gt;&lt;/tr&gt;
&lt;tr&gt;&lt;td&gt;Altitude: 13036.263 ft&lt;/td&gt;&lt;/tr&gt;
&lt;tr&gt;&lt;td&gt;Speed: 2.9 mph&lt;/td&gt;&lt;/tr&gt;
&lt;tr&gt;&lt;td&gt;Heading: 177.2&lt;/td&gt;&lt;/tr&gt;
&lt;tr&gt;&lt;td&gt;Time: 2021-02-19T18:30:08Z&lt;/td&gt;&lt;/tr&gt;
&lt;/table&gt;
</description>
        <LookAt>
          <longitude>-71.854031</longitude>
          <latitude>-13.393739</latitude>
          <tilt>66</tilt>
        </LookAt>
        <TimeStamp>
          <when>2021-02-19T18:30:08Z</when>
        </TimeStamp>
        <styleUrl>#track</styleUrl>
        <Point>
          <coordinates>-71.854031,-13.393739,3973.45</coordinates>
        </Point>
      </Placemark>
      <Placemark>
        <name>Apu Linli hike - Wikiloc-528</name>
        <snippet></snippet>
        <description>
&lt;table&gt;
&lt;tr&gt;&lt;td&gt;Longitude: -71.854052&lt;/td&gt;&lt;/tr&gt;
&lt;tr&gt;&lt;td&gt;Latitude: -13.393787&lt;/td&gt;&lt;/tr&gt;
&lt;tr&gt;&lt;td&gt;Altitude: 13036.926 ft&lt;/td&gt;&lt;/tr&gt;
&lt;tr&gt;&lt;td&gt;Speed: 2.6 mph&lt;/td&gt;&lt;/tr&gt;
&lt;tr&gt;&lt;td&gt;Heading: 203.1&lt;/td&gt;&lt;/tr&gt;
&lt;tr&gt;&lt;td&gt;Time: 2021-02-19T18:30:13Z&lt;/td&gt;&lt;/tr&gt;
&lt;/table&gt;
</description>
        <LookAt>
          <longitude>-71.854052</longitude>
          <latitude>-13.393787</latitude>
          <tilt>66</tilt>
        </LookAt>
        <TimeStamp>
          <when>2021-02-19T18:30:13Z</when>
        </TimeStamp>
        <styleUrl>#track</styleUrl>
        <Point>
          <coordinates>-71.854052,-13.393787,3973.66</coordinates>
        </Point>
      </Placemark>
      <Placemark>
        <name>Apu Linli hike - Wikiloc-529</name>
        <snippet></snippet>
        <description>
&lt;table&gt;
&lt;tr&gt;&lt;td&gt;Longitude: -71.854097&lt;/td&gt;&lt;/tr&gt;
&lt;tr&gt;&lt;td&gt;Latitude: -13.393836&lt;/td&gt;&lt;/tr&gt;
&lt;tr&gt;&lt;td&gt;Altitude: 13039.721 ft&lt;/td&gt;&lt;/tr&gt;
&lt;tr&gt;&lt;td&gt;Speed: 3.3 mph&lt;/td&gt;&lt;/tr&gt;
&lt;tr&gt;&lt;td&gt;Heading: 221.8&lt;/td&gt;&lt;/tr&gt;
&lt;tr&gt;&lt;td&gt;Time: 2021-02-19T18:30:18Z&lt;/td&gt;&lt;/tr&gt;
&lt;/table&gt;
</description>
        <LookAt>
          <longitude>-71.854097</longitude>
          <latitude>-13.393836</latitude>
          <tilt>66</tilt>
        </LookAt>
        <TimeStamp>
          <when>2021-02-19T18:30:18Z</when>
        </TimeStamp>
        <styleUrl>#track</styleUrl>
        <Point>
          <coordinates>-71.854097,-13.393836,3974.51</coordinates>
        </Point>
      </Placemark>
      <Placemark>
        <name>Apu Linli hike - Wikiloc-530</name>
        <snippet></snippet>
        <description>
&lt;table&gt;
&lt;tr&gt;&lt;td&gt;Longitude: -71.854121&lt;/td&gt;&lt;/tr&gt;
&lt;tr&gt;&lt;td&gt;Latitude: -13.393876&lt;/td&gt;&lt;/tr&gt;
&lt;tr&gt;&lt;td&gt;Altitude: 13042.707 ft&lt;/td&gt;&lt;/tr&gt;
&lt;tr&gt;&lt;td&gt;Speed: 2.3 mph&lt;/td&gt;&lt;/tr&gt;
&lt;tr&gt;&lt;td&gt;Heading: 210.3&lt;/td&gt;&lt;/tr&gt;
&lt;tr&gt;&lt;td&gt;Time: 2021-02-19T18:30:23Z&lt;/td&gt;&lt;/tr&gt;
&lt;/table&gt;
</description>
        <LookAt>
          <longitude>-71.854121</longitude>
          <latitude>-13.393876</latitude>
          <tilt>66</tilt>
        </LookAt>
        <TimeStamp>
          <when>2021-02-19T18:30:23Z</when>
        </TimeStamp>
        <styleUrl>#track</styleUrl>
        <Point>
          <coordinates>-71.854121,-13.393876,3975.42</coordinates>
        </Point>
      </Placemark>
      <Placemark>
        <name>Apu Linli hike - Wikiloc-531</name>
        <snippet></snippet>
        <description>
&lt;table&gt;
&lt;tr&gt;&lt;td&gt;Longitude: -71.854128&lt;/td&gt;&lt;/tr&gt;
&lt;tr&gt;&lt;td&gt;Latitude: -13.393924&lt;/td&gt;&lt;/tr&gt;
&lt;tr&gt;&lt;td&gt;Altitude: 13044.646 ft&lt;/td&gt;&lt;/tr&gt;
&lt;tr&gt;&lt;td&gt;Speed: 1.2 mph&lt;/td&gt;&lt;/tr&gt;
&lt;tr&gt;&lt;td&gt;Heading: 188.1&lt;/td&gt;&lt;/tr&gt;
&lt;tr&gt;&lt;td&gt;Time: 2021-02-19T18:30:33Z&lt;/td&gt;&lt;/tr&gt;
&lt;/table&gt;
</description>
        <LookAt>
          <longitude>-71.854128</longitude>
          <latitude>-13.393924</latitude>
          <tilt>66</tilt>
        </LookAt>
        <TimeStamp>
          <when>2021-02-19T18:30:33Z</when>
        </TimeStamp>
        <styleUrl>#track</styleUrl>
        <Point>
          <coordinates>-71.854128,-13.393924,3976.01</coordinates>
        </Point>
      </Placemark>
      <Placemark>
        <name>Apu Linli hike - Wikiloc-532</name>
        <snippet></snippet>
        <description>
&lt;table&gt;
&lt;tr&gt;&lt;td&gt;Longitude: -71.854110&lt;/td&gt;&lt;/tr&gt;
&lt;tr&gt;&lt;td&gt;Latitude: -13.393989&lt;/td&gt;&lt;/tr&gt;
&lt;tr&gt;&lt;td&gt;Altitude: 13039.209 ft&lt;/td&gt;&lt;/tr&gt;
&lt;tr&gt;&lt;td&gt;Speed: 1.7 mph&lt;/td&gt;&lt;/tr&gt;
&lt;tr&gt;&lt;td&gt;Heading: 164.9&lt;/td&gt;&lt;/tr&gt;
&lt;tr&gt;&lt;td&gt;Time: 2021-02-19T18:30:43Z&lt;/td&gt;&lt;/tr&gt;
&lt;/table&gt;
</description>
        <LookAt>
          <longitude>-71.85411</longitude>
          <latitude>-13.393989</latitude>
          <tilt>66</tilt>
        </LookAt>
        <TimeStamp>
          <when>2021-02-19T18:30:43Z</when>
        </TimeStamp>
        <styleUrl>#track</styleUrl>
        <Point>
          <coordinates>-71.854110,-13.393989,3974.35</coordinates>
        </Point>
      </Placemark>
      <Placemark>
        <name>Apu Linli hike - Wikiloc-533</name>
        <snippet></snippet>
        <description>
&lt;table&gt;
&lt;tr&gt;&lt;td&gt;Longitude: -71.854102&lt;/td&gt;&lt;/tr&gt;
&lt;tr&gt;&lt;td&gt;Latitude: -13.394077&lt;/td&gt;&lt;/tr&gt;
&lt;tr&gt;&lt;td&gt;Altitude: 13039.603 ft&lt;/td&gt;&lt;/tr&gt;
&lt;tr&gt;&lt;td&gt;Speed: 2.2 mph&lt;/td&gt;&lt;/tr&gt;
&lt;tr&gt;&lt;td&gt;Heading: 174.9&lt;/td&gt;&lt;/tr&gt;
&lt;tr&gt;&lt;td&gt;Time: 2021-02-19T18:30:53Z&lt;/td&gt;&lt;/tr&gt;
&lt;/table&gt;
</description>
        <LookAt>
          <longitude>-71.854102</longitude>
          <latitude>-13.394077</latitude>
          <tilt>66</tilt>
        </LookAt>
        <TimeStamp>
          <when>2021-02-19T18:30:53Z</when>
        </TimeStamp>
        <styleUrl>#track</styleUrl>
        <Point>
          <coordinates>-71.854102,-13.394077,3974.47</coordinates>
        </Point>
      </Placemark>
      <Placemark>
        <name>Apu Linli hike - Wikiloc-534</name>
        <snippet></snippet>
        <description>
&lt;table&gt;
&lt;tr&gt;&lt;td&gt;Longitude: -71.854072&lt;/td&gt;&lt;/tr&gt;
&lt;tr&gt;&lt;td&gt;Latitude: -13.394158&lt;/td&gt;&lt;/tr&gt;
&lt;tr&gt;&lt;td&gt;Altitude: 13041.260 ft&lt;/td&gt;&lt;/tr&gt;
&lt;tr&gt;&lt;td&gt;Speed: 2.1 mph&lt;/td&gt;&lt;/tr&gt;
&lt;tr&gt;&lt;td&gt;Heading: 160.2&lt;/td&gt;&lt;/tr&gt;
&lt;tr&gt;&lt;td&gt;Time: 2021-02-19T18:31:03Z&lt;/td&gt;&lt;/tr&gt;
&lt;/table&gt;
</description>
        <LookAt>
          <longitude>-71.854072</longitude>
          <latitude>-13.394158</latitude>
          <tilt>66</tilt>
        </LookAt>
        <TimeStamp>
          <when>2021-02-19T18:31:03Z</when>
        </TimeStamp>
        <styleUrl>#track</styleUrl>
        <Point>
          <coordinates>-71.854072,-13.394158,3974.98</coordinates>
        </Point>
      </Placemark>
      <Placemark>
        <name>Apu Linli hike - Wikiloc-535</name>
        <snippet></snippet>
        <description>
&lt;table&gt;
&lt;tr&gt;&lt;td&gt;Longitude: -71.854047&lt;/td&gt;&lt;/tr&gt;
&lt;tr&gt;&lt;td&gt;Latitude: -13.394237&lt;/td&gt;&lt;/tr&gt;
&lt;tr&gt;&lt;td&gt;Altitude: 13044.278 ft&lt;/td&gt;&lt;/tr&gt;
&lt;tr&gt;&lt;td&gt;Speed: 2.1 mph&lt;/td&gt;&lt;/tr&gt;
&lt;tr&gt;&lt;td&gt;Heading: 162.9&lt;/td&gt;&lt;/tr&gt;
&lt;tr&gt;&lt;td&gt;Time: 2021-02-19T18:31:13Z&lt;/td&gt;&lt;/tr&gt;
&lt;/table&gt;
</description>
        <LookAt>
          <longitude>-71.854047</longitude>
          <latitude>-13.394237</latitude>
          <tilt>66</tilt>
        </LookAt>
        <TimeStamp>
          <when>2021-02-19T18:31:13Z</when>
        </TimeStamp>
        <styleUrl>#track</styleUrl>
        <Point>
          <coordinates>-71.854047,-13.394237,3975.90</coordinates>
        </Point>
      </Placemark>
      <Placemark>
        <name>Apu Linli hike - Wikiloc-536</name>
        <snippet></snippet>
        <description>
&lt;table&gt;
&lt;tr&gt;&lt;td&gt;Longitude: -71.854084&lt;/td&gt;&lt;/tr&gt;
&lt;tr&gt;&lt;td&gt;Latitude: -13.394311&lt;/td&gt;&lt;/tr&gt;
&lt;tr&gt;&lt;td&gt;Altitude: 13057.283 ft&lt;/td&gt;&lt;/tr&gt;
&lt;tr&gt;&lt;td&gt;Speed: 2.0 mph&lt;/td&gt;&lt;/tr&gt;
&lt;tr&gt;&lt;td&gt;Heading: 205.9&lt;/td&gt;&lt;/tr&gt;
&lt;tr&gt;&lt;td&gt;Time: 2021-02-19T18:31:23Z&lt;/td&gt;&lt;/tr&gt;
&lt;/table&gt;
</description>
        <LookAt>
          <longitude>-71.854084</longitude>
          <latitude>-13.394311</latitude>
          <tilt>66</tilt>
        </LookAt>
        <TimeStamp>
          <when>2021-02-19T18:31:23Z</when>
        </TimeStamp>
        <styleUrl>#track</styleUrl>
        <Point>
          <coordinates>-71.854084,-13.394311,3979.86</coordinates>
        </Point>
      </Placemark>
      <Placemark>
        <name>Apu Linli hike - Wikiloc-537</name>
        <snippet></snippet>
        <description>
&lt;table&gt;
&lt;tr&gt;&lt;td&gt;Longitude: -71.854098&lt;/td&gt;&lt;/tr&gt;
&lt;tr&gt;&lt;td&gt;Latitude: -13.394391&lt;/td&gt;&lt;/tr&gt;
&lt;tr&gt;&lt;td&gt;Altitude: 13063.635 ft&lt;/td&gt;&lt;/tr&gt;
&lt;tr&gt;&lt;td&gt;Speed: 2.0 mph&lt;/td&gt;&lt;/tr&gt;
&lt;tr&gt;&lt;td&gt;Heading: 189.7&lt;/td&gt;&lt;/tr&gt;
&lt;tr&gt;&lt;td&gt;Time: 2021-02-19T18:31:33Z&lt;/td&gt;&lt;/tr&gt;
&lt;/table&gt;
</description>
        <LookAt>
          <longitude>-71.854098</longitude>
          <latitude>-13.394391</latitude>
          <tilt>66</tilt>
        </LookAt>
        <TimeStamp>
          <when>2021-02-19T18:31:33Z</when>
        </TimeStamp>
        <styleUrl>#track</styleUrl>
        <Point>
          <coordinates>-71.854098,-13.394391,3981.80</coordinates>
        </Point>
      </Placemark>
      <Placemark>
        <name>Apu Linli hike - Wikiloc-538</name>
        <snippet></snippet>
        <description>
&lt;table&gt;
&lt;tr&gt;&lt;td&gt;Longitude: -71.854120&lt;/td&gt;&lt;/tr&gt;
&lt;tr&gt;&lt;td&gt;Latitude: -13.394440&lt;/td&gt;&lt;/tr&gt;
&lt;tr&gt;&lt;td&gt;Altitude: 13070.187 ft&lt;/td&gt;&lt;/tr&gt;
&lt;tr&gt;&lt;td&gt;Speed: 2.7 mph&lt;/td&gt;&lt;/tr&gt;
&lt;tr&gt;&lt;td&gt;Heading: 203.6&lt;/td&gt;&lt;/tr&gt;
&lt;tr&gt;&lt;td&gt;Time: 2021-02-19T18:31:38Z&lt;/td&gt;&lt;/tr&gt;
&lt;/table&gt;
</description>
        <LookAt>
          <longitude>-71.85412</longitude>
          <latitude>-13.39444</latitude>
          <tilt>66</tilt>
        </LookAt>
        <TimeStamp>
          <when>2021-02-19T18:31:38Z</when>
        </TimeStamp>
        <styleUrl>#track</styleUrl>
        <Point>
          <coordinates>-71.854120,-13.394440,3983.79</coordinates>
        </Point>
      </Placemark>
      <Placemark>
        <name>Apu Linli hike - Wikiloc-539</name>
        <snippet></snippet>
        <description>
&lt;table&gt;
&lt;tr&gt;&lt;td&gt;Longitude: -71.854140&lt;/td&gt;&lt;/tr&gt;
&lt;tr&gt;&lt;td&gt;Latitude: -13.394485&lt;/td&gt;&lt;/tr&gt;
&lt;tr&gt;&lt;td&gt;Altitude: 13072.779 ft&lt;/td&gt;&lt;/tr&gt;
&lt;tr&gt;&lt;td&gt;Speed: 2.4 mph&lt;/td&gt;&lt;/tr&gt;
&lt;tr&gt;&lt;td&gt;Heading: 203.4&lt;/td&gt;&lt;/tr&gt;
&lt;tr&gt;&lt;td&gt;Time: 2021-02-19T18:31:43Z&lt;/td&gt;&lt;/tr&gt;
&lt;/table&gt;
</description>
        <LookAt>
          <longitude>-71.85414</longitude>
          <latitude>-13.394485</latitude>
          <tilt>66</tilt>
        </LookAt>
        <TimeStamp>
          <when>2021-02-19T18:31:43Z</when>
        </TimeStamp>
        <styleUrl>#track</styleUrl>
        <Point>
          <coordinates>-71.854140,-13.394485,3984.58</coordinates>
        </Point>
      </Placemark>
      <Placemark>
        <name>Apu Linli hike - Wikiloc-540</name>
        <snippet></snippet>
        <description>
&lt;table&gt;
&lt;tr&gt;&lt;td&gt;Longitude: -71.854163&lt;/td&gt;&lt;/tr&gt;
&lt;tr&gt;&lt;td&gt;Latitude: -13.394544&lt;/td&gt;&lt;/tr&gt;
&lt;tr&gt;&lt;td&gt;Altitude: 13073.232 ft&lt;/td&gt;&lt;/tr&gt;
&lt;tr&gt;&lt;td&gt;Speed: 3.1 mph&lt;/td&gt;&lt;/tr&gt;
&lt;tr&gt;&lt;td&gt;Heading: 200.8&lt;/td&gt;&lt;/tr&gt;
&lt;tr&gt;&lt;td&gt;Time: 2021-02-19T18:31:48Z&lt;/td&gt;&lt;/tr&gt;
&lt;/table&gt;
</description>
        <LookAt>
          <longitude>-71.854163</longitude>
          <latitude>-13.394544</latitude>
          <tilt>66</tilt>
        </LookAt>
        <TimeStamp>
          <when>2021-02-19T18:31:48Z</when>
        </TimeStamp>
        <styleUrl>#track</styleUrl>
        <Point>
          <coordinates>-71.854163,-13.394544,3984.72</coordinates>
        </Point>
      </Placemark>
      <Placemark>
        <name>Apu Linli hike - Wikiloc-541</name>
        <snippet></snippet>
        <description>
&lt;table&gt;
&lt;tr&gt;&lt;td&gt;Longitude: -71.854176&lt;/td&gt;&lt;/tr&gt;
&lt;tr&gt;&lt;td&gt;Latitude: -13.394614&lt;/td&gt;&lt;/tr&gt;
&lt;tr&gt;&lt;td&gt;Altitude: 13068.704 ft&lt;/td&gt;&lt;/tr&gt;
&lt;tr&gt;&lt;td&gt;Speed: 3.5 mph&lt;/td&gt;&lt;/tr&gt;
&lt;tr&gt;&lt;td&gt;Heading: 190.2&lt;/td&gt;&lt;/tr&gt;
&lt;tr&gt;&lt;td&gt;Time: 2021-02-19T18:31:53Z&lt;/td&gt;&lt;/tr&gt;
&lt;/table&gt;
</description>
        <LookAt>
          <longitude>-71.854176</longitude>
          <latitude>-13.394614</latitude>
          <tilt>66</tilt>
        </LookAt>
        <TimeStamp>
          <when>2021-02-19T18:31:53Z</when>
        </TimeStamp>
        <styleUrl>#track</styleUrl>
        <Point>
          <coordinates>-71.854176,-13.394614,3983.34</coordinates>
        </Point>
      </Placemark>
      <Placemark>
        <name>Apu Linli hike - Wikiloc-542</name>
        <snippet></snippet>
        <description>
&lt;table&gt;
&lt;tr&gt;&lt;td&gt;Longitude: -71.854178&lt;/td&gt;&lt;/tr&gt;
&lt;tr&gt;&lt;td&gt;Latitude: -13.394661&lt;/td&gt;&lt;/tr&gt;
&lt;tr&gt;&lt;td&gt;Altitude: 13065.305 ft&lt;/td&gt;&lt;/tr&gt;
&lt;tr&gt;&lt;td&gt;Speed: 2.3 mph&lt;/td&gt;&lt;/tr&gt;
&lt;tr&gt;&lt;td&gt;Heading: 182.4&lt;/td&gt;&lt;/tr&gt;
&lt;tr&gt;&lt;td&gt;Time: 2021-02-19T18:31:58Z&lt;/td&gt;&lt;/tr&gt;
&lt;/table&gt;
</description>
        <LookAt>
          <longitude>-71.854178</longitude>
          <latitude>-13.394661</latitude>
          <tilt>66</tilt>
        </LookAt>
        <TimeStamp>
          <when>2021-02-19T18:31:58Z</when>
        </TimeStamp>
        <styleUrl>#track</styleUrl>
        <Point>
          <coordinates>-71.854178,-13.394661,3982.30</coordinates>
        </Point>
      </Placemark>
      <Placemark>
        <name>Apu Linli hike - Wikiloc-543</name>
        <snippet></snippet>
        <description>
&lt;table&gt;
&lt;tr&gt;&lt;td&gt;Longitude: -71.854187&lt;/td&gt;&lt;/tr&gt;
&lt;tr&gt;&lt;td&gt;Latitude: -13.394748&lt;/td&gt;&lt;/tr&gt;
&lt;tr&gt;&lt;td&gt;Altitude: 13066.627 ft&lt;/td&gt;&lt;/tr&gt;
&lt;tr&gt;&lt;td&gt;Speed: 2.2 mph&lt;/td&gt;&lt;/tr&gt;
&lt;tr&gt;&lt;td&gt;Heading: 185.7&lt;/td&gt;&lt;/tr&gt;
&lt;tr&gt;&lt;td&gt;Time: 2021-02-19T18:32:08Z&lt;/td&gt;&lt;/tr&gt;
&lt;/table&gt;
</description>
        <LookAt>
          <longitude>-71.854187</longitude>
          <latitude>-13.394748</latitude>
          <tilt>66</tilt>
        </LookAt>
        <TimeStamp>
          <when>2021-02-19T18:32:08Z</when>
        </TimeStamp>
        <styleUrl>#track</styleUrl>
        <Point>
          <coordinates>-71.854187,-13.394748,3982.71</coordinates>
        </Point>
      </Placemark>
      <Placemark>
        <name>Apu Linli hike - Wikiloc-544</name>
        <snippet></snippet>
        <description>
&lt;table&gt;
&lt;tr&gt;&lt;td&gt;Longitude: -71.854216&lt;/td&gt;&lt;/tr&gt;
&lt;tr&gt;&lt;td&gt;Latitude: -13.394801&lt;/td&gt;&lt;/tr&gt;
&lt;tr&gt;&lt;td&gt;Altitude: 13072.730 ft&lt;/td&gt;&lt;/tr&gt;
&lt;tr&gt;&lt;td&gt;Speed: 3.0 mph&lt;/td&gt;&lt;/tr&gt;
&lt;tr&gt;&lt;td&gt;Heading: 208.0&lt;/td&gt;&lt;/tr&gt;
&lt;tr&gt;&lt;td&gt;Time: 2021-02-19T18:32:13Z&lt;/td&gt;&lt;/tr&gt;
&lt;/table&gt;
</description>
        <LookAt>
          <longitude>-71.854216</longitude>
          <latitude>-13.394801</latitude>
          <tilt>66</tilt>
        </LookAt>
        <TimeStamp>
          <when>2021-02-19T18:32:13Z</when>
        </TimeStamp>
        <styleUrl>#track</styleUrl>
        <Point>
          <coordinates>-71.854216,-13.394801,3984.57</coordinates>
        </Point>
      </Placemark>
      <Placemark>
        <name>Apu Linli hike - Wikiloc-545</name>
        <snippet></snippet>
        <description>
&lt;table&gt;
&lt;tr&gt;&lt;td&gt;Longitude: -71.854239&lt;/td&gt;&lt;/tr&gt;
&lt;tr&gt;&lt;td&gt;Latitude: -13.394862&lt;/td&gt;&lt;/tr&gt;
&lt;tr&gt;&lt;td&gt;Altitude: 13075.978 ft&lt;/td&gt;&lt;/tr&gt;
&lt;tr&gt;&lt;td&gt;Speed: 3.2 mph&lt;/td&gt;&lt;/tr&gt;
&lt;tr&gt;&lt;td&gt;Heading: 200.1&lt;/td&gt;&lt;/tr&gt;
&lt;tr&gt;&lt;td&gt;Time: 2021-02-19T18:32:18Z&lt;/td&gt;&lt;/tr&gt;
&lt;/table&gt;
</description>
        <LookAt>
          <longitude>-71.854239</longitude>
          <latitude>-13.394862</latitude>
          <tilt>66</tilt>
        </LookAt>
        <TimeStamp>
          <when>2021-02-19T18:32:18Z</when>
        </TimeStamp>
        <styleUrl>#track</styleUrl>
        <Point>
          <coordinates>-71.854239,-13.394862,3985.56</coordinates>
        </Point>
      </Placemark>
      <Placemark>
        <name>Apu Linli hike - Wikiloc-546</name>
        <snippet></snippet>
        <description>
&lt;table&gt;
&lt;tr&gt;&lt;td&gt;Longitude: -71.854240&lt;/td&gt;&lt;/tr&gt;
&lt;tr&gt;&lt;td&gt;Latitude: -13.394925&lt;/td&gt;&lt;/tr&gt;
&lt;tr&gt;&lt;td&gt;Altitude: 13082.556 ft&lt;/td&gt;&lt;/tr&gt;
&lt;tr&gt;&lt;td&gt;Speed: 3.1 mph&lt;/td&gt;&lt;/tr&gt;
&lt;tr&gt;&lt;td&gt;Heading: 180.9&lt;/td&gt;&lt;/tr&gt;
&lt;tr&gt;&lt;td&gt;Time: 2021-02-19T18:32:23Z&lt;/td&gt;&lt;/tr&gt;
&lt;/table&gt;
</description>
        <LookAt>
          <longitude>-71.85424</longitude>
          <latitude>-13.394925</latitude>
          <tilt>66</tilt>
        </LookAt>
        <TimeStamp>
          <when>2021-02-19T18:32:23Z</when>
        </TimeStamp>
        <styleUrl>#track</styleUrl>
        <Point>
          <coordinates>-71.854240,-13.394925,3987.56</coordinates>
        </Point>
      </Placemark>
      <Placemark>
        <name>Apu Linli hike - Wikiloc-547</name>
        <snippet></snippet>
        <description>
&lt;table&gt;
&lt;tr&gt;&lt;td&gt;Longitude: -71.854248&lt;/td&gt;&lt;/tr&gt;
&lt;tr&gt;&lt;td&gt;Latitude: -13.394976&lt;/td&gt;&lt;/tr&gt;
&lt;tr&gt;&lt;td&gt;Altitude: 13084.393 ft&lt;/td&gt;&lt;/tr&gt;
&lt;tr&gt;&lt;td&gt;Speed: 2.6 mph&lt;/td&gt;&lt;/tr&gt;
&lt;tr&gt;&lt;td&gt;Heading: 188.7&lt;/td&gt;&lt;/tr&gt;
&lt;tr&gt;&lt;td&gt;Time: 2021-02-19T18:32:28Z&lt;/td&gt;&lt;/tr&gt;
&lt;/table&gt;
</description>
        <LookAt>
          <longitude>-71.854248</longitude>
          <latitude>-13.394976</latitude>
          <tilt>66</tilt>
        </LookAt>
        <TimeStamp>
          <when>2021-02-19T18:32:28Z</when>
        </TimeStamp>
        <styleUrl>#track</styleUrl>
        <Point>
          <coordinates>-71.854248,-13.394976,3988.12</coordinates>
        </Point>
      </Placemark>
      <Placemark>
        <name>Apu Linli hike - Wikiloc-548</name>
        <snippet></snippet>
        <description>
&lt;table&gt;
&lt;tr&gt;&lt;td&gt;Longitude: -71.854317&lt;/td&gt;&lt;/tr&gt;
&lt;tr&gt;&lt;td&gt;Latitude: -13.394944&lt;/td&gt;&lt;/tr&gt;
&lt;tr&gt;&lt;td&gt;Altitude: 13097.562 ft&lt;/td&gt;&lt;/tr&gt;
&lt;tr&gt;&lt;td&gt;Speed: 1.9 mph&lt;/td&gt;&lt;/tr&gt;
&lt;tr&gt;&lt;td&gt;Heading: 295.5&lt;/td&gt;&lt;/tr&gt;
&lt;tr&gt;&lt;td&gt;Time: 2021-02-19T18:32:38Z&lt;/td&gt;&lt;/tr&gt;
&lt;/table&gt;
</description>
        <LookAt>
          <longitude>-71.854317</longitude>
          <latitude>-13.394944</latitude>
          <tilt>66</tilt>
        </LookAt>
        <TimeStamp>
          <when>2021-02-19T18:32:38Z</when>
        </TimeStamp>
        <styleUrl>#track</styleUrl>
        <Point>
          <coordinates>-71.854317,-13.394944,3992.14</coordinates>
        </Point>
      </Placemark>
      <Placemark>
        <name>Apu Linli hike - Wikiloc-549</name>
        <snippet></snippet>
        <description>
&lt;table&gt;
&lt;tr&gt;&lt;td&gt;Longitude: -71.854344&lt;/td&gt;&lt;/tr&gt;
&lt;tr&gt;&lt;td&gt;Latitude: -13.395005&lt;/td&gt;&lt;/tr&gt;
&lt;tr&gt;&lt;td&gt;Altitude: 13107.556 ft&lt;/td&gt;&lt;/tr&gt;
&lt;tr&gt;&lt;td&gt;Speed: 2.8 mph&lt;/td&gt;&lt;/tr&gt;
&lt;tr&gt;&lt;td&gt;Heading: 203.3&lt;/td&gt;&lt;/tr&gt;
&lt;tr&gt;&lt;td&gt;Time: 2021-02-19T18:32:44Z&lt;/td&gt;&lt;/tr&gt;
&lt;/table&gt;
</description>
        <LookAt>
          <longitude>-71.854344</longitude>
          <latitude>-13.395005</latitude>
          <tilt>66</tilt>
        </LookAt>
        <TimeStamp>
          <when>2021-02-19T18:32:44Z</when>
        </TimeStamp>
        <styleUrl>#track</styleUrl>
        <Point>
          <coordinates>-71.854344,-13.395005,3995.18</coordinates>
        </Point>
      </Placemark>
      <Placemark>
        <name>Apu Linli hike - Wikiloc-550</name>
        <snippet></snippet>
        <description>
&lt;table&gt;
&lt;tr&gt;&lt;td&gt;Longitude: -71.854363&lt;/td&gt;&lt;/tr&gt;
&lt;tr&gt;&lt;td&gt;Latitude: -13.395085&lt;/td&gt;&lt;/tr&gt;
&lt;tr&gt;&lt;td&gt;Altitude: 13111.745 ft&lt;/td&gt;&lt;/tr&gt;
&lt;tr&gt;&lt;td&gt;Speed: 3.4 mph&lt;/td&gt;&lt;/tr&gt;
&lt;tr&gt;&lt;td&gt;Heading: 193.0&lt;/td&gt;&lt;/tr&gt;
&lt;tr&gt;&lt;td&gt;Time: 2021-02-19T18:32:50Z&lt;/td&gt;&lt;/tr&gt;
&lt;/table&gt;
</description>
        <LookAt>
          <longitude>-71.854363</longitude>
          <latitude>-13.395085</latitude>
          <tilt>66</tilt>
        </LookAt>
        <TimeStamp>
          <when>2021-02-19T18:32:50Z</when>
        </TimeStamp>
        <styleUrl>#track</styleUrl>
        <Point>
          <coordinates>-71.854363,-13.395085,3996.46</coordinates>
        </Point>
      </Placemark>
      <Placemark>
        <name>Apu Linli hike - Wikiloc-551</name>
        <snippet></snippet>
        <description>
&lt;table&gt;
&lt;tr&gt;&lt;td&gt;Longitude: -71.854403&lt;/td&gt;&lt;/tr&gt;
&lt;tr&gt;&lt;td&gt;Latitude: -13.395152&lt;/td&gt;&lt;/tr&gt;
&lt;tr&gt;&lt;td&gt;Altitude: 13116.371 ft&lt;/td&gt;&lt;/tr&gt;
&lt;tr&gt;&lt;td&gt;Speed: 3.2 mph&lt;/td&gt;&lt;/tr&gt;
&lt;tr&gt;&lt;td&gt;Heading: 210.1&lt;/td&gt;&lt;/tr&gt;
&lt;tr&gt;&lt;td&gt;Time: 2021-02-19T18:32:56Z&lt;/td&gt;&lt;/tr&gt;
&lt;/table&gt;
</description>
        <LookAt>
          <longitude>-71.854403</longitude>
          <latitude>-13.395152</latitude>
          <tilt>66</tilt>
        </LookAt>
        <TimeStamp>
          <when>2021-02-19T18:32:56Z</when>
        </TimeStamp>
        <styleUrl>#track</styleUrl>
        <Point>
          <coordinates>-71.854403,-13.395152,3997.87</coordinates>
        </Point>
      </Placemark>
      <Placemark>
        <name>Apu Linli hike - Wikiloc-552</name>
        <snippet></snippet>
        <description>
&lt;table&gt;
&lt;tr&gt;&lt;td&gt;Longitude: -71.854452&lt;/td&gt;&lt;/tr&gt;
&lt;tr&gt;&lt;td&gt;Latitude: -13.395213&lt;/td&gt;&lt;/tr&gt;
&lt;tr&gt;&lt;td&gt;Altitude: 13120.315 ft&lt;/td&gt;&lt;/tr&gt;
&lt;tr&gt;&lt;td&gt;Speed: 3.2 mph&lt;/td&gt;&lt;/tr&gt;
&lt;tr&gt;&lt;td&gt;Heading: 218.0&lt;/td&gt;&lt;/tr&gt;
&lt;tr&gt;&lt;td&gt;Time: 2021-02-19T18:33:02Z&lt;/td&gt;&lt;/tr&gt;
&lt;/table&gt;
</description>
        <LookAt>
          <longitude>-71.854452</longitude>
          <latitude>-13.395213</latitude>
          <tilt>66</tilt>
        </LookAt>
        <TimeStamp>
          <when>2021-02-19T18:33:02Z</when>
        </TimeStamp>
        <styleUrl>#track</styleUrl>
        <Point>
          <coordinates>-71.854452,-13.395213,3999.07</coordinates>
        </Point>
      </Placemark>
      <Placemark>
        <name>Apu Linli hike - Wikiloc-553</name>
        <snippet></snippet>
        <description>
&lt;table&gt;
&lt;tr&gt;&lt;td&gt;Longitude: -71.854484&lt;/td&gt;&lt;/tr&gt;
&lt;tr&gt;&lt;td&gt;Latitude: -13.395279&lt;/td&gt;&lt;/tr&gt;
&lt;tr&gt;&lt;td&gt;Altitude: 13125.043 ft&lt;/td&gt;&lt;/tr&gt;
&lt;tr&gt;&lt;td&gt;Speed: 2.0 mph&lt;/td&gt;&lt;/tr&gt;
&lt;tr&gt;&lt;td&gt;Heading: 205.3&lt;/td&gt;&lt;/tr&gt;
&lt;tr&gt;&lt;td&gt;Time: 2021-02-19T18:33:11Z&lt;/td&gt;&lt;/tr&gt;
&lt;/table&gt;
</description>
        <LookAt>
          <longitude>-71.854484</longitude>
          <latitude>-13.395279</latitude>
          <tilt>66</tilt>
        </LookAt>
        <TimeStamp>
          <when>2021-02-19T18:33:11Z</when>
        </TimeStamp>
        <styleUrl>#track</styleUrl>
        <Point>
          <coordinates>-71.854484,-13.395279,4000.51</coordinates>
        </Point>
      </Placemark>
      <Placemark>
        <name>Apu Linli hike - Wikiloc-554</name>
        <snippet></snippet>
        <description>
&lt;table&gt;
&lt;tr&gt;&lt;td&gt;Longitude: -71.854503&lt;/td&gt;&lt;/tr&gt;
&lt;tr&gt;&lt;td&gt;Latitude: -13.395332&lt;/td&gt;&lt;/tr&gt;
&lt;tr&gt;&lt;td&gt;Altitude: 13130.295 ft&lt;/td&gt;&lt;/tr&gt;
&lt;tr&gt;&lt;td&gt;Speed: 1.2 mph&lt;/td&gt;&lt;/tr&gt;
&lt;tr&gt;&lt;td&gt;Heading: 199.2&lt;/td&gt;&lt;/tr&gt;
&lt;tr&gt;&lt;td&gt;Time: 2021-02-19T18:33:23Z&lt;/td&gt;&lt;/tr&gt;
&lt;/table&gt;
</description>
        <LookAt>
          <longitude>-71.854503</longitude>
          <latitude>-13.395332</latitude>
          <tilt>66</tilt>
        </LookAt>
        <TimeStamp>
          <when>2021-02-19T18:33:23Z</when>
        </TimeStamp>
        <styleUrl>#track</styleUrl>
        <Point>
          <coordinates>-71.854503,-13.395332,4002.11</coordinates>
        </Point>
      </Placemark>
      <Placemark>
        <name>Apu Linli hike - Wikiloc-555</name>
        <snippet></snippet>
        <description>
&lt;table&gt;
&lt;tr&gt;&lt;td&gt;Longitude: -71.854526&lt;/td&gt;&lt;/tr&gt;
&lt;tr&gt;&lt;td&gt;Latitude: -13.395376&lt;/td&gt;&lt;/tr&gt;
&lt;tr&gt;&lt;td&gt;Altitude: 13135.525 ft&lt;/td&gt;&lt;/tr&gt;
&lt;tr&gt;&lt;td&gt;Speed: 2.0 mph&lt;/td&gt;&lt;/tr&gt;
&lt;tr&gt;&lt;td&gt;Heading: 207.0&lt;/td&gt;&lt;/tr&gt;
&lt;tr&gt;&lt;td&gt;Time: 2021-02-19T18:33:29Z&lt;/td&gt;&lt;/tr&gt;
&lt;/table&gt;
</description>
        <LookAt>
          <longitude>-71.854526</longitude>
          <latitude>-13.395376</latitude>
          <tilt>66</tilt>
        </LookAt>
        <TimeStamp>
          <when>2021-02-19T18:33:29Z</when>
        </TimeStamp>
        <styleUrl>#track</styleUrl>
        <Point>
          <coordinates>-71.854526,-13.395376,4003.71</coordinates>
        </Point>
      </Placemark>
      <Placemark>
        <name>Apu Linli hike - Wikiloc-556</name>
        <snippet></snippet>
        <description>
&lt;table&gt;
&lt;tr&gt;&lt;td&gt;Longitude: -71.854550&lt;/td&gt;&lt;/tr&gt;
&lt;tr&gt;&lt;td&gt;Latitude: -13.395434&lt;/td&gt;&lt;/tr&gt;
&lt;tr&gt;&lt;td&gt;Altitude: 13137.280 ft&lt;/td&gt;&lt;/tr&gt;
&lt;tr&gt;&lt;td&gt;Speed: 2.6 mph&lt;/td&gt;&lt;/tr&gt;
&lt;tr&gt;&lt;td&gt;Heading: 201.9&lt;/td&gt;&lt;/tr&gt;
&lt;tr&gt;&lt;td&gt;Time: 2021-02-19T18:33:35Z&lt;/td&gt;&lt;/tr&gt;
&lt;/table&gt;
</description>
        <LookAt>
          <longitude>-71.85455</longitude>
          <latitude>-13.395434</latitude>
          <tilt>66</tilt>
        </LookAt>
        <TimeStamp>
          <when>2021-02-19T18:33:35Z</when>
        </TimeStamp>
        <styleUrl>#track</styleUrl>
        <Point>
          <coordinates>-71.854550,-13.395434,4004.24</coordinates>
        </Point>
      </Placemark>
      <Placemark>
        <name>Apu Linli hike - Wikiloc-557</name>
        <snippet></snippet>
        <description>
&lt;table&gt;
&lt;tr&gt;&lt;td&gt;Longitude: -71.854548&lt;/td&gt;&lt;/tr&gt;
&lt;tr&gt;&lt;td&gt;Latitude: -13.395492&lt;/td&gt;&lt;/tr&gt;
&lt;tr&gt;&lt;td&gt;Altitude: 13138.658 ft&lt;/td&gt;&lt;/tr&gt;
&lt;tr&gt;&lt;td&gt;Speed: 0.6 mph&lt;/td&gt;&lt;/tr&gt;
&lt;tr&gt;&lt;td&gt;Heading: 178.1&lt;/td&gt;&lt;/tr&gt;
&lt;tr&gt;&lt;td&gt;Time: 2021-02-19T18:33:59Z&lt;/td&gt;&lt;/tr&gt;
&lt;/table&gt;
</description>
        <LookAt>
          <longitude>-71.854548</longitude>
          <latitude>-13.395492</latitude>
          <tilt>66</tilt>
        </LookAt>
        <TimeStamp>
          <when>2021-02-19T18:33:59Z</when>
        </TimeStamp>
        <styleUrl>#track</styleUrl>
        <Point>
          <coordinates>-71.854548,-13.395492,4004.66</coordinates>
        </Point>
      </Placemark>
      <Placemark>
        <name>Apu Linli hike - Wikiloc-558</name>
        <snippet></snippet>
        <description>
&lt;table&gt;
&lt;tr&gt;&lt;td&gt;Longitude: -71.854566&lt;/td&gt;&lt;/tr&gt;
&lt;tr&gt;&lt;td&gt;Latitude: -13.395544&lt;/td&gt;&lt;/tr&gt;
&lt;tr&gt;&lt;td&gt;Altitude: 13141.365 ft&lt;/td&gt;&lt;/tr&gt;
&lt;tr&gt;&lt;td&gt;Speed: 2.3 mph&lt;/td&gt;&lt;/tr&gt;
&lt;tr&gt;&lt;td&gt;Heading: 198.6&lt;/td&gt;&lt;/tr&gt;
&lt;tr&gt;&lt;td&gt;Time: 2021-02-19T18:34:05Z&lt;/td&gt;&lt;/tr&gt;
&lt;/table&gt;
</description>
        <LookAt>
          <longitude>-71.854566</longitude>
          <latitude>-13.395544</latitude>
          <tilt>66</tilt>
        </LookAt>
        <TimeStamp>
          <when>2021-02-19T18:34:05Z</when>
        </TimeStamp>
        <styleUrl>#track</styleUrl>
        <Point>
          <coordinates>-71.854566,-13.395544,4005.49</coordinates>
        </Point>
      </Placemark>
      <Placemark>
        <name>Apu Linli hike - Wikiloc-559</name>
        <snippet></snippet>
        <description>
&lt;table&gt;
&lt;tr&gt;&lt;td&gt;Longitude: -71.854587&lt;/td&gt;&lt;/tr&gt;
&lt;tr&gt;&lt;td&gt;Latitude: -13.395597&lt;/td&gt;&lt;/tr&gt;
&lt;tr&gt;&lt;td&gt;Altitude: 13144.219 ft&lt;/td&gt;&lt;/tr&gt;
&lt;tr&gt;&lt;td&gt;Speed: 2.4 mph&lt;/td&gt;&lt;/tr&gt;
&lt;tr&gt;&lt;td&gt;Heading: 201.1&lt;/td&gt;&lt;/tr&gt;
&lt;tr&gt;&lt;td&gt;Time: 2021-02-19T18:34:11Z&lt;/td&gt;&lt;/tr&gt;
&lt;/table&gt;
</description>
        <LookAt>
          <longitude>-71.854587</longitude>
          <latitude>-13.395597</latitude>
          <tilt>66</tilt>
        </LookAt>
        <TimeStamp>
          <when>2021-02-19T18:34:11Z</when>
        </TimeStamp>
        <styleUrl>#track</styleUrl>
        <Point>
          <coordinates>-71.854587,-13.395597,4006.36</coordinates>
        </Point>
      </Placemark>
      <Placemark>
        <name>Apu Linli hike - Wikiloc-560</name>
        <snippet></snippet>
        <description>
&lt;table&gt;
&lt;tr&gt;&lt;td&gt;Longitude: -71.854612&lt;/td&gt;&lt;/tr&gt;
&lt;tr&gt;&lt;td&gt;Latitude: -13.395657&lt;/td&gt;&lt;/tr&gt;
&lt;tr&gt;&lt;td&gt;Altitude: 13147.021 ft&lt;/td&gt;&lt;/tr&gt;
&lt;tr&gt;&lt;td&gt;Speed: 2.7 mph&lt;/td&gt;&lt;/tr&gt;
&lt;tr&gt;&lt;td&gt;Heading: 202.1&lt;/td&gt;&lt;/tr&gt;
&lt;tr&gt;&lt;td&gt;Time: 2021-02-19T18:34:17Z&lt;/td&gt;&lt;/tr&gt;
&lt;/table&gt;
</description>
        <LookAt>
          <longitude>-71.854612</longitude>
          <latitude>-13.395657</latitude>
          <tilt>66</tilt>
        </LookAt>
        <TimeStamp>
          <when>2021-02-19T18:34:17Z</when>
        </TimeStamp>
        <styleUrl>#track</styleUrl>
        <Point>
          <coordinates>-71.854612,-13.395657,4007.21</coordinates>
        </Point>
      </Placemark>
      <Placemark>
        <name>Apu Linli hike - Wikiloc-561</name>
        <snippet></snippet>
        <description>
&lt;table&gt;
&lt;tr&gt;&lt;td&gt;Longitude: -71.854638&lt;/td&gt;&lt;/tr&gt;
&lt;tr&gt;&lt;td&gt;Latitude: -13.395699&lt;/td&gt;&lt;/tr&gt;
&lt;tr&gt;&lt;td&gt;Altitude: 13145.827 ft&lt;/td&gt;&lt;/tr&gt;
&lt;tr&gt;&lt;td&gt;Speed: 1.7 mph&lt;/td&gt;&lt;/tr&gt;
&lt;tr&gt;&lt;td&gt;Heading: 211.1&lt;/td&gt;&lt;/tr&gt;
&lt;tr&gt;&lt;td&gt;Time: 2021-02-19T18:34:24Z&lt;/td&gt;&lt;/tr&gt;
&lt;/table&gt;
</description>
        <LookAt>
          <longitude>-71.854638</longitude>
          <latitude>-13.395699</latitude>
          <tilt>66</tilt>
        </LookAt>
        <TimeStamp>
          <when>2021-02-19T18:34:24Z</when>
        </TimeStamp>
        <styleUrl>#track</styleUrl>
        <Point>
          <coordinates>-71.854638,-13.395699,4006.85</coordinates>
        </Point>
      </Placemark>
      <Placemark>
        <name>Apu Linli hike - Wikiloc-562</name>
        <snippet></snippet>
        <description>
&lt;table&gt;
&lt;tr&gt;&lt;td&gt;Longitude: -71.854664&lt;/td&gt;&lt;/tr&gt;
&lt;tr&gt;&lt;td&gt;Latitude: -13.395741&lt;/td&gt;&lt;/tr&gt;
&lt;tr&gt;&lt;td&gt;Altitude: 13148.409 ft&lt;/td&gt;&lt;/tr&gt;
&lt;tr&gt;&lt;td&gt;Speed: 3.1 mph&lt;/td&gt;&lt;/tr&gt;
&lt;tr&gt;&lt;td&gt;Heading: 211.1&lt;/td&gt;&lt;/tr&gt;
&lt;tr&gt;&lt;td&gt;Time: 2021-02-19T18:34:28Z&lt;/td&gt;&lt;/tr&gt;
&lt;/table&gt;
</description>
        <LookAt>
          <longitude>-71.854664</longitude>
          <latitude>-13.395741</latitude>
          <tilt>66</tilt>
        </LookAt>
        <TimeStamp>
          <when>2021-02-19T18:34:28Z</when>
        </TimeStamp>
        <styleUrl>#track</styleUrl>
        <Point>
          <coordinates>-71.854664,-13.395741,4007.64</coordinates>
        </Point>
      </Placemark>
      <Placemark>
        <name>Apu Linli hike - Wikiloc-563</name>
        <snippet></snippet>
        <description>
&lt;table&gt;
&lt;tr&gt;&lt;td&gt;Longitude: -71.854676&lt;/td&gt;&lt;/tr&gt;
&lt;tr&gt;&lt;td&gt;Latitude: -13.395791&lt;/td&gt;&lt;/tr&gt;
&lt;tr&gt;&lt;td&gt;Altitude: 13152.313 ft&lt;/td&gt;&lt;/tr&gt;
&lt;tr&gt;&lt;td&gt;Speed: 2.1 mph&lt;/td&gt;&lt;/tr&gt;
&lt;tr&gt;&lt;td&gt;Heading: 193.1&lt;/td&gt;&lt;/tr&gt;
&lt;tr&gt;&lt;td&gt;Time: 2021-02-19T18:34:34Z&lt;/td&gt;&lt;/tr&gt;
&lt;/table&gt;
</description>
        <LookAt>
          <longitude>-71.854676</longitude>
          <latitude>-13.395791</latitude>
          <tilt>66</tilt>
        </LookAt>
        <TimeStamp>
          <when>2021-02-19T18:34:34Z</when>
        </TimeStamp>
        <styleUrl>#track</styleUrl>
        <Point>
          <coordinates>-71.854676,-13.395791,4008.82</coordinates>
        </Point>
      </Placemark>
      <Placemark>
        <name>Apu Linli hike - Wikiloc-564</name>
        <snippet></snippet>
        <description>
&lt;table&gt;
&lt;tr&gt;&lt;td&gt;Longitude: -71.854701&lt;/td&gt;&lt;/tr&gt;
&lt;tr&gt;&lt;td&gt;Latitude: -13.395830&lt;/td&gt;&lt;/tr&gt;
&lt;tr&gt;&lt;td&gt;Altitude: 13155.233 ft&lt;/td&gt;&lt;/tr&gt;
&lt;tr&gt;&lt;td&gt;Speed: 0.7 mph&lt;/td&gt;&lt;/tr&gt;
&lt;tr&gt;&lt;td&gt;Heading: 211.9&lt;/td&gt;&lt;/tr&gt;
&lt;tr&gt;&lt;td&gt;Time: 2021-02-19T18:34:50Z&lt;/td&gt;&lt;/tr&gt;
&lt;/table&gt;
</description>
        <LookAt>
          <longitude>-71.854701</longitude>
          <latitude>-13.39583</latitude>
          <tilt>66</tilt>
        </LookAt>
        <TimeStamp>
          <when>2021-02-19T18:34:50Z</when>
        </TimeStamp>
        <styleUrl>#track</styleUrl>
        <Point>
          <coordinates>-71.854701,-13.395830,4009.72</coordinates>
        </Point>
      </Placemark>
      <Placemark>
        <name>Apu Linli hike - Wikiloc-565</name>
        <snippet></snippet>
        <description>
&lt;table&gt;
&lt;tr&gt;&lt;td&gt;Longitude: -71.854732&lt;/td&gt;&lt;/tr&gt;
&lt;tr&gt;&lt;td&gt;Latitude: -13.395887&lt;/td&gt;&lt;/tr&gt;
&lt;tr&gt;&lt;td&gt;Altitude: 13159.334 ft&lt;/td&gt;&lt;/tr&gt;
&lt;tr&gt;&lt;td&gt;Speed: 2.7 mph&lt;/td&gt;&lt;/tr&gt;
&lt;tr&gt;&lt;td&gt;Heading: 207.9&lt;/td&gt;&lt;/tr&gt;
&lt;tr&gt;&lt;td&gt;Time: 2021-02-19T18:34:56Z&lt;/td&gt;&lt;/tr&gt;
&lt;/table&gt;
</description>
        <LookAt>
          <longitude>-71.854732</longitude>
          <latitude>-13.395887</latitude>
          <tilt>66</tilt>
        </LookAt>
        <TimeStamp>
          <when>2021-02-19T18:34:56Z</when>
        </TimeStamp>
        <styleUrl>#track</styleUrl>
        <Point>
          <coordinates>-71.854732,-13.395887,4010.97</coordinates>
        </Point>
      </Placemark>
      <Placemark>
        <name>Apu Linli hike - Wikiloc-566</name>
        <snippet></snippet>
        <description>
&lt;table&gt;
&lt;tr&gt;&lt;td&gt;Longitude: -71.854765&lt;/td&gt;&lt;/tr&gt;
&lt;tr&gt;&lt;td&gt;Latitude: -13.395926&lt;/td&gt;&lt;/tr&gt;
&lt;tr&gt;&lt;td&gt;Altitude: 13163.094 ft&lt;/td&gt;&lt;/tr&gt;
&lt;tr&gt;&lt;td&gt;Speed: 3.1 mph&lt;/td&gt;&lt;/tr&gt;
&lt;tr&gt;&lt;td&gt;Heading: 219.5&lt;/td&gt;&lt;/tr&gt;
&lt;tr&gt;&lt;td&gt;Time: 2021-02-19T18:35:00Z&lt;/td&gt;&lt;/tr&gt;
&lt;/table&gt;
</description>
        <LookAt>
          <longitude>-71.854765</longitude>
          <latitude>-13.395926</latitude>
          <tilt>66</tilt>
        </LookAt>
        <TimeStamp>
          <when>2021-02-19T18:35:00Z</when>
        </TimeStamp>
        <styleUrl>#track</styleUrl>
        <Point>
          <coordinates>-71.854765,-13.395926,4012.11</coordinates>
        </Point>
      </Placemark>
      <Placemark>
        <name>Apu Linli hike - Wikiloc-567</name>
        <snippet></snippet>
        <description>
&lt;table&gt;
&lt;tr&gt;&lt;td&gt;Longitude: -71.854790&lt;/td&gt;&lt;/tr&gt;
&lt;tr&gt;&lt;td&gt;Latitude: -13.395970&lt;/td&gt;&lt;/tr&gt;
&lt;tr&gt;&lt;td&gt;Altitude: 13166.037 ft&lt;/td&gt;&lt;/tr&gt;
&lt;tr&gt;&lt;td&gt;Speed: 3.1 mph&lt;/td&gt;&lt;/tr&gt;
&lt;tr&gt;&lt;td&gt;Heading: 208.9&lt;/td&gt;&lt;/tr&gt;
&lt;tr&gt;&lt;td&gt;Time: 2021-02-19T18:35:04Z&lt;/td&gt;&lt;/tr&gt;
&lt;/table&gt;
</description>
        <LookAt>
          <longitude>-71.85479</longitude>
          <latitude>-13.39597</latitude>
          <tilt>66</tilt>
        </LookAt>
        <TimeStamp>
          <when>2021-02-19T18:35:04Z</when>
        </TimeStamp>
        <styleUrl>#track</styleUrl>
        <Point>
          <coordinates>-71.854790,-13.395970,4013.01</coordinates>
        </Point>
      </Placemark>
      <Placemark>
        <name>Apu Linli hike - Wikiloc-568</name>
        <snippet></snippet>
        <description>
&lt;table&gt;
&lt;tr&gt;&lt;td&gt;Longitude: -71.854821&lt;/td&gt;&lt;/tr&gt;
&lt;tr&gt;&lt;td&gt;Latitude: -13.396010&lt;/td&gt;&lt;/tr&gt;
&lt;tr&gt;&lt;td&gt;Altitude: 13169.610 ft&lt;/td&gt;&lt;/tr&gt;
&lt;tr&gt;&lt;td&gt;Speed: 3.1 mph&lt;/td&gt;&lt;/tr&gt;
&lt;tr&gt;&lt;td&gt;Heading: 217.0&lt;/td&gt;&lt;/tr&gt;
&lt;tr&gt;&lt;td&gt;Time: 2021-02-19T18:35:08Z&lt;/td&gt;&lt;/tr&gt;
&lt;/table&gt;
</description>
        <LookAt>
          <longitude>-71.854821</longitude>
          <latitude>-13.39601</latitude>
          <tilt>66</tilt>
        </LookAt>
        <TimeStamp>
          <when>2021-02-19T18:35:08Z</when>
        </TimeStamp>
        <styleUrl>#track</styleUrl>
        <Point>
          <coordinates>-71.854821,-13.396010,4014.10</coordinates>
        </Point>
      </Placemark>
      <Placemark>
        <name>Apu Linli hike - Wikiloc-569</name>
        <snippet></snippet>
        <description>
&lt;table&gt;
&lt;tr&gt;&lt;td&gt;Longitude: -71.854852&lt;/td&gt;&lt;/tr&gt;
&lt;tr&gt;&lt;td&gt;Latitude: -13.396044&lt;/td&gt;&lt;/tr&gt;
&lt;tr&gt;&lt;td&gt;Altitude: 13173.186 ft&lt;/td&gt;&lt;/tr&gt;
&lt;tr&gt;&lt;td&gt;Speed: 2.8 mph&lt;/td&gt;&lt;/tr&gt;
&lt;tr&gt;&lt;td&gt;Heading: 221.6&lt;/td&gt;&lt;/tr&gt;
&lt;tr&gt;&lt;td&gt;Time: 2021-02-19T18:35:12Z&lt;/td&gt;&lt;/tr&gt;
&lt;/table&gt;
</description>
        <LookAt>
          <longitude>-71.854852</longitude>
          <latitude>-13.396044</latitude>
          <tilt>66</tilt>
        </LookAt>
        <TimeStamp>
          <when>2021-02-19T18:35:12Z</when>
        </TimeStamp>
        <styleUrl>#track</styleUrl>
        <Point>
          <coordinates>-71.854852,-13.396044,4015.19</coordinates>
        </Point>
      </Placemark>
      <Placemark>
        <name>Apu Linli hike - Wikiloc-570</name>
        <snippet></snippet>
        <description>
&lt;table&gt;
&lt;tr&gt;&lt;td&gt;Longitude: -71.854882&lt;/td&gt;&lt;/tr&gt;
&lt;tr&gt;&lt;td&gt;Latitude: -13.396081&lt;/td&gt;&lt;/tr&gt;
&lt;tr&gt;&lt;td&gt;Altitude: 13175.925 ft&lt;/td&gt;&lt;/tr&gt;
&lt;tr&gt;&lt;td&gt;Speed: 2.9 mph&lt;/td&gt;&lt;/tr&gt;
&lt;tr&gt;&lt;td&gt;Heading: 218.3&lt;/td&gt;&lt;/tr&gt;
&lt;tr&gt;&lt;td&gt;Time: 2021-02-19T18:35:16Z&lt;/td&gt;&lt;/tr&gt;
&lt;/table&gt;
</description>
        <LookAt>
          <longitude>-71.854882</longitude>
          <latitude>-13.396081</latitude>
          <tilt>66</tilt>
        </LookAt>
        <TimeStamp>
          <when>2021-02-19T18:35:16Z</when>
        </TimeStamp>
        <styleUrl>#track</styleUrl>
        <Point>
          <coordinates>-71.854882,-13.396081,4016.02</coordinates>
        </Point>
      </Placemark>
      <Placemark>
        <name>Apu Linli hike - Wikiloc-571</name>
        <snippet></snippet>
        <description>
&lt;table&gt;
&lt;tr&gt;&lt;td&gt;Longitude: -71.854917&lt;/td&gt;&lt;/tr&gt;
&lt;tr&gt;&lt;td&gt;Latitude: -13.396119&lt;/td&gt;&lt;/tr&gt;
&lt;tr&gt;&lt;td&gt;Altitude: 13178.780 ft&lt;/td&gt;&lt;/tr&gt;
&lt;tr&gt;&lt;td&gt;Speed: 3.2 mph&lt;/td&gt;&lt;/tr&gt;
&lt;tr&gt;&lt;td&gt;Heading: 221.9&lt;/td&gt;&lt;/tr&gt;
&lt;tr&gt;&lt;td&gt;Time: 2021-02-19T18:35:20Z&lt;/td&gt;&lt;/tr&gt;
&lt;/table&gt;
</description>
        <LookAt>
          <longitude>-71.854917</longitude>
          <latitude>-13.396119</latitude>
          <tilt>66</tilt>
        </LookAt>
        <TimeStamp>
          <when>2021-02-19T18:35:20Z</when>
        </TimeStamp>
        <styleUrl>#track</styleUrl>
        <Point>
          <coordinates>-71.854917,-13.396119,4016.89</coordinates>
        </Point>
      </Placemark>
      <Placemark>
        <name>Apu Linli hike - Wikiloc-572</name>
        <snippet></snippet>
        <description>
&lt;table&gt;
&lt;tr&gt;&lt;td&gt;Longitude: -71.854956&lt;/td&gt;&lt;/tr&gt;
&lt;tr&gt;&lt;td&gt;Latitude: -13.396146&lt;/td&gt;&lt;/tr&gt;
&lt;tr&gt;&lt;td&gt;Altitude: 13181.811 ft&lt;/td&gt;&lt;/tr&gt;
&lt;tr&gt;&lt;td&gt;Speed: 0.6 mph&lt;/td&gt;&lt;/tr&gt;
&lt;tr&gt;&lt;td&gt;Heading: 234.6&lt;/td&gt;&lt;/tr&gt;
&lt;tr&gt;&lt;td&gt;Time: 2021-02-19T18:35:40Z&lt;/td&gt;&lt;/tr&gt;
&lt;/table&gt;
</description>
        <LookAt>
          <longitude>-71.854956</longitude>
          <latitude>-13.396146</latitude>
          <tilt>66</tilt>
        </LookAt>
        <TimeStamp>
          <when>2021-02-19T18:35:40Z</when>
        </TimeStamp>
        <styleUrl>#track</styleUrl>
        <Point>
          <coordinates>-71.854956,-13.396146,4017.82</coordinates>
        </Point>
      </Placemark>
      <Placemark>
        <name>Apu Linli hike - Wikiloc-573</name>
        <snippet></snippet>
        <description>
&lt;table&gt;
&lt;tr&gt;&lt;td&gt;Longitude: -71.855002&lt;/td&gt;&lt;/tr&gt;
&lt;tr&gt;&lt;td&gt;Latitude: -13.396169&lt;/td&gt;&lt;/tr&gt;
&lt;tr&gt;&lt;td&gt;Altitude: 13185.899 ft&lt;/td&gt;&lt;/tr&gt;
&lt;tr&gt;&lt;td&gt;Speed: 2.1 mph&lt;/td&gt;&lt;/tr&gt;
&lt;tr&gt;&lt;td&gt;Heading: 242.8&lt;/td&gt;&lt;/tr&gt;
&lt;tr&gt;&lt;td&gt;Time: 2021-02-19T18:35:46Z&lt;/td&gt;&lt;/tr&gt;
&lt;/table&gt;
</description>
        <LookAt>
          <longitude>-71.855002</longitude>
          <latitude>-13.396169</latitude>
          <tilt>66</tilt>
        </LookAt>
        <TimeStamp>
          <when>2021-02-19T18:35:46Z</when>
        </TimeStamp>
        <styleUrl>#track</styleUrl>
        <Point>
          <coordinates>-71.855002,-13.396169,4019.06</coordinates>
        </Point>
      </Placemark>
      <Placemark>
        <name>Apu Linli hike - Wikiloc-574</name>
        <snippet></snippet>
        <description>
&lt;table&gt;
&lt;tr&gt;&lt;td&gt;Longitude: -71.855047&lt;/td&gt;&lt;/tr&gt;
&lt;tr&gt;&lt;td&gt;Latitude: -13.396187&lt;/td&gt;&lt;/tr&gt;
&lt;tr&gt;&lt;td&gt;Altitude: 13190.220 ft&lt;/td&gt;&lt;/tr&gt;
&lt;tr&gt;&lt;td&gt;Speed: 1.2 mph&lt;/td&gt;&lt;/tr&gt;
&lt;tr&gt;&lt;td&gt;Heading: 247.6&lt;/td&gt;&lt;/tr&gt;
&lt;tr&gt;&lt;td&gt;Time: 2021-02-19T18:35:56Z&lt;/td&gt;&lt;/tr&gt;
&lt;/table&gt;
</description>
        <LookAt>
          <longitude>-71.855047</longitude>
          <latitude>-13.396187</latitude>
          <tilt>66</tilt>
        </LookAt>
        <TimeStamp>
          <when>2021-02-19T18:35:56Z</when>
        </TimeStamp>
        <styleUrl>#track</styleUrl>
        <Point>
          <coordinates>-71.855047,-13.396187,4020.38</coordinates>
        </Point>
      </Placemark>
      <Placemark>
        <name>Apu Linli hike - Wikiloc-575</name>
        <snippet></snippet>
        <description>
&lt;table&gt;
&lt;tr&gt;&lt;td&gt;Longitude: -71.855097&lt;/td&gt;&lt;/tr&gt;
&lt;tr&gt;&lt;td&gt;Latitude: -13.396220&lt;/td&gt;&lt;/tr&gt;
&lt;tr&gt;&lt;td&gt;Altitude: 13195.207 ft&lt;/td&gt;&lt;/tr&gt;
&lt;tr&gt;&lt;td&gt;Speed: 0.7 mph&lt;/td&gt;&lt;/tr&gt;
&lt;tr&gt;&lt;td&gt;Heading: 235.8&lt;/td&gt;&lt;/tr&gt;
&lt;tr&gt;&lt;td&gt;Time: 2021-02-19T18:36:18Z&lt;/td&gt;&lt;/tr&gt;
&lt;/table&gt;
</description>
        <LookAt>
          <longitude>-71.855097</longitude>
          <latitude>-13.39622</latitude>
          <tilt>66</tilt>
        </LookAt>
        <TimeStamp>
          <when>2021-02-19T18:36:18Z</when>
        </TimeStamp>
        <styleUrl>#track</styleUrl>
        <Point>
          <coordinates>-71.855097,-13.396220,4021.90</coordinates>
        </Point>
      </Placemark>
      <Placemark>
        <name>Apu Linli hike - Wikiloc-576</name>
        <snippet></snippet>
        <description>
&lt;table&gt;
&lt;tr&gt;&lt;td&gt;Longitude: -71.855157&lt;/td&gt;&lt;/tr&gt;
&lt;tr&gt;&lt;td&gt;Latitude: -13.396221&lt;/td&gt;&lt;/tr&gt;
&lt;tr&gt;&lt;td&gt;Altitude: 13198.684 ft&lt;/td&gt;&lt;/tr&gt;
&lt;tr&gt;&lt;td&gt;Speed: 0.5 mph&lt;/td&gt;&lt;/tr&gt;
&lt;tr&gt;&lt;td&gt;Heading: 269.0&lt;/td&gt;&lt;/tr&gt;
&lt;tr&gt;&lt;td&gt;Time: 2021-02-19T18:36:50Z&lt;/td&gt;&lt;/tr&gt;
&lt;/table&gt;
</description>
        <LookAt>
          <longitude>-71.855157</longitude>
          <latitude>-13.396221</latitude>
          <tilt>66</tilt>
        </LookAt>
        <TimeStamp>
          <when>2021-02-19T18:36:50Z</when>
        </TimeStamp>
        <styleUrl>#track</styleUrl>
        <Point>
          <coordinates>-71.855157,-13.396221,4022.96</coordinates>
        </Point>
      </Placemark>
      <Placemark>
        <name>Apu Linli hike - Wikiloc-577</name>
        <snippet></snippet>
        <description>
&lt;table&gt;
&lt;tr&gt;&lt;td&gt;Longitude: -71.855212&lt;/td&gt;&lt;/tr&gt;
&lt;tr&gt;&lt;td&gt;Latitude: -13.396211&lt;/td&gt;&lt;/tr&gt;
&lt;tr&gt;&lt;td&gt;Altitude: 13201.453 ft&lt;/td&gt;&lt;/tr&gt;
&lt;tr&gt;&lt;td&gt;Speed: 2.3 mph&lt;/td&gt;&lt;/tr&gt;
&lt;tr&gt;&lt;td&gt;Heading: 280.6&lt;/td&gt;&lt;/tr&gt;
&lt;tr&gt;&lt;td&gt;Time: 2021-02-19T18:36:56Z&lt;/td&gt;&lt;/tr&gt;
&lt;/table&gt;
</description>
        <LookAt>
          <longitude>-71.855212</longitude>
          <latitude>-13.396211</latitude>
          <tilt>66</tilt>
        </LookAt>
        <TimeStamp>
          <when>2021-02-19T18:36:56Z</when>
        </TimeStamp>
        <styleUrl>#track</styleUrl>
        <Point>
          <coordinates>-71.855212,-13.396211,4023.80</coordinates>
        </Point>
      </Placemark>
      <Placemark>
        <name>Apu Linli hike - Wikiloc-578</name>
        <snippet></snippet>
        <description>
&lt;table&gt;
&lt;tr&gt;&lt;td&gt;Longitude: -71.855256&lt;/td&gt;&lt;/tr&gt;
&lt;tr&gt;&lt;td&gt;Latitude: -13.396234&lt;/td&gt;&lt;/tr&gt;
&lt;tr&gt;&lt;td&gt;Altitude: 13203.488 ft&lt;/td&gt;&lt;/tr&gt;
&lt;tr&gt;&lt;td&gt;Speed: 3.0 mph&lt;/td&gt;&lt;/tr&gt;
&lt;tr&gt;&lt;td&gt;Heading: 241.7&lt;/td&gt;&lt;/tr&gt;
&lt;tr&gt;&lt;td&gt;Time: 2021-02-19T18:37:00Z&lt;/td&gt;&lt;/tr&gt;
&lt;/table&gt;
</description>
        <LookAt>
          <longitude>-71.855256</longitude>
          <latitude>-13.396234</latitude>
          <tilt>66</tilt>
        </LookAt>
        <TimeStamp>
          <when>2021-02-19T18:37:00Z</when>
        </TimeStamp>
        <styleUrl>#track</styleUrl>
        <Point>
          <coordinates>-71.855256,-13.396234,4024.42</coordinates>
        </Point>
      </Placemark>
      <Placemark>
        <name>Apu Linli hike - Wikiloc-579</name>
        <snippet></snippet>
        <description>
&lt;table&gt;
&lt;tr&gt;&lt;td&gt;Longitude: -71.855301&lt;/td&gt;&lt;/tr&gt;
&lt;tr&gt;&lt;td&gt;Latitude: -13.396254&lt;/td&gt;&lt;/tr&gt;
&lt;tr&gt;&lt;td&gt;Altitude: 13204.423 ft&lt;/td&gt;&lt;/tr&gt;
&lt;tr&gt;&lt;td&gt;Speed: 3.0 mph&lt;/td&gt;&lt;/tr&gt;
&lt;tr&gt;&lt;td&gt;Heading: 245.4&lt;/td&gt;&lt;/tr&gt;
&lt;tr&gt;&lt;td&gt;Time: 2021-02-19T18:37:04Z&lt;/td&gt;&lt;/tr&gt;
&lt;/table&gt;
</description>
        <LookAt>
          <longitude>-71.855301</longitude>
          <latitude>-13.396254</latitude>
          <tilt>66</tilt>
        </LookAt>
        <TimeStamp>
          <when>2021-02-19T18:37:04Z</when>
        </TimeStamp>
        <styleUrl>#track</styleUrl>
        <Point>
          <coordinates>-71.855301,-13.396254,4024.71</coordinates>
        </Point>
      </Placemark>
      <Placemark>
        <name>Apu Linli hike - Wikiloc-580</name>
        <snippet></snippet>
        <description>
&lt;table&gt;
&lt;tr&gt;&lt;td&gt;Longitude: -71.855346&lt;/td&gt;&lt;/tr&gt;
&lt;tr&gt;&lt;td&gt;Latitude: -13.396286&lt;/td&gt;&lt;/tr&gt;
&lt;tr&gt;&lt;td&gt;Altitude: 13205.843 ft&lt;/td&gt;&lt;/tr&gt;
&lt;tr&gt;&lt;td&gt;Speed: 3.4 mph&lt;/td&gt;&lt;/tr&gt;
&lt;tr&gt;&lt;td&gt;Heading: 233.8&lt;/td&gt;&lt;/tr&gt;
&lt;tr&gt;&lt;td&gt;Time: 2021-02-19T18:37:08Z&lt;/td&gt;&lt;/tr&gt;
&lt;/table&gt;
</description>
        <LookAt>
          <longitude>-71.855346</longitude>
          <latitude>-13.396286</latitude>
          <tilt>66</tilt>
        </LookAt>
        <TimeStamp>
          <when>2021-02-19T18:37:08Z</when>
        </TimeStamp>
        <styleUrl>#track</styleUrl>
        <Point>
          <coordinates>-71.855346,-13.396286,4025.14</coordinates>
        </Point>
      </Placemark>
      <Placemark>
        <name>Apu Linli hike - Wikiloc-581</name>
        <snippet></snippet>
        <description>
&lt;table&gt;
&lt;tr&gt;&lt;td&gt;Longitude: -71.855381&lt;/td&gt;&lt;/tr&gt;
&lt;tr&gt;&lt;td&gt;Latitude: -13.396328&lt;/td&gt;&lt;/tr&gt;
&lt;tr&gt;&lt;td&gt;Altitude: 13207.779 ft&lt;/td&gt;&lt;/tr&gt;
&lt;tr&gt;&lt;td&gt;Speed: 3.4 mph&lt;/td&gt;&lt;/tr&gt;
&lt;tr&gt;&lt;td&gt;Heading: 219.0&lt;/td&gt;&lt;/tr&gt;
&lt;tr&gt;&lt;td&gt;Time: 2021-02-19T18:37:12Z&lt;/td&gt;&lt;/tr&gt;
&lt;/table&gt;
</description>
        <LookAt>
          <longitude>-71.855381</longitude>
          <latitude>-13.396328</latitude>
          <tilt>66</tilt>
        </LookAt>
        <TimeStamp>
          <when>2021-02-19T18:37:12Z</when>
        </TimeStamp>
        <styleUrl>#track</styleUrl>
        <Point>
          <coordinates>-71.855381,-13.396328,4025.73</coordinates>
        </Point>
      </Placemark>
      <Placemark>
        <name>Apu Linli hike - Wikiloc-582</name>
        <snippet></snippet>
        <description>
&lt;table&gt;
&lt;tr&gt;&lt;td&gt;Longitude: -71.855412&lt;/td&gt;&lt;/tr&gt;
&lt;tr&gt;&lt;td&gt;Latitude: -13.396375&lt;/td&gt;&lt;/tr&gt;
&lt;tr&gt;&lt;td&gt;Altitude: 13209.469 ft&lt;/td&gt;&lt;/tr&gt;
&lt;tr&gt;&lt;td&gt;Speed: 3.5 mph&lt;/td&gt;&lt;/tr&gt;
&lt;tr&gt;&lt;td&gt;Heading: 212.7&lt;/td&gt;&lt;/tr&gt;
&lt;tr&gt;&lt;td&gt;Time: 2021-02-19T18:37:16Z&lt;/td&gt;&lt;/tr&gt;
&lt;/table&gt;
</description>
        <LookAt>
          <longitude>-71.855412</longitude>
          <latitude>-13.396375</latitude>
          <tilt>66</tilt>
        </LookAt>
        <TimeStamp>
          <when>2021-02-19T18:37:16Z</when>
        </TimeStamp>
        <styleUrl>#track</styleUrl>
        <Point>
          <coordinates>-71.855412,-13.396375,4026.25</coordinates>
        </Point>
      </Placemark>
      <Placemark>
        <name>Apu Linli hike - Wikiloc-583</name>
        <snippet></snippet>
        <description>
&lt;table&gt;
&lt;tr&gt;&lt;td&gt;Longitude: -71.855438&lt;/td&gt;&lt;/tr&gt;
&lt;tr&gt;&lt;td&gt;Latitude: -13.396414&lt;/td&gt;&lt;/tr&gt;
&lt;tr&gt;&lt;td&gt;Altitude: 13211.831 ft&lt;/td&gt;&lt;/tr&gt;
&lt;tr&gt;&lt;td&gt;Speed: 2.9 mph&lt;/td&gt;&lt;/tr&gt;
&lt;tr&gt;&lt;td&gt;Heading: 213.0&lt;/td&gt;&lt;/tr&gt;
&lt;tr&gt;&lt;td&gt;Time: 2021-02-19T18:37:20Z&lt;/td&gt;&lt;/tr&gt;
&lt;/table&gt;
</description>
        <LookAt>
          <longitude>-71.855438</longitude>
          <latitude>-13.396414</latitude>
          <tilt>66</tilt>
        </LookAt>
        <TimeStamp>
          <when>2021-02-19T18:37:20Z</when>
        </TimeStamp>
        <styleUrl>#track</styleUrl>
        <Point>
          <coordinates>-71.855438,-13.396414,4026.97</coordinates>
        </Point>
      </Placemark>
      <Placemark>
        <name>Apu Linli hike - Wikiloc-584</name>
        <snippet></snippet>
        <description>
&lt;table&gt;
&lt;tr&gt;&lt;td&gt;Longitude: -71.855478&lt;/td&gt;&lt;/tr&gt;
&lt;tr&gt;&lt;td&gt;Latitude: -13.396445&lt;/td&gt;&lt;/tr&gt;
&lt;tr&gt;&lt;td&gt;Altitude: 13215.584 ft&lt;/td&gt;&lt;/tr&gt;
&lt;tr&gt;&lt;td&gt;Speed: 3.1 mph&lt;/td&gt;&lt;/tr&gt;
&lt;tr&gt;&lt;td&gt;Heading: 231.5&lt;/td&gt;&lt;/tr&gt;
&lt;tr&gt;&lt;td&gt;Time: 2021-02-19T18:37:24Z&lt;/td&gt;&lt;/tr&gt;
&lt;/table&gt;
</description>
        <LookAt>
          <longitude>-71.855478</longitude>
          <latitude>-13.396445</latitude>
          <tilt>66</tilt>
        </LookAt>
        <TimeStamp>
          <when>2021-02-19T18:37:24Z</when>
        </TimeStamp>
        <styleUrl>#track</styleUrl>
        <Point>
          <coordinates>-71.855478,-13.396445,4028.11</coordinates>
        </Point>
      </Placemark>
      <Placemark>
        <name>Apu Linli hike - Wikiloc-585</name>
        <snippet></snippet>
        <description>
&lt;table&gt;
&lt;tr&gt;&lt;td&gt;Longitude: -71.855512&lt;/td&gt;&lt;/tr&gt;
&lt;tr&gt;&lt;td&gt;Latitude: -13.396479&lt;/td&gt;&lt;/tr&gt;
&lt;tr&gt;&lt;td&gt;Altitude: 13216.949 ft&lt;/td&gt;&lt;/tr&gt;
&lt;tr&gt;&lt;td&gt;Speed: 3.0 mph&lt;/td&gt;&lt;/tr&gt;
&lt;tr&gt;&lt;td&gt;Heading: 224.2&lt;/td&gt;&lt;/tr&gt;
&lt;tr&gt;&lt;td&gt;Time: 2021-02-19T18:37:28Z&lt;/td&gt;&lt;/tr&gt;
&lt;/table&gt;
</description>
        <LookAt>
          <longitude>-71.855512</longitude>
          <latitude>-13.396479</latitude>
          <tilt>66</tilt>
        </LookAt>
        <TimeStamp>
          <when>2021-02-19T18:37:28Z</when>
        </TimeStamp>
        <styleUrl>#track</styleUrl>
        <Point>
          <coordinates>-71.855512,-13.396479,4028.53</coordinates>
        </Point>
      </Placemark>
      <Placemark>
        <name>Apu Linli hike - Wikiloc-586</name>
        <snippet></snippet>
        <description>
&lt;table&gt;
&lt;tr&gt;&lt;td&gt;Longitude: -71.855555&lt;/td&gt;&lt;/tr&gt;
&lt;tr&gt;&lt;td&gt;Latitude: -13.396507&lt;/td&gt;&lt;/tr&gt;
&lt;tr&gt;&lt;td&gt;Altitude: 13218.678 ft&lt;/td&gt;&lt;/tr&gt;
&lt;tr&gt;&lt;td&gt;Speed: 1.6 mph&lt;/td&gt;&lt;/tr&gt;
&lt;tr&gt;&lt;td&gt;Heading: 236.2&lt;/td&gt;&lt;/tr&gt;
&lt;tr&gt;&lt;td&gt;Time: 2021-02-19T18:37:36Z&lt;/td&gt;&lt;/tr&gt;
&lt;/table&gt;
</description>
        <LookAt>
          <longitude>-71.855555</longitude>
          <latitude>-13.396507</latitude>
          <tilt>66</tilt>
        </LookAt>
        <TimeStamp>
          <when>2021-02-19T18:37:36Z</when>
        </TimeStamp>
        <styleUrl>#track</styleUrl>
        <Point>
          <coordinates>-71.855555,-13.396507,4029.05</coordinates>
        </Point>
      </Placemark>
      <Placemark>
        <name>Apu Linli hike - Wikiloc-587</name>
        <snippet></snippet>
        <description>
&lt;table&gt;
&lt;tr&gt;&lt;td&gt;Longitude: -71.855609&lt;/td&gt;&lt;/tr&gt;
&lt;tr&gt;&lt;td&gt;Latitude: -13.396520&lt;/td&gt;&lt;/tr&gt;
&lt;tr&gt;&lt;td&gt;Altitude: 13220.449 ft&lt;/td&gt;&lt;/tr&gt;
&lt;tr&gt;&lt;td&gt;Speed: 0.6 mph&lt;/td&gt;&lt;/tr&gt;
&lt;tr&gt;&lt;td&gt;Heading: 256.1&lt;/td&gt;&lt;/tr&gt;
&lt;tr&gt;&lt;td&gt;Time: 2021-02-19T18:37:57Z&lt;/td&gt;&lt;/tr&gt;
&lt;/table&gt;
</description>
        <LookAt>
          <longitude>-71.855609</longitude>
          <latitude>-13.39652</latitude>
          <tilt>66</tilt>
        </LookAt>
        <TimeStamp>
          <when>2021-02-19T18:37:57Z</when>
        </TimeStamp>
        <styleUrl>#track</styleUrl>
        <Point>
          <coordinates>-71.855609,-13.396520,4029.59</coordinates>
        </Point>
      </Placemark>
      <Placemark>
        <name>Apu Linli hike - Wikiloc-588</name>
        <snippet></snippet>
        <description>
&lt;table&gt;
&lt;tr&gt;&lt;td&gt;Longitude: -71.855657&lt;/td&gt;&lt;/tr&gt;
&lt;tr&gt;&lt;td&gt;Latitude: -13.396556&lt;/td&gt;&lt;/tr&gt;
&lt;tr&gt;&lt;td&gt;Altitude: 13220.659 ft&lt;/td&gt;&lt;/tr&gt;
&lt;tr&gt;&lt;td&gt;Speed: 2.1 mph&lt;/td&gt;&lt;/tr&gt;
&lt;tr&gt;&lt;td&gt;Heading: 232.4&lt;/td&gt;&lt;/tr&gt;
&lt;tr&gt;&lt;td&gt;Time: 2021-02-19T18:38:04Z&lt;/td&gt;&lt;/tr&gt;
&lt;/table&gt;
</description>
        <LookAt>
          <longitude>-71.855657</longitude>
          <latitude>-13.396556</latitude>
          <tilt>66</tilt>
        </LookAt>
        <TimeStamp>
          <when>2021-02-19T18:38:04Z</when>
        </TimeStamp>
        <styleUrl>#track</styleUrl>
        <Point>
          <coordinates>-71.855657,-13.396556,4029.66</coordinates>
        </Point>
      </Placemark>
      <Placemark>
        <name>Apu Linli hike - Wikiloc-589</name>
        <snippet></snippet>
        <description>
&lt;table&gt;
&lt;tr&gt;&lt;td&gt;Longitude: -71.855700&lt;/td&gt;&lt;/tr&gt;
&lt;tr&gt;&lt;td&gt;Latitude: -13.396604&lt;/td&gt;&lt;/tr&gt;
&lt;tr&gt;&lt;td&gt;Altitude: 13221.129 ft&lt;/td&gt;&lt;/tr&gt;
&lt;tr&gt;&lt;td&gt;Speed: 2.6 mph&lt;/td&gt;&lt;/tr&gt;
&lt;tr&gt;&lt;td&gt;Heading: 221.1&lt;/td&gt;&lt;/tr&gt;
&lt;tr&gt;&lt;td&gt;Time: 2021-02-19T18:38:10Z&lt;/td&gt;&lt;/tr&gt;
&lt;/table&gt;
</description>
        <LookAt>
          <longitude>-71.8557</longitude>
          <latitude>-13.396604</latitude>
          <tilt>66</tilt>
        </LookAt>
        <TimeStamp>
          <when>2021-02-19T18:38:10Z</when>
        </TimeStamp>
        <styleUrl>#track</styleUrl>
        <Point>
          <coordinates>-71.855700,-13.396604,4029.80</coordinates>
        </Point>
      </Placemark>
      <Placemark>
        <name>Apu Linli hike - Wikiloc-590</name>
        <snippet></snippet>
        <description>
&lt;table&gt;
&lt;tr&gt;&lt;td&gt;Longitude: -71.855740&lt;/td&gt;&lt;/tr&gt;
&lt;tr&gt;&lt;td&gt;Latitude: -13.396632&lt;/td&gt;&lt;/tr&gt;
&lt;tr&gt;&lt;td&gt;Altitude: 13224.147 ft&lt;/td&gt;&lt;/tr&gt;
&lt;tr&gt;&lt;td&gt;Speed: 3.0 mph&lt;/td&gt;&lt;/tr&gt;
&lt;tr&gt;&lt;td&gt;Heading: 234.3&lt;/td&gt;&lt;/tr&gt;
&lt;tr&gt;&lt;td&gt;Time: 2021-02-19T18:38:14Z&lt;/td&gt;&lt;/tr&gt;
&lt;/table&gt;
</description>
        <LookAt>
          <longitude>-71.85574</longitude>
          <latitude>-13.396632</latitude>
          <tilt>66</tilt>
        </LookAt>
        <TimeStamp>
          <when>2021-02-19T18:38:14Z</when>
        </TimeStamp>
        <styleUrl>#track</styleUrl>
        <Point>
          <coordinates>-71.855740,-13.396632,4030.72</coordinates>
        </Point>
      </Placemark>
      <Placemark>
        <name>Apu Linli hike - Wikiloc-591</name>
        <snippet></snippet>
        <description>
&lt;table&gt;
&lt;tr&gt;&lt;td&gt;Longitude: -71.855780&lt;/td&gt;&lt;/tr&gt;
&lt;tr&gt;&lt;td&gt;Latitude: -13.396678&lt;/td&gt;&lt;/tr&gt;
&lt;tr&gt;&lt;td&gt;Altitude: 13228.373 ft&lt;/td&gt;&lt;/tr&gt;
&lt;tr&gt;&lt;td&gt;Speed: 0.3 mph&lt;/td&gt;&lt;/tr&gt;
&lt;tr&gt;&lt;td&gt;Heading: 220.2&lt;/td&gt;&lt;/tr&gt;
&lt;tr&gt;&lt;td&gt;Time: 2021-02-19T18:39:12Z&lt;/td&gt;&lt;/tr&gt;
&lt;/table&gt;
</description>
        <LookAt>
          <longitude>-71.85578</longitude>
          <latitude>-13.396678</latitude>
          <tilt>66</tilt>
        </LookAt>
        <TimeStamp>
          <when>2021-02-19T18:39:12Z</when>
        </TimeStamp>
        <styleUrl>#track</styleUrl>
        <Point>
          <coordinates>-71.855780,-13.396678,4032.01</coordinates>
        </Point>
      </Placemark>
      <Placemark>
        <name>Apu Linli hike - Wikiloc-592</name>
        <snippet></snippet>
        <description>
&lt;table&gt;
&lt;tr&gt;&lt;td&gt;Longitude: -71.855829&lt;/td&gt;&lt;/tr&gt;
&lt;tr&gt;&lt;td&gt;Latitude: -13.396715&lt;/td&gt;&lt;/tr&gt;
&lt;tr&gt;&lt;td&gt;Altitude: 13231.368 ft&lt;/td&gt;&lt;/tr&gt;
&lt;tr&gt;&lt;td&gt;Speed: 3.8 mph&lt;/td&gt;&lt;/tr&gt;
&lt;tr&gt;&lt;td&gt;Heading: 232.2&lt;/td&gt;&lt;/tr&gt;
&lt;tr&gt;&lt;td&gt;Time: 2021-02-19T18:39:16Z&lt;/td&gt;&lt;/tr&gt;
&lt;/table&gt;
</description>
        <LookAt>
          <longitude>-71.855829</longitude>
          <latitude>-13.396715</latitude>
          <tilt>66</tilt>
        </LookAt>
        <TimeStamp>
          <when>2021-02-19T18:39:16Z</when>
        </TimeStamp>
        <styleUrl>#track</styleUrl>
        <Point>
          <coordinates>-71.855829,-13.396715,4032.92</coordinates>
        </Point>
      </Placemark>
      <Placemark>
        <name>Apu Linli hike - Wikiloc-593</name>
        <snippet></snippet>
        <description>
&lt;table&gt;
&lt;tr&gt;&lt;td&gt;Longitude: -71.855869&lt;/td&gt;&lt;/tr&gt;
&lt;tr&gt;&lt;td&gt;Latitude: -13.396749&lt;/td&gt;&lt;/tr&gt;
&lt;tr&gt;&lt;td&gt;Altitude: 13233.566 ft&lt;/td&gt;&lt;/tr&gt;
&lt;tr&gt;&lt;td&gt;Speed: 3.2 mph&lt;/td&gt;&lt;/tr&gt;
&lt;tr&gt;&lt;td&gt;Heading: 228.9&lt;/td&gt;&lt;/tr&gt;
&lt;tr&gt;&lt;td&gt;Time: 2021-02-19T18:39:20Z&lt;/td&gt;&lt;/tr&gt;
&lt;/table&gt;
</description>
        <LookAt>
          <longitude>-71.855869</longitude>
          <latitude>-13.396749</latitude>
          <tilt>66</tilt>
        </LookAt>
        <TimeStamp>
          <when>2021-02-19T18:39:20Z</when>
        </TimeStamp>
        <styleUrl>#track</styleUrl>
        <Point>
          <coordinates>-71.855869,-13.396749,4033.59</coordinates>
        </Point>
      </Placemark>
      <Placemark>
        <name>Apu Linli hike - Wikiloc-594</name>
        <snippet></snippet>
        <description>
&lt;table&gt;
&lt;tr&gt;&lt;td&gt;Longitude: -71.855910&lt;/td&gt;&lt;/tr&gt;
&lt;tr&gt;&lt;td&gt;Latitude: -13.396795&lt;/td&gt;&lt;/tr&gt;
&lt;tr&gt;&lt;td&gt;Altitude: 13236.175 ft&lt;/td&gt;&lt;/tr&gt;
&lt;tr&gt;&lt;td&gt;Speed: 3.8 mph&lt;/td&gt;&lt;/tr&gt;
&lt;tr&gt;&lt;td&gt;Heading: 220.9&lt;/td&gt;&lt;/tr&gt;
&lt;tr&gt;&lt;td&gt;Time: 2021-02-19T18:39:24Z&lt;/td&gt;&lt;/tr&gt;
&lt;/table&gt;
</description>
        <LookAt>
          <longitude>-71.85591</longitude>
          <latitude>-13.396795</latitude>
          <tilt>66</tilt>
        </LookAt>
        <TimeStamp>
          <when>2021-02-19T18:39:24Z</when>
        </TimeStamp>
        <styleUrl>#track</styleUrl>
        <Point>
          <coordinates>-71.855910,-13.396795,4034.39</coordinates>
        </Point>
      </Placemark>
      <Placemark>
        <name>Apu Linli hike - Wikiloc-595</name>
        <snippet></snippet>
        <description>
&lt;table&gt;
&lt;tr&gt;&lt;td&gt;Longitude: -71.855953&lt;/td&gt;&lt;/tr&gt;
&lt;tr&gt;&lt;td&gt;Latitude: -13.396840&lt;/td&gt;&lt;/tr&gt;
&lt;tr&gt;&lt;td&gt;Altitude: 13239.751 ft&lt;/td&gt;&lt;/tr&gt;
&lt;tr&gt;&lt;td&gt;Speed: 3.8 mph&lt;/td&gt;&lt;/tr&gt;
&lt;tr&gt;&lt;td&gt;Heading: 222.9&lt;/td&gt;&lt;/tr&gt;
&lt;tr&gt;&lt;td&gt;Time: 2021-02-19T18:39:28Z&lt;/td&gt;&lt;/tr&gt;
&lt;/table&gt;
</description>
        <LookAt>
          <longitude>-71.855953</longitude>
          <latitude>-13.39684</latitude>
          <tilt>66</tilt>
        </LookAt>
        <TimeStamp>
          <when>2021-02-19T18:39:28Z</when>
        </TimeStamp>
        <styleUrl>#track</styleUrl>
        <Point>
          <coordinates>-71.855953,-13.396840,4035.48</coordinates>
        </Point>
      </Placemark>
      <Placemark>
        <name>Apu Linli hike - Wikiloc-596</name>
        <snippet></snippet>
        <description>
&lt;table&gt;
&lt;tr&gt;&lt;td&gt;Longitude: -71.855996&lt;/td&gt;&lt;/tr&gt;
&lt;tr&gt;&lt;td&gt;Latitude: -13.396876&lt;/td&gt;&lt;/tr&gt;
&lt;tr&gt;&lt;td&gt;Altitude: 13242.749 ft&lt;/td&gt;&lt;/tr&gt;
&lt;tr&gt;&lt;td&gt;Speed: 3.4 mph&lt;/td&gt;&lt;/tr&gt;
&lt;tr&gt;&lt;td&gt;Heading: 229.3&lt;/td&gt;&lt;/tr&gt;
&lt;tr&gt;&lt;td&gt;Time: 2021-02-19T18:39:32Z&lt;/td&gt;&lt;/tr&gt;
&lt;/table&gt;
</description>
        <LookAt>
          <longitude>-71.855996</longitude>
          <latitude>-13.396876</latitude>
          <tilt>66</tilt>
        </LookAt>
        <TimeStamp>
          <when>2021-02-19T18:39:32Z</when>
        </TimeStamp>
        <styleUrl>#track</styleUrl>
        <Point>
          <coordinates>-71.855996,-13.396876,4036.39</coordinates>
        </Point>
      </Placemark>
      <Placemark>
        <name>Apu Linli hike - Wikiloc-597</name>
        <snippet></snippet>
        <description>
&lt;table&gt;
&lt;tr&gt;&lt;td&gt;Longitude: -71.856038&lt;/td&gt;&lt;/tr&gt;
&lt;tr&gt;&lt;td&gt;Latitude: -13.396900&lt;/td&gt;&lt;/tr&gt;
&lt;tr&gt;&lt;td&gt;Altitude: 13244.016 ft&lt;/td&gt;&lt;/tr&gt;
&lt;tr&gt;&lt;td&gt;Speed: 0.4 mph&lt;/td&gt;&lt;/tr&gt;
&lt;tr&gt;&lt;td&gt;Heading: 239.6&lt;/td&gt;&lt;/tr&gt;
&lt;tr&gt;&lt;td&gt;Time: 2021-02-19T18:40:02Z&lt;/td&gt;&lt;/tr&gt;
&lt;/table&gt;
</description>
        <LookAt>
          <longitude>-71.856038</longitude>
          <latitude>-13.3969</latitude>
          <tilt>66</tilt>
        </LookAt>
        <TimeStamp>
          <when>2021-02-19T18:40:02Z</when>
        </TimeStamp>
        <styleUrl>#track</styleUrl>
        <Point>
          <coordinates>-71.856038,-13.396900,4036.78</coordinates>
        </Point>
      </Placemark>
      <Placemark>
        <name>Apu Linli hike - Wikiloc-598</name>
        <snippet></snippet>
        <description>
&lt;table&gt;
&lt;tr&gt;&lt;td&gt;Longitude: -71.856098&lt;/td&gt;&lt;/tr&gt;
&lt;tr&gt;&lt;td&gt;Latitude: -13.396930&lt;/td&gt;&lt;/tr&gt;
&lt;tr&gt;&lt;td&gt;Altitude: 13245.023 ft&lt;/td&gt;&lt;/tr&gt;
&lt;tr&gt;&lt;td&gt;Speed: 2.7 mph&lt;/td&gt;&lt;/tr&gt;
&lt;tr&gt;&lt;td&gt;Heading: 242.8&lt;/td&gt;&lt;/tr&gt;
&lt;tr&gt;&lt;td&gt;Time: 2021-02-19T18:40:08Z&lt;/td&gt;&lt;/tr&gt;
&lt;/table&gt;
</description>
        <LookAt>
          <longitude>-71.856098</longitude>
          <latitude>-13.39693</latitude>
          <tilt>66</tilt>
        </LookAt>
        <TimeStamp>
          <when>2021-02-19T18:40:08Z</when>
        </TimeStamp>
        <styleUrl>#track</styleUrl>
        <Point>
          <coordinates>-71.856098,-13.396930,4037.08</coordinates>
        </Point>
      </Placemark>
      <Placemark>
        <name>Apu Linli hike - Wikiloc-599</name>
        <snippet></snippet>
        <description>
&lt;table&gt;
&lt;tr&gt;&lt;td&gt;Longitude: -71.856141&lt;/td&gt;&lt;/tr&gt;
&lt;tr&gt;&lt;td&gt;Latitude: -13.396946&lt;/td&gt;&lt;/tr&gt;
&lt;tr&gt;&lt;td&gt;Altitude: 13245.121 ft&lt;/td&gt;&lt;/tr&gt;
&lt;tr&gt;&lt;td&gt;Speed: 2.8 mph&lt;/td&gt;&lt;/tr&gt;
&lt;tr&gt;&lt;td&gt;Heading: 249.1&lt;/td&gt;&lt;/tr&gt;
&lt;tr&gt;&lt;td&gt;Time: 2021-02-19T18:40:12Z&lt;/td&gt;&lt;/tr&gt;
&lt;/table&gt;
</description>
        <LookAt>
          <longitude>-71.856141</longitude>
          <latitude>-13.396946</latitude>
          <tilt>66</tilt>
        </LookAt>
        <TimeStamp>
          <when>2021-02-19T18:40:12Z</when>
        </TimeStamp>
        <styleUrl>#track</styleUrl>
        <Point>
          <coordinates>-71.856141,-13.396946,4037.11</coordinates>
        </Point>
      </Placemark>
      <Placemark>
        <name>Apu Linli hike - Wikiloc-600</name>
        <snippet></snippet>
        <description>
&lt;table&gt;
&lt;tr&gt;&lt;td&gt;Longitude: -71.856197&lt;/td&gt;&lt;/tr&gt;
&lt;tr&gt;&lt;td&gt;Latitude: -13.396984&lt;/td&gt;&lt;/tr&gt;
&lt;tr&gt;&lt;td&gt;Altitude: 13246.467 ft&lt;/td&gt;&lt;/tr&gt;
&lt;tr&gt;&lt;td&gt;Speed: 2.8 mph&lt;/td&gt;&lt;/tr&gt;
&lt;tr&gt;&lt;td&gt;Heading: 235.1&lt;/td&gt;&lt;/tr&gt;
&lt;tr&gt;&lt;td&gt;Time: 2021-02-19T18:40:18Z&lt;/td&gt;&lt;/tr&gt;
&lt;/table&gt;
</description>
        <LookAt>
          <longitude>-71.856197</longitude>
          <latitude>-13.396984</latitude>
          <tilt>66</tilt>
        </LookAt>
        <TimeStamp>
          <when>2021-02-19T18:40:18Z</when>
        </TimeStamp>
        <styleUrl>#track</styleUrl>
        <Point>
          <coordinates>-71.856197,-13.396984,4037.52</coordinates>
        </Point>
      </Placemark>
      <Placemark>
        <name>Apu Linli hike - Wikiloc-601</name>
        <snippet></snippet>
        <description>
&lt;table&gt;
&lt;tr&gt;&lt;td&gt;Longitude: -71.856264&lt;/td&gt;&lt;/tr&gt;
&lt;tr&gt;&lt;td&gt;Latitude: -13.397009&lt;/td&gt;&lt;/tr&gt;
&lt;tr&gt;&lt;td&gt;Altitude: 13248.960 ft&lt;/td&gt;&lt;/tr&gt;
&lt;tr&gt;&lt;td&gt;Speed: 2.9 mph&lt;/td&gt;&lt;/tr&gt;
&lt;tr&gt;&lt;td&gt;Heading: 249.0&lt;/td&gt;&lt;/tr&gt;
&lt;tr&gt;&lt;td&gt;Time: 2021-02-19T18:40:24Z&lt;/td&gt;&lt;/tr&gt;
&lt;/table&gt;
</description>
        <LookAt>
          <longitude>-71.856264</longitude>
          <latitude>-13.397009</latitude>
          <tilt>66</tilt>
        </LookAt>
        <TimeStamp>
          <when>2021-02-19T18:40:24Z</when>
        </TimeStamp>
        <styleUrl>#track</styleUrl>
        <Point>
          <coordinates>-71.856264,-13.397009,4038.28</coordinates>
        </Point>
      </Placemark>
      <Placemark>
        <name>Apu Linli hike - Wikiloc-602</name>
        <snippet></snippet>
        <description>
&lt;table&gt;
&lt;tr&gt;&lt;td&gt;Longitude: -71.856310&lt;/td&gt;&lt;/tr&gt;
&lt;tr&gt;&lt;td&gt;Latitude: -13.397031&lt;/td&gt;&lt;/tr&gt;
&lt;tr&gt;&lt;td&gt;Altitude: 13250.364 ft&lt;/td&gt;&lt;/tr&gt;
&lt;tr&gt;&lt;td&gt;Speed: 3.1 mph&lt;/td&gt;&lt;/tr&gt;
&lt;tr&gt;&lt;td&gt;Heading: 243.8&lt;/td&gt;&lt;/tr&gt;
&lt;tr&gt;&lt;td&gt;Time: 2021-02-19T18:40:28Z&lt;/td&gt;&lt;/tr&gt;
&lt;/table&gt;
</description>
        <LookAt>
          <longitude>-71.85631</longitude>
          <latitude>-13.397031</latitude>
          <tilt>66</tilt>
        </LookAt>
        <TimeStamp>
          <when>2021-02-19T18:40:28Z</when>
        </TimeStamp>
        <styleUrl>#track</styleUrl>
        <Point>
          <coordinates>-71.856310,-13.397031,4038.71</coordinates>
        </Point>
      </Placemark>
      <Placemark>
        <name>Apu Linli hike - Wikiloc-603</name>
        <snippet></snippet>
        <description>
&lt;table&gt;
&lt;tr&gt;&lt;td&gt;Longitude: -71.856345&lt;/td&gt;&lt;/tr&gt;
&lt;tr&gt;&lt;td&gt;Latitude: -13.397068&lt;/td&gt;&lt;/tr&gt;
&lt;tr&gt;&lt;td&gt;Altitude: 13249.698 ft&lt;/td&gt;&lt;/tr&gt;
&lt;tr&gt;&lt;td&gt;Speed: 3.1 mph&lt;/td&gt;&lt;/tr&gt;
&lt;tr&gt;&lt;td&gt;Heading: 222.6&lt;/td&gt;&lt;/tr&gt;
&lt;tr&gt;&lt;td&gt;Time: 2021-02-19T18:40:32Z&lt;/td&gt;&lt;/tr&gt;
&lt;/table&gt;
</description>
        <LookAt>
          <longitude>-71.856345</longitude>
          <latitude>-13.397068</latitude>
          <tilt>66</tilt>
        </LookAt>
        <TimeStamp>
          <when>2021-02-19T18:40:32Z</when>
        </TimeStamp>
        <styleUrl>#track</styleUrl>
        <Point>
          <coordinates>-71.856345,-13.397068,4038.51</coordinates>
        </Point>
      </Placemark>
      <Placemark>
        <name>Apu Linli hike - Wikiloc-604</name>
        <snippet></snippet>
        <description>
&lt;table&gt;
&lt;tr&gt;&lt;td&gt;Longitude: -71.856389&lt;/td&gt;&lt;/tr&gt;
&lt;tr&gt;&lt;td&gt;Latitude: -13.397097&lt;/td&gt;&lt;/tr&gt;
&lt;tr&gt;&lt;td&gt;Altitude: 13250.190 ft&lt;/td&gt;&lt;/tr&gt;
&lt;tr&gt;&lt;td&gt;Speed: 3.2 mph&lt;/td&gt;&lt;/tr&gt;
&lt;tr&gt;&lt;td&gt;Heading: 235.9&lt;/td&gt;&lt;/tr&gt;
&lt;tr&gt;&lt;td&gt;Time: 2021-02-19T18:40:36Z&lt;/td&gt;&lt;/tr&gt;
&lt;/table&gt;
</description>
        <LookAt>
          <longitude>-71.856389</longitude>
          <latitude>-13.397097</latitude>
          <tilt>66</tilt>
        </LookAt>
        <TimeStamp>
          <when>2021-02-19T18:40:36Z</when>
        </TimeStamp>
        <styleUrl>#track</styleUrl>
        <Point>
          <coordinates>-71.856389,-13.397097,4038.66</coordinates>
        </Point>
      </Placemark>
      <Placemark>
        <name>Apu Linli hike - Wikiloc-605</name>
        <snippet></snippet>
        <description>
&lt;table&gt;
&lt;tr&gt;&lt;td&gt;Longitude: -71.856449&lt;/td&gt;&lt;/tr&gt;
&lt;tr&gt;&lt;td&gt;Latitude: -13.397121&lt;/td&gt;&lt;/tr&gt;
&lt;tr&gt;&lt;td&gt;Altitude: 13250.551 ft&lt;/td&gt;&lt;/tr&gt;
&lt;tr&gt;&lt;td&gt;Speed: 2.6 mph&lt;/td&gt;&lt;/tr&gt;
&lt;tr&gt;&lt;td&gt;Heading: 247.6&lt;/td&gt;&lt;/tr&gt;
&lt;tr&gt;&lt;td&gt;Time: 2021-02-19T18:40:42Z&lt;/td&gt;&lt;/tr&gt;
&lt;/table&gt;
</description>
        <LookAt>
          <longitude>-71.856449</longitude>
          <latitude>-13.397121</latitude>
          <tilt>66</tilt>
        </LookAt>
        <TimeStamp>
          <when>2021-02-19T18:40:42Z</when>
        </TimeStamp>
        <styleUrl>#track</styleUrl>
        <Point>
          <coordinates>-71.856449,-13.397121,4038.77</coordinates>
        </Point>
      </Placemark>
      <Placemark>
        <name>Apu Linli hike - Wikiloc-606</name>
        <snippet></snippet>
        <description>
&lt;table&gt;
&lt;tr&gt;&lt;td&gt;Longitude: -71.856481&lt;/td&gt;&lt;/tr&gt;
&lt;tr&gt;&lt;td&gt;Latitude: -13.397173&lt;/td&gt;&lt;/tr&gt;
&lt;tr&gt;&lt;td&gt;Altitude: 13250.896 ft&lt;/td&gt;&lt;/tr&gt;
&lt;tr&gt;&lt;td&gt;Speed: 2.5 mph&lt;/td&gt;&lt;/tr&gt;
&lt;tr&gt;&lt;td&gt;Heading: 210.9&lt;/td&gt;&lt;/tr&gt;
&lt;tr&gt;&lt;td&gt;Time: 2021-02-19T18:40:48Z&lt;/td&gt;&lt;/tr&gt;
&lt;/table&gt;
</description>
        <LookAt>
          <longitude>-71.856481</longitude>
          <latitude>-13.397173</latitude>
          <tilt>66</tilt>
        </LookAt>
        <TimeStamp>
          <when>2021-02-19T18:40:48Z</when>
        </TimeStamp>
        <styleUrl>#track</styleUrl>
        <Point>
          <coordinates>-71.856481,-13.397173,4038.87</coordinates>
        </Point>
      </Placemark>
      <Placemark>
        <name>Apu Linli hike - Wikiloc-607</name>
        <snippet></snippet>
        <description>
&lt;table&gt;
&lt;tr&gt;&lt;td&gt;Longitude: -71.856542&lt;/td&gt;&lt;/tr&gt;
&lt;tr&gt;&lt;td&gt;Latitude: -13.397202&lt;/td&gt;&lt;/tr&gt;
&lt;tr&gt;&lt;td&gt;Altitude: 13250.863 ft&lt;/td&gt;&lt;/tr&gt;
&lt;tr&gt;&lt;td&gt;Speed: 0.6 mph&lt;/td&gt;&lt;/tr&gt;
&lt;tr&gt;&lt;td&gt;Heading: 244.0&lt;/td&gt;&lt;/tr&gt;
&lt;tr&gt;&lt;td&gt;Time: 2021-02-19T18:41:14Z&lt;/td&gt;&lt;/tr&gt;
&lt;/table&gt;
</description>
        <LookAt>
          <longitude>-71.856542</longitude>
          <latitude>-13.397202</latitude>
          <tilt>66</tilt>
        </LookAt>
        <TimeStamp>
          <when>2021-02-19T18:41:14Z</when>
        </TimeStamp>
        <styleUrl>#track</styleUrl>
        <Point>
          <coordinates>-71.856542,-13.397202,4038.86</coordinates>
        </Point>
      </Placemark>
      <Placemark>
        <name>Apu Linli hike - Wikiloc-608</name>
        <snippet></snippet>
        <description>
&lt;table&gt;
&lt;tr&gt;&lt;td&gt;Longitude: -71.856594&lt;/td&gt;&lt;/tr&gt;
&lt;tr&gt;&lt;td&gt;Latitude: -13.397237&lt;/td&gt;&lt;/tr&gt;
&lt;tr&gt;&lt;td&gt;Altitude: 13251.565 ft&lt;/td&gt;&lt;/tr&gt;
&lt;tr&gt;&lt;td&gt;Speed: 2.6 mph&lt;/td&gt;&lt;/tr&gt;
&lt;tr&gt;&lt;td&gt;Heading: 235.3&lt;/td&gt;&lt;/tr&gt;
&lt;tr&gt;&lt;td&gt;Time: 2021-02-19T18:41:20Z&lt;/td&gt;&lt;/tr&gt;
&lt;/table&gt;
</description>
        <LookAt>
          <longitude>-71.856594</longitude>
          <latitude>-13.397237</latitude>
          <tilt>66</tilt>
        </LookAt>
        <TimeStamp>
          <when>2021-02-19T18:41:20Z</when>
        </TimeStamp>
        <styleUrl>#track</styleUrl>
        <Point>
          <coordinates>-71.856594,-13.397237,4039.08</coordinates>
        </Point>
      </Placemark>
      <Placemark>
        <name>Apu Linli hike - Wikiloc-609</name>
        <snippet></snippet>
        <description>
&lt;table&gt;
&lt;tr&gt;&lt;td&gt;Longitude: -71.856658&lt;/td&gt;&lt;/tr&gt;
&lt;tr&gt;&lt;td&gt;Latitude: -13.397259&lt;/td&gt;&lt;/tr&gt;
&lt;tr&gt;&lt;td&gt;Altitude: 13251.585 ft&lt;/td&gt;&lt;/tr&gt;
&lt;tr&gt;&lt;td&gt;Speed: 1.6 mph&lt;/td&gt;&lt;/tr&gt;
&lt;tr&gt;&lt;td&gt;Heading: 250.5&lt;/td&gt;&lt;/tr&gt;
&lt;tr&gt;&lt;td&gt;Time: 2021-02-19T18:41:30Z&lt;/td&gt;&lt;/tr&gt;
&lt;/table&gt;
</description>
        <LookAt>
          <longitude>-71.856658</longitude>
          <latitude>-13.397259</latitude>
          <tilt>66</tilt>
        </LookAt>
        <TimeStamp>
          <when>2021-02-19T18:41:30Z</when>
        </TimeStamp>
        <styleUrl>#track</styleUrl>
        <Point>
          <coordinates>-71.856658,-13.397259,4039.08</coordinates>
        </Point>
      </Placemark>
      <Placemark>
        <name>Apu Linli hike - Wikiloc-610</name>
        <snippet></snippet>
        <description>
&lt;table&gt;
&lt;tr&gt;&lt;td&gt;Longitude: -71.856687&lt;/td&gt;&lt;/tr&gt;
&lt;tr&gt;&lt;td&gt;Latitude: -13.397305&lt;/td&gt;&lt;/tr&gt;
&lt;tr&gt;&lt;td&gt;Altitude: 13252.986 ft&lt;/td&gt;&lt;/tr&gt;
&lt;tr&gt;&lt;td&gt;Speed: 2.2 mph&lt;/td&gt;&lt;/tr&gt;
&lt;tr&gt;&lt;td&gt;Heading: 211.5&lt;/td&gt;&lt;/tr&gt;
&lt;tr&gt;&lt;td&gt;Time: 2021-02-19T18:41:36Z&lt;/td&gt;&lt;/tr&gt;
&lt;/table&gt;
</description>
        <LookAt>
          <longitude>-71.856687</longitude>
          <latitude>-13.397305</latitude>
          <tilt>66</tilt>
        </LookAt>
        <TimeStamp>
          <when>2021-02-19T18:41:36Z</when>
        </TimeStamp>
        <styleUrl>#track</styleUrl>
        <Point>
          <coordinates>-71.856687,-13.397305,4039.51</coordinates>
        </Point>
      </Placemark>
      <Placemark>
        <name>Apu Linli hike - Wikiloc-611</name>
        <snippet></snippet>
        <description>
&lt;table&gt;
&lt;tr&gt;&lt;td&gt;Longitude: -71.856690&lt;/td&gt;&lt;/tr&gt;
&lt;tr&gt;&lt;td&gt;Latitude: -13.397260&lt;/td&gt;&lt;/tr&gt;
&lt;tr&gt;&lt;td&gt;Altitude: 13257.087 ft&lt;/td&gt;&lt;/tr&gt;
&lt;tr&gt;&lt;td&gt;Speed: 0.7 mph&lt;/td&gt;&lt;/tr&gt;
&lt;tr&gt;&lt;td&gt;Heading: 356.3&lt;/td&gt;&lt;/tr&gt;
&lt;tr&gt;&lt;td&gt;Time: 2021-02-19T18:41:52Z&lt;/td&gt;&lt;/tr&gt;
&lt;/table&gt;
</description>
        <LookAt>
          <longitude>-71.85669</longitude>
          <latitude>-13.39726</latitude>
          <tilt>66</tilt>
        </LookAt>
        <TimeStamp>
          <when>2021-02-19T18:41:52Z</when>
        </TimeStamp>
        <styleUrl>#track</styleUrl>
        <Point>
          <coordinates>-71.856690,-13.397260,4040.76</coordinates>
        </Point>
      </Placemark>
      <Placemark>
        <name>Apu Linli hike - Wikiloc-612</name>
        <snippet></snippet>
        <description>
&lt;table&gt;
&lt;tr&gt;&lt;td&gt;Longitude: -71.856717&lt;/td&gt;&lt;/tr&gt;
&lt;tr&gt;&lt;td&gt;Latitude: -13.397212&lt;/td&gt;&lt;/tr&gt;
&lt;tr&gt;&lt;td&gt;Altitude: 13260.764 ft&lt;/td&gt;&lt;/tr&gt;
&lt;tr&gt;&lt;td&gt;Speed: 2.3 mph&lt;/td&gt;&lt;/tr&gt;
&lt;tr&gt;&lt;td&gt;Heading: 331.3&lt;/td&gt;&lt;/tr&gt;
&lt;tr&gt;&lt;td&gt;Time: 2021-02-19T18:41:58Z&lt;/td&gt;&lt;/tr&gt;
&lt;/table&gt;
</description>
        <LookAt>
          <longitude>-71.856717</longitude>
          <latitude>-13.397212</latitude>
          <tilt>66</tilt>
        </LookAt>
        <TimeStamp>
          <when>2021-02-19T18:41:58Z</when>
        </TimeStamp>
        <styleUrl>#track</styleUrl>
        <Point>
          <coordinates>-71.856717,-13.397212,4041.88</coordinates>
        </Point>
      </Placemark>
      <Placemark>
        <name>Apu Linli hike - Wikiloc-613</name>
        <snippet></snippet>
        <description>
&lt;table&gt;
&lt;tr&gt;&lt;td&gt;Longitude: -71.856765&lt;/td&gt;&lt;/tr&gt;
&lt;tr&gt;&lt;td&gt;Latitude: -13.397215&lt;/td&gt;&lt;/tr&gt;
&lt;tr&gt;&lt;td&gt;Altitude: 13262.339 ft&lt;/td&gt;&lt;/tr&gt;
&lt;tr&gt;&lt;td&gt;Speed: 1.9 mph&lt;/td&gt;&lt;/tr&gt;
&lt;tr&gt;&lt;td&gt;Heading: 266.3&lt;/td&gt;&lt;/tr&gt;
&lt;tr&gt;&lt;td&gt;Time: 2021-02-19T18:42:04Z&lt;/td&gt;&lt;/tr&gt;
&lt;/table&gt;
</description>
        <LookAt>
          <longitude>-71.856765</longitude>
          <latitude>-13.397215</latitude>
          <tilt>66</tilt>
        </LookAt>
        <TimeStamp>
          <when>2021-02-19T18:42:04Z</when>
        </TimeStamp>
        <styleUrl>#track</styleUrl>
        <Point>
          <coordinates>-71.856765,-13.397215,4042.36</coordinates>
        </Point>
      </Placemark>
      <Placemark>
        <name>Apu Linli hike - Wikiloc-614</name>
        <snippet></snippet>
        <description>
&lt;table&gt;
&lt;tr&gt;&lt;td&gt;Longitude: -71.856811&lt;/td&gt;&lt;/tr&gt;
&lt;tr&gt;&lt;td&gt;Latitude: -13.397227&lt;/td&gt;&lt;/tr&gt;
&lt;tr&gt;&lt;td&gt;Altitude: 13265.804 ft&lt;/td&gt;&lt;/tr&gt;
&lt;tr&gt;&lt;td&gt;Speed: 1.9 mph&lt;/td&gt;&lt;/tr&gt;
&lt;tr&gt;&lt;td&gt;Heading: 255.0&lt;/td&gt;&lt;/tr&gt;
&lt;tr&gt;&lt;td&gt;Time: 2021-02-19T18:42:10Z&lt;/td&gt;&lt;/tr&gt;
&lt;/table&gt;
</description>
        <LookAt>
          <longitude>-71.856811</longitude>
          <latitude>-13.397227</latitude>
          <tilt>66</tilt>
        </LookAt>
        <TimeStamp>
          <when>2021-02-19T18:42:10Z</when>
        </TimeStamp>
        <styleUrl>#track</styleUrl>
        <Point>
          <coordinates>-71.856811,-13.397227,4043.42</coordinates>
        </Point>
      </Placemark>
      <Placemark>
        <name>Apu Linli hike - Wikiloc-615</name>
        <snippet></snippet>
        <description>
&lt;table&gt;
&lt;tr&gt;&lt;td&gt;Longitude: -71.856870&lt;/td&gt;&lt;/tr&gt;
&lt;tr&gt;&lt;td&gt;Latitude: -13.397230&lt;/td&gt;&lt;/tr&gt;
&lt;tr&gt;&lt;td&gt;Altitude: 13269.711 ft&lt;/td&gt;&lt;/tr&gt;
&lt;tr&gt;&lt;td&gt;Speed: 0.6 mph&lt;/td&gt;&lt;/tr&gt;
&lt;tr&gt;&lt;td&gt;Heading: 267.0&lt;/td&gt;&lt;/tr&gt;
&lt;tr&gt;&lt;td&gt;Time: 2021-02-19T18:42:36Z&lt;/td&gt;&lt;/tr&gt;
&lt;/table&gt;
</description>
        <LookAt>
          <longitude>-71.85687</longitude>
          <latitude>-13.39723</latitude>
          <tilt>66</tilt>
        </LookAt>
        <TimeStamp>
          <when>2021-02-19T18:42:36Z</when>
        </TimeStamp>
        <styleUrl>#track</styleUrl>
        <Point>
          <coordinates>-71.856870,-13.397230,4044.61</coordinates>
        </Point>
      </Placemark>
      <Placemark>
        <name>Apu Linli hike - Wikiloc-616</name>
        <snippet></snippet>
        <description>
&lt;table&gt;
&lt;tr&gt;&lt;td&gt;Longitude: -71.856932&lt;/td&gt;&lt;/tr&gt;
&lt;tr&gt;&lt;td&gt;Latitude: -13.397245&lt;/td&gt;&lt;/tr&gt;
&lt;tr&gt;&lt;td&gt;Altitude: 13273.668 ft&lt;/td&gt;&lt;/tr&gt;
&lt;tr&gt;&lt;td&gt;Speed: 2.6 mph&lt;/td&gt;&lt;/tr&gt;
&lt;tr&gt;&lt;td&gt;Heading: 256.0&lt;/td&gt;&lt;/tr&gt;
&lt;tr&gt;&lt;td&gt;Time: 2021-02-19T18:42:42Z&lt;/td&gt;&lt;/tr&gt;
&lt;/table&gt;
</description>
        <LookAt>
          <longitude>-71.856932</longitude>
          <latitude>-13.397245</latitude>
          <tilt>66</tilt>
        </LookAt>
        <TimeStamp>
          <when>2021-02-19T18:42:42Z</when>
        </TimeStamp>
        <styleUrl>#track</styleUrl>
        <Point>
          <coordinates>-71.856932,-13.397245,4045.81</coordinates>
        </Point>
      </Placemark>
      <Placemark>
        <name>Apu Linli hike - Wikiloc-617</name>
        <snippet></snippet>
        <description>
&lt;table&gt;
&lt;tr&gt;&lt;td&gt;Longitude: -71.856981&lt;/td&gt;&lt;/tr&gt;
&lt;tr&gt;&lt;td&gt;Latitude: -13.397238&lt;/td&gt;&lt;/tr&gt;
&lt;tr&gt;&lt;td&gt;Altitude: 13279.114 ft&lt;/td&gt;&lt;/tr&gt;
&lt;tr&gt;&lt;td&gt;Speed: 2.0 mph&lt;/td&gt;&lt;/tr&gt;
&lt;tr&gt;&lt;td&gt;Heading: 278.4&lt;/td&gt;&lt;/tr&gt;
&lt;tr&gt;&lt;td&gt;Time: 2021-02-19T18:42:48Z&lt;/td&gt;&lt;/tr&gt;
&lt;/table&gt;
</description>
        <LookAt>
          <longitude>-71.856981</longitude>
          <latitude>-13.397238</latitude>
          <tilt>66</tilt>
        </LookAt>
        <TimeStamp>
          <when>2021-02-19T18:42:48Z</when>
        </TimeStamp>
        <styleUrl>#track</styleUrl>
        <Point>
          <coordinates>-71.856981,-13.397238,4047.47</coordinates>
        </Point>
      </Placemark>
      <Placemark>
        <name>Apu Linli hike - Wikiloc-618</name>
        <snippet></snippet>
        <description>
&lt;table&gt;
&lt;tr&gt;&lt;td&gt;Longitude: -71.857033&lt;/td&gt;&lt;/tr&gt;
&lt;tr&gt;&lt;td&gt;Latitude: -13.397242&lt;/td&gt;&lt;/tr&gt;
&lt;tr&gt;&lt;td&gt;Altitude: 13282.608 ft&lt;/td&gt;&lt;/tr&gt;
&lt;tr&gt;&lt;td&gt;Speed: 3.2 mph&lt;/td&gt;&lt;/tr&gt;
&lt;tr&gt;&lt;td&gt;Heading: 265.5&lt;/td&gt;&lt;/tr&gt;
&lt;tr&gt;&lt;td&gt;Time: 2021-02-19T18:42:52Z&lt;/td&gt;&lt;/tr&gt;
&lt;/table&gt;
</description>
        <LookAt>
          <longitude>-71.857033</longitude>
          <latitude>-13.397242</latitude>
          <tilt>66</tilt>
        </LookAt>
        <TimeStamp>
          <when>2021-02-19T18:42:52Z</when>
        </TimeStamp>
        <styleUrl>#track</styleUrl>
        <Point>
          <coordinates>-71.857033,-13.397242,4048.54</coordinates>
        </Point>
      </Placemark>
      <Placemark>
        <name>Apu Linli hike - Wikiloc-619</name>
        <snippet></snippet>
        <description>
&lt;table&gt;
&lt;tr&gt;&lt;td&gt;Longitude: -71.857084&lt;/td&gt;&lt;/tr&gt;
&lt;tr&gt;&lt;td&gt;Latitude: -13.397222&lt;/td&gt;&lt;/tr&gt;
&lt;tr&gt;&lt;td&gt;Altitude: 13285.659 ft&lt;/td&gt;&lt;/tr&gt;
&lt;tr&gt;&lt;td&gt;Speed: 1.3 mph&lt;/td&gt;&lt;/tr&gt;
&lt;tr&gt;&lt;td&gt;Heading: 292.0&lt;/td&gt;&lt;/tr&gt;
&lt;tr&gt;&lt;td&gt;Time: 2021-02-19T18:43:02Z&lt;/td&gt;&lt;/tr&gt;
&lt;/table&gt;
</description>
        <LookAt>
          <longitude>-71.857084</longitude>
          <latitude>-13.397222</latitude>
          <tilt>66</tilt>
        </LookAt>
        <TimeStamp>
          <when>2021-02-19T18:43:02Z</when>
        </TimeStamp>
        <styleUrl>#track</styleUrl>
        <Point>
          <coordinates>-71.857084,-13.397222,4049.47</coordinates>
        </Point>
      </Placemark>
      <Placemark>
        <name>Apu Linli hike - Wikiloc-620</name>
        <snippet></snippet>
        <description>
&lt;table&gt;
&lt;tr&gt;&lt;td&gt;Longitude: -71.857126&lt;/td&gt;&lt;/tr&gt;
&lt;tr&gt;&lt;td&gt;Latitude: -13.397191&lt;/td&gt;&lt;/tr&gt;
&lt;tr&gt;&lt;td&gt;Altitude: 13285.148 ft&lt;/td&gt;&lt;/tr&gt;
&lt;tr&gt;&lt;td&gt;Speed: 1.6 mph&lt;/td&gt;&lt;/tr&gt;
&lt;tr&gt;&lt;td&gt;Heading: 307.2&lt;/td&gt;&lt;/tr&gt;
&lt;tr&gt;&lt;td&gt;Time: 2021-02-19T18:43:10Z&lt;/td&gt;&lt;/tr&gt;
&lt;/table&gt;
</description>
        <LookAt>
          <longitude>-71.857126</longitude>
          <latitude>-13.397191</latitude>
          <tilt>66</tilt>
        </LookAt>
        <TimeStamp>
          <when>2021-02-19T18:43:10Z</when>
        </TimeStamp>
        <styleUrl>#track</styleUrl>
        <Point>
          <coordinates>-71.857126,-13.397191,4049.31</coordinates>
        </Point>
      </Placemark>
      <Placemark>
        <name>Apu Linli hike - Wikiloc-621</name>
        <snippet></snippet>
        <description>
&lt;table&gt;
&lt;tr&gt;&lt;td&gt;Longitude: -71.857172&lt;/td&gt;&lt;/tr&gt;
&lt;tr&gt;&lt;td&gt;Latitude: -13.397229&lt;/td&gt;&lt;/tr&gt;
&lt;tr&gt;&lt;td&gt;Altitude: 13292.156 ft&lt;/td&gt;&lt;/tr&gt;
&lt;tr&gt;&lt;td&gt;Speed: 1.8 mph&lt;/td&gt;&lt;/tr&gt;
&lt;tr&gt;&lt;td&gt;Heading: 229.7&lt;/td&gt;&lt;/tr&gt;
&lt;tr&gt;&lt;td&gt;Time: 2021-02-19T18:43:18Z&lt;/td&gt;&lt;/tr&gt;
&lt;/table&gt;
</description>
        <LookAt>
          <longitude>-71.857172</longitude>
          <latitude>-13.397229</latitude>
          <tilt>66</tilt>
        </LookAt>
        <TimeStamp>
          <when>2021-02-19T18:43:18Z</when>
        </TimeStamp>
        <styleUrl>#track</styleUrl>
        <Point>
          <coordinates>-71.857172,-13.397229,4051.45</coordinates>
        </Point>
      </Placemark>
      <Placemark>
        <name>Apu Linli hike - Wikiloc-622</name>
        <snippet></snippet>
        <description>
&lt;table&gt;
&lt;tr&gt;&lt;td&gt;Longitude: -71.857225&lt;/td&gt;&lt;/tr&gt;
&lt;tr&gt;&lt;td&gt;Latitude: -13.397253&lt;/td&gt;&lt;/tr&gt;
&lt;tr&gt;&lt;td&gt;Altitude: 13302.480 ft&lt;/td&gt;&lt;/tr&gt;
&lt;tr&gt;&lt;td&gt;Speed: 0.4 mph&lt;/td&gt;&lt;/tr&gt;
&lt;tr&gt;&lt;td&gt;Heading: 245.0&lt;/td&gt;&lt;/tr&gt;
&lt;tr&gt;&lt;td&gt;Time: 2021-02-19T18:43:54Z&lt;/td&gt;&lt;/tr&gt;
&lt;/table&gt;
</description>
        <LookAt>
          <longitude>-71.857225</longitude>
          <latitude>-13.397253</latitude>
          <tilt>66</tilt>
        </LookAt>
        <TimeStamp>
          <when>2021-02-19T18:43:54Z</when>
        </TimeStamp>
        <styleUrl>#track</styleUrl>
        <Point>
          <coordinates>-71.857225,-13.397253,4054.60</coordinates>
        </Point>
      </Placemark>
      <Placemark>
        <name>Apu Linli hike - Wikiloc-623</name>
        <snippet></snippet>
        <description>
&lt;table&gt;
&lt;tr&gt;&lt;td&gt;Longitude: -71.857283&lt;/td&gt;&lt;/tr&gt;
&lt;tr&gt;&lt;td&gt;Latitude: -13.397277&lt;/td&gt;&lt;/tr&gt;
&lt;tr&gt;&lt;td&gt;Altitude: 13312.815 ft&lt;/td&gt;&lt;/tr&gt;
&lt;tr&gt;&lt;td&gt;Speed: 2.5 mph&lt;/td&gt;&lt;/tr&gt;
&lt;tr&gt;&lt;td&gt;Heading: 247.0&lt;/td&gt;&lt;/tr&gt;
&lt;tr&gt;&lt;td&gt;Time: 2021-02-19T18:44:00Z&lt;/td&gt;&lt;/tr&gt;
&lt;/table&gt;
</description>
        <LookAt>
          <longitude>-71.857283</longitude>
          <latitude>-13.397277</latitude>
          <tilt>66</tilt>
        </LookAt>
        <TimeStamp>
          <when>2021-02-19T18:44:00Z</when>
        </TimeStamp>
        <styleUrl>#track</styleUrl>
        <Point>
          <coordinates>-71.857283,-13.397277,4057.75</coordinates>
        </Point>
      </Placemark>
      <Placemark>
        <name>Apu Linli hike - Wikiloc-624</name>
        <snippet></snippet>
        <description>
&lt;table&gt;
&lt;tr&gt;&lt;td&gt;Longitude: -71.857312&lt;/td&gt;&lt;/tr&gt;
&lt;tr&gt;&lt;td&gt;Latitude: -13.397323&lt;/td&gt;&lt;/tr&gt;
&lt;tr&gt;&lt;td&gt;Altitude: 13320.797 ft&lt;/td&gt;&lt;/tr&gt;
&lt;tr&gt;&lt;td&gt;Speed: 2.2 mph&lt;/td&gt;&lt;/tr&gt;
&lt;tr&gt;&lt;td&gt;Heading: 211.5&lt;/td&gt;&lt;/tr&gt;
&lt;tr&gt;&lt;td&gt;Time: 2021-02-19T18:44:06Z&lt;/td&gt;&lt;/tr&gt;
&lt;/table&gt;
</description>
        <LookAt>
          <longitude>-71.857312</longitude>
          <latitude>-13.397323</latitude>
          <tilt>66</tilt>
        </LookAt>
        <TimeStamp>
          <when>2021-02-19T18:44:06Z</when>
        </TimeStamp>
        <styleUrl>#track</styleUrl>
        <Point>
          <coordinates>-71.857312,-13.397323,4060.18</coordinates>
        </Point>
      </Placemark>
      <Placemark>
        <name>Apu Linli hike - Wikiloc-625</name>
        <snippet></snippet>
        <description>
&lt;table&gt;
&lt;tr&gt;&lt;td&gt;Longitude: -71.857333&lt;/td&gt;&lt;/tr&gt;
&lt;tr&gt;&lt;td&gt;Latitude: -13.397384&lt;/td&gt;&lt;/tr&gt;
&lt;tr&gt;&lt;td&gt;Altitude: 13327.444 ft&lt;/td&gt;&lt;/tr&gt;
&lt;tr&gt;&lt;td&gt;Speed: 2.7 mph&lt;/td&gt;&lt;/tr&gt;
&lt;tr&gt;&lt;td&gt;Heading: 198.5&lt;/td&gt;&lt;/tr&gt;
&lt;tr&gt;&lt;td&gt;Time: 2021-02-19T18:44:12Z&lt;/td&gt;&lt;/tr&gt;
&lt;/table&gt;
</description>
        <LookAt>
          <longitude>-71.857333</longitude>
          <latitude>-13.397384</latitude>
          <tilt>66</tilt>
        </LookAt>
        <TimeStamp>
          <when>2021-02-19T18:44:12Z</when>
        </TimeStamp>
        <styleUrl>#track</styleUrl>
        <Point>
          <coordinates>-71.857333,-13.397384,4062.20</coordinates>
        </Point>
      </Placemark>
      <Placemark>
        <name>Apu Linli hike - Wikiloc-626</name>
        <snippet></snippet>
        <description>
&lt;table&gt;
&lt;tr&gt;&lt;td&gt;Longitude: -71.857371&lt;/td&gt;&lt;/tr&gt;
&lt;tr&gt;&lt;td&gt;Latitude: -13.397415&lt;/td&gt;&lt;/tr&gt;
&lt;tr&gt;&lt;td&gt;Altitude: 13334.400 ft&lt;/td&gt;&lt;/tr&gt;
&lt;tr&gt;&lt;td&gt;Speed: 1.2 mph&lt;/td&gt;&lt;/tr&gt;
&lt;tr&gt;&lt;td&gt;Heading: 230.0&lt;/td&gt;&lt;/tr&gt;
&lt;tr&gt;&lt;td&gt;Time: 2021-02-19T18:44:22Z&lt;/td&gt;&lt;/tr&gt;
&lt;/table&gt;
</description>
        <LookAt>
          <longitude>-71.857371</longitude>
          <latitude>-13.397415</latitude>
          <tilt>66</tilt>
        </LookAt>
        <TimeStamp>
          <when>2021-02-19T18:44:22Z</when>
        </TimeStamp>
        <styleUrl>#track</styleUrl>
        <Point>
          <coordinates>-71.857371,-13.397415,4064.32</coordinates>
        </Point>
      </Placemark>
      <Placemark>
        <name>Apu Linli hike - Wikiloc-627</name>
        <snippet></snippet>
        <description>
&lt;table&gt;
&lt;tr&gt;&lt;td&gt;Longitude: -71.857427&lt;/td&gt;&lt;/tr&gt;
&lt;tr&gt;&lt;td&gt;Latitude: -13.397422&lt;/td&gt;&lt;/tr&gt;
&lt;tr&gt;&lt;td&gt;Altitude: 13337.297 ft&lt;/td&gt;&lt;/tr&gt;
&lt;tr&gt;&lt;td&gt;Speed: 0.3 mph&lt;/td&gt;&lt;/tr&gt;
&lt;tr&gt;&lt;td&gt;Heading: 262.7&lt;/td&gt;&lt;/tr&gt;
&lt;tr&gt;&lt;td&gt;Time: 2021-02-19T18:45:09Z&lt;/td&gt;&lt;/tr&gt;
&lt;/table&gt;
</description>
        <LookAt>
          <longitude>-71.857427</longitude>
          <latitude>-13.397422</latitude>
          <tilt>66</tilt>
        </LookAt>
        <TimeStamp>
          <when>2021-02-19T18:45:09Z</when>
        </TimeStamp>
        <styleUrl>#track</styleUrl>
        <Point>
          <coordinates>-71.857427,-13.397422,4065.21</coordinates>
        </Point>
      </Placemark>
      <Placemark>
        <name>Apu Linli hike - Wikiloc-628</name>
        <snippet></snippet>
        <description>
&lt;table&gt;
&lt;tr&gt;&lt;td&gt;Longitude: -71.857486&lt;/td&gt;&lt;/tr&gt;
&lt;tr&gt;&lt;td&gt;Latitude: -13.397424&lt;/td&gt;&lt;/tr&gt;
&lt;tr&gt;&lt;td&gt;Altitude: 13339.872 ft&lt;/td&gt;&lt;/tr&gt;
&lt;tr&gt;&lt;td&gt;Speed: 0.9 mph&lt;/td&gt;&lt;/tr&gt;
&lt;tr&gt;&lt;td&gt;Heading: 268.0&lt;/td&gt;&lt;/tr&gt;
&lt;tr&gt;&lt;td&gt;Time: 2021-02-19T18:45:25Z&lt;/td&gt;&lt;/tr&gt;
&lt;/table&gt;
</description>
        <LookAt>
          <longitude>-71.857486</longitude>
          <latitude>-13.397424</latitude>
          <tilt>66</tilt>
        </LookAt>
        <TimeStamp>
          <when>2021-02-19T18:45:25Z</when>
        </TimeStamp>
        <styleUrl>#track</styleUrl>
        <Point>
          <coordinates>-71.857486,-13.397424,4065.99</coordinates>
        </Point>
      </Placemark>
      <Placemark>
        <name>Apu Linli hike - Wikiloc-629</name>
        <snippet></snippet>
        <description>
&lt;table&gt;
&lt;tr&gt;&lt;td&gt;Longitude: -71.857538&lt;/td&gt;&lt;/tr&gt;
&lt;tr&gt;&lt;td&gt;Latitude: -13.397438&lt;/td&gt;&lt;/tr&gt;
&lt;tr&gt;&lt;td&gt;Altitude: 13340.791 ft&lt;/td&gt;&lt;/tr&gt;
&lt;tr&gt;&lt;td&gt;Speed: 3.3 mph&lt;/td&gt;&lt;/tr&gt;
&lt;tr&gt;&lt;td&gt;Heading: 254.5&lt;/td&gt;&lt;/tr&gt;
&lt;tr&gt;&lt;td&gt;Time: 2021-02-19T18:45:29Z&lt;/td&gt;&lt;/tr&gt;
&lt;/table&gt;
</description>
        <LookAt>
          <longitude>-71.857538</longitude>
          <latitude>-13.397438</latitude>
          <tilt>66</tilt>
        </LookAt>
        <TimeStamp>
          <when>2021-02-19T18:45:29Z</when>
        </TimeStamp>
        <styleUrl>#track</styleUrl>
        <Point>
          <coordinates>-71.857538,-13.397438,4066.27</coordinates>
        </Point>
      </Placemark>
      <Placemark>
        <name>Apu Linli hike - Wikiloc-630</name>
        <snippet></snippet>
        <description>
&lt;table&gt;
&lt;tr&gt;&lt;td&gt;Longitude: -71.857606&lt;/td&gt;&lt;/tr&gt;
&lt;tr&gt;&lt;td&gt;Latitude: -13.397459&lt;/td&gt;&lt;/tr&gt;
&lt;tr&gt;&lt;td&gt;Altitude: 13342.710 ft&lt;/td&gt;&lt;/tr&gt;
&lt;tr&gt;&lt;td&gt;Speed: 2.9 mph&lt;/td&gt;&lt;/tr&gt;
&lt;tr&gt;&lt;td&gt;Heading: 252.4&lt;/td&gt;&lt;/tr&gt;
&lt;tr&gt;&lt;td&gt;Time: 2021-02-19T18:45:35Z&lt;/td&gt;&lt;/tr&gt;
&lt;/table&gt;
</description>
        <LookAt>
          <longitude>-71.857606</longitude>
          <latitude>-13.397459</latitude>
          <tilt>66</tilt>
        </LookAt>
        <TimeStamp>
          <when>2021-02-19T18:45:35Z</when>
        </TimeStamp>
        <styleUrl>#track</styleUrl>
        <Point>
          <coordinates>-71.857606,-13.397459,4066.86</coordinates>
        </Point>
      </Placemark>
      <Placemark>
        <name>Apu Linli hike - Wikiloc-631</name>
        <snippet></snippet>
        <description>
&lt;table&gt;
&lt;tr&gt;&lt;td&gt;Longitude: -71.857654&lt;/td&gt;&lt;/tr&gt;
&lt;tr&gt;&lt;td&gt;Latitude: -13.397478&lt;/td&gt;&lt;/tr&gt;
&lt;tr&gt;&lt;td&gt;Altitude: 13343.629 ft&lt;/td&gt;&lt;/tr&gt;
&lt;tr&gt;&lt;td&gt;Speed: 3.1 mph&lt;/td&gt;&lt;/tr&gt;
&lt;tr&gt;&lt;td&gt;Heading: 247.9&lt;/td&gt;&lt;/tr&gt;
&lt;tr&gt;&lt;td&gt;Time: 2021-02-19T18:45:39Z&lt;/td&gt;&lt;/tr&gt;
&lt;/table&gt;
</description>
        <LookAt>
          <longitude>-71.857654</longitude>
          <latitude>-13.397478</latitude>
          <tilt>66</tilt>
        </LookAt>
        <TimeStamp>
          <when>2021-02-19T18:45:39Z</when>
        </TimeStamp>
        <styleUrl>#track</styleUrl>
        <Point>
          <coordinates>-71.857654,-13.397478,4067.14</coordinates>
        </Point>
      </Placemark>
      <Placemark>
        <name>Apu Linli hike - Wikiloc-632</name>
        <snippet></snippet>
        <description>
&lt;table&gt;
&lt;tr&gt;&lt;td&gt;Longitude: -71.857696&lt;/td&gt;&lt;/tr&gt;
&lt;tr&gt;&lt;td&gt;Latitude: -13.397501&lt;/td&gt;&lt;/tr&gt;
&lt;tr&gt;&lt;td&gt;Altitude: 13344.692 ft&lt;/td&gt;&lt;/tr&gt;
&lt;tr&gt;&lt;td&gt;Speed: 2.9 mph&lt;/td&gt;&lt;/tr&gt;
&lt;tr&gt;&lt;td&gt;Heading: 240.6&lt;/td&gt;&lt;/tr&gt;
&lt;tr&gt;&lt;td&gt;Time: 2021-02-19T18:45:43Z&lt;/td&gt;&lt;/tr&gt;
&lt;/table&gt;
</description>
        <LookAt>
          <longitude>-71.857696</longitude>
          <latitude>-13.397501</latitude>
          <tilt>66</tilt>
        </LookAt>
        <TimeStamp>
          <when>2021-02-19T18:45:43Z</when>
        </TimeStamp>
        <styleUrl>#track</styleUrl>
        <Point>
          <coordinates>-71.857696,-13.397501,4067.46</coordinates>
        </Point>
      </Placemark>
      <Placemark>
        <name>Apu Linli hike - Wikiloc-633</name>
        <snippet></snippet>
        <description>
&lt;table&gt;
&lt;tr&gt;&lt;td&gt;Longitude: -71.857737&lt;/td&gt;&lt;/tr&gt;
&lt;tr&gt;&lt;td&gt;Latitude: -13.397523&lt;/td&gt;&lt;/tr&gt;
&lt;tr&gt;&lt;td&gt;Altitude: 13345.892 ft&lt;/td&gt;&lt;/tr&gt;
&lt;tr&gt;&lt;td&gt;Speed: 2.8 mph&lt;/td&gt;&lt;/tr&gt;
&lt;tr&gt;&lt;td&gt;Heading: 241.1&lt;/td&gt;&lt;/tr&gt;
&lt;tr&gt;&lt;td&gt;Time: 2021-02-19T18:45:47Z&lt;/td&gt;&lt;/tr&gt;
&lt;/table&gt;
</description>
        <LookAt>
          <longitude>-71.857737</longitude>
          <latitude>-13.397523</latitude>
          <tilt>66</tilt>
        </LookAt>
        <TimeStamp>
          <when>2021-02-19T18:45:47Z</when>
        </TimeStamp>
        <styleUrl>#track</styleUrl>
        <Point>
          <coordinates>-71.857737,-13.397523,4067.83</coordinates>
        </Point>
      </Placemark>
      <Placemark>
        <name>Apu Linli hike - Wikiloc-634</name>
        <snippet></snippet>
        <description>
&lt;table&gt;
&lt;tr&gt;&lt;td&gt;Longitude: -71.857794&lt;/td&gt;&lt;/tr&gt;
&lt;tr&gt;&lt;td&gt;Latitude: -13.397540&lt;/td&gt;&lt;/tr&gt;
&lt;tr&gt;&lt;td&gt;Altitude: 13347.293 ft&lt;/td&gt;&lt;/tr&gt;
&lt;tr&gt;&lt;td&gt;Speed: 2.4 mph&lt;/td&gt;&lt;/tr&gt;
&lt;tr&gt;&lt;td&gt;Heading: 253.0&lt;/td&gt;&lt;/tr&gt;
&lt;tr&gt;&lt;td&gt;Time: 2021-02-19T18:45:53Z&lt;/td&gt;&lt;/tr&gt;
&lt;/table&gt;
</description>
        <LookAt>
          <longitude>-71.857794</longitude>
          <latitude>-13.39754</latitude>
          <tilt>66</tilt>
        </LookAt>
        <TimeStamp>
          <when>2021-02-19T18:45:53Z</when>
        </TimeStamp>
        <styleUrl>#track</styleUrl>
        <Point>
          <coordinates>-71.857794,-13.397540,4068.26</coordinates>
        </Point>
      </Placemark>
      <Placemark>
        <name>Apu Linli hike - Wikiloc-635</name>
        <snippet></snippet>
        <description>
&lt;table&gt;
&lt;tr&gt;&lt;td&gt;Longitude: -71.857850&lt;/td&gt;&lt;/tr&gt;
&lt;tr&gt;&lt;td&gt;Latitude: -13.397579&lt;/td&gt;&lt;/tr&gt;
&lt;tr&gt;&lt;td&gt;Altitude: 13347.818 ft&lt;/td&gt;&lt;/tr&gt;
&lt;tr&gt;&lt;td&gt;Speed: 2.8 mph&lt;/td&gt;&lt;/tr&gt;
&lt;tr&gt;&lt;td&gt;Heading: 234.4&lt;/td&gt;&lt;/tr&gt;
&lt;tr&gt;&lt;td&gt;Time: 2021-02-19T18:45:59Z&lt;/td&gt;&lt;/tr&gt;
&lt;/table&gt;
</description>
        <LookAt>
          <longitude>-71.85785</longitude>
          <latitude>-13.397579</latitude>
          <tilt>66</tilt>
        </LookAt>
        <TimeStamp>
          <when>2021-02-19T18:45:59Z</when>
        </TimeStamp>
        <styleUrl>#track</styleUrl>
        <Point>
          <coordinates>-71.857850,-13.397579,4068.41</coordinates>
        </Point>
      </Placemark>
      <Placemark>
        <name>Apu Linli hike - Wikiloc-636</name>
        <snippet></snippet>
        <description>
&lt;table&gt;
&lt;tr&gt;&lt;td&gt;Longitude: -71.857893&lt;/td&gt;&lt;/tr&gt;
&lt;tr&gt;&lt;td&gt;Latitude: -13.397595&lt;/td&gt;&lt;/tr&gt;
&lt;tr&gt;&lt;td&gt;Altitude: 13348.248 ft&lt;/td&gt;&lt;/tr&gt;
&lt;tr&gt;&lt;td&gt;Speed: 2.8 mph&lt;/td&gt;&lt;/tr&gt;
&lt;tr&gt;&lt;td&gt;Heading: 249.1&lt;/td&gt;&lt;/tr&gt;
&lt;tr&gt;&lt;td&gt;Time: 2021-02-19T18:46:03Z&lt;/td&gt;&lt;/tr&gt;
&lt;/table&gt;
</description>
        <LookAt>
          <longitude>-71.857893</longitude>
          <latitude>-13.397595</latitude>
          <tilt>66</tilt>
        </LookAt>
        <TimeStamp>
          <when>2021-02-19T18:46:03Z</when>
        </TimeStamp>
        <styleUrl>#track</styleUrl>
        <Point>
          <coordinates>-71.857893,-13.397595,4068.55</coordinates>
        </Point>
      </Placemark>
      <Placemark>
        <name>Apu Linli hike - Wikiloc-637</name>
        <snippet></snippet>
        <description>
&lt;table&gt;
&lt;tr&gt;&lt;td&gt;Longitude: -71.857950&lt;/td&gt;&lt;/tr&gt;
&lt;tr&gt;&lt;td&gt;Latitude: -13.397588&lt;/td&gt;&lt;/tr&gt;
&lt;tr&gt;&lt;td&gt;Altitude: 13346.745 ft&lt;/td&gt;&lt;/tr&gt;
&lt;tr&gt;&lt;td&gt;Speed: 2.3 mph&lt;/td&gt;&lt;/tr&gt;
&lt;tr&gt;&lt;td&gt;Heading: 277.2&lt;/td&gt;&lt;/tr&gt;
&lt;tr&gt;&lt;td&gt;Time: 2021-02-19T18:46:09Z&lt;/td&gt;&lt;/tr&gt;
&lt;/table&gt;
</description>
        <LookAt>
          <longitude>-71.85795</longitude>
          <latitude>-13.397588</latitude>
          <tilt>66</tilt>
        </LookAt>
        <TimeStamp>
          <when>2021-02-19T18:46:09Z</when>
        </TimeStamp>
        <styleUrl>#track</styleUrl>
        <Point>
          <coordinates>-71.857950,-13.397588,4068.09</coordinates>
        </Point>
      </Placemark>
      <Placemark>
        <name>Apu Linli hike - Wikiloc-638</name>
        <snippet></snippet>
        <description>
&lt;table&gt;
&lt;tr&gt;&lt;td&gt;Longitude: -71.858005&lt;/td&gt;&lt;/tr&gt;
&lt;tr&gt;&lt;td&gt;Latitude: -13.397576&lt;/td&gt;&lt;/tr&gt;
&lt;tr&gt;&lt;td&gt;Altitude: 13346.181 ft&lt;/td&gt;&lt;/tr&gt;
&lt;tr&gt;&lt;td&gt;Speed: 2.3 mph&lt;/td&gt;&lt;/tr&gt;
&lt;tr&gt;&lt;td&gt;Heading: 282.6&lt;/td&gt;&lt;/tr&gt;
&lt;tr&gt;&lt;td&gt;Time: 2021-02-19T18:46:15Z&lt;/td&gt;&lt;/tr&gt;
&lt;/table&gt;
</description>
        <LookAt>
          <longitude>-71.858005</longitude>
          <latitude>-13.397576</latitude>
          <tilt>66</tilt>
        </LookAt>
        <TimeStamp>
          <when>2021-02-19T18:46:15Z</when>
        </TimeStamp>
        <styleUrl>#track</styleUrl>
        <Point>
          <coordinates>-71.858005,-13.397576,4067.92</coordinates>
        </Point>
      </Placemark>
      <Placemark>
        <name>Apu Linli hike - Wikiloc-639</name>
        <snippet></snippet>
        <description>
&lt;table&gt;
&lt;tr&gt;&lt;td&gt;Longitude: -71.858061&lt;/td&gt;&lt;/tr&gt;
&lt;tr&gt;&lt;td&gt;Latitude: -13.397587&lt;/td&gt;&lt;/tr&gt;
&lt;tr&gt;&lt;td&gt;Altitude: 13345.499 ft&lt;/td&gt;&lt;/tr&gt;
&lt;tr&gt;&lt;td&gt;Speed: 2.3 mph&lt;/td&gt;&lt;/tr&gt;
&lt;tr&gt;&lt;td&gt;Heading: 258.6&lt;/td&gt;&lt;/tr&gt;
&lt;tr&gt;&lt;td&gt;Time: 2021-02-19T18:46:21Z&lt;/td&gt;&lt;/tr&gt;
&lt;/table&gt;
</description>
        <LookAt>
          <longitude>-71.858061</longitude>
          <latitude>-13.397587</latitude>
          <tilt>66</tilt>
        </LookAt>
        <TimeStamp>
          <when>2021-02-19T18:46:21Z</when>
        </TimeStamp>
        <styleUrl>#track</styleUrl>
        <Point>
          <coordinates>-71.858061,-13.397587,4067.71</coordinates>
        </Point>
      </Placemark>
      <Placemark>
        <name>Apu Linli hike - Wikiloc-640</name>
        <snippet></snippet>
        <description>
&lt;table&gt;
&lt;tr&gt;&lt;td&gt;Longitude: -71.858079&lt;/td&gt;&lt;/tr&gt;
&lt;tr&gt;&lt;td&gt;Latitude: -13.397629&lt;/td&gt;&lt;/tr&gt;
&lt;tr&gt;&lt;td&gt;Altitude: 13349.311 ft&lt;/td&gt;&lt;/tr&gt;
&lt;tr&gt;&lt;td&gt;Speed: 1.9 mph&lt;/td&gt;&lt;/tr&gt;
&lt;tr&gt;&lt;td&gt;Heading: 202.6&lt;/td&gt;&lt;/tr&gt;
&lt;tr&gt;&lt;td&gt;Time: 2021-02-19T18:46:27Z&lt;/td&gt;&lt;/tr&gt;
&lt;/table&gt;
</description>
        <LookAt>
          <longitude>-71.858079</longitude>
          <latitude>-13.397629</latitude>
          <tilt>66</tilt>
        </LookAt>
        <TimeStamp>
          <when>2021-02-19T18:46:27Z</when>
        </TimeStamp>
        <styleUrl>#track</styleUrl>
        <Point>
          <coordinates>-71.858079,-13.397629,4068.87</coordinates>
        </Point>
      </Placemark>
      <Placemark>
        <name>Apu Linli hike - Wikiloc-641</name>
        <snippet></snippet>
        <description>
&lt;table&gt;
&lt;tr&gt;&lt;td&gt;Longitude: -71.858146&lt;/td&gt;&lt;/tr&gt;
&lt;tr&gt;&lt;td&gt;Latitude: -13.397645&lt;/td&gt;&lt;/tr&gt;
&lt;tr&gt;&lt;td&gt;Altitude: 13348.950 ft&lt;/td&gt;&lt;/tr&gt;
&lt;tr&gt;&lt;td&gt;Speed: 0.6 mph&lt;/td&gt;&lt;/tr&gt;
&lt;tr&gt;&lt;td&gt;Heading: 256.2&lt;/td&gt;&lt;/tr&gt;
&lt;tr&gt;&lt;td&gt;Time: 2021-02-19T18:46:53Z&lt;/td&gt;&lt;/tr&gt;
&lt;/table&gt;
</description>
        <LookAt>
          <longitude>-71.858146</longitude>
          <latitude>-13.397645</latitude>
          <tilt>66</tilt>
        </LookAt>
        <TimeStamp>
          <when>2021-02-19T18:46:53Z</when>
        </TimeStamp>
        <styleUrl>#track</styleUrl>
        <Point>
          <coordinates>-71.858146,-13.397645,4068.76</coordinates>
        </Point>
      </Placemark>
      <Placemark>
        <name>Apu Linli hike - Wikiloc-642</name>
        <snippet></snippet>
        <description>
&lt;table&gt;
&lt;tr&gt;&lt;td&gt;Longitude: -71.858194&lt;/td&gt;&lt;/tr&gt;
&lt;tr&gt;&lt;td&gt;Latitude: -13.397675&lt;/td&gt;&lt;/tr&gt;
&lt;tr&gt;&lt;td&gt;Altitude: 13349.229 ft&lt;/td&gt;&lt;/tr&gt;
&lt;tr&gt;&lt;td&gt;Speed: 2.3 mph&lt;/td&gt;&lt;/tr&gt;
&lt;tr&gt;&lt;td&gt;Heading: 237.3&lt;/td&gt;&lt;/tr&gt;
&lt;tr&gt;&lt;td&gt;Time: 2021-02-19T18:46:59Z&lt;/td&gt;&lt;/tr&gt;
&lt;/table&gt;
</description>
        <LookAt>
          <longitude>-71.858194</longitude>
          <latitude>-13.397675</latitude>
          <tilt>66</tilt>
        </LookAt>
        <TimeStamp>
          <when>2021-02-19T18:46:59Z</when>
        </TimeStamp>
        <styleUrl>#track</styleUrl>
        <Point>
          <coordinates>-71.858194,-13.397675,4068.84</coordinates>
        </Point>
      </Placemark>
      <Placemark>
        <name>Apu Linli hike - Wikiloc-643</name>
        <snippet></snippet>
        <description>
&lt;table&gt;
&lt;tr&gt;&lt;td&gt;Longitude: -71.858243&lt;/td&gt;&lt;/tr&gt;
&lt;tr&gt;&lt;td&gt;Latitude: -13.397706&lt;/td&gt;&lt;/tr&gt;
&lt;tr&gt;&lt;td&gt;Altitude: 13347.490 ft&lt;/td&gt;&lt;/tr&gt;
&lt;tr&gt;&lt;td&gt;Speed: 2.4 mph&lt;/td&gt;&lt;/tr&gt;
&lt;tr&gt;&lt;td&gt;Heading: 237.0&lt;/td&gt;&lt;/tr&gt;
&lt;tr&gt;&lt;td&gt;Time: 2021-02-19T18:47:05Z&lt;/td&gt;&lt;/tr&gt;
&lt;/table&gt;
</description>
        <LookAt>
          <longitude>-71.858243</longitude>
          <latitude>-13.397706</latitude>
          <tilt>66</tilt>
        </LookAt>
        <TimeStamp>
          <when>2021-02-19T18:47:05Z</when>
        </TimeStamp>
        <styleUrl>#track</styleUrl>
        <Point>
          <coordinates>-71.858243,-13.397706,4068.32</coordinates>
        </Point>
      </Placemark>
      <Placemark>
        <name>Apu Linli hike - Wikiloc-644</name>
        <snippet></snippet>
        <description>
&lt;table&gt;
&lt;tr&gt;&lt;td&gt;Longitude: -71.858267&lt;/td&gt;&lt;/tr&gt;
&lt;tr&gt;&lt;td&gt;Latitude: -13.397762&lt;/td&gt;&lt;/tr&gt;
&lt;tr&gt;&lt;td&gt;Altitude: 13348.094 ft&lt;/td&gt;&lt;/tr&gt;
&lt;tr&gt;&lt;td&gt;Speed: 0.2 mph&lt;/td&gt;&lt;/tr&gt;
&lt;tr&gt;&lt;td&gt;Heading: 202.6&lt;/td&gt;&lt;/tr&gt;
&lt;tr&gt;&lt;td&gt;Time: 2021-02-19T18:48:17Z&lt;/td&gt;&lt;/tr&gt;
&lt;/table&gt;
</description>
        <LookAt>
          <longitude>-71.858267</longitude>
          <latitude>-13.397762</latitude>
          <tilt>66</tilt>
        </LookAt>
        <TimeStamp>
          <when>2021-02-19T18:48:17Z</when>
        </TimeStamp>
        <styleUrl>#track</styleUrl>
        <Point>
          <coordinates>-71.858267,-13.397762,4068.50</coordinates>
        </Point>
      </Placemark>
      <Placemark>
        <name>Apu Linli hike - Wikiloc-645</name>
        <snippet></snippet>
        <description>
&lt;table&gt;
&lt;tr&gt;&lt;td&gt;Longitude: -71.858273&lt;/td&gt;&lt;/tr&gt;
&lt;tr&gt;&lt;td&gt;Latitude: -13.397819&lt;/td&gt;&lt;/tr&gt;
&lt;tr&gt;&lt;td&gt;Altitude: 13346.736 ft&lt;/td&gt;&lt;/tr&gt;
&lt;tr&gt;&lt;td&gt;Speed: 2.9 mph&lt;/td&gt;&lt;/tr&gt;
&lt;tr&gt;&lt;td&gt;Heading: 185.8&lt;/td&gt;&lt;/tr&gt;
&lt;tr&gt;&lt;td&gt;Time: 2021-02-19T18:48:22Z&lt;/td&gt;&lt;/tr&gt;
&lt;/table&gt;
</description>
        <LookAt>
          <longitude>-71.858273</longitude>
          <latitude>-13.397819</latitude>
          <tilt>66</tilt>
        </LookAt>
        <TimeStamp>
          <when>2021-02-19T18:48:22Z</when>
        </TimeStamp>
        <styleUrl>#track</styleUrl>
        <Point>
          <coordinates>-71.858273,-13.397819,4068.09</coordinates>
        </Point>
      </Placemark>
      <Placemark>
        <name>Apu Linli hike - Wikiloc-646</name>
        <snippet></snippet>
        <description>
&lt;table&gt;
&lt;tr&gt;&lt;td&gt;Longitude: -71.858252&lt;/td&gt;&lt;/tr&gt;
&lt;tr&gt;&lt;td&gt;Latitude: -13.397867&lt;/td&gt;&lt;/tr&gt;
&lt;tr&gt;&lt;td&gt;Altitude: 13346.398 ft&lt;/td&gt;&lt;/tr&gt;
&lt;tr&gt;&lt;td&gt;Speed: 3.2 mph&lt;/td&gt;&lt;/tr&gt;
&lt;tr&gt;&lt;td&gt;Heading: 156.9&lt;/td&gt;&lt;/tr&gt;
&lt;tr&gt;&lt;td&gt;Time: 2021-02-19T18:48:26Z&lt;/td&gt;&lt;/tr&gt;
&lt;/table&gt;
</description>
        <LookAt>
          <longitude>-71.858252</longitude>
          <latitude>-13.397867</latitude>
          <tilt>66</tilt>
        </LookAt>
        <TimeStamp>
          <when>2021-02-19T18:48:26Z</when>
        </TimeStamp>
        <styleUrl>#track</styleUrl>
        <Point>
          <coordinates>-71.858252,-13.397867,4067.98</coordinates>
        </Point>
      </Placemark>
      <Placemark>
        <name>Apu Linli hike - Wikiloc-647</name>
        <snippet></snippet>
        <description>
&lt;table&gt;
&lt;tr&gt;&lt;td&gt;Longitude: -71.858232&lt;/td&gt;&lt;/tr&gt;
&lt;tr&gt;&lt;td&gt;Latitude: -13.397923&lt;/td&gt;&lt;/tr&gt;
&lt;tr&gt;&lt;td&gt;Altitude: 13344.364 ft&lt;/td&gt;&lt;/tr&gt;
&lt;tr&gt;&lt;td&gt;Speed: 2.5 mph&lt;/td&gt;&lt;/tr&gt;
&lt;tr&gt;&lt;td&gt;Heading: 160.8&lt;/td&gt;&lt;/tr&gt;
&lt;tr&gt;&lt;td&gt;Time: 2021-02-19T18:48:32Z&lt;/td&gt;&lt;/tr&gt;
&lt;/table&gt;
</description>
        <LookAt>
          <longitude>-71.858232</longitude>
          <latitude>-13.397923</latitude>
          <tilt>66</tilt>
        </LookAt>
        <TimeStamp>
          <when>2021-02-19T18:48:32Z</when>
        </TimeStamp>
        <styleUrl>#track</styleUrl>
        <Point>
          <coordinates>-71.858232,-13.397923,4067.36</coordinates>
        </Point>
      </Placemark>
      <Placemark>
        <name>Apu Linli hike - Wikiloc-648</name>
        <snippet></snippet>
        <description>
&lt;table&gt;
&lt;tr&gt;&lt;td&gt;Longitude: -71.858232&lt;/td&gt;&lt;/tr&gt;
&lt;tr&gt;&lt;td&gt;Latitude: -13.397968&lt;/td&gt;&lt;/tr&gt;
&lt;tr&gt;&lt;td&gt;Altitude: 13343.294 ft&lt;/td&gt;&lt;/tr&gt;
&lt;tr&gt;&lt;td&gt;Speed: 2.8 mph&lt;/td&gt;&lt;/tr&gt;
&lt;tr&gt;&lt;td&gt;Heading: 180.0&lt;/td&gt;&lt;/tr&gt;
&lt;tr&gt;&lt;td&gt;Time: 2021-02-19T18:48:36Z&lt;/td&gt;&lt;/tr&gt;
&lt;/table&gt;
</description>
        <LookAt>
          <longitude>-71.858232</longitude>
          <latitude>-13.397968</latitude>
          <tilt>66</tilt>
        </LookAt>
        <TimeStamp>
          <when>2021-02-19T18:48:36Z</when>
        </TimeStamp>
        <styleUrl>#track</styleUrl>
        <Point>
          <coordinates>-71.858232,-13.397968,4067.04</coordinates>
        </Point>
      </Placemark>
      <Placemark>
        <name>Apu Linli hike - Wikiloc-649</name>
        <snippet></snippet>
        <description>
&lt;table&gt;
&lt;tr&gt;&lt;td&gt;Longitude: -71.858239&lt;/td&gt;&lt;/tr&gt;
&lt;tr&gt;&lt;td&gt;Latitude: -13.398015&lt;/td&gt;&lt;/tr&gt;
&lt;tr&gt;&lt;td&gt;Altitude: 13342.575 ft&lt;/td&gt;&lt;/tr&gt;
&lt;tr&gt;&lt;td&gt;Speed: 3.0 mph&lt;/td&gt;&lt;/tr&gt;
&lt;tr&gt;&lt;td&gt;Heading: 188.2&lt;/td&gt;&lt;/tr&gt;
&lt;tr&gt;&lt;td&gt;Time: 2021-02-19T18:48:40Z&lt;/td&gt;&lt;/tr&gt;
&lt;/table&gt;
</description>
        <LookAt>
          <longitude>-71.858239</longitude>
          <latitude>-13.398015</latitude>
          <tilt>66</tilt>
        </LookAt>
        <TimeStamp>
          <when>2021-02-19T18:48:40Z</when>
        </TimeStamp>
        <styleUrl>#track</styleUrl>
        <Point>
          <coordinates>-71.858239,-13.398015,4066.82</coordinates>
        </Point>
      </Placemark>
      <Placemark>
        <name>Apu Linli hike - Wikiloc-650</name>
        <snippet></snippet>
        <description>
&lt;table&gt;
&lt;tr&gt;&lt;td&gt;Longitude: -71.858200&lt;/td&gt;&lt;/tr&gt;
&lt;tr&gt;&lt;td&gt;Latitude: -13.398057&lt;/td&gt;&lt;/tr&gt;
&lt;tr&gt;&lt;td&gt;Altitude: 13342.579 ft&lt;/td&gt;&lt;/tr&gt;
&lt;tr&gt;&lt;td&gt;Speed: 2.3 mph&lt;/td&gt;&lt;/tr&gt;
&lt;tr&gt;&lt;td&gt;Heading: 137.9&lt;/td&gt;&lt;/tr&gt;
&lt;tr&gt;&lt;td&gt;Time: 2021-02-19T18:48:46Z&lt;/td&gt;&lt;/tr&gt;
&lt;/table&gt;
</description>
        <LookAt>
          <longitude>-71.8582</longitude>
          <latitude>-13.398057</latitude>
          <tilt>66</tilt>
        </LookAt>
        <TimeStamp>
          <when>2021-02-19T18:48:46Z</when>
        </TimeStamp>
        <styleUrl>#track</styleUrl>
        <Point>
          <coordinates>-71.858200,-13.398057,4066.82</coordinates>
        </Point>
      </Placemark>
      <Placemark>
        <name>Apu Linli hike - Wikiloc-651</name>
        <snippet></snippet>
        <description>
&lt;table&gt;
&lt;tr&gt;&lt;td&gt;Longitude: -71.858151&lt;/td&gt;&lt;/tr&gt;
&lt;tr&gt;&lt;td&gt;Latitude: -13.398104&lt;/td&gt;&lt;/tr&gt;
&lt;tr&gt;&lt;td&gt;Altitude: 13343.530 ft&lt;/td&gt;&lt;/tr&gt;
&lt;tr&gt;&lt;td&gt;Speed: 2.8 mph&lt;/td&gt;&lt;/tr&gt;
&lt;tr&gt;&lt;td&gt;Heading: 134.6&lt;/td&gt;&lt;/tr&gt;
&lt;tr&gt;&lt;td&gt;Time: 2021-02-19T18:48:52Z&lt;/td&gt;&lt;/tr&gt;
&lt;/table&gt;
</description>
        <LookAt>
          <longitude>-71.858151</longitude>
          <latitude>-13.398104</latitude>
          <tilt>66</tilt>
        </LookAt>
        <TimeStamp>
          <when>2021-02-19T18:48:52Z</when>
        </TimeStamp>
        <styleUrl>#track</styleUrl>
        <Point>
          <coordinates>-71.858151,-13.398104,4067.11</coordinates>
        </Point>
      </Placemark>
      <Placemark>
        <name>Apu Linli hike - Wikiloc-652</name>
        <snippet></snippet>
        <description>
&lt;table&gt;
&lt;tr&gt;&lt;td&gt;Longitude: -71.858131&lt;/td&gt;&lt;/tr&gt;
&lt;tr&gt;&lt;td&gt;Latitude: -13.398148&lt;/td&gt;&lt;/tr&gt;
&lt;tr&gt;&lt;td&gt;Altitude: 13347.110 ft&lt;/td&gt;&lt;/tr&gt;
&lt;tr&gt;&lt;td&gt;Speed: 3.0 mph&lt;/td&gt;&lt;/tr&gt;
&lt;tr&gt;&lt;td&gt;Heading: 156.1&lt;/td&gt;&lt;/tr&gt;
&lt;tr&gt;&lt;td&gt;Time: 2021-02-19T18:48:56Z&lt;/td&gt;&lt;/tr&gt;
&lt;/table&gt;
</description>
        <LookAt>
          <longitude>-71.858131</longitude>
          <latitude>-13.398148</latitude>
          <tilt>66</tilt>
        </LookAt>
        <TimeStamp>
          <when>2021-02-19T18:48:56Z</when>
        </TimeStamp>
        <styleUrl>#track</styleUrl>
        <Point>
          <coordinates>-71.858131,-13.398148,4068.20</coordinates>
        </Point>
      </Placemark>
      <Placemark>
        <name>Apu Linli hike - Wikiloc-653</name>
        <snippet></snippet>
        <description>
&lt;table&gt;
&lt;tr&gt;&lt;td&gt;Longitude: -71.858116&lt;/td&gt;&lt;/tr&gt;
&lt;tr&gt;&lt;td&gt;Latitude: -13.398203&lt;/td&gt;&lt;/tr&gt;
&lt;tr&gt;&lt;td&gt;Altitude: 13351.178 ft&lt;/td&gt;&lt;/tr&gt;
&lt;tr&gt;&lt;td&gt;Speed: 3.5 mph&lt;/td&gt;&lt;/tr&gt;
&lt;tr&gt;&lt;td&gt;Heading: 165.1&lt;/td&gt;&lt;/tr&gt;
&lt;tr&gt;&lt;td&gt;Time: 2021-02-19T18:49:00Z&lt;/td&gt;&lt;/tr&gt;
&lt;/table&gt;
</description>
        <LookAt>
          <longitude>-71.858116</longitude>
          <latitude>-13.398203</latitude>
          <tilt>66</tilt>
        </LookAt>
        <TimeStamp>
          <when>2021-02-19T18:49:00Z</when>
        </TimeStamp>
        <styleUrl>#track</styleUrl>
        <Point>
          <coordinates>-71.858116,-13.398203,4069.44</coordinates>
        </Point>
      </Placemark>
      <Placemark>
        <name>Apu Linli hike - Wikiloc-654</name>
        <snippet></snippet>
        <description>
&lt;table&gt;
&lt;tr&gt;&lt;td&gt;Longitude: -71.858111&lt;/td&gt;&lt;/tr&gt;
&lt;tr&gt;&lt;td&gt;Latitude: -13.398251&lt;/td&gt;&lt;/tr&gt;
&lt;tr&gt;&lt;td&gt;Altitude: 13356.280 ft&lt;/td&gt;&lt;/tr&gt;
&lt;tr&gt;&lt;td&gt;Speed: 3.0 mph&lt;/td&gt;&lt;/tr&gt;
&lt;tr&gt;&lt;td&gt;Heading: 174.2&lt;/td&gt;&lt;/tr&gt;
&lt;tr&gt;&lt;td&gt;Time: 2021-02-19T18:49:04Z&lt;/td&gt;&lt;/tr&gt;
&lt;/table&gt;
</description>
        <LookAt>
          <longitude>-71.858111</longitude>
          <latitude>-13.398251</latitude>
          <tilt>66</tilt>
        </LookAt>
        <TimeStamp>
          <when>2021-02-19T18:49:04Z</when>
        </TimeStamp>
        <styleUrl>#track</styleUrl>
        <Point>
          <coordinates>-71.858111,-13.398251,4070.99</coordinates>
        </Point>
      </Placemark>
      <Placemark>
        <name>Apu Linli hike - Wikiloc-655</name>
        <snippet></snippet>
        <description>
&lt;table&gt;
&lt;tr&gt;&lt;td&gt;Longitude: -71.858118&lt;/td&gt;&lt;/tr&gt;
&lt;tr&gt;&lt;td&gt;Latitude: -13.398317&lt;/td&gt;&lt;/tr&gt;
&lt;tr&gt;&lt;td&gt;Altitude: 13360.840 ft&lt;/td&gt;&lt;/tr&gt;
&lt;tr&gt;&lt;td&gt;Speed: 2.8 mph&lt;/td&gt;&lt;/tr&gt;
&lt;tr&gt;&lt;td&gt;Heading: 185.9&lt;/td&gt;&lt;/tr&gt;
&lt;tr&gt;&lt;td&gt;Time: 2021-02-19T18:49:10Z&lt;/td&gt;&lt;/tr&gt;
&lt;/table&gt;
</description>
        <LookAt>
          <longitude>-71.858118</longitude>
          <latitude>-13.398317</latitude>
          <tilt>66</tilt>
        </LookAt>
        <TimeStamp>
          <when>2021-02-19T18:49:10Z</when>
        </TimeStamp>
        <styleUrl>#track</styleUrl>
        <Point>
          <coordinates>-71.858118,-13.398317,4072.38</coordinates>
        </Point>
      </Placemark>
      <Placemark>
        <name>Apu Linli hike - Wikiloc-656</name>
        <snippet></snippet>
        <description>
&lt;table&gt;
&lt;tr&gt;&lt;td&gt;Longitude: -71.858116&lt;/td&gt;&lt;/tr&gt;
&lt;tr&gt;&lt;td&gt;Latitude: -13.398363&lt;/td&gt;&lt;/tr&gt;
&lt;tr&gt;&lt;td&gt;Altitude: 13365.643 ft&lt;/td&gt;&lt;/tr&gt;
&lt;tr&gt;&lt;td&gt;Speed: 2.9 mph&lt;/td&gt;&lt;/tr&gt;
&lt;tr&gt;&lt;td&gt;Heading: 177.6&lt;/td&gt;&lt;/tr&gt;
&lt;tr&gt;&lt;td&gt;Time: 2021-02-19T18:49:14Z&lt;/td&gt;&lt;/tr&gt;
&lt;/table&gt;
</description>
        <LookAt>
          <longitude>-71.858116</longitude>
          <latitude>-13.398363</latitude>
          <tilt>66</tilt>
        </LookAt>
        <TimeStamp>
          <when>2021-02-19T18:49:14Z</when>
        </TimeStamp>
        <styleUrl>#track</styleUrl>
        <Point>
          <coordinates>-71.858116,-13.398363,4073.85</coordinates>
        </Point>
      </Placemark>
      <Placemark>
        <name>Apu Linli hike - Wikiloc-657</name>
        <snippet></snippet>
        <description>
&lt;table&gt;
&lt;tr&gt;&lt;td&gt;Longitude: -71.858128&lt;/td&gt;&lt;/tr&gt;
&lt;tr&gt;&lt;td&gt;Latitude: -13.398432&lt;/td&gt;&lt;/tr&gt;
&lt;tr&gt;&lt;td&gt;Altitude: 13371.043 ft&lt;/td&gt;&lt;/tr&gt;
&lt;tr&gt;&lt;td&gt;Speed: 2.9 mph&lt;/td&gt;&lt;/tr&gt;
&lt;tr&gt;&lt;td&gt;Heading: 189.6&lt;/td&gt;&lt;/tr&gt;
&lt;tr&gt;&lt;td&gt;Time: 2021-02-19T18:49:20Z&lt;/td&gt;&lt;/tr&gt;
&lt;/table&gt;
</description>
        <LookAt>
          <longitude>-71.858128</longitude>
          <latitude>-13.398432</latitude>
          <tilt>66</tilt>
        </LookAt>
        <TimeStamp>
          <when>2021-02-19T18:49:20Z</when>
        </TimeStamp>
        <styleUrl>#track</styleUrl>
        <Point>
          <coordinates>-71.858128,-13.398432,4075.49</coordinates>
        </Point>
      </Placemark>
      <Placemark>
        <name>Apu Linli hike - Wikiloc-658</name>
        <snippet></snippet>
        <description>
&lt;table&gt;
&lt;tr&gt;&lt;td&gt;Longitude: -71.858152&lt;/td&gt;&lt;/tr&gt;
&lt;tr&gt;&lt;td&gt;Latitude: -13.398494&lt;/td&gt;&lt;/tr&gt;
&lt;tr&gt;&lt;td&gt;Altitude: 13376.873 ft&lt;/td&gt;&lt;/tr&gt;
&lt;tr&gt;&lt;td&gt;Speed: 2.7 mph&lt;/td&gt;&lt;/tr&gt;
&lt;tr&gt;&lt;td&gt;Heading: 200.6&lt;/td&gt;&lt;/tr&gt;
&lt;tr&gt;&lt;td&gt;Time: 2021-02-19T18:49:26Z&lt;/td&gt;&lt;/tr&gt;
&lt;/table&gt;
</description>
        <LookAt>
          <longitude>-71.858152</longitude>
          <latitude>-13.398494</latitude>
          <tilt>66</tilt>
        </LookAt>
        <TimeStamp>
          <when>2021-02-19T18:49:26Z</when>
        </TimeStamp>
        <styleUrl>#track</styleUrl>
        <Point>
          <coordinates>-71.858152,-13.398494,4077.27</coordinates>
        </Point>
      </Placemark>
      <Placemark>
        <name>Apu Linli hike - Wikiloc-659</name>
        <snippet></snippet>
        <description>
&lt;table&gt;
&lt;tr&gt;&lt;td&gt;Longitude: -71.858174&lt;/td&gt;&lt;/tr&gt;
&lt;tr&gt;&lt;td&gt;Latitude: -13.398547&lt;/td&gt;&lt;/tr&gt;
&lt;tr&gt;&lt;td&gt;Altitude: 13380.679 ft&lt;/td&gt;&lt;/tr&gt;
&lt;tr&gt;&lt;td&gt;Speed: 2.4 mph&lt;/td&gt;&lt;/tr&gt;
&lt;tr&gt;&lt;td&gt;Heading: 202.0&lt;/td&gt;&lt;/tr&gt;
&lt;tr&gt;&lt;td&gt;Time: 2021-02-19T18:49:32Z&lt;/td&gt;&lt;/tr&gt;
&lt;/table&gt;
</description>
        <LookAt>
          <longitude>-71.858174</longitude>
          <latitude>-13.398547</latitude>
          <tilt>66</tilt>
        </LookAt>
        <TimeStamp>
          <when>2021-02-19T18:49:32Z</when>
        </TimeStamp>
        <styleUrl>#track</styleUrl>
        <Point>
          <coordinates>-71.858174,-13.398547,4078.43</coordinates>
        </Point>
      </Placemark>
      <Placemark>
        <name>Apu Linli hike - Wikiloc-660</name>
        <snippet></snippet>
        <description>
&lt;table&gt;
&lt;tr&gt;&lt;td&gt;Longitude: -71.858188&lt;/td&gt;&lt;/tr&gt;
&lt;tr&gt;&lt;td&gt;Latitude: -13.398608&lt;/td&gt;&lt;/tr&gt;
&lt;tr&gt;&lt;td&gt;Altitude: 13386.276 ft&lt;/td&gt;&lt;/tr&gt;
&lt;tr&gt;&lt;td&gt;Speed: 2.6 mph&lt;/td&gt;&lt;/tr&gt;
&lt;tr&gt;&lt;td&gt;Heading: 192.6&lt;/td&gt;&lt;/tr&gt;
&lt;tr&gt;&lt;td&gt;Time: 2021-02-19T18:49:38Z&lt;/td&gt;&lt;/tr&gt;
&lt;/table&gt;
</description>
        <LookAt>
          <longitude>-71.858188</longitude>
          <latitude>-13.398608</latitude>
          <tilt>66</tilt>
        </LookAt>
        <TimeStamp>
          <when>2021-02-19T18:49:38Z</when>
        </TimeStamp>
        <styleUrl>#track</styleUrl>
        <Point>
          <coordinates>-71.858188,-13.398608,4080.14</coordinates>
        </Point>
      </Placemark>
      <Placemark>
        <name>Apu Linli hike - Wikiloc-661</name>
        <snippet></snippet>
        <description>
&lt;table&gt;
&lt;tr&gt;&lt;td&gt;Longitude: -71.858177&lt;/td&gt;&lt;/tr&gt;
&lt;tr&gt;&lt;td&gt;Latitude: -13.398667&lt;/td&gt;&lt;/tr&gt;
&lt;tr&gt;&lt;td&gt;Altitude: 13388.284 ft&lt;/td&gt;&lt;/tr&gt;
&lt;tr&gt;&lt;td&gt;Speed: 2.5 mph&lt;/td&gt;&lt;/tr&gt;
&lt;tr&gt;&lt;td&gt;Heading: 169.7&lt;/td&gt;&lt;/tr&gt;
&lt;tr&gt;&lt;td&gt;Time: 2021-02-19T18:49:44Z&lt;/td&gt;&lt;/tr&gt;
&lt;/table&gt;
</description>
        <LookAt>
          <longitude>-71.858177</longitude>
          <latitude>-13.398667</latitude>
          <tilt>66</tilt>
        </LookAt>
        <TimeStamp>
          <when>2021-02-19T18:49:44Z</when>
        </TimeStamp>
        <styleUrl>#track</styleUrl>
        <Point>
          <coordinates>-71.858177,-13.398667,4080.75</coordinates>
        </Point>
      </Placemark>
      <Placemark>
        <name>Apu Linli hike - Wikiloc-662</name>
        <snippet></snippet>
        <description>
&lt;table&gt;
&lt;tr&gt;&lt;td&gt;Longitude: -71.858159&lt;/td&gt;&lt;/tr&gt;
&lt;tr&gt;&lt;td&gt;Latitude: -13.398714&lt;/td&gt;&lt;/tr&gt;
&lt;tr&gt;&lt;td&gt;Altitude: 13392.759 ft&lt;/td&gt;&lt;/tr&gt;
&lt;tr&gt;&lt;td&gt;Speed: 2.1 mph&lt;/td&gt;&lt;/tr&gt;
&lt;tr&gt;&lt;td&gt;Heading: 159.6&lt;/td&gt;&lt;/tr&gt;
&lt;tr&gt;&lt;td&gt;Time: 2021-02-19T18:49:50Z&lt;/td&gt;&lt;/tr&gt;
&lt;/table&gt;
</description>
        <LookAt>
          <longitude>-71.858159</longitude>
          <latitude>-13.398714</latitude>
          <tilt>66</tilt>
        </LookAt>
        <TimeStamp>
          <when>2021-02-19T18:49:50Z</when>
        </TimeStamp>
        <styleUrl>#track</styleUrl>
        <Point>
          <coordinates>-71.858159,-13.398714,4082.11</coordinates>
        </Point>
      </Placemark>
      <Placemark>
        <name>Apu Linli hike - Wikiloc-663</name>
        <snippet></snippet>
        <description>
&lt;table&gt;
&lt;tr&gt;&lt;td&gt;Longitude: -71.858151&lt;/td&gt;&lt;/tr&gt;
&lt;tr&gt;&lt;td&gt;Latitude: -13.398759&lt;/td&gt;&lt;/tr&gt;
&lt;tr&gt;&lt;td&gt;Altitude: 13397.008 ft&lt;/td&gt;&lt;/tr&gt;
&lt;tr&gt;&lt;td&gt;Speed: 2.3 mph&lt;/td&gt;&lt;/tr&gt;
&lt;tr&gt;&lt;td&gt;Heading: 170.2&lt;/td&gt;&lt;/tr&gt;
&lt;tr&gt;&lt;td&gt;Time: 2021-02-19T18:49:55Z&lt;/td&gt;&lt;/tr&gt;
&lt;/table&gt;
</description>
        <LookAt>
          <longitude>-71.858151</longitude>
          <latitude>-13.398759</latitude>
          <tilt>66</tilt>
        </LookAt>
        <TimeStamp>
          <when>2021-02-19T18:49:55Z</when>
        </TimeStamp>
        <styleUrl>#track</styleUrl>
        <Point>
          <coordinates>-71.858151,-13.398759,4083.41</coordinates>
        </Point>
      </Placemark>
      <Placemark>
        <name>Apu Linli hike - Wikiloc-664</name>
        <snippet></snippet>
        <description>
&lt;table&gt;
&lt;tr&gt;&lt;td&gt;Longitude: -71.858168&lt;/td&gt;&lt;/tr&gt;
&lt;tr&gt;&lt;td&gt;Latitude: -13.398807&lt;/td&gt;&lt;/tr&gt;
&lt;tr&gt;&lt;td&gt;Altitude: 13401.473 ft&lt;/td&gt;&lt;/tr&gt;
&lt;tr&gt;&lt;td&gt;Speed: 1.8 mph&lt;/td&gt;&lt;/tr&gt;
&lt;tr&gt;&lt;td&gt;Heading: 199.0&lt;/td&gt;&lt;/tr&gt;
&lt;tr&gt;&lt;td&gt;Time: 2021-02-19T18:50:02Z&lt;/td&gt;&lt;/tr&gt;
&lt;/table&gt;
</description>
        <LookAt>
          <longitude>-71.858168</longitude>
          <latitude>-13.398807</latitude>
          <tilt>66</tilt>
        </LookAt>
        <TimeStamp>
          <when>2021-02-19T18:50:02Z</when>
        </TimeStamp>
        <styleUrl>#track</styleUrl>
        <Point>
          <coordinates>-71.858168,-13.398807,4084.77</coordinates>
        </Point>
      </Placemark>
      <Placemark>
        <name>Apu Linli hike - Wikiloc-665</name>
        <snippet></snippet>
        <description>
&lt;table&gt;
&lt;tr&gt;&lt;td&gt;Longitude: -71.858207&lt;/td&gt;&lt;/tr&gt;
&lt;tr&gt;&lt;td&gt;Latitude: -13.398832&lt;/td&gt;&lt;/tr&gt;
&lt;tr&gt;&lt;td&gt;Altitude: 13406.362 ft&lt;/td&gt;&lt;/tr&gt;
&lt;tr&gt;&lt;td&gt;Speed: 2.3 mph&lt;/td&gt;&lt;/tr&gt;
&lt;tr&gt;&lt;td&gt;Heading: 236.6&lt;/td&gt;&lt;/tr&gt;
&lt;tr&gt;&lt;td&gt;Time: 2021-02-19T18:50:07Z&lt;/td&gt;&lt;/tr&gt;
&lt;/table&gt;
</description>
        <LookAt>
          <longitude>-71.858207</longitude>
          <latitude>-13.398832</latitude>
          <tilt>66</tilt>
        </LookAt>
        <TimeStamp>
          <when>2021-02-19T18:50:07Z</when>
        </TimeStamp>
        <styleUrl>#track</styleUrl>
        <Point>
          <coordinates>-71.858207,-13.398832,4086.26</coordinates>
        </Point>
      </Placemark>
      <Placemark>
        <name>Apu Linli hike - Wikiloc-666</name>
        <snippet></snippet>
        <description>
&lt;table&gt;
&lt;tr&gt;&lt;td&gt;Longitude: -71.858247&lt;/td&gt;&lt;/tr&gt;
&lt;tr&gt;&lt;td&gt;Latitude: -13.398865&lt;/td&gt;&lt;/tr&gt;
&lt;tr&gt;&lt;td&gt;Altitude: 13413.235 ft&lt;/td&gt;&lt;/tr&gt;
&lt;tr&gt;&lt;td&gt;Speed: 1.8 mph&lt;/td&gt;&lt;/tr&gt;
&lt;tr&gt;&lt;td&gt;Heading: 229.7&lt;/td&gt;&lt;/tr&gt;
&lt;tr&gt;&lt;td&gt;Time: 2021-02-19T18:50:14Z&lt;/td&gt;&lt;/tr&gt;
&lt;/table&gt;
</description>
        <LookAt>
          <longitude>-71.858247</longitude>
          <latitude>-13.398865</latitude>
          <tilt>66</tilt>
        </LookAt>
        <TimeStamp>
          <when>2021-02-19T18:50:14Z</when>
        </TimeStamp>
        <styleUrl>#track</styleUrl>
        <Point>
          <coordinates>-71.858247,-13.398865,4088.35</coordinates>
        </Point>
      </Placemark>
      <Placemark>
        <name>Apu Linli hike - Wikiloc-667</name>
        <snippet></snippet>
        <description>
&lt;table&gt;
&lt;tr&gt;&lt;td&gt;Longitude: -71.858275&lt;/td&gt;&lt;/tr&gt;
&lt;tr&gt;&lt;td&gt;Latitude: -13.398904&lt;/td&gt;&lt;/tr&gt;
&lt;tr&gt;&lt;td&gt;Altitude: 13419.140 ft&lt;/td&gt;&lt;/tr&gt;
&lt;tr&gt;&lt;td&gt;Speed: 2.0 mph&lt;/td&gt;&lt;/tr&gt;
&lt;tr&gt;&lt;td&gt;Heading: 214.9&lt;/td&gt;&lt;/tr&gt;
&lt;tr&gt;&lt;td&gt;Time: 2021-02-19T18:50:20Z&lt;/td&gt;&lt;/tr&gt;
&lt;/table&gt;
</description>
        <LookAt>
          <longitude>-71.858275</longitude>
          <latitude>-13.398904</latitude>
          <tilt>66</tilt>
        </LookAt>
        <TimeStamp>
          <when>2021-02-19T18:50:20Z</when>
        </TimeStamp>
        <styleUrl>#track</styleUrl>
        <Point>
          <coordinates>-71.858275,-13.398904,4090.15</coordinates>
        </Point>
      </Placemark>
      <Placemark>
        <name>Apu Linli hike - Wikiloc-668</name>
        <snippet></snippet>
        <description>
&lt;table&gt;
&lt;tr&gt;&lt;td&gt;Longitude: -71.858295&lt;/td&gt;&lt;/tr&gt;
&lt;tr&gt;&lt;td&gt;Latitude: -13.398948&lt;/td&gt;&lt;/tr&gt;
&lt;tr&gt;&lt;td&gt;Altitude: 13424.600 ft&lt;/td&gt;&lt;/tr&gt;
&lt;tr&gt;&lt;td&gt;Speed: 2.4 mph&lt;/td&gt;&lt;/tr&gt;
&lt;tr&gt;&lt;td&gt;Heading: 203.9&lt;/td&gt;&lt;/tr&gt;
&lt;tr&gt;&lt;td&gt;Time: 2021-02-19T18:50:25Z&lt;/td&gt;&lt;/tr&gt;
&lt;/table&gt;
</description>
        <LookAt>
          <longitude>-71.858295</longitude>
          <latitude>-13.398948</latitude>
          <tilt>66</tilt>
        </LookAt>
        <TimeStamp>
          <when>2021-02-19T18:50:25Z</when>
        </TimeStamp>
        <styleUrl>#track</styleUrl>
        <Point>
          <coordinates>-71.858295,-13.398948,4091.82</coordinates>
        </Point>
      </Placemark>
      <Placemark>
        <name>Apu Linli hike - Wikiloc-669</name>
        <snippet></snippet>
        <description>
&lt;table&gt;
&lt;tr&gt;&lt;td&gt;Longitude: -71.858283&lt;/td&gt;&lt;/tr&gt;
&lt;tr&gt;&lt;td&gt;Latitude: -13.398994&lt;/td&gt;&lt;/tr&gt;
&lt;tr&gt;&lt;td&gt;Altitude: 13428.327 ft&lt;/td&gt;&lt;/tr&gt;
&lt;tr&gt;&lt;td&gt;Speed: 3.0 mph&lt;/td&gt;&lt;/tr&gt;
&lt;tr&gt;&lt;td&gt;Heading: 165.8&lt;/td&gt;&lt;/tr&gt;
&lt;tr&gt;&lt;td&gt;Time: 2021-02-19T18:50:29Z&lt;/td&gt;&lt;/tr&gt;
&lt;/table&gt;
</description>
        <LookAt>
          <longitude>-71.858283</longitude>
          <latitude>-13.398994</latitude>
          <tilt>66</tilt>
        </LookAt>
        <TimeStamp>
          <when>2021-02-19T18:50:29Z</when>
        </TimeStamp>
        <styleUrl>#track</styleUrl>
        <Point>
          <coordinates>-71.858283,-13.398994,4092.95</coordinates>
        </Point>
      </Placemark>
      <Placemark>
        <name>Apu Linli hike - Wikiloc-670</name>
        <snippet></snippet>
        <description>
&lt;table&gt;
&lt;tr&gt;&lt;td&gt;Longitude: -71.858282&lt;/td&gt;&lt;/tr&gt;
&lt;tr&gt;&lt;td&gt;Latitude: -13.399044&lt;/td&gt;&lt;/tr&gt;
&lt;tr&gt;&lt;td&gt;Altitude: 13432.123 ft&lt;/td&gt;&lt;/tr&gt;
&lt;tr&gt;&lt;td&gt;Speed: 2.1 mph&lt;/td&gt;&lt;/tr&gt;
&lt;tr&gt;&lt;td&gt;Heading: 178.9&lt;/td&gt;&lt;/tr&gt;
&lt;tr&gt;&lt;td&gt;Time: 2021-02-19T18:50:35Z&lt;/td&gt;&lt;/tr&gt;
&lt;/table&gt;
</description>
        <LookAt>
          <longitude>-71.858282</longitude>
          <latitude>-13.399044</latitude>
          <tilt>66</tilt>
        </LookAt>
        <TimeStamp>
          <when>2021-02-19T18:50:35Z</when>
        </TimeStamp>
        <styleUrl>#track</styleUrl>
        <Point>
          <coordinates>-71.858282,-13.399044,4094.11</coordinates>
        </Point>
      </Placemark>
      <Placemark>
        <name>Apu Linli hike - Wikiloc-671</name>
        <snippet></snippet>
        <description>
&lt;table&gt;
&lt;tr&gt;&lt;td&gt;Longitude: -71.858318&lt;/td&gt;&lt;/tr&gt;
&lt;tr&gt;&lt;td&gt;Latitude: -13.399075&lt;/td&gt;&lt;/tr&gt;
&lt;tr&gt;&lt;td&gt;Altitude: 13437.733 ft&lt;/td&gt;&lt;/tr&gt;
&lt;tr&gt;&lt;td&gt;Speed: 1.0 mph&lt;/td&gt;&lt;/tr&gt;
&lt;tr&gt;&lt;td&gt;Heading: 228.5&lt;/td&gt;&lt;/tr&gt;
&lt;tr&gt;&lt;td&gt;Time: 2021-02-19T18:50:47Z&lt;/td&gt;&lt;/tr&gt;
&lt;/table&gt;
</description>
        <LookAt>
          <longitude>-71.858318</longitude>
          <latitude>-13.399075</latitude>
          <tilt>66</tilt>
        </LookAt>
        <TimeStamp>
          <when>2021-02-19T18:50:47Z</when>
        </TimeStamp>
        <styleUrl>#track</styleUrl>
        <Point>
          <coordinates>-71.858318,-13.399075,4095.82</coordinates>
        </Point>
      </Placemark>
      <Placemark>
        <name>Apu Linli hike - Wikiloc-672</name>
        <snippet></snippet>
        <description>
&lt;table&gt;
&lt;tr&gt;&lt;td&gt;Longitude: -71.858339&lt;/td&gt;&lt;/tr&gt;
&lt;tr&gt;&lt;td&gt;Latitude: -13.399028&lt;/td&gt;&lt;/tr&gt;
&lt;tr&gt;&lt;td&gt;Altitude: 13436.716 ft&lt;/td&gt;&lt;/tr&gt;
&lt;tr&gt;&lt;td&gt;Speed: 1.6 mph&lt;/td&gt;&lt;/tr&gt;
&lt;tr&gt;&lt;td&gt;Heading: 336.5&lt;/td&gt;&lt;/tr&gt;
&lt;tr&gt;&lt;td&gt;Time: 2021-02-19T18:50:55Z&lt;/td&gt;&lt;/tr&gt;
&lt;/table&gt;
</description>
        <LookAt>
          <longitude>-71.858339</longitude>
          <latitude>-13.399028</latitude>
          <tilt>66</tilt>
        </LookAt>
        <TimeStamp>
          <when>2021-02-19T18:50:55Z</when>
        </TimeStamp>
        <styleUrl>#track</styleUrl>
        <Point>
          <coordinates>-71.858339,-13.399028,4095.51</coordinates>
        </Point>
      </Placemark>
      <Placemark>
        <name>Apu Linli hike - Wikiloc-673</name>
        <snippet></snippet>
        <description>
&lt;table&gt;
&lt;tr&gt;&lt;td&gt;Longitude: -71.858386&lt;/td&gt;&lt;/tr&gt;
&lt;tr&gt;&lt;td&gt;Latitude: -13.399055&lt;/td&gt;&lt;/tr&gt;
&lt;tr&gt;&lt;td&gt;Altitude: 13442.326 ft&lt;/td&gt;&lt;/tr&gt;
&lt;tr&gt;&lt;td&gt;Speed: 1.9 mph&lt;/td&gt;&lt;/tr&gt;
&lt;tr&gt;&lt;td&gt;Heading: 239.4&lt;/td&gt;&lt;/tr&gt;
&lt;tr&gt;&lt;td&gt;Time: 2021-02-19T18:51:02Z&lt;/td&gt;&lt;/tr&gt;
&lt;/table&gt;
</description>
        <LookAt>
          <longitude>-71.858386</longitude>
          <latitude>-13.399055</latitude>
          <tilt>66</tilt>
        </LookAt>
        <TimeStamp>
          <when>2021-02-19T18:51:02Z</when>
        </TimeStamp>
        <styleUrl>#track</styleUrl>
        <Point>
          <coordinates>-71.858386,-13.399055,4097.22</coordinates>
        </Point>
      </Placemark>
      <Placemark>
        <name>Apu Linli hike - Wikiloc-674</name>
        <snippet></snippet>
        <description>
&lt;table&gt;
&lt;tr&gt;&lt;td&gt;Longitude: -71.858392&lt;/td&gt;&lt;/tr&gt;
&lt;tr&gt;&lt;td&gt;Latitude: -13.399101&lt;/td&gt;&lt;/tr&gt;
&lt;tr&gt;&lt;td&gt;Altitude: 13445.548 ft&lt;/td&gt;&lt;/tr&gt;
&lt;tr&gt;&lt;td&gt;Speed: 0.8 mph&lt;/td&gt;&lt;/tr&gt;
&lt;tr&gt;&lt;td&gt;Heading: 187.2&lt;/td&gt;&lt;/tr&gt;
&lt;tr&gt;&lt;td&gt;Time: 2021-02-19T18:51:16Z&lt;/td&gt;&lt;/tr&gt;
&lt;/table&gt;
</description>
        <LookAt>
          <longitude>-71.858392</longitude>
          <latitude>-13.399101</latitude>
          <tilt>66</tilt>
        </LookAt>
        <TimeStamp>
          <when>2021-02-19T18:51:16Z</when>
        </TimeStamp>
        <styleUrl>#track</styleUrl>
        <Point>
          <coordinates>-71.858392,-13.399101,4098.20</coordinates>
        </Point>
      </Placemark>
      <Placemark>
        <name>Apu Linli hike - Wikiloc-675</name>
        <snippet></snippet>
        <description>
&lt;table&gt;
&lt;tr&gt;&lt;td&gt;Longitude: -71.858379&lt;/td&gt;&lt;/tr&gt;
&lt;tr&gt;&lt;td&gt;Latitude: -13.399154&lt;/td&gt;&lt;/tr&gt;
&lt;tr&gt;&lt;td&gt;Altitude: 13451.798 ft&lt;/td&gt;&lt;/tr&gt;
&lt;tr&gt;&lt;td&gt;Speed: 1.4 mph&lt;/td&gt;&lt;/tr&gt;
&lt;tr&gt;&lt;td&gt;Heading: 166.6&lt;/td&gt;&lt;/tr&gt;
&lt;tr&gt;&lt;td&gt;Time: 2021-02-19T18:51:26Z&lt;/td&gt;&lt;/tr&gt;
&lt;/table&gt;
</description>
        <LookAt>
          <longitude>-71.858379</longitude>
          <latitude>-13.399154</latitude>
          <tilt>66</tilt>
        </LookAt>
        <TimeStamp>
          <when>2021-02-19T18:51:26Z</when>
        </TimeStamp>
        <styleUrl>#track</styleUrl>
        <Point>
          <coordinates>-71.858379,-13.399154,4100.11</coordinates>
        </Point>
      </Placemark>
      <Placemark>
        <name>Apu Linli hike - Wikiloc-676</name>
        <snippet></snippet>
        <description>
&lt;table&gt;
&lt;tr&gt;&lt;td&gt;Longitude: -71.858353&lt;/td&gt;&lt;/tr&gt;
&lt;tr&gt;&lt;td&gt;Latitude: -13.399193&lt;/td&gt;&lt;/tr&gt;
&lt;tr&gt;&lt;td&gt;Altitude: 13456.322 ft&lt;/td&gt;&lt;/tr&gt;
&lt;tr&gt;&lt;td&gt;Speed: 1.2 mph&lt;/td&gt;&lt;/tr&gt;
&lt;tr&gt;&lt;td&gt;Heading: 147.0&lt;/td&gt;&lt;/tr&gt;
&lt;tr&gt;&lt;td&gt;Time: 2021-02-19T18:51:36Z&lt;/td&gt;&lt;/tr&gt;
&lt;/table&gt;
</description>
        <LookAt>
          <longitude>-71.858353</longitude>
          <latitude>-13.399193</latitude>
          <tilt>66</tilt>
        </LookAt>
        <TimeStamp>
          <when>2021-02-19T18:51:36Z</when>
        </TimeStamp>
        <styleUrl>#track</styleUrl>
        <Point>
          <coordinates>-71.858353,-13.399193,4101.49</coordinates>
        </Point>
      </Placemark>
      <Placemark>
        <name>Apu Linli hike - Wikiloc-677</name>
        <snippet></snippet>
        <description>
&lt;table&gt;
&lt;tr&gt;&lt;td&gt;Longitude: -71.858363&lt;/td&gt;&lt;/tr&gt;
&lt;tr&gt;&lt;td&gt;Latitude: -13.399241&lt;/td&gt;&lt;/tr&gt;
&lt;tr&gt;&lt;td&gt;Altitude: 13461.014 ft&lt;/td&gt;&lt;/tr&gt;
&lt;tr&gt;&lt;td&gt;Speed: 1.5 mph&lt;/td&gt;&lt;/tr&gt;
&lt;tr&gt;&lt;td&gt;Heading: 191.5&lt;/td&gt;&lt;/tr&gt;
&lt;tr&gt;&lt;td&gt;Time: 2021-02-19T18:51:44Z&lt;/td&gt;&lt;/tr&gt;
&lt;/table&gt;
</description>
        <LookAt>
          <longitude>-71.858363</longitude>
          <latitude>-13.399241</latitude>
          <tilt>66</tilt>
        </LookAt>
        <TimeStamp>
          <when>2021-02-19T18:51:44Z</when>
        </TimeStamp>
        <styleUrl>#track</styleUrl>
        <Point>
          <coordinates>-71.858363,-13.399241,4102.92</coordinates>
        </Point>
      </Placemark>
      <Placemark>
        <name>Apu Linli hike - Wikiloc-678</name>
        <snippet></snippet>
        <description>
&lt;table&gt;
&lt;tr&gt;&lt;td&gt;Longitude: -71.858374&lt;/td&gt;&lt;/tr&gt;
&lt;tr&gt;&lt;td&gt;Latitude: -13.399298&lt;/td&gt;&lt;/tr&gt;
&lt;tr&gt;&lt;td&gt;Altitude: 13467.428 ft&lt;/td&gt;&lt;/tr&gt;
&lt;tr&gt;&lt;td&gt;Speed: 1.8 mph&lt;/td&gt;&lt;/tr&gt;
&lt;tr&gt;&lt;td&gt;Heading: 190.6&lt;/td&gt;&lt;/tr&gt;
&lt;tr&gt;&lt;td&gt;Time: 2021-02-19T18:51:52Z&lt;/td&gt;&lt;/tr&gt;
&lt;/table&gt;
</description>
        <LookAt>
          <longitude>-71.858374</longitude>
          <latitude>-13.399298</latitude>
          <tilt>66</tilt>
        </LookAt>
        <TimeStamp>
          <when>2021-02-19T18:51:52Z</when>
        </TimeStamp>
        <styleUrl>#track</styleUrl>
        <Point>
          <coordinates>-71.858374,-13.399298,4104.87</coordinates>
        </Point>
      </Placemark>
      <Placemark>
        <name>Apu Linli hike - Wikiloc-679</name>
        <snippet></snippet>
        <description>
&lt;table&gt;
&lt;tr&gt;&lt;td&gt;Longitude: -71.858392&lt;/td&gt;&lt;/tr&gt;
&lt;tr&gt;&lt;td&gt;Latitude: -13.399342&lt;/td&gt;&lt;/tr&gt;
&lt;tr&gt;&lt;td&gt;Altitude: 13473.825 ft&lt;/td&gt;&lt;/tr&gt;
&lt;tr&gt;&lt;td&gt;Speed: 1.5 mph&lt;/td&gt;&lt;/tr&gt;
&lt;tr&gt;&lt;td&gt;Heading: 201.7&lt;/td&gt;&lt;/tr&gt;
&lt;tr&gt;&lt;td&gt;Time: 2021-02-19T18:52:00Z&lt;/td&gt;&lt;/tr&gt;
&lt;/table&gt;
</description>
        <LookAt>
          <longitude>-71.858392</longitude>
          <latitude>-13.399342</latitude>
          <tilt>66</tilt>
        </LookAt>
        <TimeStamp>
          <when>2021-02-19T18:52:00Z</when>
        </TimeStamp>
        <styleUrl>#track</styleUrl>
        <Point>
          <coordinates>-71.858392,-13.399342,4106.82</coordinates>
        </Point>
      </Placemark>
      <Placemark>
        <name>Apu Linli hike - Wikiloc-680</name>
        <snippet></snippet>
        <description>
&lt;table&gt;
&lt;tr&gt;&lt;td&gt;Longitude: -71.858443&lt;/td&gt;&lt;/tr&gt;
&lt;tr&gt;&lt;td&gt;Latitude: -13.399396&lt;/td&gt;&lt;/tr&gt;
&lt;tr&gt;&lt;td&gt;Altitude: 13483.451 ft&lt;/td&gt;&lt;/tr&gt;
&lt;tr&gt;&lt;td&gt;Speed: 2.3 mph&lt;/td&gt;&lt;/tr&gt;
&lt;tr&gt;&lt;td&gt;Heading: 222.6&lt;/td&gt;&lt;/tr&gt;
&lt;tr&gt;&lt;td&gt;Time: 2021-02-19T18:52:08Z&lt;/td&gt;&lt;/tr&gt;
&lt;/table&gt;
</description>
        <LookAt>
          <longitude>-71.858443</longitude>
          <latitude>-13.399396</latitude>
          <tilt>66</tilt>
        </LookAt>
        <TimeStamp>
          <when>2021-02-19T18:52:08Z</when>
        </TimeStamp>
        <styleUrl>#track</styleUrl>
        <Point>
          <coordinates>-71.858443,-13.399396,4109.76</coordinates>
        </Point>
      </Placemark>
      <Placemark>
        <name>Apu Linli hike - Wikiloc-681</name>
        <snippet></snippet>
        <description>
&lt;table&gt;
&lt;tr&gt;&lt;td&gt;Longitude: -71.858461&lt;/td&gt;&lt;/tr&gt;
&lt;tr&gt;&lt;td&gt;Latitude: -13.399439&lt;/td&gt;&lt;/tr&gt;
&lt;tr&gt;&lt;td&gt;Altitude: 13491.312 ft&lt;/td&gt;&lt;/tr&gt;
&lt;tr&gt;&lt;td&gt;Speed: 0.8 mph&lt;/td&gt;&lt;/tr&gt;
&lt;tr&gt;&lt;td&gt;Heading: 202.2&lt;/td&gt;&lt;/tr&gt;
&lt;tr&gt;&lt;td&gt;Time: 2021-02-19T18:52:22Z&lt;/td&gt;&lt;/tr&gt;
&lt;/table&gt;
</description>
        <LookAt>
          <longitude>-71.858461</longitude>
          <latitude>-13.399439</latitude>
          <tilt>66</tilt>
        </LookAt>
        <TimeStamp>
          <when>2021-02-19T18:52:22Z</when>
        </TimeStamp>
        <styleUrl>#track</styleUrl>
        <Point>
          <coordinates>-71.858461,-13.399439,4112.15</coordinates>
        </Point>
      </Placemark>
      <Placemark>
        <name>Apu Linli hike - Wikiloc-682</name>
        <snippet></snippet>
        <description>
&lt;table&gt;
&lt;tr&gt;&lt;td&gt;Longitude: -71.858473&lt;/td&gt;&lt;/tr&gt;
&lt;tr&gt;&lt;td&gt;Latitude: -13.399485&lt;/td&gt;&lt;/tr&gt;
&lt;tr&gt;&lt;td&gt;Altitude: 13498.455 ft&lt;/td&gt;&lt;/tr&gt;
&lt;tr&gt;&lt;td&gt;Speed: 1.5 mph&lt;/td&gt;&lt;/tr&gt;
&lt;tr&gt;&lt;td&gt;Heading: 194.2&lt;/td&gt;&lt;/tr&gt;
&lt;tr&gt;&lt;td&gt;Time: 2021-02-19T18:52:30Z&lt;/td&gt;&lt;/tr&gt;
&lt;/table&gt;
</description>
        <LookAt>
          <longitude>-71.858473</longitude>
          <latitude>-13.399485</latitude>
          <tilt>66</tilt>
        </LookAt>
        <TimeStamp>
          <when>2021-02-19T18:52:30Z</when>
        </TimeStamp>
        <styleUrl>#track</styleUrl>
        <Point>
          <coordinates>-71.858473,-13.399485,4114.33</coordinates>
        </Point>
      </Placemark>
      <Placemark>
        <name>Apu Linli hike - Wikiloc-683</name>
        <snippet></snippet>
        <description>
&lt;table&gt;
&lt;tr&gt;&lt;td&gt;Longitude: -71.858453&lt;/td&gt;&lt;/tr&gt;
&lt;tr&gt;&lt;td&gt;Latitude: -13.399534&lt;/td&gt;&lt;/tr&gt;
&lt;tr&gt;&lt;td&gt;Altitude: 13502.228 ft&lt;/td&gt;&lt;/tr&gt;
&lt;tr&gt;&lt;td&gt;Speed: 1.6 mph&lt;/td&gt;&lt;/tr&gt;
&lt;tr&gt;&lt;td&gt;Heading: 158.3&lt;/td&gt;&lt;/tr&gt;
&lt;tr&gt;&lt;td&gt;Time: 2021-02-19T18:52:38Z&lt;/td&gt;&lt;/tr&gt;
&lt;/table&gt;
</description>
        <LookAt>
          <longitude>-71.858453</longitude>
          <latitude>-13.399534</latitude>
          <tilt>66</tilt>
        </LookAt>
        <TimeStamp>
          <when>2021-02-19T18:52:38Z</when>
        </TimeStamp>
        <styleUrl>#track</styleUrl>
        <Point>
          <coordinates>-71.858453,-13.399534,4115.48</coordinates>
        </Point>
      </Placemark>
      <Placemark>
        <name>Apu Linli hike - Wikiloc-684</name>
        <snippet></snippet>
        <description>
&lt;table&gt;
&lt;tr&gt;&lt;td&gt;Longitude: -71.858501&lt;/td&gt;&lt;/tr&gt;
&lt;tr&gt;&lt;td&gt;Latitude: -13.399553&lt;/td&gt;&lt;/tr&gt;
&lt;tr&gt;&lt;td&gt;Altitude: 13510.131 ft&lt;/td&gt;&lt;/tr&gt;
&lt;tr&gt;&lt;td&gt;Speed: 0.3 mph&lt;/td&gt;&lt;/tr&gt;
&lt;tr&gt;&lt;td&gt;Heading: 247.9&lt;/td&gt;&lt;/tr&gt;
&lt;tr&gt;&lt;td&gt;Time: 2021-02-19T18:53:24Z&lt;/td&gt;&lt;/tr&gt;
&lt;/table&gt;
</description>
        <LookAt>
          <longitude>-71.858501</longitude>
          <latitude>-13.399553</latitude>
          <tilt>66</tilt>
        </LookAt>
        <TimeStamp>
          <when>2021-02-19T18:53:24Z</when>
        </TimeStamp>
        <styleUrl>#track</styleUrl>
        <Point>
          <coordinates>-71.858501,-13.399553,4117.89</coordinates>
        </Point>
      </Placemark>
      <Placemark>
        <name>Apu Linli hike - Wikiloc-685</name>
        <snippet></snippet>
        <description>
&lt;table&gt;
&lt;tr&gt;&lt;td&gt;Longitude: -71.858556&lt;/td&gt;&lt;/tr&gt;
&lt;tr&gt;&lt;td&gt;Latitude: -13.399572&lt;/td&gt;&lt;/tr&gt;
&lt;tr&gt;&lt;td&gt;Altitude: 13518.451 ft&lt;/td&gt;&lt;/tr&gt;
&lt;tr&gt;&lt;td&gt;Speed: 1.8 mph&lt;/td&gt;&lt;/tr&gt;
&lt;tr&gt;&lt;td&gt;Heading: 250.4&lt;/td&gt;&lt;/tr&gt;
&lt;tr&gt;&lt;td&gt;Time: 2021-02-19T18:53:32Z&lt;/td&gt;&lt;/tr&gt;
&lt;/table&gt;
</description>
        <LookAt>
          <longitude>-71.858556</longitude>
          <latitude>-13.399572</latitude>
          <tilt>66</tilt>
        </LookAt>
        <TimeStamp>
          <when>2021-02-19T18:53:32Z</when>
        </TimeStamp>
        <styleUrl>#track</styleUrl>
        <Point>
          <coordinates>-71.858556,-13.399572,4120.42</coordinates>
        </Point>
      </Placemark>
      <Placemark>
        <name>Apu Linli hike - Wikiloc-686</name>
        <snippet></snippet>
        <description>
&lt;table&gt;
&lt;tr&gt;&lt;td&gt;Longitude: -71.858612&lt;/td&gt;&lt;/tr&gt;
&lt;tr&gt;&lt;td&gt;Latitude: -13.399567&lt;/td&gt;&lt;/tr&gt;
&lt;tr&gt;&lt;td&gt;Altitude: 13521.739 ft&lt;/td&gt;&lt;/tr&gt;
&lt;tr&gt;&lt;td&gt;Speed: 1.7 mph&lt;/td&gt;&lt;/tr&gt;
&lt;tr&gt;&lt;td&gt;Heading: 275.2&lt;/td&gt;&lt;/tr&gt;
&lt;tr&gt;&lt;td&gt;Time: 2021-02-19T18:53:40Z&lt;/td&gt;&lt;/tr&gt;
&lt;/table&gt;
</description>
        <LookAt>
          <longitude>-71.858612</longitude>
          <latitude>-13.399567</latitude>
          <tilt>66</tilt>
        </LookAt>
        <TimeStamp>
          <when>2021-02-19T18:53:40Z</when>
        </TimeStamp>
        <styleUrl>#track</styleUrl>
        <Point>
          <coordinates>-71.858612,-13.399567,4121.43</coordinates>
        </Point>
      </Placemark>
      <Placemark>
        <name>Apu Linli hike - Wikiloc-687</name>
        <snippet></snippet>
        <description>
&lt;table&gt;
&lt;tr&gt;&lt;td&gt;Longitude: -71.858637&lt;/td&gt;&lt;/tr&gt;
&lt;tr&gt;&lt;td&gt;Latitude: -13.399606&lt;/td&gt;&lt;/tr&gt;
&lt;tr&gt;&lt;td&gt;Altitude: 13528.898 ft&lt;/td&gt;&lt;/tr&gt;
&lt;tr&gt;&lt;td&gt;Speed: 1.6 mph&lt;/td&gt;&lt;/tr&gt;
&lt;tr&gt;&lt;td&gt;Heading: 211.9&lt;/td&gt;&lt;/tr&gt;
&lt;tr&gt;&lt;td&gt;Time: 2021-02-19T18:53:47Z&lt;/td&gt;&lt;/tr&gt;
&lt;/table&gt;
</description>
        <LookAt>
          <longitude>-71.858637</longitude>
          <latitude>-13.399606</latitude>
          <tilt>66</tilt>
        </LookAt>
        <TimeStamp>
          <when>2021-02-19T18:53:47Z</when>
        </TimeStamp>
        <styleUrl>#track</styleUrl>
        <Point>
          <coordinates>-71.858637,-13.399606,4123.61</coordinates>
        </Point>
      </Placemark>
      <Placemark>
        <name>Apu Linli hike - Wikiloc-688</name>
        <snippet></snippet>
        <description>
&lt;table&gt;
&lt;tr&gt;&lt;td&gt;Longitude: -71.858648&lt;/td&gt;&lt;/tr&gt;
&lt;tr&gt;&lt;td&gt;Latitude: -13.399658&lt;/td&gt;&lt;/tr&gt;
&lt;tr&gt;&lt;td&gt;Altitude: 13535.643 ft&lt;/td&gt;&lt;/tr&gt;
&lt;tr&gt;&lt;td&gt;Speed: 2.2 mph&lt;/td&gt;&lt;/tr&gt;
&lt;tr&gt;&lt;td&gt;Heading: 191.6&lt;/td&gt;&lt;/tr&gt;
&lt;tr&gt;&lt;td&gt;Time: 2021-02-19T18:53:53Z&lt;/td&gt;&lt;/tr&gt;
&lt;/table&gt;
</description>
        <LookAt>
          <longitude>-71.858648</longitude>
          <latitude>-13.399658</latitude>
          <tilt>66</tilt>
        </LookAt>
        <TimeStamp>
          <when>2021-02-19T18:53:53Z</when>
        </TimeStamp>
        <styleUrl>#track</styleUrl>
        <Point>
          <coordinates>-71.858648,-13.399658,4125.66</coordinates>
        </Point>
      </Placemark>
      <Placemark>
        <name>Apu Linli hike - Wikiloc-689</name>
        <snippet></snippet>
        <description>
&lt;table&gt;
&lt;tr&gt;&lt;td&gt;Longitude: -71.858675&lt;/td&gt;&lt;/tr&gt;
&lt;tr&gt;&lt;td&gt;Latitude: -13.399702&lt;/td&gt;&lt;/tr&gt;
&lt;tr&gt;&lt;td&gt;Altitude: 13541.220 ft&lt;/td&gt;&lt;/tr&gt;
&lt;tr&gt;&lt;td&gt;Speed: 1.8 mph&lt;/td&gt;&lt;/tr&gt;
&lt;tr&gt;&lt;td&gt;Heading: 210.8&lt;/td&gt;&lt;/tr&gt;
&lt;tr&gt;&lt;td&gt;Time: 2021-02-19T18:54:00Z&lt;/td&gt;&lt;/tr&gt;
&lt;/table&gt;
</description>
        <LookAt>
          <longitude>-71.858675</longitude>
          <latitude>-13.399702</latitude>
          <tilt>66</tilt>
        </LookAt>
        <TimeStamp>
          <when>2021-02-19T18:54:00Z</when>
        </TimeStamp>
        <styleUrl>#track</styleUrl>
        <Point>
          <coordinates>-71.858675,-13.399702,4127.36</coordinates>
        </Point>
      </Placemark>
      <Placemark>
        <name>Apu Linli hike - Wikiloc-690</name>
        <snippet></snippet>
        <description>
&lt;table&gt;
&lt;tr&gt;&lt;td&gt;Longitude: -71.858701&lt;/td&gt;&lt;/tr&gt;
&lt;tr&gt;&lt;td&gt;Latitude: -13.399744&lt;/td&gt;&lt;/tr&gt;
&lt;tr&gt;&lt;td&gt;Altitude: 13547.142 ft&lt;/td&gt;&lt;/tr&gt;
&lt;tr&gt;&lt;td&gt;Speed: 1.5 mph&lt;/td&gt;&lt;/tr&gt;
&lt;tr&gt;&lt;td&gt;Heading: 211.1&lt;/td&gt;&lt;/tr&gt;
&lt;tr&gt;&lt;td&gt;Time: 2021-02-19T18:54:08Z&lt;/td&gt;&lt;/tr&gt;
&lt;/table&gt;
</description>
        <LookAt>
          <longitude>-71.858701</longitude>
          <latitude>-13.399744</latitude>
          <tilt>66</tilt>
        </LookAt>
        <TimeStamp>
          <when>2021-02-19T18:54:08Z</when>
        </TimeStamp>
        <styleUrl>#track</styleUrl>
        <Point>
          <coordinates>-71.858701,-13.399744,4129.17</coordinates>
        </Point>
      </Placemark>
      <Placemark>
        <name>Apu Linli hike - Wikiloc-691</name>
        <snippet></snippet>
        <description>
&lt;table&gt;
&lt;tr&gt;&lt;td&gt;Longitude: -71.858727&lt;/td&gt;&lt;/tr&gt;
&lt;tr&gt;&lt;td&gt;Latitude: -13.399783&lt;/td&gt;&lt;/tr&gt;
&lt;tr&gt;&lt;td&gt;Altitude: 13554.787 ft&lt;/td&gt;&lt;/tr&gt;
&lt;tr&gt;&lt;td&gt;Speed: 1.7 mph&lt;/td&gt;&lt;/tr&gt;
&lt;tr&gt;&lt;td&gt;Heading: 213.0&lt;/td&gt;&lt;/tr&gt;
&lt;tr&gt;&lt;td&gt;Time: 2021-02-19T18:54:15Z&lt;/td&gt;&lt;/tr&gt;
&lt;/table&gt;
</description>
        <LookAt>
          <longitude>-71.858727</longitude>
          <latitude>-13.399783</latitude>
          <tilt>66</tilt>
        </LookAt>
        <TimeStamp>
          <when>2021-02-19T18:54:15Z</when>
        </TimeStamp>
        <styleUrl>#track</styleUrl>
        <Point>
          <coordinates>-71.858727,-13.399783,4131.50</coordinates>
        </Point>
      </Placemark>
      <Placemark>
        <name>Apu Linli hike - Wikiloc-692</name>
        <snippet></snippet>
        <description>
&lt;table&gt;
&lt;tr&gt;&lt;td&gt;Longitude: -71.858754&lt;/td&gt;&lt;/tr&gt;
&lt;tr&gt;&lt;td&gt;Latitude: -13.399826&lt;/td&gt;&lt;/tr&gt;
&lt;tr&gt;&lt;td&gt;Altitude: 13560.180 ft&lt;/td&gt;&lt;/tr&gt;
&lt;tr&gt;&lt;td&gt;Speed: 2.1 mph&lt;/td&gt;&lt;/tr&gt;
&lt;tr&gt;&lt;td&gt;Heading: 211.4&lt;/td&gt;&lt;/tr&gt;
&lt;tr&gt;&lt;td&gt;Time: 2021-02-19T18:54:21Z&lt;/td&gt;&lt;/tr&gt;
&lt;/table&gt;
</description>
        <LookAt>
          <longitude>-71.858754</longitude>
          <latitude>-13.399826</latitude>
          <tilt>66</tilt>
        </LookAt>
        <TimeStamp>
          <when>2021-02-19T18:54:21Z</when>
        </TimeStamp>
        <styleUrl>#track</styleUrl>
        <Point>
          <coordinates>-71.858754,-13.399826,4133.14</coordinates>
        </Point>
      </Placemark>
      <Placemark>
        <name>Apu Linli hike - Wikiloc-693</name>
        <snippet></snippet>
        <description>
&lt;table&gt;
&lt;tr&gt;&lt;td&gt;Longitude: -71.858750&lt;/td&gt;&lt;/tr&gt;
&lt;tr&gt;&lt;td&gt;Latitude: -13.399875&lt;/td&gt;&lt;/tr&gt;
&lt;tr&gt;&lt;td&gt;Altitude: 13567.385 ft&lt;/td&gt;&lt;/tr&gt;
&lt;tr&gt;&lt;td&gt;Speed: 0.1 mph&lt;/td&gt;&lt;/tr&gt;
&lt;tr&gt;&lt;td&gt;Heading: 175.5&lt;/td&gt;&lt;/tr&gt;
&lt;tr&gt;&lt;td&gt;Time: 2021-02-19T18:58:24Z&lt;/td&gt;&lt;/tr&gt;
&lt;/table&gt;
</description>
        <LookAt>
          <longitude>-71.85875</longitude>
          <latitude>-13.399875</latitude>
          <tilt>66</tilt>
        </LookAt>
        <TimeStamp>
          <when>2021-02-19T18:58:24Z</when>
        </TimeStamp>
        <styleUrl>#track</styleUrl>
        <Point>
          <coordinates>-71.858750,-13.399875,4135.34</coordinates>
        </Point>
      </Placemark>
      <Placemark>
        <name>Apu Linli hike - Wikiloc-694</name>
        <snippet></snippet>
        <description>
&lt;table&gt;
&lt;tr&gt;&lt;td&gt;Longitude: -71.858780&lt;/td&gt;&lt;/tr&gt;
&lt;tr&gt;&lt;td&gt;Latitude: -13.399909&lt;/td&gt;&lt;/tr&gt;
&lt;tr&gt;&lt;td&gt;Altitude: 13574.035 ft&lt;/td&gt;&lt;/tr&gt;
&lt;tr&gt;&lt;td&gt;Speed: 1.9 mph&lt;/td&gt;&lt;/tr&gt;
&lt;tr&gt;&lt;td&gt;Heading: 220.6&lt;/td&gt;&lt;/tr&gt;
&lt;tr&gt;&lt;td&gt;Time: 2021-02-19T18:58:30Z&lt;/td&gt;&lt;/tr&gt;
&lt;/table&gt;
</description>
        <LookAt>
          <longitude>-71.85878</longitude>
          <latitude>-13.399909</latitude>
          <tilt>66</tilt>
        </LookAt>
        <TimeStamp>
          <when>2021-02-19T18:58:30Z</when>
        </TimeStamp>
        <styleUrl>#track</styleUrl>
        <Point>
          <coordinates>-71.858780,-13.399909,4137.37</coordinates>
        </Point>
      </Placemark>
      <Placemark>
        <name>Apu Linli hike - Wikiloc-695</name>
        <snippet></snippet>
        <description>
&lt;table&gt;
&lt;tr&gt;&lt;td&gt;Longitude: -71.858820&lt;/td&gt;&lt;/tr&gt;
&lt;tr&gt;&lt;td&gt;Latitude: -13.399945&lt;/td&gt;&lt;/tr&gt;
&lt;tr&gt;&lt;td&gt;Altitude: 13578.793 ft&lt;/td&gt;&lt;/tr&gt;
&lt;tr&gt;&lt;td&gt;Speed: 2.2 mph&lt;/td&gt;&lt;/tr&gt;
&lt;tr&gt;&lt;td&gt;Heading: 227.2&lt;/td&gt;&lt;/tr&gt;
&lt;tr&gt;&lt;td&gt;Time: 2021-02-19T18:58:36Z&lt;/td&gt;&lt;/tr&gt;
&lt;/table&gt;
</description>
        <LookAt>
          <longitude>-71.85882</longitude>
          <latitude>-13.399945</latitude>
          <tilt>66</tilt>
        </LookAt>
        <TimeStamp>
          <when>2021-02-19T18:58:36Z</when>
        </TimeStamp>
        <styleUrl>#track</styleUrl>
        <Point>
          <coordinates>-71.858820,-13.399945,4138.82</coordinates>
        </Point>
      </Placemark>
      <Placemark>
        <name>Apu Linli hike - Wikiloc-696</name>
        <snippet></snippet>
        <description>
&lt;table&gt;
&lt;tr&gt;&lt;td&gt;Longitude: -71.858867&lt;/td&gt;&lt;/tr&gt;
&lt;tr&gt;&lt;td&gt;Latitude: -13.399981&lt;/td&gt;&lt;/tr&gt;
&lt;tr&gt;&lt;td&gt;Altitude: 13583.822 ft&lt;/td&gt;&lt;/tr&gt;
&lt;tr&gt;&lt;td&gt;Speed: 2.4 mph&lt;/td&gt;&lt;/tr&gt;
&lt;tr&gt;&lt;td&gt;Heading: 231.8&lt;/td&gt;&lt;/tr&gt;
&lt;tr&gt;&lt;td&gt;Time: 2021-02-19T18:58:42Z&lt;/td&gt;&lt;/tr&gt;
&lt;/table&gt;
</description>
        <LookAt>
          <longitude>-71.858867</longitude>
          <latitude>-13.399981</latitude>
          <tilt>66</tilt>
        </LookAt>
        <TimeStamp>
          <when>2021-02-19T18:58:42Z</when>
        </TimeStamp>
        <styleUrl>#track</styleUrl>
        <Point>
          <coordinates>-71.858867,-13.399981,4140.35</coordinates>
        </Point>
      </Placemark>
      <Placemark>
        <name>Apu Linli hike - Wikiloc-697</name>
        <snippet></snippet>
        <description>
&lt;table&gt;
&lt;tr&gt;&lt;td&gt;Longitude: -71.858915&lt;/td&gt;&lt;/tr&gt;
&lt;tr&gt;&lt;td&gt;Latitude: -13.400019&lt;/td&gt;&lt;/tr&gt;
&lt;tr&gt;&lt;td&gt;Altitude: 13589.573 ft&lt;/td&gt;&lt;/tr&gt;
&lt;tr&gt;&lt;td&gt;Speed: 2.5 mph&lt;/td&gt;&lt;/tr&gt;
&lt;tr&gt;&lt;td&gt;Heading: 230.9&lt;/td&gt;&lt;/tr&gt;
&lt;tr&gt;&lt;td&gt;Time: 2021-02-19T18:58:48Z&lt;/td&gt;&lt;/tr&gt;
&lt;/table&gt;
</description>
        <LookAt>
          <longitude>-71.858915</longitude>
          <latitude>-13.400019</latitude>
          <tilt>66</tilt>
        </LookAt>
        <TimeStamp>
          <when>2021-02-19T18:58:48Z</when>
        </TimeStamp>
        <styleUrl>#track</styleUrl>
        <Point>
          <coordinates>-71.858915,-13.400019,4142.10</coordinates>
        </Point>
      </Placemark>
      <Placemark>
        <name>Apu Linli hike - Wikiloc-698</name>
        <snippet></snippet>
        <description>
&lt;table&gt;
&lt;tr&gt;&lt;td&gt;Longitude: -71.858951&lt;/td&gt;&lt;/tr&gt;
&lt;tr&gt;&lt;td&gt;Latitude: -13.400054&lt;/td&gt;&lt;/tr&gt;
&lt;tr&gt;&lt;td&gt;Altitude: 13595.545 ft&lt;/td&gt;&lt;/tr&gt;
&lt;tr&gt;&lt;td&gt;Speed: 2.1 mph&lt;/td&gt;&lt;/tr&gt;
&lt;tr&gt;&lt;td&gt;Heading: 225.0&lt;/td&gt;&lt;/tr&gt;
&lt;tr&gt;&lt;td&gt;Time: 2021-02-19T18:58:54Z&lt;/td&gt;&lt;/tr&gt;
&lt;/table&gt;
</description>
        <LookAt>
          <longitude>-71.858951</longitude>
          <latitude>-13.400054</latitude>
          <tilt>66</tilt>
        </LookAt>
        <TimeStamp>
          <when>2021-02-19T18:58:54Z</when>
        </TimeStamp>
        <styleUrl>#track</styleUrl>
        <Point>
          <coordinates>-71.858951,-13.400054,4143.92</coordinates>
        </Point>
      </Placemark>
      <Placemark>
        <name>Apu Linli hike - Wikiloc-699</name>
        <snippet></snippet>
        <description>
&lt;table&gt;
&lt;tr&gt;&lt;td&gt;Longitude: -71.858950&lt;/td&gt;&lt;/tr&gt;
&lt;tr&gt;&lt;td&gt;Latitude: -13.400110&lt;/td&gt;&lt;/tr&gt;
&lt;tr&gt;&lt;td&gt;Altitude: 13602.060 ft&lt;/td&gt;&lt;/tr&gt;
&lt;tr&gt;&lt;td&gt;Speed: 2.3 mph&lt;/td&gt;&lt;/tr&gt;
&lt;tr&gt;&lt;td&gt;Heading: 179.0&lt;/td&gt;&lt;/tr&gt;
&lt;tr&gt;&lt;td&gt;Time: 2021-02-19T18:59:00Z&lt;/td&gt;&lt;/tr&gt;
&lt;/table&gt;
</description>
        <LookAt>
          <longitude>-71.85895</longitude>
          <latitude>-13.40011</latitude>
          <tilt>66</tilt>
        </LookAt>
        <TimeStamp>
          <when>2021-02-19T18:59:00Z</when>
        </TimeStamp>
        <styleUrl>#track</styleUrl>
        <Point>
          <coordinates>-71.858950,-13.400110,4145.91</coordinates>
        </Point>
      </Placemark>
      <Placemark>
        <name>Apu Linli hike - Wikiloc-700</name>
        <snippet></snippet>
        <description>
&lt;table&gt;
&lt;tr&gt;&lt;td&gt;Longitude: -71.858901&lt;/td&gt;&lt;/tr&gt;
&lt;tr&gt;&lt;td&gt;Latitude: -13.400148&lt;/td&gt;&lt;/tr&gt;
&lt;tr&gt;&lt;td&gt;Altitude: 13606.201 ft&lt;/td&gt;&lt;/tr&gt;
&lt;tr&gt;&lt;td&gt;Speed: 0.2 mph&lt;/td&gt;&lt;/tr&gt;
&lt;tr&gt;&lt;td&gt;Heading: 128.6&lt;/td&gt;&lt;/tr&gt;
&lt;tr&gt;&lt;td&gt;Time: 2021-02-19T19:00:02Z&lt;/td&gt;&lt;/tr&gt;
&lt;/table&gt;
</description>
        <LookAt>
          <longitude>-71.858901</longitude>
          <latitude>-13.400148</latitude>
          <tilt>66</tilt>
        </LookAt>
        <TimeStamp>
          <when>2021-02-19T19:00:02Z</when>
        </TimeStamp>
        <styleUrl>#track</styleUrl>
        <Point>
          <coordinates>-71.858901,-13.400148,4147.17</coordinates>
        </Point>
      </Placemark>
      <Placemark>
        <name>Apu Linli hike - Wikiloc-701</name>
        <snippet></snippet>
        <description>
&lt;table&gt;
&lt;tr&gt;&lt;td&gt;Longitude: -71.858951&lt;/td&gt;&lt;/tr&gt;
&lt;tr&gt;&lt;td&gt;Latitude: -13.400157&lt;/td&gt;&lt;/tr&gt;
&lt;tr&gt;&lt;td&gt;Altitude: 13609.449 ft&lt;/td&gt;&lt;/tr&gt;
&lt;tr&gt;&lt;td&gt;Speed: 4.1 mph&lt;/td&gt;&lt;/tr&gt;
&lt;tr&gt;&lt;td&gt;Heading: 259.5&lt;/td&gt;&lt;/tr&gt;
&lt;tr&gt;&lt;td&gt;Time: 2021-02-19T19:00:05Z&lt;/td&gt;&lt;/tr&gt;
&lt;/table&gt;
</description>
        <LookAt>
          <longitude>-71.858951</longitude>
          <latitude>-13.400157</latitude>
          <tilt>66</tilt>
        </LookAt>
        <TimeStamp>
          <when>2021-02-19T19:00:05Z</when>
        </TimeStamp>
        <styleUrl>#track</styleUrl>
        <Point>
          <coordinates>-71.858951,-13.400157,4148.16</coordinates>
        </Point>
      </Placemark>
      <Placemark>
        <name>Apu Linli hike - Wikiloc-702</name>
        <snippet></snippet>
        <description>
&lt;table&gt;
&lt;tr&gt;&lt;td&gt;Longitude: -71.858988&lt;/td&gt;&lt;/tr&gt;
&lt;tr&gt;&lt;td&gt;Latitude: -13.400184&lt;/td&gt;&lt;/tr&gt;
&lt;tr&gt;&lt;td&gt;Altitude: 13611.270 ft&lt;/td&gt;&lt;/tr&gt;
&lt;tr&gt;&lt;td&gt;Speed: 0.3 mph&lt;/td&gt;&lt;/tr&gt;
&lt;tr&gt;&lt;td&gt;Heading: 233.1&lt;/td&gt;&lt;/tr&gt;
&lt;tr&gt;&lt;td&gt;Time: 2021-02-19T19:00:49Z&lt;/td&gt;&lt;/tr&gt;
&lt;/table&gt;
</description>
        <LookAt>
          <longitude>-71.858988</longitude>
          <latitude>-13.400184</latitude>
          <tilt>66</tilt>
        </LookAt>
        <TimeStamp>
          <when>2021-02-19T19:00:49Z</when>
        </TimeStamp>
        <styleUrl>#track</styleUrl>
        <Point>
          <coordinates>-71.858988,-13.400184,4148.72</coordinates>
        </Point>
      </Placemark>
      <Placemark>
        <name>Apu Linli hike - Wikiloc-703</name>
        <snippet></snippet>
        <description>
&lt;table&gt;
&lt;tr&gt;&lt;td&gt;Longitude: -71.859033&lt;/td&gt;&lt;/tr&gt;
&lt;tr&gt;&lt;td&gt;Latitude: -13.400223&lt;/td&gt;&lt;/tr&gt;
&lt;tr&gt;&lt;td&gt;Altitude: 13618.652 ft&lt;/td&gt;&lt;/tr&gt;
&lt;tr&gt;&lt;td&gt;Speed: 0.3 mph&lt;/td&gt;&lt;/tr&gt;
&lt;tr&gt;&lt;td&gt;Heading: 228.3&lt;/td&gt;&lt;/tr&gt;
&lt;tr&gt;&lt;td&gt;Time: 2021-02-19T19:01:35Z&lt;/td&gt;&lt;/tr&gt;
&lt;/table&gt;
</description>
        <LookAt>
          <longitude>-71.859033</longitude>
          <latitude>-13.400223</latitude>
          <tilt>66</tilt>
        </LookAt>
        <TimeStamp>
          <when>2021-02-19T19:01:35Z</when>
        </TimeStamp>
        <styleUrl>#track</styleUrl>
        <Point>
          <coordinates>-71.859033,-13.400223,4150.97</coordinates>
        </Point>
      </Placemark>
      <Placemark>
        <name>Apu Linli hike - Wikiloc-704</name>
        <snippet></snippet>
        <description>
&lt;table&gt;
&lt;tr&gt;&lt;td&gt;Longitude: -71.859072&lt;/td&gt;&lt;/tr&gt;
&lt;tr&gt;&lt;td&gt;Latitude: -13.400248&lt;/td&gt;&lt;/tr&gt;
&lt;tr&gt;&lt;td&gt;Altitude: 13624.012 ft&lt;/td&gt;&lt;/tr&gt;
&lt;tr&gt;&lt;td&gt;Speed: 2.8 mph&lt;/td&gt;&lt;/tr&gt;
&lt;tr&gt;&lt;td&gt;Heading: 236.6&lt;/td&gt;&lt;/tr&gt;
&lt;tr&gt;&lt;td&gt;Time: 2021-02-19T19:01:39Z&lt;/td&gt;&lt;/tr&gt;
&lt;/table&gt;
</description>
        <LookAt>
          <longitude>-71.859072</longitude>
          <latitude>-13.400248</latitude>
          <tilt>66</tilt>
        </LookAt>
        <TimeStamp>
          <when>2021-02-19T19:01:39Z</when>
        </TimeStamp>
        <styleUrl>#track</styleUrl>
        <Point>
          <coordinates>-71.859072,-13.400248,4152.60</coordinates>
        </Point>
      </Placemark>
      <Placemark>
        <name>Apu Linli hike - Wikiloc-705</name>
        <snippet></snippet>
        <description>
&lt;table&gt;
&lt;tr&gt;&lt;td&gt;Longitude: -71.859104&lt;/td&gt;&lt;/tr&gt;
&lt;tr&gt;&lt;td&gt;Latitude: -13.400297&lt;/td&gt;&lt;/tr&gt;
&lt;tr&gt;&lt;td&gt;Altitude: 13628.100 ft&lt;/td&gt;&lt;/tr&gt;
&lt;tr&gt;&lt;td&gt;Speed: 2.4 mph&lt;/td&gt;&lt;/tr&gt;
&lt;tr&gt;&lt;td&gt;Heading: 212.4&lt;/td&gt;&lt;/tr&gt;
&lt;tr&gt;&lt;td&gt;Time: 2021-02-19T19:01:45Z&lt;/td&gt;&lt;/tr&gt;
&lt;/table&gt;
</description>
        <LookAt>
          <longitude>-71.859104</longitude>
          <latitude>-13.400297</latitude>
          <tilt>66</tilt>
        </LookAt>
        <TimeStamp>
          <when>2021-02-19T19:01:45Z</when>
        </TimeStamp>
        <styleUrl>#track</styleUrl>
        <Point>
          <coordinates>-71.859104,-13.400297,4153.85</coordinates>
        </Point>
      </Placemark>
      <Placemark>
        <name>Apu Linli hike - Wikiloc-706</name>
        <snippet></snippet>
        <description>
&lt;table&gt;
&lt;tr&gt;&lt;td&gt;Longitude: -71.859126&lt;/td&gt;&lt;/tr&gt;
&lt;tr&gt;&lt;td&gt;Latitude: -13.400337&lt;/td&gt;&lt;/tr&gt;
&lt;tr&gt;&lt;td&gt;Altitude: 13631.503 ft&lt;/td&gt;&lt;/tr&gt;
&lt;tr&gt;&lt;td&gt;Speed: 2.8 mph&lt;/td&gt;&lt;/tr&gt;
&lt;tr&gt;&lt;td&gt;Heading: 208.1&lt;/td&gt;&lt;/tr&gt;
&lt;tr&gt;&lt;td&gt;Time: 2021-02-19T19:01:49Z&lt;/td&gt;&lt;/tr&gt;
&lt;/table&gt;
</description>
        <LookAt>
          <longitude>-71.859126</longitude>
          <latitude>-13.400337</latitude>
          <tilt>66</tilt>
        </LookAt>
        <TimeStamp>
          <when>2021-02-19T19:01:49Z</when>
        </TimeStamp>
        <styleUrl>#track</styleUrl>
        <Point>
          <coordinates>-71.859126,-13.400337,4154.88</coordinates>
        </Point>
      </Placemark>
      <Placemark>
        <name>Apu Linli hike - Wikiloc-707</name>
        <snippet></snippet>
        <description>
&lt;table&gt;
&lt;tr&gt;&lt;td&gt;Longitude: -71.859142&lt;/td&gt;&lt;/tr&gt;
&lt;tr&gt;&lt;td&gt;Latitude: -13.400380&lt;/td&gt;&lt;/tr&gt;
&lt;tr&gt;&lt;td&gt;Altitude: 13635.079 ft&lt;/td&gt;&lt;/tr&gt;
&lt;tr&gt;&lt;td&gt;Speed: 1.9 mph&lt;/td&gt;&lt;/tr&gt;
&lt;tr&gt;&lt;td&gt;Heading: 199.9&lt;/td&gt;&lt;/tr&gt;
&lt;tr&gt;&lt;td&gt;Time: 2021-02-19T19:01:55Z&lt;/td&gt;&lt;/tr&gt;
&lt;/table&gt;
</description>
        <LookAt>
          <longitude>-71.859142</longitude>
          <latitude>-13.40038</latitude>
          <tilt>66</tilt>
        </LookAt>
        <TimeStamp>
          <when>2021-02-19T19:01:55Z</when>
        </TimeStamp>
        <styleUrl>#track</styleUrl>
        <Point>
          <coordinates>-71.859142,-13.400380,4155.97</coordinates>
        </Point>
      </Placemark>
      <Placemark>
        <name>Apu Linli hike - Wikiloc-708</name>
        <snippet></snippet>
        <description>
&lt;table&gt;
&lt;tr&gt;&lt;td&gt;Longitude: -71.859177&lt;/td&gt;&lt;/tr&gt;
&lt;tr&gt;&lt;td&gt;Latitude: -13.400420&lt;/td&gt;&lt;/tr&gt;
&lt;tr&gt;&lt;td&gt;Altitude: 13640.679 ft&lt;/td&gt;&lt;/tr&gt;
&lt;tr&gt;&lt;td&gt;Speed: 1.6 mph&lt;/td&gt;&lt;/tr&gt;
&lt;tr&gt;&lt;td&gt;Heading: 220.4&lt;/td&gt;&lt;/tr&gt;
&lt;tr&gt;&lt;td&gt;Time: 2021-02-19T19:02:03Z&lt;/td&gt;&lt;/tr&gt;
&lt;/table&gt;
</description>
        <LookAt>
          <longitude>-71.859177</longitude>
          <latitude>-13.40042</latitude>
          <tilt>66</tilt>
        </LookAt>
        <TimeStamp>
          <when>2021-02-19T19:02:03Z</when>
        </TimeStamp>
        <styleUrl>#track</styleUrl>
        <Point>
          <coordinates>-71.859177,-13.400420,4157.68</coordinates>
        </Point>
      </Placemark>
      <Placemark>
        <name>Apu Linli hike - Wikiloc-709</name>
        <snippet></snippet>
        <description>
&lt;table&gt;
&lt;tr&gt;&lt;td&gt;Longitude: -71.859197&lt;/td&gt;&lt;/tr&gt;
&lt;tr&gt;&lt;td&gt;Latitude: -13.400464&lt;/td&gt;&lt;/tr&gt;
&lt;tr&gt;&lt;td&gt;Altitude: 13647.654 ft&lt;/td&gt;&lt;/tr&gt;
&lt;tr&gt;&lt;td&gt;Speed: 1.5 mph&lt;/td&gt;&lt;/tr&gt;
&lt;tr&gt;&lt;td&gt;Heading: 203.9&lt;/td&gt;&lt;/tr&gt;
&lt;tr&gt;&lt;td&gt;Time: 2021-02-19T19:02:11Z&lt;/td&gt;&lt;/tr&gt;
&lt;/table&gt;
</description>
        <LookAt>
          <longitude>-71.859197</longitude>
          <latitude>-13.400464</latitude>
          <tilt>66</tilt>
        </LookAt>
        <TimeStamp>
          <when>2021-02-19T19:02:11Z</when>
        </TimeStamp>
        <styleUrl>#track</styleUrl>
        <Point>
          <coordinates>-71.859197,-13.400464,4159.81</coordinates>
        </Point>
      </Placemark>
      <Placemark>
        <name>Apu Linli hike - Wikiloc-710</name>
        <snippet></snippet>
        <description>
&lt;table&gt;
&lt;tr&gt;&lt;td&gt;Longitude: -71.859229&lt;/td&gt;&lt;/tr&gt;
&lt;tr&gt;&lt;td&gt;Latitude: -13.400510&lt;/td&gt;&lt;/tr&gt;
&lt;tr&gt;&lt;td&gt;Altitude: 13654.938 ft&lt;/td&gt;&lt;/tr&gt;
&lt;tr&gt;&lt;td&gt;Speed: 1.7 mph&lt;/td&gt;&lt;/tr&gt;
&lt;tr&gt;&lt;td&gt;Heading: 214.1&lt;/td&gt;&lt;/tr&gt;
&lt;tr&gt;&lt;td&gt;Time: 2021-02-19T19:02:19Z&lt;/td&gt;&lt;/tr&gt;
&lt;/table&gt;
</description>
        <LookAt>
          <longitude>-71.859229</longitude>
          <latitude>-13.40051</latitude>
          <tilt>66</tilt>
        </LookAt>
        <TimeStamp>
          <when>2021-02-19T19:02:19Z</when>
        </TimeStamp>
        <styleUrl>#track</styleUrl>
        <Point>
          <coordinates>-71.859229,-13.400510,4162.02</coordinates>
        </Point>
      </Placemark>
      <Placemark>
        <name>Apu Linli hike - Wikiloc-711</name>
        <snippet></snippet>
        <description>
&lt;table&gt;
&lt;tr&gt;&lt;td&gt;Longitude: -71.859240&lt;/td&gt;&lt;/tr&gt;
&lt;tr&gt;&lt;td&gt;Latitude: -13.400457&lt;/td&gt;&lt;/tr&gt;
&lt;tr&gt;&lt;td&gt;Altitude: 13661.115 ft&lt;/td&gt;&lt;/tr&gt;
&lt;tr&gt;&lt;td&gt;Speed: 0.4 mph&lt;/td&gt;&lt;/tr&gt;
&lt;tr&gt;&lt;td&gt;Heading: 348.6&lt;/td&gt;&lt;/tr&gt;
&lt;tr&gt;&lt;td&gt;Time: 2021-02-19T19:02:55Z&lt;/td&gt;&lt;/tr&gt;
&lt;/table&gt;
</description>
        <LookAt>
          <longitude>-71.85924</longitude>
          <latitude>-13.400457</latitude>
          <tilt>66</tilt>
        </LookAt>
        <TimeStamp>
          <when>2021-02-19T19:02:55Z</when>
        </TimeStamp>
        <styleUrl>#track</styleUrl>
        <Point>
          <coordinates>-71.859240,-13.400457,4163.91</coordinates>
        </Point>
      </Placemark>
      <Placemark>
        <name>Apu Linli hike - Wikiloc-712</name>
        <snippet></snippet>
        <description>
&lt;table&gt;
&lt;tr&gt;&lt;td&gt;Longitude: -71.859282&lt;/td&gt;&lt;/tr&gt;
&lt;tr&gt;&lt;td&gt;Latitude: -13.400490&lt;/td&gt;&lt;/tr&gt;
&lt;tr&gt;&lt;td&gt;Altitude: 13666.808 ft&lt;/td&gt;&lt;/tr&gt;
&lt;tr&gt;&lt;td&gt;Speed: 1.6 mph&lt;/td&gt;&lt;/tr&gt;
&lt;tr&gt;&lt;td&gt;Heading: 231.1&lt;/td&gt;&lt;/tr&gt;
&lt;tr&gt;&lt;td&gt;Time: 2021-02-19T19:03:03Z&lt;/td&gt;&lt;/tr&gt;
&lt;/table&gt;
</description>
        <LookAt>
          <longitude>-71.859282</longitude>
          <latitude>-13.40049</latitude>
          <tilt>66</tilt>
        </LookAt>
        <TimeStamp>
          <when>2021-02-19T19:03:03Z</when>
        </TimeStamp>
        <styleUrl>#track</styleUrl>
        <Point>
          <coordinates>-71.859282,-13.400490,4165.64</coordinates>
        </Point>
      </Placemark>
      <Placemark>
        <name>Apu Linli hike - Wikiloc-713</name>
        <snippet></snippet>
        <description>
&lt;table&gt;
&lt;tr&gt;&lt;td&gt;Longitude: -71.859336&lt;/td&gt;&lt;/tr&gt;
&lt;tr&gt;&lt;td&gt;Latitude: -13.400469&lt;/td&gt;&lt;/tr&gt;
&lt;tr&gt;&lt;td&gt;Altitude: 13674.846 ft&lt;/td&gt;&lt;/tr&gt;
&lt;tr&gt;&lt;td&gt;Speed: 1.4 mph&lt;/td&gt;&lt;/tr&gt;
&lt;tr&gt;&lt;td&gt;Heading: 291.8&lt;/td&gt;&lt;/tr&gt;
&lt;tr&gt;&lt;td&gt;Time: 2021-02-19T19:03:13Z&lt;/td&gt;&lt;/tr&gt;
&lt;/table&gt;
</description>
        <LookAt>
          <longitude>-71.859336</longitude>
          <latitude>-13.400469</latitude>
          <tilt>66</tilt>
        </LookAt>
        <TimeStamp>
          <when>2021-02-19T19:03:13Z</when>
        </TimeStamp>
        <styleUrl>#track</styleUrl>
        <Point>
          <coordinates>-71.859336,-13.400469,4168.09</coordinates>
        </Point>
      </Placemark>
      <Placemark>
        <name>Apu Linli hike - Wikiloc-714</name>
        <snippet></snippet>
        <description>
&lt;table&gt;
&lt;tr&gt;&lt;td&gt;Longitude: -71.859319&lt;/td&gt;&lt;/tr&gt;
&lt;tr&gt;&lt;td&gt;Latitude: -13.400412&lt;/td&gt;&lt;/tr&gt;
&lt;tr&gt;&lt;td&gt;Altitude: 13680.702 ft&lt;/td&gt;&lt;/tr&gt;
&lt;tr&gt;&lt;td&gt;Speed: 2.5 mph&lt;/td&gt;&lt;/tr&gt;
&lt;tr&gt;&lt;td&gt;Heading: 16.2&lt;/td&gt;&lt;/tr&gt;
&lt;tr&gt;&lt;td&gt;Time: 2021-02-19T19:03:19Z&lt;/td&gt;&lt;/tr&gt;
&lt;/table&gt;
</description>
        <LookAt>
          <longitude>-71.859319</longitude>
          <latitude>-13.400412</latitude>
          <tilt>66</tilt>
        </LookAt>
        <TimeStamp>
          <when>2021-02-19T19:03:19Z</when>
        </TimeStamp>
        <styleUrl>#track</styleUrl>
        <Point>
          <coordinates>-71.859319,-13.400412,4169.88</coordinates>
        </Point>
      </Placemark>
      <Placemark>
        <name>Apu Linli hike - Wikiloc-715</name>
        <snippet></snippet>
        <description>
&lt;table&gt;
&lt;tr&gt;&lt;td&gt;Longitude: -71.859330&lt;/td&gt;&lt;/tr&gt;
&lt;tr&gt;&lt;td&gt;Latitude: -13.400368&lt;/td&gt;&lt;/tr&gt;
&lt;tr&gt;&lt;td&gt;Altitude: 13685.984 ft&lt;/td&gt;&lt;/tr&gt;
&lt;tr&gt;&lt;td&gt;Speed: 1.4 mph&lt;/td&gt;&lt;/tr&gt;
&lt;tr&gt;&lt;td&gt;Heading: 346.3&lt;/td&gt;&lt;/tr&gt;
&lt;tr&gt;&lt;td&gt;Time: 2021-02-19T19:03:27Z&lt;/td&gt;&lt;/tr&gt;
&lt;/table&gt;
</description>
        <LookAt>
          <longitude>-71.85933</longitude>
          <latitude>-13.400368</latitude>
          <tilt>66</tilt>
        </LookAt>
        <TimeStamp>
          <when>2021-02-19T19:03:27Z</when>
        </TimeStamp>
        <styleUrl>#track</styleUrl>
        <Point>
          <coordinates>-71.859330,-13.400368,4171.49</coordinates>
        </Point>
      </Placemark>
      <Placemark>
        <name>Apu Linli hike - Wikiloc-716</name>
        <snippet></snippet>
        <description>
&lt;table&gt;
&lt;tr&gt;&lt;td&gt;Longitude: -71.859366&lt;/td&gt;&lt;/tr&gt;
&lt;tr&gt;&lt;td&gt;Latitude: -13.400336&lt;/td&gt;&lt;/tr&gt;
&lt;tr&gt;&lt;td&gt;Altitude: 13694.593 ft&lt;/td&gt;&lt;/tr&gt;
&lt;tr&gt;&lt;td&gt;Speed: 1.2 mph&lt;/td&gt;&lt;/tr&gt;
&lt;tr&gt;&lt;td&gt;Heading: 312.4&lt;/td&gt;&lt;/tr&gt;
&lt;tr&gt;&lt;td&gt;Time: 2021-02-19T19:03:37Z&lt;/td&gt;&lt;/tr&gt;
&lt;/table&gt;
</description>
        <LookAt>
          <longitude>-71.859366</longitude>
          <latitude>-13.400336</latitude>
          <tilt>66</tilt>
        </LookAt>
        <TimeStamp>
          <when>2021-02-19T19:03:37Z</when>
        </TimeStamp>
        <styleUrl>#track</styleUrl>
        <Point>
          <coordinates>-71.859366,-13.400336,4174.11</coordinates>
        </Point>
      </Placemark>
      <Placemark>
        <name>Apu Linli hike - Wikiloc-717</name>
        <snippet></snippet>
        <description>
&lt;table&gt;
&lt;tr&gt;&lt;td&gt;Longitude: -71.859417&lt;/td&gt;&lt;/tr&gt;
&lt;tr&gt;&lt;td&gt;Latitude: -13.400340&lt;/td&gt;&lt;/tr&gt;
&lt;tr&gt;&lt;td&gt;Altitude: 13701.339 ft&lt;/td&gt;&lt;/tr&gt;
&lt;tr&gt;&lt;td&gt;Speed: 1.2 mph&lt;/td&gt;&lt;/tr&gt;
&lt;tr&gt;&lt;td&gt;Heading: 265.4&lt;/td&gt;&lt;/tr&gt;
&lt;tr&gt;&lt;td&gt;Time: 2021-02-19T19:03:47Z&lt;/td&gt;&lt;/tr&gt;
&lt;/table&gt;
</description>
        <LookAt>
          <longitude>-71.859417</longitude>
          <latitude>-13.40034</latitude>
          <tilt>66</tilt>
        </LookAt>
        <TimeStamp>
          <when>2021-02-19T19:03:47Z</when>
        </TimeStamp>
        <styleUrl>#track</styleUrl>
        <Point>
          <coordinates>-71.859417,-13.400340,4176.17</coordinates>
        </Point>
      </Placemark>
      <Placemark>
        <name>Apu Linli hike - Wikiloc-718</name>
        <snippet></snippet>
        <description>
&lt;table&gt;
&lt;tr&gt;&lt;td&gt;Longitude: -71.859464&lt;/td&gt;&lt;/tr&gt;
&lt;tr&gt;&lt;td&gt;Latitude: -13.400338&lt;/td&gt;&lt;/tr&gt;
&lt;tr&gt;&lt;td&gt;Altitude: 13706.316 ft&lt;/td&gt;&lt;/tr&gt;
&lt;tr&gt;&lt;td&gt;Speed: 0.6 mph&lt;/td&gt;&lt;/tr&gt;
&lt;tr&gt;&lt;td&gt;Heading: 272.5&lt;/td&gt;&lt;/tr&gt;
&lt;tr&gt;&lt;td&gt;Time: 2021-02-19T19:04:07Z&lt;/td&gt;&lt;/tr&gt;
&lt;/table&gt;
</description>
        <LookAt>
          <longitude>-71.859464</longitude>
          <latitude>-13.400338</latitude>
          <tilt>66</tilt>
        </LookAt>
        <TimeStamp>
          <when>2021-02-19T19:04:07Z</when>
        </TimeStamp>
        <styleUrl>#track</styleUrl>
        <Point>
          <coordinates>-71.859464,-13.400338,4177.69</coordinates>
        </Point>
      </Placemark>
      <Placemark>
        <name>Apu Linli hike - Wikiloc-719</name>
        <snippet></snippet>
        <description>
&lt;table&gt;
&lt;tr&gt;&lt;td&gt;Longitude: -71.859499&lt;/td&gt;&lt;/tr&gt;
&lt;tr&gt;&lt;td&gt;Latitude: -13.400372&lt;/td&gt;&lt;/tr&gt;
&lt;tr&gt;&lt;td&gt;Altitude: 13710.187 ft&lt;/td&gt;&lt;/tr&gt;
&lt;tr&gt;&lt;td&gt;Speed: 0.9 mph&lt;/td&gt;&lt;/tr&gt;
&lt;tr&gt;&lt;td&gt;Heading: 225.0&lt;/td&gt;&lt;/tr&gt;
&lt;tr&gt;&lt;td&gt;Time: 2021-02-19T19:04:21Z&lt;/td&gt;&lt;/tr&gt;
&lt;/table&gt;
</description>
        <LookAt>
          <longitude>-71.859499</longitude>
          <latitude>-13.400372</latitude>
          <tilt>66</tilt>
        </LookAt>
        <TimeStamp>
          <when>2021-02-19T19:04:21Z</when>
        </TimeStamp>
        <styleUrl>#track</styleUrl>
        <Point>
          <coordinates>-71.859499,-13.400372,4178.86</coordinates>
        </Point>
      </Placemark>
      <Placemark>
        <name>Apu Linli hike - Wikiloc-720</name>
        <snippet></snippet>
        <description>
&lt;table&gt;
&lt;tr&gt;&lt;td&gt;Longitude: -71.859493&lt;/td&gt;&lt;/tr&gt;
&lt;tr&gt;&lt;td&gt;Latitude: -13.400320&lt;/td&gt;&lt;/tr&gt;
&lt;tr&gt;&lt;td&gt;Altitude: 13711.719 ft&lt;/td&gt;&lt;/tr&gt;
&lt;tr&gt;&lt;td&gt;Speed: 3.3 mph&lt;/td&gt;&lt;/tr&gt;
&lt;tr&gt;&lt;td&gt;Heading: 6.4&lt;/td&gt;&lt;/tr&gt;
&lt;tr&gt;&lt;td&gt;Time: 2021-02-19T19:04:25Z&lt;/td&gt;&lt;/tr&gt;
&lt;/table&gt;
</description>
        <LookAt>
          <longitude>-71.859493</longitude>
          <latitude>-13.40032</latitude>
          <tilt>66</tilt>
        </LookAt>
        <TimeStamp>
          <when>2021-02-19T19:04:25Z</when>
        </TimeStamp>
        <styleUrl>#track</styleUrl>
        <Point>
          <coordinates>-71.859493,-13.400320,4179.33</coordinates>
        </Point>
      </Placemark>
      <Placemark>
        <name>Apu Linli hike - Wikiloc-721</name>
        <snippet></snippet>
        <description>
&lt;table&gt;
&lt;tr&gt;&lt;td&gt;Longitude: -71.859533&lt;/td&gt;&lt;/tr&gt;
&lt;tr&gt;&lt;td&gt;Latitude: -13.400344&lt;/td&gt;&lt;/tr&gt;
&lt;tr&gt;&lt;td&gt;Altitude: 13716.509 ft&lt;/td&gt;&lt;/tr&gt;
&lt;tr&gt;&lt;td&gt;Speed: 2.3 mph&lt;/td&gt;&lt;/tr&gt;
&lt;tr&gt;&lt;td&gt;Heading: 238.3&lt;/td&gt;&lt;/tr&gt;
&lt;tr&gt;&lt;td&gt;Time: 2021-02-19T19:04:30Z&lt;/td&gt;&lt;/tr&gt;
&lt;/table&gt;
</description>
        <LookAt>
          <longitude>-71.859533</longitude>
          <latitude>-13.400344</latitude>
          <tilt>66</tilt>
        </LookAt>
        <TimeStamp>
          <when>2021-02-19T19:04:30Z</when>
        </TimeStamp>
        <styleUrl>#track</styleUrl>
        <Point>
          <coordinates>-71.859533,-13.400344,4180.79</coordinates>
        </Point>
      </Placemark>
      <Placemark>
        <name>Apu Linli hike - Wikiloc-722</name>
        <snippet></snippet>
        <description>
&lt;table&gt;
&lt;tr&gt;&lt;td&gt;Longitude: -71.859569&lt;/td&gt;&lt;/tr&gt;
&lt;tr&gt;&lt;td&gt;Latitude: -13.400383&lt;/td&gt;&lt;/tr&gt;
&lt;tr&gt;&lt;td&gt;Altitude: 13725.102 ft&lt;/td&gt;&lt;/tr&gt;
&lt;tr&gt;&lt;td&gt;Speed: 1.6 mph&lt;/td&gt;&lt;/tr&gt;
&lt;tr&gt;&lt;td&gt;Heading: 221.9&lt;/td&gt;&lt;/tr&gt;
&lt;tr&gt;&lt;td&gt;Time: 2021-02-19T19:04:38Z&lt;/td&gt;&lt;/tr&gt;
&lt;/table&gt;
</description>
        <LookAt>
          <longitude>-71.859569</longitude>
          <latitude>-13.400383</latitude>
          <tilt>66</tilt>
        </LookAt>
        <TimeStamp>
          <when>2021-02-19T19:04:38Z</when>
        </TimeStamp>
        <styleUrl>#track</styleUrl>
        <Point>
          <coordinates>-71.859569,-13.400383,4183.41</coordinates>
        </Point>
      </Placemark>
      <Placemark>
        <name>Apu Linli hike - Wikiloc-723</name>
        <snippet></snippet>
        <description>
&lt;table&gt;
&lt;tr&gt;&lt;td&gt;Longitude: -71.859578&lt;/td&gt;&lt;/tr&gt;
&lt;tr&gt;&lt;td&gt;Latitude: -13.400428&lt;/td&gt;&lt;/tr&gt;
&lt;tr&gt;&lt;td&gt;Altitude: 13734.934 ft&lt;/td&gt;&lt;/tr&gt;
&lt;tr&gt;&lt;td&gt;Speed: 0.8 mph&lt;/td&gt;&lt;/tr&gt;
&lt;tr&gt;&lt;td&gt;Heading: 191.0&lt;/td&gt;&lt;/tr&gt;
&lt;tr&gt;&lt;td&gt;Time: 2021-02-19T19:04:53Z&lt;/td&gt;&lt;/tr&gt;
&lt;/table&gt;
</description>
        <LookAt>
          <longitude>-71.859578</longitude>
          <latitude>-13.400428</latitude>
          <tilt>66</tilt>
        </LookAt>
        <TimeStamp>
          <when>2021-02-19T19:04:53Z</when>
        </TimeStamp>
        <styleUrl>#track</styleUrl>
        <Point>
          <coordinates>-71.859578,-13.400428,4186.41</coordinates>
        </Point>
      </Placemark>
      <Placemark>
        <name>Apu Linli hike - Wikiloc-724</name>
        <snippet></snippet>
        <description>
&lt;table&gt;
&lt;tr&gt;&lt;td&gt;Longitude: -71.859641&lt;/td&gt;&lt;/tr&gt;
&lt;tr&gt;&lt;td&gt;Latitude: -13.400420&lt;/td&gt;&lt;/tr&gt;
&lt;tr&gt;&lt;td&gt;Altitude: 13743.566 ft&lt;/td&gt;&lt;/tr&gt;
&lt;tr&gt;&lt;td&gt;Speed: 0.5 mph&lt;/td&gt;&lt;/tr&gt;
&lt;tr&gt;&lt;td&gt;Heading: 277.4&lt;/td&gt;&lt;/tr&gt;
&lt;tr&gt;&lt;td&gt;Time: 2021-02-19T19:05:22Z&lt;/td&gt;&lt;/tr&gt;
&lt;/table&gt;
</description>
        <LookAt>
          <longitude>-71.859641</longitude>
          <latitude>-13.40042</latitude>
          <tilt>66</tilt>
        </LookAt>
        <TimeStamp>
          <when>2021-02-19T19:05:22Z</when>
        </TimeStamp>
        <styleUrl>#track</styleUrl>
        <Point>
          <coordinates>-71.859641,-13.400420,4189.04</coordinates>
        </Point>
      </Placemark>
      <Placemark>
        <name>Apu Linli hike - Wikiloc-725</name>
        <snippet></snippet>
        <description>
&lt;table&gt;
&lt;tr&gt;&lt;td&gt;Longitude: -71.859612&lt;/td&gt;&lt;/tr&gt;
&lt;tr&gt;&lt;td&gt;Latitude: -13.400485&lt;/td&gt;&lt;/tr&gt;
&lt;tr&gt;&lt;td&gt;Altitude: 13756.755 ft&lt;/td&gt;&lt;/tr&gt;
&lt;tr&gt;&lt;td&gt;Speed: 1.0 mph&lt;/td&gt;&lt;/tr&gt;
&lt;tr&gt;&lt;td&gt;Heading: 156.5&lt;/td&gt;&lt;/tr&gt;
&lt;tr&gt;&lt;td&gt;Time: 2021-02-19T19:05:39Z&lt;/td&gt;&lt;/tr&gt;
&lt;/table&gt;
</description>
        <LookAt>
          <longitude>-71.859612</longitude>
          <latitude>-13.400485</latitude>
          <tilt>66</tilt>
        </LookAt>
        <TimeStamp>
          <when>2021-02-19T19:05:39Z</when>
        </TimeStamp>
        <styleUrl>#track</styleUrl>
        <Point>
          <coordinates>-71.859612,-13.400485,4193.06</coordinates>
        </Point>
      </Placemark>
      <Placemark>
        <name>Apu Linli hike - Wikiloc-726</name>
        <snippet></snippet>
        <description>
&lt;table&gt;
&lt;tr&gt;&lt;td&gt;Longitude: -71.859653&lt;/td&gt;&lt;/tr&gt;
&lt;tr&gt;&lt;td&gt;Latitude: -13.400463&lt;/td&gt;&lt;/tr&gt;
&lt;tr&gt;&lt;td&gt;Altitude: 13764.022 ft&lt;/td&gt;&lt;/tr&gt;
&lt;tr&gt;&lt;td&gt;Speed: 0.2 mph&lt;/td&gt;&lt;/tr&gt;
&lt;tr&gt;&lt;td&gt;Heading: 298.9&lt;/td&gt;&lt;/tr&gt;
&lt;tr&gt;&lt;td&gt;Time: 2021-02-19T19:06:52Z&lt;/td&gt;&lt;/tr&gt;
&lt;/table&gt;
</description>
        <LookAt>
          <longitude>-71.859653</longitude>
          <latitude>-13.400463</latitude>
          <tilt>66</tilt>
        </LookAt>
        <TimeStamp>
          <when>2021-02-19T19:06:52Z</when>
        </TimeStamp>
        <styleUrl>#track</styleUrl>
        <Point>
          <coordinates>-71.859653,-13.400463,4195.27</coordinates>
        </Point>
      </Placemark>
      <Placemark>
        <name>Apu Linli hike - Wikiloc-727</name>
        <snippet></snippet>
        <description>
&lt;table&gt;
&lt;tr&gt;&lt;td&gt;Longitude: -71.859694&lt;/td&gt;&lt;/tr&gt;
&lt;tr&gt;&lt;td&gt;Latitude: -13.400489&lt;/td&gt;&lt;/tr&gt;
&lt;tr&gt;&lt;td&gt;Altitude: 13775.899 ft&lt;/td&gt;&lt;/tr&gt;
&lt;tr&gt;&lt;td&gt;Speed: 2.0 mph&lt;/td&gt;&lt;/tr&gt;
&lt;tr&gt;&lt;td&gt;Heading: 236.9&lt;/td&gt;&lt;/tr&gt;
&lt;tr&gt;&lt;td&gt;Time: 2021-02-19T19:06:58Z&lt;/td&gt;&lt;/tr&gt;
&lt;/table&gt;
</description>
        <LookAt>
          <longitude>-71.859694</longitude>
          <latitude>-13.400489</latitude>
          <tilt>66</tilt>
        </LookAt>
        <TimeStamp>
          <when>2021-02-19T19:06:58Z</when>
        </TimeStamp>
        <styleUrl>#track</styleUrl>
        <Point>
          <coordinates>-71.859694,-13.400489,4198.89</coordinates>
        </Point>
      </Placemark>
      <Placemark>
        <name>Apu Linli hike - Wikiloc-728</name>
        <snippet></snippet>
        <description>
&lt;table&gt;
&lt;tr&gt;&lt;td&gt;Longitude: -71.859737&lt;/td&gt;&lt;/tr&gt;
&lt;tr&gt;&lt;td&gt;Latitude: -13.400505&lt;/td&gt;&lt;/tr&gt;
&lt;tr&gt;&lt;td&gt;Altitude: 13787.822 ft&lt;/td&gt;&lt;/tr&gt;
&lt;tr&gt;&lt;td&gt;Speed: 1.6 mph&lt;/td&gt;&lt;/tr&gt;
&lt;tr&gt;&lt;td&gt;Heading: 249.1&lt;/td&gt;&lt;/tr&gt;
&lt;tr&gt;&lt;td&gt;Time: 2021-02-19T19:07:05Z&lt;/td&gt;&lt;/tr&gt;
&lt;/table&gt;
</description>
        <LookAt>
          <longitude>-71.859737</longitude>
          <latitude>-13.400505</latitude>
          <tilt>66</tilt>
        </LookAt>
        <TimeStamp>
          <when>2021-02-19T19:07:05Z</when>
        </TimeStamp>
        <styleUrl>#track</styleUrl>
        <Point>
          <coordinates>-71.859737,-13.400505,4202.53</coordinates>
        </Point>
      </Placemark>
      <Placemark>
        <name>Apu Linli hike - Wikiloc-729</name>
        <snippet></snippet>
        <description>
&lt;table&gt;
&lt;tr&gt;&lt;td&gt;Longitude: -71.859795&lt;/td&gt;&lt;/tr&gt;
&lt;tr&gt;&lt;td&gt;Latitude: -13.400508&lt;/td&gt;&lt;/tr&gt;
&lt;tr&gt;&lt;td&gt;Altitude: 13788.858 ft&lt;/td&gt;&lt;/tr&gt;
&lt;tr&gt;&lt;td&gt;Speed: 1.6 mph&lt;/td&gt;&lt;/tr&gt;
&lt;tr&gt;&lt;td&gt;Heading: 267.0&lt;/td&gt;&lt;/tr&gt;
&lt;tr&gt;&lt;td&gt;Time: 2021-02-19T19:07:14Z&lt;/td&gt;&lt;/tr&gt;
&lt;/table&gt;
</description>
        <LookAt>
          <longitude>-71.859795</longitude>
          <latitude>-13.400508</latitude>
          <tilt>66</tilt>
        </LookAt>
        <TimeStamp>
          <when>2021-02-19T19:07:14Z</when>
        </TimeStamp>
        <styleUrl>#track</styleUrl>
        <Point>
          <coordinates>-71.859795,-13.400508,4202.84</coordinates>
        </Point>
      </Placemark>
      <Placemark>
        <name>Apu Linli hike - Wikiloc-730</name>
        <snippet></snippet>
        <description>
&lt;table&gt;
&lt;tr&gt;&lt;td&gt;Longitude: -71.859843&lt;/td&gt;&lt;/tr&gt;
&lt;tr&gt;&lt;td&gt;Latitude: -13.400500&lt;/td&gt;&lt;/tr&gt;
&lt;tr&gt;&lt;td&gt;Altitude: 13794.787 ft&lt;/td&gt;&lt;/tr&gt;
&lt;tr&gt;&lt;td&gt;Speed: 1.7 mph&lt;/td&gt;&lt;/tr&gt;
&lt;tr&gt;&lt;td&gt;Heading: 279.7&lt;/td&gt;&lt;/tr&gt;
&lt;tr&gt;&lt;td&gt;Time: 2021-02-19T19:07:21Z&lt;/td&gt;&lt;/tr&gt;
&lt;/table&gt;
</description>
        <LookAt>
          <longitude>-71.859843</longitude>
          <latitude>-13.4005</latitude>
          <tilt>66</tilt>
        </LookAt>
        <TimeStamp>
          <when>2021-02-19T19:07:21Z</when>
        </TimeStamp>
        <styleUrl>#track</styleUrl>
        <Point>
          <coordinates>-71.859843,-13.400500,4204.65</coordinates>
        </Point>
      </Placemark>
      <Placemark>
        <name>Apu Linli hike - Wikiloc-731</name>
        <snippet></snippet>
        <description>
&lt;table&gt;
&lt;tr&gt;&lt;td&gt;Longitude: -71.859890&lt;/td&gt;&lt;/tr&gt;
&lt;tr&gt;&lt;td&gt;Latitude: -13.400487&lt;/td&gt;&lt;/tr&gt;
&lt;tr&gt;&lt;td&gt;Altitude: 13802.890 ft&lt;/td&gt;&lt;/tr&gt;
&lt;tr&gt;&lt;td&gt;Speed: 0.6 mph&lt;/td&gt;&lt;/tr&gt;
&lt;tr&gt;&lt;td&gt;Heading: 285.9&lt;/td&gt;&lt;/tr&gt;
&lt;tr&gt;&lt;td&gt;Time: 2021-02-19T19:07:40Z&lt;/td&gt;&lt;/tr&gt;
&lt;/table&gt;
</description>
        <LookAt>
          <longitude>-71.85989</longitude>
          <latitude>-13.400487</latitude>
          <tilt>66</tilt>
        </LookAt>
        <TimeStamp>
          <when>2021-02-19T19:07:40Z</when>
        </TimeStamp>
        <styleUrl>#track</styleUrl>
        <Point>
          <coordinates>-71.859890,-13.400487,4207.12</coordinates>
        </Point>
      </Placemark>
      <Placemark>
        <name>Apu Linli hike - Wikiloc-732</name>
        <snippet></snippet>
        <description>
&lt;table&gt;
&lt;tr&gt;&lt;td&gt;Longitude: -71.859872&lt;/td&gt;&lt;/tr&gt;
&lt;tr&gt;&lt;td&gt;Latitude: -13.400427&lt;/td&gt;&lt;/tr&gt;
&lt;tr&gt;&lt;td&gt;Altitude: 13816.099 ft&lt;/td&gt;&lt;/tr&gt;
&lt;tr&gt;&lt;td&gt;Speed: 0.1 mph&lt;/td&gt;&lt;/tr&gt;
&lt;tr&gt;&lt;td&gt;Heading: 16.3&lt;/td&gt;&lt;/tr&gt;
&lt;tr&gt;&lt;td&gt;Time: 2021-02-19T19:10:08Z&lt;/td&gt;&lt;/tr&gt;
&lt;/table&gt;
</description>
        <LookAt>
          <longitude>-71.859872</longitude>
          <latitude>-13.400427</latitude>
          <tilt>66</tilt>
        </LookAt>
        <TimeStamp>
          <when>2021-02-19T19:10:08Z</when>
        </TimeStamp>
        <styleUrl>#track</styleUrl>
        <Point>
          <coordinates>-71.859872,-13.400427,4211.15</coordinates>
        </Point>
      </Placemark>
      <Placemark>
        <name>Apu Linli hike - Wikiloc-733</name>
        <snippet></snippet>
        <description>
&lt;table&gt;
&lt;tr&gt;&lt;td&gt;Longitude: -71.859833&lt;/td&gt;&lt;/tr&gt;
&lt;tr&gt;&lt;td&gt;Latitude: -13.400401&lt;/td&gt;&lt;/tr&gt;
&lt;tr&gt;&lt;td&gt;Altitude: 13823.258 ft&lt;/td&gt;&lt;/tr&gt;
&lt;tr&gt;&lt;td&gt;Speed: 1.9 mph&lt;/td&gt;&lt;/tr&gt;
&lt;tr&gt;&lt;td&gt;Heading: 55.6&lt;/td&gt;&lt;/tr&gt;
&lt;tr&gt;&lt;td&gt;Time: 2021-02-19T19:10:14Z&lt;/td&gt;&lt;/tr&gt;
&lt;/table&gt;
</description>
        <LookAt>
          <longitude>-71.859833</longitude>
          <latitude>-13.400401</latitude>
          <tilt>66</tilt>
        </LookAt>
        <TimeStamp>
          <when>2021-02-19T19:10:14Z</when>
        </TimeStamp>
        <styleUrl>#track</styleUrl>
        <Point>
          <coordinates>-71.859833,-13.400401,4213.33</coordinates>
        </Point>
      </Placemark>
      <Placemark>
        <name>Apu Linli hike - Wikiloc-734</name>
        <snippet></snippet>
        <description>
&lt;table&gt;
&lt;tr&gt;&lt;td&gt;Longitude: -71.859863&lt;/td&gt;&lt;/tr&gt;
&lt;tr&gt;&lt;td&gt;Latitude: -13.400351&lt;/td&gt;&lt;/tr&gt;
&lt;tr&gt;&lt;td&gt;Altitude: 13830.449 ft&lt;/td&gt;&lt;/tr&gt;
&lt;tr&gt;&lt;td&gt;Speed: 1.0 mph&lt;/td&gt;&lt;/tr&gt;
&lt;tr&gt;&lt;td&gt;Heading: 329.7&lt;/td&gt;&lt;/tr&gt;
&lt;tr&gt;&lt;td&gt;Time: 2021-02-19T19:10:28Z&lt;/td&gt;&lt;/tr&gt;
&lt;/table&gt;
</description>
        <LookAt>
          <longitude>-71.859863</longitude>
          <latitude>-13.400351</latitude>
          <tilt>66</tilt>
        </LookAt>
        <TimeStamp>
          <when>2021-02-19T19:10:28Z</when>
        </TimeStamp>
        <styleUrl>#track</styleUrl>
        <Point>
          <coordinates>-71.859863,-13.400351,4215.52</coordinates>
        </Point>
      </Placemark>
      <Placemark>
        <name>Apu Linli hike - Wikiloc-735</name>
        <snippet></snippet>
        <description>
&lt;table&gt;
&lt;tr&gt;&lt;td&gt;Longitude: -71.859892&lt;/td&gt;&lt;/tr&gt;
&lt;tr&gt;&lt;td&gt;Latitude: -13.400311&lt;/td&gt;&lt;/tr&gt;
&lt;tr&gt;&lt;td&gt;Altitude: 13837.625 ft&lt;/td&gt;&lt;/tr&gt;
&lt;tr&gt;&lt;td&gt;Speed: 0.9 mph&lt;/td&gt;&lt;/tr&gt;
&lt;tr&gt;&lt;td&gt;Heading: 324.8&lt;/td&gt;&lt;/tr&gt;
&lt;tr&gt;&lt;td&gt;Time: 2021-02-19T19:10:42Z&lt;/td&gt;&lt;/tr&gt;
&lt;/table&gt;
</description>
        <LookAt>
          <longitude>-71.859892</longitude>
          <latitude>-13.400311</latitude>
          <tilt>66</tilt>
        </LookAt>
        <TimeStamp>
          <when>2021-02-19T19:10:42Z</when>
        </TimeStamp>
        <styleUrl>#track</styleUrl>
        <Point>
          <coordinates>-71.859892,-13.400311,4217.71</coordinates>
        </Point>
      </Placemark>
      <Placemark>
        <name>Apu Linli hike - Wikiloc-736</name>
        <snippet></snippet>
        <description>
&lt;table&gt;
&lt;tr&gt;&lt;td&gt;Longitude: -71.859915&lt;/td&gt;&lt;/tr&gt;
&lt;tr&gt;&lt;td&gt;Latitude: -13.400263&lt;/td&gt;&lt;/tr&gt;
&lt;tr&gt;&lt;td&gt;Altitude: 13846.818 ft&lt;/td&gt;&lt;/tr&gt;
&lt;tr&gt;&lt;td&gt;Speed: 0.2 mph&lt;/td&gt;&lt;/tr&gt;
&lt;tr&gt;&lt;td&gt;Heading: 335.0&lt;/td&gt;&lt;/tr&gt;
&lt;tr&gt;&lt;td&gt;Time: 2021-02-19T19:11:40Z&lt;/td&gt;&lt;/tr&gt;
&lt;/table&gt;
</description>
        <LookAt>
          <longitude>-71.859915</longitude>
          <latitude>-13.400263</latitude>
          <tilt>66</tilt>
        </LookAt>
        <TimeStamp>
          <when>2021-02-19T19:11:40Z</when>
        </TimeStamp>
        <styleUrl>#track</styleUrl>
        <Point>
          <coordinates>-71.859915,-13.400263,4220.51</coordinates>
        </Point>
      </Placemark>
      <Placemark>
        <name>Apu Linli hike - Wikiloc-737</name>
        <snippet></snippet>
        <description>
&lt;table&gt;
&lt;tr&gt;&lt;td&gt;Longitude: -71.859963&lt;/td&gt;&lt;/tr&gt;
&lt;tr&gt;&lt;td&gt;Latitude: -13.400254&lt;/td&gt;&lt;/tr&gt;
&lt;tr&gt;&lt;td&gt;Altitude: 13859.974 ft&lt;/td&gt;&lt;/tr&gt;
&lt;tr&gt;&lt;td&gt;Speed: 0.1 mph&lt;/td&gt;&lt;/tr&gt;
&lt;tr&gt;&lt;td&gt;Heading: 280.9&lt;/td&gt;&lt;/tr&gt;
&lt;tr&gt;&lt;td&gt;Time: 2021-02-19T19:13:56Z&lt;/td&gt;&lt;/tr&gt;
&lt;/table&gt;
</description>
        <LookAt>
          <longitude>-71.859963</longitude>
          <latitude>-13.400254</latitude>
          <tilt>66</tilt>
        </LookAt>
        <TimeStamp>
          <when>2021-02-19T19:13:56Z</when>
        </TimeStamp>
        <styleUrl>#track</styleUrl>
        <Point>
          <coordinates>-71.859963,-13.400254,4224.52</coordinates>
        </Point>
      </Placemark>
      <Placemark>
        <name>Apu Linli hike - Wikiloc-738</name>
        <snippet></snippet>
        <description>
&lt;table&gt;
&lt;tr&gt;&lt;td&gt;Longitude: -71.859922&lt;/td&gt;&lt;/tr&gt;
&lt;tr&gt;&lt;td&gt;Latitude: -13.400211&lt;/td&gt;&lt;/tr&gt;
&lt;tr&gt;&lt;td&gt;Altitude: 13870.062 ft&lt;/td&gt;&lt;/tr&gt;
&lt;tr&gt;&lt;td&gt;Speed: 0.0 mph&lt;/td&gt;&lt;/tr&gt;
&lt;tr&gt;&lt;td&gt;Heading: 42.8&lt;/td&gt;&lt;/tr&gt;
&lt;tr&gt;&lt;td&gt;Time: 2021-02-19T19:21:56Z&lt;/td&gt;&lt;/tr&gt;
&lt;/table&gt;
</description>
        <LookAt>
          <longitude>-71.859922</longitude>
          <latitude>-13.400211</latitude>
          <tilt>66</tilt>
        </LookAt>
        <TimeStamp>
          <when>2021-02-19T19:21:56Z</when>
        </TimeStamp>
        <styleUrl>#track</styleUrl>
        <Point>
          <coordinates>-71.859922,-13.400211,4227.60</coordinates>
        </Point>
      </Placemark>
      <Placemark>
        <name>Apu Linli hike - Wikiloc-739</name>
        <snippet></snippet>
        <description>
&lt;table&gt;
&lt;tr&gt;&lt;td&gt;Longitude: -71.859881&lt;/td&gt;&lt;/tr&gt;
&lt;tr&gt;&lt;td&gt;Latitude: -13.400186&lt;/td&gt;&lt;/tr&gt;
&lt;tr&gt;&lt;td&gt;Altitude: 13873.343 ft&lt;/td&gt;&lt;/tr&gt;
&lt;tr&gt;&lt;td&gt;Speed: 1.2 mph&lt;/td&gt;&lt;/tr&gt;
&lt;tr&gt;&lt;td&gt;Heading: 57.9&lt;/td&gt;&lt;/tr&gt;
&lt;tr&gt;&lt;td&gt;Time: 2021-02-19T19:22:06Z&lt;/td&gt;&lt;/tr&gt;
&lt;/table&gt;
</description>
        <LookAt>
          <longitude>-71.859881</longitude>
          <latitude>-13.400186</latitude>
          <tilt>66</tilt>
        </LookAt>
        <TimeStamp>
          <when>2021-02-19T19:22:06Z</when>
        </TimeStamp>
        <styleUrl>#track</styleUrl>
        <Point>
          <coordinates>-71.859881,-13.400186,4228.60</coordinates>
        </Point>
      </Placemark>
      <Placemark>
        <name>Apu Linli hike - Wikiloc-740</name>
        <snippet></snippet>
        <description>
&lt;table&gt;
&lt;tr&gt;&lt;td&gt;Longitude: -71.859832&lt;/td&gt;&lt;/tr&gt;
&lt;tr&gt;&lt;td&gt;Latitude: -13.400170&lt;/td&gt;&lt;/tr&gt;
&lt;tr&gt;&lt;td&gt;Altitude: 13870.535 ft&lt;/td&gt;&lt;/tr&gt;
&lt;tr&gt;&lt;td&gt;Speed: 1.0 mph&lt;/td&gt;&lt;/tr&gt;
&lt;tr&gt;&lt;td&gt;Heading: 71.4&lt;/td&gt;&lt;/tr&gt;
&lt;tr&gt;&lt;td&gt;Time: 2021-02-19T19:22:18Z&lt;/td&gt;&lt;/tr&gt;
&lt;/table&gt;
</description>
        <LookAt>
          <longitude>-71.859832</longitude>
          <latitude>-13.40017</latitude>
          <tilt>66</tilt>
        </LookAt>
        <TimeStamp>
          <when>2021-02-19T19:22:18Z</when>
        </TimeStamp>
        <styleUrl>#track</styleUrl>
        <Point>
          <coordinates>-71.859832,-13.400170,4227.74</coordinates>
        </Point>
      </Placemark>
      <Placemark>
        <name>Apu Linli hike - Wikiloc-741</name>
        <snippet></snippet>
        <description>
&lt;table&gt;
&lt;tr&gt;&lt;td&gt;Longitude: -71.859789&lt;/td&gt;&lt;/tr&gt;
&lt;tr&gt;&lt;td&gt;Latitude: -13.400150&lt;/td&gt;&lt;/tr&gt;
&lt;tr&gt;&lt;td&gt;Altitude: 13865.404 ft&lt;/td&gt;&lt;/tr&gt;
&lt;tr&gt;&lt;td&gt;Speed: 0.4 mph&lt;/td&gt;&lt;/tr&gt;
&lt;tr&gt;&lt;td&gt;Heading: 64.4&lt;/td&gt;&lt;/tr&gt;
&lt;tr&gt;&lt;td&gt;Time: 2021-02-19T19:22:46Z&lt;/td&gt;&lt;/tr&gt;
&lt;/table&gt;
</description>
        <LookAt>
          <longitude>-71.859789</longitude>
          <latitude>-13.40015</latitude>
          <tilt>66</tilt>
        </LookAt>
        <TimeStamp>
          <when>2021-02-19T19:22:46Z</when>
        </TimeStamp>
        <styleUrl>#track</styleUrl>
        <Point>
          <coordinates>-71.859789,-13.400150,4226.18</coordinates>
        </Point>
      </Placemark>
      <Placemark>
        <name>Apu Linli hike - Wikiloc-742</name>
        <snippet></snippet>
        <description>
&lt;table&gt;
&lt;tr&gt;&lt;td&gt;Longitude: -71.859745&lt;/td&gt;&lt;/tr&gt;
&lt;tr&gt;&lt;td&gt;Latitude: -13.400129&lt;/td&gt;&lt;/tr&gt;
&lt;tr&gt;&lt;td&gt;Altitude: 13854.928 ft&lt;/td&gt;&lt;/tr&gt;
&lt;tr&gt;&lt;td&gt;Speed: 0.4 mph&lt;/td&gt;&lt;/tr&gt;
&lt;tr&gt;&lt;td&gt;Heading: 63.9&lt;/td&gt;&lt;/tr&gt;
&lt;tr&gt;&lt;td&gt;Time: 2021-02-19T19:23:14Z&lt;/td&gt;&lt;/tr&gt;
&lt;/table&gt;
</description>
        <LookAt>
          <longitude>-71.859745</longitude>
          <latitude>-13.400129</latitude>
          <tilt>66</tilt>
        </LookAt>
        <TimeStamp>
          <when>2021-02-19T19:23:14Z</when>
        </TimeStamp>
        <styleUrl>#track</styleUrl>
        <Point>
          <coordinates>-71.859745,-13.400129,4222.98</coordinates>
        </Point>
      </Placemark>
      <Placemark>
        <name>Apu Linli hike - Wikiloc-743</name>
        <snippet></snippet>
        <description>
&lt;table&gt;
&lt;tr&gt;&lt;td&gt;Longitude: -71.859716&lt;/td&gt;&lt;/tr&gt;
&lt;tr&gt;&lt;td&gt;Latitude: -13.400086&lt;/td&gt;&lt;/tr&gt;
&lt;tr&gt;&lt;td&gt;Altitude: 13843.904 ft&lt;/td&gt;&lt;/tr&gt;
&lt;tr&gt;&lt;td&gt;Speed: 1.6 mph&lt;/td&gt;&lt;/tr&gt;
&lt;tr&gt;&lt;td&gt;Heading: 33.3&lt;/td&gt;&lt;/tr&gt;
&lt;tr&gt;&lt;td&gt;Time: 2021-02-19T19:23:22Z&lt;/td&gt;&lt;/tr&gt;
&lt;/table&gt;
</description>
        <LookAt>
          <longitude>-71.859716</longitude>
          <latitude>-13.400086</latitude>
          <tilt>66</tilt>
        </LookAt>
        <TimeStamp>
          <when>2021-02-19T19:23:22Z</when>
        </TimeStamp>
        <styleUrl>#track</styleUrl>
        <Point>
          <coordinates>-71.859716,-13.400086,4219.62</coordinates>
        </Point>
      </Placemark>
      <Placemark>
        <name>Apu Linli hike - Wikiloc-744</name>
        <snippet></snippet>
        <description>
&lt;table&gt;
&lt;tr&gt;&lt;td&gt;Longitude: -71.859677&lt;/td&gt;&lt;/tr&gt;
&lt;tr&gt;&lt;td&gt;Latitude: -13.400046&lt;/td&gt;&lt;/tr&gt;
&lt;tr&gt;&lt;td&gt;Altitude: 13834.797 ft&lt;/td&gt;&lt;/tr&gt;
&lt;tr&gt;&lt;td&gt;Speed: 2.0 mph&lt;/td&gt;&lt;/tr&gt;
&lt;tr&gt;&lt;td&gt;Heading: 43.5&lt;/td&gt;&lt;/tr&gt;
&lt;tr&gt;&lt;td&gt;Time: 2021-02-19T19:23:29Z&lt;/td&gt;&lt;/tr&gt;
&lt;/table&gt;
</description>
        <LookAt>
          <longitude>-71.859677</longitude>
          <latitude>-13.400046</latitude>
          <tilt>66</tilt>
        </LookAt>
        <TimeStamp>
          <when>2021-02-19T19:23:29Z</when>
        </TimeStamp>
        <styleUrl>#track</styleUrl>
        <Point>
          <coordinates>-71.859677,-13.400046,4216.85</coordinates>
        </Point>
      </Placemark>
      <Placemark>
        <name>Apu Linli hike - Wikiloc-745</name>
        <snippet></snippet>
        <description>
&lt;table&gt;
&lt;tr&gt;&lt;td&gt;Longitude: -71.859644&lt;/td&gt;&lt;/tr&gt;
&lt;tr&gt;&lt;td&gt;Latitude: -13.400081&lt;/td&gt;&lt;/tr&gt;
&lt;tr&gt;&lt;td&gt;Altitude: 13828.701 ft&lt;/td&gt;&lt;/tr&gt;
&lt;tr&gt;&lt;td&gt;Speed: 3.0 mph&lt;/td&gt;&lt;/tr&gt;
&lt;tr&gt;&lt;td&gt;Heading: 137.5&lt;/td&gt;&lt;/tr&gt;
&lt;tr&gt;&lt;td&gt;Time: 2021-02-19T19:23:33Z&lt;/td&gt;&lt;/tr&gt;
&lt;/table&gt;
</description>
        <LookAt>
          <longitude>-71.859644</longitude>
          <latitude>-13.400081</latitude>
          <tilt>66</tilt>
        </LookAt>
        <TimeStamp>
          <when>2021-02-19T19:23:33Z</when>
        </TimeStamp>
        <styleUrl>#track</styleUrl>
        <Point>
          <coordinates>-71.859644,-13.400081,4214.99</coordinates>
        </Point>
      </Placemark>
      <Placemark>
        <name>Apu Linli hike - Wikiloc-746</name>
        <snippet></snippet>
        <description>
&lt;table&gt;
&lt;tr&gt;&lt;td&gt;Longitude: -71.859629&lt;/td&gt;&lt;/tr&gt;
&lt;tr&gt;&lt;td&gt;Latitude: -13.400128&lt;/td&gt;&lt;/tr&gt;
&lt;tr&gt;&lt;td&gt;Altitude: 13822.887 ft&lt;/td&gt;&lt;/tr&gt;
&lt;tr&gt;&lt;td&gt;Speed: 2.0 mph&lt;/td&gt;&lt;/tr&gt;
&lt;tr&gt;&lt;td&gt;Heading: 162.8&lt;/td&gt;&lt;/tr&gt;
&lt;tr&gt;&lt;td&gt;Time: 2021-02-19T19:23:39Z&lt;/td&gt;&lt;/tr&gt;
&lt;/table&gt;
</description>
        <LookAt>
          <longitude>-71.859629</longitude>
          <latitude>-13.400128</latitude>
          <tilt>66</tilt>
        </LookAt>
        <TimeStamp>
          <when>2021-02-19T19:23:39Z</when>
        </TimeStamp>
        <styleUrl>#track</styleUrl>
        <Point>
          <coordinates>-71.859629,-13.400128,4213.22</coordinates>
        </Point>
      </Placemark>
      <Placemark>
        <name>Apu Linli hike - Wikiloc-747</name>
        <snippet></snippet>
        <description>
&lt;table&gt;
&lt;tr&gt;&lt;td&gt;Longitude: -71.859594&lt;/td&gt;&lt;/tr&gt;
&lt;tr&gt;&lt;td&gt;Latitude: -13.400167&lt;/td&gt;&lt;/tr&gt;
&lt;tr&gt;&lt;td&gt;Altitude: 13815.971 ft&lt;/td&gt;&lt;/tr&gt;
&lt;tr&gt;&lt;td&gt;Speed: 2.6 mph&lt;/td&gt;&lt;/tr&gt;
&lt;tr&gt;&lt;td&gt;Heading: 138.9&lt;/td&gt;&lt;/tr&gt;
&lt;tr&gt;&lt;td&gt;Time: 2021-02-19T19:23:44Z&lt;/td&gt;&lt;/tr&gt;
&lt;/table&gt;
</description>
        <LookAt>
          <longitude>-71.859594</longitude>
          <latitude>-13.400167</latitude>
          <tilt>66</tilt>
        </LookAt>
        <TimeStamp>
          <when>2021-02-19T19:23:44Z</when>
        </TimeStamp>
        <styleUrl>#track</styleUrl>
        <Point>
          <coordinates>-71.859594,-13.400167,4211.11</coordinates>
        </Point>
      </Placemark>
      <Placemark>
        <name>Apu Linli hike - Wikiloc-748</name>
        <snippet></snippet>
        <description>
&lt;table&gt;
&lt;tr&gt;&lt;td&gt;Longitude: -71.859562&lt;/td&gt;&lt;/tr&gt;
&lt;tr&gt;&lt;td&gt;Latitude: -13.400127&lt;/td&gt;&lt;/tr&gt;
&lt;tr&gt;&lt;td&gt;Altitude: 13807.841 ft&lt;/td&gt;&lt;/tr&gt;
&lt;tr&gt;&lt;td&gt;Speed: 1.3 mph&lt;/td&gt;&lt;/tr&gt;
&lt;tr&gt;&lt;td&gt;Heading: 37.9&lt;/td&gt;&lt;/tr&gt;
&lt;tr&gt;&lt;td&gt;Time: 2021-02-19T19:23:54Z&lt;/td&gt;&lt;/tr&gt;
&lt;/table&gt;
</description>
        <LookAt>
          <longitude>-71.859562</longitude>
          <latitude>-13.400127</latitude>
          <tilt>66</tilt>
        </LookAt>
        <TimeStamp>
          <when>2021-02-19T19:23:54Z</when>
        </TimeStamp>
        <styleUrl>#track</styleUrl>
        <Point>
          <coordinates>-71.859562,-13.400127,4208.63</coordinates>
        </Point>
      </Placemark>
      <Placemark>
        <name>Apu Linli hike - Wikiloc-749</name>
        <snippet></snippet>
        <description>
&lt;table&gt;
&lt;tr&gt;&lt;td&gt;Longitude: -71.859554&lt;/td&gt;&lt;/tr&gt;
&lt;tr&gt;&lt;td&gt;Latitude: -13.400080&lt;/td&gt;&lt;/tr&gt;
&lt;tr&gt;&lt;td&gt;Altitude: 13800.230 ft&lt;/td&gt;&lt;/tr&gt;
&lt;tr&gt;&lt;td&gt;Speed: 2.0 mph&lt;/td&gt;&lt;/tr&gt;
&lt;tr&gt;&lt;td&gt;Heading: 9.4&lt;/td&gt;&lt;/tr&gt;
&lt;tr&gt;&lt;td&gt;Time: 2021-02-19T19:24:00Z&lt;/td&gt;&lt;/tr&gt;
&lt;/table&gt;
</description>
        <LookAt>
          <longitude>-71.859554</longitude>
          <latitude>-13.40008</latitude>
          <tilt>66</tilt>
        </LookAt>
        <TimeStamp>
          <when>2021-02-19T19:24:00Z</when>
        </TimeStamp>
        <styleUrl>#track</styleUrl>
        <Point>
          <coordinates>-71.859554,-13.400080,4206.31</coordinates>
        </Point>
      </Placemark>
      <Placemark>
        <name>Apu Linli hike - Wikiloc-750</name>
        <snippet></snippet>
        <description>
&lt;table&gt;
&lt;tr&gt;&lt;td&gt;Longitude: -71.859535&lt;/td&gt;&lt;/tr&gt;
&lt;tr&gt;&lt;td&gt;Latitude: -13.400034&lt;/td&gt;&lt;/tr&gt;
&lt;tr&gt;&lt;td&gt;Altitude: 13789.616 ft&lt;/td&gt;&lt;/tr&gt;
&lt;tr&gt;&lt;td&gt;Speed: 1.5 mph&lt;/td&gt;&lt;/tr&gt;
&lt;tr&gt;&lt;td&gt;Heading: 21.9&lt;/td&gt;&lt;/tr&gt;
&lt;tr&gt;&lt;td&gt;Time: 2021-02-19T19:24:08Z&lt;/td&gt;&lt;/tr&gt;
&lt;/table&gt;
</description>
        <LookAt>
          <longitude>-71.859535</longitude>
          <latitude>-13.400034</latitude>
          <tilt>66</tilt>
        </LookAt>
        <TimeStamp>
          <when>2021-02-19T19:24:08Z</when>
        </TimeStamp>
        <styleUrl>#track</styleUrl>
        <Point>
          <coordinates>-71.859535,-13.400034,4203.07</coordinates>
        </Point>
      </Placemark>
      <Placemark>
        <name>Apu Linli hike - Wikiloc-751</name>
        <snippet></snippet>
        <description>
&lt;table&gt;
&lt;tr&gt;&lt;td&gt;Longitude: -71.859488&lt;/td&gt;&lt;/tr&gt;
&lt;tr&gt;&lt;td&gt;Latitude: -13.400022&lt;/td&gt;&lt;/tr&gt;
&lt;tr&gt;&lt;td&gt;Altitude: 13782.070 ft&lt;/td&gt;&lt;/tr&gt;
&lt;tr&gt;&lt;td&gt;Speed: 0.9 mph&lt;/td&gt;&lt;/tr&gt;
&lt;tr&gt;&lt;td&gt;Heading: 75.3&lt;/td&gt;&lt;/tr&gt;
&lt;tr&gt;&lt;td&gt;Time: 2021-02-19T19:24:21Z&lt;/td&gt;&lt;/tr&gt;
&lt;/table&gt;
</description>
        <LookAt>
          <longitude>-71.859488</longitude>
          <latitude>-13.400022</latitude>
          <tilt>66</tilt>
        </LookAt>
        <TimeStamp>
          <when>2021-02-19T19:24:21Z</when>
        </TimeStamp>
        <styleUrl>#track</styleUrl>
        <Point>
          <coordinates>-71.859488,-13.400022,4200.77</coordinates>
        </Point>
      </Placemark>
      <Placemark>
        <name>Apu Linli hike - Wikiloc-752</name>
        <snippet></snippet>
        <description>
&lt;table&gt;
&lt;tr&gt;&lt;td&gt;Longitude: -71.859492&lt;/td&gt;&lt;/tr&gt;
&lt;tr&gt;&lt;td&gt;Latitude: -13.399973&lt;/td&gt;&lt;/tr&gt;
&lt;tr&gt;&lt;td&gt;Altitude: 13772.766 ft&lt;/td&gt;&lt;/tr&gt;
&lt;tr&gt;&lt;td&gt;Speed: 2.0 mph&lt;/td&gt;&lt;/tr&gt;
&lt;tr&gt;&lt;td&gt;Heading: 355.5&lt;/td&gt;&lt;/tr&gt;
&lt;tr&gt;&lt;td&gt;Time: 2021-02-19T19:24:27Z&lt;/td&gt;&lt;/tr&gt;
&lt;/table&gt;
</description>
        <LookAt>
          <longitude>-71.859492</longitude>
          <latitude>-13.399973</latitude>
          <tilt>66</tilt>
        </LookAt>
        <TimeStamp>
          <when>2021-02-19T19:24:27Z</when>
        </TimeStamp>
        <styleUrl>#track</styleUrl>
        <Point>
          <coordinates>-71.859492,-13.399973,4197.94</coordinates>
        </Point>
      </Placemark>
      <Placemark>
        <name>Apu Linli hike - Wikiloc-753</name>
        <snippet></snippet>
        <description>
&lt;table&gt;
&lt;tr&gt;&lt;td&gt;Longitude: -71.859440&lt;/td&gt;&lt;/tr&gt;
&lt;tr&gt;&lt;td&gt;Latitude: -13.399973&lt;/td&gt;&lt;/tr&gt;
&lt;tr&gt;&lt;td&gt;Altitude: 13759.629 ft&lt;/td&gt;&lt;/tr&gt;
&lt;tr&gt;&lt;td&gt;Speed: 0.9 mph&lt;/td&gt;&lt;/tr&gt;
&lt;tr&gt;&lt;td&gt;Heading: 90.0&lt;/td&gt;&lt;/tr&gt;
&lt;tr&gt;&lt;td&gt;Time: 2021-02-19T19:24:41Z&lt;/td&gt;&lt;/tr&gt;
&lt;/table&gt;
</description>
        <LookAt>
          <longitude>-71.85944</longitude>
          <latitude>-13.399973</latitude>
          <tilt>66</tilt>
        </LookAt>
        <TimeStamp>
          <when>2021-02-19T19:24:41Z</when>
        </TimeStamp>
        <styleUrl>#track</styleUrl>
        <Point>
          <coordinates>-71.859440,-13.399973,4193.94</coordinates>
        </Point>
      </Placemark>
      <Placemark>
        <name>Apu Linli hike - Wikiloc-754</name>
        <snippet></snippet>
        <description>
&lt;table&gt;
&lt;tr&gt;&lt;td&gt;Longitude: -71.859409&lt;/td&gt;&lt;/tr&gt;
&lt;tr&gt;&lt;td&gt;Latitude: -13.399922&lt;/td&gt;&lt;/tr&gt;
&lt;tr&gt;&lt;td&gt;Altitude: 13749.711 ft&lt;/td&gt;&lt;/tr&gt;
&lt;tr&gt;&lt;td&gt;Speed: 3.7 mph&lt;/td&gt;&lt;/tr&gt;
&lt;tr&gt;&lt;td&gt;Heading: 30.6&lt;/td&gt;&lt;/tr&gt;
&lt;tr&gt;&lt;td&gt;Time: 2021-02-19T19:24:45Z&lt;/td&gt;&lt;/tr&gt;
&lt;/table&gt;
</description>
        <LookAt>
          <longitude>-71.859409</longitude>
          <latitude>-13.399922</latitude>
          <tilt>66</tilt>
        </LookAt>
        <TimeStamp>
          <when>2021-02-19T19:24:45Z</when>
        </TimeStamp>
        <styleUrl>#track</styleUrl>
        <Point>
          <coordinates>-71.859409,-13.399922,4190.91</coordinates>
        </Point>
      </Placemark>
      <Placemark>
        <name>Apu Linli hike - Wikiloc-755</name>
        <snippet></snippet>
        <description>
&lt;table&gt;
&lt;tr&gt;&lt;td&gt;Longitude: -71.859388&lt;/td&gt;&lt;/tr&gt;
&lt;tr&gt;&lt;td&gt;Latitude: -13.399879&lt;/td&gt;&lt;/tr&gt;
&lt;tr&gt;&lt;td&gt;Altitude: 13740.689 ft&lt;/td&gt;&lt;/tr&gt;
&lt;tr&gt;&lt;td&gt;Speed: 3.0 mph&lt;/td&gt;&lt;/tr&gt;
&lt;tr&gt;&lt;td&gt;Heading: 25.4&lt;/td&gt;&lt;/tr&gt;
&lt;tr&gt;&lt;td&gt;Time: 2021-02-19T19:24:49Z&lt;/td&gt;&lt;/tr&gt;
&lt;/table&gt;
</description>
        <LookAt>
          <longitude>-71.859388</longitude>
          <latitude>-13.399879</latitude>
          <tilt>66</tilt>
        </LookAt>
        <TimeStamp>
          <when>2021-02-19T19:24:49Z</when>
        </TimeStamp>
        <styleUrl>#track</styleUrl>
        <Point>
          <coordinates>-71.859388,-13.399879,4188.16</coordinates>
        </Point>
      </Placemark>
      <Placemark>
        <name>Apu Linli hike - Wikiloc-756</name>
        <snippet></snippet>
        <description>
&lt;table&gt;
&lt;tr&gt;&lt;td&gt;Longitude: -71.859346&lt;/td&gt;&lt;/tr&gt;
&lt;tr&gt;&lt;td&gt;Latitude: -13.399847&lt;/td&gt;&lt;/tr&gt;
&lt;tr&gt;&lt;td&gt;Altitude: 13732.057 ft&lt;/td&gt;&lt;/tr&gt;
&lt;tr&gt;&lt;td&gt;Speed: 3.2 mph&lt;/td&gt;&lt;/tr&gt;
&lt;tr&gt;&lt;td&gt;Heading: 51.9&lt;/td&gt;&lt;/tr&gt;
&lt;tr&gt;&lt;td&gt;Time: 2021-02-19T19:24:53Z&lt;/td&gt;&lt;/tr&gt;
&lt;/table&gt;
</description>
        <LookAt>
          <longitude>-71.859346</longitude>
          <latitude>-13.399847</latitude>
          <tilt>66</tilt>
        </LookAt>
        <TimeStamp>
          <when>2021-02-19T19:24:53Z</when>
        </TimeStamp>
        <styleUrl>#track</styleUrl>
        <Point>
          <coordinates>-71.859346,-13.399847,4185.53</coordinates>
        </Point>
      </Placemark>
      <Placemark>
        <name>Apu Linli hike - Wikiloc-757</name>
        <snippet></snippet>
        <description>
&lt;table&gt;
&lt;tr&gt;&lt;td&gt;Longitude: -71.859284&lt;/td&gt;&lt;/tr&gt;
&lt;tr&gt;&lt;td&gt;Latitude: -13.399822&lt;/td&gt;&lt;/tr&gt;
&lt;tr&gt;&lt;td&gt;Altitude: 13723.953 ft&lt;/td&gt;&lt;/tr&gt;
&lt;tr&gt;&lt;td&gt;Speed: 2.7 mph&lt;/td&gt;&lt;/tr&gt;
&lt;tr&gt;&lt;td&gt;Heading: 67.5&lt;/td&gt;&lt;/tr&gt;
&lt;tr&gt;&lt;td&gt;Time: 2021-02-19T19:24:59Z&lt;/td&gt;&lt;/tr&gt;
&lt;/table&gt;
</description>
        <LookAt>
          <longitude>-71.859284</longitude>
          <latitude>-13.399822</latitude>
          <tilt>66</tilt>
        </LookAt>
        <TimeStamp>
          <when>2021-02-19T19:24:59Z</when>
        </TimeStamp>
        <styleUrl>#track</styleUrl>
        <Point>
          <coordinates>-71.859284,-13.399822,4183.06</coordinates>
        </Point>
      </Placemark>
      <Placemark>
        <name>Apu Linli hike - Wikiloc-758</name>
        <snippet></snippet>
        <description>
&lt;table&gt;
&lt;tr&gt;&lt;td&gt;Longitude: -71.859236&lt;/td&gt;&lt;/tr&gt;
&lt;tr&gt;&lt;td&gt;Latitude: -13.399859&lt;/td&gt;&lt;/tr&gt;
&lt;tr&gt;&lt;td&gt;Altitude: 13717.871 ft&lt;/td&gt;&lt;/tr&gt;
&lt;tr&gt;&lt;td&gt;Speed: 1.9 mph&lt;/td&gt;&lt;/tr&gt;
&lt;tr&gt;&lt;td&gt;Heading: 128.4&lt;/td&gt;&lt;/tr&gt;
&lt;tr&gt;&lt;td&gt;Time: 2021-02-19T19:25:07Z&lt;/td&gt;&lt;/tr&gt;
&lt;/table&gt;
</description>
        <LookAt>
          <longitude>-71.859236</longitude>
          <latitude>-13.399859</latitude>
          <tilt>66</tilt>
        </LookAt>
        <TimeStamp>
          <when>2021-02-19T19:25:07Z</when>
        </TimeStamp>
        <styleUrl>#track</styleUrl>
        <Point>
          <coordinates>-71.859236,-13.399859,4181.21</coordinates>
        </Point>
      </Placemark>
      <Placemark>
        <name>Apu Linli hike - Wikiloc-759</name>
        <snippet></snippet>
        <description>
&lt;table&gt;
&lt;tr&gt;&lt;td&gt;Longitude: -71.859222&lt;/td&gt;&lt;/tr&gt;
&lt;tr&gt;&lt;td&gt;Latitude: -13.399909&lt;/td&gt;&lt;/tr&gt;
&lt;tr&gt;&lt;td&gt;Altitude: 13714.265 ft&lt;/td&gt;&lt;/tr&gt;
&lt;tr&gt;&lt;td&gt;Speed: 3.2 mph&lt;/td&gt;&lt;/tr&gt;
&lt;tr&gt;&lt;td&gt;Heading: 164.8&lt;/td&gt;&lt;/tr&gt;
&lt;tr&gt;&lt;td&gt;Time: 2021-02-19T19:25:11Z&lt;/td&gt;&lt;/tr&gt;
&lt;/table&gt;
</description>
        <LookAt>
          <longitude>-71.859222</longitude>
          <latitude>-13.399909</latitude>
          <tilt>66</tilt>
        </LookAt>
        <TimeStamp>
          <when>2021-02-19T19:25:11Z</when>
        </TimeStamp>
        <styleUrl>#track</styleUrl>
        <Point>
          <coordinates>-71.859222,-13.399909,4180.11</coordinates>
        </Point>
      </Placemark>
      <Placemark>
        <name>Apu Linli hike - Wikiloc-760</name>
        <snippet></snippet>
        <description>
&lt;table&gt;
&lt;tr&gt;&lt;td&gt;Longitude: -71.859194&lt;/td&gt;&lt;/tr&gt;
&lt;tr&gt;&lt;td&gt;Latitude: -13.399950&lt;/td&gt;&lt;/tr&gt;
&lt;tr&gt;&lt;td&gt;Altitude: 13710.758 ft&lt;/td&gt;&lt;/tr&gt;
&lt;tr&gt;&lt;td&gt;Speed: 2.0 mph&lt;/td&gt;&lt;/tr&gt;
&lt;tr&gt;&lt;td&gt;Heading: 146.4&lt;/td&gt;&lt;/tr&gt;
&lt;tr&gt;&lt;td&gt;Time: 2021-02-19T19:25:17Z&lt;/td&gt;&lt;/tr&gt;
&lt;/table&gt;
</description>
        <LookAt>
          <longitude>-71.859194</longitude>
          <latitude>-13.39995</latitude>
          <tilt>66</tilt>
        </LookAt>
        <TimeStamp>
          <when>2021-02-19T19:25:17Z</when>
        </TimeStamp>
        <styleUrl>#track</styleUrl>
        <Point>
          <coordinates>-71.859194,-13.399950,4179.04</coordinates>
        </Point>
      </Placemark>
      <Placemark>
        <name>Apu Linli hike - Wikiloc-761</name>
        <snippet></snippet>
        <description>
&lt;table&gt;
&lt;tr&gt;&lt;td&gt;Longitude: -71.859258&lt;/td&gt;&lt;/tr&gt;
&lt;tr&gt;&lt;td&gt;Latitude: -13.400097&lt;/td&gt;&lt;/tr&gt;
&lt;tr&gt;&lt;td&gt;Altitude: 13706.329 ft&lt;/td&gt;&lt;/tr&gt;
&lt;tr&gt;&lt;td&gt;Speed: 3.3 mph&lt;/td&gt;&lt;/tr&gt;
&lt;tr&gt;&lt;td&gt;Heading: 203.0&lt;/td&gt;&lt;/tr&gt;
&lt;tr&gt;&lt;td&gt;Time: 2021-02-19T19:25:29Z&lt;/td&gt;&lt;/tr&gt;
&lt;/table&gt;
</description>
        <LookAt>
          <longitude>-71.859258</longitude>
          <latitude>-13.400097</latitude>
          <tilt>66</tilt>
        </LookAt>
        <TimeStamp>
          <when>2021-02-19T19:25:29Z</when>
        </TimeStamp>
        <styleUrl>#track</styleUrl>
        <Point>
          <coordinates>-71.859258,-13.400097,4177.69</coordinates>
        </Point>
      </Placemark>
      <Placemark>
        <name>Apu Linli hike - Wikiloc-762</name>
        <snippet></snippet>
        <description>
&lt;table&gt;
&lt;tr&gt;&lt;td&gt;Longitude: -71.859284&lt;/td&gt;&lt;/tr&gt;
&lt;tr&gt;&lt;td&gt;Latitude: -13.400146&lt;/td&gt;&lt;/tr&gt;
&lt;tr&gt;&lt;td&gt;Altitude: 13702.638 ft&lt;/td&gt;&lt;/tr&gt;
&lt;tr&gt;&lt;td&gt;Speed: 3.4 mph&lt;/td&gt;&lt;/tr&gt;
&lt;tr&gt;&lt;td&gt;Heading: 207.3&lt;/td&gt;&lt;/tr&gt;
&lt;tr&gt;&lt;td&gt;Time: 2021-02-19T19:25:33Z&lt;/td&gt;&lt;/tr&gt;
&lt;/table&gt;
</description>
        <LookAt>
          <longitude>-71.859284</longitude>
          <latitude>-13.400146</latitude>
          <tilt>66</tilt>
        </LookAt>
        <TimeStamp>
          <when>2021-02-19T19:25:33Z</when>
        </TimeStamp>
        <styleUrl>#track</styleUrl>
        <Point>
          <coordinates>-71.859284,-13.400146,4176.56</coordinates>
        </Point>
      </Placemark>
      <Placemark>
        <name>Apu Linli hike - Wikiloc-763</name>
        <snippet></snippet>
        <description>
&lt;table&gt;
&lt;tr&gt;&lt;td&gt;Longitude: -71.859315&lt;/td&gt;&lt;/tr&gt;
&lt;tr&gt;&lt;td&gt;Latitude: -13.400197&lt;/td&gt;&lt;/tr&gt;
&lt;tr&gt;&lt;td&gt;Altitude: 13700.440 ft&lt;/td&gt;&lt;/tr&gt;
&lt;tr&gt;&lt;td&gt;Speed: 3.7 mph&lt;/td&gt;&lt;/tr&gt;
&lt;tr&gt;&lt;td&gt;Heading: 210.6&lt;/td&gt;&lt;/tr&gt;
&lt;tr&gt;&lt;td&gt;Time: 2021-02-19T19:25:37Z&lt;/td&gt;&lt;/tr&gt;
&lt;/table&gt;
</description>
        <LookAt>
          <longitude>-71.859315</longitude>
          <latitude>-13.400197</latitude>
          <tilt>66</tilt>
        </LookAt>
        <TimeStamp>
          <when>2021-02-19T19:25:37Z</when>
        </TimeStamp>
        <styleUrl>#track</styleUrl>
        <Point>
          <coordinates>-71.859315,-13.400197,4175.89</coordinates>
        </Point>
      </Placemark>
      <Placemark>
        <name>Apu Linli hike - Wikiloc-764</name>
        <snippet></snippet>
        <description>
&lt;table&gt;
&lt;tr&gt;&lt;td&gt;Longitude: -71.859317&lt;/td&gt;&lt;/tr&gt;
&lt;tr&gt;&lt;td&gt;Latitude: -13.400255&lt;/td&gt;&lt;/tr&gt;
&lt;tr&gt;&lt;td&gt;Altitude: 13698.681 ft&lt;/td&gt;&lt;/tr&gt;
&lt;tr&gt;&lt;td&gt;Speed: 1.2 mph&lt;/td&gt;&lt;/tr&gt;
&lt;tr&gt;&lt;td&gt;Heading: 181.9&lt;/td&gt;&lt;/tr&gt;
&lt;tr&gt;&lt;td&gt;Time: 2021-02-19T19:25:49Z&lt;/td&gt;&lt;/tr&gt;
&lt;/table&gt;
</description>
        <LookAt>
          <longitude>-71.859317</longitude>
          <latitude>-13.400255</latitude>
          <tilt>66</tilt>
        </LookAt>
        <TimeStamp>
          <when>2021-02-19T19:25:49Z</when>
        </TimeStamp>
        <styleUrl>#track</styleUrl>
        <Point>
          <coordinates>-71.859317,-13.400255,4175.36</coordinates>
        </Point>
      </Placemark>
      <Placemark>
        <name>Apu Linli hike - Wikiloc-765</name>
        <snippet></snippet>
        <description>
&lt;table&gt;
&lt;tr&gt;&lt;td&gt;Longitude: -71.859315&lt;/td&gt;&lt;/tr&gt;
&lt;tr&gt;&lt;td&gt;Latitude: -13.400300&lt;/td&gt;&lt;/tr&gt;
&lt;tr&gt;&lt;td&gt;Altitude: 13697.684 ft&lt;/td&gt;&lt;/tr&gt;
&lt;tr&gt;&lt;td&gt;Speed: 2.8 mph&lt;/td&gt;&lt;/tr&gt;
&lt;tr&gt;&lt;td&gt;Heading: 177.5&lt;/td&gt;&lt;/tr&gt;
&lt;tr&gt;&lt;td&gt;Time: 2021-02-19T19:25:53Z&lt;/td&gt;&lt;/tr&gt;
&lt;/table&gt;
</description>
        <LookAt>
          <longitude>-71.859315</longitude>
          <latitude>-13.4003</latitude>
          <tilt>66</tilt>
        </LookAt>
        <TimeStamp>
          <when>2021-02-19T19:25:53Z</when>
        </TimeStamp>
        <styleUrl>#track</styleUrl>
        <Point>
          <coordinates>-71.859315,-13.400300,4175.05</coordinates>
        </Point>
      </Placemark>
      <Placemark>
        <name>Apu Linli hike - Wikiloc-766</name>
        <snippet></snippet>
        <description>
&lt;table&gt;
&lt;tr&gt;&lt;td&gt;Longitude: -71.859322&lt;/td&gt;&lt;/tr&gt;
&lt;tr&gt;&lt;td&gt;Latitude: -13.400345&lt;/td&gt;&lt;/tr&gt;
&lt;tr&gt;&lt;td&gt;Altitude: 13698.133 ft&lt;/td&gt;&lt;/tr&gt;
&lt;tr&gt;&lt;td&gt;Speed: 2.8 mph&lt;/td&gt;&lt;/tr&gt;
&lt;tr&gt;&lt;td&gt;Heading: 188.6&lt;/td&gt;&lt;/tr&gt;
&lt;tr&gt;&lt;td&gt;Time: 2021-02-19T19:25:57Z&lt;/td&gt;&lt;/tr&gt;
&lt;/table&gt;
</description>
        <LookAt>
          <longitude>-71.859322</longitude>
          <latitude>-13.400345</latitude>
          <tilt>66</tilt>
        </LookAt>
        <TimeStamp>
          <when>2021-02-19T19:25:57Z</when>
        </TimeStamp>
        <styleUrl>#track</styleUrl>
        <Point>
          <coordinates>-71.859322,-13.400345,4175.19</coordinates>
        </Point>
      </Placemark>
      <Placemark>
        <name>Apu Linli hike - Wikiloc-767</name>
        <snippet></snippet>
        <description>
&lt;table&gt;
&lt;tr&gt;&lt;td&gt;Longitude: -71.859307&lt;/td&gt;&lt;/tr&gt;
&lt;tr&gt;&lt;td&gt;Latitude: -13.400425&lt;/td&gt;&lt;/tr&gt;
&lt;tr&gt;&lt;td&gt;Altitude: 13696.033 ft&lt;/td&gt;&lt;/tr&gt;
&lt;tr&gt;&lt;td&gt;Speed: 2.5 mph&lt;/td&gt;&lt;/tr&gt;
&lt;tr&gt;&lt;td&gt;Heading: 169.7&lt;/td&gt;&lt;/tr&gt;
&lt;tr&gt;&lt;td&gt;Time: 2021-02-19T19:26:05Z&lt;/td&gt;&lt;/tr&gt;
&lt;/table&gt;
</description>
        <LookAt>
          <longitude>-71.859307</longitude>
          <latitude>-13.400425</latitude>
          <tilt>66</tilt>
        </LookAt>
        <TimeStamp>
          <when>2021-02-19T19:26:05Z</when>
        </TimeStamp>
        <styleUrl>#track</styleUrl>
        <Point>
          <coordinates>-71.859307,-13.400425,4174.55</coordinates>
        </Point>
      </Placemark>
      <Placemark>
        <name>Apu Linli hike - Wikiloc-768</name>
        <snippet></snippet>
        <description>
&lt;table&gt;
&lt;tr&gt;&lt;td&gt;Longitude: -71.859319&lt;/td&gt;&lt;/tr&gt;
&lt;tr&gt;&lt;td&gt;Latitude: -13.400469&lt;/td&gt;&lt;/tr&gt;
&lt;tr&gt;&lt;td&gt;Altitude: 13693.051 ft&lt;/td&gt;&lt;/tr&gt;
&lt;tr&gt;&lt;td&gt;Speed: 2.8 mph&lt;/td&gt;&lt;/tr&gt;
&lt;tr&gt;&lt;td&gt;Heading: 194.9&lt;/td&gt;&lt;/tr&gt;
&lt;tr&gt;&lt;td&gt;Time: 2021-02-19T19:26:09Z&lt;/td&gt;&lt;/tr&gt;
&lt;/table&gt;
</description>
        <LookAt>
          <longitude>-71.859319</longitude>
          <latitude>-13.400469</latitude>
          <tilt>66</tilt>
        </LookAt>
        <TimeStamp>
          <when>2021-02-19T19:26:09Z</when>
        </TimeStamp>
        <styleUrl>#track</styleUrl>
        <Point>
          <coordinates>-71.859319,-13.400469,4173.64</coordinates>
        </Point>
      </Placemark>
      <Placemark>
        <name>Apu Linli hike - Wikiloc-769</name>
        <snippet></snippet>
        <description>
&lt;table&gt;
&lt;tr&gt;&lt;td&gt;Longitude: -71.859257&lt;/td&gt;&lt;/tr&gt;
&lt;tr&gt;&lt;td&gt;Latitude: -13.400457&lt;/td&gt;&lt;/tr&gt;
&lt;tr&gt;&lt;td&gt;Altitude: 13685.112 ft&lt;/td&gt;&lt;/tr&gt;
&lt;tr&gt;&lt;td&gt;Speed: 2.2 mph&lt;/td&gt;&lt;/tr&gt;
&lt;tr&gt;&lt;td&gt;Heading: 78.7&lt;/td&gt;&lt;/tr&gt;
&lt;tr&gt;&lt;td&gt;Time: 2021-02-19T19:26:16Z&lt;/td&gt;&lt;/tr&gt;
&lt;/table&gt;
</description>
        <LookAt>
          <longitude>-71.859257</longitude>
          <latitude>-13.400457</latitude>
          <tilt>66</tilt>
        </LookAt>
        <TimeStamp>
          <when>2021-02-19T19:26:16Z</when>
        </TimeStamp>
        <styleUrl>#track</styleUrl>
        <Point>
          <coordinates>-71.859257,-13.400457,4171.22</coordinates>
        </Point>
      </Placemark>
      <Placemark>
        <name>Apu Linli hike - Wikiloc-770</name>
        <snippet></snippet>
        <description>
&lt;table&gt;
&lt;tr&gt;&lt;td&gt;Longitude: -71.859243&lt;/td&gt;&lt;/tr&gt;
&lt;tr&gt;&lt;td&gt;Latitude: -13.400514&lt;/td&gt;&lt;/tr&gt;
&lt;tr&gt;&lt;td&gt;Altitude: 13677.539 ft&lt;/td&gt;&lt;/tr&gt;
&lt;tr&gt;&lt;td&gt;Speed: 1.5 mph&lt;/td&gt;&lt;/tr&gt;
&lt;tr&gt;&lt;td&gt;Heading: 166.6&lt;/td&gt;&lt;/tr&gt;
&lt;tr&gt;&lt;td&gt;Time: 2021-02-19T19:26:26Z&lt;/td&gt;&lt;/tr&gt;
&lt;/table&gt;
</description>
        <LookAt>
          <longitude>-71.859243</longitude>
          <latitude>-13.400514</latitude>
          <tilt>66</tilt>
        </LookAt>
        <TimeStamp>
          <when>2021-02-19T19:26:26Z</when>
        </TimeStamp>
        <styleUrl>#track</styleUrl>
        <Point>
          <coordinates>-71.859243,-13.400514,4168.91</coordinates>
        </Point>
      </Placemark>
      <Placemark>
        <name>Apu Linli hike - Wikiloc-771</name>
        <snippet></snippet>
        <description>
&lt;table&gt;
&lt;tr&gt;&lt;td&gt;Longitude: -71.859192&lt;/td&gt;&lt;/tr&gt;
&lt;tr&gt;&lt;td&gt;Latitude: -13.400477&lt;/td&gt;&lt;/tr&gt;
&lt;tr&gt;&lt;td&gt;Altitude: 13669.974 ft&lt;/td&gt;&lt;/tr&gt;
&lt;tr&gt;&lt;td&gt;Speed: 2.6 mph&lt;/td&gt;&lt;/tr&gt;
&lt;tr&gt;&lt;td&gt;Heading: 53.3&lt;/td&gt;&lt;/tr&gt;
&lt;tr&gt;&lt;td&gt;Time: 2021-02-19T19:26:32Z&lt;/td&gt;&lt;/tr&gt;
&lt;/table&gt;
</description>
        <LookAt>
          <longitude>-71.859192</longitude>
          <latitude>-13.400477</latitude>
          <tilt>66</tilt>
        </LookAt>
        <TimeStamp>
          <when>2021-02-19T19:26:32Z</when>
        </TimeStamp>
        <styleUrl>#track</styleUrl>
        <Point>
          <coordinates>-71.859192,-13.400477,4166.61</coordinates>
        </Point>
      </Placemark>
      <Placemark>
        <name>Apu Linli hike - Wikiloc-772</name>
        <snippet></snippet>
        <description>
&lt;table&gt;
&lt;tr&gt;&lt;td&gt;Longitude: -71.859171&lt;/td&gt;&lt;/tr&gt;
&lt;tr&gt;&lt;td&gt;Latitude: -13.400435&lt;/td&gt;&lt;/tr&gt;
&lt;tr&gt;&lt;td&gt;Altitude: 13665.157 ft&lt;/td&gt;&lt;/tr&gt;
&lt;tr&gt;&lt;td&gt;Speed: 2.9 mph&lt;/td&gt;&lt;/tr&gt;
&lt;tr&gt;&lt;td&gt;Heading: 25.9&lt;/td&gt;&lt;/tr&gt;
&lt;tr&gt;&lt;td&gt;Time: 2021-02-19T19:26:36Z&lt;/td&gt;&lt;/tr&gt;
&lt;/table&gt;
</description>
        <LookAt>
          <longitude>-71.859171</longitude>
          <latitude>-13.400435</latitude>
          <tilt>66</tilt>
        </LookAt>
        <TimeStamp>
          <when>2021-02-19T19:26:36Z</when>
        </TimeStamp>
        <styleUrl>#track</styleUrl>
        <Point>
          <coordinates>-71.859171,-13.400435,4165.14</coordinates>
        </Point>
      </Placemark>
      <Placemark>
        <name>Apu Linli hike - Wikiloc-773</name>
        <snippet></snippet>
        <description>
&lt;table&gt;
&lt;tr&gt;&lt;td&gt;Longitude: -71.859149&lt;/td&gt;&lt;/tr&gt;
&lt;tr&gt;&lt;td&gt;Latitude: -13.400389&lt;/td&gt;&lt;/tr&gt;
&lt;tr&gt;&lt;td&gt;Altitude: 13661.385 ft&lt;/td&gt;&lt;/tr&gt;
&lt;tr&gt;&lt;td&gt;Speed: 3.2 mph&lt;/td&gt;&lt;/tr&gt;
&lt;tr&gt;&lt;td&gt;Heading: 24.9&lt;/td&gt;&lt;/tr&gt;
&lt;tr&gt;&lt;td&gt;Time: 2021-02-19T19:26:40Z&lt;/td&gt;&lt;/tr&gt;
&lt;/table&gt;
</description>
        <LookAt>
          <longitude>-71.859149</longitude>
          <latitude>-13.400389</latitude>
          <tilt>66</tilt>
        </LookAt>
        <TimeStamp>
          <when>2021-02-19T19:26:40Z</when>
        </TimeStamp>
        <styleUrl>#track</styleUrl>
        <Point>
          <coordinates>-71.859149,-13.400389,4163.99</coordinates>
        </Point>
      </Placemark>
      <Placemark>
        <name>Apu Linli hike - Wikiloc-774</name>
        <snippet></snippet>
        <description>
&lt;table&gt;
&lt;tr&gt;&lt;td&gt;Longitude: -71.859118&lt;/td&gt;&lt;/tr&gt;
&lt;tr&gt;&lt;td&gt;Latitude: -13.400355&lt;/td&gt;&lt;/tr&gt;
&lt;tr&gt;&lt;td&gt;Altitude: 13653.264 ft&lt;/td&gt;&lt;/tr&gt;
&lt;tr&gt;&lt;td&gt;Speed: 1.4 mph&lt;/td&gt;&lt;/tr&gt;
&lt;tr&gt;&lt;td&gt;Heading: 41.6&lt;/td&gt;&lt;/tr&gt;
&lt;tr&gt;&lt;td&gt;Time: 2021-02-19T19:26:48Z&lt;/td&gt;&lt;/tr&gt;
&lt;/table&gt;
</description>
        <LookAt>
          <longitude>-71.859118</longitude>
          <latitude>-13.400355</latitude>
          <tilt>66</tilt>
        </LookAt>
        <TimeStamp>
          <when>2021-02-19T19:26:48Z</when>
        </TimeStamp>
        <styleUrl>#track</styleUrl>
        <Point>
          <coordinates>-71.859118,-13.400355,4161.52</coordinates>
        </Point>
      </Placemark>
      <Placemark>
        <name>Apu Linli hike - Wikiloc-775</name>
        <snippet></snippet>
        <description>
&lt;table&gt;
&lt;tr&gt;&lt;td&gt;Longitude: -71.859089&lt;/td&gt;&lt;/tr&gt;
&lt;tr&gt;&lt;td&gt;Latitude: -13.400303&lt;/td&gt;&lt;/tr&gt;
&lt;tr&gt;&lt;td&gt;Altitude: 13645.522 ft&lt;/td&gt;&lt;/tr&gt;
&lt;tr&gt;&lt;td&gt;Speed: 3.7 mph&lt;/td&gt;&lt;/tr&gt;
&lt;tr&gt;&lt;td&gt;Heading: 28.5&lt;/td&gt;&lt;/tr&gt;
&lt;tr&gt;&lt;td&gt;Time: 2021-02-19T19:26:52Z&lt;/td&gt;&lt;/tr&gt;
&lt;/table&gt;
</description>
        <LookAt>
          <longitude>-71.859089</longitude>
          <latitude>-13.400303</latitude>
          <tilt>66</tilt>
        </LookAt>
        <TimeStamp>
          <when>2021-02-19T19:26:52Z</when>
        </TimeStamp>
        <styleUrl>#track</styleUrl>
        <Point>
          <coordinates>-71.859089,-13.400303,4159.15</coordinates>
        </Point>
      </Placemark>
      <Placemark>
        <name>Apu Linli hike - Wikiloc-776</name>
        <snippet></snippet>
        <description>
&lt;table&gt;
&lt;tr&gt;&lt;td&gt;Longitude: -71.859063&lt;/td&gt;&lt;/tr&gt;
&lt;tr&gt;&lt;td&gt;Latitude: -13.400255&lt;/td&gt;&lt;/tr&gt;
&lt;tr&gt;&lt;td&gt;Altitude: 13638.579 ft&lt;/td&gt;&lt;/tr&gt;
&lt;tr&gt;&lt;td&gt;Speed: 3.4 mph&lt;/td&gt;&lt;/tr&gt;
&lt;tr&gt;&lt;td&gt;Heading: 27.8&lt;/td&gt;&lt;/tr&gt;
&lt;tr&gt;&lt;td&gt;Time: 2021-02-19T19:26:56Z&lt;/td&gt;&lt;/tr&gt;
&lt;/table&gt;
</description>
        <LookAt>
          <longitude>-71.859063</longitude>
          <latitude>-13.400255</latitude>
          <tilt>66</tilt>
        </LookAt>
        <TimeStamp>
          <when>2021-02-19T19:26:56Z</when>
        </TimeStamp>
        <styleUrl>#track</styleUrl>
        <Point>
          <coordinates>-71.859063,-13.400255,4157.04</coordinates>
        </Point>
      </Placemark>
      <Placemark>
        <name>Apu Linli hike - Wikiloc-777</name>
        <snippet></snippet>
        <description>
&lt;table&gt;
&lt;tr&gt;&lt;td&gt;Longitude: -71.859040&lt;/td&gt;&lt;/tr&gt;
&lt;tr&gt;&lt;td&gt;Latitude: -13.400196&lt;/td&gt;&lt;/tr&gt;
&lt;tr&gt;&lt;td&gt;Altitude: 13632.530 ft&lt;/td&gt;&lt;/tr&gt;
&lt;tr&gt;&lt;td&gt;Speed: 2.6 mph&lt;/td&gt;&lt;/tr&gt;
&lt;tr&gt;&lt;td&gt;Heading: 20.8&lt;/td&gt;&lt;/tr&gt;
&lt;tr&gt;&lt;td&gt;Time: 2021-02-19T19:27:02Z&lt;/td&gt;&lt;/tr&gt;
&lt;/table&gt;
</description>
        <LookAt>
          <longitude>-71.85904</longitude>
          <latitude>-13.400196</latitude>
          <tilt>66</tilt>
        </LookAt>
        <TimeStamp>
          <when>2021-02-19T19:27:02Z</when>
        </TimeStamp>
        <styleUrl>#track</styleUrl>
        <Point>
          <coordinates>-71.859040,-13.400196,4155.19</coordinates>
        </Point>
      </Placemark>
      <Placemark>
        <name>Apu Linli hike - Wikiloc-778</name>
        <snippet></snippet>
        <description>
&lt;table&gt;
&lt;tr&gt;&lt;td&gt;Longitude: -71.858994&lt;/td&gt;&lt;/tr&gt;
&lt;tr&gt;&lt;td&gt;Latitude: -13.400167&lt;/td&gt;&lt;/tr&gt;
&lt;tr&gt;&lt;td&gt;Altitude: 13626.352 ft&lt;/td&gt;&lt;/tr&gt;
&lt;tr&gt;&lt;td&gt;Speed: 2.2 mph&lt;/td&gt;&lt;/tr&gt;
&lt;tr&gt;&lt;td&gt;Heading: 57.1&lt;/td&gt;&lt;/tr&gt;
&lt;tr&gt;&lt;td&gt;Time: 2021-02-19T19:27:08Z&lt;/td&gt;&lt;/tr&gt;
&lt;/table&gt;
</description>
        <LookAt>
          <longitude>-71.858994</longitude>
          <latitude>-13.400167</latitude>
          <tilt>66</tilt>
        </LookAt>
        <TimeStamp>
          <when>2021-02-19T19:27:08Z</when>
        </TimeStamp>
        <styleUrl>#track</styleUrl>
        <Point>
          <coordinates>-71.858994,-13.400167,4153.31</coordinates>
        </Point>
      </Placemark>
      <Placemark>
        <name>Apu Linli hike - Wikiloc-779</name>
        <snippet></snippet>
        <description>
&lt;table&gt;
&lt;tr&gt;&lt;td&gt;Longitude: -71.858972&lt;/td&gt;&lt;/tr&gt;
&lt;tr&gt;&lt;td&gt;Latitude: -13.400120&lt;/td&gt;&lt;/tr&gt;
&lt;tr&gt;&lt;td&gt;Altitude: 13621.988 ft&lt;/td&gt;&lt;/tr&gt;
&lt;tr&gt;&lt;td&gt;Speed: 3.2 mph&lt;/td&gt;&lt;/tr&gt;
&lt;tr&gt;&lt;td&gt;Heading: 24.5&lt;/td&gt;&lt;/tr&gt;
&lt;tr&gt;&lt;td&gt;Time: 2021-02-19T19:27:12Z&lt;/td&gt;&lt;/tr&gt;
&lt;/table&gt;
</description>
        <LookAt>
          <longitude>-71.858972</longitude>
          <latitude>-13.40012</latitude>
          <tilt>66</tilt>
        </LookAt>
        <TimeStamp>
          <when>2021-02-19T19:27:12Z</when>
        </TimeStamp>
        <styleUrl>#track</styleUrl>
        <Point>
          <coordinates>-71.858972,-13.400120,4151.98</coordinates>
        </Point>
      </Placemark>
      <Placemark>
        <name>Apu Linli hike - Wikiloc-780</name>
        <snippet></snippet>
        <description>
&lt;table&gt;
&lt;tr&gt;&lt;td&gt;Longitude: -71.858936&lt;/td&gt;&lt;/tr&gt;
&lt;tr&gt;&lt;td&gt;Latitude: -13.400088&lt;/td&gt;&lt;/tr&gt;
&lt;tr&gt;&lt;td&gt;Altitude: 13617.493 ft&lt;/td&gt;&lt;/tr&gt;
&lt;tr&gt;&lt;td&gt;Speed: 2.0 mph&lt;/td&gt;&lt;/tr&gt;
&lt;tr&gt;&lt;td&gt;Heading: 47.6&lt;/td&gt;&lt;/tr&gt;
&lt;tr&gt;&lt;td&gt;Time: 2021-02-19T19:27:18Z&lt;/td&gt;&lt;/tr&gt;
&lt;/table&gt;
</description>
        <LookAt>
          <longitude>-71.858936</longitude>
          <latitude>-13.400088</latitude>
          <tilt>66</tilt>
        </LookAt>
        <TimeStamp>
          <when>2021-02-19T19:27:18Z</when>
        </TimeStamp>
        <styleUrl>#track</styleUrl>
        <Point>
          <coordinates>-71.858936,-13.400088,4150.61</coordinates>
        </Point>
      </Placemark>
      <Placemark>
        <name>Apu Linli hike - Wikiloc-781</name>
        <snippet></snippet>
        <description>
&lt;table&gt;
&lt;tr&gt;&lt;td&gt;Longitude: -71.858947&lt;/td&gt;&lt;/tr&gt;
&lt;tr&gt;&lt;td&gt;Latitude: -13.400044&lt;/td&gt;&lt;/tr&gt;
&lt;tr&gt;&lt;td&gt;Altitude: 13612.966 ft&lt;/td&gt;&lt;/tr&gt;
&lt;tr&gt;&lt;td&gt;Speed: 2.8 mph&lt;/td&gt;&lt;/tr&gt;
&lt;tr&gt;&lt;td&gt;Heading: 346.3&lt;/td&gt;&lt;/tr&gt;
&lt;tr&gt;&lt;td&gt;Time: 2021-02-19T19:27:22Z&lt;/td&gt;&lt;/tr&gt;
&lt;/table&gt;
</description>
        <LookAt>
          <longitude>-71.858947</longitude>
          <latitude>-13.400044</latitude>
          <tilt>66</tilt>
        </LookAt>
        <TimeStamp>
          <when>2021-02-19T19:27:22Z</when>
        </TimeStamp>
        <styleUrl>#track</styleUrl>
        <Point>
          <coordinates>-71.858947,-13.400044,4149.23</coordinates>
        </Point>
      </Placemark>
      <Placemark>
        <name>Apu Linli hike - Wikiloc-782</name>
        <snippet></snippet>
        <description>
&lt;table&gt;
&lt;tr&gt;&lt;td&gt;Longitude: -71.858918&lt;/td&gt;&lt;/tr&gt;
&lt;tr&gt;&lt;td&gt;Latitude: -13.399993&lt;/td&gt;&lt;/tr&gt;
&lt;tr&gt;&lt;td&gt;Altitude: 13606.972 ft&lt;/td&gt;&lt;/tr&gt;
&lt;tr&gt;&lt;td&gt;Speed: 2.4 mph&lt;/td&gt;&lt;/tr&gt;
&lt;tr&gt;&lt;td&gt;Heading: 28.9&lt;/td&gt;&lt;/tr&gt;
&lt;tr&gt;&lt;td&gt;Time: 2021-02-19T19:27:28Z&lt;/td&gt;&lt;/tr&gt;
&lt;/table&gt;
</description>
        <LookAt>
          <longitude>-71.858918</longitude>
          <latitude>-13.399993</latitude>
          <tilt>66</tilt>
        </LookAt>
        <TimeStamp>
          <when>2021-02-19T19:27:28Z</when>
        </TimeStamp>
        <styleUrl>#track</styleUrl>
        <Point>
          <coordinates>-71.858918,-13.399993,4147.40</coordinates>
        </Point>
      </Placemark>
      <Placemark>
        <name>Apu Linli hike - Wikiloc-783</name>
        <snippet></snippet>
        <description>
&lt;table&gt;
&lt;tr&gt;&lt;td&gt;Longitude: -71.858875&lt;/td&gt;&lt;/tr&gt;
&lt;tr&gt;&lt;td&gt;Latitude: -13.399965&lt;/td&gt;&lt;/tr&gt;
&lt;tr&gt;&lt;td&gt;Altitude: 13602.060 ft&lt;/td&gt;&lt;/tr&gt;
&lt;tr&gt;&lt;td&gt;Speed: 3.1 mph&lt;/td&gt;&lt;/tr&gt;
&lt;tr&gt;&lt;td&gt;Heading: 56.2&lt;/td&gt;&lt;/tr&gt;
&lt;tr&gt;&lt;td&gt;Time: 2021-02-19T19:27:32Z&lt;/td&gt;&lt;/tr&gt;
&lt;/table&gt;
</description>
        <LookAt>
          <longitude>-71.858875</longitude>
          <latitude>-13.399965</latitude>
          <tilt>66</tilt>
        </LookAt>
        <TimeStamp>
          <when>2021-02-19T19:27:32Z</when>
        </TimeStamp>
        <styleUrl>#track</styleUrl>
        <Point>
          <coordinates>-71.858875,-13.399965,4145.91</coordinates>
        </Point>
      </Placemark>
      <Placemark>
        <name>Apu Linli hike - Wikiloc-784</name>
        <snippet></snippet>
        <description>
&lt;table&gt;
&lt;tr&gt;&lt;td&gt;Longitude: -71.858834&lt;/td&gt;&lt;/tr&gt;
&lt;tr&gt;&lt;td&gt;Latitude: -13.399942&lt;/td&gt;&lt;/tr&gt;
&lt;tr&gt;&lt;td&gt;Altitude: 13594.413 ft&lt;/td&gt;&lt;/tr&gt;
&lt;tr&gt;&lt;td&gt;Speed: 1.0 mph&lt;/td&gt;&lt;/tr&gt;
&lt;tr&gt;&lt;td&gt;Heading: 60.0&lt;/td&gt;&lt;/tr&gt;
&lt;tr&gt;&lt;td&gt;Time: 2021-02-19T19:27:44Z&lt;/td&gt;&lt;/tr&gt;
&lt;/table&gt;
</description>
        <LookAt>
          <longitude>-71.858834</longitude>
          <latitude>-13.399942</latitude>
          <tilt>66</tilt>
        </LookAt>
        <TimeStamp>
          <when>2021-02-19T19:27:44Z</when>
        </TimeStamp>
        <styleUrl>#track</styleUrl>
        <Point>
          <coordinates>-71.858834,-13.399942,4143.58</coordinates>
        </Point>
      </Placemark>
      <Placemark>
        <name>Apu Linli hike - Wikiloc-785</name>
        <snippet></snippet>
        <description>
&lt;table&gt;
&lt;tr&gt;&lt;td&gt;Longitude: -71.858793&lt;/td&gt;&lt;/tr&gt;
&lt;tr&gt;&lt;td&gt;Latitude: -13.399908&lt;/td&gt;&lt;/tr&gt;
&lt;tr&gt;&lt;td&gt;Altitude: 13588.671 ft&lt;/td&gt;&lt;/tr&gt;
&lt;tr&gt;&lt;td&gt;Speed: 2.6 mph&lt;/td&gt;&lt;/tr&gt;
&lt;tr&gt;&lt;td&gt;Heading: 49.6&lt;/td&gt;&lt;/tr&gt;
&lt;tr&gt;&lt;td&gt;Time: 2021-02-19T19:27:49Z&lt;/td&gt;&lt;/tr&gt;
&lt;/table&gt;
</description>
        <LookAt>
          <longitude>-71.858793</longitude>
          <latitude>-13.399908</latitude>
          <tilt>66</tilt>
        </LookAt>
        <TimeStamp>
          <when>2021-02-19T19:27:49Z</when>
        </TimeStamp>
        <styleUrl>#track</styleUrl>
        <Point>
          <coordinates>-71.858793,-13.399908,4141.83</coordinates>
        </Point>
      </Placemark>
      <Placemark>
        <name>Apu Linli hike - Wikiloc-786</name>
        <snippet></snippet>
        <description>
&lt;table&gt;
&lt;tr&gt;&lt;td&gt;Longitude: -71.858765&lt;/td&gt;&lt;/tr&gt;
&lt;tr&gt;&lt;td&gt;Latitude: -13.399871&lt;/td&gt;&lt;/tr&gt;
&lt;tr&gt;&lt;td&gt;Altitude: 13581.535 ft&lt;/td&gt;&lt;/tr&gt;
&lt;tr&gt;&lt;td&gt;Speed: 2.9 mph&lt;/td&gt;&lt;/tr&gt;
&lt;tr&gt;&lt;td&gt;Heading: 36.4&lt;/td&gt;&lt;/tr&gt;
&lt;tr&gt;&lt;td&gt;Time: 2021-02-19T19:27:53Z&lt;/td&gt;&lt;/tr&gt;
&lt;/table&gt;
</description>
        <LookAt>
          <longitude>-71.858765</longitude>
          <latitude>-13.399871</latitude>
          <tilt>66</tilt>
        </LookAt>
        <TimeStamp>
          <when>2021-02-19T19:27:53Z</when>
        </TimeStamp>
        <styleUrl>#track</styleUrl>
        <Point>
          <coordinates>-71.858765,-13.399871,4139.65</coordinates>
        </Point>
      </Placemark>
      <Placemark>
        <name>Apu Linli hike - Wikiloc-787</name>
        <snippet></snippet>
        <description>
&lt;table&gt;
&lt;tr&gt;&lt;td&gt;Longitude: -71.858732&lt;/td&gt;&lt;/tr&gt;
&lt;tr&gt;&lt;td&gt;Latitude: -13.399829&lt;/td&gt;&lt;/tr&gt;
&lt;tr&gt;&lt;td&gt;Altitude: 13575.958 ft&lt;/td&gt;&lt;/tr&gt;
&lt;tr&gt;&lt;td&gt;Speed: 3.3 mph&lt;/td&gt;&lt;/tr&gt;
&lt;tr&gt;&lt;td&gt;Heading: 37.4&lt;/td&gt;&lt;/tr&gt;
&lt;tr&gt;&lt;td&gt;Time: 2021-02-19T19:27:57Z&lt;/td&gt;&lt;/tr&gt;
&lt;/table&gt;
</description>
        <LookAt>
          <longitude>-71.858732</longitude>
          <latitude>-13.399829</latitude>
          <tilt>66</tilt>
        </LookAt>
        <TimeStamp>
          <when>2021-02-19T19:27:57Z</when>
        </TimeStamp>
        <styleUrl>#track</styleUrl>
        <Point>
          <coordinates>-71.858732,-13.399829,4137.95</coordinates>
        </Point>
      </Placemark>
      <Placemark>
        <name>Apu Linli hike - Wikiloc-788</name>
        <snippet></snippet>
        <description>
&lt;table&gt;
&lt;tr&gt;&lt;td&gt;Longitude: -71.858699&lt;/td&gt;&lt;/tr&gt;
&lt;tr&gt;&lt;td&gt;Latitude: -13.399783&lt;/td&gt;&lt;/tr&gt;
&lt;tr&gt;&lt;td&gt;Altitude: 13570.295 ft&lt;/td&gt;&lt;/tr&gt;
&lt;tr&gt;&lt;td&gt;Speed: 3.5 mph&lt;/td&gt;&lt;/tr&gt;
&lt;tr&gt;&lt;td&gt;Heading: 34.9&lt;/td&gt;&lt;/tr&gt;
&lt;tr&gt;&lt;td&gt;Time: 2021-02-19T19:28:01Z&lt;/td&gt;&lt;/tr&gt;
&lt;/table&gt;
</description>
        <LookAt>
          <longitude>-71.858699</longitude>
          <latitude>-13.399783</latitude>
          <tilt>66</tilt>
        </LookAt>
        <TimeStamp>
          <when>2021-02-19T19:28:01Z</when>
        </TimeStamp>
        <styleUrl>#track</styleUrl>
        <Point>
          <coordinates>-71.858699,-13.399783,4136.23</coordinates>
        </Point>
      </Placemark>
    </Folder>
  </Document>
</kml>
