<?xml version="1.0" encoding="UTF-8"?>
<kml xmlns="http://www.opengis.net/kml/2.2" xmlns:gx="http://www.google.com/kml/ext/2.2">
  <Document>
    <name>GPS device</name>
    <snippet>Created Sat May 9 21:05:25 2026 GMT</snippet>
    <LookAt>
      <gx:TimeSpan>
        <begin>2021-02-19T16:26:26Z</begin>
        <end>2021-02-19T20:55:10Z</end>
      </gx:TimeSpan>
      <longitude>-71.853227</longitude>
      <latitude>-13.406135</latitude>
      <range>4981.820725</range>
    </LookAt>
    <Style id="track_n">
      <IconStyle>
        <scale>0.5</scale>
        <Icon>
          <href>https://earth.google.com/images/kml-icons/track-directional/track-none.png</href>
        </Icon>
      </IconStyle>
      <LabelStyle>
        <scale>0</scale>
      </LabelStyle>
    </Style>
    <Style id="track_h">
      <IconStyle>
        <scale>1.2</scale>
        <Icon>
          <href>https://earth.google.com/images/kml-icons/track-directional/track-none.png</href>
        </Icon>
      </IconStyle>
    </Style>
    <Style id="waypoint_n">
      <IconStyle>
        <Icon>
          <href>https://maps.google.com/mapfiles/kml/pal4/icon61.png</href>
        </Icon>
      </IconStyle>
    </Style>
    <Style id="waypoint_h">
      <IconStyle>
        <scale>1.2</scale>
        <Icon>
          <href>https://maps.google.com/mapfiles/kml/pal4/icon61.png</href>
        </Icon>
      </IconStyle>
    </Style>
    <Style id="lineStyle">
      <LineStyle>
        <color>99ffac59</color>
        <width>6</width>
      </LineStyle>
    </Style>
    <StyleMap id="track">
      <Pair>
        <key>normal</key>
        <styleUrl>#track_n</styleUrl>
      </Pair>
      <Pair>
        <key>highlight</key>
        <styleUrl>#track_h</styleUrl>
      </Pair>
    </StyleMap>
    <StyleMap id="waypoint">
      <Pair>
        <key>normal</key>
        <styleUrl>#waypoint_n</styleUrl>
      </Pair>
      <Pair>
        <key>highlight</key>
        <styleUrl>#waypoint_h</styleUrl>
      </Pair>
    </StyleMap>
    <Folder>
      <name>Return</name>
      <Placemark>
        <name>Return Path</name>
        <LineString>
          <coordinates>-71.858677,-13.399742,4135.18 -71.858655,-13.399702,4133.97 -71.858627,-13.399653,4132.53 -71.858604,-13.399602,4131.28 -71.858580,-13.399562,4129.19 -71.858538,-13.399543,4127.22 -71.858510,-13.399496,4125.21 -71.858468,-13.399467,4123.78 -71.858444,-13.399426,4121.91 -71.858400,-13.399395,4119.74 -71.858353,-13.399397,4118.23 -71.858332,-13.399334,4115.79 -71.858355,-13.399280,4113.92 -71.858385,-13.399222,4111.98 -71.858392,-13.399154,4109.22 -71.858417,-13.399116,4106.86 -71.858418,-13.399058,4104.66 -71.858380,-13.399030,4102.31 -71.858316,-13.399014,4100.51 -71.858302,-13.399074,4099.25 -71.858253,-13.399061,4098.73 -71.858220,-13.399011,4098.27 -71.858240,-13.398955,4096.75 -71.858241,-13.398899,4094.11 -71.858221,-13.398840,4091.27 -71.858174,-13.398793,4088.58 -71.858164,-13.398745,4087.81 -71.858173,-13.398696,4086.24 -71.858164,-13.398647,4084.69 -71.858169,-13.398596,4082.61 -71.858164,-13.398544,4081.01 -71.858151,-13.398491,4079.50 -71.858126,-13.398443,4077.88 -71.858106,-13.398394,4075.89 -71.858101,-13.398348,4074.67 -71.858097,-13.398297,4073.58 -71.858087,-13.398244,4073.06 -71.858089,-13.398191,4072.07 -71.858101,-13.398139,4071.27 -71.858123,-13.398087,4070.54 -71.858149,-13.398050,4070.27 -71.858187,-13.398016,4070.02 -71.858185,-13.397965,4069.41 -71.858221,-13.397892,4068.95 -71.858236,-13.397828,4068.34 -71.858256,-13.397778,4068.19 -71.858227,-13.397729,4068.14 -71.858208,-13.397686,4067.59 -71.858157,-13.397653,4066.16 -71.858105,-13.397615,4064.57 -71.858060,-13.397593,4063.18 -71.858013,-13.397577,4061.09 -71.857956,-13.397584,4059.48 -71.857906,-13.397595,4058.22 -71.857858,-13.397579,4058.51 -71.857798,-13.397544,4059.22 -71.857738,-13.397515,4059.89 -71.857690,-13.397492,4060.21 -71.857645,-13.397471,4060.76 -71.857601,-13.397450,4061.24 -71.857555,-13.397438,4061.43 -71.857501,-13.397432,4061.76 -71.857451,-13.397419,4062.19 -71.857394,-13.397425,4062.59 -71.857345,-13.397397,4063.34 -71.857296,-13.397370,4063.53 -71.857285,-13.397315,4061.71 -71.857254,-13.397257,4060.82 -71.857204,-13.397251,4059.58 -71.857144,-13.397248,4057.98 -71.857107,-13.397216,4056.55 -71.857059,-13.397241,4055.03 -71.856985,-13.397256,4051.88 -71.856897,-13.397264,4049.47 -71.856844,-13.397250,4047.02 -71.856783,-13.397241,4044.83 -71.856732,-13.397237,4042.87 -71.856644,-13.397296,4039.61 -71.856612,-13.397231,4037.61 -71.856555,-13.397207,4036.09 -71.856513,-13.397180,4034.78 -71.856471,-13.397154,4033.79 -71.856417,-13.397109,4032.68 -71.856356,-13.397078,4032.52 -71.856304,-13.397028,4032.43 -71.856245,-13.397000,4031.95 -71.856200,-13.396974,4031.45 -71.856159,-13.396950,4031.09 -71.856106,-13.396929,4030.61 -71.856062,-13.396905,4030.33 -71.856018,-13.396881,4030.51 -71.855973,-13.396846,4030.16 -71.855928,-13.396807,4029.38 -71.855895,-13.396766,4029.19 -71.855855,-13.396728,4029.10 -71.855832,-13.396681,4028.52 -71.855735,-13.396626,4028.42 -71.855699,-13.396590,4028.45 -71.855658,-13.396528,4028.26 -71.855566,-13.396492,4027.06 -71.855518,-13.396462,4025.42 -71.855468,-13.396426,4024.21 -71.855427,-13.396403,4023.11 -71.855393,-13.396371,4022.58 -71.855344,-13.396297,4021.86 -71.855308,-13.396263,4021.25 -71.855227,-13.396217,4020.45 -71.855180,-13.396203,4019.85 -71.855128,-13.396204,4019.09 -71.855065,-13.396193,4018.96 -71.855014,-13.396169,4018.11 -71.854967,-13.396136,4017.66 -71.854914,-13.396137,4015.02 -71.854820,-13.396215,4011.01 -71.854705,-13.396281,4007.01 -71.854613,-13.396322,4003.12 -71.854533,-13.396361,4000.37 -71.854476,-13.396429,3996.35 -71.854413,-13.396497,3992.60 -71.854303,-13.396536,3988.53 -71.854171,-13.396607,3984.54 -71.854084,-13.396678,3980.54 -71.854039,-13.396706,3977.06 -71.853984,-13.396736,3974.42 -71.853930,-13.396766,3972.81 -71.853893,-13.396807,3971.52 -71.853853,-13.396842,3969.81 -71.853765,-13.396864,3967.60 -71.853683,-13.396866,3965.25 -71.853636,-13.396867,3962.47 -71.853483,-13.396826,3958.83 -71.853372,-13.396786,3955.02 -71.853237,-13.396800,3951.01 -71.853162,-13.396765,3947.09 -71.853097,-13.396690,3944.68 -71.852983,-13.396703,3941.61 -71.852906,-13.396706,3937.63 -71.852839,-13.396646,3933.61 -71.852792,-13.396556,3930.31 -71.852724,-13.396463,3926.40 -71.852686,-13.396388,3923.23 -71.852678,-13.396280,3920.02 -71.852674,-13.396170,3921.03 -71.852637,-13.396061,3920.39 -71.852579,-13.395976,3920.88 -71.852483,-13.395925,3920.49 -71.852379,-13.395922,3918.24 -71.852259,-13.395973,3914.46 -71.852279,-13.396074,3911.05 -71.852129,-13.396183,3908.12 -71.852075,-13.396208,3904.21 -71.852033,-13.396308,3900.26 -71.851993,-13.396338,3896.98 -71.851942,-13.396353,3894.34 -71.851895,-13.396371,3892.14 -71.851805,-13.396394,3889.38 -71.851756,-13.396404,3886.94 -71.851716,-13.396436,3884.57 -71.851681,-13.396527,3881.27 -71.851615,-13.396629,3878.19 -71.851587,-13.396707,3874.12 -71.851607,-13.396776,3870.13 -71.851608,-13.396837,3867.81 -71.851618,-13.396893,3866.46 -71.851649,-13.396961,3866.76 -71.851692,-13.397013,3866.76 -71.851709,-13.397090,3864.67 -71.851756,-13.397149,3861.27 -71.851796,-13.397253,3859.23 -71.851729,-13.397340,3856.46 -71.851696,-13.397413,3854.70 -71.851645,-13.397483,3854.13 -71.851599,-13.397574,3853.43 -71.851550,-13.397645,3852.31 -71.851583,-13.397689,3851.51 -71.851599,-13.397735,3850.15 -71.851630,-13.397778,3849.24 -71.851653,-13.397826,3848.16 -71.851674,-13.397881,3847.08 -71.851698,-13.397937,3845.72 -71.851746,-13.398009,3844.78 -71.851812,-13.398073,3843.76 -71.851827,-13.398133,3842.39 -71.851859,-13.398188,3841.35 -71.851883,-13.398246,3840.40 -71.851891,-13.398310,3838.91 -71.851918,-13.398349,3838.21 -71.851945,-13.398390,3838.29 -71.851963,-13.398436,3838.46 -71.851974,-13.398483,3838.74 -71.851970,-13.398570,3837.92 -71.851979,-13.398649,3837.86 -71.851992,-13.398701,3837.05 -71.851996,-13.398763,3835.86 -71.851986,-13.398819,3834.85 -71.851980,-13.398873,3834.12 -71.851980,-13.398925,3833.50 -71.851976,-13.398978,3833.21 -71.851961,-13.399033,3833.01 -71.851936,-13.399085,3832.96 -71.851913,-13.399142,3832.88 -71.851895,-13.399196,3832.76 -71.851893,-13.399257,3832.74 -71.851870,-13.399316,3832.09 -71.851862,-13.399373,3831.14 -71.851857,-13.399428,3830.18 -71.851853,-13.399483,3829.09 -71.851843,-13.399539,3828.05 -71.851847,-13.399594,3827.35 -71.851836,-13.399650,3826.61 -71.851830,-13.399705,3825.71 -71.851828,-13.399754,3825.17 -71.851840,-13.399809,3824.62 -71.851840,-13.399864,3824.09 -71.851838,-13.399921,3823.59 -71.851844,-13.399975,3822.90 -71.851837,-13.400033,3822.39 -71.851841,-13.400088,3822.06 -71.851836,-13.400181,3820.36 -71.851847,-13.400226,3818.72 -71.851859,-13.400282,3817.08 -71.851863,-13.400334,3815.81 -71.851867,-13.400389,3814.41 -71.851873,-13.400439,3813.16 -71.851893,-13.400596,3811.24 -71.851876,-13.400707,3808.43 -71.851811,-13.400777,3804.41 -71.851758,-13.400759,3801.17 -71.851759,-13.400898,3797.69 -71.851670,-13.400955,3796.90 -71.851491,-13.401051,3793.02 -71.851387,-13.401122,3791.48 -71.851273,-13.401136,3787.46 -71.851149,-13.401139,3783.82 -71.851105,-13.401193,3784.21 -71.851137,-13.401262,3781.88 -71.851051,-13.401196,3777.87 -71.851014,-13.401036,3773.88 -71.850948,-13.400940,3769.87 -71.850815,-13.400939,3767.75 -71.850779,-13.401030,3767.59 -71.850801,-13.401131,3764.22 -71.850833,-13.401202,3760.38 -71.850637,-13.401140,3759.61 -71.850564,-13.401125,3755.63 -71.850496,-13.401016,3751.61 -71.850440,-13.400915,3747.61 -71.850369,-13.400857,3743.63 -71.850405,-13.400814,3740.53 -71.850204,-13.400862,3740.75 -71.850132,-13.400863,3740.34 -71.850081,-13.400827,3739.73 -71.850025,-13.400790,3739.08 -71.849977,-13.400743,3738.16 -71.849928,-13.400711,3737.76 -71.849838,-13.400701,3737.84 -71.849793,-13.400720,3736.70 -71.849748,-13.400771,3734.92 -71.849719,-13.400836,3733.01 -71.849718,-13.400907,3732.12 -71.849762,-13.400954,3731.42 -71.849805,-13.400979,3729.59 -71.849712,-13.401104,3726.63 -71.849596,-13.401214,3723.23 -71.849507,-13.401311,3719.46 -71.849434,-13.401396,3716.75 -71.849317,-13.401425,3715.97 -71.849236,-13.401381,3714.97 -71.849312,-13.401475,3712.11 -71.849300,-13.401542,3709.61 -71.849247,-13.401584,3707.11 -71.849248,-13.401640,3704.03 -71.849231,-13.401689,3702.01 -71.849166,-13.401744,3700.93 -71.849164,-13.401795,3699.29 -71.849172,-13.401849,3697.85 -71.849212,-13.401907,3696.25 -71.849254,-13.401961,3695.57 -71.849246,-13.402006,3694.51 -71.849197,-13.402018,3692.62 -71.849139,-13.401974,3690.76 -71.849089,-13.401959,3688.31 -71.849042,-13.401992,3685.41 -71.849002,-13.402035,3683.36 -71.848957,-13.402079,3681.28 -71.848930,-13.402131,3679.08 -71.848896,-13.402191,3676.96 -71.848854,-13.402247,3674.73 -71.848832,-13.402306,3673.76 -71.848824,-13.402350,3670.97 -71.848732,-13.402318,3668.47 -71.848722,-13.402230,3666.99 -71.848714,-13.402159,3665.22 -71.848661,-13.402185,3662.93 -71.848639,-13.402225,3660.41 -71.848579,-13.402278,3657.41 -71.848537,-13.402314,3655.99 -71.848484,-13.402295,3653.79 -71.848420,-13.402335,3651.66 -71.848413,-13.402404,3650.44 -71.848402,-13.402456,3648.98 -71.848330,-13.402439,3647.74 -71.848285,-13.402405,3643.73 -71.848259,-13.402487,3640.19 -71.848269,-13.402534,3637.78 -71.848284,-13.402599,3636.32 -71.848324,-13.402637,3635.21 -71.848276,-13.402648,3633.66 -71.848207,-13.402664,3631.80 -71.848247,-13.402714,3630.01 -71.848226,-13.402771,3627.58 -71.848243,-13.402816,3625.83 -71.848233,-13.402887,3623.97 -71.848183,-13.402945,3621.76 -71.848192,-13.402996,3619.62 -71.848183,-13.403057,3617.98 -71.848202,-13.403137,3615.63 -71.848207,-13.403216,3614.12 -71.848206,-13.403275,3612.61 -71.848176,-13.403321,3611.28 -71.848143,-13.403394,3609.57 -71.848123,-13.403467,3607.93 -71.848097,-13.403533,3606.74 -71.848073,-13.403589,3606.12 -71.848020,-13.403620,3605.87 -71.847968,-13.403666,3605.22 -71.847939,-13.403731,3604.89 -71.847913,-13.403807,3604.63 -71.847887,-13.403845,3604.35 -71.847835,-13.403912,3603.91 -71.847772,-13.403960,3603.31 -71.847684,-13.403989,3602.73 -71.847598,-13.404005,3602.10 -71.847514,-13.404018,3601.24 -71.847440,-13.404037,3600.52 -71.847391,-13.404075,3600.16 -71.847435,-13.404112,3599.42 -71.847450,-13.404175,3598.68 -71.847474,-13.404226,3597.69 -71.847466,-13.404279,3597.07 -71.847478,-13.404341,3596.07 -71.847492,-13.404405,3595.21 -71.847503,-13.404474,3594.11 -71.847532,-13.404532,3592.64 -71.847543,-13.404596,3591.46 -71.847549,-13.404664,3590.16 -71.847505,-13.404698,3589.36 -71.847491,-13.404743,3588.48 -71.847491,-13.404807,3586.63 -71.847487,-13.404875,3584.86 -71.847486,-13.404949,3583.06 -71.847470,-13.405014,3581.99 -71.847482,-13.405084,3580.84 -71.847467,-13.405142,3579.93 -71.847450,-13.405208,3578.41 -71.847482,-13.405275,3576.59 -71.847508,-13.405315,3574.72 -71.847517,-13.405371,3573.02 -71.847504,-13.405438,3571.15 -71.847517,-13.405516,3569.81 -71.847549,-13.405577,3568.24 -71.847556,-13.405646,3566.80 -71.847588,-13.405694,3566.07 -71.847619,-13.405753,3565.19 -71.847632,-13.405831,3564.26 -71.847651,-13.405910,3563.72 -71.847638,-13.405989,3563.61 -71.847629,-13.406052,3563.09 -71.847608,-13.406131,3561.99 -71.847592,-13.406202,3560.89 -71.847595,-13.406275,3559.67 -71.847593,-13.406328,3559.29 -71.847588,-13.406386,3558.95 -71.847569,-13.406438,3558.13 -71.847551,-13.406489,3557.75 -71.847538,-13.406540,3557.24 -71.847544,-13.406600,3556.98 -71.847550,-13.406652,3556.51 -71.847551,-13.406706,3556.01 -71.847541,-13.406757,3555.34 -71.847524,-13.406806,3554.41 -71.847505,-13.406855,3553.95 -71.847492,-13.406906,3553.59 -71.847493,-13.406958,3552.84 -71.847491,-13.407014,3551.93 -71.847491,-13.407070,3551.28 -71.847496,-13.407125,3550.82 -71.847497,-13.407181,3550.55 -71.847489,-13.407234,3550.23 -71.847475,-13.407288,3549.62 -71.847468,-13.407348,3548.81 -71.847465,-13.407407,3547.98 -71.847467,-13.407467,3546.87 -71.847466,-13.407524,3545.72 -71.847468,-13.407576,3544.64 -71.847472,-13.407624,3543.47 -71.847476,-13.407682,3542.59 -71.847472,-13.407741,3541.48 -71.847470,-13.407795,3540.54 -71.847453,-13.407848,3539.68 -71.847438,-13.407906,3538.84 -71.847432,-13.407956,3538.02 -71.847425,-13.408011,3537.21 -71.847413,-13.408081,3535.96 -71.847407,-13.408132,3534.89 -71.847399,-13.408184,3533.33 -71.847410,-13.408233,3531.69 -71.847448,-13.408265,3529.87 -71.847462,-13.408325,3527.87 -71.847459,-13.408389,3525.90 -71.847418,-13.408441,3524.17 -71.847383,-13.408495,3522.67 -71.847381,-13.408554,3520.74 -71.847365,-13.408618,3518.41 -71.847386,-13.408671,3516.81 -71.847410,-13.408710,3515.06 -71.847428,-13.408766,3512.81 -71.847415,-13.408813,3510.65 -71.847390,-13.408865,3509.00 -71.847405,-13.408911,3507.37 -71.847438,-13.408949,3505.38 -71.847404,-13.409005,3503.64 -71.847407,-13.409055,3501.86 -71.847402,-13.409124,3499.89 -71.847432,-13.409168,3497.96 -71.847447,-13.409214,3495.82 -71.847451,-13.409278,3493.61 -71.847477,-13.409323,3491.59 -71.847513,-13.409360,3489.14 -71.847498,-13.409403,3487.15 -71.847528,-13.409458,3485.28 -71.847564,-13.409487,3483.38 -71.847555,-13.409544,3481.82 -71.847562,-13.409603,3480.23 -71.847598,-13.409636,3478.49 -71.847647,-13.409653,3476.10 -71.847670,-13.409706,3473.21 -71.847706,-13.409761,3471.13 -71.847724,-13.409805,3469.01 -71.847763,-13.409856,3466.80 -71.847770,-13.409918,3464.39 -71.847799,-13.409960,3461.45 -71.847850,-13.409960,3459.26 -71.847872,-13.410019,3457.12 -71.847872,-13.410074,3455.25 -71.847868,-13.410135,3453.67 -71.847932,-13.410132,3452.02 -71.847982,-13.410163,3450.25 -71.848001,-13.410204,3448.35 -71.848014,-13.410256,3447.01 -71.847983,-13.410296,3446.71 -71.847973,-13.410346,3446.19 -71.848000,-13.410390,3444.56 -71.848012,-13.410437,3443.15 -71.848014,-13.410484,3441.80 -71.848041,-13.410522,3440.61 -71.848063,-13.410563,3439.17 -71.848068,-13.410609,3437.66 -71.848084,-13.410651,3435.86 -71.848077,-13.410701,3434.07 -71.848075,-13.410754,3431.34 -71.848033,-13.410778,3428.73 -71.848002,-13.410821,3427.01 -71.848049,-13.410834,3425.76 -71.848024,-13.410879,3424.51 -71.848049,-13.410950,3421.53 -71.848028,-13.411009,3418.69 -71.847965,-13.410982,3415.74 -71.847942,-13.411021,3412.15 -71.847888,-13.410990,3409.34 -71.847844,-13.410975,3407.12 -71.847794,-13.410933,3404.96 -71.847746,-13.410903,3402.48 -71.847738,-13.410955,3400.11 -71.847682,-13.410971,3398.11 -71.847626,-13.410992,3395.95 -71.847577,-13.411008,3394.22 -71.847535,-13.411027,3392.70 -71.847475,-13.411002,3390.57 -71.847420,-13.410986,3388.21 -71.847369,-13.410993,3385.84 -71.847319,-13.410998,3383.94 -71.847270,-13.411004,3382.38 -71.847210,-13.411026,3380.33 -71.847259,-13.411061,3378.75 -71.847297,-13.411094,3378.01 -71.847355,-13.411110,3376.11 -71.847402,-13.411107,3374.72 -71.847464,-13.411106,3373.19 -71.847510,-13.411122,3371.43 -71.847544,-13.411156,3369.47 -71.847575,-13.411193,3367.52 -71.847615,-13.411239,3368.38 -71.847658,-13.411281,3367.35 -71.847705,-13.411298,3365.96 -71.847757,-13.411313,3364.28 -71.847805,-13.411342,3362.73 -71.847849,-13.411357,3361.23 -71.847898,-13.411386,3359.61 -71.847932,-13.411424,3358.43 -71.847886,-13.411433,3357.07 -71.847837,-13.411432,3355.36 -71.847790,-13.411442,3353.94 -71.847741,-13.411456,3352.43 -71.847698,-13.411473,3350.77 -71.847647,-13.411476,3348.78 -71.847600,-13.411481,3346.86 -71.847543,-13.411501,3345.44 -71.847485,-13.411509,3344.18 -71.847437,-13.411522,3343.21 -71.847391,-13.411539,3341.81 -71.847427,-13.411574,3340.59 -71.847470,-13.411595,3339.31 -71.847518,-13.411625,3337.72 -71.847557,-13.411650,3336.59 -71.847603,-13.411674,3335.03 -71.847646,-13.411693,3333.26 -71.847706,-13.411721,3334.13 -71.847755,-13.411759,3333.99 -71.847806,-13.411801,3332.13 -71.847850,-13.411826,3330.13 -71.847798,-13.411846,3327.81 -71.847732,-13.411846,3325.31 -71.847772,-13.411874,3322.75 -71.847751,-13.411918,3320.65 -71.847704,-13.411933,3318.77 -71.847655,-13.411943,3316.92 -71.847609,-13.411955,3315.45 -71.847562,-13.411956,3314.12 -71.847496,-13.411951,3312.19 -71.847446,-13.411969,3310.01 -71.847444,-13.412031,3308.26 -71.847478,-13.412079,3306.81 -71.847513,-13.412119,3305.92 -71.847517,-13.412182,3304.41 -71.847516,-13.412246,3302.81 -71.847537,-13.412300,3300.47 -71.847551,-13.412365,3298.29 -71.847583,-13.412400,3296.70 -71.847567,-13.412456,3294.98 -71.847544,-13.412496,3293.39 -71.847535,-13.412546,3291.67 -71.847522,-13.412599,3290.08 -71.847496,-13.412663,3288.48 -71.847484,-13.412713,3287.26 -71.847495,-13.412770,3286.13 -71.847522,-13.412812,3285.01 -71.847544,-13.412863,3283.76 -71.847546,-13.412913,3282.71 -71.847597,-13.412955,3280.99 -71.847655,-13.412963,3279.20 -71.847688,-13.412998,3277.43 -71.847708,-13.413040,3275.78 -71.847732,-13.413101,3276.05 -71.847764,-13.413146,3273.89 -71.847755,-13.413201,3272.34 -71.847745,-13.413258,3271.08 -71.847742,-13.413307,3269.51 -71.847754,-13.413351,3267.31 -71.847766,-13.413395,3264.84 -71.847778,-13.413446,3262.89 -71.847790,-13.413495,3260.76 -71.847800,-13.413542,3258.88 -71.847809,-13.413601,3257.32 -71.847806,-13.413660,3255.39 -71.847821,-13.413705,3253.64 -71.847843,-13.413749,3252.43 -71.847838,-13.413800,3251.22 -71.847837,-13.413856,3250.31 -71.847830,-13.413908,3249.02 -71.847830,-13.413959,3247.81 -71.847838,-13.414016,3246.73 -71.847845,-13.414072,3245.69 -71.847848,-13.414129,3244.04 -71.847866,-13.414187,3242.33 -71.847867,-13.414232,3240.55 -71.847879,-13.414282,3239.48 -71.847899,-13.414336,3238.93 -71.847904,-13.414391,3238.50 -71.847911,-13.414447,3237.86 -71.847941,-13.414526,3239.27 -71.847959,-13.414569,3239.31 -71.847972,-13.414625,3238.41 -71.847990,-13.414671,3237.89 -71.848002,-13.414719,3236.61 -71.848021,-13.414761,3235.52 -71.848039,-13.414814,3234.69 -71.848050,-13.414870,3233.29 -71.848052,-13.414932,3232.06 -71.848067,-13.414983,3230.61 -71.848075,-13.415038,3229.42 -71.848085,-13.415086,3228.51 -71.848085,-13.415133,3227.44 -71.848093,-13.415179,3226.31 -71.848125,-13.415220,3225.11 -71.848176,-13.415260,3223.34 -71.848189,-13.415306,3221.73 -71.848195,-13.415356,3220.26 -71.848224,-13.415410,3218.99 -71.848241,-13.415470,3217.26 -71.848264,-13.415531,3215.39 -71.848291,-13.415570,3213.43 -71.848304,-13.415638,3211.60 -71.848300,-13.415685,3210.15 -71.848296,-13.415746,3208.50 -71.848287,-13.415794,3207.11 -71.848341,-13.415794,3205.61 -71.848397,-13.415808,3203.74 -71.848459,-13.415821,3202.15 -71.848479,-13.415881,3200.72 -71.848519,-13.415907,3199.56 -71.848526,-13.415954,3197.24 -71.848575,-13.415931,3195.37 -71.848613,-13.415904,3193.56 -71.848665,-13.415912,3192.38 -71.848713,-13.415922,3190.63 -71.848739,-13.415960,3189.02 -71.848734,-13.416007,3187.22 -71.848728,-13.416056,3184.51 -71.848747,-13.416103,3182.19 -71.848739,-13.416149,3179.92 -71.848712,-13.416198,3177.81 -71.848683,-13.416236,3175.86 -71.848659,-13.416282,3174.78 -71.848641,-13.416327,3173.14 -71.848626,-13.416373,3171.45 -71.848611,-13.416418,3169.99 -71.848597,-13.416462,3168.35 -71.848615,-13.416515,3168.63 -71.848630,-13.416570,3166.62 -71.848641,-13.416615,3165.11 -71.848636,-13.416663,3163.45 -71.848628,-13.416710,3162.05 -71.848679,-13.416691,3160.68 -71.848708,-13.416651,3159.03 -71.848752,-13.416607,3157.97 -71.848787,-13.416577,3156.74 -71.848825,-13.416522,3154.72 -71.848864,-13.416468,3153.07 -71.848908,-13.416443,3151.76 -71.848957,-13.416414,3150.00 -71.849026,-13.416421,3147.52 -71.849073,-13.416429,3144.61 -71.849118,-13.416449,3142.74 -71.849153,-13.416487,3141.97 -71.849186,-13.416521,3141.45 -71.849141,-13.416536,3141.50 -71.849075,-13.416535,3140.97 -71.849056,-13.416588,3140.22 -71.849097,-13.416623,3139.39 -71.849084,-13.416678,3137.47 -71.849129,-13.416653,3135.49 -71.849175,-13.416672,3132.76 -71.849156,-13.416721,3131.33 -71.849136,-13.416771,3130.21 -71.849133,-13.416827,3128.85 -71.849117,-13.416876,3127.63 -71.849094,-13.416924,3126.42 -71.849119,-13.416881,3124.06 -71.849139,-13.416928,3121.82 -71.849136,-13.416981,3118.79 -71.849186,-13.417000,3115.99 -71.849235,-13.416994,3113.77 -71.849284,-13.416986,3112.26 -71.849322,-13.417019,3111.04 -71.849347,-13.417065,3110.12 -71.849393,-13.417091,3108.51 -71.849426,-13.417129,3107.27 -71.849459,-13.417164,3105.01 -71.849474,-13.417207,3102.53 -71.849529,-13.417216,3100.58 -71.849562,-13.417251,3099.31 -71.849522,-13.417283,3098.17 -71.849472,-13.417291,3096.26 -71.849424,-13.417297,3094.59 -71.849373,-13.417330,3094.73 -71.849367,-13.417377,3092.89 -71.849387,-13.417420,3089.82 -71.849428,-13.417443,3087.91 -71.849476,-13.417429,3085.67 -71.849533,-13.417419,3084.13 -71.849587,-13.417451,3082.83 -71.849634,-13.417442,3081.17 -71.849681,-13.417439,3078.77 -71.849741,-13.417450,3076.44 -71.849795,-13.417455,3073.88 -71.849844,-13.417457,3071.61 -71.849904,-13.417468,3069.31 -71.849967,-13.417490,3067.84 -71.850027,-13.417503,3066.41 -71.850074,-13.417518,3064.41 -71.850033,-13.417543,3062.82 -71.849999,-13.417592,3062.12 -71.849942,-13.417608,3060.84 -71.849871,-13.417618,3060.14 -71.849834,-13.417648,3058.89 -71.849813,-13.417701,3056.83 -71.849785,-13.417751,3054.68 -71.849830,-13.417773,3054.34 -71.849820,-13.417826,3050.54 -71.849787,-13.417862,3047.02 -71.849807,-13.417904,3044.11 -71.849804,-13.417957,3041.61 -71.849775,-13.418003,3039.34 -71.849727,-13.418031,3037.98 -71.849682,-13.418013,3036.11 -71.849646,-13.418051,3035.64 -71.849636,-13.418096,3034.74 -71.849640,-13.418146,3033.86 -71.849638,-13.418193,3032.58 -71.849672,-13.418250,3034.79 -71.849677,-13.418311,3034.02 -71.849690,-13.418374,3032.68 -71.849693,-13.418442,3030.51 -71.849702,-13.418498,3027.91 -71.849706,-13.418563,3025.29 -71.849714,-13.418608,3022.86 -71.849721,-13.418653,3020.71 -71.849731,-13.418718,3018.95 -71.849750,-13.418772,3018.25 -71.849751,-13.418833,3017.46 -71.849748,-13.418892,3016.34 -71.849758,-13.418954,3015.11 -71.849776,-13.419011,3014.69 -71.849787,-13.419075,3013.34 -71.849798,-13.419132,3011.43 -71.849822,-13.419186,3010.21 -71.849850,-13.419222,3008.44 -71.849877,-13.419284,3006.66 -71.849908,-13.419343,3005.10 -71.849940,-13.419397,3003.10 -71.849975,-13.419427,3002.57 -71.849989,-13.419475,3001.82 -71.850018,-13.419519,2999.76 -71.850040,-13.419564,2998.13 -71.850054,-13.419610,2996.93 -71.850074,-13.419660,2995.95 -71.850093,-13.419707,2994.61 -71.850116,-13.419752,2993.71 -71.850144,-13.419798,2992.80 -71.850173,-13.419846,2991.44 -71.850199,-13.419895,2990.43 -71.850222,-13.419938,2989.32 -71.850244,-13.419984,2988.63 -71.850287,-13.420008,2988.15 -71.850327,-13.420039,2988.19 -71.850348,-13.420084,2988.14 -71.850367,-13.420130,2988.66 -71.850374,-13.420179,2987.61 -71.850405,-13.420225,2986.12 -71.850435,-13.420267,2984.61 -71.850485,-13.420334,2984.28 -71.850500,-13.420383,2982.87 -71.850527,-13.420426,2981.94 -71.850569,-13.420465,2980.42 -71.850584,-13.420518,2980.48 -71.850599,-13.420565,2979.84 -71.850594,-13.420611,2979.75 -71.850632,-13.420658,2979.19 -71.850670,-13.420707,2978.23 -71.850691,-13.420763,2977.75 -71.850736,-13.420800,2977.01 -71.850758,-13.420853,2977.01 -71.850777,-13.420910,2977.02 -71.850793,-13.420953,2976.82 -71.850809,-13.421006,2976.58 -71.850814,-13.421059,2977.28 -71.850860,-13.421087,2976.75 -71.850896,-13.421127,2976.35 -71.850909,-13.421186,2976.02 -71.850923,-13.421247,2975.78 -71.850945,-13.421300,2975.59 -71.850957,-13.421344,2975.16 -71.850975,-13.421406,2974.32 -71.850999,-13.421471,2973.11 -71.851011,-13.421518,2972.49 -71.851057,-13.421553,2973.09 -71.851086,-13.421613,2973.41 -71.851096,-13.421660,2974.17 -71.851114,-13.421714,2974.14 -71.851138,-13.421764,2973.87 -71.851153,-13.421810,2973.54 -71.851202,-13.421782,2973.44 -71.851106,-13.421858,2971.90 -71.851157,-13.421908,2970.41 -71.851183,-13.421959,2969.43 -71.851220,-13.422003,2969.01 -71.851242,-13.422051,2969.59 -71.851300,-13.422044,2969.55 -71.851365,-13.422046,2969.35</coordinates>
        </LineString>
      </Placemark>
      <Placemark>
        <name>Apu Linli hike - Wikiloc-789</name>
        <snippet></snippet>
        <description>
&lt;table&gt;
&lt;tr&gt;&lt;td&gt;Longitude: -71.858677&lt;/td&gt;&lt;/tr&gt;
&lt;tr&gt;&lt;td&gt;Latitude: -13.399742&lt;/td&gt;&lt;/tr&gt;
&lt;tr&gt;&lt;td&gt;Altitude: 13566.870 ft&lt;/td&gt;&lt;/tr&gt;
&lt;tr&gt;&lt;td&gt;Speed: 3.8 mph&lt;/td&gt;&lt;/tr&gt;
&lt;tr&gt;&lt;td&gt;Heading: 27.6&lt;/td&gt;&lt;/tr&gt;
&lt;tr&gt;&lt;td&gt;Time: 2021-02-19T19:28:04Z&lt;/td&gt;&lt;/tr&gt;
&lt;/table&gt;
</description>
        <LookAt>
          <longitude>-71.858677</longitude>
          <latitude>-13.399742</latitude>
          <tilt>66</tilt>
        </LookAt>
        <TimeStamp>
          <when>2021-02-19T19:28:04Z</when>
        </TimeStamp>
        <styleUrl>#track</styleUrl>
        <Point>
          <coordinates>-71.858677,-13.399742,4135.18</coordinates>
        </Point>
      </Placemark>
      <Placemark>
        <name>Apu Linli hike - Wikiloc-790</name>
        <snippet></snippet>
        <description>
&lt;table&gt;
&lt;tr&gt;&lt;td&gt;Longitude: -71.858655&lt;/td&gt;&lt;/tr&gt;
&lt;tr&gt;&lt;td&gt;Latitude: -13.399702&lt;/td&gt;&lt;/tr&gt;
&lt;tr&gt;&lt;td&gt;Altitude: 13562.890 ft&lt;/td&gt;&lt;/tr&gt;
&lt;tr&gt;&lt;td&gt;Speed: 3.8 mph&lt;/td&gt;&lt;/tr&gt;
&lt;tr&gt;&lt;td&gt;Heading: 28.1&lt;/td&gt;&lt;/tr&gt;
&lt;tr&gt;&lt;td&gt;Time: 2021-02-19T19:28:07Z&lt;/td&gt;&lt;/tr&gt;
&lt;/table&gt;
</description>
        <LookAt>
          <longitude>-71.858655</longitude>
          <latitude>-13.399702</latitude>
          <tilt>66</tilt>
        </LookAt>
        <TimeStamp>
          <when>2021-02-19T19:28:07Z</when>
        </TimeStamp>
        <styleUrl>#track</styleUrl>
        <Point>
          <coordinates>-71.858655,-13.399702,4133.97</coordinates>
        </Point>
      </Placemark>
      <Placemark>
        <name>Apu Linli hike - Wikiloc-791</name>
        <snippet></snippet>
        <description>
&lt;table&gt;
&lt;tr&gt;&lt;td&gt;Longitude: -71.858627&lt;/td&gt;&lt;/tr&gt;
&lt;tr&gt;&lt;td&gt;Latitude: -13.399653&lt;/td&gt;&lt;/tr&gt;
&lt;tr&gt;&lt;td&gt;Altitude: 13558.166 ft&lt;/td&gt;&lt;/tr&gt;
&lt;tr&gt;&lt;td&gt;Speed: 3.5 mph&lt;/td&gt;&lt;/tr&gt;
&lt;tr&gt;&lt;td&gt;Heading: 29.1&lt;/td&gt;&lt;/tr&gt;
&lt;tr&gt;&lt;td&gt;Time: 2021-02-19T19:28:11Z&lt;/td&gt;&lt;/tr&gt;
&lt;/table&gt;
</description>
        <LookAt>
          <longitude>-71.858627</longitude>
          <latitude>-13.399653</latitude>
          <tilt>66</tilt>
        </LookAt>
        <TimeStamp>
          <when>2021-02-19T19:28:11Z</when>
        </TimeStamp>
        <styleUrl>#track</styleUrl>
        <Point>
          <coordinates>-71.858627,-13.399653,4132.53</coordinates>
        </Point>
      </Placemark>
      <Placemark>
        <name>Apu Linli hike - Wikiloc-792</name>
        <snippet></snippet>
        <description>
&lt;table&gt;
&lt;tr&gt;&lt;td&gt;Longitude: -71.858604&lt;/td&gt;&lt;/tr&gt;
&lt;tr&gt;&lt;td&gt;Latitude: -13.399602&lt;/td&gt;&lt;/tr&gt;
&lt;tr&gt;&lt;td&gt;Altitude: 13554.055 ft&lt;/td&gt;&lt;/tr&gt;
&lt;tr&gt;&lt;td&gt;Speed: 3.5 mph&lt;/td&gt;&lt;/tr&gt;
&lt;tr&gt;&lt;td&gt;Heading: 23.7&lt;/td&gt;&lt;/tr&gt;
&lt;tr&gt;&lt;td&gt;Time: 2021-02-19T19:28:15Z&lt;/td&gt;&lt;/tr&gt;
&lt;/table&gt;
</description>
        <LookAt>
          <longitude>-71.858604</longitude>
          <latitude>-13.399602</latitude>
          <tilt>66</tilt>
        </LookAt>
        <TimeStamp>
          <when>2021-02-19T19:28:15Z</when>
        </TimeStamp>
        <styleUrl>#track</styleUrl>
        <Point>
          <coordinates>-71.858604,-13.399602,4131.28</coordinates>
        </Point>
      </Placemark>
      <Placemark>
        <name>Apu Linli hike - Wikiloc-793</name>
        <snippet></snippet>
        <description>
&lt;table&gt;
&lt;tr&gt;&lt;td&gt;Longitude: -71.858580&lt;/td&gt;&lt;/tr&gt;
&lt;tr&gt;&lt;td&gt;Latitude: -13.399562&lt;/td&gt;&lt;/tr&gt;
&lt;tr&gt;&lt;td&gt;Altitude: 13547.211 ft&lt;/td&gt;&lt;/tr&gt;
&lt;tr&gt;&lt;td&gt;Speed: 2.3 mph&lt;/td&gt;&lt;/tr&gt;
&lt;tr&gt;&lt;td&gt;Heading: 30.3&lt;/td&gt;&lt;/tr&gt;
&lt;tr&gt;&lt;td&gt;Time: 2021-02-19T19:28:20Z&lt;/td&gt;&lt;/tr&gt;
&lt;/table&gt;
</description>
        <LookAt>
          <longitude>-71.85858</longitude>
          <latitude>-13.399562</latitude>
          <tilt>66</tilt>
        </LookAt>
        <TimeStamp>
          <when>2021-02-19T19:28:20Z</when>
        </TimeStamp>
        <styleUrl>#track</styleUrl>
        <Point>
          <coordinates>-71.858580,-13.399562,4129.19</coordinates>
        </Point>
      </Placemark>
      <Placemark>
        <name>Apu Linli hike - Wikiloc-794</name>
        <snippet></snippet>
        <description>
&lt;table&gt;
&lt;tr&gt;&lt;td&gt;Longitude: -71.858538&lt;/td&gt;&lt;/tr&gt;
&lt;tr&gt;&lt;td&gt;Latitude: -13.399543&lt;/td&gt;&lt;/tr&gt;
&lt;tr&gt;&lt;td&gt;Altitude: 13540.745 ft&lt;/td&gt;&lt;/tr&gt;
&lt;tr&gt;&lt;td&gt;Speed: 2.8 mph&lt;/td&gt;&lt;/tr&gt;
&lt;tr&gt;&lt;td&gt;Heading: 65.1&lt;/td&gt;&lt;/tr&gt;
&lt;tr&gt;&lt;td&gt;Time: 2021-02-19T19:28:24Z&lt;/td&gt;&lt;/tr&gt;
&lt;/table&gt;
</description>
        <LookAt>
          <longitude>-71.858538</longitude>
          <latitude>-13.399543</latitude>
          <tilt>66</tilt>
        </LookAt>
        <TimeStamp>
          <when>2021-02-19T19:28:24Z</when>
        </TimeStamp>
        <styleUrl>#track</styleUrl>
        <Point>
          <coordinates>-71.858538,-13.399543,4127.22</coordinates>
        </Point>
      </Placemark>
      <Placemark>
        <name>Apu Linli hike - Wikiloc-795</name>
        <snippet></snippet>
        <description>
&lt;table&gt;
&lt;tr&gt;&lt;td&gt;Longitude: -71.858510&lt;/td&gt;&lt;/tr&gt;
&lt;tr&gt;&lt;td&gt;Latitude: -13.399496&lt;/td&gt;&lt;/tr&gt;
&lt;tr&gt;&lt;td&gt;Altitude: 13534.147 ft&lt;/td&gt;&lt;/tr&gt;
&lt;tr&gt;&lt;td&gt;Speed: 2.7 mph&lt;/td&gt;&lt;/tr&gt;
&lt;tr&gt;&lt;td&gt;Heading: 30.1&lt;/td&gt;&lt;/tr&gt;
&lt;tr&gt;&lt;td&gt;Time: 2021-02-19T19:28:29Z&lt;/td&gt;&lt;/tr&gt;
&lt;/table&gt;
</description>
        <LookAt>
          <longitude>-71.85851</longitude>
          <latitude>-13.399496</latitude>
          <tilt>66</tilt>
        </LookAt>
        <TimeStamp>
          <when>2021-02-19T19:28:29Z</when>
        </TimeStamp>
        <styleUrl>#track</styleUrl>
        <Point>
          <coordinates>-71.858510,-13.399496,4125.21</coordinates>
        </Point>
      </Placemark>
      <Placemark>
        <name>Apu Linli hike - Wikiloc-796</name>
        <snippet></snippet>
        <description>
&lt;table&gt;
&lt;tr&gt;&lt;td&gt;Longitude: -71.858468&lt;/td&gt;&lt;/tr&gt;
&lt;tr&gt;&lt;td&gt;Latitude: -13.399467&lt;/td&gt;&lt;/tr&gt;
&lt;tr&gt;&lt;td&gt;Altitude: 13529.472 ft&lt;/td&gt;&lt;/tr&gt;
&lt;tr&gt;&lt;td&gt;Speed: 2.1 mph&lt;/td&gt;&lt;/tr&gt;
&lt;tr&gt;&lt;td&gt;Heading: 54.6&lt;/td&gt;&lt;/tr&gt;
&lt;tr&gt;&lt;td&gt;Time: 2021-02-19T19:28:35Z&lt;/td&gt;&lt;/tr&gt;
&lt;/table&gt;
</description>
        <LookAt>
          <longitude>-71.858468</longitude>
          <latitude>-13.399467</latitude>
          <tilt>66</tilt>
        </LookAt>
        <TimeStamp>
          <when>2021-02-19T19:28:35Z</when>
        </TimeStamp>
        <styleUrl>#track</styleUrl>
        <Point>
          <coordinates>-71.858468,-13.399467,4123.78</coordinates>
        </Point>
      </Placemark>
      <Placemark>
        <name>Apu Linli hike - Wikiloc-797</name>
        <snippet></snippet>
        <description>
&lt;table&gt;
&lt;tr&gt;&lt;td&gt;Longitude: -71.858444&lt;/td&gt;&lt;/tr&gt;
&lt;tr&gt;&lt;td&gt;Latitude: -13.399426&lt;/td&gt;&lt;/tr&gt;
&lt;tr&gt;&lt;td&gt;Altitude: 13523.337 ft&lt;/td&gt;&lt;/tr&gt;
&lt;tr&gt;&lt;td&gt;Speed: 2.0 mph&lt;/td&gt;&lt;/tr&gt;
&lt;tr&gt;&lt;td&gt;Heading: 29.7&lt;/td&gt;&lt;/tr&gt;
&lt;tr&gt;&lt;td&gt;Time: 2021-02-19T19:28:41Z&lt;/td&gt;&lt;/tr&gt;
&lt;/table&gt;
</description>
        <LookAt>
          <longitude>-71.858444</longitude>
          <latitude>-13.399426</latitude>
          <tilt>66</tilt>
        </LookAt>
        <TimeStamp>
          <when>2021-02-19T19:28:41Z</when>
        </TimeStamp>
        <styleUrl>#track</styleUrl>
        <Point>
          <coordinates>-71.858444,-13.399426,4121.91</coordinates>
        </Point>
      </Placemark>
      <Placemark>
        <name>Apu Linli hike - Wikiloc-798</name>
        <snippet></snippet>
        <description>
&lt;table&gt;
&lt;tr&gt;&lt;td&gt;Longitude: -71.858400&lt;/td&gt;&lt;/tr&gt;
&lt;tr&gt;&lt;td&gt;Latitude: -13.399395&lt;/td&gt;&lt;/tr&gt;
&lt;tr&gt;&lt;td&gt;Altitude: 13516.201 ft&lt;/td&gt;&lt;/tr&gt;
&lt;tr&gt;&lt;td&gt;Speed: 2.6 mph&lt;/td&gt;&lt;/tr&gt;
&lt;tr&gt;&lt;td&gt;Heading: 54.1&lt;/td&gt;&lt;/tr&gt;
&lt;tr&gt;&lt;td&gt;Time: 2021-02-19T19:28:46Z&lt;/td&gt;&lt;/tr&gt;
&lt;/table&gt;
</description>
        <LookAt>
          <longitude>-71.8584</longitude>
          <latitude>-13.399395</latitude>
          <tilt>66</tilt>
        </LookAt>
        <TimeStamp>
          <when>2021-02-19T19:28:46Z</when>
        </TimeStamp>
        <styleUrl>#track</styleUrl>
        <Point>
          <coordinates>-71.858400,-13.399395,4119.74</coordinates>
        </Point>
      </Placemark>
      <Placemark>
        <name>Apu Linli hike - Wikiloc-799</name>
        <snippet></snippet>
        <description>
&lt;table&gt;
&lt;tr&gt;&lt;td&gt;Longitude: -71.858353&lt;/td&gt;&lt;/tr&gt;
&lt;tr&gt;&lt;td&gt;Latitude: -13.399397&lt;/td&gt;&lt;/tr&gt;
&lt;tr&gt;&lt;td&gt;Altitude: 13511.247 ft&lt;/td&gt;&lt;/tr&gt;
&lt;tr&gt;&lt;td&gt;Speed: 1.9 mph&lt;/td&gt;&lt;/tr&gt;
&lt;tr&gt;&lt;td&gt;Heading: 92.5&lt;/td&gt;&lt;/tr&gt;
&lt;tr&gt;&lt;td&gt;Time: 2021-02-19T19:28:52Z&lt;/td&gt;&lt;/tr&gt;
&lt;/table&gt;
</description>
        <LookAt>
          <longitude>-71.858353</longitude>
          <latitude>-13.399397</latitude>
          <tilt>66</tilt>
        </LookAt>
        <TimeStamp>
          <when>2021-02-19T19:28:52Z</when>
        </TimeStamp>
        <styleUrl>#track</styleUrl>
        <Point>
          <coordinates>-71.858353,-13.399397,4118.23</coordinates>
        </Point>
      </Placemark>
      <Placemark>
        <name>Apu Linli hike - Wikiloc-800</name>
        <snippet></snippet>
        <description>
&lt;table&gt;
&lt;tr&gt;&lt;td&gt;Longitude: -71.858332&lt;/td&gt;&lt;/tr&gt;
&lt;tr&gt;&lt;td&gt;Latitude: -13.399334&lt;/td&gt;&lt;/tr&gt;
&lt;tr&gt;&lt;td&gt;Altitude: 13503.255 ft&lt;/td&gt;&lt;/tr&gt;
&lt;tr&gt;&lt;td&gt;Speed: 2.1 mph&lt;/td&gt;&lt;/tr&gt;
&lt;tr&gt;&lt;td&gt;Heading: 18.0&lt;/td&gt;&lt;/tr&gt;
&lt;tr&gt;&lt;td&gt;Time: 2021-02-19T19:29:00Z&lt;/td&gt;&lt;/tr&gt;
&lt;/table&gt;
</description>
        <LookAt>
          <longitude>-71.858332</longitude>
          <latitude>-13.399334</latitude>
          <tilt>66</tilt>
        </LookAt>
        <TimeStamp>
          <when>2021-02-19T19:29:00Z</when>
        </TimeStamp>
        <styleUrl>#track</styleUrl>
        <Point>
          <coordinates>-71.858332,-13.399334,4115.79</coordinates>
        </Point>
      </Placemark>
      <Placemark>
        <name>Apu Linli hike - Wikiloc-801</name>
        <snippet></snippet>
        <description>
&lt;table&gt;
&lt;tr&gt;&lt;td&gt;Longitude: -71.858355&lt;/td&gt;&lt;/tr&gt;
&lt;tr&gt;&lt;td&gt;Latitude: -13.399280&lt;/td&gt;&lt;/tr&gt;
&lt;tr&gt;&lt;td&gt;Altitude: 13497.106 ft&lt;/td&gt;&lt;/tr&gt;
&lt;tr&gt;&lt;td&gt;Speed: 2.4 mph&lt;/td&gt;&lt;/tr&gt;
&lt;tr&gt;&lt;td&gt;Heading: 337.5&lt;/td&gt;&lt;/tr&gt;
&lt;tr&gt;&lt;td&gt;Time: 2021-02-19T19:29:06Z&lt;/td&gt;&lt;/tr&gt;
&lt;/table&gt;
</description>
        <LookAt>
          <longitude>-71.858355</longitude>
          <latitude>-13.39928</latitude>
          <tilt>66</tilt>
        </LookAt>
        <TimeStamp>
          <when>2021-02-19T19:29:06Z</when>
        </TimeStamp>
        <styleUrl>#track</styleUrl>
        <Point>
          <coordinates>-71.858355,-13.399280,4113.92</coordinates>
        </Point>
      </Placemark>
      <Placemark>
        <name>Apu Linli hike - Wikiloc-802</name>
        <snippet></snippet>
        <description>
&lt;table&gt;
&lt;tr&gt;&lt;td&gt;Longitude: -71.858385&lt;/td&gt;&lt;/tr&gt;
&lt;tr&gt;&lt;td&gt;Latitude: -13.399222&lt;/td&gt;&lt;/tr&gt;
&lt;tr&gt;&lt;td&gt;Altitude: 13490.764 ft&lt;/td&gt;&lt;/tr&gt;
&lt;tr&gt;&lt;td&gt;Speed: 2.7 mph&lt;/td&gt;&lt;/tr&gt;
&lt;tr&gt;&lt;td&gt;Heading: 333.3&lt;/td&gt;&lt;/tr&gt;
&lt;tr&gt;&lt;td&gt;Time: 2021-02-19T19:29:12Z&lt;/td&gt;&lt;/tr&gt;
&lt;/table&gt;
</description>
        <LookAt>
          <longitude>-71.858385</longitude>
          <latitude>-13.399222</latitude>
          <tilt>66</tilt>
        </LookAt>
        <TimeStamp>
          <when>2021-02-19T19:29:12Z</when>
        </TimeStamp>
        <styleUrl>#track</styleUrl>
        <Point>
          <coordinates>-71.858385,-13.399222,4111.98</coordinates>
        </Point>
      </Placemark>
      <Placemark>
        <name>Apu Linli hike - Wikiloc-803</name>
        <snippet></snippet>
        <description>
&lt;table&gt;
&lt;tr&gt;&lt;td&gt;Longitude: -71.858392&lt;/td&gt;&lt;/tr&gt;
&lt;tr&gt;&lt;td&gt;Latitude: -13.399154&lt;/td&gt;&lt;/tr&gt;
&lt;tr&gt;&lt;td&gt;Altitude: 13481.677 ft&lt;/td&gt;&lt;/tr&gt;
&lt;tr&gt;&lt;td&gt;Speed: 2.8 mph&lt;/td&gt;&lt;/tr&gt;
&lt;tr&gt;&lt;td&gt;Heading: 354.3&lt;/td&gt;&lt;/tr&gt;
&lt;tr&gt;&lt;td&gt;Time: 2021-02-19T19:29:18Z&lt;/td&gt;&lt;/tr&gt;
&lt;/table&gt;
</description>
        <LookAt>
          <longitude>-71.858392</longitude>
          <latitude>-13.399154</latitude>
          <tilt>66</tilt>
        </LookAt>
        <TimeStamp>
          <when>2021-02-19T19:29:18Z</when>
        </TimeStamp>
        <styleUrl>#track</styleUrl>
        <Point>
          <coordinates>-71.858392,-13.399154,4109.22</coordinates>
        </Point>
      </Placemark>
      <Placemark>
        <name>Apu Linli hike - Wikiloc-804</name>
        <snippet></snippet>
        <description>
&lt;table&gt;
&lt;tr&gt;&lt;td&gt;Longitude: -71.858417&lt;/td&gt;&lt;/tr&gt;
&lt;tr&gt;&lt;td&gt;Latitude: -13.399116&lt;/td&gt;&lt;/tr&gt;
&lt;tr&gt;&lt;td&gt;Altitude: 13473.937 ft&lt;/td&gt;&lt;/tr&gt;
&lt;tr&gt;&lt;td&gt;Speed: 2.8 mph&lt;/td&gt;&lt;/tr&gt;
&lt;tr&gt;&lt;td&gt;Heading: 327.4&lt;/td&gt;&lt;/tr&gt;
&lt;tr&gt;&lt;td&gt;Time: 2021-02-19T19:29:22Z&lt;/td&gt;&lt;/tr&gt;
&lt;/table&gt;
</description>
        <LookAt>
          <longitude>-71.858417</longitude>
          <latitude>-13.399116</latitude>
          <tilt>66</tilt>
        </LookAt>
        <TimeStamp>
          <when>2021-02-19T19:29:22Z</when>
        </TimeStamp>
        <styleUrl>#track</styleUrl>
        <Point>
          <coordinates>-71.858417,-13.399116,4106.86</coordinates>
        </Point>
      </Placemark>
      <Placemark>
        <name>Apu Linli hike - Wikiloc-805</name>
        <snippet></snippet>
        <description>
&lt;table&gt;
&lt;tr&gt;&lt;td&gt;Longitude: -71.858418&lt;/td&gt;&lt;/tr&gt;
&lt;tr&gt;&lt;td&gt;Latitude: -13.399058&lt;/td&gt;&lt;/tr&gt;
&lt;tr&gt;&lt;td&gt;Altitude: 13466.729 ft&lt;/td&gt;&lt;/tr&gt;
&lt;tr&gt;&lt;td&gt;Speed: 3.6 mph&lt;/td&gt;&lt;/tr&gt;
&lt;tr&gt;&lt;td&gt;Heading: 359.0&lt;/td&gt;&lt;/tr&gt;
&lt;tr&gt;&lt;td&gt;Time: 2021-02-19T19:29:26Z&lt;/td&gt;&lt;/tr&gt;
&lt;/table&gt;
</description>
        <LookAt>
          <longitude>-71.858418</longitude>
          <latitude>-13.399058</latitude>
          <tilt>66</tilt>
        </LookAt>
        <TimeStamp>
          <when>2021-02-19T19:29:26Z</when>
        </TimeStamp>
        <styleUrl>#track</styleUrl>
        <Point>
          <coordinates>-71.858418,-13.399058,4104.66</coordinates>
        </Point>
      </Placemark>
      <Placemark>
        <name>Apu Linli hike - Wikiloc-806</name>
        <snippet></snippet>
        <description>
&lt;table&gt;
&lt;tr&gt;&lt;td&gt;Longitude: -71.858380&lt;/td&gt;&lt;/tr&gt;
&lt;tr&gt;&lt;td&gt;Latitude: -13.399030&lt;/td&gt;&lt;/tr&gt;
&lt;tr&gt;&lt;td&gt;Altitude: 13459.035 ft&lt;/td&gt;&lt;/tr&gt;
&lt;tr&gt;&lt;td&gt;Speed: 2.9 mph&lt;/td&gt;&lt;/tr&gt;
&lt;tr&gt;&lt;td&gt;Heading: 52.9&lt;/td&gt;&lt;/tr&gt;
&lt;tr&gt;&lt;td&gt;Time: 2021-02-19T19:29:30Z&lt;/td&gt;&lt;/tr&gt;
&lt;/table&gt;
</description>
        <LookAt>
          <longitude>-71.85838</longitude>
          <latitude>-13.39903</latitude>
          <tilt>66</tilt>
        </LookAt>
        <TimeStamp>
          <when>2021-02-19T19:29:30Z</when>
        </TimeStamp>
        <styleUrl>#track</styleUrl>
        <Point>
          <coordinates>-71.858380,-13.399030,4102.31</coordinates>
        </Point>
      </Placemark>
      <Placemark>
        <name>Apu Linli hike - Wikiloc-807</name>
        <snippet></snippet>
        <description>
&lt;table&gt;
&lt;tr&gt;&lt;td&gt;Longitude: -71.858316&lt;/td&gt;&lt;/tr&gt;
&lt;tr&gt;&lt;td&gt;Latitude: -13.399014&lt;/td&gt;&lt;/tr&gt;
&lt;tr&gt;&lt;td&gt;Altitude: 13453.110 ft&lt;/td&gt;&lt;/tr&gt;
&lt;tr&gt;&lt;td&gt;Speed: 2.7 mph&lt;/td&gt;&lt;/tr&gt;
&lt;tr&gt;&lt;td&gt;Heading: 75.6&lt;/td&gt;&lt;/tr&gt;
&lt;tr&gt;&lt;td&gt;Time: 2021-02-19T19:29:36Z&lt;/td&gt;&lt;/tr&gt;
&lt;/table&gt;
</description>
        <LookAt>
          <longitude>-71.858316</longitude>
          <latitude>-13.399014</latitude>
          <tilt>66</tilt>
        </LookAt>
        <TimeStamp>
          <when>2021-02-19T19:29:36Z</when>
        </TimeStamp>
        <styleUrl>#track</styleUrl>
        <Point>
          <coordinates>-71.858316,-13.399014,4100.51</coordinates>
        </Point>
      </Placemark>
      <Placemark>
        <name>Apu Linli hike - Wikiloc-808</name>
        <snippet></snippet>
        <description>
&lt;table&gt;
&lt;tr&gt;&lt;td&gt;Longitude: -71.858302&lt;/td&gt;&lt;/tr&gt;
&lt;tr&gt;&lt;td&gt;Latitude: -13.399074&lt;/td&gt;&lt;/tr&gt;
&lt;tr&gt;&lt;td&gt;Altitude: 13448.986 ft&lt;/td&gt;&lt;/tr&gt;
&lt;tr&gt;&lt;td&gt;Speed: 2.6 mph&lt;/td&gt;&lt;/tr&gt;
&lt;tr&gt;&lt;td&gt;Heading: 167.2&lt;/td&gt;&lt;/tr&gt;
&lt;tr&gt;&lt;td&gt;Time: 2021-02-19T19:29:42Z&lt;/td&gt;&lt;/tr&gt;
&lt;/table&gt;
</description>
        <LookAt>
          <longitude>-71.858302</longitude>
          <latitude>-13.399074</latitude>
          <tilt>66</tilt>
        </LookAt>
        <TimeStamp>
          <when>2021-02-19T19:29:42Z</when>
        </TimeStamp>
        <styleUrl>#track</styleUrl>
        <Point>
          <coordinates>-71.858302,-13.399074,4099.25</coordinates>
        </Point>
      </Placemark>
      <Placemark>
        <name>Apu Linli hike - Wikiloc-809</name>
        <snippet></snippet>
        <description>
&lt;table&gt;
&lt;tr&gt;&lt;td&gt;Longitude: -71.858253&lt;/td&gt;&lt;/tr&gt;
&lt;tr&gt;&lt;td&gt;Latitude: -13.399061&lt;/td&gt;&lt;/tr&gt;
&lt;tr&gt;&lt;td&gt;Altitude: 13447.280 ft&lt;/td&gt;&lt;/tr&gt;
&lt;tr&gt;&lt;td&gt;Speed: 2.1 mph&lt;/td&gt;&lt;/tr&gt;
&lt;tr&gt;&lt;td&gt;Heading: 74.7&lt;/td&gt;&lt;/tr&gt;
&lt;tr&gt;&lt;td&gt;Time: 2021-02-19T19:29:48Z&lt;/td&gt;&lt;/tr&gt;
&lt;/table&gt;
</description>
        <LookAt>
          <longitude>-71.858253</longitude>
          <latitude>-13.399061</latitude>
          <tilt>66</tilt>
        </LookAt>
        <TimeStamp>
          <when>2021-02-19T19:29:48Z</when>
        </TimeStamp>
        <styleUrl>#track</styleUrl>
        <Point>
          <coordinates>-71.858253,-13.399061,4098.73</coordinates>
        </Point>
      </Placemark>
      <Placemark>
        <name>Apu Linli hike - Wikiloc-810</name>
        <snippet></snippet>
        <description>
&lt;table&gt;
&lt;tr&gt;&lt;td&gt;Longitude: -71.858220&lt;/td&gt;&lt;/tr&gt;
&lt;tr&gt;&lt;td&gt;Latitude: -13.399011&lt;/td&gt;&lt;/tr&gt;
&lt;tr&gt;&lt;td&gt;Altitude: 13445.755 ft&lt;/td&gt;&lt;/tr&gt;
&lt;tr&gt;&lt;td&gt;Speed: 2.5 mph&lt;/td&gt;&lt;/tr&gt;
&lt;tr&gt;&lt;td&gt;Heading: 32.7&lt;/td&gt;&lt;/tr&gt;
&lt;tr&gt;&lt;td&gt;Time: 2021-02-19T19:29:54Z&lt;/td&gt;&lt;/tr&gt;
&lt;/table&gt;
</description>
        <LookAt>
          <longitude>-71.85822</longitude>
          <latitude>-13.399011</latitude>
          <tilt>66</tilt>
        </LookAt>
        <TimeStamp>
          <when>2021-02-19T19:29:54Z</when>
        </TimeStamp>
        <styleUrl>#track</styleUrl>
        <Point>
          <coordinates>-71.858220,-13.399011,4098.27</coordinates>
        </Point>
      </Placemark>
      <Placemark>
        <name>Apu Linli hike - Wikiloc-811</name>
        <snippet></snippet>
        <description>
&lt;table&gt;
&lt;tr&gt;&lt;td&gt;Longitude: -71.858240&lt;/td&gt;&lt;/tr&gt;
&lt;tr&gt;&lt;td&gt;Latitude: -13.398955&lt;/td&gt;&lt;/tr&gt;
&lt;tr&gt;&lt;td&gt;Altitude: 13440.768 ft&lt;/td&gt;&lt;/tr&gt;
&lt;tr&gt;&lt;td&gt;Speed: 2.5 mph&lt;/td&gt;&lt;/tr&gt;
&lt;tr&gt;&lt;td&gt;Heading: 340.8&lt;/td&gt;&lt;/tr&gt;
&lt;tr&gt;&lt;td&gt;Time: 2021-02-19T19:30:00Z&lt;/td&gt;&lt;/tr&gt;
&lt;/table&gt;
</description>
        <LookAt>
          <longitude>-71.85824</longitude>
          <latitude>-13.398955</latitude>
          <tilt>66</tilt>
        </LookAt>
        <TimeStamp>
          <when>2021-02-19T19:30:00Z</when>
        </TimeStamp>
        <styleUrl>#track</styleUrl>
        <Point>
          <coordinates>-71.858240,-13.398955,4096.75</coordinates>
        </Point>
      </Placemark>
      <Placemark>
        <name>Apu Linli hike - Wikiloc-812</name>
        <snippet></snippet>
        <description>
&lt;table&gt;
&lt;tr&gt;&lt;td&gt;Longitude: -71.858241&lt;/td&gt;&lt;/tr&gt;
&lt;tr&gt;&lt;td&gt;Latitude: -13.398899&lt;/td&gt;&lt;/tr&gt;
&lt;tr&gt;&lt;td&gt;Altitude: 13432.119 ft&lt;/td&gt;&lt;/tr&gt;
&lt;tr&gt;&lt;td&gt;Speed: 2.3 mph&lt;/td&gt;&lt;/tr&gt;
&lt;tr&gt;&lt;td&gt;Heading: 359.0&lt;/td&gt;&lt;/tr&gt;
&lt;tr&gt;&lt;td&gt;Time: 2021-02-19T19:30:06Z&lt;/td&gt;&lt;/tr&gt;
&lt;/table&gt;
</description>
        <LookAt>
          <longitude>-71.858241</longitude>
          <latitude>-13.398899</latitude>
          <tilt>66</tilt>
        </LookAt>
        <TimeStamp>
          <when>2021-02-19T19:30:06Z</when>
        </TimeStamp>
        <styleUrl>#track</styleUrl>
        <Point>
          <coordinates>-71.858241,-13.398899,4094.11</coordinates>
        </Point>
      </Placemark>
      <Placemark>
        <name>Apu Linli hike - Wikiloc-813</name>
        <snippet></snippet>
        <description>
&lt;table&gt;
&lt;tr&gt;&lt;td&gt;Longitude: -71.858221&lt;/td&gt;&lt;/tr&gt;
&lt;tr&gt;&lt;td&gt;Latitude: -13.398840&lt;/td&gt;&lt;/tr&gt;
&lt;tr&gt;&lt;td&gt;Altitude: 13422.789 ft&lt;/td&gt;&lt;/tr&gt;
&lt;tr&gt;&lt;td&gt;Speed: 2.6 mph&lt;/td&gt;&lt;/tr&gt;
&lt;tr&gt;&lt;td&gt;Heading: 18.3&lt;/td&gt;&lt;/tr&gt;
&lt;tr&gt;&lt;td&gt;Time: 2021-02-19T19:30:12Z&lt;/td&gt;&lt;/tr&gt;
&lt;/table&gt;
</description>
        <LookAt>
          <longitude>-71.858221</longitude>
          <latitude>-13.39884</latitude>
          <tilt>66</tilt>
        </LookAt>
        <TimeStamp>
          <when>2021-02-19T19:30:12Z</when>
        </TimeStamp>
        <styleUrl>#track</styleUrl>
        <Point>
          <coordinates>-71.858221,-13.398840,4091.27</coordinates>
        </Point>
      </Placemark>
      <Placemark>
        <name>Apu Linli hike - Wikiloc-814</name>
        <snippet></snippet>
        <description>
&lt;table&gt;
&lt;tr&gt;&lt;td&gt;Longitude: -71.858174&lt;/td&gt;&lt;/tr&gt;
&lt;tr&gt;&lt;td&gt;Latitude: -13.398793&lt;/td&gt;&lt;/tr&gt;
&lt;tr&gt;&lt;td&gt;Altitude: 13413.986 ft&lt;/td&gt;&lt;/tr&gt;
&lt;tr&gt;&lt;td&gt;Speed: 2.7 mph&lt;/td&gt;&lt;/tr&gt;
&lt;tr&gt;&lt;td&gt;Heading: 44.2&lt;/td&gt;&lt;/tr&gt;
&lt;tr&gt;&lt;td&gt;Time: 2021-02-19T19:30:18Z&lt;/td&gt;&lt;/tr&gt;
&lt;/table&gt;
</description>
        <LookAt>
          <longitude>-71.858174</longitude>
          <latitude>-13.398793</latitude>
          <tilt>66</tilt>
        </LookAt>
        <TimeStamp>
          <when>2021-02-19T19:30:18Z</when>
        </TimeStamp>
        <styleUrl>#track</styleUrl>
        <Point>
          <coordinates>-71.858174,-13.398793,4088.58</coordinates>
        </Point>
      </Placemark>
      <Placemark>
        <name>Apu Linli hike - Wikiloc-815</name>
        <snippet></snippet>
        <description>
&lt;table&gt;
&lt;tr&gt;&lt;td&gt;Longitude: -71.858164&lt;/td&gt;&lt;/tr&gt;
&lt;tr&gt;&lt;td&gt;Latitude: -13.398745&lt;/td&gt;&lt;/tr&gt;
&lt;tr&gt;&lt;td&gt;Altitude: 13411.460 ft&lt;/td&gt;&lt;/tr&gt;
&lt;tr&gt;&lt;td&gt;Speed: 0.6 mph&lt;/td&gt;&lt;/tr&gt;
&lt;tr&gt;&lt;td&gt;Heading: 11.5&lt;/td&gt;&lt;/tr&gt;
&lt;tr&gt;&lt;td&gt;Time: 2021-02-19T19:30:38Z&lt;/td&gt;&lt;/tr&gt;
&lt;/table&gt;
</description>
        <LookAt>
          <longitude>-71.858164</longitude>
          <latitude>-13.398745</latitude>
          <tilt>66</tilt>
        </LookAt>
        <TimeStamp>
          <when>2021-02-19T19:30:38Z</when>
        </TimeStamp>
        <styleUrl>#track</styleUrl>
        <Point>
          <coordinates>-71.858164,-13.398745,4087.81</coordinates>
        </Point>
      </Placemark>
      <Placemark>
        <name>Apu Linli hike - Wikiloc-816</name>
        <snippet></snippet>
        <description>
&lt;table&gt;
&lt;tr&gt;&lt;td&gt;Longitude: -71.858173&lt;/td&gt;&lt;/tr&gt;
&lt;tr&gt;&lt;td&gt;Latitude: -13.398696&lt;/td&gt;&lt;/tr&gt;
&lt;tr&gt;&lt;td&gt;Altitude: 13406.283 ft&lt;/td&gt;&lt;/tr&gt;
&lt;tr&gt;&lt;td&gt;Speed: 1.8 mph&lt;/td&gt;&lt;/tr&gt;
&lt;tr&gt;&lt;td&gt;Heading: 349.9&lt;/td&gt;&lt;/tr&gt;
&lt;tr&gt;&lt;td&gt;Time: 2021-02-19T19:30:45Z&lt;/td&gt;&lt;/tr&gt;
&lt;/table&gt;
</description>
        <LookAt>
          <longitude>-71.858173</longitude>
          <latitude>-13.398696</latitude>
          <tilt>66</tilt>
        </LookAt>
        <TimeStamp>
          <when>2021-02-19T19:30:45Z</when>
        </TimeStamp>
        <styleUrl>#track</styleUrl>
        <Point>
          <coordinates>-71.858173,-13.398696,4086.24</coordinates>
        </Point>
      </Placemark>
      <Placemark>
        <name>Apu Linli hike - Wikiloc-817</name>
        <snippet></snippet>
        <description>
&lt;table&gt;
&lt;tr&gt;&lt;td&gt;Longitude: -71.858164&lt;/td&gt;&lt;/tr&gt;
&lt;tr&gt;&lt;td&gt;Latitude: -13.398647&lt;/td&gt;&lt;/tr&gt;
&lt;tr&gt;&lt;td&gt;Altitude: 13401.201 ft&lt;/td&gt;&lt;/tr&gt;
&lt;tr&gt;&lt;td&gt;Speed: 3.1 mph&lt;/td&gt;&lt;/tr&gt;
&lt;tr&gt;&lt;td&gt;Heading: 10.1&lt;/td&gt;&lt;/tr&gt;
&lt;tr&gt;&lt;td&gt;Time: 2021-02-19T19:30:49Z&lt;/td&gt;&lt;/tr&gt;
&lt;/table&gt;
</description>
        <LookAt>
          <longitude>-71.858164</longitude>
          <latitude>-13.398647</latitude>
          <tilt>66</tilt>
        </LookAt>
        <TimeStamp>
          <when>2021-02-19T19:30:49Z</when>
        </TimeStamp>
        <styleUrl>#track</styleUrl>
        <Point>
          <coordinates>-71.858164,-13.398647,4084.69</coordinates>
        </Point>
      </Placemark>
      <Placemark>
        <name>Apu Linli hike - Wikiloc-818</name>
        <snippet></snippet>
        <description>
&lt;table&gt;
&lt;tr&gt;&lt;td&gt;Longitude: -71.858169&lt;/td&gt;&lt;/tr&gt;
&lt;tr&gt;&lt;td&gt;Latitude: -13.398596&lt;/td&gt;&lt;/tr&gt;
&lt;tr&gt;&lt;td&gt;Altitude: 13394.403 ft&lt;/td&gt;&lt;/tr&gt;
&lt;tr&gt;&lt;td&gt;Speed: 3.2 mph&lt;/td&gt;&lt;/tr&gt;
&lt;tr&gt;&lt;td&gt;Heading: 354.6&lt;/td&gt;&lt;/tr&gt;
&lt;tr&gt;&lt;td&gt;Time: 2021-02-19T19:30:53Z&lt;/td&gt;&lt;/tr&gt;
&lt;/table&gt;
</description>
        <LookAt>
          <longitude>-71.858169</longitude>
          <latitude>-13.398596</latitude>
          <tilt>66</tilt>
        </LookAt>
        <TimeStamp>
          <when>2021-02-19T19:30:53Z</when>
        </TimeStamp>
        <styleUrl>#track</styleUrl>
        <Point>
          <coordinates>-71.858169,-13.398596,4082.61</coordinates>
        </Point>
      </Placemark>
      <Placemark>
        <name>Apu Linli hike - Wikiloc-819</name>
        <snippet></snippet>
        <description>
&lt;table&gt;
&lt;tr&gt;&lt;td&gt;Longitude: -71.858164&lt;/td&gt;&lt;/tr&gt;
&lt;tr&gt;&lt;td&gt;Latitude: -13.398544&lt;/td&gt;&lt;/tr&gt;
&lt;tr&gt;&lt;td&gt;Altitude: 13389.134 ft&lt;/td&gt;&lt;/tr&gt;
&lt;tr&gt;&lt;td&gt;Speed: 3.3 mph&lt;/td&gt;&lt;/tr&gt;
&lt;tr&gt;&lt;td&gt;Heading: 5.3&lt;/td&gt;&lt;/tr&gt;
&lt;tr&gt;&lt;td&gt;Time: 2021-02-19T19:30:57Z&lt;/td&gt;&lt;/tr&gt;
&lt;/table&gt;
</description>
        <LookAt>
          <longitude>-71.858164</longitude>
          <latitude>-13.398544</latitude>
          <tilt>66</tilt>
        </LookAt>
        <TimeStamp>
          <when>2021-02-19T19:30:57Z</when>
        </TimeStamp>
        <styleUrl>#track</styleUrl>
        <Point>
          <coordinates>-71.858164,-13.398544,4081.01</coordinates>
        </Point>
      </Placemark>
      <Placemark>
        <name>Apu Linli hike - Wikiloc-820</name>
        <snippet></snippet>
        <description>
&lt;table&gt;
&lt;tr&gt;&lt;td&gt;Longitude: -71.858151&lt;/td&gt;&lt;/tr&gt;
&lt;tr&gt;&lt;td&gt;Latitude: -13.398491&lt;/td&gt;&lt;/tr&gt;
&lt;tr&gt;&lt;td&gt;Altitude: 13384.183 ft&lt;/td&gt;&lt;/tr&gt;
&lt;tr&gt;&lt;td&gt;Speed: 2.7 mph&lt;/td&gt;&lt;/tr&gt;
&lt;tr&gt;&lt;td&gt;Heading: 13.4&lt;/td&gt;&lt;/tr&gt;
&lt;tr&gt;&lt;td&gt;Time: 2021-02-19T19:31:02Z&lt;/td&gt;&lt;/tr&gt;
&lt;/table&gt;
</description>
        <LookAt>
          <longitude>-71.858151</longitude>
          <latitude>-13.398491</latitude>
          <tilt>66</tilt>
        </LookAt>
        <TimeStamp>
          <when>2021-02-19T19:31:02Z</when>
        </TimeStamp>
        <styleUrl>#track</styleUrl>
        <Point>
          <coordinates>-71.858151,-13.398491,4079.50</coordinates>
        </Point>
      </Placemark>
      <Placemark>
        <name>Apu Linli hike - Wikiloc-821</name>
        <snippet></snippet>
        <description>
&lt;table&gt;
&lt;tr&gt;&lt;td&gt;Longitude: -71.858126&lt;/td&gt;&lt;/tr&gt;
&lt;tr&gt;&lt;td&gt;Latitude: -13.398443&lt;/td&gt;&lt;/tr&gt;
&lt;tr&gt;&lt;td&gt;Altitude: 13378.868 ft&lt;/td&gt;&lt;/tr&gt;
&lt;tr&gt;&lt;td&gt;Speed: 2.7 mph&lt;/td&gt;&lt;/tr&gt;
&lt;tr&gt;&lt;td&gt;Heading: 26.9&lt;/td&gt;&lt;/tr&gt;
&lt;tr&gt;&lt;td&gt;Time: 2021-02-19T19:31:07Z&lt;/td&gt;&lt;/tr&gt;
&lt;/table&gt;
</description>
        <LookAt>
          <longitude>-71.858126</longitude>
          <latitude>-13.398443</latitude>
          <tilt>66</tilt>
        </LookAt>
        <TimeStamp>
          <when>2021-02-19T19:31:07Z</when>
        </TimeStamp>
        <styleUrl>#track</styleUrl>
        <Point>
          <coordinates>-71.858126,-13.398443,4077.88</coordinates>
        </Point>
      </Placemark>
      <Placemark>
        <name>Apu Linli hike - Wikiloc-822</name>
        <snippet></snippet>
        <description>
&lt;table&gt;
&lt;tr&gt;&lt;td&gt;Longitude: -71.858106&lt;/td&gt;&lt;/tr&gt;
&lt;tr&gt;&lt;td&gt;Latitude: -13.398394&lt;/td&gt;&lt;/tr&gt;
&lt;tr&gt;&lt;td&gt;Altitude: 13372.356 ft&lt;/td&gt;&lt;/tr&gt;
&lt;tr&gt;&lt;td&gt;Speed: 2.6 mph&lt;/td&gt;&lt;/tr&gt;
&lt;tr&gt;&lt;td&gt;Heading: 21.7&lt;/td&gt;&lt;/tr&gt;
&lt;tr&gt;&lt;td&gt;Time: 2021-02-19T19:31:12Z&lt;/td&gt;&lt;/tr&gt;
&lt;/table&gt;
</description>
        <LookAt>
          <longitude>-71.858106</longitude>
          <latitude>-13.398394</latitude>
          <tilt>66</tilt>
        </LookAt>
        <TimeStamp>
          <when>2021-02-19T19:31:12Z</when>
        </TimeStamp>
        <styleUrl>#track</styleUrl>
        <Point>
          <coordinates>-71.858106,-13.398394,4075.89</coordinates>
        </Point>
      </Placemark>
      <Placemark>
        <name>Apu Linli hike - Wikiloc-823</name>
        <snippet></snippet>
        <description>
&lt;table&gt;
&lt;tr&gt;&lt;td&gt;Longitude: -71.858101&lt;/td&gt;&lt;/tr&gt;
&lt;tr&gt;&lt;td&gt;Latitude: -13.398348&lt;/td&gt;&lt;/tr&gt;
&lt;tr&gt;&lt;td&gt;Altitude: 13368.353 ft&lt;/td&gt;&lt;/tr&gt;
&lt;tr&gt;&lt;td&gt;Speed: 2.9 mph&lt;/td&gt;&lt;/tr&gt;
&lt;tr&gt;&lt;td&gt;Heading: 6.0&lt;/td&gt;&lt;/tr&gt;
&lt;tr&gt;&lt;td&gt;Time: 2021-02-19T19:31:16Z&lt;/td&gt;&lt;/tr&gt;
&lt;/table&gt;
</description>
        <LookAt>
          <longitude>-71.858101</longitude>
          <latitude>-13.398348</latitude>
          <tilt>66</tilt>
        </LookAt>
        <TimeStamp>
          <when>2021-02-19T19:31:16Z</when>
        </TimeStamp>
        <styleUrl>#track</styleUrl>
        <Point>
          <coordinates>-71.858101,-13.398348,4074.67</coordinates>
        </Point>
      </Placemark>
      <Placemark>
        <name>Apu Linli hike - Wikiloc-824</name>
        <snippet></snippet>
        <description>
&lt;table&gt;
&lt;tr&gt;&lt;td&gt;Longitude: -71.858097&lt;/td&gt;&lt;/tr&gt;
&lt;tr&gt;&lt;td&gt;Latitude: -13.398297&lt;/td&gt;&lt;/tr&gt;
&lt;tr&gt;&lt;td&gt;Altitude: 13364.757 ft&lt;/td&gt;&lt;/tr&gt;
&lt;tr&gt;&lt;td&gt;Speed: 3.2 mph&lt;/td&gt;&lt;/tr&gt;
&lt;tr&gt;&lt;td&gt;Heading: 4.4&lt;/td&gt;&lt;/tr&gt;
&lt;tr&gt;&lt;td&gt;Time: 2021-02-19T19:31:20Z&lt;/td&gt;&lt;/tr&gt;
&lt;/table&gt;
</description>
        <LookAt>
          <longitude>-71.858097</longitude>
          <latitude>-13.398297</latitude>
          <tilt>66</tilt>
        </LookAt>
        <TimeStamp>
          <when>2021-02-19T19:31:20Z</when>
        </TimeStamp>
        <styleUrl>#track</styleUrl>
        <Point>
          <coordinates>-71.858097,-13.398297,4073.58</coordinates>
        </Point>
      </Placemark>
      <Placemark>
        <name>Apu Linli hike - Wikiloc-825</name>
        <snippet></snippet>
        <description>
&lt;table&gt;
&lt;tr&gt;&lt;td&gt;Longitude: -71.858087&lt;/td&gt;&lt;/tr&gt;
&lt;tr&gt;&lt;td&gt;Latitude: -13.398244&lt;/td&gt;&lt;/tr&gt;
&lt;tr&gt;&lt;td&gt;Altitude: 13363.071 ft&lt;/td&gt;&lt;/tr&gt;
&lt;tr&gt;&lt;td&gt;Speed: 3.4 mph&lt;/td&gt;&lt;/tr&gt;
&lt;tr&gt;&lt;td&gt;Heading: 10.4&lt;/td&gt;&lt;/tr&gt;
&lt;tr&gt;&lt;td&gt;Time: 2021-02-19T19:31:24Z&lt;/td&gt;&lt;/tr&gt;
&lt;/table&gt;
</description>
        <LookAt>
          <longitude>-71.858087</longitude>
          <latitude>-13.398244</latitude>
          <tilt>66</tilt>
        </LookAt>
        <TimeStamp>
          <when>2021-02-19T19:31:24Z</when>
        </TimeStamp>
        <styleUrl>#track</styleUrl>
        <Point>
          <coordinates>-71.858087,-13.398244,4073.06</coordinates>
        </Point>
      </Placemark>
      <Placemark>
        <name>Apu Linli hike - Wikiloc-826</name>
        <snippet></snippet>
        <description>
&lt;table&gt;
&lt;tr&gt;&lt;td&gt;Longitude: -71.858089&lt;/td&gt;&lt;/tr&gt;
&lt;tr&gt;&lt;td&gt;Latitude: -13.398191&lt;/td&gt;&lt;/tr&gt;
&lt;tr&gt;&lt;td&gt;Altitude: 13359.813 ft&lt;/td&gt;&lt;/tr&gt;
&lt;tr&gt;&lt;td&gt;Speed: 2.6 mph&lt;/td&gt;&lt;/tr&gt;
&lt;tr&gt;&lt;td&gt;Heading: 357.9&lt;/td&gt;&lt;/tr&gt;
&lt;tr&gt;&lt;td&gt;Time: 2021-02-19T19:31:29Z&lt;/td&gt;&lt;/tr&gt;
&lt;/table&gt;
</description>
        <LookAt>
          <longitude>-71.858089</longitude>
          <latitude>-13.398191</latitude>
          <tilt>66</tilt>
        </LookAt>
        <TimeStamp>
          <when>2021-02-19T19:31:29Z</when>
        </TimeStamp>
        <styleUrl>#track</styleUrl>
        <Point>
          <coordinates>-71.858089,-13.398191,4072.07</coordinates>
        </Point>
      </Placemark>
      <Placemark>
        <name>Apu Linli hike - Wikiloc-827</name>
        <snippet></snippet>
        <description>
&lt;table&gt;
&lt;tr&gt;&lt;td&gt;Longitude: -71.858101&lt;/td&gt;&lt;/tr&gt;
&lt;tr&gt;&lt;td&gt;Latitude: -13.398139&lt;/td&gt;&lt;/tr&gt;
&lt;tr&gt;&lt;td&gt;Altitude: 13357.188 ft&lt;/td&gt;&lt;/tr&gt;
&lt;tr&gt;&lt;td&gt;Speed: 2.7 mph&lt;/td&gt;&lt;/tr&gt;
&lt;tr&gt;&lt;td&gt;Heading: 347.3&lt;/td&gt;&lt;/tr&gt;
&lt;tr&gt;&lt;td&gt;Time: 2021-02-19T19:31:34Z&lt;/td&gt;&lt;/tr&gt;
&lt;/table&gt;
</description>
        <LookAt>
          <longitude>-71.858101</longitude>
          <latitude>-13.398139</latitude>
          <tilt>66</tilt>
        </LookAt>
        <TimeStamp>
          <when>2021-02-19T19:31:34Z</when>
        </TimeStamp>
        <styleUrl>#track</styleUrl>
        <Point>
          <coordinates>-71.858101,-13.398139,4071.27</coordinates>
        </Point>
      </Placemark>
      <Placemark>
        <name>Apu Linli hike - Wikiloc-828</name>
        <snippet></snippet>
        <description>
&lt;table&gt;
&lt;tr&gt;&lt;td&gt;Longitude: -71.858123&lt;/td&gt;&lt;/tr&gt;
&lt;tr&gt;&lt;td&gt;Latitude: -13.398087&lt;/td&gt;&lt;/tr&gt;
&lt;tr&gt;&lt;td&gt;Altitude: 13354.783 ft&lt;/td&gt;&lt;/tr&gt;
&lt;tr&gt;&lt;td&gt;Speed: 2.3 mph&lt;/td&gt;&lt;/tr&gt;
&lt;tr&gt;&lt;td&gt;Heading: 337.6&lt;/td&gt;&lt;/tr&gt;
&lt;tr&gt;&lt;td&gt;Time: 2021-02-19T19:31:40Z&lt;/td&gt;&lt;/tr&gt;
&lt;/table&gt;
</description>
        <LookAt>
          <longitude>-71.858123</longitude>
          <latitude>-13.398087</latitude>
          <tilt>66</tilt>
        </LookAt>
        <TimeStamp>
          <when>2021-02-19T19:31:40Z</when>
        </TimeStamp>
        <styleUrl>#track</styleUrl>
        <Point>
          <coordinates>-71.858123,-13.398087,4070.54</coordinates>
        </Point>
      </Placemark>
      <Placemark>
        <name>Apu Linli hike - Wikiloc-829</name>
        <snippet></snippet>
        <description>
&lt;table&gt;
&lt;tr&gt;&lt;td&gt;Longitude: -71.858149&lt;/td&gt;&lt;/tr&gt;
&lt;tr&gt;&lt;td&gt;Latitude: -13.398050&lt;/td&gt;&lt;/tr&gt;
&lt;tr&gt;&lt;td&gt;Altitude: 13353.904 ft&lt;/td&gt;&lt;/tr&gt;
&lt;tr&gt;&lt;td&gt;Speed: 2.8 mph&lt;/td&gt;&lt;/tr&gt;
&lt;tr&gt;&lt;td&gt;Heading: 325.6&lt;/td&gt;&lt;/tr&gt;
&lt;tr&gt;&lt;td&gt;Time: 2021-02-19T19:31:44Z&lt;/td&gt;&lt;/tr&gt;
&lt;/table&gt;
</description>
        <LookAt>
          <longitude>-71.858149</longitude>
          <latitude>-13.39805</latitude>
          <tilt>66</tilt>
        </LookAt>
        <TimeStamp>
          <when>2021-02-19T19:31:44Z</when>
        </TimeStamp>
        <styleUrl>#track</styleUrl>
        <Point>
          <coordinates>-71.858149,-13.398050,4070.27</coordinates>
        </Point>
      </Placemark>
      <Placemark>
        <name>Apu Linli hike - Wikiloc-830</name>
        <snippet></snippet>
        <description>
&lt;table&gt;
&lt;tr&gt;&lt;td&gt;Longitude: -71.858187&lt;/td&gt;&lt;/tr&gt;
&lt;tr&gt;&lt;td&gt;Latitude: -13.398016&lt;/td&gt;&lt;/tr&gt;
&lt;tr&gt;&lt;td&gt;Altitude: 13353.074 ft&lt;/td&gt;&lt;/tr&gt;
&lt;tr&gt;&lt;td&gt;Speed: 3.1 mph&lt;/td&gt;&lt;/tr&gt;
&lt;tr&gt;&lt;td&gt;Heading: 312.6&lt;/td&gt;&lt;/tr&gt;
&lt;tr&gt;&lt;td&gt;Time: 2021-02-19T19:31:48Z&lt;/td&gt;&lt;/tr&gt;
&lt;/table&gt;
</description>
        <LookAt>
          <longitude>-71.858187</longitude>
          <latitude>-13.398016</latitude>
          <tilt>66</tilt>
        </LookAt>
        <TimeStamp>
          <when>2021-02-19T19:31:48Z</when>
        </TimeStamp>
        <styleUrl>#track</styleUrl>
        <Point>
          <coordinates>-71.858187,-13.398016,4070.02</coordinates>
        </Point>
      </Placemark>
      <Placemark>
        <name>Apu Linli hike - Wikiloc-831</name>
        <snippet></snippet>
        <description>
&lt;table&gt;
&lt;tr&gt;&lt;td&gt;Longitude: -71.858185&lt;/td&gt;&lt;/tr&gt;
&lt;tr&gt;&lt;td&gt;Latitude: -13.397965&lt;/td&gt;&lt;/tr&gt;
&lt;tr&gt;&lt;td&gt;Altitude: 13351.076 ft&lt;/td&gt;&lt;/tr&gt;
&lt;tr&gt;&lt;td&gt;Speed: 3.2 mph&lt;/td&gt;&lt;/tr&gt;
&lt;tr&gt;&lt;td&gt;Heading: 2.2&lt;/td&gt;&lt;/tr&gt;
&lt;tr&gt;&lt;td&gt;Time: 2021-02-19T19:31:52Z&lt;/td&gt;&lt;/tr&gt;
&lt;/table&gt;
</description>
        <LookAt>
          <longitude>-71.858185</longitude>
          <latitude>-13.397965</latitude>
          <tilt>66</tilt>
        </LookAt>
        <TimeStamp>
          <when>2021-02-19T19:31:52Z</when>
        </TimeStamp>
        <styleUrl>#track</styleUrl>
        <Point>
          <coordinates>-71.858185,-13.397965,4069.41</coordinates>
        </Point>
      </Placemark>
      <Placemark>
        <name>Apu Linli hike - Wikiloc-832</name>
        <snippet></snippet>
        <description>
&lt;table&gt;
&lt;tr&gt;&lt;td&gt;Longitude: -71.858221&lt;/td&gt;&lt;/tr&gt;
&lt;tr&gt;&lt;td&gt;Latitude: -13.397892&lt;/td&gt;&lt;/tr&gt;
&lt;tr&gt;&lt;td&gt;Altitude: 13349.570 ft&lt;/td&gt;&lt;/tr&gt;
&lt;tr&gt;&lt;td&gt;Speed: 2.9 mph&lt;/td&gt;&lt;/tr&gt;
&lt;tr&gt;&lt;td&gt;Heading: 334.4&lt;/td&gt;&lt;/tr&gt;
&lt;tr&gt;&lt;td&gt;Time: 2021-02-19T19:31:59Z&lt;/td&gt;&lt;/tr&gt;
&lt;/table&gt;
</description>
        <LookAt>
          <longitude>-71.858221</longitude>
          <latitude>-13.397892</latitude>
          <tilt>66</tilt>
        </LookAt>
        <TimeStamp>
          <when>2021-02-19T19:31:59Z</when>
        </TimeStamp>
        <styleUrl>#track</styleUrl>
        <Point>
          <coordinates>-71.858221,-13.397892,4068.95</coordinates>
        </Point>
      </Placemark>
      <Placemark>
        <name>Apu Linli hike - Wikiloc-833</name>
        <snippet></snippet>
        <description>
&lt;table&gt;
&lt;tr&gt;&lt;td&gt;Longitude: -71.858236&lt;/td&gt;&lt;/tr&gt;
&lt;tr&gt;&lt;td&gt;Latitude: -13.397828&lt;/td&gt;&lt;/tr&gt;
&lt;tr&gt;&lt;td&gt;Altitude: 13347.569 ft&lt;/td&gt;&lt;/tr&gt;
&lt;tr&gt;&lt;td&gt;Speed: 4.1 mph&lt;/td&gt;&lt;/tr&gt;
&lt;tr&gt;&lt;td&gt;Heading: 347.2&lt;/td&gt;&lt;/tr&gt;
&lt;tr&gt;&lt;td&gt;Time: 2021-02-19T19:32:03Z&lt;/td&gt;&lt;/tr&gt;
&lt;/table&gt;
</description>
        <LookAt>
          <longitude>-71.858236</longitude>
          <latitude>-13.397828</latitude>
          <tilt>66</tilt>
        </LookAt>
        <TimeStamp>
          <when>2021-02-19T19:32:03Z</when>
        </TimeStamp>
        <styleUrl>#track</styleUrl>
        <Point>
          <coordinates>-71.858236,-13.397828,4068.34</coordinates>
        </Point>
      </Placemark>
      <Placemark>
        <name>Apu Linli hike - Wikiloc-834</name>
        <snippet></snippet>
        <description>
&lt;table&gt;
&lt;tr&gt;&lt;td&gt;Longitude: -71.858256&lt;/td&gt;&lt;/tr&gt;
&lt;tr&gt;&lt;td&gt;Latitude: -13.397778&lt;/td&gt;&lt;/tr&gt;
&lt;tr&gt;&lt;td&gt;Altitude: 13347.093 ft&lt;/td&gt;&lt;/tr&gt;
&lt;tr&gt;&lt;td&gt;Speed: 3.3 mph&lt;/td&gt;&lt;/tr&gt;
&lt;tr&gt;&lt;td&gt;Heading: 338.7&lt;/td&gt;&lt;/tr&gt;
&lt;tr&gt;&lt;td&gt;Time: 2021-02-19T19:32:07Z&lt;/td&gt;&lt;/tr&gt;
&lt;/table&gt;
</description>
        <LookAt>
          <longitude>-71.858256</longitude>
          <latitude>-13.397778</latitude>
          <tilt>66</tilt>
        </LookAt>
        <TimeStamp>
          <when>2021-02-19T19:32:07Z</when>
        </TimeStamp>
        <styleUrl>#track</styleUrl>
        <Point>
          <coordinates>-71.858256,-13.397778,4068.19</coordinates>
        </Point>
      </Placemark>
      <Placemark>
        <name>Apu Linli hike - Wikiloc-835</name>
        <snippet></snippet>
        <description>
&lt;table&gt;
&lt;tr&gt;&lt;td&gt;Longitude: -71.858227&lt;/td&gt;&lt;/tr&gt;
&lt;tr&gt;&lt;td&gt;Latitude: -13.397729&lt;/td&gt;&lt;/tr&gt;
&lt;tr&gt;&lt;td&gt;Altitude: 13346.929 ft&lt;/td&gt;&lt;/tr&gt;
&lt;tr&gt;&lt;td&gt;Speed: 3.5 mph&lt;/td&gt;&lt;/tr&gt;
&lt;tr&gt;&lt;td&gt;Heading: 29.9&lt;/td&gt;&lt;/tr&gt;
&lt;tr&gt;&lt;td&gt;Time: 2021-02-19T19:32:11Z&lt;/td&gt;&lt;/tr&gt;
&lt;/table&gt;
</description>
        <LookAt>
          <longitude>-71.858227</longitude>
          <latitude>-13.397729</latitude>
          <tilt>66</tilt>
        </LookAt>
        <TimeStamp>
          <when>2021-02-19T19:32:11Z</when>
        </TimeStamp>
        <styleUrl>#track</styleUrl>
        <Point>
          <coordinates>-71.858227,-13.397729,4068.14</coordinates>
        </Point>
      </Placemark>
      <Placemark>
        <name>Apu Linli hike - Wikiloc-836</name>
        <snippet></snippet>
        <description>
&lt;table&gt;
&lt;tr&gt;&lt;td&gt;Longitude: -71.858208&lt;/td&gt;&lt;/tr&gt;
&lt;tr&gt;&lt;td&gt;Latitude: -13.397686&lt;/td&gt;&lt;/tr&gt;
&lt;tr&gt;&lt;td&gt;Altitude: 13345.105 ft&lt;/td&gt;&lt;/tr&gt;
&lt;tr&gt;&lt;td&gt;Speed: 2.9 mph&lt;/td&gt;&lt;/tr&gt;
&lt;tr&gt;&lt;td&gt;Heading: 23.3&lt;/td&gt;&lt;/tr&gt;
&lt;tr&gt;&lt;td&gt;Time: 2021-02-19T19:32:15Z&lt;/td&gt;&lt;/tr&gt;
&lt;/table&gt;
</description>
        <LookAt>
          <longitude>-71.858208</longitude>
          <latitude>-13.397686</latitude>
          <tilt>66</tilt>
        </LookAt>
        <TimeStamp>
          <when>2021-02-19T19:32:15Z</when>
        </TimeStamp>
        <styleUrl>#track</styleUrl>
        <Point>
          <coordinates>-71.858208,-13.397686,4067.59</coordinates>
        </Point>
      </Placemark>
      <Placemark>
        <name>Apu Linli hike - Wikiloc-837</name>
        <snippet></snippet>
        <description>
&lt;table&gt;
&lt;tr&gt;&lt;td&gt;Longitude: -71.858157&lt;/td&gt;&lt;/tr&gt;
&lt;tr&gt;&lt;td&gt;Latitude: -13.397653&lt;/td&gt;&lt;/tr&gt;
&lt;tr&gt;&lt;td&gt;Altitude: 13340.433 ft&lt;/td&gt;&lt;/tr&gt;
&lt;tr&gt;&lt;td&gt;Speed: 2.5 mph&lt;/td&gt;&lt;/tr&gt;
&lt;tr&gt;&lt;td&gt;Heading: 56.4&lt;/td&gt;&lt;/tr&gt;
&lt;tr&gt;&lt;td&gt;Time: 2021-02-19T19:32:21Z&lt;/td&gt;&lt;/tr&gt;
&lt;/table&gt;
</description>
        <LookAt>
          <longitude>-71.858157</longitude>
          <latitude>-13.397653</latitude>
          <tilt>66</tilt>
        </LookAt>
        <TimeStamp>
          <when>2021-02-19T19:32:21Z</when>
        </TimeStamp>
        <styleUrl>#track</styleUrl>
        <Point>
          <coordinates>-71.858157,-13.397653,4066.16</coordinates>
        </Point>
      </Placemark>
      <Placemark>
        <name>Apu Linli hike - Wikiloc-838</name>
        <snippet></snippet>
        <description>
&lt;table&gt;
&lt;tr&gt;&lt;td&gt;Longitude: -71.858105&lt;/td&gt;&lt;/tr&gt;
&lt;tr&gt;&lt;td&gt;Latitude: -13.397615&lt;/td&gt;&lt;/tr&gt;
&lt;tr&gt;&lt;td&gt;Altitude: 13335.207 ft&lt;/td&gt;&lt;/tr&gt;
&lt;tr&gt;&lt;td&gt;Speed: 2.6 mph&lt;/td&gt;&lt;/tr&gt;
&lt;tr&gt;&lt;td&gt;Heading: 53.1&lt;/td&gt;&lt;/tr&gt;
&lt;tr&gt;&lt;td&gt;Time: 2021-02-19T19:32:27Z&lt;/td&gt;&lt;/tr&gt;
&lt;/table&gt;
</description>
        <LookAt>
          <longitude>-71.858105</longitude>
          <latitude>-13.397615</latitude>
          <tilt>66</tilt>
        </LookAt>
        <TimeStamp>
          <when>2021-02-19T19:32:27Z</when>
        </TimeStamp>
        <styleUrl>#track</styleUrl>
        <Point>
          <coordinates>-71.858105,-13.397615,4064.57</coordinates>
        </Point>
      </Placemark>
      <Placemark>
        <name>Apu Linli hike - Wikiloc-839</name>
        <snippet></snippet>
        <description>
&lt;table&gt;
&lt;tr&gt;&lt;td&gt;Longitude: -71.858060&lt;/td&gt;&lt;/tr&gt;
&lt;tr&gt;&lt;td&gt;Latitude: -13.397593&lt;/td&gt;&lt;/tr&gt;
&lt;tr&gt;&lt;td&gt;Altitude: 13330.646 ft&lt;/td&gt;&lt;/tr&gt;
&lt;tr&gt;&lt;td&gt;Speed: 3.0 mph&lt;/td&gt;&lt;/tr&gt;
&lt;tr&gt;&lt;td&gt;Heading: 63.3&lt;/td&gt;&lt;/tr&gt;
&lt;tr&gt;&lt;td&gt;Time: 2021-02-19T19:32:31Z&lt;/td&gt;&lt;/tr&gt;
&lt;/table&gt;
</description>
        <LookAt>
          <longitude>-71.85806</longitude>
          <latitude>-13.397593</latitude>
          <tilt>66</tilt>
        </LookAt>
        <TimeStamp>
          <when>2021-02-19T19:32:31Z</when>
        </TimeStamp>
        <styleUrl>#track</styleUrl>
        <Point>
          <coordinates>-71.858060,-13.397593,4063.18</coordinates>
        </Point>
      </Placemark>
      <Placemark>
        <name>Apu Linli hike - Wikiloc-840</name>
        <snippet></snippet>
        <description>
&lt;table&gt;
&lt;tr&gt;&lt;td&gt;Longitude: -71.858013&lt;/td&gt;&lt;/tr&gt;
&lt;tr&gt;&lt;td&gt;Latitude: -13.397577&lt;/td&gt;&lt;/tr&gt;
&lt;tr&gt;&lt;td&gt;Altitude: 13323.789 ft&lt;/td&gt;&lt;/tr&gt;
&lt;tr&gt;&lt;td&gt;Speed: 3.0 mph&lt;/td&gt;&lt;/tr&gt;
&lt;tr&gt;&lt;td&gt;Heading: 70.7&lt;/td&gt;&lt;/tr&gt;
&lt;tr&gt;&lt;td&gt;Time: 2021-02-19T19:32:35Z&lt;/td&gt;&lt;/tr&gt;
&lt;/table&gt;
</description>
        <LookAt>
          <longitude>-71.858013</longitude>
          <latitude>-13.397577</latitude>
          <tilt>66</tilt>
        </LookAt>
        <TimeStamp>
          <when>2021-02-19T19:32:35Z</when>
        </TimeStamp>
        <styleUrl>#track</styleUrl>
        <Point>
          <coordinates>-71.858013,-13.397577,4061.09</coordinates>
        </Point>
      </Placemark>
      <Placemark>
        <name>Apu Linli hike - Wikiloc-841</name>
        <snippet></snippet>
        <description>
&lt;table&gt;
&lt;tr&gt;&lt;td&gt;Longitude: -71.857956&lt;/td&gt;&lt;/tr&gt;
&lt;tr&gt;&lt;td&gt;Latitude: -13.397584&lt;/td&gt;&lt;/tr&gt;
&lt;tr&gt;&lt;td&gt;Altitude: 13318.507 ft&lt;/td&gt;&lt;/tr&gt;
&lt;tr&gt;&lt;td&gt;Speed: 3.5 mph&lt;/td&gt;&lt;/tr&gt;
&lt;tr&gt;&lt;td&gt;Heading: 97.2&lt;/td&gt;&lt;/tr&gt;
&lt;tr&gt;&lt;td&gt;Time: 2021-02-19T19:32:39Z&lt;/td&gt;&lt;/tr&gt;
&lt;/table&gt;
</description>
        <LookAt>
          <longitude>-71.857956</longitude>
          <latitude>-13.397584</latitude>
          <tilt>66</tilt>
        </LookAt>
        <TimeStamp>
          <when>2021-02-19T19:32:39Z</when>
        </TimeStamp>
        <styleUrl>#track</styleUrl>
        <Point>
          <coordinates>-71.857956,-13.397584,4059.48</coordinates>
        </Point>
      </Placemark>
      <Placemark>
        <name>Apu Linli hike - Wikiloc-842</name>
        <snippet></snippet>
        <description>
&lt;table&gt;
&lt;tr&gt;&lt;td&gt;Longitude: -71.857906&lt;/td&gt;&lt;/tr&gt;
&lt;tr&gt;&lt;td&gt;Latitude: -13.397595&lt;/td&gt;&lt;/tr&gt;
&lt;tr&gt;&lt;td&gt;Altitude: 13314.367 ft&lt;/td&gt;&lt;/tr&gt;
&lt;tr&gt;&lt;td&gt;Speed: 3.1 mph&lt;/td&gt;&lt;/tr&gt;
&lt;tr&gt;&lt;td&gt;Heading: 102.7&lt;/td&gt;&lt;/tr&gt;
&lt;tr&gt;&lt;td&gt;Time: 2021-02-19T19:32:43Z&lt;/td&gt;&lt;/tr&gt;
&lt;/table&gt;
</description>
        <LookAt>
          <longitude>-71.857906</longitude>
          <latitude>-13.397595</latitude>
          <tilt>66</tilt>
        </LookAt>
        <TimeStamp>
          <when>2021-02-19T19:32:43Z</when>
        </TimeStamp>
        <styleUrl>#track</styleUrl>
        <Point>
          <coordinates>-71.857906,-13.397595,4058.22</coordinates>
        </Point>
      </Placemark>
      <Placemark>
        <name>Apu Linli hike - Wikiloc-843</name>
        <snippet></snippet>
        <description>
&lt;table&gt;
&lt;tr&gt;&lt;td&gt;Longitude: -71.857858&lt;/td&gt;&lt;/tr&gt;
&lt;tr&gt;&lt;td&gt;Latitude: -13.397579&lt;/td&gt;&lt;/tr&gt;
&lt;tr&gt;&lt;td&gt;Altitude: 13315.315 ft&lt;/td&gt;&lt;/tr&gt;
&lt;tr&gt;&lt;td&gt;Speed: 3.1 mph&lt;/td&gt;&lt;/tr&gt;
&lt;tr&gt;&lt;td&gt;Heading: 71.1&lt;/td&gt;&lt;/tr&gt;
&lt;tr&gt;&lt;td&gt;Time: 2021-02-19T19:32:47Z&lt;/td&gt;&lt;/tr&gt;
&lt;/table&gt;
</description>
        <LookAt>
          <longitude>-71.857858</longitude>
          <latitude>-13.397579</latitude>
          <tilt>66</tilt>
        </LookAt>
        <TimeStamp>
          <when>2021-02-19T19:32:47Z</when>
        </TimeStamp>
        <styleUrl>#track</styleUrl>
        <Point>
          <coordinates>-71.857858,-13.397579,4058.51</coordinates>
        </Point>
      </Placemark>
      <Placemark>
        <name>Apu Linli hike - Wikiloc-844</name>
        <snippet></snippet>
        <description>
&lt;table&gt;
&lt;tr&gt;&lt;td&gt;Longitude: -71.857798&lt;/td&gt;&lt;/tr&gt;
&lt;tr&gt;&lt;td&gt;Latitude: -13.397544&lt;/td&gt;&lt;/tr&gt;
&lt;tr&gt;&lt;td&gt;Altitude: 13317.667 ft&lt;/td&gt;&lt;/tr&gt;
&lt;tr&gt;&lt;td&gt;Speed: 2.8 mph&lt;/td&gt;&lt;/tr&gt;
&lt;tr&gt;&lt;td&gt;Heading: 59.1&lt;/td&gt;&lt;/tr&gt;
&lt;tr&gt;&lt;td&gt;Time: 2021-02-19T19:32:53Z&lt;/td&gt;&lt;/tr&gt;
&lt;/table&gt;
</description>
        <LookAt>
          <longitude>-71.857798</longitude>
          <latitude>-13.397544</latitude>
          <tilt>66</tilt>
        </LookAt>
        <TimeStamp>
          <when>2021-02-19T19:32:53Z</when>
        </TimeStamp>
        <styleUrl>#track</styleUrl>
        <Point>
          <coordinates>-71.857798,-13.397544,4059.22</coordinates>
        </Point>
      </Placemark>
      <Placemark>
        <name>Apu Linli hike - Wikiloc-845</name>
        <snippet></snippet>
        <description>
&lt;table&gt;
&lt;tr&gt;&lt;td&gt;Longitude: -71.857738&lt;/td&gt;&lt;/tr&gt;
&lt;tr&gt;&lt;td&gt;Latitude: -13.397515&lt;/td&gt;&lt;/tr&gt;
&lt;tr&gt;&lt;td&gt;Altitude: 13319.833 ft&lt;/td&gt;&lt;/tr&gt;
&lt;tr&gt;&lt;td&gt;Speed: 2.7 mph&lt;/td&gt;&lt;/tr&gt;
&lt;tr&gt;&lt;td&gt;Heading: 63.6&lt;/td&gt;&lt;/tr&gt;
&lt;tr&gt;&lt;td&gt;Time: 2021-02-19T19:32:59Z&lt;/td&gt;&lt;/tr&gt;
&lt;/table&gt;
</description>
        <LookAt>
          <longitude>-71.857738</longitude>
          <latitude>-13.397515</latitude>
          <tilt>66</tilt>
        </LookAt>
        <TimeStamp>
          <when>2021-02-19T19:32:59Z</when>
        </TimeStamp>
        <styleUrl>#track</styleUrl>
        <Point>
          <coordinates>-71.857738,-13.397515,4059.89</coordinates>
        </Point>
      </Placemark>
      <Placemark>
        <name>Apu Linli hike - Wikiloc-846</name>
        <snippet></snippet>
        <description>
&lt;table&gt;
&lt;tr&gt;&lt;td&gt;Longitude: -71.857690&lt;/td&gt;&lt;/tr&gt;
&lt;tr&gt;&lt;td&gt;Latitude: -13.397492&lt;/td&gt;&lt;/tr&gt;
&lt;tr&gt;&lt;td&gt;Altitude: 13320.899 ft&lt;/td&gt;&lt;/tr&gt;
&lt;tr&gt;&lt;td&gt;Speed: 3.2 mph&lt;/td&gt;&lt;/tr&gt;
&lt;tr&gt;&lt;td&gt;Heading: 63.8&lt;/td&gt;&lt;/tr&gt;
&lt;tr&gt;&lt;td&gt;Time: 2021-02-19T19:33:03Z&lt;/td&gt;&lt;/tr&gt;
&lt;/table&gt;
</description>
        <LookAt>
          <longitude>-71.85769</longitude>
          <latitude>-13.397492</latitude>
          <tilt>66</tilt>
        </LookAt>
        <TimeStamp>
          <when>2021-02-19T19:33:03Z</when>
        </TimeStamp>
        <styleUrl>#track</styleUrl>
        <Point>
          <coordinates>-71.857690,-13.397492,4060.21</coordinates>
        </Point>
      </Placemark>
      <Placemark>
        <name>Apu Linli hike - Wikiloc-847</name>
        <snippet></snippet>
        <description>
&lt;table&gt;
&lt;tr&gt;&lt;td&gt;Longitude: -71.857645&lt;/td&gt;&lt;/tr&gt;
&lt;tr&gt;&lt;td&gt;Latitude: -13.397471&lt;/td&gt;&lt;/tr&gt;
&lt;tr&gt;&lt;td&gt;Altitude: 13322.703 ft&lt;/td&gt;&lt;/tr&gt;
&lt;tr&gt;&lt;td&gt;Speed: 3.0 mph&lt;/td&gt;&lt;/tr&gt;
&lt;tr&gt;&lt;td&gt;Heading: 64.4&lt;/td&gt;&lt;/tr&gt;
&lt;tr&gt;&lt;td&gt;Time: 2021-02-19T19:33:07Z&lt;/td&gt;&lt;/tr&gt;
&lt;/table&gt;
</description>
        <LookAt>
          <longitude>-71.857645</longitude>
          <latitude>-13.397471</latitude>
          <tilt>66</tilt>
        </LookAt>
        <TimeStamp>
          <when>2021-02-19T19:33:07Z</when>
        </TimeStamp>
        <styleUrl>#track</styleUrl>
        <Point>
          <coordinates>-71.857645,-13.397471,4060.76</coordinates>
        </Point>
      </Placemark>
      <Placemark>
        <name>Apu Linli hike - Wikiloc-848</name>
        <snippet></snippet>
        <description>
&lt;table&gt;
&lt;tr&gt;&lt;td&gt;Longitude: -71.857601&lt;/td&gt;&lt;/tr&gt;
&lt;tr&gt;&lt;td&gt;Latitude: -13.397450&lt;/td&gt;&lt;/tr&gt;
&lt;tr&gt;&lt;td&gt;Altitude: 13324.291 ft&lt;/td&gt;&lt;/tr&gt;
&lt;tr&gt;&lt;td&gt;Speed: 3.0 mph&lt;/td&gt;&lt;/tr&gt;
&lt;tr&gt;&lt;td&gt;Heading: 63.9&lt;/td&gt;&lt;/tr&gt;
&lt;tr&gt;&lt;td&gt;Time: 2021-02-19T19:33:11Z&lt;/td&gt;&lt;/tr&gt;
&lt;/table&gt;
</description>
        <LookAt>
          <longitude>-71.857601</longitude>
          <latitude>-13.39745</latitude>
          <tilt>66</tilt>
        </LookAt>
        <TimeStamp>
          <when>2021-02-19T19:33:11Z</when>
        </TimeStamp>
        <styleUrl>#track</styleUrl>
        <Point>
          <coordinates>-71.857601,-13.397450,4061.24</coordinates>
        </Point>
      </Placemark>
      <Placemark>
        <name>Apu Linli hike - Wikiloc-849</name>
        <snippet></snippet>
        <description>
&lt;table&gt;
&lt;tr&gt;&lt;td&gt;Longitude: -71.857555&lt;/td&gt;&lt;/tr&gt;
&lt;tr&gt;&lt;td&gt;Latitude: -13.397438&lt;/td&gt;&lt;/tr&gt;
&lt;tr&gt;&lt;td&gt;Altitude: 13324.902 ft&lt;/td&gt;&lt;/tr&gt;
&lt;tr&gt;&lt;td&gt;Speed: 2.9 mph&lt;/td&gt;&lt;/tr&gt;
&lt;tr&gt;&lt;td&gt;Heading: 75.0&lt;/td&gt;&lt;/tr&gt;
&lt;tr&gt;&lt;td&gt;Time: 2021-02-19T19:33:15Z&lt;/td&gt;&lt;/tr&gt;
&lt;/table&gt;
</description>
        <LookAt>
          <longitude>-71.857555</longitude>
          <latitude>-13.397438</latitude>
          <tilt>66</tilt>
        </LookAt>
        <TimeStamp>
          <when>2021-02-19T19:33:15Z</when>
        </TimeStamp>
        <styleUrl>#track</styleUrl>
        <Point>
          <coordinates>-71.857555,-13.397438,4061.43</coordinates>
        </Point>
      </Placemark>
      <Placemark>
        <name>Apu Linli hike - Wikiloc-850</name>
        <snippet></snippet>
        <description>
&lt;table&gt;
&lt;tr&gt;&lt;td&gt;Longitude: -71.857501&lt;/td&gt;&lt;/tr&gt;
&lt;tr&gt;&lt;td&gt;Latitude: -13.397432&lt;/td&gt;&lt;/tr&gt;
&lt;tr&gt;&lt;td&gt;Altitude: 13325.974 ft&lt;/td&gt;&lt;/tr&gt;
&lt;tr&gt;&lt;td&gt;Speed: 3.3 mph&lt;/td&gt;&lt;/tr&gt;
&lt;tr&gt;&lt;td&gt;Heading: 83.5&lt;/td&gt;&lt;/tr&gt;
&lt;tr&gt;&lt;td&gt;Time: 2021-02-19T19:33:19Z&lt;/td&gt;&lt;/tr&gt;
&lt;/table&gt;
</description>
        <LookAt>
          <longitude>-71.857501</longitude>
          <latitude>-13.397432</latitude>
          <tilt>66</tilt>
        </LookAt>
        <TimeStamp>
          <when>2021-02-19T19:33:19Z</when>
        </TimeStamp>
        <styleUrl>#track</styleUrl>
        <Point>
          <coordinates>-71.857501,-13.397432,4061.76</coordinates>
        </Point>
      </Placemark>
      <Placemark>
        <name>Apu Linli hike - Wikiloc-851</name>
        <snippet></snippet>
        <description>
&lt;table&gt;
&lt;tr&gt;&lt;td&gt;Longitude: -71.857451&lt;/td&gt;&lt;/tr&gt;
&lt;tr&gt;&lt;td&gt;Latitude: -13.397419&lt;/td&gt;&lt;/tr&gt;
&lt;tr&gt;&lt;td&gt;Altitude: 13327.385 ft&lt;/td&gt;&lt;/tr&gt;
&lt;tr&gt;&lt;td&gt;Speed: 3.1 mph&lt;/td&gt;&lt;/tr&gt;
&lt;tr&gt;&lt;td&gt;Heading: 75.0&lt;/td&gt;&lt;/tr&gt;
&lt;tr&gt;&lt;td&gt;Time: 2021-02-19T19:33:23Z&lt;/td&gt;&lt;/tr&gt;
&lt;/table&gt;
</description>
        <LookAt>
          <longitude>-71.857451</longitude>
          <latitude>-13.397419</latitude>
          <tilt>66</tilt>
        </LookAt>
        <TimeStamp>
          <when>2021-02-19T19:33:23Z</when>
        </TimeStamp>
        <styleUrl>#track</styleUrl>
        <Point>
          <coordinates>-71.857451,-13.397419,4062.19</coordinates>
        </Point>
      </Placemark>
      <Placemark>
        <name>Apu Linli hike - Wikiloc-852</name>
        <snippet></snippet>
        <description>
&lt;table&gt;
&lt;tr&gt;&lt;td&gt;Longitude: -71.857394&lt;/td&gt;&lt;/tr&gt;
&lt;tr&gt;&lt;td&gt;Latitude: -13.397425&lt;/td&gt;&lt;/tr&gt;
&lt;tr&gt;&lt;td&gt;Altitude: 13328.698 ft&lt;/td&gt;&lt;/tr&gt;
&lt;tr&gt;&lt;td&gt;Speed: 3.5 mph&lt;/td&gt;&lt;/tr&gt;
&lt;tr&gt;&lt;td&gt;Heading: 96.2&lt;/td&gt;&lt;/tr&gt;
&lt;tr&gt;&lt;td&gt;Time: 2021-02-19T19:33:27Z&lt;/td&gt;&lt;/tr&gt;
&lt;/table&gt;
</description>
        <LookAt>
          <longitude>-71.857394</longitude>
          <latitude>-13.397425</latitude>
          <tilt>66</tilt>
        </LookAt>
        <TimeStamp>
          <when>2021-02-19T19:33:27Z</when>
        </TimeStamp>
        <styleUrl>#track</styleUrl>
        <Point>
          <coordinates>-71.857394,-13.397425,4062.59</coordinates>
        </Point>
      </Placemark>
      <Placemark>
        <name>Apu Linli hike - Wikiloc-853</name>
        <snippet></snippet>
        <description>
&lt;table&gt;
&lt;tr&gt;&lt;td&gt;Longitude: -71.857345&lt;/td&gt;&lt;/tr&gt;
&lt;tr&gt;&lt;td&gt;Latitude: -13.397397&lt;/td&gt;&lt;/tr&gt;
&lt;tr&gt;&lt;td&gt;Altitude: 13331.175 ft&lt;/td&gt;&lt;/tr&gt;
&lt;tr&gt;&lt;td&gt;Speed: 2.3 mph&lt;/td&gt;&lt;/tr&gt;
&lt;tr&gt;&lt;td&gt;Heading: 59.6&lt;/td&gt;&lt;/tr&gt;
&lt;tr&gt;&lt;td&gt;Time: 2021-02-19T19:33:33Z&lt;/td&gt;&lt;/tr&gt;
&lt;/table&gt;
</description>
        <LookAt>
          <longitude>-71.857345</longitude>
          <latitude>-13.397397</latitude>
          <tilt>66</tilt>
        </LookAt>
        <TimeStamp>
          <when>2021-02-19T19:33:33Z</when>
        </TimeStamp>
        <styleUrl>#track</styleUrl>
        <Point>
          <coordinates>-71.857345,-13.397397,4063.34</coordinates>
        </Point>
      </Placemark>
      <Placemark>
        <name>Apu Linli hike - Wikiloc-854</name>
        <snippet></snippet>
        <description>
&lt;table&gt;
&lt;tr&gt;&lt;td&gt;Longitude: -71.857296&lt;/td&gt;&lt;/tr&gt;
&lt;tr&gt;&lt;td&gt;Latitude: -13.397370&lt;/td&gt;&lt;/tr&gt;
&lt;tr&gt;&lt;td&gt;Altitude: 13331.778 ft&lt;/td&gt;&lt;/tr&gt;
&lt;tr&gt;&lt;td&gt;Speed: 1.4 mph&lt;/td&gt;&lt;/tr&gt;
&lt;tr&gt;&lt;td&gt;Heading: 60.5&lt;/td&gt;&lt;/tr&gt;
&lt;tr&gt;&lt;td&gt;Time: 2021-02-19T19:33:43Z&lt;/td&gt;&lt;/tr&gt;
&lt;/table&gt;
</description>
        <LookAt>
          <longitude>-71.857296</longitude>
          <latitude>-13.39737</latitude>
          <tilt>66</tilt>
        </LookAt>
        <TimeStamp>
          <when>2021-02-19T19:33:43Z</when>
        </TimeStamp>
        <styleUrl>#track</styleUrl>
        <Point>
          <coordinates>-71.857296,-13.397370,4063.53</coordinates>
        </Point>
      </Placemark>
      <Placemark>
        <name>Apu Linli hike - Wikiloc-855</name>
        <snippet></snippet>
        <description>
&lt;table&gt;
&lt;tr&gt;&lt;td&gt;Longitude: -71.857285&lt;/td&gt;&lt;/tr&gt;
&lt;tr&gt;&lt;td&gt;Latitude: -13.397315&lt;/td&gt;&lt;/tr&gt;
&lt;tr&gt;&lt;td&gt;Altitude: 13325.814 ft&lt;/td&gt;&lt;/tr&gt;
&lt;tr&gt;&lt;td&gt;Speed: 1.7 mph&lt;/td&gt;&lt;/tr&gt;
&lt;tr&gt;&lt;td&gt;Heading: 11.0&lt;/td&gt;&lt;/tr&gt;
&lt;tr&gt;&lt;td&gt;Time: 2021-02-19T19:33:51Z&lt;/td&gt;&lt;/tr&gt;
&lt;/table&gt;
</description>
        <LookAt>
          <longitude>-71.857285</longitude>
          <latitude>-13.397315</latitude>
          <tilt>66</tilt>
        </LookAt>
        <TimeStamp>
          <when>2021-02-19T19:33:51Z</when>
        </TimeStamp>
        <styleUrl>#track</styleUrl>
        <Point>
          <coordinates>-71.857285,-13.397315,4061.71</coordinates>
        </Point>
      </Placemark>
      <Placemark>
        <name>Apu Linli hike - Wikiloc-856</name>
        <snippet></snippet>
        <description>
&lt;table&gt;
&lt;tr&gt;&lt;td&gt;Longitude: -71.857254&lt;/td&gt;&lt;/tr&gt;
&lt;tr&gt;&lt;td&gt;Latitude: -13.397257&lt;/td&gt;&lt;/tr&gt;
&lt;tr&gt;&lt;td&gt;Altitude: 13322.913 ft&lt;/td&gt;&lt;/tr&gt;
&lt;tr&gt;&lt;td&gt;Speed: 2.7 mph&lt;/td&gt;&lt;/tr&gt;
&lt;tr&gt;&lt;td&gt;Heading: 27.5&lt;/td&gt;&lt;/tr&gt;
&lt;tr&gt;&lt;td&gt;Time: 2021-02-19T19:33:57Z&lt;/td&gt;&lt;/tr&gt;
&lt;/table&gt;
</description>
        <LookAt>
          <longitude>-71.857254</longitude>
          <latitude>-13.397257</latitude>
          <tilt>66</tilt>
        </LookAt>
        <TimeStamp>
          <when>2021-02-19T19:33:57Z</when>
        </TimeStamp>
        <styleUrl>#track</styleUrl>
        <Point>
          <coordinates>-71.857254,-13.397257,4060.82</coordinates>
        </Point>
      </Placemark>
      <Placemark>
        <name>Apu Linli hike - Wikiloc-857</name>
        <snippet></snippet>
        <description>
&lt;table&gt;
&lt;tr&gt;&lt;td&gt;Longitude: -71.857204&lt;/td&gt;&lt;/tr&gt;
&lt;tr&gt;&lt;td&gt;Latitude: -13.397251&lt;/td&gt;&lt;/tr&gt;
&lt;tr&gt;&lt;td&gt;Altitude: 13318.845 ft&lt;/td&gt;&lt;/tr&gt;
&lt;tr&gt;&lt;td&gt;Speed: 3.1 mph&lt;/td&gt;&lt;/tr&gt;
&lt;tr&gt;&lt;td&gt;Heading: 83.0&lt;/td&gt;&lt;/tr&gt;
&lt;tr&gt;&lt;td&gt;Time: 2021-02-19T19:34:01Z&lt;/td&gt;&lt;/tr&gt;
&lt;/table&gt;
</description>
        <LookAt>
          <longitude>-71.857204</longitude>
          <latitude>-13.397251</latitude>
          <tilt>66</tilt>
        </LookAt>
        <TimeStamp>
          <when>2021-02-19T19:34:01Z</when>
        </TimeStamp>
        <styleUrl>#track</styleUrl>
        <Point>
          <coordinates>-71.857204,-13.397251,4059.58</coordinates>
        </Point>
      </Placemark>
      <Placemark>
        <name>Apu Linli hike - Wikiloc-858</name>
        <snippet></snippet>
        <description>
&lt;table&gt;
&lt;tr&gt;&lt;td&gt;Longitude: -71.857144&lt;/td&gt;&lt;/tr&gt;
&lt;tr&gt;&lt;td&gt;Latitude: -13.397248&lt;/td&gt;&lt;/tr&gt;
&lt;tr&gt;&lt;td&gt;Altitude: 13313.579 ft&lt;/td&gt;&lt;/tr&gt;
&lt;tr&gt;&lt;td&gt;Speed: 2.4 mph&lt;/td&gt;&lt;/tr&gt;
&lt;tr&gt;&lt;td&gt;Heading: 87.1&lt;/td&gt;&lt;/tr&gt;
&lt;tr&gt;&lt;td&gt;Time: 2021-02-19T19:34:07Z&lt;/td&gt;&lt;/tr&gt;
&lt;/table&gt;
</description>
        <LookAt>
          <longitude>-71.857144</longitude>
          <latitude>-13.397248</latitude>
          <tilt>66</tilt>
        </LookAt>
        <TimeStamp>
          <when>2021-02-19T19:34:07Z</when>
        </TimeStamp>
        <styleUrl>#track</styleUrl>
        <Point>
          <coordinates>-71.857144,-13.397248,4057.98</coordinates>
        </Point>
      </Placemark>
      <Placemark>
        <name>Apu Linli hike - Wikiloc-859</name>
        <snippet></snippet>
        <description>
&lt;table&gt;
&lt;tr&gt;&lt;td&gt;Longitude: -71.857107&lt;/td&gt;&lt;/tr&gt;
&lt;tr&gt;&lt;td&gt;Latitude: -13.397216&lt;/td&gt;&lt;/tr&gt;
&lt;tr&gt;&lt;td&gt;Altitude: 13308.888 ft&lt;/td&gt;&lt;/tr&gt;
&lt;tr&gt;&lt;td&gt;Speed: 2.0 mph&lt;/td&gt;&lt;/tr&gt;
&lt;tr&gt;&lt;td&gt;Heading: 48.4&lt;/td&gt;&lt;/tr&gt;
&lt;tr&gt;&lt;td&gt;Time: 2021-02-19T19:34:13Z&lt;/td&gt;&lt;/tr&gt;
&lt;/table&gt;
</description>
        <LookAt>
          <longitude>-71.857107</longitude>
          <latitude>-13.397216</latitude>
          <tilt>66</tilt>
        </LookAt>
        <TimeStamp>
          <when>2021-02-19T19:34:13Z</when>
        </TimeStamp>
        <styleUrl>#track</styleUrl>
        <Point>
          <coordinates>-71.857107,-13.397216,4056.55</coordinates>
        </Point>
      </Placemark>
      <Placemark>
        <name>Apu Linli hike - Wikiloc-860</name>
        <snippet></snippet>
        <description>
&lt;table&gt;
&lt;tr&gt;&lt;td&gt;Longitude: -71.857059&lt;/td&gt;&lt;/tr&gt;
&lt;tr&gt;&lt;td&gt;Latitude: -13.397241&lt;/td&gt;&lt;/tr&gt;
&lt;tr&gt;&lt;td&gt;Altitude: 13303.914 ft&lt;/td&gt;&lt;/tr&gt;
&lt;tr&gt;&lt;td&gt;Speed: 1.9 mph&lt;/td&gt;&lt;/tr&gt;
&lt;tr&gt;&lt;td&gt;Heading: 118.2&lt;/td&gt;&lt;/tr&gt;
&lt;tr&gt;&lt;td&gt;Time: 2021-02-19T19:34:20Z&lt;/td&gt;&lt;/tr&gt;
&lt;/table&gt;
</description>
        <LookAt>
          <longitude>-71.857059</longitude>
          <latitude>-13.397241</latitude>
          <tilt>66</tilt>
        </LookAt>
        <TimeStamp>
          <when>2021-02-19T19:34:20Z</when>
        </TimeStamp>
        <styleUrl>#track</styleUrl>
        <Point>
          <coordinates>-71.857059,-13.397241,4055.03</coordinates>
        </Point>
      </Placemark>
      <Placemark>
        <name>Apu Linli hike - Wikiloc-861</name>
        <snippet></snippet>
        <description>
&lt;table&gt;
&lt;tr&gt;&lt;td&gt;Longitude: -71.856985&lt;/td&gt;&lt;/tr&gt;
&lt;tr&gt;&lt;td&gt;Latitude: -13.397256&lt;/td&gt;&lt;/tr&gt;
&lt;tr&gt;&lt;td&gt;Altitude: 13293.566 ft&lt;/td&gt;&lt;/tr&gt;
&lt;tr&gt;&lt;td&gt;Speed: 2.3 mph&lt;/td&gt;&lt;/tr&gt;
&lt;tr&gt;&lt;td&gt;Heading: 101.8&lt;/td&gt;&lt;/tr&gt;
&lt;tr&gt;&lt;td&gt;Time: 2021-02-19T19:34:28Z&lt;/td&gt;&lt;/tr&gt;
&lt;/table&gt;
</description>
        <LookAt>
          <longitude>-71.856985</longitude>
          <latitude>-13.397256</latitude>
          <tilt>66</tilt>
        </LookAt>
        <TimeStamp>
          <when>2021-02-19T19:34:28Z</when>
        </TimeStamp>
        <styleUrl>#track</styleUrl>
        <Point>
          <coordinates>-71.856985,-13.397256,4051.88</coordinates>
        </Point>
      </Placemark>
      <Placemark>
        <name>Apu Linli hike - Wikiloc-862</name>
        <snippet></snippet>
        <description>
&lt;table&gt;
&lt;tr&gt;&lt;td&gt;Longitude: -71.856897&lt;/td&gt;&lt;/tr&gt;
&lt;tr&gt;&lt;td&gt;Latitude: -13.397264&lt;/td&gt;&lt;/tr&gt;
&lt;tr&gt;&lt;td&gt;Altitude: 13285.650 ft&lt;/td&gt;&lt;/tr&gt;
&lt;tr&gt;&lt;td&gt;Speed: 2.7 mph&lt;/td&gt;&lt;/tr&gt;
&lt;tr&gt;&lt;td&gt;Heading: 95.3&lt;/td&gt;&lt;/tr&gt;
&lt;tr&gt;&lt;td&gt;Time: 2021-02-19T19:34:36Z&lt;/td&gt;&lt;/tr&gt;
&lt;/table&gt;
</description>
        <LookAt>
          <longitude>-71.856897</longitude>
          <latitude>-13.397264</latitude>
          <tilt>66</tilt>
        </LookAt>
        <TimeStamp>
          <when>2021-02-19T19:34:36Z</when>
        </TimeStamp>
        <styleUrl>#track</styleUrl>
        <Point>
          <coordinates>-71.856897,-13.397264,4049.47</coordinates>
        </Point>
      </Placemark>
      <Placemark>
        <name>Apu Linli hike - Wikiloc-863</name>
        <snippet></snippet>
        <description>
&lt;table&gt;
&lt;tr&gt;&lt;td&gt;Longitude: -71.856844&lt;/td&gt;&lt;/tr&gt;
&lt;tr&gt;&lt;td&gt;Latitude: -13.397250&lt;/td&gt;&lt;/tr&gt;
&lt;tr&gt;&lt;td&gt;Altitude: 13277.612 ft&lt;/td&gt;&lt;/tr&gt;
&lt;tr&gt;&lt;td&gt;Speed: 3.3 mph&lt;/td&gt;&lt;/tr&gt;
&lt;tr&gt;&lt;td&gt;Heading: 74.8&lt;/td&gt;&lt;/tr&gt;
&lt;tr&gt;&lt;td&gt;Time: 2021-02-19T19:34:40Z&lt;/td&gt;&lt;/tr&gt;
&lt;/table&gt;
</description>
        <LookAt>
          <longitude>-71.856844</longitude>
          <latitude>-13.39725</latitude>
          <tilt>66</tilt>
        </LookAt>
        <TimeStamp>
          <when>2021-02-19T19:34:40Z</when>
        </TimeStamp>
        <styleUrl>#track</styleUrl>
        <Point>
          <coordinates>-71.856844,-13.397250,4047.02</coordinates>
        </Point>
      </Placemark>
      <Placemark>
        <name>Apu Linli hike - Wikiloc-864</name>
        <snippet></snippet>
        <description>
&lt;table&gt;
&lt;tr&gt;&lt;td&gt;Longitude: -71.856783&lt;/td&gt;&lt;/tr&gt;
&lt;tr&gt;&lt;td&gt;Latitude: -13.397241&lt;/td&gt;&lt;/tr&gt;
&lt;tr&gt;&lt;td&gt;Altitude: 13270.430 ft&lt;/td&gt;&lt;/tr&gt;
&lt;tr&gt;&lt;td&gt;Speed: 3.7 mph&lt;/td&gt;&lt;/tr&gt;
&lt;tr&gt;&lt;td&gt;Heading: 81.4&lt;/td&gt;&lt;/tr&gt;
&lt;tr&gt;&lt;td&gt;Time: 2021-02-19T19:34:44Z&lt;/td&gt;&lt;/tr&gt;
&lt;/table&gt;
</description>
        <LookAt>
          <longitude>-71.856783</longitude>
          <latitude>-13.397241</latitude>
          <tilt>66</tilt>
        </LookAt>
        <TimeStamp>
          <when>2021-02-19T19:34:44Z</when>
        </TimeStamp>
        <styleUrl>#track</styleUrl>
        <Point>
          <coordinates>-71.856783,-13.397241,4044.83</coordinates>
        </Point>
      </Placemark>
      <Placemark>
        <name>Apu Linli hike - Wikiloc-865</name>
        <snippet></snippet>
        <description>
&lt;table&gt;
&lt;tr&gt;&lt;td&gt;Longitude: -71.856732&lt;/td&gt;&lt;/tr&gt;
&lt;tr&gt;&lt;td&gt;Latitude: -13.397237&lt;/td&gt;&lt;/tr&gt;
&lt;tr&gt;&lt;td&gt;Altitude: 13264.003 ft&lt;/td&gt;&lt;/tr&gt;
&lt;tr&gt;&lt;td&gt;Speed: 3.1 mph&lt;/td&gt;&lt;/tr&gt;
&lt;tr&gt;&lt;td&gt;Heading: 85.4&lt;/td&gt;&lt;/tr&gt;
&lt;tr&gt;&lt;td&gt;Time: 2021-02-19T19:34:48Z&lt;/td&gt;&lt;/tr&gt;
&lt;/table&gt;
</description>
        <LookAt>
          <longitude>-71.856732</longitude>
          <latitude>-13.397237</latitude>
          <tilt>66</tilt>
        </LookAt>
        <TimeStamp>
          <when>2021-02-19T19:34:48Z</when>
        </TimeStamp>
        <styleUrl>#track</styleUrl>
        <Point>
          <coordinates>-71.856732,-13.397237,4042.87</coordinates>
        </Point>
      </Placemark>
      <Placemark>
        <name>Apu Linli hike - Wikiloc-866</name>
        <snippet></snippet>
        <description>
&lt;table&gt;
&lt;tr&gt;&lt;td&gt;Longitude: -71.856644&lt;/td&gt;&lt;/tr&gt;
&lt;tr&gt;&lt;td&gt;Latitude: -13.397296&lt;/td&gt;&lt;/tr&gt;
&lt;tr&gt;&lt;td&gt;Altitude: 13253.327 ft&lt;/td&gt;&lt;/tr&gt;
&lt;tr&gt;&lt;td&gt;Speed: 1.3 mph&lt;/td&gt;&lt;/tr&gt;
&lt;tr&gt;&lt;td&gt;Heading: 124.6&lt;/td&gt;&lt;/tr&gt;
&lt;tr&gt;&lt;td&gt;Time: 2021-02-19T19:35:08Z&lt;/td&gt;&lt;/tr&gt;
&lt;/table&gt;
</description>
        <LookAt>
          <longitude>-71.856644</longitude>
          <latitude>-13.397296</latitude>
          <tilt>66</tilt>
        </LookAt>
        <TimeStamp>
          <when>2021-02-19T19:35:08Z</when>
        </TimeStamp>
        <styleUrl>#track</styleUrl>
        <Point>
          <coordinates>-71.856644,-13.397296,4039.61</coordinates>
        </Point>
      </Placemark>
      <Placemark>
        <name>Apu Linli hike - Wikiloc-867</name>
        <snippet></snippet>
        <description>
&lt;table&gt;
&lt;tr&gt;&lt;td&gt;Longitude: -71.856612&lt;/td&gt;&lt;/tr&gt;
&lt;tr&gt;&lt;td&gt;Latitude: -13.397231&lt;/td&gt;&lt;/tr&gt;
&lt;tr&gt;&lt;td&gt;Altitude: 13246.745 ft&lt;/td&gt;&lt;/tr&gt;
&lt;tr&gt;&lt;td&gt;Speed: 4.5 mph&lt;/td&gt;&lt;/tr&gt;
&lt;tr&gt;&lt;td&gt;Heading: 25.6&lt;/td&gt;&lt;/tr&gt;
&lt;tr&gt;&lt;td&gt;Time: 2021-02-19T19:35:12Z&lt;/td&gt;&lt;/tr&gt;
&lt;/table&gt;
</description>
        <LookAt>
          <longitude>-71.856612</longitude>
          <latitude>-13.397231</latitude>
          <tilt>66</tilt>
        </LookAt>
        <TimeStamp>
          <when>2021-02-19T19:35:12Z</when>
        </TimeStamp>
        <styleUrl>#track</styleUrl>
        <Point>
          <coordinates>-71.856612,-13.397231,4037.61</coordinates>
        </Point>
      </Placemark>
      <Placemark>
        <name>Apu Linli hike - Wikiloc-868</name>
        <snippet></snippet>
        <description>
&lt;table&gt;
&lt;tr&gt;&lt;td&gt;Longitude: -71.856555&lt;/td&gt;&lt;/tr&gt;
&lt;tr&gt;&lt;td&gt;Latitude: -13.397207&lt;/td&gt;&lt;/tr&gt;
&lt;tr&gt;&lt;td&gt;Altitude: 13241.759 ft&lt;/td&gt;&lt;/tr&gt;
&lt;tr&gt;&lt;td&gt;Speed: 3.8 mph&lt;/td&gt;&lt;/tr&gt;
&lt;tr&gt;&lt;td&gt;Heading: 66.6&lt;/td&gt;&lt;/tr&gt;
&lt;tr&gt;&lt;td&gt;Time: 2021-02-19T19:35:16Z&lt;/td&gt;&lt;/tr&gt;
&lt;/table&gt;
</description>
        <LookAt>
          <longitude>-71.856555</longitude>
          <latitude>-13.397207</latitude>
          <tilt>66</tilt>
        </LookAt>
        <TimeStamp>
          <when>2021-02-19T19:35:16Z</when>
        </TimeStamp>
        <styleUrl>#track</styleUrl>
        <Point>
          <coordinates>-71.856555,-13.397207,4036.09</coordinates>
        </Point>
      </Placemark>
      <Placemark>
        <name>Apu Linli hike - Wikiloc-869</name>
        <snippet></snippet>
        <description>
&lt;table&gt;
&lt;tr&gt;&lt;td&gt;Longitude: -71.856513&lt;/td&gt;&lt;/tr&gt;
&lt;tr&gt;&lt;td&gt;Latitude: -13.397180&lt;/td&gt;&lt;/tr&gt;
&lt;tr&gt;&lt;td&gt;Altitude: 13237.461 ft&lt;/td&gt;&lt;/tr&gt;
&lt;tr&gt;&lt;td&gt;Speed: 3.0 mph&lt;/td&gt;&lt;/tr&gt;
&lt;tr&gt;&lt;td&gt;Heading: 56.5&lt;/td&gt;&lt;/tr&gt;
&lt;tr&gt;&lt;td&gt;Time: 2021-02-19T19:35:20Z&lt;/td&gt;&lt;/tr&gt;
&lt;/table&gt;
</description>
        <LookAt>
          <longitude>-71.856513</longitude>
          <latitude>-13.39718</latitude>
          <tilt>66</tilt>
        </LookAt>
        <TimeStamp>
          <when>2021-02-19T19:35:20Z</when>
        </TimeStamp>
        <styleUrl>#track</styleUrl>
        <Point>
          <coordinates>-71.856513,-13.397180,4034.78</coordinates>
        </Point>
      </Placemark>
      <Placemark>
        <name>Apu Linli hike - Wikiloc-870</name>
        <snippet></snippet>
        <description>
&lt;table&gt;
&lt;tr&gt;&lt;td&gt;Longitude: -71.856471&lt;/td&gt;&lt;/tr&gt;
&lt;tr&gt;&lt;td&gt;Latitude: -13.397154&lt;/td&gt;&lt;/tr&gt;
&lt;tr&gt;&lt;td&gt;Altitude: 13234.229 ft&lt;/td&gt;&lt;/tr&gt;
&lt;tr&gt;&lt;td&gt;Speed: 3.0 mph&lt;/td&gt;&lt;/tr&gt;
&lt;tr&gt;&lt;td&gt;Heading: 57.5&lt;/td&gt;&lt;/tr&gt;
&lt;tr&gt;&lt;td&gt;Time: 2021-02-19T19:35:24Z&lt;/td&gt;&lt;/tr&gt;
&lt;/table&gt;
</description>
        <LookAt>
          <longitude>-71.856471</longitude>
          <latitude>-13.397154</latitude>
          <tilt>66</tilt>
        </LookAt>
        <TimeStamp>
          <when>2021-02-19T19:35:24Z</when>
        </TimeStamp>
        <styleUrl>#track</styleUrl>
        <Point>
          <coordinates>-71.856471,-13.397154,4033.79</coordinates>
        </Point>
      </Placemark>
      <Placemark>
        <name>Apu Linli hike - Wikiloc-871</name>
        <snippet></snippet>
        <description>
&lt;table&gt;
&lt;tr&gt;&lt;td&gt;Longitude: -71.856417&lt;/td&gt;&lt;/tr&gt;
&lt;tr&gt;&lt;td&gt;Latitude: -13.397109&lt;/td&gt;&lt;/tr&gt;
&lt;tr&gt;&lt;td&gt;Altitude: 13230.587 ft&lt;/td&gt;&lt;/tr&gt;
&lt;tr&gt;&lt;td&gt;Speed: 2.2 mph&lt;/td&gt;&lt;/tr&gt;
&lt;tr&gt;&lt;td&gt;Heading: 49.4&lt;/td&gt;&lt;/tr&gt;
&lt;tr&gt;&lt;td&gt;Time: 2021-02-19T19:35:32Z&lt;/td&gt;&lt;/tr&gt;
&lt;/table&gt;
</description>
        <LookAt>
          <longitude>-71.856417</longitude>
          <latitude>-13.397109</latitude>
          <tilt>66</tilt>
        </LookAt>
        <TimeStamp>
          <when>2021-02-19T19:35:32Z</when>
        </TimeStamp>
        <styleUrl>#track</styleUrl>
        <Point>
          <coordinates>-71.856417,-13.397109,4032.68</coordinates>
        </Point>
      </Placemark>
      <Placemark>
        <name>Apu Linli hike - Wikiloc-872</name>
        <snippet></snippet>
        <description>
&lt;table&gt;
&lt;tr&gt;&lt;td&gt;Longitude: -71.856356&lt;/td&gt;&lt;/tr&gt;
&lt;tr&gt;&lt;td&gt;Latitude: -13.397078&lt;/td&gt;&lt;/tr&gt;
&lt;tr&gt;&lt;td&gt;Altitude: 13230.043 ft&lt;/td&gt;&lt;/tr&gt;
&lt;tr&gt;&lt;td&gt;Speed: 2.4 mph&lt;/td&gt;&lt;/tr&gt;
&lt;tr&gt;&lt;td&gt;Heading: 62.4&lt;/td&gt;&lt;/tr&gt;
&lt;tr&gt;&lt;td&gt;Time: 2021-02-19T19:35:39Z&lt;/td&gt;&lt;/tr&gt;
&lt;/table&gt;
</description>
        <LookAt>
          <longitude>-71.856356</longitude>
          <latitude>-13.397078</latitude>
          <tilt>66</tilt>
        </LookAt>
        <TimeStamp>
          <when>2021-02-19T19:35:39Z</when>
        </TimeStamp>
        <styleUrl>#track</styleUrl>
        <Point>
          <coordinates>-71.856356,-13.397078,4032.52</coordinates>
        </Point>
      </Placemark>
      <Placemark>
        <name>Apu Linli hike - Wikiloc-873</name>
        <snippet></snippet>
        <description>
&lt;table&gt;
&lt;tr&gt;&lt;td&gt;Longitude: -71.856304&lt;/td&gt;&lt;/tr&gt;
&lt;tr&gt;&lt;td&gt;Latitude: -13.397028&lt;/td&gt;&lt;/tr&gt;
&lt;tr&gt;&lt;td&gt;Altitude: 13229.767 ft&lt;/td&gt;&lt;/tr&gt;
&lt;tr&gt;&lt;td&gt;Speed: 3.0 mph&lt;/td&gt;&lt;/tr&gt;
&lt;tr&gt;&lt;td&gt;Heading: 45.3&lt;/td&gt;&lt;/tr&gt;
&lt;tr&gt;&lt;td&gt;Time: 2021-02-19T19:35:45Z&lt;/td&gt;&lt;/tr&gt;
&lt;/table&gt;
</description>
        <LookAt>
          <longitude>-71.856304</longitude>
          <latitude>-13.397028</latitude>
          <tilt>66</tilt>
        </LookAt>
        <TimeStamp>
          <when>2021-02-19T19:35:45Z</when>
        </TimeStamp>
        <styleUrl>#track</styleUrl>
        <Point>
          <coordinates>-71.856304,-13.397028,4032.43</coordinates>
        </Point>
      </Placemark>
      <Placemark>
        <name>Apu Linli hike - Wikiloc-874</name>
        <snippet></snippet>
        <description>
&lt;table&gt;
&lt;tr&gt;&lt;td&gt;Longitude: -71.856245&lt;/td&gt;&lt;/tr&gt;
&lt;tr&gt;&lt;td&gt;Latitude: -13.397000&lt;/td&gt;&lt;/tr&gt;
&lt;tr&gt;&lt;td&gt;Altitude: 13228.182 ft&lt;/td&gt;&lt;/tr&gt;
&lt;tr&gt;&lt;td&gt;Speed: 2.7 mph&lt;/td&gt;&lt;/tr&gt;
&lt;tr&gt;&lt;td&gt;Heading: 64.0&lt;/td&gt;&lt;/tr&gt;
&lt;tr&gt;&lt;td&gt;Time: 2021-02-19T19:35:51Z&lt;/td&gt;&lt;/tr&gt;
&lt;/table&gt;
</description>
        <LookAt>
          <longitude>-71.856245</longitude>
          <latitude>-13.397</latitude>
          <tilt>66</tilt>
        </LookAt>
        <TimeStamp>
          <when>2021-02-19T19:35:51Z</when>
        </TimeStamp>
        <styleUrl>#track</styleUrl>
        <Point>
          <coordinates>-71.856245,-13.397000,4031.95</coordinates>
        </Point>
      </Placemark>
      <Placemark>
        <name>Apu Linli hike - Wikiloc-875</name>
        <snippet></snippet>
        <description>
&lt;table&gt;
&lt;tr&gt;&lt;td&gt;Longitude: -71.856200&lt;/td&gt;&lt;/tr&gt;
&lt;tr&gt;&lt;td&gt;Latitude: -13.396974&lt;/td&gt;&lt;/tr&gt;
&lt;tr&gt;&lt;td&gt;Altitude: 13226.542 ft&lt;/td&gt;&lt;/tr&gt;
&lt;tr&gt;&lt;td&gt;Speed: 3.2 mph&lt;/td&gt;&lt;/tr&gt;
&lt;tr&gt;&lt;td&gt;Heading: 59.3&lt;/td&gt;&lt;/tr&gt;
&lt;tr&gt;&lt;td&gt;Time: 2021-02-19T19:35:55Z&lt;/td&gt;&lt;/tr&gt;
&lt;/table&gt;
</description>
        <LookAt>
          <longitude>-71.8562</longitude>
          <latitude>-13.396974</latitude>
          <tilt>66</tilt>
        </LookAt>
        <TimeStamp>
          <when>2021-02-19T19:35:55Z</when>
        </TimeStamp>
        <styleUrl>#track</styleUrl>
        <Point>
          <coordinates>-71.856200,-13.396974,4031.45</coordinates>
        </Point>
      </Placemark>
      <Placemark>
        <name>Apu Linli hike - Wikiloc-876</name>
        <snippet></snippet>
        <description>
&lt;table&gt;
&lt;tr&gt;&lt;td&gt;Longitude: -71.856159&lt;/td&gt;&lt;/tr&gt;
&lt;tr&gt;&lt;td&gt;Latitude: -13.396950&lt;/td&gt;&lt;/tr&gt;
&lt;tr&gt;&lt;td&gt;Altitude: 13225.358 ft&lt;/td&gt;&lt;/tr&gt;
&lt;tr&gt;&lt;td&gt;Speed: 2.9 mph&lt;/td&gt;&lt;/tr&gt;
&lt;tr&gt;&lt;td&gt;Heading: 59.0&lt;/td&gt;&lt;/tr&gt;
&lt;tr&gt;&lt;td&gt;Time: 2021-02-19T19:35:59Z&lt;/td&gt;&lt;/tr&gt;
&lt;/table&gt;
</description>
        <LookAt>
          <longitude>-71.856159</longitude>
          <latitude>-13.39695</latitude>
          <tilt>66</tilt>
        </LookAt>
        <TimeStamp>
          <when>2021-02-19T19:35:59Z</when>
        </TimeStamp>
        <styleUrl>#track</styleUrl>
        <Point>
          <coordinates>-71.856159,-13.396950,4031.09</coordinates>
        </Point>
      </Placemark>
      <Placemark>
        <name>Apu Linli hike - Wikiloc-877</name>
        <snippet></snippet>
        <description>
&lt;table&gt;
&lt;tr&gt;&lt;td&gt;Longitude: -71.856106&lt;/td&gt;&lt;/tr&gt;
&lt;tr&gt;&lt;td&gt;Latitude: -13.396929&lt;/td&gt;&lt;/tr&gt;
&lt;tr&gt;&lt;td&gt;Altitude: 13223.773 ft&lt;/td&gt;&lt;/tr&gt;
&lt;tr&gt;&lt;td&gt;Speed: 3.5 mph&lt;/td&gt;&lt;/tr&gt;
&lt;tr&gt;&lt;td&gt;Heading: 67.8&lt;/td&gt;&lt;/tr&gt;
&lt;tr&gt;&lt;td&gt;Time: 2021-02-19T19:36:03Z&lt;/td&gt;&lt;/tr&gt;
&lt;/table&gt;
</description>
        <LookAt>
          <longitude>-71.856106</longitude>
          <latitude>-13.396929</latitude>
          <tilt>66</tilt>
        </LookAt>
        <TimeStamp>
          <when>2021-02-19T19:36:03Z</when>
        </TimeStamp>
        <styleUrl>#track</styleUrl>
        <Point>
          <coordinates>-71.856106,-13.396929,4030.61</coordinates>
        </Point>
      </Placemark>
      <Placemark>
        <name>Apu Linli hike - Wikiloc-878</name>
        <snippet></snippet>
        <description>
&lt;table&gt;
&lt;tr&gt;&lt;td&gt;Longitude: -71.856062&lt;/td&gt;&lt;/tr&gt;
&lt;tr&gt;&lt;td&gt;Latitude: -13.396905&lt;/td&gt;&lt;/tr&gt;
&lt;tr&gt;&lt;td&gt;Altitude: 13222.854 ft&lt;/td&gt;&lt;/tr&gt;
&lt;tr&gt;&lt;td&gt;Speed: 3.1 mph&lt;/td&gt;&lt;/tr&gt;
&lt;tr&gt;&lt;td&gt;Heading: 60.7&lt;/td&gt;&lt;/tr&gt;
&lt;tr&gt;&lt;td&gt;Time: 2021-02-19T19:36:07Z&lt;/td&gt;&lt;/tr&gt;
&lt;/table&gt;
</description>
        <LookAt>
          <longitude>-71.856062</longitude>
          <latitude>-13.396905</latitude>
          <tilt>66</tilt>
        </LookAt>
        <TimeStamp>
          <when>2021-02-19T19:36:07Z</when>
        </TimeStamp>
        <styleUrl>#track</styleUrl>
        <Point>
          <coordinates>-71.856062,-13.396905,4030.33</coordinates>
        </Point>
      </Placemark>
      <Placemark>
        <name>Apu Linli hike - Wikiloc-879</name>
        <snippet></snippet>
        <description>
&lt;table&gt;
&lt;tr&gt;&lt;td&gt;Longitude: -71.856018&lt;/td&gt;&lt;/tr&gt;
&lt;tr&gt;&lt;td&gt;Latitude: -13.396881&lt;/td&gt;&lt;/tr&gt;
&lt;tr&gt;&lt;td&gt;Altitude: 13223.451 ft&lt;/td&gt;&lt;/tr&gt;
&lt;tr&gt;&lt;td&gt;Speed: 3.1 mph&lt;/td&gt;&lt;/tr&gt;
&lt;tr&gt;&lt;td&gt;Heading: 60.7&lt;/td&gt;&lt;/tr&gt;
&lt;tr&gt;&lt;td&gt;Time: 2021-02-19T19:36:11Z&lt;/td&gt;&lt;/tr&gt;
&lt;/table&gt;
</description>
        <LookAt>
          <longitude>-71.856018</longitude>
          <latitude>-13.396881</latitude>
          <tilt>66</tilt>
        </LookAt>
        <TimeStamp>
          <when>2021-02-19T19:36:11Z</when>
        </TimeStamp>
        <styleUrl>#track</styleUrl>
        <Point>
          <coordinates>-71.856018,-13.396881,4030.51</coordinates>
        </Point>
      </Placemark>
      <Placemark>
        <name>Apu Linli hike - Wikiloc-880</name>
        <snippet></snippet>
        <description>
&lt;table&gt;
&lt;tr&gt;&lt;td&gt;Longitude: -71.855973&lt;/td&gt;&lt;/tr&gt;
&lt;tr&gt;&lt;td&gt;Latitude: -13.396846&lt;/td&gt;&lt;/tr&gt;
&lt;tr&gt;&lt;td&gt;Altitude: 13222.323 ft&lt;/td&gt;&lt;/tr&gt;
&lt;tr&gt;&lt;td&gt;Speed: 3.5 mph&lt;/td&gt;&lt;/tr&gt;
&lt;tr&gt;&lt;td&gt;Heading: 51.4&lt;/td&gt;&lt;/tr&gt;
&lt;tr&gt;&lt;td&gt;Time: 2021-02-19T19:36:15Z&lt;/td&gt;&lt;/tr&gt;
&lt;/table&gt;
</description>
        <LookAt>
          <longitude>-71.855973</longitude>
          <latitude>-13.396846</latitude>
          <tilt>66</tilt>
        </LookAt>
        <TimeStamp>
          <when>2021-02-19T19:36:15Z</when>
        </TimeStamp>
        <styleUrl>#track</styleUrl>
        <Point>
          <coordinates>-71.855973,-13.396846,4030.16</coordinates>
        </Point>
      </Placemark>
      <Placemark>
        <name>Apu Linli hike - Wikiloc-881</name>
        <snippet></snippet>
        <description>
&lt;table&gt;
&lt;tr&gt;&lt;td&gt;Longitude: -71.855928&lt;/td&gt;&lt;/tr&gt;
&lt;tr&gt;&lt;td&gt;Latitude: -13.396807&lt;/td&gt;&lt;/tr&gt;
&lt;tr&gt;&lt;td&gt;Altitude: 13219.764 ft&lt;/td&gt;&lt;/tr&gt;
&lt;tr&gt;&lt;td&gt;Speed: 3.6 mph&lt;/td&gt;&lt;/tr&gt;
&lt;tr&gt;&lt;td&gt;Heading: 48.3&lt;/td&gt;&lt;/tr&gt;
&lt;tr&gt;&lt;td&gt;Time: 2021-02-19T19:36:19Z&lt;/td&gt;&lt;/tr&gt;
&lt;/table&gt;
</description>
        <LookAt>
          <longitude>-71.855928</longitude>
          <latitude>-13.396807</latitude>
          <tilt>66</tilt>
        </LookAt>
        <TimeStamp>
          <when>2021-02-19T19:36:19Z</when>
        </TimeStamp>
        <styleUrl>#track</styleUrl>
        <Point>
          <coordinates>-71.855928,-13.396807,4029.38</coordinates>
        </Point>
      </Placemark>
      <Placemark>
        <name>Apu Linli hike - Wikiloc-882</name>
        <snippet></snippet>
        <description>
&lt;table&gt;
&lt;tr&gt;&lt;td&gt;Longitude: -71.855895&lt;/td&gt;&lt;/tr&gt;
&lt;tr&gt;&lt;td&gt;Latitude: -13.396766&lt;/td&gt;&lt;/tr&gt;
&lt;tr&gt;&lt;td&gt;Altitude: 13219.124 ft&lt;/td&gt;&lt;/tr&gt;
&lt;tr&gt;&lt;td&gt;Speed: 3.2 mph&lt;/td&gt;&lt;/tr&gt;
&lt;tr&gt;&lt;td&gt;Heading: 38.1&lt;/td&gt;&lt;/tr&gt;
&lt;tr&gt;&lt;td&gt;Time: 2021-02-19T19:36:23Z&lt;/td&gt;&lt;/tr&gt;
&lt;/table&gt;
</description>
        <LookAt>
          <longitude>-71.855895</longitude>
          <latitude>-13.396766</latitude>
          <tilt>66</tilt>
        </LookAt>
        <TimeStamp>
          <when>2021-02-19T19:36:23Z</when>
        </TimeStamp>
        <styleUrl>#track</styleUrl>
        <Point>
          <coordinates>-71.855895,-13.396766,4029.19</coordinates>
        </Point>
      </Placemark>
      <Placemark>
        <name>Apu Linli hike - Wikiloc-883</name>
        <snippet></snippet>
        <description>
&lt;table&gt;
&lt;tr&gt;&lt;td&gt;Longitude: -71.855855&lt;/td&gt;&lt;/tr&gt;
&lt;tr&gt;&lt;td&gt;Latitude: -13.396728&lt;/td&gt;&lt;/tr&gt;
&lt;tr&gt;&lt;td&gt;Altitude: 13218.829 ft&lt;/td&gt;&lt;/tr&gt;
&lt;tr&gt;&lt;td&gt;Speed: 3.4 mph&lt;/td&gt;&lt;/tr&gt;
&lt;tr&gt;&lt;td&gt;Heading: 45.7&lt;/td&gt;&lt;/tr&gt;
&lt;tr&gt;&lt;td&gt;Time: 2021-02-19T19:36:27Z&lt;/td&gt;&lt;/tr&gt;
&lt;/table&gt;
</description>
        <LookAt>
          <longitude>-71.855855</longitude>
          <latitude>-13.396728</latitude>
          <tilt>66</tilt>
        </LookAt>
        <TimeStamp>
          <when>2021-02-19T19:36:27Z</when>
        </TimeStamp>
        <styleUrl>#track</styleUrl>
        <Point>
          <coordinates>-71.855855,-13.396728,4029.10</coordinates>
        </Point>
      </Placemark>
      <Placemark>
        <name>Apu Linli hike - Wikiloc-884</name>
        <snippet></snippet>
        <description>
&lt;table&gt;
&lt;tr&gt;&lt;td&gt;Longitude: -71.855832&lt;/td&gt;&lt;/tr&gt;
&lt;tr&gt;&lt;td&gt;Latitude: -13.396681&lt;/td&gt;&lt;/tr&gt;
&lt;tr&gt;&lt;td&gt;Altitude: 13216.939 ft&lt;/td&gt;&lt;/tr&gt;
&lt;tr&gt;&lt;td&gt;Speed: 3.2 mph&lt;/td&gt;&lt;/tr&gt;
&lt;tr&gt;&lt;td&gt;Heading: 25.5&lt;/td&gt;&lt;/tr&gt;
&lt;tr&gt;&lt;td&gt;Time: 2021-02-19T19:36:31Z&lt;/td&gt;&lt;/tr&gt;
&lt;/table&gt;
</description>
        <LookAt>
          <longitude>-71.855832</longitude>
          <latitude>-13.396681</latitude>
          <tilt>66</tilt>
        </LookAt>
        <TimeStamp>
          <when>2021-02-19T19:36:31Z</when>
        </TimeStamp>
        <styleUrl>#track</styleUrl>
        <Point>
          <coordinates>-71.855832,-13.396681,4028.52</coordinates>
        </Point>
      </Placemark>
      <Placemark>
        <name>Apu Linli hike - Wikiloc-885</name>
        <snippet></snippet>
        <description>
&lt;table&gt;
&lt;tr&gt;&lt;td&gt;Longitude: -71.855735&lt;/td&gt;&lt;/tr&gt;
&lt;tr&gt;&lt;td&gt;Latitude: -13.396626&lt;/td&gt;&lt;/tr&gt;
&lt;tr&gt;&lt;td&gt;Altitude: 13216.598 ft&lt;/td&gt;&lt;/tr&gt;
&lt;tr&gt;&lt;td&gt;Speed: 3.9 mph&lt;/td&gt;&lt;/tr&gt;
&lt;tr&gt;&lt;td&gt;Heading: 59.8&lt;/td&gt;&lt;/tr&gt;
&lt;tr&gt;&lt;td&gt;Time: 2021-02-19T19:36:38Z&lt;/td&gt;&lt;/tr&gt;
&lt;/table&gt;
</description>
        <LookAt>
          <longitude>-71.855735</longitude>
          <latitude>-13.396626</latitude>
          <tilt>66</tilt>
        </LookAt>
        <TimeStamp>
          <when>2021-02-19T19:36:38Z</when>
        </TimeStamp>
        <styleUrl>#track</styleUrl>
        <Point>
          <coordinates>-71.855735,-13.396626,4028.42</coordinates>
        </Point>
      </Placemark>
      <Placemark>
        <name>Apu Linli hike - Wikiloc-886</name>
        <snippet></snippet>
        <description>
&lt;table&gt;
&lt;tr&gt;&lt;td&gt;Longitude: -71.855699&lt;/td&gt;&lt;/tr&gt;
&lt;tr&gt;&lt;td&gt;Latitude: -13.396590&lt;/td&gt;&lt;/tr&gt;
&lt;tr&gt;&lt;td&gt;Altitude: 13216.686 ft&lt;/td&gt;&lt;/tr&gt;
&lt;tr&gt;&lt;td&gt;Speed: 3.1 mph&lt;/td&gt;&lt;/tr&gt;
&lt;tr&gt;&lt;td&gt;Heading: 44.2&lt;/td&gt;&lt;/tr&gt;
&lt;tr&gt;&lt;td&gt;Time: 2021-02-19T19:36:42Z&lt;/td&gt;&lt;/tr&gt;
&lt;/table&gt;
</description>
        <LookAt>
          <longitude>-71.855699</longitude>
          <latitude>-13.39659</latitude>
          <tilt>66</tilt>
        </LookAt>
        <TimeStamp>
          <when>2021-02-19T19:36:42Z</when>
        </TimeStamp>
        <styleUrl>#track</styleUrl>
        <Point>
          <coordinates>-71.855699,-13.396590,4028.45</coordinates>
        </Point>
      </Placemark>
      <Placemark>
        <name>Apu Linli hike - Wikiloc-887</name>
        <snippet></snippet>
        <description>
&lt;table&gt;
&lt;tr&gt;&lt;td&gt;Longitude: -71.855658&lt;/td&gt;&lt;/tr&gt;
&lt;tr&gt;&lt;td&gt;Latitude: -13.396528&lt;/td&gt;&lt;/tr&gt;
&lt;tr&gt;&lt;td&gt;Altitude: 13216.063 ft&lt;/td&gt;&lt;/tr&gt;
&lt;tr&gt;&lt;td&gt;Speed: 3.1 mph&lt;/td&gt;&lt;/tr&gt;
&lt;tr&gt;&lt;td&gt;Heading: 32.8&lt;/td&gt;&lt;/tr&gt;
&lt;tr&gt;&lt;td&gt;Time: 2021-02-19T19:36:48Z&lt;/td&gt;&lt;/tr&gt;
&lt;/table&gt;
</description>
        <LookAt>
          <longitude>-71.855658</longitude>
          <latitude>-13.396528</latitude>
          <tilt>66</tilt>
        </LookAt>
        <TimeStamp>
          <when>2021-02-19T19:36:48Z</when>
        </TimeStamp>
        <styleUrl>#track</styleUrl>
        <Point>
          <coordinates>-71.855658,-13.396528,4028.26</coordinates>
        </Point>
      </Placemark>
      <Placemark>
        <name>Apu Linli hike - Wikiloc-888</name>
        <snippet></snippet>
        <description>
&lt;table&gt;
&lt;tr&gt;&lt;td&gt;Longitude: -71.855566&lt;/td&gt;&lt;/tr&gt;
&lt;tr&gt;&lt;td&gt;Latitude: -13.396492&lt;/td&gt;&lt;/tr&gt;
&lt;tr&gt;&lt;td&gt;Altitude: 13212.142 ft&lt;/td&gt;&lt;/tr&gt;
&lt;tr&gt;&lt;td&gt;Speed: 3.4 mph&lt;/td&gt;&lt;/tr&gt;
&lt;tr&gt;&lt;td&gt;Heading: 68.1&lt;/td&gt;&lt;/tr&gt;
&lt;tr&gt;&lt;td&gt;Time: 2021-02-19T19:36:55Z&lt;/td&gt;&lt;/tr&gt;
&lt;/table&gt;
</description>
        <LookAt>
          <longitude>-71.855566</longitude>
          <latitude>-13.396492</latitude>
          <tilt>66</tilt>
        </LookAt>
        <TimeStamp>
          <when>2021-02-19T19:36:55Z</when>
        </TimeStamp>
        <styleUrl>#track</styleUrl>
        <Point>
          <coordinates>-71.855566,-13.396492,4027.06</coordinates>
        </Point>
      </Placemark>
      <Placemark>
        <name>Apu Linli hike - Wikiloc-889</name>
        <snippet></snippet>
        <description>
&lt;table&gt;
&lt;tr&gt;&lt;td&gt;Longitude: -71.855518&lt;/td&gt;&lt;/tr&gt;
&lt;tr&gt;&lt;td&gt;Latitude: -13.396462&lt;/td&gt;&lt;/tr&gt;
&lt;tr&gt;&lt;td&gt;Altitude: 13206.762 ft&lt;/td&gt;&lt;/tr&gt;
&lt;tr&gt;&lt;td&gt;Speed: 3.5 mph&lt;/td&gt;&lt;/tr&gt;
&lt;tr&gt;&lt;td&gt;Heading: 57.3&lt;/td&gt;&lt;/tr&gt;
&lt;tr&gt;&lt;td&gt;Time: 2021-02-19T19:36:59Z&lt;/td&gt;&lt;/tr&gt;
&lt;/table&gt;
</description>
        <LookAt>
          <longitude>-71.855518</longitude>
          <latitude>-13.396462</latitude>
          <tilt>66</tilt>
        </LookAt>
        <TimeStamp>
          <when>2021-02-19T19:36:59Z</when>
        </TimeStamp>
        <styleUrl>#track</styleUrl>
        <Point>
          <coordinates>-71.855518,-13.396462,4025.42</coordinates>
        </Point>
      </Placemark>
      <Placemark>
        <name>Apu Linli hike - Wikiloc-890</name>
        <snippet></snippet>
        <description>
&lt;table&gt;
&lt;tr&gt;&lt;td&gt;Longitude: -71.855468&lt;/td&gt;&lt;/tr&gt;
&lt;tr&gt;&lt;td&gt;Latitude: -13.396426&lt;/td&gt;&lt;/tr&gt;
&lt;tr&gt;&lt;td&gt;Altitude: 13202.799 ft&lt;/td&gt;&lt;/tr&gt;
&lt;tr&gt;&lt;td&gt;Speed: 3.8 mph&lt;/td&gt;&lt;/tr&gt;
&lt;tr&gt;&lt;td&gt;Heading: 53.5&lt;/td&gt;&lt;/tr&gt;
&lt;tr&gt;&lt;td&gt;Time: 2021-02-19T19:37:03Z&lt;/td&gt;&lt;/tr&gt;
&lt;/table&gt;
</description>
        <LookAt>
          <longitude>-71.855468</longitude>
          <latitude>-13.396426</latitude>
          <tilt>66</tilt>
        </LookAt>
        <TimeStamp>
          <when>2021-02-19T19:37:03Z</when>
        </TimeStamp>
        <styleUrl>#track</styleUrl>
        <Point>
          <coordinates>-71.855468,-13.396426,4024.21</coordinates>
        </Point>
      </Placemark>
      <Placemark>
        <name>Apu Linli hike - Wikiloc-891</name>
        <snippet></snippet>
        <description>
&lt;table&gt;
&lt;tr&gt;&lt;td&gt;Longitude: -71.855427&lt;/td&gt;&lt;/tr&gt;
&lt;tr&gt;&lt;td&gt;Latitude: -13.396403&lt;/td&gt;&lt;/tr&gt;
&lt;tr&gt;&lt;td&gt;Altitude: 13199.173 ft&lt;/td&gt;&lt;/tr&gt;
&lt;tr&gt;&lt;td&gt;Speed: 1.0 mph&lt;/td&gt;&lt;/tr&gt;
&lt;tr&gt;&lt;td&gt;Heading: 60.0&lt;/td&gt;&lt;/tr&gt;
&lt;tr&gt;&lt;td&gt;Time: 2021-02-19T19:37:15Z&lt;/td&gt;&lt;/tr&gt;
&lt;/table&gt;
</description>
        <LookAt>
          <longitude>-71.855427</longitude>
          <latitude>-13.396403</latitude>
          <tilt>66</tilt>
        </LookAt>
        <TimeStamp>
          <when>2021-02-19T19:37:15Z</when>
        </TimeStamp>
        <styleUrl>#track</styleUrl>
        <Point>
          <coordinates>-71.855427,-13.396403,4023.11</coordinates>
        </Point>
      </Placemark>
      <Placemark>
        <name>Apu Linli hike - Wikiloc-892</name>
        <snippet></snippet>
        <description>
&lt;table&gt;
&lt;tr&gt;&lt;td&gt;Longitude: -71.855393&lt;/td&gt;&lt;/tr&gt;
&lt;tr&gt;&lt;td&gt;Latitude: -13.396371&lt;/td&gt;&lt;/tr&gt;
&lt;tr&gt;&lt;td&gt;Altitude: 13197.448 ft&lt;/td&gt;&lt;/tr&gt;
&lt;tr&gt;&lt;td&gt;Speed: 2.9 mph&lt;/td&gt;&lt;/tr&gt;
&lt;tr&gt;&lt;td&gt;Heading: 45.9&lt;/td&gt;&lt;/tr&gt;
&lt;tr&gt;&lt;td&gt;Time: 2021-02-19T19:37:19Z&lt;/td&gt;&lt;/tr&gt;
&lt;/table&gt;
</description>
        <LookAt>
          <longitude>-71.855393</longitude>
          <latitude>-13.396371</latitude>
          <tilt>66</tilt>
        </LookAt>
        <TimeStamp>
          <when>2021-02-19T19:37:19Z</when>
        </TimeStamp>
        <styleUrl>#track</styleUrl>
        <Point>
          <coordinates>-71.855393,-13.396371,4022.58</coordinates>
        </Point>
      </Placemark>
      <Placemark>
        <name>Apu Linli hike - Wikiloc-893</name>
        <snippet></snippet>
        <description>
&lt;table&gt;
&lt;tr&gt;&lt;td&gt;Longitude: -71.855344&lt;/td&gt;&lt;/tr&gt;
&lt;tr&gt;&lt;td&gt;Latitude: -13.396297&lt;/td&gt;&lt;/tr&gt;
&lt;tr&gt;&lt;td&gt;Altitude: 13195.085 ft&lt;/td&gt;&lt;/tr&gt;
&lt;tr&gt;&lt;td&gt;Speed: 2.7 mph&lt;/td&gt;&lt;/tr&gt;
&lt;tr&gt;&lt;td&gt;Heading: 32.8&lt;/td&gt;&lt;/tr&gt;
&lt;tr&gt;&lt;td&gt;Time: 2021-02-19T19:37:27Z&lt;/td&gt;&lt;/tr&gt;
&lt;/table&gt;
</description>
        <LookAt>
          <longitude>-71.855344</longitude>
          <latitude>-13.396297</latitude>
          <tilt>66</tilt>
        </LookAt>
        <TimeStamp>
          <when>2021-02-19T19:37:27Z</when>
        </TimeStamp>
        <styleUrl>#track</styleUrl>
        <Point>
          <coordinates>-71.855344,-13.396297,4021.86</coordinates>
        </Point>
      </Placemark>
      <Placemark>
        <name>Apu Linli hike - Wikiloc-894</name>
        <snippet></snippet>
        <description>
&lt;table&gt;
&lt;tr&gt;&lt;td&gt;Longitude: -71.855308&lt;/td&gt;&lt;/tr&gt;
&lt;tr&gt;&lt;td&gt;Latitude: -13.396263&lt;/td&gt;&lt;/tr&gt;
&lt;tr&gt;&lt;td&gt;Altitude: 13193.068 ft&lt;/td&gt;&lt;/tr&gt;
&lt;tr&gt;&lt;td&gt;Speed: 3.0 mph&lt;/td&gt;&lt;/tr&gt;
&lt;tr&gt;&lt;td&gt;Heading: 45.8&lt;/td&gt;&lt;/tr&gt;
&lt;tr&gt;&lt;td&gt;Time: 2021-02-19T19:37:31Z&lt;/td&gt;&lt;/tr&gt;
&lt;/table&gt;
</description>
        <LookAt>
          <longitude>-71.855308</longitude>
          <latitude>-13.396263</latitude>
          <tilt>66</tilt>
        </LookAt>
        <TimeStamp>
          <when>2021-02-19T19:37:31Z</when>
        </TimeStamp>
        <styleUrl>#track</styleUrl>
        <Point>
          <coordinates>-71.855308,-13.396263,4021.25</coordinates>
        </Point>
      </Placemark>
      <Placemark>
        <name>Apu Linli hike - Wikiloc-895</name>
        <snippet></snippet>
        <description>
&lt;table&gt;
&lt;tr&gt;&lt;td&gt;Longitude: -71.855227&lt;/td&gt;&lt;/tr&gt;
&lt;tr&gt;&lt;td&gt;Latitude: -13.396217&lt;/td&gt;&lt;/tr&gt;
&lt;tr&gt;&lt;td&gt;Altitude: 13190.443 ft&lt;/td&gt;&lt;/tr&gt;
&lt;tr&gt;&lt;td&gt;Speed: 2.8 mph&lt;/td&gt;&lt;/tr&gt;
&lt;tr&gt;&lt;td&gt;Heading: 59.7&lt;/td&gt;&lt;/tr&gt;
&lt;tr&gt;&lt;td&gt;Time: 2021-02-19T19:37:39Z&lt;/td&gt;&lt;/tr&gt;
&lt;/table&gt;
</description>
        <LookAt>
          <longitude>-71.855227</longitude>
          <latitude>-13.396217</latitude>
          <tilt>66</tilt>
        </LookAt>
        <TimeStamp>
          <when>2021-02-19T19:37:39Z</when>
        </TimeStamp>
        <styleUrl>#track</styleUrl>
        <Point>
          <coordinates>-71.855227,-13.396217,4020.45</coordinates>
        </Point>
      </Placemark>
      <Placemark>
        <name>Apu Linli hike - Wikiloc-896</name>
        <snippet></snippet>
        <description>
&lt;table&gt;
&lt;tr&gt;&lt;td&gt;Longitude: -71.855180&lt;/td&gt;&lt;/tr&gt;
&lt;tr&gt;&lt;td&gt;Latitude: -13.396203&lt;/td&gt;&lt;/tr&gt;
&lt;tr&gt;&lt;td&gt;Altitude: 13188.488 ft&lt;/td&gt;&lt;/tr&gt;
&lt;tr&gt;&lt;td&gt;Speed: 3.0 mph&lt;/td&gt;&lt;/tr&gt;
&lt;tr&gt;&lt;td&gt;Heading: 73.0&lt;/td&gt;&lt;/tr&gt;
&lt;tr&gt;&lt;td&gt;Time: 2021-02-19T19:37:43Z&lt;/td&gt;&lt;/tr&gt;
&lt;/table&gt;
</description>
        <LookAt>
          <longitude>-71.85518</longitude>
          <latitude>-13.396203</latitude>
          <tilt>66</tilt>
        </LookAt>
        <TimeStamp>
          <when>2021-02-19T19:37:43Z</when>
        </TimeStamp>
        <styleUrl>#track</styleUrl>
        <Point>
          <coordinates>-71.855180,-13.396203,4019.85</coordinates>
        </Point>
      </Placemark>
      <Placemark>
        <name>Apu Linli hike - Wikiloc-897</name>
        <snippet></snippet>
        <description>
&lt;table&gt;
&lt;tr&gt;&lt;td&gt;Longitude: -71.855128&lt;/td&gt;&lt;/tr&gt;
&lt;tr&gt;&lt;td&gt;Latitude: -13.396204&lt;/td&gt;&lt;/tr&gt;
&lt;tr&gt;&lt;td&gt;Altitude: 13185.981 ft&lt;/td&gt;&lt;/tr&gt;
&lt;tr&gt;&lt;td&gt;Speed: 3.1 mph&lt;/td&gt;&lt;/tr&gt;
&lt;tr&gt;&lt;td&gt;Heading: 91.1&lt;/td&gt;&lt;/tr&gt;
&lt;tr&gt;&lt;td&gt;Time: 2021-02-19T19:37:47Z&lt;/td&gt;&lt;/tr&gt;
&lt;/table&gt;
</description>
        <LookAt>
          <longitude>-71.855128</longitude>
          <latitude>-13.396204</latitude>
          <tilt>66</tilt>
        </LookAt>
        <TimeStamp>
          <when>2021-02-19T19:37:47Z</when>
        </TimeStamp>
        <styleUrl>#track</styleUrl>
        <Point>
          <coordinates>-71.855128,-13.396204,4019.09</coordinates>
        </Point>
      </Placemark>
      <Placemark>
        <name>Apu Linli hike - Wikiloc-898</name>
        <snippet></snippet>
        <description>
&lt;table&gt;
&lt;tr&gt;&lt;td&gt;Longitude: -71.855065&lt;/td&gt;&lt;/tr&gt;
&lt;tr&gt;&lt;td&gt;Latitude: -13.396193&lt;/td&gt;&lt;/tr&gt;
&lt;tr&gt;&lt;td&gt;Altitude: 13185.577 ft&lt;/td&gt;&lt;/tr&gt;
&lt;tr&gt;&lt;td&gt;Speed: 3.9 mph&lt;/td&gt;&lt;/tr&gt;
&lt;tr&gt;&lt;td&gt;Heading: 79.8&lt;/td&gt;&lt;/tr&gt;
&lt;tr&gt;&lt;td&gt;Time: 2021-02-19T19:37:51Z&lt;/td&gt;&lt;/tr&gt;
&lt;/table&gt;
</description>
        <LookAt>
          <longitude>-71.855065</longitude>
          <latitude>-13.396193</latitude>
          <tilt>66</tilt>
        </LookAt>
        <TimeStamp>
          <when>2021-02-19T19:37:51Z</when>
        </TimeStamp>
        <styleUrl>#track</styleUrl>
        <Point>
          <coordinates>-71.855065,-13.396193,4018.96</coordinates>
        </Point>
      </Placemark>
      <Placemark>
        <name>Apu Linli hike - Wikiloc-899</name>
        <snippet></snippet>
        <description>
&lt;table&gt;
&lt;tr&gt;&lt;td&gt;Longitude: -71.855014&lt;/td&gt;&lt;/tr&gt;
&lt;tr&gt;&lt;td&gt;Latitude: -13.396169&lt;/td&gt;&lt;/tr&gt;
&lt;tr&gt;&lt;td&gt;Altitude: 13182.789 ft&lt;/td&gt;&lt;/tr&gt;
&lt;tr&gt;&lt;td&gt;Speed: 3.4 mph&lt;/td&gt;&lt;/tr&gt;
&lt;tr&gt;&lt;td&gt;Heading: 64.2&lt;/td&gt;&lt;/tr&gt;
&lt;tr&gt;&lt;td&gt;Time: 2021-02-19T19:37:55Z&lt;/td&gt;&lt;/tr&gt;
&lt;/table&gt;
</description>
        <LookAt>
          <longitude>-71.855014</longitude>
          <latitude>-13.396169</latitude>
          <tilt>66</tilt>
        </LookAt>
        <TimeStamp>
          <when>2021-02-19T19:37:55Z</when>
        </TimeStamp>
        <styleUrl>#track</styleUrl>
        <Point>
          <coordinates>-71.855014,-13.396169,4018.11</coordinates>
        </Point>
      </Placemark>
      <Placemark>
        <name>Apu Linli hike - Wikiloc-900</name>
        <snippet></snippet>
        <description>
&lt;table&gt;
&lt;tr&gt;&lt;td&gt;Longitude: -71.854967&lt;/td&gt;&lt;/tr&gt;
&lt;tr&gt;&lt;td&gt;Latitude: -13.396136&lt;/td&gt;&lt;/tr&gt;
&lt;tr&gt;&lt;td&gt;Altitude: 13181.302 ft&lt;/td&gt;&lt;/tr&gt;
&lt;tr&gt;&lt;td&gt;Speed: 2.8 mph&lt;/td&gt;&lt;/tr&gt;
&lt;tr&gt;&lt;td&gt;Heading: 54.2&lt;/td&gt;&lt;/tr&gt;
&lt;tr&gt;&lt;td&gt;Time: 2021-02-19T19:38:00Z&lt;/td&gt;&lt;/tr&gt;
&lt;/table&gt;
</description>
        <LookAt>
          <longitude>-71.854967</longitude>
          <latitude>-13.396136</latitude>
          <tilt>66</tilt>
        </LookAt>
        <TimeStamp>
          <when>2021-02-19T19:38:00Z</when>
        </TimeStamp>
        <styleUrl>#track</styleUrl>
        <Point>
          <coordinates>-71.854967,-13.396136,4017.66</coordinates>
        </Point>
      </Placemark>
      <Placemark>
        <name>Apu Linli hike - Wikiloc-901</name>
        <snippet></snippet>
        <description>
&lt;table&gt;
&lt;tr&gt;&lt;td&gt;Longitude: -71.854914&lt;/td&gt;&lt;/tr&gt;
&lt;tr&gt;&lt;td&gt;Latitude: -13.396137&lt;/td&gt;&lt;/tr&gt;
&lt;tr&gt;&lt;td&gt;Altitude: 13172.641 ft&lt;/td&gt;&lt;/tr&gt;
&lt;tr&gt;&lt;td&gt;Speed: 0.0 mph&lt;/td&gt;&lt;/tr&gt;
&lt;tr&gt;&lt;td&gt;Heading: 91.1&lt;/td&gt;&lt;/tr&gt;
&lt;tr&gt;&lt;td&gt;Time: 2021-02-19T19:43:02Z&lt;/td&gt;&lt;/tr&gt;
&lt;/table&gt;
</description>
        <LookAt>
          <longitude>-71.854914</longitude>
          <latitude>-13.396137</latitude>
          <tilt>66</tilt>
        </LookAt>
        <TimeStamp>
          <when>2021-02-19T19:43:02Z</when>
        </TimeStamp>
        <styleUrl>#track</styleUrl>
        <Point>
          <coordinates>-71.854914,-13.396137,4015.02</coordinates>
        </Point>
      </Placemark>
      <Placemark>
        <name>Apu Linli hike - Wikiloc-902</name>
        <snippet></snippet>
        <description>
&lt;table&gt;
&lt;tr&gt;&lt;td&gt;Longitude: -71.854820&lt;/td&gt;&lt;/tr&gt;
&lt;tr&gt;&lt;td&gt;Latitude: -13.396215&lt;/td&gt;&lt;/tr&gt;
&lt;tr&gt;&lt;td&gt;Altitude: 13159.491 ft&lt;/td&gt;&lt;/tr&gt;
&lt;tr&gt;&lt;td&gt;Speed: 3.7 mph&lt;/td&gt;&lt;/tr&gt;
&lt;tr&gt;&lt;td&gt;Heading: 130.5&lt;/td&gt;&lt;/tr&gt;
&lt;tr&gt;&lt;td&gt;Time: 2021-02-19T19:43:10Z&lt;/td&gt;&lt;/tr&gt;
&lt;/table&gt;
</description>
        <LookAt>
          <longitude>-71.85482</longitude>
          <latitude>-13.396215</latitude>
          <tilt>66</tilt>
        </LookAt>
        <TimeStamp>
          <when>2021-02-19T19:43:10Z</when>
        </TimeStamp>
        <styleUrl>#track</styleUrl>
        <Point>
          <coordinates>-71.854820,-13.396215,4011.01</coordinates>
        </Point>
      </Placemark>
      <Placemark>
        <name>Apu Linli hike - Wikiloc-903</name>
        <snippet></snippet>
        <description>
&lt;table&gt;
&lt;tr&gt;&lt;td&gt;Longitude: -71.854705&lt;/td&gt;&lt;/tr&gt;
&lt;tr&gt;&lt;td&gt;Latitude: -13.396281&lt;/td&gt;&lt;/tr&gt;
&lt;tr&gt;&lt;td&gt;Altitude: 13146.352 ft&lt;/td&gt;&lt;/tr&gt;
&lt;tr&gt;&lt;td&gt;Speed: 4.0 mph&lt;/td&gt;&lt;/tr&gt;
&lt;tr&gt;&lt;td&gt;Heading: 120.5&lt;/td&gt;&lt;/tr&gt;
&lt;tr&gt;&lt;td&gt;Time: 2021-02-19T19:43:18Z&lt;/td&gt;&lt;/tr&gt;
&lt;/table&gt;
</description>
        <LookAt>
          <longitude>-71.854705</longitude>
          <latitude>-13.396281</latitude>
          <tilt>66</tilt>
        </LookAt>
        <TimeStamp>
          <when>2021-02-19T19:43:18Z</when>
        </TimeStamp>
        <styleUrl>#track</styleUrl>
        <Point>
          <coordinates>-71.854705,-13.396281,4007.01</coordinates>
        </Point>
      </Placemark>
      <Placemark>
        <name>Apu Linli hike - Wikiloc-904</name>
        <snippet></snippet>
        <description>
&lt;table&gt;
&lt;tr&gt;&lt;td&gt;Longitude: -71.854613&lt;/td&gt;&lt;/tr&gt;
&lt;tr&gt;&lt;td&gt;Latitude: -13.396322&lt;/td&gt;&lt;/tr&gt;
&lt;tr&gt;&lt;td&gt;Altitude: 13133.602 ft&lt;/td&gt;&lt;/tr&gt;
&lt;tr&gt;&lt;td&gt;Speed: 3.1 mph&lt;/td&gt;&lt;/tr&gt;
&lt;tr&gt;&lt;td&gt;Heading: 114.6&lt;/td&gt;&lt;/tr&gt;
&lt;tr&gt;&lt;td&gt;Time: 2021-02-19T19:43:26Z&lt;/td&gt;&lt;/tr&gt;
&lt;/table&gt;
</description>
        <LookAt>
          <longitude>-71.854613</longitude>
          <latitude>-13.396322</latitude>
          <tilt>66</tilt>
        </LookAt>
        <TimeStamp>
          <when>2021-02-19T19:43:26Z</when>
        </TimeStamp>
        <styleUrl>#track</styleUrl>
        <Point>
          <coordinates>-71.854613,-13.396322,4003.12</coordinates>
        </Point>
      </Placemark>
      <Placemark>
        <name>Apu Linli hike - Wikiloc-905</name>
        <snippet></snippet>
        <description>
&lt;table&gt;
&lt;tr&gt;&lt;td&gt;Longitude: -71.854533&lt;/td&gt;&lt;/tr&gt;
&lt;tr&gt;&lt;td&gt;Latitude: -13.396361&lt;/td&gt;&lt;/tr&gt;
&lt;tr&gt;&lt;td&gt;Altitude: 13124.580 ft&lt;/td&gt;&lt;/tr&gt;
&lt;tr&gt;&lt;td&gt;Speed: 2.7 mph&lt;/td&gt;&lt;/tr&gt;
&lt;tr&gt;&lt;td&gt;Heading: 116.6&lt;/td&gt;&lt;/tr&gt;
&lt;tr&gt;&lt;td&gt;Time: 2021-02-19T19:43:34Z&lt;/td&gt;&lt;/tr&gt;
&lt;/table&gt;
</description>
        <LookAt>
          <longitude>-71.854533</longitude>
          <latitude>-13.396361</latitude>
          <tilt>66</tilt>
        </LookAt>
        <TimeStamp>
          <when>2021-02-19T19:43:34Z</when>
        </TimeStamp>
        <styleUrl>#track</styleUrl>
        <Point>
          <coordinates>-71.854533,-13.396361,4000.37</coordinates>
        </Point>
      </Placemark>
      <Placemark>
        <name>Apu Linli hike - Wikiloc-906</name>
        <snippet></snippet>
        <description>
&lt;table&gt;
&lt;tr&gt;&lt;td&gt;Longitude: -71.854476&lt;/td&gt;&lt;/tr&gt;
&lt;tr&gt;&lt;td&gt;Latitude: -13.396429&lt;/td&gt;&lt;/tr&gt;
&lt;tr&gt;&lt;td&gt;Altitude: 13111.375 ft&lt;/td&gt;&lt;/tr&gt;
&lt;tr&gt;&lt;td&gt;Speed: 2.7 mph&lt;/td&gt;&lt;/tr&gt;
&lt;tr&gt;&lt;td&gt;Heading: 140.8&lt;/td&gt;&lt;/tr&gt;
&lt;tr&gt;&lt;td&gt;Time: 2021-02-19T19:43:42Z&lt;/td&gt;&lt;/tr&gt;
&lt;/table&gt;
</description>
        <LookAt>
          <longitude>-71.854476</longitude>
          <latitude>-13.396429</latitude>
          <tilt>66</tilt>
        </LookAt>
        <TimeStamp>
          <when>2021-02-19T19:43:42Z</when>
        </TimeStamp>
        <styleUrl>#track</styleUrl>
        <Point>
          <coordinates>-71.854476,-13.396429,3996.35</coordinates>
        </Point>
      </Placemark>
      <Placemark>
        <name>Apu Linli hike - Wikiloc-907</name>
        <snippet></snippet>
        <description>
&lt;table&gt;
&lt;tr&gt;&lt;td&gt;Longitude: -71.854413&lt;/td&gt;&lt;/tr&gt;
&lt;tr&gt;&lt;td&gt;Latitude: -13.396497&lt;/td&gt;&lt;/tr&gt;
&lt;tr&gt;&lt;td&gt;Altitude: 13099.072 ft&lt;/td&gt;&lt;/tr&gt;
&lt;tr&gt;&lt;td&gt;Speed: 2.8 mph&lt;/td&gt;&lt;/tr&gt;
&lt;tr&gt;&lt;td&gt;Heading: 138.0&lt;/td&gt;&lt;/tr&gt;
&lt;tr&gt;&lt;td&gt;Time: 2021-02-19T19:43:50Z&lt;/td&gt;&lt;/tr&gt;
&lt;/table&gt;
</description>
        <LookAt>
          <longitude>-71.854413</longitude>
          <latitude>-13.396497</latitude>
          <tilt>66</tilt>
        </LookAt>
        <TimeStamp>
          <when>2021-02-19T19:43:50Z</when>
        </TimeStamp>
        <styleUrl>#track</styleUrl>
        <Point>
          <coordinates>-71.854413,-13.396497,3992.60</coordinates>
        </Point>
      </Placemark>
      <Placemark>
        <name>Apu Linli hike - Wikiloc-908</name>
        <snippet></snippet>
        <description>
&lt;table&gt;
&lt;tr&gt;&lt;td&gt;Longitude: -71.854303&lt;/td&gt;&lt;/tr&gt;
&lt;tr&gt;&lt;td&gt;Latitude: -13.396536&lt;/td&gt;&lt;/tr&gt;
&lt;tr&gt;&lt;td&gt;Altitude: 13085.732 ft&lt;/td&gt;&lt;/tr&gt;
&lt;tr&gt;&lt;td&gt;Speed: 3.5 mph&lt;/td&gt;&lt;/tr&gt;
&lt;tr&gt;&lt;td&gt;Heading: 110.0&lt;/td&gt;&lt;/tr&gt;
&lt;tr&gt;&lt;td&gt;Time: 2021-02-19T19:43:58Z&lt;/td&gt;&lt;/tr&gt;
&lt;/table&gt;
</description>
        <LookAt>
          <longitude>-71.854303</longitude>
          <latitude>-13.396536</latitude>
          <tilt>66</tilt>
        </LookAt>
        <TimeStamp>
          <when>2021-02-19T19:43:58Z</when>
        </TimeStamp>
        <styleUrl>#track</styleUrl>
        <Point>
          <coordinates>-71.854303,-13.396536,3988.53</coordinates>
        </Point>
      </Placemark>
      <Placemark>
        <name>Apu Linli hike - Wikiloc-909</name>
        <snippet></snippet>
        <description>
&lt;table&gt;
&lt;tr&gt;&lt;td&gt;Longitude: -71.854171&lt;/td&gt;&lt;/tr&gt;
&lt;tr&gt;&lt;td&gt;Latitude: -13.396607&lt;/td&gt;&lt;/tr&gt;
&lt;tr&gt;&lt;td&gt;Altitude: 13072.628 ft&lt;/td&gt;&lt;/tr&gt;
&lt;tr&gt;&lt;td&gt;Speed: 4.6 mph&lt;/td&gt;&lt;/tr&gt;
&lt;tr&gt;&lt;td&gt;Heading: 118.9&lt;/td&gt;&lt;/tr&gt;
&lt;tr&gt;&lt;td&gt;Time: 2021-02-19T19:44:06Z&lt;/td&gt;&lt;/tr&gt;
&lt;/table&gt;
</description>
        <LookAt>
          <longitude>-71.854171</longitude>
          <latitude>-13.396607</latitude>
          <tilt>66</tilt>
        </LookAt>
        <TimeStamp>
          <when>2021-02-19T19:44:06Z</when>
        </TimeStamp>
        <styleUrl>#track</styleUrl>
        <Point>
          <coordinates>-71.854171,-13.396607,3984.54</coordinates>
        </Point>
      </Placemark>
      <Placemark>
        <name>Apu Linli hike - Wikiloc-910</name>
        <snippet></snippet>
        <description>
&lt;table&gt;
&lt;tr&gt;&lt;td&gt;Longitude: -71.854084&lt;/td&gt;&lt;/tr&gt;
&lt;tr&gt;&lt;td&gt;Latitude: -13.396678&lt;/td&gt;&lt;/tr&gt;
&lt;tr&gt;&lt;td&gt;Altitude: 13059.528 ft&lt;/td&gt;&lt;/tr&gt;
&lt;tr&gt;&lt;td&gt;Speed: 2.3 mph&lt;/td&gt;&lt;/tr&gt;
&lt;tr&gt;&lt;td&gt;Heading: 130.0&lt;/td&gt;&lt;/tr&gt;
&lt;tr&gt;&lt;td&gt;Time: 2021-02-19T19:44:18Z&lt;/td&gt;&lt;/tr&gt;
&lt;/table&gt;
</description>
        <LookAt>
          <longitude>-71.854084</longitude>
          <latitude>-13.396678</latitude>
          <tilt>66</tilt>
        </LookAt>
        <TimeStamp>
          <when>2021-02-19T19:44:18Z</when>
        </TimeStamp>
        <styleUrl>#track</styleUrl>
        <Point>
          <coordinates>-71.854084,-13.396678,3980.54</coordinates>
        </Point>
      </Placemark>
      <Placemark>
        <name>Apu Linli hike - Wikiloc-911</name>
        <snippet></snippet>
        <description>
&lt;table&gt;
&lt;tr&gt;&lt;td&gt;Longitude: -71.854039&lt;/td&gt;&lt;/tr&gt;
&lt;tr&gt;&lt;td&gt;Latitude: -13.396706&lt;/td&gt;&lt;/tr&gt;
&lt;tr&gt;&lt;td&gt;Altitude: 13048.110 ft&lt;/td&gt;&lt;/tr&gt;
&lt;tr&gt;&lt;td&gt;Speed: 3.2 mph&lt;/td&gt;&lt;/tr&gt;
&lt;tr&gt;&lt;td&gt;Heading: 122.6&lt;/td&gt;&lt;/tr&gt;
&lt;tr&gt;&lt;td&gt;Time: 2021-02-19T19:44:22Z&lt;/td&gt;&lt;/tr&gt;
&lt;/table&gt;
</description>
        <LookAt>
          <longitude>-71.854039</longitude>
          <latitude>-13.396706</latitude>
          <tilt>66</tilt>
        </LookAt>
        <TimeStamp>
          <when>2021-02-19T19:44:22Z</when>
        </TimeStamp>
        <styleUrl>#track</styleUrl>
        <Point>
          <coordinates>-71.854039,-13.396706,3977.06</coordinates>
        </Point>
      </Placemark>
      <Placemark>
        <name>Apu Linli hike - Wikiloc-912</name>
        <snippet></snippet>
        <description>
&lt;table&gt;
&lt;tr&gt;&lt;td&gt;Longitude: -71.853984&lt;/td&gt;&lt;/tr&gt;
&lt;tr&gt;&lt;td&gt;Latitude: -13.396736&lt;/td&gt;&lt;/tr&gt;
&lt;tr&gt;&lt;td&gt;Altitude: 13039.432 ft&lt;/td&gt;&lt;/tr&gt;
&lt;tr&gt;&lt;td&gt;Speed: 3.8 mph&lt;/td&gt;&lt;/tr&gt;
&lt;tr&gt;&lt;td&gt;Heading: 119.3&lt;/td&gt;&lt;/tr&gt;
&lt;tr&gt;&lt;td&gt;Time: 2021-02-19T19:44:26Z&lt;/td&gt;&lt;/tr&gt;
&lt;/table&gt;
</description>
        <LookAt>
          <longitude>-71.853984</longitude>
          <latitude>-13.396736</latitude>
          <tilt>66</tilt>
        </LookAt>
        <TimeStamp>
          <when>2021-02-19T19:44:26Z</when>
        </TimeStamp>
        <styleUrl>#track</styleUrl>
        <Point>
          <coordinates>-71.853984,-13.396736,3974.42</coordinates>
        </Point>
      </Placemark>
      <Placemark>
        <name>Apu Linli hike - Wikiloc-913</name>
        <snippet></snippet>
        <description>
&lt;table&gt;
&lt;tr&gt;&lt;td&gt;Longitude: -71.853930&lt;/td&gt;&lt;/tr&gt;
&lt;tr&gt;&lt;td&gt;Latitude: -13.396766&lt;/td&gt;&lt;/tr&gt;
&lt;tr&gt;&lt;td&gt;Altitude: 13034.150 ft&lt;/td&gt;&lt;/tr&gt;
&lt;tr&gt;&lt;td&gt;Speed: 3.8 mph&lt;/td&gt;&lt;/tr&gt;
&lt;tr&gt;&lt;td&gt;Heading: 119.7&lt;/td&gt;&lt;/tr&gt;
&lt;tr&gt;&lt;td&gt;Time: 2021-02-19T19:44:30Z&lt;/td&gt;&lt;/tr&gt;
&lt;/table&gt;
</description>
        <LookAt>
          <longitude>-71.85393</longitude>
          <latitude>-13.396766</latitude>
          <tilt>66</tilt>
        </LookAt>
        <TimeStamp>
          <when>2021-02-19T19:44:30Z</when>
        </TimeStamp>
        <styleUrl>#track</styleUrl>
        <Point>
          <coordinates>-71.853930,-13.396766,3972.81</coordinates>
        </Point>
      </Placemark>
      <Placemark>
        <name>Apu Linli hike - Wikiloc-914</name>
        <snippet></snippet>
        <description>
&lt;table&gt;
&lt;tr&gt;&lt;td&gt;Longitude: -71.853893&lt;/td&gt;&lt;/tr&gt;
&lt;tr&gt;&lt;td&gt;Latitude: -13.396807&lt;/td&gt;&lt;/tr&gt;
&lt;tr&gt;&lt;td&gt;Altitude: 13029.918 ft&lt;/td&gt;&lt;/tr&gt;
&lt;tr&gt;&lt;td&gt;Speed: 3.4 mph&lt;/td&gt;&lt;/tr&gt;
&lt;tr&gt;&lt;td&gt;Heading: 138.7&lt;/td&gt;&lt;/tr&gt;
&lt;tr&gt;&lt;td&gt;Time: 2021-02-19T19:44:34Z&lt;/td&gt;&lt;/tr&gt;
&lt;/table&gt;
</description>
        <LookAt>
          <longitude>-71.853893</longitude>
          <latitude>-13.396807</latitude>
          <tilt>66</tilt>
        </LookAt>
        <TimeStamp>
          <when>2021-02-19T19:44:34Z</when>
        </TimeStamp>
        <styleUrl>#track</styleUrl>
        <Point>
          <coordinates>-71.853893,-13.396807,3971.52</coordinates>
        </Point>
      </Placemark>
      <Placemark>
        <name>Apu Linli hike - Wikiloc-915</name>
        <snippet></snippet>
        <description>
&lt;table&gt;
&lt;tr&gt;&lt;td&gt;Longitude: -71.853853&lt;/td&gt;&lt;/tr&gt;
&lt;tr&gt;&lt;td&gt;Latitude: -13.396842&lt;/td&gt;&lt;/tr&gt;
&lt;tr&gt;&lt;td&gt;Altitude: 13024.304 ft&lt;/td&gt;&lt;/tr&gt;
&lt;tr&gt;&lt;td&gt;Speed: 3.3 mph&lt;/td&gt;&lt;/tr&gt;
&lt;tr&gt;&lt;td&gt;Heading: 132.0&lt;/td&gt;&lt;/tr&gt;
&lt;tr&gt;&lt;td&gt;Time: 2021-02-19T19:44:38Z&lt;/td&gt;&lt;/tr&gt;
&lt;/table&gt;
</description>
        <LookAt>
          <longitude>-71.853853</longitude>
          <latitude>-13.396842</latitude>
          <tilt>66</tilt>
        </LookAt>
        <TimeStamp>
          <when>2021-02-19T19:44:38Z</when>
        </TimeStamp>
        <styleUrl>#track</styleUrl>
        <Point>
          <coordinates>-71.853853,-13.396842,3969.81</coordinates>
        </Point>
      </Placemark>
      <Placemark>
        <name>Apu Linli hike - Wikiloc-916</name>
        <snippet></snippet>
        <description>
&lt;table&gt;
&lt;tr&gt;&lt;td&gt;Longitude: -71.853765&lt;/td&gt;&lt;/tr&gt;
&lt;tr&gt;&lt;td&gt;Latitude: -13.396864&lt;/td&gt;&lt;/tr&gt;
&lt;tr&gt;&lt;td&gt;Altitude: 13017.051 ft&lt;/td&gt;&lt;/tr&gt;
&lt;tr&gt;&lt;td&gt;Speed: 2.8 mph&lt;/td&gt;&lt;/tr&gt;
&lt;tr&gt;&lt;td&gt;Heading: 104.4&lt;/td&gt;&lt;/tr&gt;
&lt;tr&gt;&lt;td&gt;Time: 2021-02-19T19:44:46Z&lt;/td&gt;&lt;/tr&gt;
&lt;/table&gt;
</description>
        <LookAt>
          <longitude>-71.853765</longitude>
          <latitude>-13.396864</latitude>
          <tilt>66</tilt>
        </LookAt>
        <TimeStamp>
          <when>2021-02-19T19:44:46Z</when>
        </TimeStamp>
        <styleUrl>#track</styleUrl>
        <Point>
          <coordinates>-71.853765,-13.396864,3967.60</coordinates>
        </Point>
      </Placemark>
      <Placemark>
        <name>Apu Linli hike - Wikiloc-917</name>
        <snippet></snippet>
        <description>
&lt;table&gt;
&lt;tr&gt;&lt;td&gt;Longitude: -71.853683&lt;/td&gt;&lt;/tr&gt;
&lt;tr&gt;&lt;td&gt;Latitude: -13.396866&lt;/td&gt;&lt;/tr&gt;
&lt;tr&gt;&lt;td&gt;Altitude: 13009.341 ft&lt;/td&gt;&lt;/tr&gt;
&lt;tr&gt;&lt;td&gt;Speed: 1.2 mph&lt;/td&gt;&lt;/tr&gt;
&lt;tr&gt;&lt;td&gt;Heading: 91.4&lt;/td&gt;&lt;/tr&gt;
&lt;tr&gt;&lt;td&gt;Time: 2021-02-19T19:45:02Z&lt;/td&gt;&lt;/tr&gt;
&lt;/table&gt;
</description>
        <LookAt>
          <longitude>-71.853683</longitude>
          <latitude>-13.396866</latitude>
          <tilt>66</tilt>
        </LookAt>
        <TimeStamp>
          <when>2021-02-19T19:45:02Z</when>
        </TimeStamp>
        <styleUrl>#track</styleUrl>
        <Point>
          <coordinates>-71.853683,-13.396866,3965.25</coordinates>
        </Point>
      </Placemark>
      <Placemark>
        <name>Apu Linli hike - Wikiloc-918</name>
        <snippet></snippet>
        <description>
&lt;table&gt;
&lt;tr&gt;&lt;td&gt;Longitude: -71.853636&lt;/td&gt;&lt;/tr&gt;
&lt;tr&gt;&lt;td&gt;Latitude: -13.396867&lt;/td&gt;&lt;/tr&gt;
&lt;tr&gt;&lt;td&gt;Altitude: 13000.236 ft&lt;/td&gt;&lt;/tr&gt;
&lt;tr&gt;&lt;td&gt;Speed: 0.7 mph&lt;/td&gt;&lt;/tr&gt;
&lt;tr&gt;&lt;td&gt;Heading: 91.3&lt;/td&gt;&lt;/tr&gt;
&lt;tr&gt;&lt;td&gt;Time: 2021-02-19T19:45:18Z&lt;/td&gt;&lt;/tr&gt;
&lt;/table&gt;
</description>
        <LookAt>
          <longitude>-71.853636</longitude>
          <latitude>-13.396867</latitude>
          <tilt>66</tilt>
        </LookAt>
        <TimeStamp>
          <when>2021-02-19T19:45:18Z</when>
        </TimeStamp>
        <styleUrl>#track</styleUrl>
        <Point>
          <coordinates>-71.853636,-13.396867,3962.47</coordinates>
        </Point>
      </Placemark>
      <Placemark>
        <name>Apu Linli hike - Wikiloc-919</name>
        <snippet></snippet>
        <description>
&lt;table&gt;
&lt;tr&gt;&lt;td&gt;Longitude: -71.853483&lt;/td&gt;&lt;/tr&gt;
&lt;tr&gt;&lt;td&gt;Latitude: -13.396826&lt;/td&gt;&lt;/tr&gt;
&lt;tr&gt;&lt;td&gt;Altitude: 12988.294 ft&lt;/td&gt;&lt;/tr&gt;
&lt;tr&gt;&lt;td&gt;Speed: 4.8 mph&lt;/td&gt;&lt;/tr&gt;
&lt;tr&gt;&lt;td&gt;Heading: 74.6&lt;/td&gt;&lt;/tr&gt;
&lt;tr&gt;&lt;td&gt;Time: 2021-02-19T19:45:26Z&lt;/td&gt;&lt;/tr&gt;
&lt;/table&gt;
</description>
        <LookAt>
          <longitude>-71.853483</longitude>
          <latitude>-13.396826</latitude>
          <tilt>66</tilt>
        </LookAt>
        <TimeStamp>
          <when>2021-02-19T19:45:26Z</when>
        </TimeStamp>
        <styleUrl>#track</styleUrl>
        <Point>
          <coordinates>-71.853483,-13.396826,3958.83</coordinates>
        </Point>
      </Placemark>
      <Placemark>
        <name>Apu Linli hike - Wikiloc-920</name>
        <snippet></snippet>
        <description>
&lt;table&gt;
&lt;tr&gt;&lt;td&gt;Longitude: -71.853372&lt;/td&gt;&lt;/tr&gt;
&lt;tr&gt;&lt;td&gt;Latitude: -13.396786&lt;/td&gt;&lt;/tr&gt;
&lt;tr&gt;&lt;td&gt;Altitude: 12975.774 ft&lt;/td&gt;&lt;/tr&gt;
&lt;tr&gt;&lt;td&gt;Speed: 3.6 mph&lt;/td&gt;&lt;/tr&gt;
&lt;tr&gt;&lt;td&gt;Heading: 69.7&lt;/td&gt;&lt;/tr&gt;
&lt;tr&gt;&lt;td&gt;Time: 2021-02-19T19:45:34Z&lt;/td&gt;&lt;/tr&gt;
&lt;/table&gt;
</description>
        <LookAt>
          <longitude>-71.853372</longitude>
          <latitude>-13.396786</latitude>
          <tilt>66</tilt>
        </LookAt>
        <TimeStamp>
          <when>2021-02-19T19:45:34Z</when>
        </TimeStamp>
        <styleUrl>#track</styleUrl>
        <Point>
          <coordinates>-71.853372,-13.396786,3955.02</coordinates>
        </Point>
      </Placemark>
      <Placemark>
        <name>Apu Linli hike - Wikiloc-921</name>
        <snippet></snippet>
        <description>
&lt;table&gt;
&lt;tr&gt;&lt;td&gt;Longitude: -71.853237&lt;/td&gt;&lt;/tr&gt;
&lt;tr&gt;&lt;td&gt;Latitude: -13.396800&lt;/td&gt;&lt;/tr&gt;
&lt;tr&gt;&lt;td&gt;Altitude: 12962.638 ft&lt;/td&gt;&lt;/tr&gt;
&lt;tr&gt;&lt;td&gt;Speed: 4.1 mph&lt;/td&gt;&lt;/tr&gt;
&lt;tr&gt;&lt;td&gt;Heading: 96.1&lt;/td&gt;&lt;/tr&gt;
&lt;tr&gt;&lt;td&gt;Time: 2021-02-19T19:45:42Z&lt;/td&gt;&lt;/tr&gt;
&lt;/table&gt;
</description>
        <LookAt>
          <longitude>-71.853237</longitude>
          <latitude>-13.3968</latitude>
          <tilt>66</tilt>
        </LookAt>
        <TimeStamp>
          <when>2021-02-19T19:45:42Z</when>
        </TimeStamp>
        <styleUrl>#track</styleUrl>
        <Point>
          <coordinates>-71.853237,-13.396800,3951.01</coordinates>
        </Point>
      </Placemark>
      <Placemark>
        <name>Apu Linli hike - Wikiloc-922</name>
        <snippet></snippet>
        <description>
&lt;table&gt;
&lt;tr&gt;&lt;td&gt;Longitude: -71.853162&lt;/td&gt;&lt;/tr&gt;
&lt;tr&gt;&lt;td&gt;Latitude: -13.396765&lt;/td&gt;&lt;/tr&gt;
&lt;tr&gt;&lt;td&gt;Altitude: 12949.767 ft&lt;/td&gt;&lt;/tr&gt;
&lt;tr&gt;&lt;td&gt;Speed: 2.5 mph&lt;/td&gt;&lt;/tr&gt;
&lt;tr&gt;&lt;td&gt;Heading: 64.4&lt;/td&gt;&lt;/tr&gt;
&lt;tr&gt;&lt;td&gt;Time: 2021-02-19T19:45:50Z&lt;/td&gt;&lt;/tr&gt;
&lt;/table&gt;
</description>
        <LookAt>
          <longitude>-71.853162</longitude>
          <latitude>-13.396765</latitude>
          <tilt>66</tilt>
        </LookAt>
        <TimeStamp>
          <when>2021-02-19T19:45:50Z</when>
        </TimeStamp>
        <styleUrl>#track</styleUrl>
        <Point>
          <coordinates>-71.853162,-13.396765,3947.09</coordinates>
        </Point>
      </Placemark>
      <Placemark>
        <name>Apu Linli hike - Wikiloc-923</name>
        <snippet></snippet>
        <description>
&lt;table&gt;
&lt;tr&gt;&lt;td&gt;Longitude: -71.853097&lt;/td&gt;&lt;/tr&gt;
&lt;tr&gt;&lt;td&gt;Latitude: -13.396690&lt;/td&gt;&lt;/tr&gt;
&lt;tr&gt;&lt;td&gt;Altitude: 12941.860 ft&lt;/td&gt;&lt;/tr&gt;
&lt;tr&gt;&lt;td&gt;Speed: 3.1 mph&lt;/td&gt;&lt;/tr&gt;
&lt;tr&gt;&lt;td&gt;Heading: 40.1&lt;/td&gt;&lt;/tr&gt;
&lt;tr&gt;&lt;td&gt;Time: 2021-02-19T19:45:58Z&lt;/td&gt;&lt;/tr&gt;
&lt;/table&gt;
</description>
        <LookAt>
          <longitude>-71.853097</longitude>
          <latitude>-13.39669</latitude>
          <tilt>66</tilt>
        </LookAt>
        <TimeStamp>
          <when>2021-02-19T19:45:58Z</when>
        </TimeStamp>
        <styleUrl>#track</styleUrl>
        <Point>
          <coordinates>-71.853097,-13.396690,3944.68</coordinates>
        </Point>
      </Placemark>
      <Placemark>
        <name>Apu Linli hike - Wikiloc-924</name>
        <snippet></snippet>
        <description>
&lt;table&gt;
&lt;tr&gt;&lt;td&gt;Longitude: -71.852983&lt;/td&gt;&lt;/tr&gt;
&lt;tr&gt;&lt;td&gt;Latitude: -13.396703&lt;/td&gt;&lt;/tr&gt;
&lt;tr&gt;&lt;td&gt;Altitude: 12931.798 ft&lt;/td&gt;&lt;/tr&gt;
&lt;tr&gt;&lt;td&gt;Speed: 3.5 mph&lt;/td&gt;&lt;/tr&gt;
&lt;tr&gt;&lt;td&gt;Heading: 96.7&lt;/td&gt;&lt;/tr&gt;
&lt;tr&gt;&lt;td&gt;Time: 2021-02-19T19:46:06Z&lt;/td&gt;&lt;/tr&gt;
&lt;/table&gt;
</description>
        <LookAt>
          <longitude>-71.852983</longitude>
          <latitude>-13.396703</latitude>
          <tilt>66</tilt>
        </LookAt>
        <TimeStamp>
          <when>2021-02-19T19:46:06Z</when>
        </TimeStamp>
        <styleUrl>#track</styleUrl>
        <Point>
          <coordinates>-71.852983,-13.396703,3941.61</coordinates>
        </Point>
      </Placemark>
      <Placemark>
        <name>Apu Linli hike - Wikiloc-925</name>
        <snippet></snippet>
        <description>
&lt;table&gt;
&lt;tr&gt;&lt;td&gt;Longitude: -71.852906&lt;/td&gt;&lt;/tr&gt;
&lt;tr&gt;&lt;td&gt;Latitude: -13.396706&lt;/td&gt;&lt;/tr&gt;
&lt;tr&gt;&lt;td&gt;Altitude: 12918.740 ft&lt;/td&gt;&lt;/tr&gt;
&lt;tr&gt;&lt;td&gt;Speed: 2.3 mph&lt;/td&gt;&lt;/tr&gt;
&lt;tr&gt;&lt;td&gt;Heading: 92.3&lt;/td&gt;&lt;/tr&gt;
&lt;tr&gt;&lt;td&gt;Time: 2021-02-19T19:46:14Z&lt;/td&gt;&lt;/tr&gt;
&lt;/table&gt;
</description>
        <LookAt>
          <longitude>-71.852906</longitude>
          <latitude>-13.396706</latitude>
          <tilt>66</tilt>
        </LookAt>
        <TimeStamp>
          <when>2021-02-19T19:46:14Z</when>
        </TimeStamp>
        <styleUrl>#track</styleUrl>
        <Point>
          <coordinates>-71.852906,-13.396706,3937.63</coordinates>
        </Point>
      </Placemark>
      <Placemark>
        <name>Apu Linli hike - Wikiloc-926</name>
        <snippet></snippet>
        <description>
&lt;table&gt;
&lt;tr&gt;&lt;td&gt;Longitude: -71.852839&lt;/td&gt;&lt;/tr&gt;
&lt;tr&gt;&lt;td&gt;Latitude: -13.396646&lt;/td&gt;&lt;/tr&gt;
&lt;tr&gt;&lt;td&gt;Altitude: 12905.528 ft&lt;/td&gt;&lt;/tr&gt;
&lt;tr&gt;&lt;td&gt;Speed: 2.8 mph&lt;/td&gt;&lt;/tr&gt;
&lt;tr&gt;&lt;td&gt;Heading: 47.4&lt;/td&gt;&lt;/tr&gt;
&lt;tr&gt;&lt;td&gt;Time: 2021-02-19T19:46:22Z&lt;/td&gt;&lt;/tr&gt;
&lt;/table&gt;
</description>
        <LookAt>
          <longitude>-71.852839</longitude>
          <latitude>-13.396646</latitude>
          <tilt>66</tilt>
        </LookAt>
        <TimeStamp>
          <when>2021-02-19T19:46:22Z</when>
        </TimeStamp>
        <styleUrl>#track</styleUrl>
        <Point>
          <coordinates>-71.852839,-13.396646,3933.61</coordinates>
        </Point>
      </Placemark>
      <Placemark>
        <name>Apu Linli hike - Wikiloc-927</name>
        <snippet></snippet>
        <description>
&lt;table&gt;
&lt;tr&gt;&lt;td&gt;Longitude: -71.852792&lt;/td&gt;&lt;/tr&gt;
&lt;tr&gt;&lt;td&gt;Latitude: -13.396556&lt;/td&gt;&lt;/tr&gt;
&lt;tr&gt;&lt;td&gt;Altitude: 12894.711 ft&lt;/td&gt;&lt;/tr&gt;
&lt;tr&gt;&lt;td&gt;Speed: 3.1 mph&lt;/td&gt;&lt;/tr&gt;
&lt;tr&gt;&lt;td&gt;Heading: 26.9&lt;/td&gt;&lt;/tr&gt;
&lt;tr&gt;&lt;td&gt;Time: 2021-02-19T19:46:30Z&lt;/td&gt;&lt;/tr&gt;
&lt;/table&gt;
</description>
        <LookAt>
          <longitude>-71.852792</longitude>
          <latitude>-13.396556</latitude>
          <tilt>66</tilt>
        </LookAt>
        <TimeStamp>
          <when>2021-02-19T19:46:30Z</when>
        </TimeStamp>
        <styleUrl>#track</styleUrl>
        <Point>
          <coordinates>-71.852792,-13.396556,3930.31</coordinates>
        </Point>
      </Placemark>
      <Placemark>
        <name>Apu Linli hike - Wikiloc-928</name>
        <snippet></snippet>
        <description>
&lt;table&gt;
&lt;tr&gt;&lt;td&gt;Longitude: -71.852724&lt;/td&gt;&lt;/tr&gt;
&lt;tr&gt;&lt;td&gt;Latitude: -13.396463&lt;/td&gt;&lt;/tr&gt;
&lt;tr&gt;&lt;td&gt;Altitude: 12881.880 ft&lt;/td&gt;&lt;/tr&gt;
&lt;tr&gt;&lt;td&gt;Speed: 3.6 mph&lt;/td&gt;&lt;/tr&gt;
&lt;tr&gt;&lt;td&gt;Heading: 35.4&lt;/td&gt;&lt;/tr&gt;
&lt;tr&gt;&lt;td&gt;Time: 2021-02-19T19:46:38Z&lt;/td&gt;&lt;/tr&gt;
&lt;/table&gt;
</description>
        <LookAt>
          <longitude>-71.852724</longitude>
          <latitude>-13.396463</latitude>
          <tilt>66</tilt>
        </LookAt>
        <TimeStamp>
          <when>2021-02-19T19:46:38Z</when>
        </TimeStamp>
        <styleUrl>#track</styleUrl>
        <Point>
          <coordinates>-71.852724,-13.396463,3926.40</coordinates>
        </Point>
      </Placemark>
      <Placemark>
        <name>Apu Linli hike - Wikiloc-929</name>
        <snippet></snippet>
        <description>
&lt;table&gt;
&lt;tr&gt;&lt;td&gt;Longitude: -71.852686&lt;/td&gt;&lt;/tr&gt;
&lt;tr&gt;&lt;td&gt;Latitude: -13.396388&lt;/td&gt;&lt;/tr&gt;
&lt;tr&gt;&lt;td&gt;Altitude: 12871.480 ft&lt;/td&gt;&lt;/tr&gt;
&lt;tr&gt;&lt;td&gt;Speed: 2.6 mph&lt;/td&gt;&lt;/tr&gt;
&lt;tr&gt;&lt;td&gt;Heading: 26.2&lt;/td&gt;&lt;/tr&gt;
&lt;tr&gt;&lt;td&gt;Time: 2021-02-19T19:46:46Z&lt;/td&gt;&lt;/tr&gt;
&lt;/table&gt;
</description>
        <LookAt>
          <longitude>-71.852686</longitude>
          <latitude>-13.396388</latitude>
          <tilt>66</tilt>
        </LookAt>
        <TimeStamp>
          <when>2021-02-19T19:46:46Z</when>
        </TimeStamp>
        <styleUrl>#track</styleUrl>
        <Point>
          <coordinates>-71.852686,-13.396388,3923.23</coordinates>
        </Point>
      </Placemark>
      <Placemark>
        <name>Apu Linli hike - Wikiloc-930</name>
        <snippet></snippet>
        <description>
&lt;table&gt;
&lt;tr&gt;&lt;td&gt;Longitude: -71.852678&lt;/td&gt;&lt;/tr&gt;
&lt;tr&gt;&lt;td&gt;Latitude: -13.396280&lt;/td&gt;&lt;/tr&gt;
&lt;tr&gt;&lt;td&gt;Altitude: 12860.965 ft&lt;/td&gt;&lt;/tr&gt;
&lt;tr&gt;&lt;td&gt;Speed: 3.4 mph&lt;/td&gt;&lt;/tr&gt;
&lt;tr&gt;&lt;td&gt;Heading: 4.1&lt;/td&gt;&lt;/tr&gt;
&lt;tr&gt;&lt;td&gt;Time: 2021-02-19T19:46:54Z&lt;/td&gt;&lt;/tr&gt;
&lt;/table&gt;
</description>
        <LookAt>
          <longitude>-71.852678</longitude>
          <latitude>-13.39628</latitude>
          <tilt>66</tilt>
        </LookAt>
        <TimeStamp>
          <when>2021-02-19T19:46:54Z</when>
        </TimeStamp>
        <styleUrl>#track</styleUrl>
        <Point>
          <coordinates>-71.852678,-13.396280,3920.02</coordinates>
        </Point>
      </Placemark>
      <Placemark>
        <name>Apu Linli hike - Wikiloc-931</name>
        <snippet></snippet>
        <description>
&lt;table&gt;
&lt;tr&gt;&lt;td&gt;Longitude: -71.852674&lt;/td&gt;&lt;/tr&gt;
&lt;tr&gt;&lt;td&gt;Latitude: -13.396170&lt;/td&gt;&lt;/tr&gt;
&lt;tr&gt;&lt;td&gt;Altitude: 12864.278 ft&lt;/td&gt;&lt;/tr&gt;
&lt;tr&gt;&lt;td&gt;Speed: 3.4 mph&lt;/td&gt;&lt;/tr&gt;
&lt;tr&gt;&lt;td&gt;Heading: 2.0&lt;/td&gt;&lt;/tr&gt;
&lt;tr&gt;&lt;td&gt;Time: 2021-02-19T19:47:02Z&lt;/td&gt;&lt;/tr&gt;
&lt;/table&gt;
</description>
        <LookAt>
          <longitude>-71.852674</longitude>
          <latitude>-13.39617</latitude>
          <tilt>66</tilt>
        </LookAt>
        <TimeStamp>
          <when>2021-02-19T19:47:02Z</when>
        </TimeStamp>
        <styleUrl>#track</styleUrl>
        <Point>
          <coordinates>-71.852674,-13.396170,3921.03</coordinates>
        </Point>
      </Placemark>
      <Placemark>
        <name>Apu Linli hike - Wikiloc-932</name>
        <snippet></snippet>
        <description>
&lt;table&gt;
&lt;tr&gt;&lt;td&gt;Longitude: -71.852637&lt;/td&gt;&lt;/tr&gt;
&lt;tr&gt;&lt;td&gt;Latitude: -13.396061&lt;/td&gt;&lt;/tr&gt;
&lt;tr&gt;&lt;td&gt;Altitude: 12862.159 ft&lt;/td&gt;&lt;/tr&gt;
&lt;tr&gt;&lt;td&gt;Speed: 3.6 mph&lt;/td&gt;&lt;/tr&gt;
&lt;tr&gt;&lt;td&gt;Heading: 18.3&lt;/td&gt;&lt;/tr&gt;
&lt;tr&gt;&lt;td&gt;Time: 2021-02-19T19:47:10Z&lt;/td&gt;&lt;/tr&gt;
&lt;/table&gt;
</description>
        <LookAt>
          <longitude>-71.852637</longitude>
          <latitude>-13.396061</latitude>
          <tilt>66</tilt>
        </LookAt>
        <TimeStamp>
          <when>2021-02-19T19:47:10Z</when>
        </TimeStamp>
        <styleUrl>#track</styleUrl>
        <Point>
          <coordinates>-71.852637,-13.396061,3920.39</coordinates>
        </Point>
      </Placemark>
      <Placemark>
        <name>Apu Linli hike - Wikiloc-933</name>
        <snippet></snippet>
        <description>
&lt;table&gt;
&lt;tr&gt;&lt;td&gt;Longitude: -71.852579&lt;/td&gt;&lt;/tr&gt;
&lt;tr&gt;&lt;td&gt;Latitude: -13.395976&lt;/td&gt;&lt;/tr&gt;
&lt;tr&gt;&lt;td&gt;Altitude: 12863.786 ft&lt;/td&gt;&lt;/tr&gt;
&lt;tr&gt;&lt;td&gt;Speed: 3.2 mph&lt;/td&gt;&lt;/tr&gt;
&lt;tr&gt;&lt;td&gt;Heading: 33.6&lt;/td&gt;&lt;/tr&gt;
&lt;tr&gt;&lt;td&gt;Time: 2021-02-19T19:47:18Z&lt;/td&gt;&lt;/tr&gt;
&lt;/table&gt;
</description>
        <LookAt>
          <longitude>-71.852579</longitude>
          <latitude>-13.395976</latitude>
          <tilt>66</tilt>
        </LookAt>
        <TimeStamp>
          <when>2021-02-19T19:47:18Z</when>
        </TimeStamp>
        <styleUrl>#track</styleUrl>
        <Point>
          <coordinates>-71.852579,-13.395976,3920.88</coordinates>
        </Point>
      </Placemark>
      <Placemark>
        <name>Apu Linli hike - Wikiloc-934</name>
        <snippet></snippet>
        <description>
&lt;table&gt;
&lt;tr&gt;&lt;td&gt;Longitude: -71.852483&lt;/td&gt;&lt;/tr&gt;
&lt;tr&gt;&lt;td&gt;Latitude: -13.395925&lt;/td&gt;&lt;/tr&gt;
&lt;tr&gt;&lt;td&gt;Altitude: 12862.497 ft&lt;/td&gt;&lt;/tr&gt;
&lt;tr&gt;&lt;td&gt;Speed: 3.3 mph&lt;/td&gt;&lt;/tr&gt;
&lt;tr&gt;&lt;td&gt;Heading: 61.4&lt;/td&gt;&lt;/tr&gt;
&lt;tr&gt;&lt;td&gt;Time: 2021-02-19T19:47:26Z&lt;/td&gt;&lt;/tr&gt;
&lt;/table&gt;
</description>
        <LookAt>
          <longitude>-71.852483</longitude>
          <latitude>-13.395925</latitude>
          <tilt>66</tilt>
        </LookAt>
        <TimeStamp>
          <when>2021-02-19T19:47:26Z</when>
        </TimeStamp>
        <styleUrl>#track</styleUrl>
        <Point>
          <coordinates>-71.852483,-13.395925,3920.49</coordinates>
        </Point>
      </Placemark>
      <Placemark>
        <name>Apu Linli hike - Wikiloc-935</name>
        <snippet></snippet>
        <description>
&lt;table&gt;
&lt;tr&gt;&lt;td&gt;Longitude: -71.852379&lt;/td&gt;&lt;/tr&gt;
&lt;tr&gt;&lt;td&gt;Latitude: -13.395922&lt;/td&gt;&lt;/tr&gt;
&lt;tr&gt;&lt;td&gt;Altitude: 12855.115 ft&lt;/td&gt;&lt;/tr&gt;
&lt;tr&gt;&lt;td&gt;Speed: 3.2 mph&lt;/td&gt;&lt;/tr&gt;
&lt;tr&gt;&lt;td&gt;Heading: 88.3&lt;/td&gt;&lt;/tr&gt;
&lt;tr&gt;&lt;td&gt;Time: 2021-02-19T19:47:34Z&lt;/td&gt;&lt;/tr&gt;
&lt;/table&gt;
</description>
        <LookAt>
          <longitude>-71.852379</longitude>
          <latitude>-13.395922</latitude>
          <tilt>66</tilt>
        </LookAt>
        <TimeStamp>
          <when>2021-02-19T19:47:34Z</when>
        </TimeStamp>
        <styleUrl>#track</styleUrl>
        <Point>
          <coordinates>-71.852379,-13.395922,3918.24</coordinates>
        </Point>
      </Placemark>
      <Placemark>
        <name>Apu Linli hike - Wikiloc-936</name>
        <snippet></snippet>
        <description>
&lt;table&gt;
&lt;tr&gt;&lt;td&gt;Longitude: -71.852259&lt;/td&gt;&lt;/tr&gt;
&lt;tr&gt;&lt;td&gt;Latitude: -13.395973&lt;/td&gt;&lt;/tr&gt;
&lt;tr&gt;&lt;td&gt;Altitude: 12842.710 ft&lt;/td&gt;&lt;/tr&gt;
&lt;tr&gt;&lt;td&gt;Speed: 4.0 mph&lt;/td&gt;&lt;/tr&gt;
&lt;tr&gt;&lt;td&gt;Heading: 113.6&lt;/td&gt;&lt;/tr&gt;
&lt;tr&gt;&lt;td&gt;Time: 2021-02-19T19:47:42Z&lt;/td&gt;&lt;/tr&gt;
&lt;/table&gt;
</description>
        <LookAt>
          <longitude>-71.852259</longitude>
          <latitude>-13.395973</latitude>
          <tilt>66</tilt>
        </LookAt>
        <TimeStamp>
          <when>2021-02-19T19:47:42Z</when>
        </TimeStamp>
        <styleUrl>#track</styleUrl>
        <Point>
          <coordinates>-71.852259,-13.395973,3914.46</coordinates>
        </Point>
      </Placemark>
      <Placemark>
        <name>Apu Linli hike - Wikiloc-937</name>
        <snippet></snippet>
        <description>
&lt;table&gt;
&lt;tr&gt;&lt;td&gt;Longitude: -71.852279&lt;/td&gt;&lt;/tr&gt;
&lt;tr&gt;&lt;td&gt;Latitude: -13.396074&lt;/td&gt;&lt;/tr&gt;
&lt;tr&gt;&lt;td&gt;Altitude: 12831.535 ft&lt;/td&gt;&lt;/tr&gt;
&lt;tr&gt;&lt;td&gt;Speed: 1.1 mph&lt;/td&gt;&lt;/tr&gt;
&lt;tr&gt;&lt;td&gt;Heading: 190.9&lt;/td&gt;&lt;/tr&gt;
&lt;tr&gt;&lt;td&gt;Time: 2021-02-19T19:48:06Z&lt;/td&gt;&lt;/tr&gt;
&lt;/table&gt;
</description>
        <LookAt>
          <longitude>-71.852279</longitude>
          <latitude>-13.396074</latitude>
          <tilt>66</tilt>
        </LookAt>
        <TimeStamp>
          <when>2021-02-19T19:48:06Z</when>
        </TimeStamp>
        <styleUrl>#track</styleUrl>
        <Point>
          <coordinates>-71.852279,-13.396074,3911.05</coordinates>
        </Point>
      </Placemark>
      <Placemark>
        <name>Apu Linli hike - Wikiloc-938</name>
        <snippet></snippet>
        <description>
&lt;table&gt;
&lt;tr&gt;&lt;td&gt;Longitude: -71.852129&lt;/td&gt;&lt;/tr&gt;
&lt;tr&gt;&lt;td&gt;Latitude: -13.396183&lt;/td&gt;&lt;/tr&gt;
&lt;tr&gt;&lt;td&gt;Altitude: 12821.906 ft&lt;/td&gt;&lt;/tr&gt;
&lt;tr&gt;&lt;td&gt;Speed: 5.7 mph&lt;/td&gt;&lt;/tr&gt;
&lt;tr&gt;&lt;td&gt;Heading: 126.8&lt;/td&gt;&lt;/tr&gt;
&lt;tr&gt;&lt;td&gt;Time: 2021-02-19T19:48:14Z&lt;/td&gt;&lt;/tr&gt;
&lt;/table&gt;
</description>
        <LookAt>
          <longitude>-71.852129</longitude>
          <latitude>-13.396183</latitude>
          <tilt>66</tilt>
        </LookAt>
        <TimeStamp>
          <when>2021-02-19T19:48:14Z</when>
        </TimeStamp>
        <styleUrl>#track</styleUrl>
        <Point>
          <coordinates>-71.852129,-13.396183,3908.12</coordinates>
        </Point>
      </Placemark>
      <Placemark>
        <name>Apu Linli hike - Wikiloc-939</name>
        <snippet></snippet>
        <description>
&lt;table&gt;
&lt;tr&gt;&lt;td&gt;Longitude: -71.852075&lt;/td&gt;&lt;/tr&gt;
&lt;tr&gt;&lt;td&gt;Latitude: -13.396208&lt;/td&gt;&lt;/tr&gt;
&lt;tr&gt;&lt;td&gt;Altitude: 12809.081 ft&lt;/td&gt;&lt;/tr&gt;
&lt;tr&gt;&lt;td&gt;Speed: 1.8 mph&lt;/td&gt;&lt;/tr&gt;
&lt;tr&gt;&lt;td&gt;Heading: 115.5&lt;/td&gt;&lt;/tr&gt;
&lt;tr&gt;&lt;td&gt;Time: 2021-02-19T19:48:22Z&lt;/td&gt;&lt;/tr&gt;
&lt;/table&gt;
</description>
        <LookAt>
          <longitude>-71.852075</longitude>
          <latitude>-13.396208</latitude>
          <tilt>66</tilt>
        </LookAt>
        <TimeStamp>
          <when>2021-02-19T19:48:22Z</when>
        </TimeStamp>
        <styleUrl>#track</styleUrl>
        <Point>
          <coordinates>-71.852075,-13.396208,3904.21</coordinates>
        </Point>
      </Placemark>
      <Placemark>
        <name>Apu Linli hike - Wikiloc-940</name>
        <snippet></snippet>
        <description>
&lt;table&gt;
&lt;tr&gt;&lt;td&gt;Longitude: -71.852033&lt;/td&gt;&lt;/tr&gt;
&lt;tr&gt;&lt;td&gt;Latitude: -13.396308&lt;/td&gt;&lt;/tr&gt;
&lt;tr&gt;&lt;td&gt;Altitude: 12796.132 ft&lt;/td&gt;&lt;/tr&gt;
&lt;tr&gt;&lt;td&gt;Speed: 2.4 mph&lt;/td&gt;&lt;/tr&gt;
&lt;tr&gt;&lt;td&gt;Heading: 157.8&lt;/td&gt;&lt;/tr&gt;
&lt;tr&gt;&lt;td&gt;Time: 2021-02-19T19:48:33Z&lt;/td&gt;&lt;/tr&gt;
&lt;/table&gt;
</description>
        <LookAt>
          <longitude>-71.852033</longitude>
          <latitude>-13.396308</latitude>
          <tilt>66</tilt>
        </LookAt>
        <TimeStamp>
          <when>2021-02-19T19:48:33Z</when>
        </TimeStamp>
        <styleUrl>#track</styleUrl>
        <Point>
          <coordinates>-71.852033,-13.396308,3900.26</coordinates>
        </Point>
      </Placemark>
      <Placemark>
        <name>Apu Linli hike - Wikiloc-941</name>
        <snippet></snippet>
        <description>
&lt;table&gt;
&lt;tr&gt;&lt;td&gt;Longitude: -71.851993&lt;/td&gt;&lt;/tr&gt;
&lt;tr&gt;&lt;td&gt;Latitude: -13.396338&lt;/td&gt;&lt;/tr&gt;
&lt;tr&gt;&lt;td&gt;Altitude: 12785.371 ft&lt;/td&gt;&lt;/tr&gt;
&lt;tr&gt;&lt;td&gt;Speed: 3.1 mph&lt;/td&gt;&lt;/tr&gt;
&lt;tr&gt;&lt;td&gt;Heading: 127.6&lt;/td&gt;&lt;/tr&gt;
&lt;tr&gt;&lt;td&gt;Time: 2021-02-19T19:48:37Z&lt;/td&gt;&lt;/tr&gt;
&lt;/table&gt;
</description>
        <LookAt>
          <longitude>-71.851993</longitude>
          <latitude>-13.396338</latitude>
          <tilt>66</tilt>
        </LookAt>
        <TimeStamp>
          <when>2021-02-19T19:48:37Z</when>
        </TimeStamp>
        <styleUrl>#track</styleUrl>
        <Point>
          <coordinates>-71.851993,-13.396338,3896.98</coordinates>
        </Point>
      </Placemark>
      <Placemark>
        <name>Apu Linli hike - Wikiloc-942</name>
        <snippet></snippet>
        <description>
&lt;table&gt;
&lt;tr&gt;&lt;td&gt;Longitude: -71.851942&lt;/td&gt;&lt;/tr&gt;
&lt;tr&gt;&lt;td&gt;Latitude: -13.396353&lt;/td&gt;&lt;/tr&gt;
&lt;tr&gt;&lt;td&gt;Altitude: 12776.693 ft&lt;/td&gt;&lt;/tr&gt;
&lt;tr&gt;&lt;td&gt;Speed: 2.6 mph&lt;/td&gt;&lt;/tr&gt;
&lt;tr&gt;&lt;td&gt;Heading: 106.8&lt;/td&gt;&lt;/tr&gt;
&lt;tr&gt;&lt;td&gt;Time: 2021-02-19T19:48:42Z&lt;/td&gt;&lt;/tr&gt;
&lt;/table&gt;
</description>
        <LookAt>
          <longitude>-71.851942</longitude>
          <latitude>-13.396353</latitude>
          <tilt>66</tilt>
        </LookAt>
        <TimeStamp>
          <when>2021-02-19T19:48:42Z</when>
        </TimeStamp>
        <styleUrl>#track</styleUrl>
        <Point>
          <coordinates>-71.851942,-13.396353,3894.34</coordinates>
        </Point>
      </Placemark>
      <Placemark>
        <name>Apu Linli hike - Wikiloc-943</name>
        <snippet></snippet>
        <description>
&lt;table&gt;
&lt;tr&gt;&lt;td&gt;Longitude: -71.851895&lt;/td&gt;&lt;/tr&gt;
&lt;tr&gt;&lt;td&gt;Latitude: -13.396371&lt;/td&gt;&lt;/tr&gt;
&lt;tr&gt;&lt;td&gt;Altitude: 12769.475 ft&lt;/td&gt;&lt;/tr&gt;
&lt;tr&gt;&lt;td&gt;Speed: 3.1 mph&lt;/td&gt;&lt;/tr&gt;
&lt;tr&gt;&lt;td&gt;Heading: 111.5&lt;/td&gt;&lt;/tr&gt;
&lt;tr&gt;&lt;td&gt;Time: 2021-02-19T19:48:46Z&lt;/td&gt;&lt;/tr&gt;
&lt;/table&gt;
</description>
        <LookAt>
          <longitude>-71.851895</longitude>
          <latitude>-13.396371</latitude>
          <tilt>66</tilt>
        </LookAt>
        <TimeStamp>
          <when>2021-02-19T19:48:46Z</when>
        </TimeStamp>
        <styleUrl>#track</styleUrl>
        <Point>
          <coordinates>-71.851895,-13.396371,3892.14</coordinates>
        </Point>
      </Placemark>
      <Placemark>
        <name>Apu Linli hike - Wikiloc-944</name>
        <snippet></snippet>
        <description>
&lt;table&gt;
&lt;tr&gt;&lt;td&gt;Longitude: -71.851805&lt;/td&gt;&lt;/tr&gt;
&lt;tr&gt;&lt;td&gt;Latitude: -13.396394&lt;/td&gt;&lt;/tr&gt;
&lt;tr&gt;&lt;td&gt;Altitude: 12760.433 ft&lt;/td&gt;&lt;/tr&gt;
&lt;tr&gt;&lt;td&gt;Speed: 2.8 mph&lt;/td&gt;&lt;/tr&gt;
&lt;tr&gt;&lt;td&gt;Heading: 104.7&lt;/td&gt;&lt;/tr&gt;
&lt;tr&gt;&lt;td&gt;Time: 2021-02-19T19:48:54Z&lt;/td&gt;&lt;/tr&gt;
&lt;/table&gt;
</description>
        <LookAt>
          <longitude>-71.851805</longitude>
          <latitude>-13.396394</latitude>
          <tilt>66</tilt>
        </LookAt>
        <TimeStamp>
          <when>2021-02-19T19:48:54Z</when>
        </TimeStamp>
        <styleUrl>#track</styleUrl>
        <Point>
          <coordinates>-71.851805,-13.396394,3889.38</coordinates>
        </Point>
      </Placemark>
      <Placemark>
        <name>Apu Linli hike - Wikiloc-945</name>
        <snippet></snippet>
        <description>
&lt;table&gt;
&lt;tr&gt;&lt;td&gt;Longitude: -71.851756&lt;/td&gt;&lt;/tr&gt;
&lt;tr&gt;&lt;td&gt;Latitude: -13.396404&lt;/td&gt;&lt;/tr&gt;
&lt;tr&gt;&lt;td&gt;Altitude: 12752.415 ft&lt;/td&gt;&lt;/tr&gt;
&lt;tr&gt;&lt;td&gt;Speed: 3.0 mph&lt;/td&gt;&lt;/tr&gt;
&lt;tr&gt;&lt;td&gt;Heading: 101.8&lt;/td&gt;&lt;/tr&gt;
&lt;tr&gt;&lt;td&gt;Time: 2021-02-19T19:48:58Z&lt;/td&gt;&lt;/tr&gt;
&lt;/table&gt;
</description>
        <LookAt>
          <longitude>-71.851756</longitude>
          <latitude>-13.396404</latitude>
          <tilt>66</tilt>
        </LookAt>
        <TimeStamp>
          <when>2021-02-19T19:48:58Z</when>
        </TimeStamp>
        <styleUrl>#track</styleUrl>
        <Point>
          <coordinates>-71.851756,-13.396404,3886.94</coordinates>
        </Point>
      </Placemark>
      <Placemark>
        <name>Apu Linli hike - Wikiloc-946</name>
        <snippet></snippet>
        <description>
&lt;table&gt;
&lt;tr&gt;&lt;td&gt;Longitude: -71.851716&lt;/td&gt;&lt;/tr&gt;
&lt;tr&gt;&lt;td&gt;Latitude: -13.396436&lt;/td&gt;&lt;/tr&gt;
&lt;tr&gt;&lt;td&gt;Altitude: 12744.662 ft&lt;/td&gt;&lt;/tr&gt;
&lt;tr&gt;&lt;td&gt;Speed: 3.1 mph&lt;/td&gt;&lt;/tr&gt;
&lt;tr&gt;&lt;td&gt;Heading: 129.4&lt;/td&gt;&lt;/tr&gt;
&lt;tr&gt;&lt;td&gt;Time: 2021-02-19T19:49:02Z&lt;/td&gt;&lt;/tr&gt;
&lt;/table&gt;
</description>
        <LookAt>
          <longitude>-71.851716</longitude>
          <latitude>-13.396436</latitude>
          <tilt>66</tilt>
        </LookAt>
        <TimeStamp>
          <when>2021-02-19T19:49:02Z</when>
        </TimeStamp>
        <styleUrl>#track</styleUrl>
        <Point>
          <coordinates>-71.851716,-13.396436,3884.57</coordinates>
        </Point>
      </Placemark>
      <Placemark>
        <name>Apu Linli hike - Wikiloc-947</name>
        <snippet></snippet>
        <description>
&lt;table&gt;
&lt;tr&gt;&lt;td&gt;Longitude: -71.851681&lt;/td&gt;&lt;/tr&gt;
&lt;tr&gt;&lt;td&gt;Latitude: -13.396527&lt;/td&gt;&lt;/tr&gt;
&lt;tr&gt;&lt;td&gt;Altitude: 12733.835 ft&lt;/td&gt;&lt;/tr&gt;
&lt;tr&gt;&lt;td&gt;Speed: 3.5 mph&lt;/td&gt;&lt;/tr&gt;
&lt;tr&gt;&lt;td&gt;Heading: 159.5&lt;/td&gt;&lt;/tr&gt;
&lt;tr&gt;&lt;td&gt;Time: 2021-02-19T19:49:09Z&lt;/td&gt;&lt;/tr&gt;
&lt;/table&gt;
</description>
        <LookAt>
          <longitude>-71.851681</longitude>
          <latitude>-13.396527</latitude>
          <tilt>66</tilt>
        </LookAt>
        <TimeStamp>
          <when>2021-02-19T19:49:09Z</when>
        </TimeStamp>
        <styleUrl>#track</styleUrl>
        <Point>
          <coordinates>-71.851681,-13.396527,3881.27</coordinates>
        </Point>
      </Placemark>
      <Placemark>
        <name>Apu Linli hike - Wikiloc-948</name>
        <snippet></snippet>
        <description>
&lt;table&gt;
&lt;tr&gt;&lt;td&gt;Longitude: -71.851615&lt;/td&gt;&lt;/tr&gt;
&lt;tr&gt;&lt;td&gt;Latitude: -13.396629&lt;/td&gt;&lt;/tr&gt;
&lt;tr&gt;&lt;td&gt;Altitude: 12723.714 ft&lt;/td&gt;&lt;/tr&gt;
&lt;tr&gt;&lt;td&gt;Speed: 2.3 mph&lt;/td&gt;&lt;/tr&gt;
&lt;tr&gt;&lt;td&gt;Heading: 147.8&lt;/td&gt;&lt;/tr&gt;
&lt;tr&gt;&lt;td&gt;Time: 2021-02-19T19:49:22Z&lt;/td&gt;&lt;/tr&gt;
&lt;/table&gt;
</description>
        <LookAt>
          <longitude>-71.851615</longitude>
          <latitude>-13.396629</latitude>
          <tilt>66</tilt>
        </LookAt>
        <TimeStamp>
          <when>2021-02-19T19:49:22Z</when>
        </TimeStamp>
        <styleUrl>#track</styleUrl>
        <Point>
          <coordinates>-71.851615,-13.396629,3878.19</coordinates>
        </Point>
      </Placemark>
      <Placemark>
        <name>Apu Linli hike - Wikiloc-949</name>
        <snippet></snippet>
        <description>
&lt;table&gt;
&lt;tr&gt;&lt;td&gt;Longitude: -71.851587&lt;/td&gt;&lt;/tr&gt;
&lt;tr&gt;&lt;td&gt;Latitude: -13.396707&lt;/td&gt;&lt;/tr&gt;
&lt;tr&gt;&lt;td&gt;Altitude: 12710.381 ft&lt;/td&gt;&lt;/tr&gt;
&lt;tr&gt;&lt;td&gt;Speed: 2.6 mph&lt;/td&gt;&lt;/tr&gt;
&lt;tr&gt;&lt;td&gt;Heading: 160.8&lt;/td&gt;&lt;/tr&gt;
&lt;tr&gt;&lt;td&gt;Time: 2021-02-19T19:49:30Z&lt;/td&gt;&lt;/tr&gt;
&lt;/table&gt;
</description>
        <LookAt>
          <longitude>-71.851587</longitude>
          <latitude>-13.396707</latitude>
          <tilt>66</tilt>
        </LookAt>
        <TimeStamp>
          <when>2021-02-19T19:49:30Z</when>
        </TimeStamp>
        <styleUrl>#track</styleUrl>
        <Point>
          <coordinates>-71.851587,-13.396707,3874.12</coordinates>
        </Point>
      </Placemark>
      <Placemark>
        <name>Apu Linli hike - Wikiloc-950</name>
        <snippet></snippet>
        <description>
&lt;table&gt;
&lt;tr&gt;&lt;td&gt;Longitude: -71.851607&lt;/td&gt;&lt;/tr&gt;
&lt;tr&gt;&lt;td&gt;Latitude: -13.396776&lt;/td&gt;&lt;/tr&gt;
&lt;tr&gt;&lt;td&gt;Altitude: 12697.264 ft&lt;/td&gt;&lt;/tr&gt;
&lt;tr&gt;&lt;td&gt;Speed: 2.2 mph&lt;/td&gt;&lt;/tr&gt;
&lt;tr&gt;&lt;td&gt;Heading: 195.7&lt;/td&gt;&lt;/tr&gt;
&lt;tr&gt;&lt;td&gt;Time: 2021-02-19T19:49:38Z&lt;/td&gt;&lt;/tr&gt;
&lt;/table&gt;
</description>
        <LookAt>
          <longitude>-71.851607</longitude>
          <latitude>-13.396776</latitude>
          <tilt>66</tilt>
        </LookAt>
        <TimeStamp>
          <when>2021-02-19T19:49:38Z</when>
        </TimeStamp>
        <styleUrl>#track</styleUrl>
        <Point>
          <coordinates>-71.851607,-13.396776,3870.13</coordinates>
        </Point>
      </Placemark>
      <Placemark>
        <name>Apu Linli hike - Wikiloc-951</name>
        <snippet></snippet>
        <description>
&lt;table&gt;
&lt;tr&gt;&lt;td&gt;Longitude: -71.851608&lt;/td&gt;&lt;/tr&gt;
&lt;tr&gt;&lt;td&gt;Latitude: -13.396837&lt;/td&gt;&lt;/tr&gt;
&lt;tr&gt;&lt;td&gt;Altitude: 12689.659 ft&lt;/td&gt;&lt;/tr&gt;
&lt;tr&gt;&lt;td&gt;Speed: 1.9 mph&lt;/td&gt;&lt;/tr&gt;
&lt;tr&gt;&lt;td&gt;Heading: 180.9&lt;/td&gt;&lt;/tr&gt;
&lt;tr&gt;&lt;td&gt;Time: 2021-02-19T19:49:46Z&lt;/td&gt;&lt;/tr&gt;
&lt;/table&gt;
</description>
        <LookAt>
          <longitude>-71.851608</longitude>
          <latitude>-13.396837</latitude>
          <tilt>66</tilt>
        </LookAt>
        <TimeStamp>
          <when>2021-02-19T19:49:46Z</when>
        </TimeStamp>
        <styleUrl>#track</styleUrl>
        <Point>
          <coordinates>-71.851608,-13.396837,3867.81</coordinates>
        </Point>
      </Placemark>
      <Placemark>
        <name>Apu Linli hike - Wikiloc-952</name>
        <snippet></snippet>
        <description>
&lt;table&gt;
&lt;tr&gt;&lt;td&gt;Longitude: -71.851618&lt;/td&gt;&lt;/tr&gt;
&lt;tr&gt;&lt;td&gt;Latitude: -13.396893&lt;/td&gt;&lt;/tr&gt;
&lt;tr&gt;&lt;td&gt;Altitude: 12685.249 ft&lt;/td&gt;&lt;/tr&gt;
&lt;tr&gt;&lt;td&gt;Speed: 1.8 mph&lt;/td&gt;&lt;/tr&gt;
&lt;tr&gt;&lt;td&gt;Heading: 189.9&lt;/td&gt;&lt;/tr&gt;
&lt;tr&gt;&lt;td&gt;Time: 2021-02-19T19:49:54Z&lt;/td&gt;&lt;/tr&gt;
&lt;/table&gt;
</description>
        <LookAt>
          <longitude>-71.851618</longitude>
          <latitude>-13.396893</latitude>
          <tilt>66</tilt>
        </LookAt>
        <TimeStamp>
          <when>2021-02-19T19:49:54Z</when>
        </TimeStamp>
        <styleUrl>#track</styleUrl>
        <Point>
          <coordinates>-71.851618,-13.396893,3866.46</coordinates>
        </Point>
      </Placemark>
      <Placemark>
        <name>Apu Linli hike - Wikiloc-953</name>
        <snippet></snippet>
        <description>
&lt;table&gt;
&lt;tr&gt;&lt;td&gt;Longitude: -71.851649&lt;/td&gt;&lt;/tr&gt;
&lt;tr&gt;&lt;td&gt;Latitude: -13.396961&lt;/td&gt;&lt;/tr&gt;
&lt;tr&gt;&lt;td&gt;Altitude: 12686.234 ft&lt;/td&gt;&lt;/tr&gt;
&lt;tr&gt;&lt;td&gt;Speed: 2.3 mph&lt;/td&gt;&lt;/tr&gt;
&lt;tr&gt;&lt;td&gt;Heading: 203.9&lt;/td&gt;&lt;/tr&gt;
&lt;tr&gt;&lt;td&gt;Time: 2021-02-19T19:50:02Z&lt;/td&gt;&lt;/tr&gt;
&lt;/table&gt;
</description>
        <LookAt>
          <longitude>-71.851649</longitude>
          <latitude>-13.396961</latitude>
          <tilt>66</tilt>
        </LookAt>
        <TimeStamp>
          <when>2021-02-19T19:50:02Z</when>
        </TimeStamp>
        <styleUrl>#track</styleUrl>
        <Point>
          <coordinates>-71.851649,-13.396961,3866.76</coordinates>
        </Point>
      </Placemark>
      <Placemark>
        <name>Apu Linli hike - Wikiloc-954</name>
        <snippet></snippet>
        <description>
&lt;table&gt;
&lt;tr&gt;&lt;td&gt;Longitude: -71.851692&lt;/td&gt;&lt;/tr&gt;
&lt;tr&gt;&lt;td&gt;Latitude: -13.397013&lt;/td&gt;&lt;/tr&gt;
&lt;tr&gt;&lt;td&gt;Altitude: 12686.217 ft&lt;/td&gt;&lt;/tr&gt;
&lt;tr&gt;&lt;td&gt;Speed: 2.1 mph&lt;/td&gt;&lt;/tr&gt;
&lt;tr&gt;&lt;td&gt;Heading: 218.8&lt;/td&gt;&lt;/tr&gt;
&lt;tr&gt;&lt;td&gt;Time: 2021-02-19T19:50:10Z&lt;/td&gt;&lt;/tr&gt;
&lt;/table&gt;
</description>
        <LookAt>
          <longitude>-71.851692</longitude>
          <latitude>-13.397013</latitude>
          <tilt>66</tilt>
        </LookAt>
        <TimeStamp>
          <when>2021-02-19T19:50:10Z</when>
        </TimeStamp>
        <styleUrl>#track</styleUrl>
        <Point>
          <coordinates>-71.851692,-13.397013,3866.76</coordinates>
        </Point>
      </Placemark>
      <Placemark>
        <name>Apu Linli hike - Wikiloc-955</name>
        <snippet></snippet>
        <description>
&lt;table&gt;
&lt;tr&gt;&lt;td&gt;Longitude: -71.851709&lt;/td&gt;&lt;/tr&gt;
&lt;tr&gt;&lt;td&gt;Latitude: -13.397090&lt;/td&gt;&lt;/tr&gt;
&lt;tr&gt;&lt;td&gt;Altitude: 12679.360 ft&lt;/td&gt;&lt;/tr&gt;
&lt;tr&gt;&lt;td&gt;Speed: 2.5 mph&lt;/td&gt;&lt;/tr&gt;
&lt;tr&gt;&lt;td&gt;Heading: 192.1&lt;/td&gt;&lt;/tr&gt;
&lt;tr&gt;&lt;td&gt;Time: 2021-02-19T19:50:18Z&lt;/td&gt;&lt;/tr&gt;
&lt;/table&gt;
</description>
        <LookAt>
          <longitude>-71.851709</longitude>
          <latitude>-13.39709</latitude>
          <tilt>66</tilt>
        </LookAt>
        <TimeStamp>
          <when>2021-02-19T19:50:18Z</when>
        </TimeStamp>
        <styleUrl>#track</styleUrl>
        <Point>
          <coordinates>-71.851709,-13.397090,3864.67</coordinates>
        </Point>
      </Placemark>
      <Placemark>
        <name>Apu Linli hike - Wikiloc-956</name>
        <snippet></snippet>
        <description>
&lt;table&gt;
&lt;tr&gt;&lt;td&gt;Longitude: -71.851756&lt;/td&gt;&lt;/tr&gt;
&lt;tr&gt;&lt;td&gt;Latitude: -13.397149&lt;/td&gt;&lt;/tr&gt;
&lt;tr&gt;&lt;td&gt;Altitude: 12668.219 ft&lt;/td&gt;&lt;/tr&gt;
&lt;tr&gt;&lt;td&gt;Speed: 2.3 mph&lt;/td&gt;&lt;/tr&gt;
&lt;tr&gt;&lt;td&gt;Heading: 217.8&lt;/td&gt;&lt;/tr&gt;
&lt;tr&gt;&lt;td&gt;Time: 2021-02-19T19:50:26Z&lt;/td&gt;&lt;/tr&gt;
&lt;/table&gt;
</description>
        <LookAt>
          <longitude>-71.851756</longitude>
          <latitude>-13.397149</latitude>
          <tilt>66</tilt>
        </LookAt>
        <TimeStamp>
          <when>2021-02-19T19:50:26Z</when>
        </TimeStamp>
        <styleUrl>#track</styleUrl>
        <Point>
          <coordinates>-71.851756,-13.397149,3861.27</coordinates>
        </Point>
      </Placemark>
      <Placemark>
        <name>Apu Linli hike - Wikiloc-957</name>
        <snippet></snippet>
        <description>
&lt;table&gt;
&lt;tr&gt;&lt;td&gt;Longitude: -71.851796&lt;/td&gt;&lt;/tr&gt;
&lt;tr&gt;&lt;td&gt;Latitude: -13.397253&lt;/td&gt;&lt;/tr&gt;
&lt;tr&gt;&lt;td&gt;Altitude: 12661.512 ft&lt;/td&gt;&lt;/tr&gt;
&lt;tr&gt;&lt;td&gt;Speed: 3.5 mph&lt;/td&gt;&lt;/tr&gt;
&lt;tr&gt;&lt;td&gt;Heading: 200.5&lt;/td&gt;&lt;/tr&gt;
&lt;tr&gt;&lt;td&gt;Time: 2021-02-19T19:50:34Z&lt;/td&gt;&lt;/tr&gt;
&lt;/table&gt;
</description>
        <LookAt>
          <longitude>-71.851796</longitude>
          <latitude>-13.397253</latitude>
          <tilt>66</tilt>
        </LookAt>
        <TimeStamp>
          <when>2021-02-19T19:50:34Z</when>
        </TimeStamp>
        <styleUrl>#track</styleUrl>
        <Point>
          <coordinates>-71.851796,-13.397253,3859.23</coordinates>
        </Point>
      </Placemark>
      <Placemark>
        <name>Apu Linli hike - Wikiloc-958</name>
        <snippet></snippet>
        <description>
&lt;table&gt;
&lt;tr&gt;&lt;td&gt;Longitude: -71.851729&lt;/td&gt;&lt;/tr&gt;
&lt;tr&gt;&lt;td&gt;Latitude: -13.397340&lt;/td&gt;&lt;/tr&gt;
&lt;tr&gt;&lt;td&gt;Altitude: 12652.415 ft&lt;/td&gt;&lt;/tr&gt;
&lt;tr&gt;&lt;td&gt;Speed: 3.4 mph&lt;/td&gt;&lt;/tr&gt;
&lt;tr&gt;&lt;td&gt;Heading: 143.2&lt;/td&gt;&lt;/tr&gt;
&lt;tr&gt;&lt;td&gt;Time: 2021-02-19T19:50:42Z&lt;/td&gt;&lt;/tr&gt;
&lt;/table&gt;
</description>
        <LookAt>
          <longitude>-71.851729</longitude>
          <latitude>-13.39734</latitude>
          <tilt>66</tilt>
        </LookAt>
        <TimeStamp>
          <when>2021-02-19T19:50:42Z</when>
        </TimeStamp>
        <styleUrl>#track</styleUrl>
        <Point>
          <coordinates>-71.851729,-13.397340,3856.46</coordinates>
        </Point>
      </Placemark>
      <Placemark>
        <name>Apu Linli hike - Wikiloc-959</name>
        <snippet></snippet>
        <description>
&lt;table&gt;
&lt;tr&gt;&lt;td&gt;Longitude: -71.851696&lt;/td&gt;&lt;/tr&gt;
&lt;tr&gt;&lt;td&gt;Latitude: -13.397413&lt;/td&gt;&lt;/tr&gt;
&lt;tr&gt;&lt;td&gt;Altitude: 12646.640 ft&lt;/td&gt;&lt;/tr&gt;
&lt;tr&gt;&lt;td&gt;Speed: 2.5 mph&lt;/td&gt;&lt;/tr&gt;
&lt;tr&gt;&lt;td&gt;Heading: 156.3&lt;/td&gt;&lt;/tr&gt;
&lt;tr&gt;&lt;td&gt;Time: 2021-02-19T19:50:50Z&lt;/td&gt;&lt;/tr&gt;
&lt;/table&gt;
</description>
        <LookAt>
          <longitude>-71.851696</longitude>
          <latitude>-13.397413</latitude>
          <tilt>66</tilt>
        </LookAt>
        <TimeStamp>
          <when>2021-02-19T19:50:50Z</when>
        </TimeStamp>
        <styleUrl>#track</styleUrl>
        <Point>
          <coordinates>-71.851696,-13.397413,3854.70</coordinates>
        </Point>
      </Placemark>
      <Placemark>
        <name>Apu Linli hike - Wikiloc-960</name>
        <snippet></snippet>
        <description>
&lt;table&gt;
&lt;tr&gt;&lt;td&gt;Longitude: -71.851645&lt;/td&gt;&lt;/tr&gt;
&lt;tr&gt;&lt;td&gt;Latitude: -13.397483&lt;/td&gt;&lt;/tr&gt;
&lt;tr&gt;&lt;td&gt;Altitude: 12644.767 ft&lt;/td&gt;&lt;/tr&gt;
&lt;tr&gt;&lt;td&gt;Speed: 2.7 mph&lt;/td&gt;&lt;/tr&gt;
&lt;tr&gt;&lt;td&gt;Heading: 144.7&lt;/td&gt;&lt;/tr&gt;
&lt;tr&gt;&lt;td&gt;Time: 2021-02-19T19:50:58Z&lt;/td&gt;&lt;/tr&gt;
&lt;/table&gt;
</description>
        <LookAt>
          <longitude>-71.851645</longitude>
          <latitude>-13.397483</latitude>
          <tilt>66</tilt>
        </LookAt>
        <TimeStamp>
          <when>2021-02-19T19:50:58Z</when>
        </TimeStamp>
        <styleUrl>#track</styleUrl>
        <Point>
          <coordinates>-71.851645,-13.397483,3854.13</coordinates>
        </Point>
      </Placemark>
      <Placemark>
        <name>Apu Linli hike - Wikiloc-961</name>
        <snippet></snippet>
        <description>
&lt;table&gt;
&lt;tr&gt;&lt;td&gt;Longitude: -71.851599&lt;/td&gt;&lt;/tr&gt;
&lt;tr&gt;&lt;td&gt;Latitude: -13.397574&lt;/td&gt;&lt;/tr&gt;
&lt;tr&gt;&lt;td&gt;Altitude: 12642.474 ft&lt;/td&gt;&lt;/tr&gt;
&lt;tr&gt;&lt;td&gt;Speed: 3.2 mph&lt;/td&gt;&lt;/tr&gt;
&lt;tr&gt;&lt;td&gt;Heading: 153.8&lt;/td&gt;&lt;/tr&gt;
&lt;tr&gt;&lt;td&gt;Time: 2021-02-19T19:51:06Z&lt;/td&gt;&lt;/tr&gt;
&lt;/table&gt;
</description>
        <LookAt>
          <longitude>-71.851599</longitude>
          <latitude>-13.397574</latitude>
          <tilt>66</tilt>
        </LookAt>
        <TimeStamp>
          <when>2021-02-19T19:51:06Z</when>
        </TimeStamp>
        <styleUrl>#track</styleUrl>
        <Point>
          <coordinates>-71.851599,-13.397574,3853.43</coordinates>
        </Point>
      </Placemark>
      <Placemark>
        <name>Apu Linli hike - Wikiloc-962</name>
        <snippet></snippet>
        <description>
&lt;table&gt;
&lt;tr&gt;&lt;td&gt;Longitude: -71.851550&lt;/td&gt;&lt;/tr&gt;
&lt;tr&gt;&lt;td&gt;Latitude: -13.397645&lt;/td&gt;&lt;/tr&gt;
&lt;tr&gt;&lt;td&gt;Altitude: 12638.806 ft&lt;/td&gt;&lt;/tr&gt;
&lt;tr&gt;&lt;td&gt;Speed: 5.3 mph&lt;/td&gt;&lt;/tr&gt;
&lt;tr&gt;&lt;td&gt;Heading: 146.1&lt;/td&gt;&lt;/tr&gt;
&lt;tr&gt;&lt;td&gt;Time: 2021-02-19T19:51:10Z&lt;/td&gt;&lt;/tr&gt;
&lt;/table&gt;
</description>
        <LookAt>
          <longitude>-71.85155</longitude>
          <latitude>-13.397645</latitude>
          <tilt>66</tilt>
        </LookAt>
        <TimeStamp>
          <when>2021-02-19T19:51:10Z</when>
        </TimeStamp>
        <styleUrl>#track</styleUrl>
        <Point>
          <coordinates>-71.851550,-13.397645,3852.31</coordinates>
        </Point>
      </Placemark>
      <Placemark>
        <name>Apu Linli hike - Wikiloc-963</name>
        <snippet></snippet>
        <description>
&lt;table&gt;
&lt;tr&gt;&lt;td&gt;Longitude: -71.851583&lt;/td&gt;&lt;/tr&gt;
&lt;tr&gt;&lt;td&gt;Latitude: -13.397689&lt;/td&gt;&lt;/tr&gt;
&lt;tr&gt;&lt;td&gt;Altitude: 12636.181 ft&lt;/td&gt;&lt;/tr&gt;
&lt;tr&gt;&lt;td&gt;Speed: 3.4 mph&lt;/td&gt;&lt;/tr&gt;
&lt;tr&gt;&lt;td&gt;Heading: 216.1&lt;/td&gt;&lt;/tr&gt;
&lt;tr&gt;&lt;td&gt;Time: 2021-02-19T19:51:14Z&lt;/td&gt;&lt;/tr&gt;
&lt;/table&gt;
</description>
        <LookAt>
          <longitude>-71.851583</longitude>
          <latitude>-13.397689</latitude>
          <tilt>66</tilt>
        </LookAt>
        <TimeStamp>
          <when>2021-02-19T19:51:14Z</when>
        </TimeStamp>
        <styleUrl>#track</styleUrl>
        <Point>
          <coordinates>-71.851583,-13.397689,3851.51</coordinates>
        </Point>
      </Placemark>
      <Placemark>
        <name>Apu Linli hike - Wikiloc-964</name>
        <snippet></snippet>
        <description>
&lt;table&gt;
&lt;tr&gt;&lt;td&gt;Longitude: -71.851599&lt;/td&gt;&lt;/tr&gt;
&lt;tr&gt;&lt;td&gt;Latitude: -13.397735&lt;/td&gt;&lt;/tr&gt;
&lt;tr&gt;&lt;td&gt;Altitude: 12631.719 ft&lt;/td&gt;&lt;/tr&gt;
&lt;tr&gt;&lt;td&gt;Speed: 3.0 mph&lt;/td&gt;&lt;/tr&gt;
&lt;tr&gt;&lt;td&gt;Heading: 198.7&lt;/td&gt;&lt;/tr&gt;
&lt;tr&gt;&lt;td&gt;Time: 2021-02-19T19:51:18Z&lt;/td&gt;&lt;/tr&gt;
&lt;/table&gt;
</description>
        <LookAt>
          <longitude>-71.851599</longitude>
          <latitude>-13.397735</latitude>
          <tilt>66</tilt>
        </LookAt>
        <TimeStamp>
          <when>2021-02-19T19:51:18Z</when>
        </TimeStamp>
        <styleUrl>#track</styleUrl>
        <Point>
          <coordinates>-71.851599,-13.397735,3850.15</coordinates>
        </Point>
      </Placemark>
      <Placemark>
        <name>Apu Linli hike - Wikiloc-965</name>
        <snippet></snippet>
        <description>
&lt;table&gt;
&lt;tr&gt;&lt;td&gt;Longitude: -71.851630&lt;/td&gt;&lt;/tr&gt;
&lt;tr&gt;&lt;td&gt;Latitude: -13.397778&lt;/td&gt;&lt;/tr&gt;
&lt;tr&gt;&lt;td&gt;Altitude: 12628.734 ft&lt;/td&gt;&lt;/tr&gt;
&lt;tr&gt;&lt;td&gt;Speed: 3.3 mph&lt;/td&gt;&lt;/tr&gt;
&lt;tr&gt;&lt;td&gt;Heading: 215.0&lt;/td&gt;&lt;/tr&gt;
&lt;tr&gt;&lt;td&gt;Time: 2021-02-19T19:51:22Z&lt;/td&gt;&lt;/tr&gt;
&lt;/table&gt;
</description>
        <LookAt>
          <longitude>-71.85163</longitude>
          <latitude>-13.397778</latitude>
          <tilt>66</tilt>
        </LookAt>
        <TimeStamp>
          <when>2021-02-19T19:51:22Z</when>
        </TimeStamp>
        <styleUrl>#track</styleUrl>
        <Point>
          <coordinates>-71.851630,-13.397778,3849.24</coordinates>
        </Point>
      </Placemark>
      <Placemark>
        <name>Apu Linli hike - Wikiloc-966</name>
        <snippet></snippet>
        <description>
&lt;table&gt;
&lt;tr&gt;&lt;td&gt;Longitude: -71.851653&lt;/td&gt;&lt;/tr&gt;
&lt;tr&gt;&lt;td&gt;Latitude: -13.397826&lt;/td&gt;&lt;/tr&gt;
&lt;tr&gt;&lt;td&gt;Altitude: 12625.207 ft&lt;/td&gt;&lt;/tr&gt;
&lt;tr&gt;&lt;td&gt;Speed: 3.3 mph&lt;/td&gt;&lt;/tr&gt;
&lt;tr&gt;&lt;td&gt;Heading: 205.0&lt;/td&gt;&lt;/tr&gt;
&lt;tr&gt;&lt;td&gt;Time: 2021-02-19T19:51:26Z&lt;/td&gt;&lt;/tr&gt;
&lt;/table&gt;
</description>
        <LookAt>
          <longitude>-71.851653</longitude>
          <latitude>-13.397826</latitude>
          <tilt>66</tilt>
        </LookAt>
        <TimeStamp>
          <when>2021-02-19T19:51:26Z</when>
        </TimeStamp>
        <styleUrl>#track</styleUrl>
        <Point>
          <coordinates>-71.851653,-13.397826,3848.16</coordinates>
        </Point>
      </Placemark>
      <Placemark>
        <name>Apu Linli hike - Wikiloc-967</name>
        <snippet></snippet>
        <description>
&lt;table&gt;
&lt;tr&gt;&lt;td&gt;Longitude: -71.851674&lt;/td&gt;&lt;/tr&gt;
&lt;tr&gt;&lt;td&gt;Latitude: -13.397881&lt;/td&gt;&lt;/tr&gt;
&lt;tr&gt;&lt;td&gt;Altitude: 12621.663 ft&lt;/td&gt;&lt;/tr&gt;
&lt;tr&gt;&lt;td&gt;Speed: 3.7 mph&lt;/td&gt;&lt;/tr&gt;
&lt;tr&gt;&lt;td&gt;Heading: 200.4&lt;/td&gt;&lt;/tr&gt;
&lt;tr&gt;&lt;td&gt;Time: 2021-02-19T19:51:30Z&lt;/td&gt;&lt;/tr&gt;
&lt;/table&gt;
</description>
        <LookAt>
          <longitude>-71.851674</longitude>
          <latitude>-13.397881</latitude>
          <tilt>66</tilt>
        </LookAt>
        <TimeStamp>
          <when>2021-02-19T19:51:30Z</when>
        </TimeStamp>
        <styleUrl>#track</styleUrl>
        <Point>
          <coordinates>-71.851674,-13.397881,3847.08</coordinates>
        </Point>
      </Placemark>
      <Placemark>
        <name>Apu Linli hike - Wikiloc-968</name>
        <snippet></snippet>
        <description>
&lt;table&gt;
&lt;tr&gt;&lt;td&gt;Longitude: -71.851698&lt;/td&gt;&lt;/tr&gt;
&lt;tr&gt;&lt;td&gt;Latitude: -13.397937&lt;/td&gt;&lt;/tr&gt;
&lt;tr&gt;&lt;td&gt;Altitude: 12617.182 ft&lt;/td&gt;&lt;/tr&gt;
&lt;tr&gt;&lt;td&gt;Speed: 3.8 mph&lt;/td&gt;&lt;/tr&gt;
&lt;tr&gt;&lt;td&gt;Heading: 202.6&lt;/td&gt;&lt;/tr&gt;
&lt;tr&gt;&lt;td&gt;Time: 2021-02-19T19:51:34Z&lt;/td&gt;&lt;/tr&gt;
&lt;/table&gt;
</description>
        <LookAt>
          <longitude>-71.851698</longitude>
          <latitude>-13.397937</latitude>
          <tilt>66</tilt>
        </LookAt>
        <TimeStamp>
          <when>2021-02-19T19:51:34Z</when>
        </TimeStamp>
        <styleUrl>#track</styleUrl>
        <Point>
          <coordinates>-71.851698,-13.397937,3845.72</coordinates>
        </Point>
      </Placemark>
      <Placemark>
        <name>Apu Linli hike - Wikiloc-969</name>
        <snippet></snippet>
        <description>
&lt;table&gt;
&lt;tr&gt;&lt;td&gt;Longitude: -71.851746&lt;/td&gt;&lt;/tr&gt;
&lt;tr&gt;&lt;td&gt;Latitude: -13.398009&lt;/td&gt;&lt;/tr&gt;
&lt;tr&gt;&lt;td&gt;Altitude: 12614.117 ft&lt;/td&gt;&lt;/tr&gt;
&lt;tr&gt;&lt;td&gt;Speed: 1.3 mph&lt;/td&gt;&lt;/tr&gt;
&lt;tr&gt;&lt;td&gt;Heading: 213.0&lt;/td&gt;&lt;/tr&gt;
&lt;tr&gt;&lt;td&gt;Time: 2021-02-19T19:51:50Z&lt;/td&gt;&lt;/tr&gt;
&lt;/table&gt;
</description>
        <LookAt>
          <longitude>-71.851746</longitude>
          <latitude>-13.398009</latitude>
          <tilt>66</tilt>
        </LookAt>
        <TimeStamp>
          <when>2021-02-19T19:51:50Z</when>
        </TimeStamp>
        <styleUrl>#track</styleUrl>
        <Point>
          <coordinates>-71.851746,-13.398009,3844.78</coordinates>
        </Point>
      </Placemark>
      <Placemark>
        <name>Apu Linli hike - Wikiloc-970</name>
        <snippet></snippet>
        <description>
&lt;table&gt;
&lt;tr&gt;&lt;td&gt;Longitude: -71.851812&lt;/td&gt;&lt;/tr&gt;
&lt;tr&gt;&lt;td&gt;Latitude: -13.398073&lt;/td&gt;&lt;/tr&gt;
&lt;tr&gt;&lt;td&gt;Altitude: 12610.761 ft&lt;/td&gt;&lt;/tr&gt;
&lt;tr&gt;&lt;td&gt;Speed: 2.8 mph&lt;/td&gt;&lt;/tr&gt;
&lt;tr&gt;&lt;td&gt;Heading: 225.1&lt;/td&gt;&lt;/tr&gt;
&lt;tr&gt;&lt;td&gt;Time: 2021-02-19T19:51:58Z&lt;/td&gt;&lt;/tr&gt;
&lt;/table&gt;
</description>
        <LookAt>
          <longitude>-71.851812</longitude>
          <latitude>-13.398073</latitude>
          <tilt>66</tilt>
        </LookAt>
        <TimeStamp>
          <when>2021-02-19T19:51:58Z</when>
        </TimeStamp>
        <styleUrl>#track</styleUrl>
        <Point>
          <coordinates>-71.851812,-13.398073,3843.76</coordinates>
        </Point>
      </Placemark>
      <Placemark>
        <name>Apu Linli hike - Wikiloc-971</name>
        <snippet></snippet>
        <description>
&lt;table&gt;
&lt;tr&gt;&lt;td&gt;Longitude: -71.851827&lt;/td&gt;&lt;/tr&gt;
&lt;tr&gt;&lt;td&gt;Latitude: -13.398133&lt;/td&gt;&lt;/tr&gt;
&lt;tr&gt;&lt;td&gt;Altitude: 12606.266 ft&lt;/td&gt;&lt;/tr&gt;
&lt;tr&gt;&lt;td&gt;Speed: 3.8 mph&lt;/td&gt;&lt;/tr&gt;
&lt;tr&gt;&lt;td&gt;Heading: 193.7&lt;/td&gt;&lt;/tr&gt;
&lt;tr&gt;&lt;td&gt;Time: 2021-02-19T19:52:02Z&lt;/td&gt;&lt;/tr&gt;
&lt;/table&gt;
</description>
        <LookAt>
          <longitude>-71.851827</longitude>
          <latitude>-13.398133</latitude>
          <tilt>66</tilt>
        </LookAt>
        <TimeStamp>
          <when>2021-02-19T19:52:02Z</when>
        </TimeStamp>
        <styleUrl>#track</styleUrl>
        <Point>
          <coordinates>-71.851827,-13.398133,3842.39</coordinates>
        </Point>
      </Placemark>
      <Placemark>
        <name>Apu Linli hike - Wikiloc-972</name>
        <snippet></snippet>
        <description>
&lt;table&gt;
&lt;tr&gt;&lt;td&gt;Longitude: -71.851859&lt;/td&gt;&lt;/tr&gt;
&lt;tr&gt;&lt;td&gt;Latitude: -13.398188&lt;/td&gt;&lt;/tr&gt;
&lt;tr&gt;&lt;td&gt;Altitude: 12602.858 ft&lt;/td&gt;&lt;/tr&gt;
&lt;tr&gt;&lt;td&gt;Speed: 3.9 mph&lt;/td&gt;&lt;/tr&gt;
&lt;tr&gt;&lt;td&gt;Heading: 209.5&lt;/td&gt;&lt;/tr&gt;
&lt;tr&gt;&lt;td&gt;Time: 2021-02-19T19:52:06Z&lt;/td&gt;&lt;/tr&gt;
&lt;/table&gt;
</description>
        <LookAt>
          <longitude>-71.851859</longitude>
          <latitude>-13.398188</latitude>
          <tilt>66</tilt>
        </LookAt>
        <TimeStamp>
          <when>2021-02-19T19:52:06Z</when>
        </TimeStamp>
        <styleUrl>#track</styleUrl>
        <Point>
          <coordinates>-71.851859,-13.398188,3841.35</coordinates>
        </Point>
      </Placemark>
      <Placemark>
        <name>Apu Linli hike - Wikiloc-973</name>
        <snippet></snippet>
        <description>
&lt;table&gt;
&lt;tr&gt;&lt;td&gt;Longitude: -71.851883&lt;/td&gt;&lt;/tr&gt;
&lt;tr&gt;&lt;td&gt;Latitude: -13.398246&lt;/td&gt;&lt;/tr&gt;
&lt;tr&gt;&lt;td&gt;Altitude: 12599.741 ft&lt;/td&gt;&lt;/tr&gt;
&lt;tr&gt;&lt;td&gt;Speed: 3.9 mph&lt;/td&gt;&lt;/tr&gt;
&lt;tr&gt;&lt;td&gt;Heading: 201.9&lt;/td&gt;&lt;/tr&gt;
&lt;tr&gt;&lt;td&gt;Time: 2021-02-19T19:52:10Z&lt;/td&gt;&lt;/tr&gt;
&lt;/table&gt;
</description>
        <LookAt>
          <longitude>-71.851883</longitude>
          <latitude>-13.398246</latitude>
          <tilt>66</tilt>
        </LookAt>
        <TimeStamp>
          <when>2021-02-19T19:52:10Z</when>
        </TimeStamp>
        <styleUrl>#track</styleUrl>
        <Point>
          <coordinates>-71.851883,-13.398246,3840.40</coordinates>
        </Point>
      </Placemark>
      <Placemark>
        <name>Apu Linli hike - Wikiloc-974</name>
        <snippet></snippet>
        <description>
&lt;table&gt;
&lt;tr&gt;&lt;td&gt;Longitude: -71.851891&lt;/td&gt;&lt;/tr&gt;
&lt;tr&gt;&lt;td&gt;Latitude: -13.398310&lt;/td&gt;&lt;/tr&gt;
&lt;tr&gt;&lt;td&gt;Altitude: 12594.852 ft&lt;/td&gt;&lt;/tr&gt;
&lt;tr&gt;&lt;td&gt;Speed: 0.3 mph&lt;/td&gt;&lt;/tr&gt;
&lt;tr&gt;&lt;td&gt;Heading: 186.9&lt;/td&gt;&lt;/tr&gt;
&lt;tr&gt;&lt;td&gt;Time: 2021-02-19T19:53:10Z&lt;/td&gt;&lt;/tr&gt;
&lt;/table&gt;
</description>
        <LookAt>
          <longitude>-71.851891</longitude>
          <latitude>-13.39831</latitude>
          <tilt>66</tilt>
        </LookAt>
        <TimeStamp>
          <when>2021-02-19T19:53:10Z</when>
        </TimeStamp>
        <styleUrl>#track</styleUrl>
        <Point>
          <coordinates>-71.851891,-13.398310,3838.91</coordinates>
        </Point>
      </Placemark>
      <Placemark>
        <name>Apu Linli hike - Wikiloc-975</name>
        <snippet></snippet>
        <description>
&lt;table&gt;
&lt;tr&gt;&lt;td&gt;Longitude: -71.851918&lt;/td&gt;&lt;/tr&gt;
&lt;tr&gt;&lt;td&gt;Latitude: -13.398349&lt;/td&gt;&lt;/tr&gt;
&lt;tr&gt;&lt;td&gt;Altitude: 12592.546 ft&lt;/td&gt;&lt;/tr&gt;
&lt;tr&gt;&lt;td&gt;Speed: 2.9 mph&lt;/td&gt;&lt;/tr&gt;
&lt;tr&gt;&lt;td&gt;Heading: 214.0&lt;/td&gt;&lt;/tr&gt;
&lt;tr&gt;&lt;td&gt;Time: 2021-02-19T19:53:14Z&lt;/td&gt;&lt;/tr&gt;
&lt;/table&gt;
</description>
        <LookAt>
          <longitude>-71.851918</longitude>
          <latitude>-13.398349</latitude>
          <tilt>66</tilt>
        </LookAt>
        <TimeStamp>
          <when>2021-02-19T19:53:14Z</when>
        </TimeStamp>
        <styleUrl>#track</styleUrl>
        <Point>
          <coordinates>-71.851918,-13.398349,3838.21</coordinates>
        </Point>
      </Placemark>
      <Placemark>
        <name>Apu Linli hike - Wikiloc-976</name>
        <snippet></snippet>
        <description>
&lt;table&gt;
&lt;tr&gt;&lt;td&gt;Longitude: -71.851945&lt;/td&gt;&lt;/tr&gt;
&lt;tr&gt;&lt;td&gt;Latitude: -13.398390&lt;/td&gt;&lt;/tr&gt;
&lt;tr&gt;&lt;td&gt;Altitude: 12592.818 ft&lt;/td&gt;&lt;/tr&gt;
&lt;tr&gt;&lt;td&gt;Speed: 3.0 mph&lt;/td&gt;&lt;/tr&gt;
&lt;tr&gt;&lt;td&gt;Heading: 212.6&lt;/td&gt;&lt;/tr&gt;
&lt;tr&gt;&lt;td&gt;Time: 2021-02-19T19:53:18Z&lt;/td&gt;&lt;/tr&gt;
&lt;/table&gt;
</description>
        <LookAt>
          <longitude>-71.851945</longitude>
          <latitude>-13.39839</latitude>
          <tilt>66</tilt>
        </LookAt>
        <TimeStamp>
          <when>2021-02-19T19:53:18Z</when>
        </TimeStamp>
        <styleUrl>#track</styleUrl>
        <Point>
          <coordinates>-71.851945,-13.398390,3838.29</coordinates>
        </Point>
      </Placemark>
      <Placemark>
        <name>Apu Linli hike - Wikiloc-977</name>
        <snippet></snippet>
        <description>
&lt;table&gt;
&lt;tr&gt;&lt;td&gt;Longitude: -71.851963&lt;/td&gt;&lt;/tr&gt;
&lt;tr&gt;&lt;td&gt;Latitude: -13.398436&lt;/td&gt;&lt;/tr&gt;
&lt;tr&gt;&lt;td&gt;Altitude: 12593.376 ft&lt;/td&gt;&lt;/tr&gt;
&lt;tr&gt;&lt;td&gt;Speed: 3.1 mph&lt;/td&gt;&lt;/tr&gt;
&lt;tr&gt;&lt;td&gt;Heading: 200.8&lt;/td&gt;&lt;/tr&gt;
&lt;tr&gt;&lt;td&gt;Time: 2021-02-19T19:53:22Z&lt;/td&gt;&lt;/tr&gt;
&lt;/table&gt;
</description>
        <LookAt>
          <longitude>-71.851963</longitude>
          <latitude>-13.398436</latitude>
          <tilt>66</tilt>
        </LookAt>
        <TimeStamp>
          <when>2021-02-19T19:53:22Z</when>
        </TimeStamp>
        <styleUrl>#track</styleUrl>
        <Point>
          <coordinates>-71.851963,-13.398436,3838.46</coordinates>
        </Point>
      </Placemark>
      <Placemark>
        <name>Apu Linli hike - Wikiloc-978</name>
        <snippet></snippet>
        <description>
&lt;table&gt;
&lt;tr&gt;&lt;td&gt;Longitude: -71.851974&lt;/td&gt;&lt;/tr&gt;
&lt;tr&gt;&lt;td&gt;Latitude: -13.398483&lt;/td&gt;&lt;/tr&gt;
&lt;tr&gt;&lt;td&gt;Altitude: 12594.278 ft&lt;/td&gt;&lt;/tr&gt;
&lt;tr&gt;&lt;td&gt;Speed: 3.0 mph&lt;/td&gt;&lt;/tr&gt;
&lt;tr&gt;&lt;td&gt;Heading: 192.8&lt;/td&gt;&lt;/tr&gt;
&lt;tr&gt;&lt;td&gt;Time: 2021-02-19T19:53:26Z&lt;/td&gt;&lt;/tr&gt;
&lt;/table&gt;
</description>
        <LookAt>
          <longitude>-71.851974</longitude>
          <latitude>-13.398483</latitude>
          <tilt>66</tilt>
        </LookAt>
        <TimeStamp>
          <when>2021-02-19T19:53:26Z</when>
        </TimeStamp>
        <styleUrl>#track</styleUrl>
        <Point>
          <coordinates>-71.851974,-13.398483,3838.74</coordinates>
        </Point>
      </Placemark>
      <Placemark>
        <name>Apu Linli hike - Wikiloc-979</name>
        <snippet></snippet>
        <description>
&lt;table&gt;
&lt;tr&gt;&lt;td&gt;Longitude: -71.851970&lt;/td&gt;&lt;/tr&gt;
&lt;tr&gt;&lt;td&gt;Latitude: -13.398570&lt;/td&gt;&lt;/tr&gt;
&lt;tr&gt;&lt;td&gt;Altitude: 12591.588 ft&lt;/td&gt;&lt;/tr&gt;
&lt;tr&gt;&lt;td&gt;Speed: 2.7 mph&lt;/td&gt;&lt;/tr&gt;
&lt;tr&gt;&lt;td&gt;Heading: 177.4&lt;/td&gt;&lt;/tr&gt;
&lt;tr&gt;&lt;td&gt;Time: 2021-02-19T19:53:34Z&lt;/td&gt;&lt;/tr&gt;
&lt;/table&gt;
</description>
        <LookAt>
          <longitude>-71.85197</longitude>
          <latitude>-13.39857</latitude>
          <tilt>66</tilt>
        </LookAt>
        <TimeStamp>
          <when>2021-02-19T19:53:34Z</when>
        </TimeStamp>
        <styleUrl>#track</styleUrl>
        <Point>
          <coordinates>-71.851970,-13.398570,3837.92</coordinates>
        </Point>
      </Placemark>
      <Placemark>
        <name>Apu Linli hike - Wikiloc-980</name>
        <snippet></snippet>
        <description>
&lt;table&gt;
&lt;tr&gt;&lt;td&gt;Longitude: -71.851979&lt;/td&gt;&lt;/tr&gt;
&lt;tr&gt;&lt;td&gt;Latitude: -13.398649&lt;/td&gt;&lt;/tr&gt;
&lt;tr&gt;&lt;td&gt;Altitude: 12591.404 ft&lt;/td&gt;&lt;/tr&gt;
&lt;tr&gt;&lt;td&gt;Speed: 2.5 mph&lt;/td&gt;&lt;/tr&gt;
&lt;tr&gt;&lt;td&gt;Heading: 186.3&lt;/td&gt;&lt;/tr&gt;
&lt;tr&gt;&lt;td&gt;Time: 2021-02-19T19:53:42Z&lt;/td&gt;&lt;/tr&gt;
&lt;/table&gt;
</description>
        <LookAt>
          <longitude>-71.851979</longitude>
          <latitude>-13.398649</latitude>
          <tilt>66</tilt>
        </LookAt>
        <TimeStamp>
          <when>2021-02-19T19:53:42Z</when>
        </TimeStamp>
        <styleUrl>#track</styleUrl>
        <Point>
          <coordinates>-71.851979,-13.398649,3837.86</coordinates>
        </Point>
      </Placemark>
      <Placemark>
        <name>Apu Linli hike - Wikiloc-981</name>
        <snippet></snippet>
        <description>
&lt;table&gt;
&lt;tr&gt;&lt;td&gt;Longitude: -71.851992&lt;/td&gt;&lt;/tr&gt;
&lt;tr&gt;&lt;td&gt;Latitude: -13.398701&lt;/td&gt;&lt;/tr&gt;
&lt;tr&gt;&lt;td&gt;Altitude: 12588.734 ft&lt;/td&gt;&lt;/tr&gt;
&lt;tr&gt;&lt;td&gt;Speed: 3.3 mph&lt;/td&gt;&lt;/tr&gt;
&lt;tr&gt;&lt;td&gt;Heading: 193.7&lt;/td&gt;&lt;/tr&gt;
&lt;tr&gt;&lt;td&gt;Time: 2021-02-19T19:53:46Z&lt;/td&gt;&lt;/tr&gt;
&lt;/table&gt;
</description>
        <LookAt>
          <longitude>-71.851992</longitude>
          <latitude>-13.398701</latitude>
          <tilt>66</tilt>
        </LookAt>
        <TimeStamp>
          <when>2021-02-19T19:53:46Z</when>
        </TimeStamp>
        <styleUrl>#track</styleUrl>
        <Point>
          <coordinates>-71.851992,-13.398701,3837.05</coordinates>
        </Point>
      </Placemark>
      <Placemark>
        <name>Apu Linli hike - Wikiloc-982</name>
        <snippet></snippet>
        <description>
&lt;table&gt;
&lt;tr&gt;&lt;td&gt;Longitude: -71.851996&lt;/td&gt;&lt;/tr&gt;
&lt;tr&gt;&lt;td&gt;Latitude: -13.398763&lt;/td&gt;&lt;/tr&gt;
&lt;tr&gt;&lt;td&gt;Altitude: 12584.852 ft&lt;/td&gt;&lt;/tr&gt;
&lt;tr&gt;&lt;td&gt;Speed: 3.9 mph&lt;/td&gt;&lt;/tr&gt;
&lt;tr&gt;&lt;td&gt;Heading: 183.6&lt;/td&gt;&lt;/tr&gt;
&lt;tr&gt;&lt;td&gt;Time: 2021-02-19T19:53:50Z&lt;/td&gt;&lt;/tr&gt;
&lt;/table&gt;
</description>
        <LookAt>
          <longitude>-71.851996</longitude>
          <latitude>-13.398763</latitude>
          <tilt>66</tilt>
        </LookAt>
        <TimeStamp>
          <when>2021-02-19T19:53:50Z</when>
        </TimeStamp>
        <styleUrl>#track</styleUrl>
        <Point>
          <coordinates>-71.851996,-13.398763,3835.86</coordinates>
        </Point>
      </Placemark>
      <Placemark>
        <name>Apu Linli hike - Wikiloc-983</name>
        <snippet></snippet>
        <description>
&lt;table&gt;
&lt;tr&gt;&lt;td&gt;Longitude: -71.851986&lt;/td&gt;&lt;/tr&gt;
&lt;tr&gt;&lt;td&gt;Latitude: -13.398819&lt;/td&gt;&lt;/tr&gt;
&lt;tr&gt;&lt;td&gt;Altitude: 12581.539 ft&lt;/td&gt;&lt;/tr&gt;
&lt;tr&gt;&lt;td&gt;Speed: 3.5 mph&lt;/td&gt;&lt;/tr&gt;
&lt;tr&gt;&lt;td&gt;Heading: 170.1&lt;/td&gt;&lt;/tr&gt;
&lt;tr&gt;&lt;td&gt;Time: 2021-02-19T19:53:54Z&lt;/td&gt;&lt;/tr&gt;
&lt;/table&gt;
</description>
        <LookAt>
          <longitude>-71.851986</longitude>
          <latitude>-13.398819</latitude>
          <tilt>66</tilt>
        </LookAt>
        <TimeStamp>
          <when>2021-02-19T19:53:54Z</when>
        </TimeStamp>
        <styleUrl>#track</styleUrl>
        <Point>
          <coordinates>-71.851986,-13.398819,3834.85</coordinates>
        </Point>
      </Placemark>
      <Placemark>
        <name>Apu Linli hike - Wikiloc-984</name>
        <snippet></snippet>
        <description>
&lt;table&gt;
&lt;tr&gt;&lt;td&gt;Longitude: -71.851980&lt;/td&gt;&lt;/tr&gt;
&lt;tr&gt;&lt;td&gt;Latitude: -13.398873&lt;/td&gt;&lt;/tr&gt;
&lt;tr&gt;&lt;td&gt;Altitude: 12579.147 ft&lt;/td&gt;&lt;/tr&gt;
&lt;tr&gt;&lt;td&gt;Speed: 3.4 mph&lt;/td&gt;&lt;/tr&gt;
&lt;tr&gt;&lt;td&gt;Heading: 173.8&lt;/td&gt;&lt;/tr&gt;
&lt;tr&gt;&lt;td&gt;Time: 2021-02-19T19:53:58Z&lt;/td&gt;&lt;/tr&gt;
&lt;/table&gt;
</description>
        <LookAt>
          <longitude>-71.85198</longitude>
          <latitude>-13.398873</latitude>
          <tilt>66</tilt>
        </LookAt>
        <TimeStamp>
          <when>2021-02-19T19:53:58Z</when>
        </TimeStamp>
        <styleUrl>#track</styleUrl>
        <Point>
          <coordinates>-71.851980,-13.398873,3834.12</coordinates>
        </Point>
      </Placemark>
      <Placemark>
        <name>Apu Linli hike - Wikiloc-985</name>
        <snippet></snippet>
        <description>
&lt;table&gt;
&lt;tr&gt;&lt;td&gt;Longitude: -71.851980&lt;/td&gt;&lt;/tr&gt;
&lt;tr&gt;&lt;td&gt;Latitude: -13.398925&lt;/td&gt;&lt;/tr&gt;
&lt;tr&gt;&lt;td&gt;Altitude: 12577.113 ft&lt;/td&gt;&lt;/tr&gt;
&lt;tr&gt;&lt;td&gt;Speed: 3.2 mph&lt;/td&gt;&lt;/tr&gt;
&lt;tr&gt;&lt;td&gt;Heading: 180.0&lt;/td&gt;&lt;/tr&gt;
&lt;tr&gt;&lt;td&gt;Time: 2021-02-19T19:54:02Z&lt;/td&gt;&lt;/tr&gt;
&lt;/table&gt;
</description>
        <LookAt>
          <longitude>-71.85198</longitude>
          <latitude>-13.398925</latitude>
          <tilt>66</tilt>
        </LookAt>
        <TimeStamp>
          <when>2021-02-19T19:54:02Z</when>
        </TimeStamp>
        <styleUrl>#track</styleUrl>
        <Point>
          <coordinates>-71.851980,-13.398925,3833.50</coordinates>
        </Point>
      </Placemark>
      <Placemark>
        <name>Apu Linli hike - Wikiloc-986</name>
        <snippet></snippet>
        <description>
&lt;table&gt;
&lt;tr&gt;&lt;td&gt;Longitude: -71.851976&lt;/td&gt;&lt;/tr&gt;
&lt;tr&gt;&lt;td&gt;Latitude: -13.398978&lt;/td&gt;&lt;/tr&gt;
&lt;tr&gt;&lt;td&gt;Altitude: 12576.161 ft&lt;/td&gt;&lt;/tr&gt;
&lt;tr&gt;&lt;td&gt;Speed: 3.3 mph&lt;/td&gt;&lt;/tr&gt;
&lt;tr&gt;&lt;td&gt;Heading: 175.8&lt;/td&gt;&lt;/tr&gt;
&lt;tr&gt;&lt;td&gt;Time: 2021-02-19T19:54:06Z&lt;/td&gt;&lt;/tr&gt;
&lt;/table&gt;
</description>
        <LookAt>
          <longitude>-71.851976</longitude>
          <latitude>-13.398978</latitude>
          <tilt>66</tilt>
        </LookAt>
        <TimeStamp>
          <when>2021-02-19T19:54:06Z</when>
        </TimeStamp>
        <styleUrl>#track</styleUrl>
        <Point>
          <coordinates>-71.851976,-13.398978,3833.21</coordinates>
        </Point>
      </Placemark>
      <Placemark>
        <name>Apu Linli hike - Wikiloc-987</name>
        <snippet></snippet>
        <description>
&lt;table&gt;
&lt;tr&gt;&lt;td&gt;Longitude: -71.851961&lt;/td&gt;&lt;/tr&gt;
&lt;tr&gt;&lt;td&gt;Latitude: -13.399033&lt;/td&gt;&lt;/tr&gt;
&lt;tr&gt;&lt;td&gt;Altitude: 12575.486 ft&lt;/td&gt;&lt;/tr&gt;
&lt;tr&gt;&lt;td&gt;Speed: 3.5 mph&lt;/td&gt;&lt;/tr&gt;
&lt;tr&gt;&lt;td&gt;Heading: 165.1&lt;/td&gt;&lt;/tr&gt;
&lt;tr&gt;&lt;td&gt;Time: 2021-02-19T19:54:10Z&lt;/td&gt;&lt;/tr&gt;
&lt;/table&gt;
</description>
        <LookAt>
          <longitude>-71.851961</longitude>
          <latitude>-13.399033</latitude>
          <tilt>66</tilt>
        </LookAt>
        <TimeStamp>
          <when>2021-02-19T19:54:10Z</when>
        </TimeStamp>
        <styleUrl>#track</styleUrl>
        <Point>
          <coordinates>-71.851961,-13.399033,3833.01</coordinates>
        </Point>
      </Placemark>
      <Placemark>
        <name>Apu Linli hike - Wikiloc-988</name>
        <snippet></snippet>
        <description>
&lt;table&gt;
&lt;tr&gt;&lt;td&gt;Longitude: -71.851936&lt;/td&gt;&lt;/tr&gt;
&lt;tr&gt;&lt;td&gt;Latitude: -13.399085&lt;/td&gt;&lt;/tr&gt;
&lt;tr&gt;&lt;td&gt;Altitude: 12575.322 ft&lt;/td&gt;&lt;/tr&gt;
&lt;tr&gt;&lt;td&gt;Speed: 3.6 mph&lt;/td&gt;&lt;/tr&gt;
&lt;tr&gt;&lt;td&gt;Heading: 154.9&lt;/td&gt;&lt;/tr&gt;
&lt;tr&gt;&lt;td&gt;Time: 2021-02-19T19:54:14Z&lt;/td&gt;&lt;/tr&gt;
&lt;/table&gt;
</description>
        <LookAt>
          <longitude>-71.851936</longitude>
          <latitude>-13.399085</latitude>
          <tilt>66</tilt>
        </LookAt>
        <TimeStamp>
          <when>2021-02-19T19:54:14Z</when>
        </TimeStamp>
        <styleUrl>#track</styleUrl>
        <Point>
          <coordinates>-71.851936,-13.399085,3832.96</coordinates>
        </Point>
      </Placemark>
      <Placemark>
        <name>Apu Linli hike - Wikiloc-989</name>
        <snippet></snippet>
        <description>
&lt;table&gt;
&lt;tr&gt;&lt;td&gt;Longitude: -71.851913&lt;/td&gt;&lt;/tr&gt;
&lt;tr&gt;&lt;td&gt;Latitude: -13.399142&lt;/td&gt;&lt;/tr&gt;
&lt;tr&gt;&lt;td&gt;Altitude: 12575.059 ft&lt;/td&gt;&lt;/tr&gt;
&lt;tr&gt;&lt;td&gt;Speed: 3.8 mph&lt;/td&gt;&lt;/tr&gt;
&lt;tr&gt;&lt;td&gt;Heading: 158.6&lt;/td&gt;&lt;/tr&gt;
&lt;tr&gt;&lt;td&gt;Time: 2021-02-19T19:54:18Z&lt;/td&gt;&lt;/tr&gt;
&lt;/table&gt;
</description>
        <LookAt>
          <longitude>-71.851913</longitude>
          <latitude>-13.399142</latitude>
          <tilt>66</tilt>
        </LookAt>
        <TimeStamp>
          <when>2021-02-19T19:54:18Z</when>
        </TimeStamp>
        <styleUrl>#track</styleUrl>
        <Point>
          <coordinates>-71.851913,-13.399142,3832.88</coordinates>
        </Point>
      </Placemark>
      <Placemark>
        <name>Apu Linli hike - Wikiloc-990</name>
        <snippet></snippet>
        <description>
&lt;table&gt;
&lt;tr&gt;&lt;td&gt;Longitude: -71.851895&lt;/td&gt;&lt;/tr&gt;
&lt;tr&gt;&lt;td&gt;Latitude: -13.399196&lt;/td&gt;&lt;/tr&gt;
&lt;tr&gt;&lt;td&gt;Altitude: 12574.682 ft&lt;/td&gt;&lt;/tr&gt;
&lt;tr&gt;&lt;td&gt;Speed: 3.5 mph&lt;/td&gt;&lt;/tr&gt;
&lt;tr&gt;&lt;td&gt;Heading: 162.0&lt;/td&gt;&lt;/tr&gt;
&lt;tr&gt;&lt;td&gt;Time: 2021-02-19T19:54:22Z&lt;/td&gt;&lt;/tr&gt;
&lt;/table&gt;
</description>
        <LookAt>
          <longitude>-71.851895</longitude>
          <latitude>-13.399196</latitude>
          <tilt>66</tilt>
        </LookAt>
        <TimeStamp>
          <when>2021-02-19T19:54:22Z</when>
        </TimeStamp>
        <styleUrl>#track</styleUrl>
        <Point>
          <coordinates>-71.851895,-13.399196,3832.76</coordinates>
        </Point>
      </Placemark>
      <Placemark>
        <name>Apu Linli hike - Wikiloc-991</name>
        <snippet></snippet>
        <description>
&lt;table&gt;
&lt;tr&gt;&lt;td&gt;Longitude: -71.851893&lt;/td&gt;&lt;/tr&gt;
&lt;tr&gt;&lt;td&gt;Latitude: -13.399257&lt;/td&gt;&lt;/tr&gt;
&lt;tr&gt;&lt;td&gt;Altitude: 12574.616 ft&lt;/td&gt;&lt;/tr&gt;
&lt;tr&gt;&lt;td&gt;Speed: 3.8 mph&lt;/td&gt;&lt;/tr&gt;
&lt;tr&gt;&lt;td&gt;Heading: 178.2&lt;/td&gt;&lt;/tr&gt;
&lt;tr&gt;&lt;td&gt;Time: 2021-02-19T19:54:26Z&lt;/td&gt;&lt;/tr&gt;
&lt;/table&gt;
</description>
        <LookAt>
          <longitude>-71.851893</longitude>
          <latitude>-13.399257</latitude>
          <tilt>66</tilt>
        </LookAt>
        <TimeStamp>
          <when>2021-02-19T19:54:26Z</when>
        </TimeStamp>
        <styleUrl>#track</styleUrl>
        <Point>
          <coordinates>-71.851893,-13.399257,3832.74</coordinates>
        </Point>
      </Placemark>
      <Placemark>
        <name>Apu Linli hike - Wikiloc-992</name>
        <snippet></snippet>
        <description>
&lt;table&gt;
&lt;tr&gt;&lt;td&gt;Longitude: -71.851870&lt;/td&gt;&lt;/tr&gt;
&lt;tr&gt;&lt;td&gt;Latitude: -13.399316&lt;/td&gt;&lt;/tr&gt;
&lt;tr&gt;&lt;td&gt;Altitude: 12572.464 ft&lt;/td&gt;&lt;/tr&gt;
&lt;tr&gt;&lt;td&gt;Speed: 3.9 mph&lt;/td&gt;&lt;/tr&gt;
&lt;tr&gt;&lt;td&gt;Heading: 159.2&lt;/td&gt;&lt;/tr&gt;
&lt;tr&gt;&lt;td&gt;Time: 2021-02-19T19:54:30Z&lt;/td&gt;&lt;/tr&gt;
&lt;/table&gt;
</description>
        <LookAt>
          <longitude>-71.85187</longitude>
          <latitude>-13.399316</latitude>
          <tilt>66</tilt>
        </LookAt>
        <TimeStamp>
          <when>2021-02-19T19:54:30Z</when>
        </TimeStamp>
        <styleUrl>#track</styleUrl>
        <Point>
          <coordinates>-71.851870,-13.399316,3832.09</coordinates>
        </Point>
      </Placemark>
      <Placemark>
        <name>Apu Linli hike - Wikiloc-993</name>
        <snippet></snippet>
        <description>
&lt;table&gt;
&lt;tr&gt;&lt;td&gt;Longitude: -71.851862&lt;/td&gt;&lt;/tr&gt;
&lt;tr&gt;&lt;td&gt;Latitude: -13.399373&lt;/td&gt;&lt;/tr&gt;
&lt;tr&gt;&lt;td&gt;Altitude: 12569.367 ft&lt;/td&gt;&lt;/tr&gt;
&lt;tr&gt;&lt;td&gt;Speed: 3.6 mph&lt;/td&gt;&lt;/tr&gt;
&lt;tr&gt;&lt;td&gt;Heading: 172.2&lt;/td&gt;&lt;/tr&gt;
&lt;tr&gt;&lt;td&gt;Time: 2021-02-19T19:54:34Z&lt;/td&gt;&lt;/tr&gt;
&lt;/table&gt;
</description>
        <LookAt>
          <longitude>-71.851862</longitude>
          <latitude>-13.399373</latitude>
          <tilt>66</tilt>
        </LookAt>
        <TimeStamp>
          <when>2021-02-19T19:54:34Z</when>
        </TimeStamp>
        <styleUrl>#track</styleUrl>
        <Point>
          <coordinates>-71.851862,-13.399373,3831.14</coordinates>
        </Point>
      </Placemark>
      <Placemark>
        <name>Apu Linli hike - Wikiloc-994</name>
        <snippet></snippet>
        <description>
&lt;table&gt;
&lt;tr&gt;&lt;td&gt;Longitude: -71.851857&lt;/td&gt;&lt;/tr&gt;
&lt;tr&gt;&lt;td&gt;Latitude: -13.399428&lt;/td&gt;&lt;/tr&gt;
&lt;tr&gt;&lt;td&gt;Altitude: 12566.207 ft&lt;/td&gt;&lt;/tr&gt;
&lt;tr&gt;&lt;td&gt;Speed: 3.4 mph&lt;/td&gt;&lt;/tr&gt;
&lt;tr&gt;&lt;td&gt;Heading: 174.9&lt;/td&gt;&lt;/tr&gt;
&lt;tr&gt;&lt;td&gt;Time: 2021-02-19T19:54:38Z&lt;/td&gt;&lt;/tr&gt;
&lt;/table&gt;
</description>
        <LookAt>
          <longitude>-71.851857</longitude>
          <latitude>-13.399428</latitude>
          <tilt>66</tilt>
        </LookAt>
        <TimeStamp>
          <when>2021-02-19T19:54:38Z</when>
        </TimeStamp>
        <styleUrl>#track</styleUrl>
        <Point>
          <coordinates>-71.851857,-13.399428,3830.18</coordinates>
        </Point>
      </Placemark>
      <Placemark>
        <name>Apu Linli hike - Wikiloc-995</name>
        <snippet></snippet>
        <description>
&lt;table&gt;
&lt;tr&gt;&lt;td&gt;Longitude: -71.851853&lt;/td&gt;&lt;/tr&gt;
&lt;tr&gt;&lt;td&gt;Latitude: -13.399483&lt;/td&gt;&lt;/tr&gt;
&lt;tr&gt;&lt;td&gt;Altitude: 12562.631 ft&lt;/td&gt;&lt;/tr&gt;
&lt;tr&gt;&lt;td&gt;Speed: 3.4 mph&lt;/td&gt;&lt;/tr&gt;
&lt;tr&gt;&lt;td&gt;Heading: 176.0&lt;/td&gt;&lt;/tr&gt;
&lt;tr&gt;&lt;td&gt;Time: 2021-02-19T19:54:42Z&lt;/td&gt;&lt;/tr&gt;
&lt;/table&gt;
</description>
        <LookAt>
          <longitude>-71.851853</longitude>
          <latitude>-13.399483</latitude>
          <tilt>66</tilt>
        </LookAt>
        <TimeStamp>
          <when>2021-02-19T19:54:42Z</when>
        </TimeStamp>
        <styleUrl>#track</styleUrl>
        <Point>
          <coordinates>-71.851853,-13.399483,3829.09</coordinates>
        </Point>
      </Placemark>
      <Placemark>
        <name>Apu Linli hike - Wikiloc-996</name>
        <snippet></snippet>
        <description>
&lt;table&gt;
&lt;tr&gt;&lt;td&gt;Longitude: -71.851843&lt;/td&gt;&lt;/tr&gt;
&lt;tr&gt;&lt;td&gt;Latitude: -13.399539&lt;/td&gt;&lt;/tr&gt;
&lt;tr&gt;&lt;td&gt;Altitude: 12559.203 ft&lt;/td&gt;&lt;/tr&gt;
&lt;tr&gt;&lt;td&gt;Speed: 3.5 mph&lt;/td&gt;&lt;/tr&gt;
&lt;tr&gt;&lt;td&gt;Heading: 170.1&lt;/td&gt;&lt;/tr&gt;
&lt;tr&gt;&lt;td&gt;Time: 2021-02-19T19:54:46Z&lt;/td&gt;&lt;/tr&gt;
&lt;/table&gt;
</description>
        <LookAt>
          <longitude>-71.851843</longitude>
          <latitude>-13.399539</latitude>
          <tilt>66</tilt>
        </LookAt>
        <TimeStamp>
          <when>2021-02-19T19:54:46Z</when>
        </TimeStamp>
        <styleUrl>#track</styleUrl>
        <Point>
          <coordinates>-71.851843,-13.399539,3828.05</coordinates>
        </Point>
      </Placemark>
      <Placemark>
        <name>Apu Linli hike - Wikiloc-997</name>
        <snippet></snippet>
        <description>
&lt;table&gt;
&lt;tr&gt;&lt;td&gt;Longitude: -71.851847&lt;/td&gt;&lt;/tr&gt;
&lt;tr&gt;&lt;td&gt;Latitude: -13.399594&lt;/td&gt;&lt;/tr&gt;
&lt;tr&gt;&lt;td&gt;Altitude: 12556.913 ft&lt;/td&gt;&lt;/tr&gt;
&lt;tr&gt;&lt;td&gt;Speed: 3.4 mph&lt;/td&gt;&lt;/tr&gt;
&lt;tr&gt;&lt;td&gt;Heading: 184.0&lt;/td&gt;&lt;/tr&gt;
&lt;tr&gt;&lt;td&gt;Time: 2021-02-19T19:54:50Z&lt;/td&gt;&lt;/tr&gt;
&lt;/table&gt;
</description>
        <LookAt>
          <longitude>-71.851847</longitude>
          <latitude>-13.399594</latitude>
          <tilt>66</tilt>
        </LookAt>
        <TimeStamp>
          <when>2021-02-19T19:54:50Z</when>
        </TimeStamp>
        <styleUrl>#track</styleUrl>
        <Point>
          <coordinates>-71.851847,-13.399594,3827.35</coordinates>
        </Point>
      </Placemark>
      <Placemark>
        <name>Apu Linli hike - Wikiloc-998</name>
        <snippet></snippet>
        <description>
&lt;table&gt;
&lt;tr&gt;&lt;td&gt;Longitude: -71.851836&lt;/td&gt;&lt;/tr&gt;
&lt;tr&gt;&lt;td&gt;Latitude: -13.399650&lt;/td&gt;&lt;/tr&gt;
&lt;tr&gt;&lt;td&gt;Altitude: 12554.498 ft&lt;/td&gt;&lt;/tr&gt;
&lt;tr&gt;&lt;td&gt;Speed: 3.5 mph&lt;/td&gt;&lt;/tr&gt;
&lt;tr&gt;&lt;td&gt;Heading: 169.2&lt;/td&gt;&lt;/tr&gt;
&lt;tr&gt;&lt;td&gt;Time: 2021-02-19T19:54:54Z&lt;/td&gt;&lt;/tr&gt;
&lt;/table&gt;
</description>
        <LookAt>
          <longitude>-71.851836</longitude>
          <latitude>-13.39965</latitude>
          <tilt>66</tilt>
        </LookAt>
        <TimeStamp>
          <when>2021-02-19T19:54:54Z</when>
        </TimeStamp>
        <styleUrl>#track</styleUrl>
        <Point>
          <coordinates>-71.851836,-13.399650,3826.61</coordinates>
        </Point>
      </Placemark>
      <Placemark>
        <name>Apu Linli hike - Wikiloc-999</name>
        <snippet></snippet>
        <description>
&lt;table&gt;
&lt;tr&gt;&lt;td&gt;Longitude: -71.851830&lt;/td&gt;&lt;/tr&gt;
&lt;tr&gt;&lt;td&gt;Latitude: -13.399705&lt;/td&gt;&lt;/tr&gt;
&lt;tr&gt;&lt;td&gt;Altitude: 12551.535 ft&lt;/td&gt;&lt;/tr&gt;
&lt;tr&gt;&lt;td&gt;Speed: 3.4 mph&lt;/td&gt;&lt;/tr&gt;
&lt;tr&gt;&lt;td&gt;Heading: 173.9&lt;/td&gt;&lt;/tr&gt;
&lt;tr&gt;&lt;td&gt;Time: 2021-02-19T19:54:58Z&lt;/td&gt;&lt;/tr&gt;
&lt;/table&gt;
</description>
        <LookAt>
          <longitude>-71.85183</longitude>
          <latitude>-13.399705</latitude>
          <tilt>66</tilt>
        </LookAt>
        <TimeStamp>
          <when>2021-02-19T19:54:58Z</when>
        </TimeStamp>
        <styleUrl>#track</styleUrl>
        <Point>
          <coordinates>-71.851830,-13.399705,3825.71</coordinates>
        </Point>
      </Placemark>
      <Placemark>
        <name>Apu Linli hike - Wikiloc-1000</name>
        <snippet></snippet>
        <description>
&lt;table&gt;
&lt;tr&gt;&lt;td&gt;Longitude: -71.851828&lt;/td&gt;&lt;/tr&gt;
&lt;tr&gt;&lt;td&gt;Latitude: -13.399754&lt;/td&gt;&lt;/tr&gt;
&lt;tr&gt;&lt;td&gt;Altitude: 12549.770 ft&lt;/td&gt;&lt;/tr&gt;
&lt;tr&gt;&lt;td&gt;Speed: 3.1 mph&lt;/td&gt;&lt;/tr&gt;
&lt;tr&gt;&lt;td&gt;Heading: 177.7&lt;/td&gt;&lt;/tr&gt;
&lt;tr&gt;&lt;td&gt;Time: 2021-02-19T19:55:02Z&lt;/td&gt;&lt;/tr&gt;
&lt;/table&gt;
</description>
        <LookAt>
          <longitude>-71.851828</longitude>
          <latitude>-13.399754</latitude>
          <tilt>66</tilt>
        </LookAt>
        <TimeStamp>
          <when>2021-02-19T19:55:02Z</when>
        </TimeStamp>
        <styleUrl>#track</styleUrl>
        <Point>
          <coordinates>-71.851828,-13.399754,3825.17</coordinates>
        </Point>
      </Placemark>
      <Placemark>
        <name>Apu Linli hike - Wikiloc-1001</name>
        <snippet></snippet>
        <description>
&lt;table&gt;
&lt;tr&gt;&lt;td&gt;Longitude: -71.851840&lt;/td&gt;&lt;/tr&gt;
&lt;tr&gt;&lt;td&gt;Latitude: -13.399809&lt;/td&gt;&lt;/tr&gt;
&lt;tr&gt;&lt;td&gt;Altitude: 12547.966 ft&lt;/td&gt;&lt;/tr&gt;
&lt;tr&gt;&lt;td&gt;Speed: 3.5 mph&lt;/td&gt;&lt;/tr&gt;
&lt;tr&gt;&lt;td&gt;Heading: 192.0&lt;/td&gt;&lt;/tr&gt;
&lt;tr&gt;&lt;td&gt;Time: 2021-02-19T19:55:06Z&lt;/td&gt;&lt;/tr&gt;
&lt;/table&gt;
</description>
        <LookAt>
          <longitude>-71.85184</longitude>
          <latitude>-13.399809</latitude>
          <tilt>66</tilt>
        </LookAt>
        <TimeStamp>
          <when>2021-02-19T19:55:06Z</when>
        </TimeStamp>
        <styleUrl>#track</styleUrl>
        <Point>
          <coordinates>-71.851840,-13.399809,3824.62</coordinates>
        </Point>
      </Placemark>
      <Placemark>
        <name>Apu Linli hike - Wikiloc-1002</name>
        <snippet></snippet>
        <description>
&lt;table&gt;
&lt;tr&gt;&lt;td&gt;Longitude: -71.851840&lt;/td&gt;&lt;/tr&gt;
&lt;tr&gt;&lt;td&gt;Latitude: -13.399864&lt;/td&gt;&lt;/tr&gt;
&lt;tr&gt;&lt;td&gt;Altitude: 12546.243 ft&lt;/td&gt;&lt;/tr&gt;
&lt;tr&gt;&lt;td&gt;Speed: 3.4 mph&lt;/td&gt;&lt;/tr&gt;
&lt;tr&gt;&lt;td&gt;Heading: 180.0&lt;/td&gt;&lt;/tr&gt;
&lt;tr&gt;&lt;td&gt;Time: 2021-02-19T19:55:10Z&lt;/td&gt;&lt;/tr&gt;
&lt;/table&gt;
</description>
        <LookAt>
          <longitude>-71.85184</longitude>
          <latitude>-13.399864</latitude>
          <tilt>66</tilt>
        </LookAt>
        <TimeStamp>
          <when>2021-02-19T19:55:10Z</when>
        </TimeStamp>
        <styleUrl>#track</styleUrl>
        <Point>
          <coordinates>-71.851840,-13.399864,3824.09</coordinates>
        </Point>
      </Placemark>
      <Placemark>
        <name>Apu Linli hike - Wikiloc-1003</name>
        <snippet></snippet>
        <description>
&lt;table&gt;
&lt;tr&gt;&lt;td&gt;Longitude: -71.851838&lt;/td&gt;&lt;/tr&gt;
&lt;tr&gt;&lt;td&gt;Latitude: -13.399921&lt;/td&gt;&lt;/tr&gt;
&lt;tr&gt;&lt;td&gt;Altitude: 12544.570 ft&lt;/td&gt;&lt;/tr&gt;
&lt;tr&gt;&lt;td&gt;Speed: 3.6 mph&lt;/td&gt;&lt;/tr&gt;
&lt;tr&gt;&lt;td&gt;Heading: 178.0&lt;/td&gt;&lt;/tr&gt;
&lt;tr&gt;&lt;td&gt;Time: 2021-02-19T19:55:14Z&lt;/td&gt;&lt;/tr&gt;
&lt;/table&gt;
</description>
        <LookAt>
          <longitude>-71.851838</longitude>
          <latitude>-13.399921</latitude>
          <tilt>66</tilt>
        </LookAt>
        <TimeStamp>
          <when>2021-02-19T19:55:14Z</when>
        </TimeStamp>
        <styleUrl>#track</styleUrl>
        <Point>
          <coordinates>-71.851838,-13.399921,3823.59</coordinates>
        </Point>
      </Placemark>
      <Placemark>
        <name>Apu Linli hike - Wikiloc-1004</name>
        <snippet></snippet>
        <description>
&lt;table&gt;
&lt;tr&gt;&lt;td&gt;Longitude: -71.851844&lt;/td&gt;&lt;/tr&gt;
&lt;tr&gt;&lt;td&gt;Latitude: -13.399975&lt;/td&gt;&lt;/tr&gt;
&lt;tr&gt;&lt;td&gt;Altitude: 12542.320 ft&lt;/td&gt;&lt;/tr&gt;
&lt;tr&gt;&lt;td&gt;Speed: 3.4 mph&lt;/td&gt;&lt;/tr&gt;
&lt;tr&gt;&lt;td&gt;Heading: 186.2&lt;/td&gt;&lt;/tr&gt;
&lt;tr&gt;&lt;td&gt;Time: 2021-02-19T19:55:18Z&lt;/td&gt;&lt;/tr&gt;
&lt;/table&gt;
</description>
        <LookAt>
          <longitude>-71.851844</longitude>
          <latitude>-13.399975</latitude>
          <tilt>66</tilt>
        </LookAt>
        <TimeStamp>
          <when>2021-02-19T19:55:18Z</when>
        </TimeStamp>
        <styleUrl>#track</styleUrl>
        <Point>
          <coordinates>-71.851844,-13.399975,3822.90</coordinates>
        </Point>
      </Placemark>
      <Placemark>
        <name>Apu Linli hike - Wikiloc-1005</name>
        <snippet></snippet>
        <description>
&lt;table&gt;
&lt;tr&gt;&lt;td&gt;Longitude: -71.851837&lt;/td&gt;&lt;/tr&gt;
&lt;tr&gt;&lt;td&gt;Latitude: -13.400033&lt;/td&gt;&lt;/tr&gt;
&lt;tr&gt;&lt;td&gt;Altitude: 12540.633 ft&lt;/td&gt;&lt;/tr&gt;
&lt;tr&gt;&lt;td&gt;Speed: 3.6 mph&lt;/td&gt;&lt;/tr&gt;
&lt;tr&gt;&lt;td&gt;Heading: 173.3&lt;/td&gt;&lt;/tr&gt;
&lt;tr&gt;&lt;td&gt;Time: 2021-02-19T19:55:22Z&lt;/td&gt;&lt;/tr&gt;
&lt;/table&gt;
</description>
        <LookAt>
          <longitude>-71.851837</longitude>
          <latitude>-13.400033</latitude>
          <tilt>66</tilt>
        </LookAt>
        <TimeStamp>
          <when>2021-02-19T19:55:22Z</when>
        </TimeStamp>
        <styleUrl>#track</styleUrl>
        <Point>
          <coordinates>-71.851837,-13.400033,3822.39</coordinates>
        </Point>
      </Placemark>
      <Placemark>
        <name>Apu Linli hike - Wikiloc-1006</name>
        <snippet></snippet>
        <description>
&lt;table&gt;
&lt;tr&gt;&lt;td&gt;Longitude: -71.851841&lt;/td&gt;&lt;/tr&gt;
&lt;tr&gt;&lt;td&gt;Latitude: -13.400088&lt;/td&gt;&lt;/tr&gt;
&lt;tr&gt;&lt;td&gt;Altitude: 12539.573 ft&lt;/td&gt;&lt;/tr&gt;
&lt;tr&gt;&lt;td&gt;Speed: 3.4 mph&lt;/td&gt;&lt;/tr&gt;
&lt;tr&gt;&lt;td&gt;Heading: 184.0&lt;/td&gt;&lt;/tr&gt;
&lt;tr&gt;&lt;td&gt;Time: 2021-02-19T19:55:26Z&lt;/td&gt;&lt;/tr&gt;
&lt;/table&gt;
</description>
        <LookAt>
          <longitude>-71.851841</longitude>
          <latitude>-13.400088</latitude>
          <tilt>66</tilt>
        </LookAt>
        <TimeStamp>
          <when>2021-02-19T19:55:26Z</when>
        </TimeStamp>
        <styleUrl>#track</styleUrl>
        <Point>
          <coordinates>-71.851841,-13.400088,3822.06</coordinates>
        </Point>
      </Placemark>
      <Placemark>
        <name>Apu Linli hike - Wikiloc-1007</name>
        <snippet></snippet>
        <description>
&lt;table&gt;
&lt;tr&gt;&lt;td&gt;Longitude: -71.851836&lt;/td&gt;&lt;/tr&gt;
&lt;tr&gt;&lt;td&gt;Latitude: -13.400181&lt;/td&gt;&lt;/tr&gt;
&lt;tr&gt;&lt;td&gt;Altitude: 12533.996 ft&lt;/td&gt;&lt;/tr&gt;
&lt;tr&gt;&lt;td&gt;Speed: 2.9 mph&lt;/td&gt;&lt;/tr&gt;
&lt;tr&gt;&lt;td&gt;Heading: 177.0&lt;/td&gt;&lt;/tr&gt;
&lt;tr&gt;&lt;td&gt;Time: 2021-02-19T19:55:34Z&lt;/td&gt;&lt;/tr&gt;
&lt;/table&gt;
</description>
        <LookAt>
          <longitude>-71.851836</longitude>
          <latitude>-13.400181</latitude>
          <tilt>66</tilt>
        </LookAt>
        <TimeStamp>
          <when>2021-02-19T19:55:34Z</when>
        </TimeStamp>
        <styleUrl>#track</styleUrl>
        <Point>
          <coordinates>-71.851836,-13.400181,3820.36</coordinates>
        </Point>
      </Placemark>
      <Placemark>
        <name>Apu Linli hike - Wikiloc-1008</name>
        <snippet></snippet>
        <description>
&lt;table&gt;
&lt;tr&gt;&lt;td&gt;Longitude: -71.851847&lt;/td&gt;&lt;/tr&gt;
&lt;tr&gt;&lt;td&gt;Latitude: -13.400226&lt;/td&gt;&lt;/tr&gt;
&lt;tr&gt;&lt;td&gt;Altitude: 12528.596 ft&lt;/td&gt;&lt;/tr&gt;
&lt;tr&gt;&lt;td&gt;Speed: 2.9 mph&lt;/td&gt;&lt;/tr&gt;
&lt;tr&gt;&lt;td&gt;Heading: 193.4&lt;/td&gt;&lt;/tr&gt;
&lt;tr&gt;&lt;td&gt;Time: 2021-02-19T19:55:38Z&lt;/td&gt;&lt;/tr&gt;
&lt;/table&gt;
</description>
        <LookAt>
          <longitude>-71.851847</longitude>
          <latitude>-13.400226</latitude>
          <tilt>66</tilt>
        </LookAt>
        <TimeStamp>
          <when>2021-02-19T19:55:38Z</when>
        </TimeStamp>
        <styleUrl>#track</styleUrl>
        <Point>
          <coordinates>-71.851847,-13.400226,3818.72</coordinates>
        </Point>
      </Placemark>
      <Placemark>
        <name>Apu Linli hike - Wikiloc-1009</name>
        <snippet></snippet>
        <description>
&lt;table&gt;
&lt;tr&gt;&lt;td&gt;Longitude: -71.851859&lt;/td&gt;&lt;/tr&gt;
&lt;tr&gt;&lt;td&gt;Latitude: -13.400282&lt;/td&gt;&lt;/tr&gt;
&lt;tr&gt;&lt;td&gt;Altitude: 12523.215 ft&lt;/td&gt;&lt;/tr&gt;
&lt;tr&gt;&lt;td&gt;Speed: 3.6 mph&lt;/td&gt;&lt;/tr&gt;
&lt;tr&gt;&lt;td&gt;Heading: 191.8&lt;/td&gt;&lt;/tr&gt;
&lt;tr&gt;&lt;td&gt;Time: 2021-02-19T19:55:42Z&lt;/td&gt;&lt;/tr&gt;
&lt;/table&gt;
</description>
        <LookAt>
          <longitude>-71.851859</longitude>
          <latitude>-13.400282</latitude>
          <tilt>66</tilt>
        </LookAt>
        <TimeStamp>
          <when>2021-02-19T19:55:42Z</when>
        </TimeStamp>
        <styleUrl>#track</styleUrl>
        <Point>
          <coordinates>-71.851859,-13.400282,3817.08</coordinates>
        </Point>
      </Placemark>
      <Placemark>
        <name>Apu Linli hike - Wikiloc-1010</name>
        <snippet></snippet>
        <description>
&lt;table&gt;
&lt;tr&gt;&lt;td&gt;Longitude: -71.851863&lt;/td&gt;&lt;/tr&gt;
&lt;tr&gt;&lt;td&gt;Latitude: -13.400334&lt;/td&gt;&lt;/tr&gt;
&lt;tr&gt;&lt;td&gt;Altitude: 12519.072 ft&lt;/td&gt;&lt;/tr&gt;
&lt;tr&gt;&lt;td&gt;Speed: 3.2 mph&lt;/td&gt;&lt;/tr&gt;
&lt;tr&gt;&lt;td&gt;Heading: 184.3&lt;/td&gt;&lt;/tr&gt;
&lt;tr&gt;&lt;td&gt;Time: 2021-02-19T19:55:46Z&lt;/td&gt;&lt;/tr&gt;
&lt;/table&gt;
</description>
        <LookAt>
          <longitude>-71.851863</longitude>
          <latitude>-13.400334</latitude>
          <tilt>66</tilt>
        </LookAt>
        <TimeStamp>
          <when>2021-02-19T19:55:46Z</when>
        </TimeStamp>
        <styleUrl>#track</styleUrl>
        <Point>
          <coordinates>-71.851863,-13.400334,3815.81</coordinates>
        </Point>
      </Placemark>
      <Placemark>
        <name>Apu Linli hike - Wikiloc-1011</name>
        <snippet></snippet>
        <description>
&lt;table&gt;
&lt;tr&gt;&lt;td&gt;Longitude: -71.851867&lt;/td&gt;&lt;/tr&gt;
&lt;tr&gt;&lt;td&gt;Latitude: -13.400389&lt;/td&gt;&lt;/tr&gt;
&lt;tr&gt;&lt;td&gt;Altitude: 12514.462 ft&lt;/td&gt;&lt;/tr&gt;
&lt;tr&gt;&lt;td&gt;Speed: 3.4 mph&lt;/td&gt;&lt;/tr&gt;
&lt;tr&gt;&lt;td&gt;Heading: 184.0&lt;/td&gt;&lt;/tr&gt;
&lt;tr&gt;&lt;td&gt;Time: 2021-02-19T19:55:50Z&lt;/td&gt;&lt;/tr&gt;
&lt;/table&gt;
</description>
        <LookAt>
          <longitude>-71.851867</longitude>
          <latitude>-13.400389</latitude>
          <tilt>66</tilt>
        </LookAt>
        <TimeStamp>
          <when>2021-02-19T19:55:50Z</when>
        </TimeStamp>
        <styleUrl>#track</styleUrl>
        <Point>
          <coordinates>-71.851867,-13.400389,3814.41</coordinates>
        </Point>
      </Placemark>
      <Placemark>
        <name>Apu Linli hike - Wikiloc-1012</name>
        <snippet></snippet>
        <description>
&lt;table&gt;
&lt;tr&gt;&lt;td&gt;Longitude: -71.851873&lt;/td&gt;&lt;/tr&gt;
&lt;tr&gt;&lt;td&gt;Latitude: -13.400439&lt;/td&gt;&lt;/tr&gt;
&lt;tr&gt;&lt;td&gt;Altitude: 12510.358 ft&lt;/td&gt;&lt;/tr&gt;
&lt;tr&gt;&lt;td&gt;Speed: 3.1 mph&lt;/td&gt;&lt;/tr&gt;
&lt;tr&gt;&lt;td&gt;Heading: 186.7&lt;/td&gt;&lt;/tr&gt;
&lt;tr&gt;&lt;td&gt;Time: 2021-02-19T19:55:54Z&lt;/td&gt;&lt;/tr&gt;
&lt;/table&gt;
</description>
        <LookAt>
          <longitude>-71.851873</longitude>
          <latitude>-13.400439</latitude>
          <tilt>66</tilt>
        </LookAt>
        <TimeStamp>
          <when>2021-02-19T19:55:54Z</when>
        </TimeStamp>
        <styleUrl>#track</styleUrl>
        <Point>
          <coordinates>-71.851873,-13.400439,3813.16</coordinates>
        </Point>
      </Placemark>
      <Placemark>
        <name>Apu Linli hike - Wikiloc-1013</name>
        <snippet></snippet>
        <description>
&lt;table&gt;
&lt;tr&gt;&lt;td&gt;Longitude: -71.851893&lt;/td&gt;&lt;/tr&gt;
&lt;tr&gt;&lt;td&gt;Latitude: -13.400596&lt;/td&gt;&lt;/tr&gt;
&lt;tr&gt;&lt;td&gt;Altitude: 12504.058 ft&lt;/td&gt;&lt;/tr&gt;
&lt;tr&gt;&lt;td&gt;Speed: 1.7 mph&lt;/td&gt;&lt;/tr&gt;
&lt;tr&gt;&lt;td&gt;Heading: 187.1&lt;/td&gt;&lt;/tr&gt;
&lt;tr&gt;&lt;td&gt;Time: 2021-02-19T19:56:17Z&lt;/td&gt;&lt;/tr&gt;
&lt;/table&gt;
</description>
        <LookAt>
          <longitude>-71.851893</longitude>
          <latitude>-13.400596</latitude>
          <tilt>66</tilt>
        </LookAt>
        <TimeStamp>
          <when>2021-02-19T19:56:17Z</when>
        </TimeStamp>
        <styleUrl>#track</styleUrl>
        <Point>
          <coordinates>-71.851893,-13.400596,3811.24</coordinates>
        </Point>
      </Placemark>
      <Placemark>
        <name>Apu Linli hike - Wikiloc-1014</name>
        <snippet></snippet>
        <description>
&lt;table&gt;
&lt;tr&gt;&lt;td&gt;Longitude: -71.851876&lt;/td&gt;&lt;/tr&gt;
&lt;tr&gt;&lt;td&gt;Latitude: -13.400707&lt;/td&gt;&lt;/tr&gt;
&lt;tr&gt;&lt;td&gt;Altitude: 12494.856 ft&lt;/td&gt;&lt;/tr&gt;
&lt;tr&gt;&lt;td&gt;Speed: 3.5 mph&lt;/td&gt;&lt;/tr&gt;
&lt;tr&gt;&lt;td&gt;Heading: 171.5&lt;/td&gt;&lt;/tr&gt;
&lt;tr&gt;&lt;td&gt;Time: 2021-02-19T19:56:25Z&lt;/td&gt;&lt;/tr&gt;
&lt;/table&gt;
</description>
        <LookAt>
          <longitude>-71.851876</longitude>
          <latitude>-13.400707</latitude>
          <tilt>66</tilt>
        </LookAt>
        <TimeStamp>
          <when>2021-02-19T19:56:25Z</when>
        </TimeStamp>
        <styleUrl>#track</styleUrl>
        <Point>
          <coordinates>-71.851876,-13.400707,3808.43</coordinates>
        </Point>
      </Placemark>
      <Placemark>
        <name>Apu Linli hike - Wikiloc-1015</name>
        <snippet></snippet>
        <description>
&lt;table&gt;
&lt;tr&gt;&lt;td&gt;Longitude: -71.851811&lt;/td&gt;&lt;/tr&gt;
&lt;tr&gt;&lt;td&gt;Latitude: -13.400777&lt;/td&gt;&lt;/tr&gt;
&lt;tr&gt;&lt;td&gt;Altitude: 12481.667 ft&lt;/td&gt;&lt;/tr&gt;
&lt;tr&gt;&lt;td&gt;Speed: 2.9 mph&lt;/td&gt;&lt;/tr&gt;
&lt;tr&gt;&lt;td&gt;Heading: 137.9&lt;/td&gt;&lt;/tr&gt;
&lt;tr&gt;&lt;td&gt;Time: 2021-02-19T19:56:33Z&lt;/td&gt;&lt;/tr&gt;
&lt;/table&gt;
</description>
        <LookAt>
          <longitude>-71.851811</longitude>
          <latitude>-13.400777</latitude>
          <tilt>66</tilt>
        </LookAt>
        <TimeStamp>
          <when>2021-02-19T19:56:33Z</when>
        </TimeStamp>
        <styleUrl>#track</styleUrl>
        <Point>
          <coordinates>-71.851811,-13.400777,3804.41</coordinates>
        </Point>
      </Placemark>
      <Placemark>
        <name>Apu Linli hike - Wikiloc-1016</name>
        <snippet></snippet>
        <description>
&lt;table&gt;
&lt;tr&gt;&lt;td&gt;Longitude: -71.851758&lt;/td&gt;&lt;/tr&gt;
&lt;tr&gt;&lt;td&gt;Latitude: -13.400759&lt;/td&gt;&lt;/tr&gt;
&lt;tr&gt;&lt;td&gt;Altitude: 12471.017 ft&lt;/td&gt;&lt;/tr&gt;
&lt;tr&gt;&lt;td&gt;Speed: 0.8 mph&lt;/td&gt;&lt;/tr&gt;
&lt;tr&gt;&lt;td&gt;Heading: 70.8&lt;/td&gt;&lt;/tr&gt;
&lt;tr&gt;&lt;td&gt;Time: 2021-02-19T19:56:49Z&lt;/td&gt;&lt;/tr&gt;
&lt;/table&gt;
</description>
        <LookAt>
          <longitude>-71.851758</longitude>
          <latitude>-13.400759</latitude>
          <tilt>66</tilt>
        </LookAt>
        <TimeStamp>
          <when>2021-02-19T19:56:49Z</when>
        </TimeStamp>
        <styleUrl>#track</styleUrl>
        <Point>
          <coordinates>-71.851758,-13.400759,3801.17</coordinates>
        </Point>
      </Placemark>
      <Placemark>
        <name>Apu Linli hike - Wikiloc-1017</name>
        <snippet></snippet>
        <description>
&lt;table&gt;
&lt;tr&gt;&lt;td&gt;Longitude: -71.851759&lt;/td&gt;&lt;/tr&gt;
&lt;tr&gt;&lt;td&gt;Latitude: -13.400898&lt;/td&gt;&lt;/tr&gt;
&lt;tr&gt;&lt;td&gt;Altitude: 12459.619 ft&lt;/td&gt;&lt;/tr&gt;
&lt;tr&gt;&lt;td&gt;Speed: 4.3 mph&lt;/td&gt;&lt;/tr&gt;
&lt;tr&gt;&lt;td&gt;Heading: 180.4&lt;/td&gt;&lt;/tr&gt;
&lt;tr&gt;&lt;td&gt;Time: 2021-02-19T19:56:57Z&lt;/td&gt;&lt;/tr&gt;
&lt;/table&gt;
</description>
        <LookAt>
          <longitude>-71.851759</longitude>
          <latitude>-13.400898</latitude>
          <tilt>66</tilt>
        </LookAt>
        <TimeStamp>
          <when>2021-02-19T19:56:57Z</when>
        </TimeStamp>
        <styleUrl>#track</styleUrl>
        <Point>
          <coordinates>-71.851759,-13.400898,3797.69</coordinates>
        </Point>
      </Placemark>
      <Placemark>
        <name>Apu Linli hike - Wikiloc-1018</name>
        <snippet></snippet>
        <description>
&lt;table&gt;
&lt;tr&gt;&lt;td&gt;Longitude: -71.851670&lt;/td&gt;&lt;/tr&gt;
&lt;tr&gt;&lt;td&gt;Latitude: -13.400955&lt;/td&gt;&lt;/tr&gt;
&lt;tr&gt;&lt;td&gt;Altitude: 12457.018 ft&lt;/td&gt;&lt;/tr&gt;
&lt;tr&gt;&lt;td&gt;Speed: 3.2 mph&lt;/td&gt;&lt;/tr&gt;
&lt;tr&gt;&lt;td&gt;Heading: 123.4&lt;/td&gt;&lt;/tr&gt;
&lt;tr&gt;&lt;td&gt;Time: 2021-02-19T19:57:05Z&lt;/td&gt;&lt;/tr&gt;
&lt;/table&gt;
</description>
        <LookAt>
          <longitude>-71.85167</longitude>
          <latitude>-13.400955</latitude>
          <tilt>66</tilt>
        </LookAt>
        <TimeStamp>
          <when>2021-02-19T19:57:05Z</when>
        </TimeStamp>
        <styleUrl>#track</styleUrl>
        <Point>
          <coordinates>-71.851670,-13.400955,3796.90</coordinates>
        </Point>
      </Placemark>
      <Placemark>
        <name>Apu Linli hike - Wikiloc-1019</name>
        <snippet></snippet>
        <description>
&lt;table&gt;
&lt;tr&gt;&lt;td&gt;Longitude: -71.851491&lt;/td&gt;&lt;/tr&gt;
&lt;tr&gt;&lt;td&gt;Latitude: -13.401051&lt;/td&gt;&lt;/tr&gt;
&lt;tr&gt;&lt;td&gt;Altitude: 12444.288 ft&lt;/td&gt;&lt;/tr&gt;
&lt;tr&gt;&lt;td&gt;Speed: 2.9 mph&lt;/td&gt;&lt;/tr&gt;
&lt;tr&gt;&lt;td&gt;Heading: 118.9&lt;/td&gt;&lt;/tr&gt;
&lt;tr&gt;&lt;td&gt;Time: 2021-02-19T19:57:22Z&lt;/td&gt;&lt;/tr&gt;
&lt;/table&gt;
</description>
        <LookAt>
          <longitude>-71.851491</longitude>
          <latitude>-13.401051</latitude>
          <tilt>66</tilt>
        </LookAt>
        <TimeStamp>
          <when>2021-02-19T19:57:22Z</when>
        </TimeStamp>
        <styleUrl>#track</styleUrl>
        <Point>
          <coordinates>-71.851491,-13.401051,3793.02</coordinates>
        </Point>
      </Placemark>
      <Placemark>
        <name>Apu Linli hike - Wikiloc-1020</name>
        <snippet></snippet>
        <description>
&lt;table&gt;
&lt;tr&gt;&lt;td&gt;Longitude: -71.851387&lt;/td&gt;&lt;/tr&gt;
&lt;tr&gt;&lt;td&gt;Latitude: -13.401122&lt;/td&gt;&lt;/tr&gt;
&lt;tr&gt;&lt;td&gt;Altitude: 12439.242 ft&lt;/td&gt;&lt;/tr&gt;
&lt;tr&gt;&lt;td&gt;Speed: 3.4 mph&lt;/td&gt;&lt;/tr&gt;
&lt;tr&gt;&lt;td&gt;Heading: 125.1&lt;/td&gt;&lt;/tr&gt;
&lt;tr&gt;&lt;td&gt;Time: 2021-02-19T19:57:31Z&lt;/td&gt;&lt;/tr&gt;
&lt;/table&gt;
</description>
        <LookAt>
          <longitude>-71.851387</longitude>
          <latitude>-13.401122</latitude>
          <tilt>66</tilt>
        </LookAt>
        <TimeStamp>
          <when>2021-02-19T19:57:31Z</when>
        </TimeStamp>
        <styleUrl>#track</styleUrl>
        <Point>
          <coordinates>-71.851387,-13.401122,3791.48</coordinates>
        </Point>
      </Placemark>
      <Placemark>
        <name>Apu Linli hike - Wikiloc-1021</name>
        <snippet></snippet>
        <description>
&lt;table&gt;
&lt;tr&gt;&lt;td&gt;Longitude: -71.851273&lt;/td&gt;&lt;/tr&gt;
&lt;tr&gt;&lt;td&gt;Latitude: -13.401136&lt;/td&gt;&lt;/tr&gt;
&lt;tr&gt;&lt;td&gt;Altitude: 12426.053 ft&lt;/td&gt;&lt;/tr&gt;
&lt;tr&gt;&lt;td&gt;Speed: 3.1 mph&lt;/td&gt;&lt;/tr&gt;
&lt;tr&gt;&lt;td&gt;Heading: 97.2&lt;/td&gt;&lt;/tr&gt;
&lt;tr&gt;&lt;td&gt;Time: 2021-02-19T19:57:40Z&lt;/td&gt;&lt;/tr&gt;
&lt;/table&gt;
</description>
        <LookAt>
          <longitude>-71.851273</longitude>
          <latitude>-13.401136</latitude>
          <tilt>66</tilt>
        </LookAt>
        <TimeStamp>
          <when>2021-02-19T19:57:40Z</when>
        </TimeStamp>
        <styleUrl>#track</styleUrl>
        <Point>
          <coordinates>-71.851273,-13.401136,3787.46</coordinates>
        </Point>
      </Placemark>
      <Placemark>
        <name>Apu Linli hike - Wikiloc-1022</name>
        <snippet></snippet>
        <description>
&lt;table&gt;
&lt;tr&gt;&lt;td&gt;Longitude: -71.851149&lt;/td&gt;&lt;/tr&gt;
&lt;tr&gt;&lt;td&gt;Latitude: -13.401139&lt;/td&gt;&lt;/tr&gt;
&lt;tr&gt;&lt;td&gt;Altitude: 12414.098 ft&lt;/td&gt;&lt;/tr&gt;
&lt;tr&gt;&lt;td&gt;Speed: 3.3 mph&lt;/td&gt;&lt;/tr&gt;
&lt;tr&gt;&lt;td&gt;Heading: 91.4&lt;/td&gt;&lt;/tr&gt;
&lt;tr&gt;&lt;td&gt;Time: 2021-02-19T19:57:49Z&lt;/td&gt;&lt;/tr&gt;
&lt;/table&gt;
</description>
        <LookAt>
          <longitude>-71.851149</longitude>
          <latitude>-13.401139</latitude>
          <tilt>66</tilt>
        </LookAt>
        <TimeStamp>
          <when>2021-02-19T19:57:49Z</when>
        </TimeStamp>
        <styleUrl>#track</styleUrl>
        <Point>
          <coordinates>-71.851149,-13.401139,3783.82</coordinates>
        </Point>
      </Placemark>
      <Placemark>
        <name>Apu Linli hike - Wikiloc-1023</name>
        <snippet></snippet>
        <description>
&lt;table&gt;
&lt;tr&gt;&lt;td&gt;Longitude: -71.851105&lt;/td&gt;&lt;/tr&gt;
&lt;tr&gt;&lt;td&gt;Latitude: -13.401193&lt;/td&gt;&lt;/tr&gt;
&lt;tr&gt;&lt;td&gt;Altitude: 12415.381 ft&lt;/td&gt;&lt;/tr&gt;
&lt;tr&gt;&lt;td&gt;Speed: 1.9 mph&lt;/td&gt;&lt;/tr&gt;
&lt;tr&gt;&lt;td&gt;Heading: 141.6&lt;/td&gt;&lt;/tr&gt;
&lt;tr&gt;&lt;td&gt;Time: 2021-02-19T19:57:58Z&lt;/td&gt;&lt;/tr&gt;
&lt;/table&gt;
</description>
        <LookAt>
          <longitude>-71.851105</longitude>
          <latitude>-13.401193</latitude>
          <tilt>66</tilt>
        </LookAt>
        <TimeStamp>
          <when>2021-02-19T19:57:58Z</when>
        </TimeStamp>
        <styleUrl>#track</styleUrl>
        <Point>
          <coordinates>-71.851105,-13.401193,3784.21</coordinates>
        </Point>
      </Placemark>
      <Placemark>
        <name>Apu Linli hike - Wikiloc-1024</name>
        <snippet></snippet>
        <description>
&lt;table&gt;
&lt;tr&gt;&lt;td&gt;Longitude: -71.851137&lt;/td&gt;&lt;/tr&gt;
&lt;tr&gt;&lt;td&gt;Latitude: -13.401262&lt;/td&gt;&lt;/tr&gt;
&lt;tr&gt;&lt;td&gt;Altitude: 12407.756 ft&lt;/td&gt;&lt;/tr&gt;
&lt;tr&gt;&lt;td&gt;Speed: 2.1 mph&lt;/td&gt;&lt;/tr&gt;
&lt;tr&gt;&lt;td&gt;Heading: 204.3&lt;/td&gt;&lt;/tr&gt;
&lt;tr&gt;&lt;td&gt;Time: 2021-02-19T19:58:07Z&lt;/td&gt;&lt;/tr&gt;
&lt;/table&gt;
</description>
        <LookAt>
          <longitude>-71.851137</longitude>
          <latitude>-13.401262</latitude>
          <tilt>66</tilt>
        </LookAt>
        <TimeStamp>
          <when>2021-02-19T19:58:07Z</when>
        </TimeStamp>
        <styleUrl>#track</styleUrl>
        <Point>
          <coordinates>-71.851137,-13.401262,3781.88</coordinates>
        </Point>
      </Placemark>
      <Placemark>
        <name>Apu Linli hike - Wikiloc-1025</name>
        <snippet></snippet>
        <description>
&lt;table&gt;
&lt;tr&gt;&lt;td&gt;Longitude: -71.851051&lt;/td&gt;&lt;/tr&gt;
&lt;tr&gt;&lt;td&gt;Latitude: -13.401196&lt;/td&gt;&lt;/tr&gt;
&lt;tr&gt;&lt;td&gt;Altitude: 12394.600 ft&lt;/td&gt;&lt;/tr&gt;
&lt;tr&gt;&lt;td&gt;Speed: 1.5 mph&lt;/td&gt;&lt;/tr&gt;
&lt;tr&gt;&lt;td&gt;Heading: 51.7&lt;/td&gt;&lt;/tr&gt;
&lt;tr&gt;&lt;td&gt;Time: 2021-02-19T19:58:25Z&lt;/td&gt;&lt;/tr&gt;
&lt;/table&gt;
</description>
        <LookAt>
          <longitude>-71.851051</longitude>
          <latitude>-13.401196</latitude>
          <tilt>66</tilt>
        </LookAt>
        <TimeStamp>
          <when>2021-02-19T19:58:25Z</when>
        </TimeStamp>
        <styleUrl>#track</styleUrl>
        <Point>
          <coordinates>-71.851051,-13.401196,3777.87</coordinates>
        </Point>
      </Placemark>
      <Placemark>
        <name>Apu Linli hike - Wikiloc-1026</name>
        <snippet></snippet>
        <description>
&lt;table&gt;
&lt;tr&gt;&lt;td&gt;Longitude: -71.851014&lt;/td&gt;&lt;/tr&gt;
&lt;tr&gt;&lt;td&gt;Latitude: -13.401036&lt;/td&gt;&lt;/tr&gt;
&lt;tr&gt;&lt;td&gt;Altitude: 12381.493 ft&lt;/td&gt;&lt;/tr&gt;
&lt;tr&gt;&lt;td&gt;Speed: 4.5 mph&lt;/td&gt;&lt;/tr&gt;
&lt;tr&gt;&lt;td&gt;Heading: 12.7&lt;/td&gt;&lt;/tr&gt;
&lt;tr&gt;&lt;td&gt;Time: 2021-02-19T19:58:34Z&lt;/td&gt;&lt;/tr&gt;
&lt;/table&gt;
</description>
        <LookAt>
          <longitude>-71.851014</longitude>
          <latitude>-13.401036</latitude>
          <tilt>66</tilt>
        </LookAt>
        <TimeStamp>
          <when>2021-02-19T19:58:34Z</when>
        </TimeStamp>
        <styleUrl>#track</styleUrl>
        <Point>
          <coordinates>-71.851014,-13.401036,3773.88</coordinates>
        </Point>
      </Placemark>
      <Placemark>
        <name>Apu Linli hike - Wikiloc-1027</name>
        <snippet></snippet>
        <description>
&lt;table&gt;
&lt;tr&gt;&lt;td&gt;Longitude: -71.850948&lt;/td&gt;&lt;/tr&gt;
&lt;tr&gt;&lt;td&gt;Latitude: -13.400940&lt;/td&gt;&lt;/tr&gt;
&lt;tr&gt;&lt;td&gt;Altitude: 12368.337 ft&lt;/td&gt;&lt;/tr&gt;
&lt;tr&gt;&lt;td&gt;Speed: 3.2 mph&lt;/td&gt;&lt;/tr&gt;
&lt;tr&gt;&lt;td&gt;Heading: 33.8&lt;/td&gt;&lt;/tr&gt;
&lt;tr&gt;&lt;td&gt;Time: 2021-02-19T19:58:43Z&lt;/td&gt;&lt;/tr&gt;
&lt;/table&gt;
</description>
        <LookAt>
          <longitude>-71.850948</longitude>
          <latitude>-13.40094</latitude>
          <tilt>66</tilt>
        </LookAt>
        <TimeStamp>
          <when>2021-02-19T19:58:43Z</when>
        </TimeStamp>
        <styleUrl>#track</styleUrl>
        <Point>
          <coordinates>-71.850948,-13.400940,3769.87</coordinates>
        </Point>
      </Placemark>
      <Placemark>
        <name>Apu Linli hike - Wikiloc-1028</name>
        <snippet></snippet>
        <description>
&lt;table&gt;
&lt;tr&gt;&lt;td&gt;Longitude: -71.850815&lt;/td&gt;&lt;/tr&gt;
&lt;tr&gt;&lt;td&gt;Latitude: -13.400939&lt;/td&gt;&lt;/tr&gt;
&lt;tr&gt;&lt;td&gt;Altitude: 12361.394 ft&lt;/td&gt;&lt;/tr&gt;
&lt;tr&gt;&lt;td&gt;Speed: 3.6 mph&lt;/td&gt;&lt;/tr&gt;
&lt;tr&gt;&lt;td&gt;Heading: 89.6&lt;/td&gt;&lt;/tr&gt;
&lt;tr&gt;&lt;td&gt;Time: 2021-02-19T19:58:52Z&lt;/td&gt;&lt;/tr&gt;
&lt;/table&gt;
</description>
        <LookAt>
          <longitude>-71.850815</longitude>
          <latitude>-13.400939</latitude>
          <tilt>66</tilt>
        </LookAt>
        <TimeStamp>
          <when>2021-02-19T19:58:52Z</when>
        </TimeStamp>
        <styleUrl>#track</styleUrl>
        <Point>
          <coordinates>-71.850815,-13.400939,3767.75</coordinates>
        </Point>
      </Placemark>
      <Placemark>
        <name>Apu Linli hike - Wikiloc-1029</name>
        <snippet></snippet>
        <description>
&lt;table&gt;
&lt;tr&gt;&lt;td&gt;Longitude: -71.850779&lt;/td&gt;&lt;/tr&gt;
&lt;tr&gt;&lt;td&gt;Latitude: -13.401030&lt;/td&gt;&lt;/tr&gt;
&lt;tr&gt;&lt;td&gt;Altitude: 12360.856 ft&lt;/td&gt;&lt;/tr&gt;
&lt;tr&gt;&lt;td&gt;Speed: 2.7 mph&lt;/td&gt;&lt;/tr&gt;
&lt;tr&gt;&lt;td&gt;Heading: 159.0&lt;/td&gt;&lt;/tr&gt;
&lt;tr&gt;&lt;td&gt;Time: 2021-02-19T19:59:01Z&lt;/td&gt;&lt;/tr&gt;
&lt;/table&gt;
</description>
        <LookAt>
          <longitude>-71.850779</longitude>
          <latitude>-13.40103</latitude>
          <tilt>66</tilt>
        </LookAt>
        <TimeStamp>
          <when>2021-02-19T19:59:01Z</when>
        </TimeStamp>
        <styleUrl>#track</styleUrl>
        <Point>
          <coordinates>-71.850779,-13.401030,3767.59</coordinates>
        </Point>
      </Placemark>
      <Placemark>
        <name>Apu Linli hike - Wikiloc-1030</name>
        <snippet></snippet>
        <description>
&lt;table&gt;
&lt;tr&gt;&lt;td&gt;Longitude: -71.850801&lt;/td&gt;&lt;/tr&gt;
&lt;tr&gt;&lt;td&gt;Latitude: -13.401131&lt;/td&gt;&lt;/tr&gt;
&lt;tr&gt;&lt;td&gt;Altitude: 12349.790 ft&lt;/td&gt;&lt;/tr&gt;
&lt;tr&gt;&lt;td&gt;Speed: 2.9 mph&lt;/td&gt;&lt;/tr&gt;
&lt;tr&gt;&lt;td&gt;Heading: 192.0&lt;/td&gt;&lt;/tr&gt;
&lt;tr&gt;&lt;td&gt;Time: 2021-02-19T19:59:10Z&lt;/td&gt;&lt;/tr&gt;
&lt;/table&gt;
</description>
        <LookAt>
          <longitude>-71.850801</longitude>
          <latitude>-13.401131</latitude>
          <tilt>66</tilt>
        </LookAt>
        <TimeStamp>
          <when>2021-02-19T19:59:10Z</when>
        </TimeStamp>
        <styleUrl>#track</styleUrl>
        <Point>
          <coordinates>-71.850801,-13.401131,3764.22</coordinates>
        </Point>
      </Placemark>
      <Placemark>
        <name>Apu Linli hike - Wikiloc-1031</name>
        <snippet></snippet>
        <description>
&lt;table&gt;
&lt;tr&gt;&lt;td&gt;Longitude: -71.850833&lt;/td&gt;&lt;/tr&gt;
&lt;tr&gt;&lt;td&gt;Latitude: -13.401202&lt;/td&gt;&lt;/tr&gt;
&lt;tr&gt;&lt;td&gt;Altitude: 12337.192 ft&lt;/td&gt;&lt;/tr&gt;
&lt;tr&gt;&lt;td&gt;Speed: 2.1 mph&lt;/td&gt;&lt;/tr&gt;
&lt;tr&gt;&lt;td&gt;Heading: 203.7&lt;/td&gt;&lt;/tr&gt;
&lt;tr&gt;&lt;td&gt;Time: 2021-02-19T19:59:19Z&lt;/td&gt;&lt;/tr&gt;
&lt;/table&gt;
</description>
        <LookAt>
          <longitude>-71.850833</longitude>
          <latitude>-13.401202</latitude>
          <tilt>66</tilt>
        </LookAt>
        <TimeStamp>
          <when>2021-02-19T19:59:19Z</when>
        </TimeStamp>
        <styleUrl>#track</styleUrl>
        <Point>
          <coordinates>-71.850833,-13.401202,3760.38</coordinates>
        </Point>
      </Placemark>
      <Placemark>
        <name>Apu Linli hike - Wikiloc-1032</name>
        <snippet></snippet>
        <description>
&lt;table&gt;
&lt;tr&gt;&lt;td&gt;Longitude: -71.850637&lt;/td&gt;&lt;/tr&gt;
&lt;tr&gt;&lt;td&gt;Latitude: -13.401140&lt;/td&gt;&lt;/tr&gt;
&lt;tr&gt;&lt;td&gt;Altitude: 12334.685 ft&lt;/td&gt;&lt;/tr&gt;
&lt;tr&gt;&lt;td&gt;Speed: 5.5 mph&lt;/td&gt;&lt;/tr&gt;
&lt;tr&gt;&lt;td&gt;Heading: 72.0&lt;/td&gt;&lt;/tr&gt;
&lt;tr&gt;&lt;td&gt;Time: 2021-02-19T19:59:28Z&lt;/td&gt;&lt;/tr&gt;
&lt;/table&gt;
</description>
        <LookAt>
          <longitude>-71.850637</longitude>
          <latitude>-13.40114</latitude>
          <tilt>66</tilt>
        </LookAt>
        <TimeStamp>
          <when>2021-02-19T19:59:28Z</when>
        </TimeStamp>
        <styleUrl>#track</styleUrl>
        <Point>
          <coordinates>-71.850637,-13.401140,3759.61</coordinates>
        </Point>
      </Placemark>
      <Placemark>
        <name>Apu Linli hike - Wikiloc-1033</name>
        <snippet></snippet>
        <description>
&lt;table&gt;
&lt;tr&gt;&lt;td&gt;Longitude: -71.850564&lt;/td&gt;&lt;/tr&gt;
&lt;tr&gt;&lt;td&gt;Latitude: -13.401125&lt;/td&gt;&lt;/tr&gt;
&lt;tr&gt;&lt;td&gt;Altitude: 12321.627 ft&lt;/td&gt;&lt;/tr&gt;
&lt;tr&gt;&lt;td&gt;Speed: 2.0 mph&lt;/td&gt;&lt;/tr&gt;
&lt;tr&gt;&lt;td&gt;Heading: 78.1&lt;/td&gt;&lt;/tr&gt;
&lt;tr&gt;&lt;td&gt;Time: 2021-02-19T19:59:37Z&lt;/td&gt;&lt;/tr&gt;
&lt;/table&gt;
</description>
        <LookAt>
          <longitude>-71.850564</longitude>
          <latitude>-13.401125</latitude>
          <tilt>66</tilt>
        </LookAt>
        <TimeStamp>
          <when>2021-02-19T19:59:37Z</when>
        </TimeStamp>
        <styleUrl>#track</styleUrl>
        <Point>
          <coordinates>-71.850564,-13.401125,3755.63</coordinates>
        </Point>
      </Placemark>
      <Placemark>
        <name>Apu Linli hike - Wikiloc-1034</name>
        <snippet></snippet>
        <description>
&lt;table&gt;
&lt;tr&gt;&lt;td&gt;Longitude: -71.850496&lt;/td&gt;&lt;/tr&gt;
&lt;tr&gt;&lt;td&gt;Latitude: -13.401016&lt;/td&gt;&lt;/tr&gt;
&lt;tr&gt;&lt;td&gt;Altitude: 12308.415 ft&lt;/td&gt;&lt;/tr&gt;
&lt;tr&gt;&lt;td&gt;Speed: 3.5 mph&lt;/td&gt;&lt;/tr&gt;
&lt;tr&gt;&lt;td&gt;Heading: 31.3&lt;/td&gt;&lt;/tr&gt;
&lt;tr&gt;&lt;td&gt;Time: 2021-02-19T19:59:46Z&lt;/td&gt;&lt;/tr&gt;
&lt;/table&gt;
</description>
        <LookAt>
          <longitude>-71.850496</longitude>
          <latitude>-13.401016</latitude>
          <tilt>66</tilt>
        </LookAt>
        <TimeStamp>
          <when>2021-02-19T19:59:46Z</when>
        </TimeStamp>
        <styleUrl>#track</styleUrl>
        <Point>
          <coordinates>-71.850496,-13.401016,3751.61</coordinates>
        </Point>
      </Placemark>
      <Placemark>
        <name>Apu Linli hike - Wikiloc-1035</name>
        <snippet></snippet>
        <description>
&lt;table&gt;
&lt;tr&gt;&lt;td&gt;Longitude: -71.850440&lt;/td&gt;&lt;/tr&gt;
&lt;tr&gt;&lt;td&gt;Latitude: -13.400915&lt;/td&gt;&lt;/tr&gt;
&lt;tr&gt;&lt;td&gt;Altitude: 12295.302 ft&lt;/td&gt;&lt;/tr&gt;
&lt;tr&gt;&lt;td&gt;Speed: 3.2 mph&lt;/td&gt;&lt;/tr&gt;
&lt;tr&gt;&lt;td&gt;Heading: 28.3&lt;/td&gt;&lt;/tr&gt;
&lt;tr&gt;&lt;td&gt;Time: 2021-02-19T19:59:55Z&lt;/td&gt;&lt;/tr&gt;
&lt;/table&gt;
</description>
        <LookAt>
          <longitude>-71.85044</longitude>
          <latitude>-13.400915</latitude>
          <tilt>66</tilt>
        </LookAt>
        <TimeStamp>
          <when>2021-02-19T19:59:55Z</when>
        </TimeStamp>
        <styleUrl>#track</styleUrl>
        <Point>
          <coordinates>-71.850440,-13.400915,3747.61</coordinates>
        </Point>
      </Placemark>
      <Placemark>
        <name>Apu Linli hike - Wikiloc-1036</name>
        <snippet></snippet>
        <description>
&lt;table&gt;
&lt;tr&gt;&lt;td&gt;Longitude: -71.850369&lt;/td&gt;&lt;/tr&gt;
&lt;tr&gt;&lt;td&gt;Latitude: -13.400857&lt;/td&gt;&lt;/tr&gt;
&lt;tr&gt;&lt;td&gt;Altitude: 12282.241 ft&lt;/td&gt;&lt;/tr&gt;
&lt;tr&gt;&lt;td&gt;Speed: 2.5 mph&lt;/td&gt;&lt;/tr&gt;
&lt;tr&gt;&lt;td&gt;Heading: 50.0&lt;/td&gt;&lt;/tr&gt;
&lt;tr&gt;&lt;td&gt;Time: 2021-02-19T20:00:04Z&lt;/td&gt;&lt;/tr&gt;
&lt;/table&gt;
</description>
        <LookAt>
          <longitude>-71.850369</longitude>
          <latitude>-13.400857</latitude>
          <tilt>66</tilt>
        </LookAt>
        <TimeStamp>
          <when>2021-02-19T20:00:04Z</when>
        </TimeStamp>
        <styleUrl>#track</styleUrl>
        <Point>
          <coordinates>-71.850369,-13.400857,3743.63</coordinates>
        </Point>
      </Placemark>
      <Placemark>
        <name>Apu Linli hike - Wikiloc-1037</name>
        <snippet></snippet>
        <description>
&lt;table&gt;
&lt;tr&gt;&lt;td&gt;Longitude: -71.850405&lt;/td&gt;&lt;/tr&gt;
&lt;tr&gt;&lt;td&gt;Latitude: -13.400814&lt;/td&gt;&lt;/tr&gt;
&lt;tr&gt;&lt;td&gt;Altitude: 12272.070 ft&lt;/td&gt;&lt;/tr&gt;
&lt;tr&gt;&lt;td&gt;Speed: 3.5 mph&lt;/td&gt;&lt;/tr&gt;
&lt;tr&gt;&lt;td&gt;Heading: 320.8&lt;/td&gt;&lt;/tr&gt;
&lt;tr&gt;&lt;td&gt;Time: 2021-02-19T20:00:08Z&lt;/td&gt;&lt;/tr&gt;
&lt;/table&gt;
</description>
        <LookAt>
          <longitude>-71.850405</longitude>
          <latitude>-13.400814</latitude>
          <tilt>66</tilt>
        </LookAt>
        <TimeStamp>
          <when>2021-02-19T20:00:08Z</when>
        </TimeStamp>
        <styleUrl>#track</styleUrl>
        <Point>
          <coordinates>-71.850405,-13.400814,3740.53</coordinates>
        </Point>
      </Placemark>
      <Placemark>
        <name>Apu Linli hike - Wikiloc-1038</name>
        <snippet></snippet>
        <description>
&lt;table&gt;
&lt;tr&gt;&lt;td&gt;Longitude: -71.850204&lt;/td&gt;&lt;/tr&gt;
&lt;tr&gt;&lt;td&gt;Latitude: -13.400862&lt;/td&gt;&lt;/tr&gt;
&lt;tr&gt;&lt;td&gt;Altitude: 12272.808 ft&lt;/td&gt;&lt;/tr&gt;
&lt;tr&gt;&lt;td&gt;Speed: 10.0 mph&lt;/td&gt;&lt;/tr&gt;
&lt;tr&gt;&lt;td&gt;Heading: 103.8&lt;/td&gt;&lt;/tr&gt;
&lt;tr&gt;&lt;td&gt;Time: 2021-02-19T20:00:13Z&lt;/td&gt;&lt;/tr&gt;
&lt;/table&gt;
</description>
        <LookAt>
          <longitude>-71.850204</longitude>
          <latitude>-13.400862</latitude>
          <tilt>66</tilt>
        </LookAt>
        <TimeStamp>
          <when>2021-02-19T20:00:13Z</when>
        </TimeStamp>
        <styleUrl>#track</styleUrl>
        <Point>
          <coordinates>-71.850204,-13.400862,3740.75</coordinates>
        </Point>
      </Placemark>
      <Placemark>
        <name>Apu Linli hike - Wikiloc-1039</name>
        <snippet></snippet>
        <description>
&lt;table&gt;
&lt;tr&gt;&lt;td&gt;Longitude: -71.850132&lt;/td&gt;&lt;/tr&gt;
&lt;tr&gt;&lt;td&gt;Latitude: -13.400863&lt;/td&gt;&lt;/tr&gt;
&lt;tr&gt;&lt;td&gt;Altitude: 12271.463 ft&lt;/td&gt;&lt;/tr&gt;
&lt;tr&gt;&lt;td&gt;Speed: 3.5 mph&lt;/td&gt;&lt;/tr&gt;
&lt;tr&gt;&lt;td&gt;Heading: 90.8&lt;/td&gt;&lt;/tr&gt;
&lt;tr&gt;&lt;td&gt;Time: 2021-02-19T20:00:18Z&lt;/td&gt;&lt;/tr&gt;
&lt;/table&gt;
</description>
        <LookAt>
          <longitude>-71.850132</longitude>
          <latitude>-13.400863</latitude>
          <tilt>66</tilt>
        </LookAt>
        <TimeStamp>
          <when>2021-02-19T20:00:18Z</when>
        </TimeStamp>
        <styleUrl>#track</styleUrl>
        <Point>
          <coordinates>-71.850132,-13.400863,3740.34</coordinates>
        </Point>
      </Placemark>
      <Placemark>
        <name>Apu Linli hike - Wikiloc-1040</name>
        <snippet></snippet>
        <description>
&lt;table&gt;
&lt;tr&gt;&lt;td&gt;Longitude: -71.850081&lt;/td&gt;&lt;/tr&gt;
&lt;tr&gt;&lt;td&gt;Latitude: -13.400827&lt;/td&gt;&lt;/tr&gt;
&lt;tr&gt;&lt;td&gt;Altitude: 12269.442 ft&lt;/td&gt;&lt;/tr&gt;
&lt;tr&gt;&lt;td&gt;Speed: 3.1 mph&lt;/td&gt;&lt;/tr&gt;
&lt;tr&gt;&lt;td&gt;Heading: 54.0&lt;/td&gt;&lt;/tr&gt;
&lt;tr&gt;&lt;td&gt;Time: 2021-02-19T20:00:23Z&lt;/td&gt;&lt;/tr&gt;
&lt;/table&gt;
</description>
        <LookAt>
          <longitude>-71.850081</longitude>
          <latitude>-13.400827</latitude>
          <tilt>66</tilt>
        </LookAt>
        <TimeStamp>
          <when>2021-02-19T20:00:23Z</when>
        </TimeStamp>
        <styleUrl>#track</styleUrl>
        <Point>
          <coordinates>-71.850081,-13.400827,3739.73</coordinates>
        </Point>
      </Placemark>
      <Placemark>
        <name>Apu Linli hike - Wikiloc-1041</name>
        <snippet></snippet>
        <description>
&lt;table&gt;
&lt;tr&gt;&lt;td&gt;Longitude: -71.850025&lt;/td&gt;&lt;/tr&gt;
&lt;tr&gt;&lt;td&gt;Latitude: -13.400790&lt;/td&gt;&lt;/tr&gt;
&lt;tr&gt;&lt;td&gt;Altitude: 12267.329 ft&lt;/td&gt;&lt;/tr&gt;
&lt;tr&gt;&lt;td&gt;Speed: 3.3 mph&lt;/td&gt;&lt;/tr&gt;
&lt;tr&gt;&lt;td&gt;Heading: 55.8&lt;/td&gt;&lt;/tr&gt;
&lt;tr&gt;&lt;td&gt;Time: 2021-02-19T20:00:28Z&lt;/td&gt;&lt;/tr&gt;
&lt;/table&gt;
</description>
        <LookAt>
          <longitude>-71.850025</longitude>
          <latitude>-13.40079</latitude>
          <tilt>66</tilt>
        </LookAt>
        <TimeStamp>
          <when>2021-02-19T20:00:28Z</when>
        </TimeStamp>
        <styleUrl>#track</styleUrl>
        <Point>
          <coordinates>-71.850025,-13.400790,3739.08</coordinates>
        </Point>
      </Placemark>
      <Placemark>
        <name>Apu Linli hike - Wikiloc-1042</name>
        <snippet></snippet>
        <description>
&lt;table&gt;
&lt;tr&gt;&lt;td&gt;Longitude: -71.849977&lt;/td&gt;&lt;/tr&gt;
&lt;tr&gt;&lt;td&gt;Latitude: -13.400743&lt;/td&gt;&lt;/tr&gt;
&lt;tr&gt;&lt;td&gt;Altitude: 12264.301 ft&lt;/td&gt;&lt;/tr&gt;
&lt;tr&gt;&lt;td&gt;Speed: 3.3 mph&lt;/td&gt;&lt;/tr&gt;
&lt;tr&gt;&lt;td&gt;Heading: 44.8&lt;/td&gt;&lt;/tr&gt;
&lt;tr&gt;&lt;td&gt;Time: 2021-02-19T20:00:33Z&lt;/td&gt;&lt;/tr&gt;
&lt;/table&gt;
</description>
        <LookAt>
          <longitude>-71.849977</longitude>
          <latitude>-13.400743</latitude>
          <tilt>66</tilt>
        </LookAt>
        <TimeStamp>
          <when>2021-02-19T20:00:33Z</when>
        </TimeStamp>
        <styleUrl>#track</styleUrl>
        <Point>
          <coordinates>-71.849977,-13.400743,3738.16</coordinates>
        </Point>
      </Placemark>
      <Placemark>
        <name>Apu Linli hike - Wikiloc-1043</name>
        <snippet></snippet>
        <description>
&lt;table&gt;
&lt;tr&gt;&lt;td&gt;Longitude: -71.849928&lt;/td&gt;&lt;/tr&gt;
&lt;tr&gt;&lt;td&gt;Latitude: -13.400711&lt;/td&gt;&lt;/tr&gt;
&lt;tr&gt;&lt;td&gt;Altitude: 12262.989 ft&lt;/td&gt;&lt;/tr&gt;
&lt;tr&gt;&lt;td&gt;Speed: 2.9 mph&lt;/td&gt;&lt;/tr&gt;
&lt;tr&gt;&lt;td&gt;Heading: 56.1&lt;/td&gt;&lt;/tr&gt;
&lt;tr&gt;&lt;td&gt;Time: 2021-02-19T20:00:38Z&lt;/td&gt;&lt;/tr&gt;
&lt;/table&gt;
</description>
        <LookAt>
          <longitude>-71.849928</longitude>
          <latitude>-13.400711</latitude>
          <tilt>66</tilt>
        </LookAt>
        <TimeStamp>
          <when>2021-02-19T20:00:38Z</when>
        </TimeStamp>
        <styleUrl>#track</styleUrl>
        <Point>
          <coordinates>-71.849928,-13.400711,3737.76</coordinates>
        </Point>
      </Placemark>
      <Placemark>
        <name>Apu Linli hike - Wikiloc-1044</name>
        <snippet></snippet>
        <description>
&lt;table&gt;
&lt;tr&gt;&lt;td&gt;Longitude: -71.849838&lt;/td&gt;&lt;/tr&gt;
&lt;tr&gt;&lt;td&gt;Latitude: -13.400701&lt;/td&gt;&lt;/tr&gt;
&lt;tr&gt;&lt;td&gt;Altitude: 12263.251 ft&lt;/td&gt;&lt;/tr&gt;
&lt;tr&gt;&lt;td&gt;Speed: 2.2 mph&lt;/td&gt;&lt;/tr&gt;
&lt;tr&gt;&lt;td&gt;Heading: 83.5&lt;/td&gt;&lt;/tr&gt;
&lt;tr&gt;&lt;td&gt;Time: 2021-02-19T20:00:48Z&lt;/td&gt;&lt;/tr&gt;
&lt;/table&gt;
</description>
        <LookAt>
          <longitude>-71.849838</longitude>
          <latitude>-13.400701</latitude>
          <tilt>66</tilt>
        </LookAt>
        <TimeStamp>
          <when>2021-02-19T20:00:48Z</when>
        </TimeStamp>
        <styleUrl>#track</styleUrl>
        <Point>
          <coordinates>-71.849838,-13.400701,3737.84</coordinates>
        </Point>
      </Placemark>
      <Placemark>
        <name>Apu Linli hike - Wikiloc-1045</name>
        <snippet></snippet>
        <description>
&lt;table&gt;
&lt;tr&gt;&lt;td&gt;Longitude: -71.849793&lt;/td&gt;&lt;/tr&gt;
&lt;tr&gt;&lt;td&gt;Latitude: -13.400720&lt;/td&gt;&lt;/tr&gt;
&lt;tr&gt;&lt;td&gt;Altitude: 12259.518 ft&lt;/td&gt;&lt;/tr&gt;
&lt;tr&gt;&lt;td&gt;Speed: 2.4 mph&lt;/td&gt;&lt;/tr&gt;
&lt;tr&gt;&lt;td&gt;Heading: 113.5&lt;/td&gt;&lt;/tr&gt;
&lt;tr&gt;&lt;td&gt;Time: 2021-02-19T20:00:53Z&lt;/td&gt;&lt;/tr&gt;
&lt;/table&gt;
</description>
        <LookAt>
          <longitude>-71.849793</longitude>
          <latitude>-13.40072</latitude>
          <tilt>66</tilt>
        </LookAt>
        <TimeStamp>
          <when>2021-02-19T20:00:53Z</when>
        </TimeStamp>
        <styleUrl>#track</styleUrl>
        <Point>
          <coordinates>-71.849793,-13.400720,3736.70</coordinates>
        </Point>
      </Placemark>
      <Placemark>
        <name>Apu Linli hike - Wikiloc-1046</name>
        <snippet></snippet>
        <description>
&lt;table&gt;
&lt;tr&gt;&lt;td&gt;Longitude: -71.849748&lt;/td&gt;&lt;/tr&gt;
&lt;tr&gt;&lt;td&gt;Latitude: -13.400771&lt;/td&gt;&lt;/tr&gt;
&lt;tr&gt;&lt;td&gt;Altitude: 12253.678 ft&lt;/td&gt;&lt;/tr&gt;
&lt;tr&gt;&lt;td&gt;Speed: 3.3 mph&lt;/td&gt;&lt;/tr&gt;
&lt;tr&gt;&lt;td&gt;Heading: 139.4&lt;/td&gt;&lt;/tr&gt;
&lt;tr&gt;&lt;td&gt;Time: 2021-02-19T20:00:58Z&lt;/td&gt;&lt;/tr&gt;
&lt;/table&gt;
</description>
        <LookAt>
          <longitude>-71.849748</longitude>
          <latitude>-13.400771</latitude>
          <tilt>66</tilt>
        </LookAt>
        <TimeStamp>
          <when>2021-02-19T20:00:58Z</when>
        </TimeStamp>
        <styleUrl>#track</styleUrl>
        <Point>
          <coordinates>-71.849748,-13.400771,3734.92</coordinates>
        </Point>
      </Placemark>
      <Placemark>
        <name>Apu Linli hike - Wikiloc-1047</name>
        <snippet></snippet>
        <description>
&lt;table&gt;
&lt;tr&gt;&lt;td&gt;Longitude: -71.849719&lt;/td&gt;&lt;/tr&gt;
&lt;tr&gt;&lt;td&gt;Latitude: -13.400836&lt;/td&gt;&lt;/tr&gt;
&lt;tr&gt;&lt;td&gt;Altitude: 12247.402 ft&lt;/td&gt;&lt;/tr&gt;
&lt;tr&gt;&lt;td&gt;Speed: 3.5 mph&lt;/td&gt;&lt;/tr&gt;
&lt;tr&gt;&lt;td&gt;Heading: 156.5&lt;/td&gt;&lt;/tr&gt;
&lt;tr&gt;&lt;td&gt;Time: 2021-02-19T20:01:03Z&lt;/td&gt;&lt;/tr&gt;
&lt;/table&gt;
</description>
        <LookAt>
          <longitude>-71.849719</longitude>
          <latitude>-13.400836</latitude>
          <tilt>66</tilt>
        </LookAt>
        <TimeStamp>
          <when>2021-02-19T20:01:03Z</when>
        </TimeStamp>
        <styleUrl>#track</styleUrl>
        <Point>
          <coordinates>-71.849719,-13.400836,3733.01</coordinates>
        </Point>
      </Placemark>
      <Placemark>
        <name>Apu Linli hike - Wikiloc-1048</name>
        <snippet></snippet>
        <description>
&lt;table&gt;
&lt;tr&gt;&lt;td&gt;Longitude: -71.849718&lt;/td&gt;&lt;/tr&gt;
&lt;tr&gt;&lt;td&gt;Latitude: -13.400907&lt;/td&gt;&lt;/tr&gt;
&lt;tr&gt;&lt;td&gt;Altitude: 12244.485 ft&lt;/td&gt;&lt;/tr&gt;
&lt;tr&gt;&lt;td&gt;Speed: 3.5 mph&lt;/td&gt;&lt;/tr&gt;
&lt;tr&gt;&lt;td&gt;Heading: 179.2&lt;/td&gt;&lt;/tr&gt;
&lt;tr&gt;&lt;td&gt;Time: 2021-02-19T20:01:08Z&lt;/td&gt;&lt;/tr&gt;
&lt;/table&gt;
</description>
        <LookAt>
          <longitude>-71.849718</longitude>
          <latitude>-13.400907</latitude>
          <tilt>66</tilt>
        </LookAt>
        <TimeStamp>
          <when>2021-02-19T20:01:08Z</when>
        </TimeStamp>
        <styleUrl>#track</styleUrl>
        <Point>
          <coordinates>-71.849718,-13.400907,3732.12</coordinates>
        </Point>
      </Placemark>
      <Placemark>
        <name>Apu Linli hike - Wikiloc-1049</name>
        <snippet></snippet>
        <description>
&lt;table&gt;
&lt;tr&gt;&lt;td&gt;Longitude: -71.849762&lt;/td&gt;&lt;/tr&gt;
&lt;tr&gt;&lt;td&gt;Latitude: -13.400954&lt;/td&gt;&lt;/tr&gt;
&lt;tr&gt;&lt;td&gt;Altitude: 12242.188 ft&lt;/td&gt;&lt;/tr&gt;
&lt;tr&gt;&lt;td&gt;Speed: 3.2 mph&lt;/td&gt;&lt;/tr&gt;
&lt;tr&gt;&lt;td&gt;Heading: 222.3&lt;/td&gt;&lt;/tr&gt;
&lt;tr&gt;&lt;td&gt;Time: 2021-02-19T20:01:13Z&lt;/td&gt;&lt;/tr&gt;
&lt;/table&gt;
</description>
        <LookAt>
          <longitude>-71.849762</longitude>
          <latitude>-13.400954</latitude>
          <tilt>66</tilt>
        </LookAt>
        <TimeStamp>
          <when>2021-02-19T20:01:13Z</when>
        </TimeStamp>
        <styleUrl>#track</styleUrl>
        <Point>
          <coordinates>-71.849762,-13.400954,3731.42</coordinates>
        </Point>
      </Placemark>
      <Placemark>
        <name>Apu Linli hike - Wikiloc-1050</name>
        <snippet></snippet>
        <description>
&lt;table&gt;
&lt;tr&gt;&lt;td&gt;Longitude: -71.849805&lt;/td&gt;&lt;/tr&gt;
&lt;tr&gt;&lt;td&gt;Latitude: -13.400979&lt;/td&gt;&lt;/tr&gt;
&lt;tr&gt;&lt;td&gt;Altitude: 12236.201 ft&lt;/td&gt;&lt;/tr&gt;
&lt;tr&gt;&lt;td&gt;Speed: 2.4 mph&lt;/td&gt;&lt;/tr&gt;
&lt;tr&gt;&lt;td&gt;Heading: 239.1&lt;/td&gt;&lt;/tr&gt;
&lt;tr&gt;&lt;td&gt;Time: 2021-02-19T20:01:18Z&lt;/td&gt;&lt;/tr&gt;
&lt;/table&gt;
</description>
        <LookAt>
          <longitude>-71.849805</longitude>
          <latitude>-13.400979</latitude>
          <tilt>66</tilt>
        </LookAt>
        <TimeStamp>
          <when>2021-02-19T20:01:18Z</when>
        </TimeStamp>
        <styleUrl>#track</styleUrl>
        <Point>
          <coordinates>-71.849805,-13.400979,3729.59</coordinates>
        </Point>
      </Placemark>
      <Placemark>
        <name>Apu Linli hike - Wikiloc-1051</name>
        <snippet></snippet>
        <description>
&lt;table&gt;
&lt;tr&gt;&lt;td&gt;Longitude: -71.849712&lt;/td&gt;&lt;/tr&gt;
&lt;tr&gt;&lt;td&gt;Latitude: -13.401104&lt;/td&gt;&lt;/tr&gt;
&lt;tr&gt;&lt;td&gt;Altitude: 12226.490 ft&lt;/td&gt;&lt;/tr&gt;
&lt;tr&gt;&lt;td&gt;Speed: 1.7 mph&lt;/td&gt;&lt;/tr&gt;
&lt;tr&gt;&lt;td&gt;Heading: 144.1&lt;/td&gt;&lt;/tr&gt;
&lt;tr&gt;&lt;td&gt;Time: 2021-02-19T20:01:41Z&lt;/td&gt;&lt;/tr&gt;
&lt;/table&gt;
</description>
        <LookAt>
          <longitude>-71.849712</longitude>
          <latitude>-13.401104</latitude>
          <tilt>66</tilt>
        </LookAt>
        <TimeStamp>
          <when>2021-02-19T20:01:41Z</when>
        </TimeStamp>
        <styleUrl>#track</styleUrl>
        <Point>
          <coordinates>-71.849712,-13.401104,3726.63</coordinates>
        </Point>
      </Placemark>
      <Placemark>
        <name>Apu Linli hike - Wikiloc-1052</name>
        <snippet></snippet>
        <description>
&lt;table&gt;
&lt;tr&gt;&lt;td&gt;Longitude: -71.849596&lt;/td&gt;&lt;/tr&gt;
&lt;tr&gt;&lt;td&gt;Latitude: -13.401214&lt;/td&gt;&lt;/tr&gt;
&lt;tr&gt;&lt;td&gt;Altitude: 12215.315 ft&lt;/td&gt;&lt;/tr&gt;
&lt;tr&gt;&lt;td&gt;Speed: 4.4 mph&lt;/td&gt;&lt;/tr&gt;
&lt;tr&gt;&lt;td&gt;Heading: 134.3&lt;/td&gt;&lt;/tr&gt;
&lt;tr&gt;&lt;td&gt;Time: 2021-02-19T20:01:50Z&lt;/td&gt;&lt;/tr&gt;
&lt;/table&gt;
</description>
        <LookAt>
          <longitude>-71.849596</longitude>
          <latitude>-13.401214</latitude>
          <tilt>66</tilt>
        </LookAt>
        <TimeStamp>
          <when>2021-02-19T20:01:50Z</when>
        </TimeStamp>
        <styleUrl>#track</styleUrl>
        <Point>
          <coordinates>-71.849596,-13.401214,3723.23</coordinates>
        </Point>
      </Placemark>
      <Placemark>
        <name>Apu Linli hike - Wikiloc-1053</name>
        <snippet></snippet>
        <description>
&lt;table&gt;
&lt;tr&gt;&lt;td&gt;Longitude: -71.849507&lt;/td&gt;&lt;/tr&gt;
&lt;tr&gt;&lt;td&gt;Latitude: -13.401311&lt;/td&gt;&lt;/tr&gt;
&lt;tr&gt;&lt;td&gt;Altitude: 12202.966 ft&lt;/td&gt;&lt;/tr&gt;
&lt;tr&gt;&lt;td&gt;Speed: 3.6 mph&lt;/td&gt;&lt;/tr&gt;
&lt;tr&gt;&lt;td&gt;Heading: 138.2&lt;/td&gt;&lt;/tr&gt;
&lt;tr&gt;&lt;td&gt;Time: 2021-02-19T20:01:59Z&lt;/td&gt;&lt;/tr&gt;
&lt;/table&gt;
</description>
        <LookAt>
          <longitude>-71.849507</longitude>
          <latitude>-13.401311</latitude>
          <tilt>66</tilt>
        </LookAt>
        <TimeStamp>
          <when>2021-02-19T20:01:59Z</when>
        </TimeStamp>
        <styleUrl>#track</styleUrl>
        <Point>
          <coordinates>-71.849507,-13.401311,3719.46</coordinates>
        </Point>
      </Placemark>
      <Placemark>
        <name>Apu Linli hike - Wikiloc-1054</name>
        <snippet></snippet>
        <description>
&lt;table&gt;
&lt;tr&gt;&lt;td&gt;Longitude: -71.849434&lt;/td&gt;&lt;/tr&gt;
&lt;tr&gt;&lt;td&gt;Latitude: -13.401396&lt;/td&gt;&lt;/tr&gt;
&lt;tr&gt;&lt;td&gt;Altitude: 12194.065 ft&lt;/td&gt;&lt;/tr&gt;
&lt;tr&gt;&lt;td&gt;Speed: 3.1 mph&lt;/td&gt;&lt;/tr&gt;
&lt;tr&gt;&lt;td&gt;Heading: 140.1&lt;/td&gt;&lt;/tr&gt;
&lt;tr&gt;&lt;td&gt;Time: 2021-02-19T20:02:08Z&lt;/td&gt;&lt;/tr&gt;
&lt;/table&gt;
</description>
        <LookAt>
          <longitude>-71.849434</longitude>
          <latitude>-13.401396</latitude>
          <tilt>66</tilt>
        </LookAt>
        <TimeStamp>
          <when>2021-02-19T20:02:08Z</when>
        </TimeStamp>
        <styleUrl>#track</styleUrl>
        <Point>
          <coordinates>-71.849434,-13.401396,3716.75</coordinates>
        </Point>
      </Placemark>
      <Placemark>
        <name>Apu Linli hike - Wikiloc-1055</name>
        <snippet></snippet>
        <description>
&lt;table&gt;
&lt;tr&gt;&lt;td&gt;Longitude: -71.849317&lt;/td&gt;&lt;/tr&gt;
&lt;tr&gt;&lt;td&gt;Latitude: -13.401425&lt;/td&gt;&lt;/tr&gt;
&lt;tr&gt;&lt;td&gt;Altitude: 12191.506 ft&lt;/td&gt;&lt;/tr&gt;
&lt;tr&gt;&lt;td&gt;Speed: 3.2 mph&lt;/td&gt;&lt;/tr&gt;
&lt;tr&gt;&lt;td&gt;Heading: 104.3&lt;/td&gt;&lt;/tr&gt;
&lt;tr&gt;&lt;td&gt;Time: 2021-02-19T20:02:17Z&lt;/td&gt;&lt;/tr&gt;
&lt;/table&gt;
</description>
        <LookAt>
          <longitude>-71.849317</longitude>
          <latitude>-13.401425</latitude>
          <tilt>66</tilt>
        </LookAt>
        <TimeStamp>
          <when>2021-02-19T20:02:17Z</when>
        </TimeStamp>
        <styleUrl>#track</styleUrl>
        <Point>
          <coordinates>-71.849317,-13.401425,3715.97</coordinates>
        </Point>
      </Placemark>
      <Placemark>
        <name>Apu Linli hike - Wikiloc-1056</name>
        <snippet></snippet>
        <description>
&lt;table&gt;
&lt;tr&gt;&lt;td&gt;Longitude: -71.849236&lt;/td&gt;&lt;/tr&gt;
&lt;tr&gt;&lt;td&gt;Latitude: -13.401381&lt;/td&gt;&lt;/tr&gt;
&lt;tr&gt;&lt;td&gt;Altitude: 12188.228 ft&lt;/td&gt;&lt;/tr&gt;
&lt;tr&gt;&lt;td&gt;Speed: 4.5 mph&lt;/td&gt;&lt;/tr&gt;
&lt;tr&gt;&lt;td&gt;Heading: 60.8&lt;/td&gt;&lt;/tr&gt;
&lt;tr&gt;&lt;td&gt;Time: 2021-02-19T20:02:22Z&lt;/td&gt;&lt;/tr&gt;
&lt;/table&gt;
</description>
        <LookAt>
          <longitude>-71.849236</longitude>
          <latitude>-13.401381</latitude>
          <tilt>66</tilt>
        </LookAt>
        <TimeStamp>
          <when>2021-02-19T20:02:22Z</when>
        </TimeStamp>
        <styleUrl>#track</styleUrl>
        <Point>
          <coordinates>-71.849236,-13.401381,3714.97</coordinates>
        </Point>
      </Placemark>
      <Placemark>
        <name>Apu Linli hike - Wikiloc-1057</name>
        <snippet></snippet>
        <description>
&lt;table&gt;
&lt;tr&gt;&lt;td&gt;Longitude: -71.849312&lt;/td&gt;&lt;/tr&gt;
&lt;tr&gt;&lt;td&gt;Latitude: -13.401475&lt;/td&gt;&lt;/tr&gt;
&lt;tr&gt;&lt;td&gt;Altitude: 12178.848 ft&lt;/td&gt;&lt;/tr&gt;
&lt;tr&gt;&lt;td&gt;Speed: 5.0 mph&lt;/td&gt;&lt;/tr&gt;
&lt;tr&gt;&lt;td&gt;Heading: 218.2&lt;/td&gt;&lt;/tr&gt;
&lt;tr&gt;&lt;td&gt;Time: 2021-02-19T20:02:28Z&lt;/td&gt;&lt;/tr&gt;
&lt;/table&gt;
</description>
        <LookAt>
          <longitude>-71.849312</longitude>
          <latitude>-13.401475</latitude>
          <tilt>66</tilt>
        </LookAt>
        <TimeStamp>
          <when>2021-02-19T20:02:28Z</when>
        </TimeStamp>
        <styleUrl>#track</styleUrl>
        <Point>
          <coordinates>-71.849312,-13.401475,3712.11</coordinates>
        </Point>
      </Placemark>
      <Placemark>
        <name>Apu Linli hike - Wikiloc-1058</name>
        <snippet></snippet>
        <description>
&lt;table&gt;
&lt;tr&gt;&lt;td&gt;Longitude: -71.849300&lt;/td&gt;&lt;/tr&gt;
&lt;tr&gt;&lt;td&gt;Latitude: -13.401542&lt;/td&gt;&lt;/tr&gt;
&lt;tr&gt;&lt;td&gt;Altitude: 12170.650 ft&lt;/td&gt;&lt;/tr&gt;
&lt;tr&gt;&lt;td&gt;Speed: 3.4 mph&lt;/td&gt;&lt;/tr&gt;
&lt;tr&gt;&lt;td&gt;Heading: 170.1&lt;/td&gt;&lt;/tr&gt;
&lt;tr&gt;&lt;td&gt;Time: 2021-02-19T20:02:33Z&lt;/td&gt;&lt;/tr&gt;
&lt;/table&gt;
</description>
        <LookAt>
          <longitude>-71.8493</longitude>
          <latitude>-13.401542</latitude>
          <tilt>66</tilt>
        </LookAt>
        <TimeStamp>
          <when>2021-02-19T20:02:33Z</when>
        </TimeStamp>
        <styleUrl>#track</styleUrl>
        <Point>
          <coordinates>-71.849300,-13.401542,3709.61</coordinates>
        </Point>
      </Placemark>
      <Placemark>
        <name>Apu Linli hike - Wikiloc-1059</name>
        <snippet></snippet>
        <description>
&lt;table&gt;
&lt;tr&gt;&lt;td&gt;Longitude: -71.849247&lt;/td&gt;&lt;/tr&gt;
&lt;tr&gt;&lt;td&gt;Latitude: -13.401584&lt;/td&gt;&lt;/tr&gt;
&lt;tr&gt;&lt;td&gt;Altitude: 12162.428 ft&lt;/td&gt;&lt;/tr&gt;
&lt;tr&gt;&lt;td&gt;Speed: 3.3 mph&lt;/td&gt;&lt;/tr&gt;
&lt;tr&gt;&lt;td&gt;Heading: 129.2&lt;/td&gt;&lt;/tr&gt;
&lt;tr&gt;&lt;td&gt;Time: 2021-02-19T20:02:38Z&lt;/td&gt;&lt;/tr&gt;
&lt;/table&gt;
</description>
        <LookAt>
          <longitude>-71.849247</longitude>
          <latitude>-13.401584</latitude>
          <tilt>66</tilt>
        </LookAt>
        <TimeStamp>
          <when>2021-02-19T20:02:38Z</when>
        </TimeStamp>
        <styleUrl>#track</styleUrl>
        <Point>
          <coordinates>-71.849247,-13.401584,3707.11</coordinates>
        </Point>
      </Placemark>
      <Placemark>
        <name>Apu Linli hike - Wikiloc-1060</name>
        <snippet></snippet>
        <description>
&lt;table&gt;
&lt;tr&gt;&lt;td&gt;Longitude: -71.849248&lt;/td&gt;&lt;/tr&gt;
&lt;tr&gt;&lt;td&gt;Latitude: -13.401640&lt;/td&gt;&lt;/tr&gt;
&lt;tr&gt;&lt;td&gt;Altitude: 12152.339 ft&lt;/td&gt;&lt;/tr&gt;
&lt;tr&gt;&lt;td&gt;Speed: 2.8 mph&lt;/td&gt;&lt;/tr&gt;
&lt;tr&gt;&lt;td&gt;Heading: 181.0&lt;/td&gt;&lt;/tr&gt;
&lt;tr&gt;&lt;td&gt;Time: 2021-02-19T20:02:43Z&lt;/td&gt;&lt;/tr&gt;
&lt;/table&gt;
</description>
        <LookAt>
          <longitude>-71.849248</longitude>
          <latitude>-13.40164</latitude>
          <tilt>66</tilt>
        </LookAt>
        <TimeStamp>
          <when>2021-02-19T20:02:43Z</when>
        </TimeStamp>
        <styleUrl>#track</styleUrl>
        <Point>
          <coordinates>-71.849248,-13.401640,3704.03</coordinates>
        </Point>
      </Placemark>
      <Placemark>
        <name>Apu Linli hike - Wikiloc-1061</name>
        <snippet></snippet>
        <description>
&lt;table&gt;
&lt;tr&gt;&lt;td&gt;Longitude: -71.849231&lt;/td&gt;&lt;/tr&gt;
&lt;tr&gt;&lt;td&gt;Latitude: -13.401689&lt;/td&gt;&lt;/tr&gt;
&lt;tr&gt;&lt;td&gt;Altitude: 12145.712 ft&lt;/td&gt;&lt;/tr&gt;
&lt;tr&gt;&lt;td&gt;Speed: 2.6 mph&lt;/td&gt;&lt;/tr&gt;
&lt;tr&gt;&lt;td&gt;Heading: 161.4&lt;/td&gt;&lt;/tr&gt;
&lt;tr&gt;&lt;td&gt;Time: 2021-02-19T20:02:48Z&lt;/td&gt;&lt;/tr&gt;
&lt;/table&gt;
</description>
        <LookAt>
          <longitude>-71.849231</longitude>
          <latitude>-13.401689</latitude>
          <tilt>66</tilt>
        </LookAt>
        <TimeStamp>
          <when>2021-02-19T20:02:48Z</when>
        </TimeStamp>
        <styleUrl>#track</styleUrl>
        <Point>
          <coordinates>-71.849231,-13.401689,3702.01</coordinates>
        </Point>
      </Placemark>
      <Placemark>
        <name>Apu Linli hike - Wikiloc-1062</name>
        <snippet></snippet>
        <description>
&lt;table&gt;
&lt;tr&gt;&lt;td&gt;Longitude: -71.849166&lt;/td&gt;&lt;/tr&gt;
&lt;tr&gt;&lt;td&gt;Latitude: -13.401744&lt;/td&gt;&lt;/tr&gt;
&lt;tr&gt;&lt;td&gt;Altitude: 12142.152 ft&lt;/td&gt;&lt;/tr&gt;
&lt;tr&gt;&lt;td&gt;Speed: 1.4 mph&lt;/td&gt;&lt;/tr&gt;
&lt;tr&gt;&lt;td&gt;Heading: 131.0&lt;/td&gt;&lt;/tr&gt;
&lt;tr&gt;&lt;td&gt;Time: 2021-02-19T20:03:03Z&lt;/td&gt;&lt;/tr&gt;
&lt;/table&gt;
</description>
        <LookAt>
          <longitude>-71.849166</longitude>
          <latitude>-13.401744</latitude>
          <tilt>66</tilt>
        </LookAt>
        <TimeStamp>
          <when>2021-02-19T20:03:03Z</when>
        </TimeStamp>
        <styleUrl>#track</styleUrl>
        <Point>
          <coordinates>-71.849166,-13.401744,3700.93</coordinates>
        </Point>
      </Placemark>
      <Placemark>
        <name>Apu Linli hike - Wikiloc-1063</name>
        <snippet></snippet>
        <description>
&lt;table&gt;
&lt;tr&gt;&lt;td&gt;Longitude: -71.849164&lt;/td&gt;&lt;/tr&gt;
&lt;tr&gt;&lt;td&gt;Latitude: -13.401795&lt;/td&gt;&lt;/tr&gt;
&lt;tr&gt;&lt;td&gt;Altitude: 12136.772 ft&lt;/td&gt;&lt;/tr&gt;
&lt;tr&gt;&lt;td&gt;Speed: 2.5 mph&lt;/td&gt;&lt;/tr&gt;
&lt;tr&gt;&lt;td&gt;Heading: 177.8&lt;/td&gt;&lt;/tr&gt;
&lt;tr&gt;&lt;td&gt;Time: 2021-02-19T20:03:08Z&lt;/td&gt;&lt;/tr&gt;
&lt;/table&gt;
</description>
        <LookAt>
          <longitude>-71.849164</longitude>
          <latitude>-13.401795</latitude>
          <tilt>66</tilt>
        </LookAt>
        <TimeStamp>
          <when>2021-02-19T20:03:08Z</when>
        </TimeStamp>
        <styleUrl>#track</styleUrl>
        <Point>
          <coordinates>-71.849164,-13.401795,3699.29</coordinates>
        </Point>
      </Placemark>
      <Placemark>
        <name>Apu Linli hike - Wikiloc-1064</name>
        <snippet></snippet>
        <description>
&lt;table&gt;
&lt;tr&gt;&lt;td&gt;Longitude: -71.849172&lt;/td&gt;&lt;/tr&gt;
&lt;tr&gt;&lt;td&gt;Latitude: -13.401849&lt;/td&gt;&lt;/tr&gt;
&lt;tr&gt;&lt;td&gt;Altitude: 12132.060 ft&lt;/td&gt;&lt;/tr&gt;
&lt;tr&gt;&lt;td&gt;Speed: 2.7 mph&lt;/td&gt;&lt;/tr&gt;
&lt;tr&gt;&lt;td&gt;Heading: 188.2&lt;/td&gt;&lt;/tr&gt;
&lt;tr&gt;&lt;td&gt;Time: 2021-02-19T20:03:13Z&lt;/td&gt;&lt;/tr&gt;
&lt;/table&gt;
</description>
        <LookAt>
          <longitude>-71.849172</longitude>
          <latitude>-13.401849</latitude>
          <tilt>66</tilt>
        </LookAt>
        <TimeStamp>
          <when>2021-02-19T20:03:13Z</when>
        </TimeStamp>
        <styleUrl>#track</styleUrl>
        <Point>
          <coordinates>-71.849172,-13.401849,3697.85</coordinates>
        </Point>
      </Placemark>
      <Placemark>
        <name>Apu Linli hike - Wikiloc-1065</name>
        <snippet></snippet>
        <description>
&lt;table&gt;
&lt;tr&gt;&lt;td&gt;Longitude: -71.849212&lt;/td&gt;&lt;/tr&gt;
&lt;tr&gt;&lt;td&gt;Latitude: -13.401907&lt;/td&gt;&lt;/tr&gt;
&lt;tr&gt;&lt;td&gt;Altitude: 12126.798 ft&lt;/td&gt;&lt;/tr&gt;
&lt;tr&gt;&lt;td&gt;Speed: 3.5 mph&lt;/td&gt;&lt;/tr&gt;
&lt;tr&gt;&lt;td&gt;Heading: 213.9&lt;/td&gt;&lt;/tr&gt;
&lt;tr&gt;&lt;td&gt;Time: 2021-02-19T20:03:18Z&lt;/td&gt;&lt;/tr&gt;
&lt;/table&gt;
</description>
        <LookAt>
          <longitude>-71.849212</longitude>
          <latitude>-13.401907</latitude>
          <tilt>66</tilt>
        </LookAt>
        <TimeStamp>
          <when>2021-02-19T20:03:18Z</when>
        </TimeStamp>
        <styleUrl>#track</styleUrl>
        <Point>
          <coordinates>-71.849212,-13.401907,3696.25</coordinates>
        </Point>
      </Placemark>
      <Placemark>
        <name>Apu Linli hike - Wikiloc-1066</name>
        <snippet></snippet>
        <description>
&lt;table&gt;
&lt;tr&gt;&lt;td&gt;Longitude: -71.849254&lt;/td&gt;&lt;/tr&gt;
&lt;tr&gt;&lt;td&gt;Latitude: -13.401961&lt;/td&gt;&lt;/tr&gt;
&lt;tr&gt;&lt;td&gt;Altitude: 12124.557 ft&lt;/td&gt;&lt;/tr&gt;
&lt;tr&gt;&lt;td&gt;Speed: 3.4 mph&lt;/td&gt;&lt;/tr&gt;
&lt;tr&gt;&lt;td&gt;Heading: 217.1&lt;/td&gt;&lt;/tr&gt;
&lt;tr&gt;&lt;td&gt;Time: 2021-02-19T20:03:23Z&lt;/td&gt;&lt;/tr&gt;
&lt;/table&gt;
</description>
        <LookAt>
          <longitude>-71.849254</longitude>
          <latitude>-13.401961</latitude>
          <tilt>66</tilt>
        </LookAt>
        <TimeStamp>
          <when>2021-02-19T20:03:23Z</when>
        </TimeStamp>
        <styleUrl>#track</styleUrl>
        <Point>
          <coordinates>-71.849254,-13.401961,3695.57</coordinates>
        </Point>
      </Placemark>
      <Placemark>
        <name>Apu Linli hike - Wikiloc-1067</name>
        <snippet></snippet>
        <description>
&lt;table&gt;
&lt;tr&gt;&lt;td&gt;Longitude: -71.849246&lt;/td&gt;&lt;/tr&gt;
&lt;tr&gt;&lt;td&gt;Latitude: -13.402006&lt;/td&gt;&lt;/tr&gt;
&lt;tr&gt;&lt;td&gt;Altitude: 12121.112 ft&lt;/td&gt;&lt;/tr&gt;
&lt;tr&gt;&lt;td&gt;Speed: 2.3 mph&lt;/td&gt;&lt;/tr&gt;
&lt;tr&gt;&lt;td&gt;Heading: 170.2&lt;/td&gt;&lt;/tr&gt;
&lt;tr&gt;&lt;td&gt;Time: 2021-02-19T20:03:28Z&lt;/td&gt;&lt;/tr&gt;
&lt;/table&gt;
</description>
        <LookAt>
          <longitude>-71.849246</longitude>
          <latitude>-13.402006</latitude>
          <tilt>66</tilt>
        </LookAt>
        <TimeStamp>
          <when>2021-02-19T20:03:28Z</when>
        </TimeStamp>
        <styleUrl>#track</styleUrl>
        <Point>
          <coordinates>-71.849246,-13.402006,3694.51</coordinates>
        </Point>
      </Placemark>
      <Placemark>
        <name>Apu Linli hike - Wikiloc-1068</name>
        <snippet></snippet>
        <description>
&lt;table&gt;
&lt;tr&gt;&lt;td&gt;Longitude: -71.849197&lt;/td&gt;&lt;/tr&gt;
&lt;tr&gt;&lt;td&gt;Latitude: -13.402018&lt;/td&gt;&lt;/tr&gt;
&lt;tr&gt;&lt;td&gt;Altitude: 12114.902 ft&lt;/td&gt;&lt;/tr&gt;
&lt;tr&gt;&lt;td&gt;Speed: 2.4 mph&lt;/td&gt;&lt;/tr&gt;
&lt;tr&gt;&lt;td&gt;Heading: 104.1&lt;/td&gt;&lt;/tr&gt;
&lt;tr&gt;&lt;td&gt;Time: 2021-02-19T20:03:33Z&lt;/td&gt;&lt;/tr&gt;
&lt;/table&gt;
</description>
        <LookAt>
          <longitude>-71.849197</longitude>
          <latitude>-13.402018</latitude>
          <tilt>66</tilt>
        </LookAt>
        <TimeStamp>
          <when>2021-02-19T20:03:33Z</when>
        </TimeStamp>
        <styleUrl>#track</styleUrl>
        <Point>
          <coordinates>-71.849197,-13.402018,3692.62</coordinates>
        </Point>
      </Placemark>
      <Placemark>
        <name>Apu Linli hike - Wikiloc-1069</name>
        <snippet></snippet>
        <description>
&lt;table&gt;
&lt;tr&gt;&lt;td&gt;Longitude: -71.849139&lt;/td&gt;&lt;/tr&gt;
&lt;tr&gt;&lt;td&gt;Latitude: -13.401974&lt;/td&gt;&lt;/tr&gt;
&lt;tr&gt;&lt;td&gt;Altitude: 12108.799 ft&lt;/td&gt;&lt;/tr&gt;
&lt;tr&gt;&lt;td&gt;Speed: 3.6 mph&lt;/td&gt;&lt;/tr&gt;
&lt;tr&gt;&lt;td&gt;Heading: 52.1&lt;/td&gt;&lt;/tr&gt;
&lt;tr&gt;&lt;td&gt;Time: 2021-02-19T20:03:38Z&lt;/td&gt;&lt;/tr&gt;
&lt;/table&gt;
</description>
        <LookAt>
          <longitude>-71.849139</longitude>
          <latitude>-13.401974</latitude>
          <tilt>66</tilt>
        </LookAt>
        <TimeStamp>
          <when>2021-02-19T20:03:38Z</when>
        </TimeStamp>
        <styleUrl>#track</styleUrl>
        <Point>
          <coordinates>-71.849139,-13.401974,3690.76</coordinates>
        </Point>
      </Placemark>
      <Placemark>
        <name>Apu Linli hike - Wikiloc-1070</name>
        <snippet></snippet>
        <description>
&lt;table&gt;
&lt;tr&gt;&lt;td&gt;Longitude: -71.849089&lt;/td&gt;&lt;/tr&gt;
&lt;tr&gt;&lt;td&gt;Latitude: -13.401959&lt;/td&gt;&lt;/tr&gt;
&lt;tr&gt;&lt;td&gt;Altitude: 12100.748 ft&lt;/td&gt;&lt;/tr&gt;
&lt;tr&gt;&lt;td&gt;Speed: 2.5 mph&lt;/td&gt;&lt;/tr&gt;
&lt;tr&gt;&lt;td&gt;Heading: 72.9&lt;/td&gt;&lt;/tr&gt;
&lt;tr&gt;&lt;td&gt;Time: 2021-02-19T20:03:43Z&lt;/td&gt;&lt;/tr&gt;
&lt;/table&gt;
</description>
        <LookAt>
          <longitude>-71.849089</longitude>
          <latitude>-13.401959</latitude>
          <tilt>66</tilt>
        </LookAt>
        <TimeStamp>
          <when>2021-02-19T20:03:43Z</when>
        </TimeStamp>
        <styleUrl>#track</styleUrl>
        <Point>
          <coordinates>-71.849089,-13.401959,3688.31</coordinates>
        </Point>
      </Placemark>
      <Placemark>
        <name>Apu Linli hike - Wikiloc-1071</name>
        <snippet></snippet>
        <description>
&lt;table&gt;
&lt;tr&gt;&lt;td&gt;Longitude: -71.849042&lt;/td&gt;&lt;/tr&gt;
&lt;tr&gt;&lt;td&gt;Latitude: -13.401992&lt;/td&gt;&lt;/tr&gt;
&lt;tr&gt;&lt;td&gt;Altitude: 12091.234 ft&lt;/td&gt;&lt;/tr&gt;
&lt;tr&gt;&lt;td&gt;Speed: 2.8 mph&lt;/td&gt;&lt;/tr&gt;
&lt;tr&gt;&lt;td&gt;Heading: 125.8&lt;/td&gt;&lt;/tr&gt;
&lt;tr&gt;&lt;td&gt;Time: 2021-02-19T20:03:48Z&lt;/td&gt;&lt;/tr&gt;
&lt;/table&gt;
</description>
        <LookAt>
          <longitude>-71.849042</longitude>
          <latitude>-13.401992</latitude>
          <tilt>66</tilt>
        </LookAt>
        <TimeStamp>
          <when>2021-02-19T20:03:48Z</when>
        </TimeStamp>
        <styleUrl>#track</styleUrl>
        <Point>
          <coordinates>-71.849042,-13.401992,3685.41</coordinates>
        </Point>
      </Placemark>
      <Placemark>
        <name>Apu Linli hike - Wikiloc-1072</name>
        <snippet></snippet>
        <description>
&lt;table&gt;
&lt;tr&gt;&lt;td&gt;Longitude: -71.849002&lt;/td&gt;&lt;/tr&gt;
&lt;tr&gt;&lt;td&gt;Latitude: -13.402035&lt;/td&gt;&lt;/tr&gt;
&lt;tr&gt;&lt;td&gt;Altitude: 12084.508 ft&lt;/td&gt;&lt;/tr&gt;
&lt;tr&gt;&lt;td&gt;Speed: 2.9 mph&lt;/td&gt;&lt;/tr&gt;
&lt;tr&gt;&lt;td&gt;Heading: 137.9&lt;/td&gt;&lt;/tr&gt;
&lt;tr&gt;&lt;td&gt;Time: 2021-02-19T20:03:53Z&lt;/td&gt;&lt;/tr&gt;
&lt;/table&gt;
</description>
        <LookAt>
          <longitude>-71.849002</longitude>
          <latitude>-13.402035</latitude>
          <tilt>66</tilt>
        </LookAt>
        <TimeStamp>
          <when>2021-02-19T20:03:53Z</when>
        </TimeStamp>
        <styleUrl>#track</styleUrl>
        <Point>
          <coordinates>-71.849002,-13.402035,3683.36</coordinates>
        </Point>
      </Placemark>
      <Placemark>
        <name>Apu Linli hike - Wikiloc-1073</name>
        <snippet></snippet>
        <description>
&lt;table&gt;
&lt;tr&gt;&lt;td&gt;Longitude: -71.848957&lt;/td&gt;&lt;/tr&gt;
&lt;tr&gt;&lt;td&gt;Latitude: -13.402079&lt;/td&gt;&lt;/tr&gt;
&lt;tr&gt;&lt;td&gt;Altitude: 12077.684 ft&lt;/td&gt;&lt;/tr&gt;
&lt;tr&gt;&lt;td&gt;Speed: 3.1 mph&lt;/td&gt;&lt;/tr&gt;
&lt;tr&gt;&lt;td&gt;Heading: 135.1&lt;/td&gt;&lt;/tr&gt;
&lt;tr&gt;&lt;td&gt;Time: 2021-02-19T20:03:58Z&lt;/td&gt;&lt;/tr&gt;
&lt;/table&gt;
</description>
        <LookAt>
          <longitude>-71.848957</longitude>
          <latitude>-13.402079</latitude>
          <tilt>66</tilt>
        </LookAt>
        <TimeStamp>
          <when>2021-02-19T20:03:58Z</when>
        </TimeStamp>
        <styleUrl>#track</styleUrl>
        <Point>
          <coordinates>-71.848957,-13.402079,3681.28</coordinates>
        </Point>
      </Placemark>
      <Placemark>
        <name>Apu Linli hike - Wikiloc-1074</name>
        <snippet></snippet>
        <description>
&lt;table&gt;
&lt;tr&gt;&lt;td&gt;Longitude: -71.848930&lt;/td&gt;&lt;/tr&gt;
&lt;tr&gt;&lt;td&gt;Latitude: -13.402131&lt;/td&gt;&lt;/tr&gt;
&lt;tr&gt;&lt;td&gt;Altitude: 12070.482 ft&lt;/td&gt;&lt;/tr&gt;
&lt;tr&gt;&lt;td&gt;Speed: 2.9 mph&lt;/td&gt;&lt;/tr&gt;
&lt;tr&gt;&lt;td&gt;Heading: 153.2&lt;/td&gt;&lt;/tr&gt;
&lt;tr&gt;&lt;td&gt;Time: 2021-02-19T20:04:03Z&lt;/td&gt;&lt;/tr&gt;
&lt;/table&gt;
</description>
        <LookAt>
          <longitude>-71.84893</longitude>
          <latitude>-13.402131</latitude>
          <tilt>66</tilt>
        </LookAt>
        <TimeStamp>
          <when>2021-02-19T20:04:03Z</when>
        </TimeStamp>
        <styleUrl>#track</styleUrl>
        <Point>
          <coordinates>-71.848930,-13.402131,3679.08</coordinates>
        </Point>
      </Placemark>
      <Placemark>
        <name>Apu Linli hike - Wikiloc-1075</name>
        <snippet></snippet>
        <description>
&lt;table&gt;
&lt;tr&gt;&lt;td&gt;Longitude: -71.848896&lt;/td&gt;&lt;/tr&gt;
&lt;tr&gt;&lt;td&gt;Latitude: -13.402191&lt;/td&gt;&lt;/tr&gt;
&lt;tr&gt;&lt;td&gt;Altitude: 12063.527 ft&lt;/td&gt;&lt;/tr&gt;
&lt;tr&gt;&lt;td&gt;Speed: 3.4 mph&lt;/td&gt;&lt;/tr&gt;
&lt;tr&gt;&lt;td&gt;Heading: 151.1&lt;/td&gt;&lt;/tr&gt;
&lt;tr&gt;&lt;td&gt;Time: 2021-02-19T20:04:08Z&lt;/td&gt;&lt;/tr&gt;
&lt;/table&gt;
</description>
        <LookAt>
          <longitude>-71.848896</longitude>
          <latitude>-13.402191</latitude>
          <tilt>66</tilt>
        </LookAt>
        <TimeStamp>
          <when>2021-02-19T20:04:08Z</when>
        </TimeStamp>
        <styleUrl>#track</styleUrl>
        <Point>
          <coordinates>-71.848896,-13.402191,3676.96</coordinates>
        </Point>
      </Placemark>
      <Placemark>
        <name>Apu Linli hike - Wikiloc-1076</name>
        <snippet></snippet>
        <description>
&lt;table&gt;
&lt;tr&gt;&lt;td&gt;Longitude: -71.848854&lt;/td&gt;&lt;/tr&gt;
&lt;tr&gt;&lt;td&gt;Latitude: -13.402247&lt;/td&gt;&lt;/tr&gt;
&lt;tr&gt;&lt;td&gt;Altitude: 12056.191 ft&lt;/td&gt;&lt;/tr&gt;
&lt;tr&gt;&lt;td&gt;Speed: 3.5 mph&lt;/td&gt;&lt;/tr&gt;
&lt;tr&gt;&lt;td&gt;Heading: 143.9&lt;/td&gt;&lt;/tr&gt;
&lt;tr&gt;&lt;td&gt;Time: 2021-02-19T20:04:13Z&lt;/td&gt;&lt;/tr&gt;
&lt;/table&gt;
</description>
        <LookAt>
          <longitude>-71.848854</longitude>
          <latitude>-13.402247</latitude>
          <tilt>66</tilt>
        </LookAt>
        <TimeStamp>
          <when>2021-02-19T20:04:13Z</when>
        </TimeStamp>
        <styleUrl>#track</styleUrl>
        <Point>
          <coordinates>-71.848854,-13.402247,3674.73</coordinates>
        </Point>
      </Placemark>
      <Placemark>
        <name>Apu Linli hike - Wikiloc-1077</name>
        <snippet></snippet>
        <description>
&lt;table&gt;
&lt;tr&gt;&lt;td&gt;Longitude: -71.848832&lt;/td&gt;&lt;/tr&gt;
&lt;tr&gt;&lt;td&gt;Latitude: -13.402306&lt;/td&gt;&lt;/tr&gt;
&lt;tr&gt;&lt;td&gt;Altitude: 12053.028 ft&lt;/td&gt;&lt;/tr&gt;
&lt;tr&gt;&lt;td&gt;Speed: 3.1 mph&lt;/td&gt;&lt;/tr&gt;
&lt;tr&gt;&lt;td&gt;Heading: 160.1&lt;/td&gt;&lt;/tr&gt;
&lt;tr&gt;&lt;td&gt;Time: 2021-02-19T20:04:18Z&lt;/td&gt;&lt;/tr&gt;
&lt;/table&gt;
</description>
        <LookAt>
          <longitude>-71.848832</longitude>
          <latitude>-13.402306</latitude>
          <tilt>66</tilt>
        </LookAt>
        <TimeStamp>
          <when>2021-02-19T20:04:18Z</when>
        </TimeStamp>
        <styleUrl>#track</styleUrl>
        <Point>
          <coordinates>-71.848832,-13.402306,3673.76</coordinates>
        </Point>
      </Placemark>
      <Placemark>
        <name>Apu Linli hike - Wikiloc-1078</name>
        <snippet></snippet>
        <description>
&lt;table&gt;
&lt;tr&gt;&lt;td&gt;Longitude: -71.848824&lt;/td&gt;&lt;/tr&gt;
&lt;tr&gt;&lt;td&gt;Latitude: -13.402350&lt;/td&gt;&lt;/tr&gt;
&lt;tr&gt;&lt;td&gt;Altitude: 12043.865 ft&lt;/td&gt;&lt;/tr&gt;
&lt;tr&gt;&lt;td&gt;Speed: 2.2 mph&lt;/td&gt;&lt;/tr&gt;
&lt;tr&gt;&lt;td&gt;Heading: 170.0&lt;/td&gt;&lt;/tr&gt;
&lt;tr&gt;&lt;td&gt;Time: 2021-02-19T20:04:23Z&lt;/td&gt;&lt;/tr&gt;
&lt;/table&gt;
</description>
        <LookAt>
          <longitude>-71.848824</longitude>
          <latitude>-13.40235</latitude>
          <tilt>66</tilt>
        </LookAt>
        <TimeStamp>
          <when>2021-02-19T20:04:23Z</when>
        </TimeStamp>
        <styleUrl>#track</styleUrl>
        <Point>
          <coordinates>-71.848824,-13.402350,3670.97</coordinates>
        </Point>
      </Placemark>
      <Placemark>
        <name>Apu Linli hike - Wikiloc-1079</name>
        <snippet></snippet>
        <description>
&lt;table&gt;
&lt;tr&gt;&lt;td&gt;Longitude: -71.848732&lt;/td&gt;&lt;/tr&gt;
&lt;tr&gt;&lt;td&gt;Latitude: -13.402318&lt;/td&gt;&lt;/tr&gt;
&lt;tr&gt;&lt;td&gt;Altitude: 12035.663 ft&lt;/td&gt;&lt;/tr&gt;
&lt;tr&gt;&lt;td&gt;Speed: 2.4 mph&lt;/td&gt;&lt;/tr&gt;
&lt;tr&gt;&lt;td&gt;Heading: 70.3&lt;/td&gt;&lt;/tr&gt;
&lt;tr&gt;&lt;td&gt;Time: 2021-02-19T20:04:33Z&lt;/td&gt;&lt;/tr&gt;
&lt;/table&gt;
</description>
        <LookAt>
          <longitude>-71.848732</longitude>
          <latitude>-13.402318</latitude>
          <tilt>66</tilt>
        </LookAt>
        <TimeStamp>
          <when>2021-02-19T20:04:33Z</when>
        </TimeStamp>
        <styleUrl>#track</styleUrl>
        <Point>
          <coordinates>-71.848732,-13.402318,3668.47</coordinates>
        </Point>
      </Placemark>
      <Placemark>
        <name>Apu Linli hike - Wikiloc-1080</name>
        <snippet></snippet>
        <description>
&lt;table&gt;
&lt;tr&gt;&lt;td&gt;Longitude: -71.848722&lt;/td&gt;&lt;/tr&gt;
&lt;tr&gt;&lt;td&gt;Latitude: -13.402230&lt;/td&gt;&lt;/tr&gt;
&lt;tr&gt;&lt;td&gt;Altitude: 12030.801 ft&lt;/td&gt;&lt;/tr&gt;
&lt;tr&gt;&lt;td&gt;Speed: 4.4 mph&lt;/td&gt;&lt;/tr&gt;
&lt;tr&gt;&lt;td&gt;Heading: 6.3&lt;/td&gt;&lt;/tr&gt;
&lt;tr&gt;&lt;td&gt;Time: 2021-02-19T20:04:38Z&lt;/td&gt;&lt;/tr&gt;
&lt;/table&gt;
</description>
        <LookAt>
          <longitude>-71.848722</longitude>
          <latitude>-13.40223</latitude>
          <tilt>66</tilt>
        </LookAt>
        <TimeStamp>
          <when>2021-02-19T20:04:38Z</when>
        </TimeStamp>
        <styleUrl>#track</styleUrl>
        <Point>
          <coordinates>-71.848722,-13.402230,3666.99</coordinates>
        </Point>
      </Placemark>
      <Placemark>
        <name>Apu Linli hike - Wikiloc-1081</name>
        <snippet></snippet>
        <description>
&lt;table&gt;
&lt;tr&gt;&lt;td&gt;Longitude: -71.848714&lt;/td&gt;&lt;/tr&gt;
&lt;tr&gt;&lt;td&gt;Latitude: -13.402159&lt;/td&gt;&lt;/tr&gt;
&lt;tr&gt;&lt;td&gt;Altitude: 12025.013 ft&lt;/td&gt;&lt;/tr&gt;
&lt;tr&gt;&lt;td&gt;Speed: 3.6 mph&lt;/td&gt;&lt;/tr&gt;
&lt;tr&gt;&lt;td&gt;Heading: 6.3&lt;/td&gt;&lt;/tr&gt;
&lt;tr&gt;&lt;td&gt;Time: 2021-02-19T20:04:43Z&lt;/td&gt;&lt;/tr&gt;
&lt;/table&gt;
</description>
        <LookAt>
          <longitude>-71.848714</longitude>
          <latitude>-13.402159</latitude>
          <tilt>66</tilt>
        </LookAt>
        <TimeStamp>
          <when>2021-02-19T20:04:43Z</when>
        </TimeStamp>
        <styleUrl>#track</styleUrl>
        <Point>
          <coordinates>-71.848714,-13.402159,3665.22</coordinates>
        </Point>
      </Placemark>
      <Placemark>
        <name>Apu Linli hike - Wikiloc-1082</name>
        <snippet></snippet>
        <description>
&lt;table&gt;
&lt;tr&gt;&lt;td&gt;Longitude: -71.848661&lt;/td&gt;&lt;/tr&gt;
&lt;tr&gt;&lt;td&gt;Latitude: -13.402185&lt;/td&gt;&lt;/tr&gt;
&lt;tr&gt;&lt;td&gt;Altitude: 12017.474 ft&lt;/td&gt;&lt;/tr&gt;
&lt;tr&gt;&lt;td&gt;Speed: 1.4 mph&lt;/td&gt;&lt;/tr&gt;
&lt;tr&gt;&lt;td&gt;Heading: 116.8&lt;/td&gt;&lt;/tr&gt;
&lt;tr&gt;&lt;td&gt;Time: 2021-02-19T20:04:53Z&lt;/td&gt;&lt;/tr&gt;
&lt;/table&gt;
</description>
        <LookAt>
          <longitude>-71.848661</longitude>
          <latitude>-13.402185</latitude>
          <tilt>66</tilt>
        </LookAt>
        <TimeStamp>
          <when>2021-02-19T20:04:53Z</when>
        </TimeStamp>
        <styleUrl>#track</styleUrl>
        <Point>
          <coordinates>-71.848661,-13.402185,3662.93</coordinates>
        </Point>
      </Placemark>
      <Placemark>
        <name>Apu Linli hike - Wikiloc-1083</name>
        <snippet></snippet>
        <description>
&lt;table&gt;
&lt;tr&gt;&lt;td&gt;Longitude: -71.848639&lt;/td&gt;&lt;/tr&gt;
&lt;tr&gt;&lt;td&gt;Latitude: -13.402225&lt;/td&gt;&lt;/tr&gt;
&lt;tr&gt;&lt;td&gt;Altitude: 12009.213 ft&lt;/td&gt;&lt;/tr&gt;
&lt;tr&gt;&lt;td&gt;Speed: 2.3 mph&lt;/td&gt;&lt;/tr&gt;
&lt;tr&gt;&lt;td&gt;Heading: 151.9&lt;/td&gt;&lt;/tr&gt;
&lt;tr&gt;&lt;td&gt;Time: 2021-02-19T20:04:58Z&lt;/td&gt;&lt;/tr&gt;
&lt;/table&gt;
</description>
        <LookAt>
          <longitude>-71.848639</longitude>
          <latitude>-13.402225</latitude>
          <tilt>66</tilt>
        </LookAt>
        <TimeStamp>
          <when>2021-02-19T20:04:58Z</when>
        </TimeStamp>
        <styleUrl>#track</styleUrl>
        <Point>
          <coordinates>-71.848639,-13.402225,3660.41</coordinates>
        </Point>
      </Placemark>
      <Placemark>
        <name>Apu Linli hike - Wikiloc-1084</name>
        <snippet></snippet>
        <description>
&lt;table&gt;
&lt;tr&gt;&lt;td&gt;Longitude: -71.848579&lt;/td&gt;&lt;/tr&gt;
&lt;tr&gt;&lt;td&gt;Latitude: -13.402278&lt;/td&gt;&lt;/tr&gt;
&lt;tr&gt;&lt;td&gt;Altitude: 11999.390 ft&lt;/td&gt;&lt;/tr&gt;
&lt;tr&gt;&lt;td&gt;Speed: 2.0 mph&lt;/td&gt;&lt;/tr&gt;
&lt;tr&gt;&lt;td&gt;Heading: 132.2&lt;/td&gt;&lt;/tr&gt;
&lt;tr&gt;&lt;td&gt;Time: 2021-02-19T20:05:08Z&lt;/td&gt;&lt;/tr&gt;
&lt;/table&gt;
</description>
        <LookAt>
          <longitude>-71.848579</longitude>
          <latitude>-13.402278</latitude>
          <tilt>66</tilt>
        </LookAt>
        <TimeStamp>
          <when>2021-02-19T20:05:08Z</when>
        </TimeStamp>
        <styleUrl>#track</styleUrl>
        <Point>
          <coordinates>-71.848579,-13.402278,3657.41</coordinates>
        </Point>
      </Placemark>
      <Placemark>
        <name>Apu Linli hike - Wikiloc-1085</name>
        <snippet></snippet>
        <description>
&lt;table&gt;
&lt;tr&gt;&lt;td&gt;Longitude: -71.848537&lt;/td&gt;&lt;/tr&gt;
&lt;tr&gt;&lt;td&gt;Latitude: -13.402314&lt;/td&gt;&lt;/tr&gt;
&lt;tr&gt;&lt;td&gt;Altitude: 11994.731 ft&lt;/td&gt;&lt;/tr&gt;
&lt;tr&gt;&lt;td&gt;Speed: 1.4 mph&lt;/td&gt;&lt;/tr&gt;
&lt;tr&gt;&lt;td&gt;Heading: 131.4&lt;/td&gt;&lt;/tr&gt;
&lt;tr&gt;&lt;td&gt;Time: 2021-02-19T20:05:18Z&lt;/td&gt;&lt;/tr&gt;
&lt;/table&gt;
</description>
        <LookAt>
          <longitude>-71.848537</longitude>
          <latitude>-13.402314</latitude>
          <tilt>66</tilt>
        </LookAt>
        <TimeStamp>
          <when>2021-02-19T20:05:18Z</when>
        </TimeStamp>
        <styleUrl>#track</styleUrl>
        <Point>
          <coordinates>-71.848537,-13.402314,3655.99</coordinates>
        </Point>
      </Placemark>
      <Placemark>
        <name>Apu Linli hike - Wikiloc-1086</name>
        <snippet></snippet>
        <description>
&lt;table&gt;
&lt;tr&gt;&lt;td&gt;Longitude: -71.848484&lt;/td&gt;&lt;/tr&gt;
&lt;tr&gt;&lt;td&gt;Latitude: -13.402295&lt;/td&gt;&lt;/tr&gt;
&lt;tr&gt;&lt;td&gt;Altitude: 11987.497 ft&lt;/td&gt;&lt;/tr&gt;
&lt;tr&gt;&lt;td&gt;Speed: 2.7 mph&lt;/td&gt;&lt;/tr&gt;
&lt;tr&gt;&lt;td&gt;Heading: 69.8&lt;/td&gt;&lt;/tr&gt;
&lt;tr&gt;&lt;td&gt;Time: 2021-02-19T20:05:23Z&lt;/td&gt;&lt;/tr&gt;
&lt;/table&gt;
</description>
        <LookAt>
          <longitude>-71.848484</longitude>
          <latitude>-13.402295</latitude>
          <tilt>66</tilt>
        </LookAt>
        <TimeStamp>
          <when>2021-02-19T20:05:23Z</when>
        </TimeStamp>
        <styleUrl>#track</styleUrl>
        <Point>
          <coordinates>-71.848484,-13.402295,3653.79</coordinates>
        </Point>
      </Placemark>
      <Placemark>
        <name>Apu Linli hike - Wikiloc-1087</name>
        <snippet></snippet>
        <description>
&lt;table&gt;
&lt;tr&gt;&lt;td&gt;Longitude: -71.848420&lt;/td&gt;&lt;/tr&gt;
&lt;tr&gt;&lt;td&gt;Latitude: -13.402335&lt;/td&gt;&lt;/tr&gt;
&lt;tr&gt;&lt;td&gt;Altitude: 11980.509 ft&lt;/td&gt;&lt;/tr&gt;
&lt;tr&gt;&lt;td&gt;Speed: 1.8 mph&lt;/td&gt;&lt;/tr&gt;
&lt;tr&gt;&lt;td&gt;Heading: 122.7&lt;/td&gt;&lt;/tr&gt;
&lt;tr&gt;&lt;td&gt;Time: 2021-02-19T20:05:33Z&lt;/td&gt;&lt;/tr&gt;
&lt;/table&gt;
</description>
        <LookAt>
          <longitude>-71.84842</longitude>
          <latitude>-13.402335</latitude>
          <tilt>66</tilt>
        </LookAt>
        <TimeStamp>
          <when>2021-02-19T20:05:33Z</when>
        </TimeStamp>
        <styleUrl>#track</styleUrl>
        <Point>
          <coordinates>-71.848420,-13.402335,3651.66</coordinates>
        </Point>
      </Placemark>
      <Placemark>
        <name>Apu Linli hike - Wikiloc-1088</name>
        <snippet></snippet>
        <description>
&lt;table&gt;
&lt;tr&gt;&lt;td&gt;Longitude: -71.848413&lt;/td&gt;&lt;/tr&gt;
&lt;tr&gt;&lt;td&gt;Latitude: -13.402404&lt;/td&gt;&lt;/tr&gt;
&lt;tr&gt;&lt;td&gt;Altitude: 11976.519 ft&lt;/td&gt;&lt;/tr&gt;
&lt;tr&gt;&lt;td&gt;Speed: 3.5 mph&lt;/td&gt;&lt;/tr&gt;
&lt;tr&gt;&lt;td&gt;Heading: 174.4&lt;/td&gt;&lt;/tr&gt;
&lt;tr&gt;&lt;td&gt;Time: 2021-02-19T20:05:38Z&lt;/td&gt;&lt;/tr&gt;
&lt;/table&gt;
</description>
        <LookAt>
          <longitude>-71.848413</longitude>
          <latitude>-13.402404</latitude>
          <tilt>66</tilt>
        </LookAt>
        <TimeStamp>
          <when>2021-02-19T20:05:38Z</when>
        </TimeStamp>
        <styleUrl>#track</styleUrl>
        <Point>
          <coordinates>-71.848413,-13.402404,3650.44</coordinates>
        </Point>
      </Placemark>
      <Placemark>
        <name>Apu Linli hike - Wikiloc-1089</name>
        <snippet></snippet>
        <description>
&lt;table&gt;
&lt;tr&gt;&lt;td&gt;Longitude: -71.848402&lt;/td&gt;&lt;/tr&gt;
&lt;tr&gt;&lt;td&gt;Latitude: -13.402456&lt;/td&gt;&lt;/tr&gt;
&lt;tr&gt;&lt;td&gt;Altitude: 11971.716 ft&lt;/td&gt;&lt;/tr&gt;
&lt;tr&gt;&lt;td&gt;Speed: 2.6 mph&lt;/td&gt;&lt;/tr&gt;
&lt;tr&gt;&lt;td&gt;Heading: 168.4&lt;/td&gt;&lt;/tr&gt;
&lt;tr&gt;&lt;td&gt;Time: 2021-02-19T20:05:43Z&lt;/td&gt;&lt;/tr&gt;
&lt;/table&gt;
</description>
        <LookAt>
          <longitude>-71.848402</longitude>
          <latitude>-13.402456</latitude>
          <tilt>66</tilt>
        </LookAt>
        <TimeStamp>
          <when>2021-02-19T20:05:43Z</when>
        </TimeStamp>
        <styleUrl>#track</styleUrl>
        <Point>
          <coordinates>-71.848402,-13.402456,3648.98</coordinates>
        </Point>
      </Placemark>
      <Placemark>
        <name>Apu Linli hike - Wikiloc-1090</name>
        <snippet></snippet>
        <description>
&lt;table&gt;
&lt;tr&gt;&lt;td&gt;Longitude: -71.848330&lt;/td&gt;&lt;/tr&gt;
&lt;tr&gt;&lt;td&gt;Latitude: -13.402439&lt;/td&gt;&lt;/tr&gt;
&lt;tr&gt;&lt;td&gt;Altitude: 11967.638 ft&lt;/td&gt;&lt;/tr&gt;
&lt;tr&gt;&lt;td&gt;Speed: 1.8 mph&lt;/td&gt;&lt;/tr&gt;
&lt;tr&gt;&lt;td&gt;Heading: 76.4&lt;/td&gt;&lt;/tr&gt;
&lt;tr&gt;&lt;td&gt;Time: 2021-02-19T20:05:53Z&lt;/td&gt;&lt;/tr&gt;
&lt;/table&gt;
</description>
        <LookAt>
          <longitude>-71.84833</longitude>
          <latitude>-13.402439</latitude>
          <tilt>66</tilt>
        </LookAt>
        <TimeStamp>
          <when>2021-02-19T20:05:53Z</when>
        </TimeStamp>
        <styleUrl>#track</styleUrl>
        <Point>
          <coordinates>-71.848330,-13.402439,3647.74</coordinates>
        </Point>
      </Placemark>
      <Placemark>
        <name>Apu Linli hike - Wikiloc-1091</name>
        <snippet></snippet>
        <description>
&lt;table&gt;
&lt;tr&gt;&lt;td&gt;Longitude: -71.848285&lt;/td&gt;&lt;/tr&gt;
&lt;tr&gt;&lt;td&gt;Latitude: -13.402405&lt;/td&gt;&lt;/tr&gt;
&lt;tr&gt;&lt;td&gt;Altitude: 11954.482 ft&lt;/td&gt;&lt;/tr&gt;
&lt;tr&gt;&lt;td&gt;Speed: 1.1 mph&lt;/td&gt;&lt;/tr&gt;
&lt;tr&gt;&lt;td&gt;Heading: 52.2&lt;/td&gt;&lt;/tr&gt;
&lt;tr&gt;&lt;td&gt;Time: 2021-02-19T20:06:06Z&lt;/td&gt;&lt;/tr&gt;
&lt;/table&gt;
</description>
        <LookAt>
          <longitude>-71.848285</longitude>
          <latitude>-13.402405</latitude>
          <tilt>66</tilt>
        </LookAt>
        <TimeStamp>
          <when>2021-02-19T20:06:06Z</when>
        </TimeStamp>
        <styleUrl>#track</styleUrl>
        <Point>
          <coordinates>-71.848285,-13.402405,3643.73</coordinates>
        </Point>
      </Placemark>
      <Placemark>
        <name>Apu Linli hike - Wikiloc-1092</name>
        <snippet></snippet>
        <description>
&lt;table&gt;
&lt;tr&gt;&lt;td&gt;Longitude: -71.848259&lt;/td&gt;&lt;/tr&gt;
&lt;tr&gt;&lt;td&gt;Latitude: -13.402487&lt;/td&gt;&lt;/tr&gt;
&lt;tr&gt;&lt;td&gt;Altitude: 11942.884 ft&lt;/td&gt;&lt;/tr&gt;
&lt;tr&gt;&lt;td&gt;Speed: 3.6 mph&lt;/td&gt;&lt;/tr&gt;
&lt;tr&gt;&lt;td&gt;Heading: 162.9&lt;/td&gt;&lt;/tr&gt;
&lt;tr&gt;&lt;td&gt;Time: 2021-02-19T20:06:12Z&lt;/td&gt;&lt;/tr&gt;
&lt;/table&gt;
</description>
        <LookAt>
          <longitude>-71.848259</longitude>
          <latitude>-13.402487</latitude>
          <tilt>66</tilt>
        </LookAt>
        <TimeStamp>
          <when>2021-02-19T20:06:12Z</when>
        </TimeStamp>
        <styleUrl>#track</styleUrl>
        <Point>
          <coordinates>-71.848259,-13.402487,3640.19</coordinates>
        </Point>
      </Placemark>
      <Placemark>
        <name>Apu Linli hike - Wikiloc-1093</name>
        <snippet></snippet>
        <description>
&lt;table&gt;
&lt;tr&gt;&lt;td&gt;Longitude: -71.848269&lt;/td&gt;&lt;/tr&gt;
&lt;tr&gt;&lt;td&gt;Latitude: -13.402534&lt;/td&gt;&lt;/tr&gt;
&lt;tr&gt;&lt;td&gt;Altitude: 11934.977 ft&lt;/td&gt;&lt;/tr&gt;
&lt;tr&gt;&lt;td&gt;Speed: 4.0 mph&lt;/td&gt;&lt;/tr&gt;
&lt;tr&gt;&lt;td&gt;Heading: 191.7&lt;/td&gt;&lt;/tr&gt;
&lt;tr&gt;&lt;td&gt;Time: 2021-02-19T20:06:15Z&lt;/td&gt;&lt;/tr&gt;
&lt;/table&gt;
</description>
        <LookAt>
          <longitude>-71.848269</longitude>
          <latitude>-13.402534</latitude>
          <tilt>66</tilt>
        </LookAt>
        <TimeStamp>
          <when>2021-02-19T20:06:15Z</when>
        </TimeStamp>
        <styleUrl>#track</styleUrl>
        <Point>
          <coordinates>-71.848269,-13.402534,3637.78</coordinates>
        </Point>
      </Placemark>
      <Placemark>
        <name>Apu Linli hike - Wikiloc-1094</name>
        <snippet></snippet>
        <description>
&lt;table&gt;
&lt;tr&gt;&lt;td&gt;Longitude: -71.848284&lt;/td&gt;&lt;/tr&gt;
&lt;tr&gt;&lt;td&gt;Latitude: -13.402599&lt;/td&gt;&lt;/tr&gt;
&lt;tr&gt;&lt;td&gt;Altitude: 11930.180 ft&lt;/td&gt;&lt;/tr&gt;
&lt;tr&gt;&lt;td&gt;Speed: 2.8 mph&lt;/td&gt;&lt;/tr&gt;
&lt;tr&gt;&lt;td&gt;Heading: 192.7&lt;/td&gt;&lt;/tr&gt;
&lt;tr&gt;&lt;td&gt;Time: 2021-02-19T20:06:21Z&lt;/td&gt;&lt;/tr&gt;
&lt;/table&gt;
</description>
        <LookAt>
          <longitude>-71.848284</longitude>
          <latitude>-13.402599</latitude>
          <tilt>66</tilt>
        </LookAt>
        <TimeStamp>
          <when>2021-02-19T20:06:21Z</when>
        </TimeStamp>
        <styleUrl>#track</styleUrl>
        <Point>
          <coordinates>-71.848284,-13.402599,3636.32</coordinates>
        </Point>
      </Placemark>
      <Placemark>
        <name>Apu Linli hike - Wikiloc-1095</name>
        <snippet></snippet>
        <description>
&lt;table&gt;
&lt;tr&gt;&lt;td&gt;Longitude: -71.848324&lt;/td&gt;&lt;/tr&gt;
&lt;tr&gt;&lt;td&gt;Latitude: -13.402637&lt;/td&gt;&lt;/tr&gt;
&lt;tr&gt;&lt;td&gt;Altitude: 11926.535 ft&lt;/td&gt;&lt;/tr&gt;
&lt;tr&gt;&lt;td&gt;Speed: 2.3 mph&lt;/td&gt;&lt;/tr&gt;
&lt;tr&gt;&lt;td&gt;Heading: 225.7&lt;/td&gt;&lt;/tr&gt;
&lt;tr&gt;&lt;td&gt;Time: 2021-02-19T20:06:27Z&lt;/td&gt;&lt;/tr&gt;
&lt;/table&gt;
</description>
        <LookAt>
          <longitude>-71.848324</longitude>
          <latitude>-13.402637</latitude>
          <tilt>66</tilt>
        </LookAt>
        <TimeStamp>
          <when>2021-02-19T20:06:27Z</when>
        </TimeStamp>
        <styleUrl>#track</styleUrl>
        <Point>
          <coordinates>-71.848324,-13.402637,3635.21</coordinates>
        </Point>
      </Placemark>
      <Placemark>
        <name>Apu Linli hike - Wikiloc-1096</name>
        <snippet></snippet>
        <description>
&lt;table&gt;
&lt;tr&gt;&lt;td&gt;Longitude: -71.848276&lt;/td&gt;&lt;/tr&gt;
&lt;tr&gt;&lt;td&gt;Latitude: -13.402648&lt;/td&gt;&lt;/tr&gt;
&lt;tr&gt;&lt;td&gt;Altitude: 11921.473 ft&lt;/td&gt;&lt;/tr&gt;
&lt;tr&gt;&lt;td&gt;Speed: 1.3 mph&lt;/td&gt;&lt;/tr&gt;
&lt;tr&gt;&lt;td&gt;Heading: 103.3&lt;/td&gt;&lt;/tr&gt;
&lt;tr&gt;&lt;td&gt;Time: 2021-02-19T20:06:36Z&lt;/td&gt;&lt;/tr&gt;
&lt;/table&gt;
</description>
        <LookAt>
          <longitude>-71.848276</longitude>
          <latitude>-13.402648</latitude>
          <tilt>66</tilt>
        </LookAt>
        <TimeStamp>
          <when>2021-02-19T20:06:36Z</when>
        </TimeStamp>
        <styleUrl>#track</styleUrl>
        <Point>
          <coordinates>-71.848276,-13.402648,3633.66</coordinates>
        </Point>
      </Placemark>
      <Placemark>
        <name>Apu Linli hike - Wikiloc-1097</name>
        <snippet></snippet>
        <description>
&lt;table&gt;
&lt;tr&gt;&lt;td&gt;Longitude: -71.848207&lt;/td&gt;&lt;/tr&gt;
&lt;tr&gt;&lt;td&gt;Latitude: -13.402664&lt;/td&gt;&lt;/tr&gt;
&lt;tr&gt;&lt;td&gt;Altitude: 11915.338 ft&lt;/td&gt;&lt;/tr&gt;
&lt;tr&gt;&lt;td&gt;Speed: 2.9 mph&lt;/td&gt;&lt;/tr&gt;
&lt;tr&gt;&lt;td&gt;Heading: 103.4&lt;/td&gt;&lt;/tr&gt;
&lt;tr&gt;&lt;td&gt;Time: 2021-02-19T20:06:42Z&lt;/td&gt;&lt;/tr&gt;
&lt;/table&gt;
</description>
        <LookAt>
          <longitude>-71.848207</longitude>
          <latitude>-13.402664</latitude>
          <tilt>66</tilt>
        </LookAt>
        <TimeStamp>
          <when>2021-02-19T20:06:42Z</when>
        </TimeStamp>
        <styleUrl>#track</styleUrl>
        <Point>
          <coordinates>-71.848207,-13.402664,3631.80</coordinates>
        </Point>
      </Placemark>
      <Placemark>
        <name>Apu Linli hike - Wikiloc-1098</name>
        <snippet></snippet>
        <description>
&lt;table&gt;
&lt;tr&gt;&lt;td&gt;Longitude: -71.848247&lt;/td&gt;&lt;/tr&gt;
&lt;tr&gt;&lt;td&gt;Latitude: -13.402714&lt;/td&gt;&lt;/tr&gt;
&lt;tr&gt;&lt;td&gt;Altitude: 11909.482 ft&lt;/td&gt;&lt;/tr&gt;
&lt;tr&gt;&lt;td&gt;Speed: 2.6 mph&lt;/td&gt;&lt;/tr&gt;
&lt;tr&gt;&lt;td&gt;Heading: 217.9&lt;/td&gt;&lt;/tr&gt;
&lt;tr&gt;&lt;td&gt;Time: 2021-02-19T20:06:48Z&lt;/td&gt;&lt;/tr&gt;
&lt;/table&gt;
</description>
        <LookAt>
          <longitude>-71.848247</longitude>
          <latitude>-13.402714</latitude>
          <tilt>66</tilt>
        </LookAt>
        <TimeStamp>
          <when>2021-02-19T20:06:48Z</when>
        </TimeStamp>
        <styleUrl>#track</styleUrl>
        <Point>
          <coordinates>-71.848247,-13.402714,3630.01</coordinates>
        </Point>
      </Placemark>
      <Placemark>
        <name>Apu Linli hike - Wikiloc-1099</name>
        <snippet></snippet>
        <description>
&lt;table&gt;
&lt;tr&gt;&lt;td&gt;Longitude: -71.848226&lt;/td&gt;&lt;/tr&gt;
&lt;tr&gt;&lt;td&gt;Latitude: -13.402771&lt;/td&gt;&lt;/tr&gt;
&lt;tr&gt;&lt;td&gt;Altitude: 11901.509 ft&lt;/td&gt;&lt;/tr&gt;
&lt;tr&gt;&lt;td&gt;Speed: 1.7 mph&lt;/td&gt;&lt;/tr&gt;
&lt;tr&gt;&lt;td&gt;Heading: 160.3&lt;/td&gt;&lt;/tr&gt;
&lt;tr&gt;&lt;td&gt;Time: 2021-02-19T20:06:57Z&lt;/td&gt;&lt;/tr&gt;
&lt;/table&gt;
</description>
        <LookAt>
          <longitude>-71.848226</longitude>
          <latitude>-13.402771</latitude>
          <tilt>66</tilt>
        </LookAt>
        <TimeStamp>
          <when>2021-02-19T20:06:57Z</when>
        </TimeStamp>
        <styleUrl>#track</styleUrl>
        <Point>
          <coordinates>-71.848226,-13.402771,3627.58</coordinates>
        </Point>
      </Placemark>
      <Placemark>
        <name>Apu Linli hike - Wikiloc-1100</name>
        <snippet></snippet>
        <description>
&lt;table&gt;
&lt;tr&gt;&lt;td&gt;Longitude: -71.848243&lt;/td&gt;&lt;/tr&gt;
&lt;tr&gt;&lt;td&gt;Latitude: -13.402816&lt;/td&gt;&lt;/tr&gt;
&lt;tr&gt;&lt;td&gt;Altitude: 11895.781 ft&lt;/td&gt;&lt;/tr&gt;
&lt;tr&gt;&lt;td&gt;Speed: 4.0 mph&lt;/td&gt;&lt;/tr&gt;
&lt;tr&gt;&lt;td&gt;Heading: 200.2&lt;/td&gt;&lt;/tr&gt;
&lt;tr&gt;&lt;td&gt;Time: 2021-02-19T20:07:00Z&lt;/td&gt;&lt;/tr&gt;
&lt;/table&gt;
</description>
        <LookAt>
          <longitude>-71.848243</longitude>
          <latitude>-13.402816</latitude>
          <tilt>66</tilt>
        </LookAt>
        <TimeStamp>
          <when>2021-02-19T20:07:00Z</when>
        </TimeStamp>
        <styleUrl>#track</styleUrl>
        <Point>
          <coordinates>-71.848243,-13.402816,3625.83</coordinates>
        </Point>
      </Placemark>
      <Placemark>
        <name>Apu Linli hike - Wikiloc-1101</name>
        <snippet></snippet>
        <description>
&lt;table&gt;
&lt;tr&gt;&lt;td&gt;Longitude: -71.848233&lt;/td&gt;&lt;/tr&gt;
&lt;tr&gt;&lt;td&gt;Latitude: -13.402887&lt;/td&gt;&lt;/tr&gt;
&lt;tr&gt;&lt;td&gt;Altitude: 11889.665 ft&lt;/td&gt;&lt;/tr&gt;
&lt;tr&gt;&lt;td&gt;Speed: 3.0 mph&lt;/td&gt;&lt;/tr&gt;
&lt;tr&gt;&lt;td&gt;Heading: 172.2&lt;/td&gt;&lt;/tr&gt;
&lt;tr&gt;&lt;td&gt;Time: 2021-02-19T20:07:06Z&lt;/td&gt;&lt;/tr&gt;
&lt;/table&gt;
</description>
        <LookAt>
          <longitude>-71.848233</longitude>
          <latitude>-13.402887</latitude>
          <tilt>66</tilt>
        </LookAt>
        <TimeStamp>
          <when>2021-02-19T20:07:06Z</when>
        </TimeStamp>
        <styleUrl>#track</styleUrl>
        <Point>
          <coordinates>-71.848233,-13.402887,3623.97</coordinates>
        </Point>
      </Placemark>
      <Placemark>
        <name>Apu Linli hike - Wikiloc-1102</name>
        <snippet></snippet>
        <description>
&lt;table&gt;
&lt;tr&gt;&lt;td&gt;Longitude: -71.848183&lt;/td&gt;&lt;/tr&gt;
&lt;tr&gt;&lt;td&gt;Latitude: -13.402945&lt;/td&gt;&lt;/tr&gt;
&lt;tr&gt;&lt;td&gt;Altitude: 11882.405 ft&lt;/td&gt;&lt;/tr&gt;
&lt;tr&gt;&lt;td&gt;Speed: 3.1 mph&lt;/td&gt;&lt;/tr&gt;
&lt;tr&gt;&lt;td&gt;Heading: 140.0&lt;/td&gt;&lt;/tr&gt;
&lt;tr&gt;&lt;td&gt;Time: 2021-02-19T20:07:12Z&lt;/td&gt;&lt;/tr&gt;
&lt;/table&gt;
</description>
        <LookAt>
          <longitude>-71.848183</longitude>
          <latitude>-13.402945</latitude>
          <tilt>66</tilt>
        </LookAt>
        <TimeStamp>
          <when>2021-02-19T20:07:12Z</when>
        </TimeStamp>
        <styleUrl>#track</styleUrl>
        <Point>
          <coordinates>-71.848183,-13.402945,3621.76</coordinates>
        </Point>
      </Placemark>
      <Placemark>
        <name>Apu Linli hike - Wikiloc-1103</name>
        <snippet></snippet>
        <description>
&lt;table&gt;
&lt;tr&gt;&lt;td&gt;Longitude: -71.848192&lt;/td&gt;&lt;/tr&gt;
&lt;tr&gt;&lt;td&gt;Latitude: -13.402996&lt;/td&gt;&lt;/tr&gt;
&lt;tr&gt;&lt;td&gt;Altitude: 11875.384 ft&lt;/td&gt;&lt;/tr&gt;
&lt;tr&gt;&lt;td&gt;Speed: 0.4 mph&lt;/td&gt;&lt;/tr&gt;
&lt;tr&gt;&lt;td&gt;Heading: 189.7&lt;/td&gt;&lt;/tr&gt;
&lt;tr&gt;&lt;td&gt;Time: 2021-02-19T20:07:42Z&lt;/td&gt;&lt;/tr&gt;
&lt;/table&gt;
</description>
        <LookAt>
          <longitude>-71.848192</longitude>
          <latitude>-13.402996</latitude>
          <tilt>66</tilt>
        </LookAt>
        <TimeStamp>
          <when>2021-02-19T20:07:42Z</when>
        </TimeStamp>
        <styleUrl>#track</styleUrl>
        <Point>
          <coordinates>-71.848192,-13.402996,3619.62</coordinates>
        </Point>
      </Placemark>
      <Placemark>
        <name>Apu Linli hike - Wikiloc-1104</name>
        <snippet></snippet>
        <description>
&lt;table&gt;
&lt;tr&gt;&lt;td&gt;Longitude: -71.848183&lt;/td&gt;&lt;/tr&gt;
&lt;tr&gt;&lt;td&gt;Latitude: -13.403057&lt;/td&gt;&lt;/tr&gt;
&lt;tr&gt;&lt;td&gt;Altitude: 11870.023 ft&lt;/td&gt;&lt;/tr&gt;
&lt;tr&gt;&lt;td&gt;Speed: 2.6 mph&lt;/td&gt;&lt;/tr&gt;
&lt;tr&gt;&lt;td&gt;Heading: 171.8&lt;/td&gt;&lt;/tr&gt;
&lt;tr&gt;&lt;td&gt;Time: 2021-02-19T20:07:48Z&lt;/td&gt;&lt;/tr&gt;
&lt;/table&gt;
</description>
        <LookAt>
          <longitude>-71.848183</longitude>
          <latitude>-13.403057</latitude>
          <tilt>66</tilt>
        </LookAt>
        <TimeStamp>
          <when>2021-02-19T20:07:48Z</when>
        </TimeStamp>
        <styleUrl>#track</styleUrl>
        <Point>
          <coordinates>-71.848183,-13.403057,3617.98</coordinates>
        </Point>
      </Placemark>
      <Placemark>
        <name>Apu Linli hike - Wikiloc-1105</name>
        <snippet></snippet>
        <description>
&lt;table&gt;
&lt;tr&gt;&lt;td&gt;Longitude: -71.848202&lt;/td&gt;&lt;/tr&gt;
&lt;tr&gt;&lt;td&gt;Latitude: -13.403137&lt;/td&gt;&lt;/tr&gt;
&lt;tr&gt;&lt;td&gt;Altitude: 11862.287 ft&lt;/td&gt;&lt;/tr&gt;
&lt;tr&gt;&lt;td&gt;Speed: 3.4 mph&lt;/td&gt;&lt;/tr&gt;
&lt;tr&gt;&lt;td&gt;Heading: 193.0&lt;/td&gt;&lt;/tr&gt;
&lt;tr&gt;&lt;td&gt;Time: 2021-02-19T20:07:54Z&lt;/td&gt;&lt;/tr&gt;
&lt;/table&gt;
</description>
        <LookAt>
          <longitude>-71.848202</longitude>
          <latitude>-13.403137</latitude>
          <tilt>66</tilt>
        </LookAt>
        <TimeStamp>
          <when>2021-02-19T20:07:54Z</when>
        </TimeStamp>
        <styleUrl>#track</styleUrl>
        <Point>
          <coordinates>-71.848202,-13.403137,3615.63</coordinates>
        </Point>
      </Placemark>
      <Placemark>
        <name>Apu Linli hike - Wikiloc-1106</name>
        <snippet></snippet>
        <description>
&lt;table&gt;
&lt;tr&gt;&lt;td&gt;Longitude: -71.848207&lt;/td&gt;&lt;/tr&gt;
&lt;tr&gt;&lt;td&gt;Latitude: -13.403216&lt;/td&gt;&lt;/tr&gt;
&lt;tr&gt;&lt;td&gt;Altitude: 11857.339 ft&lt;/td&gt;&lt;/tr&gt;
&lt;tr&gt;&lt;td&gt;Speed: 3.3 mph&lt;/td&gt;&lt;/tr&gt;
&lt;tr&gt;&lt;td&gt;Heading: 183.5&lt;/td&gt;&lt;/tr&gt;
&lt;tr&gt;&lt;td&gt;Time: 2021-02-19T20:08:00Z&lt;/td&gt;&lt;/tr&gt;
&lt;/table&gt;
</description>
        <LookAt>
          <longitude>-71.848207</longitude>
          <latitude>-13.403216</latitude>
          <tilt>66</tilt>
        </LookAt>
        <TimeStamp>
          <when>2021-02-19T20:08:00Z</when>
        </TimeStamp>
        <styleUrl>#track</styleUrl>
        <Point>
          <coordinates>-71.848207,-13.403216,3614.12</coordinates>
        </Point>
      </Placemark>
      <Placemark>
        <name>Apu Linli hike - Wikiloc-1107</name>
        <snippet></snippet>
        <description>
&lt;table&gt;
&lt;tr&gt;&lt;td&gt;Longitude: -71.848206&lt;/td&gt;&lt;/tr&gt;
&lt;tr&gt;&lt;td&gt;Latitude: -13.403275&lt;/td&gt;&lt;/tr&gt;
&lt;tr&gt;&lt;td&gt;Altitude: 11852.388 ft&lt;/td&gt;&lt;/tr&gt;
&lt;tr&gt;&lt;td&gt;Speed: 2.4 mph&lt;/td&gt;&lt;/tr&gt;
&lt;tr&gt;&lt;td&gt;Heading: 179.1&lt;/td&gt;&lt;/tr&gt;
&lt;tr&gt;&lt;td&gt;Time: 2021-02-19T20:08:06Z&lt;/td&gt;&lt;/tr&gt;
&lt;/table&gt;
</description>
        <LookAt>
          <longitude>-71.848206</longitude>
          <latitude>-13.403275</latitude>
          <tilt>66</tilt>
        </LookAt>
        <TimeStamp>
          <when>2021-02-19T20:08:06Z</when>
        </TimeStamp>
        <styleUrl>#track</styleUrl>
        <Point>
          <coordinates>-71.848206,-13.403275,3612.61</coordinates>
        </Point>
      </Placemark>
      <Placemark>
        <name>Apu Linli hike - Wikiloc-1108</name>
        <snippet></snippet>
        <description>
&lt;table&gt;
&lt;tr&gt;&lt;td&gt;Longitude: -71.848176&lt;/td&gt;&lt;/tr&gt;
&lt;tr&gt;&lt;td&gt;Latitude: -13.403321&lt;/td&gt;&lt;/tr&gt;
&lt;tr&gt;&lt;td&gt;Altitude: 11848.045 ft&lt;/td&gt;&lt;/tr&gt;
&lt;tr&gt;&lt;td&gt;Speed: 2.3 mph&lt;/td&gt;&lt;/tr&gt;
&lt;tr&gt;&lt;td&gt;Heading: 147.6&lt;/td&gt;&lt;/tr&gt;
&lt;tr&gt;&lt;td&gt;Time: 2021-02-19T20:08:12Z&lt;/td&gt;&lt;/tr&gt;
&lt;/table&gt;
</description>
        <LookAt>
          <longitude>-71.848176</longitude>
          <latitude>-13.403321</latitude>
          <tilt>66</tilt>
        </LookAt>
        <TimeStamp>
          <when>2021-02-19T20:08:12Z</when>
        </TimeStamp>
        <styleUrl>#track</styleUrl>
        <Point>
          <coordinates>-71.848176,-13.403321,3611.28</coordinates>
        </Point>
      </Placemark>
      <Placemark>
        <name>Apu Linli hike - Wikiloc-1109</name>
        <snippet></snippet>
        <description>
&lt;table&gt;
&lt;tr&gt;&lt;td&gt;Longitude: -71.848143&lt;/td&gt;&lt;/tr&gt;
&lt;tr&gt;&lt;td&gt;Latitude: -13.403394&lt;/td&gt;&lt;/tr&gt;
&lt;tr&gt;&lt;td&gt;Altitude: 11842.434 ft&lt;/td&gt;&lt;/tr&gt;
&lt;tr&gt;&lt;td&gt;Speed: 3.3 mph&lt;/td&gt;&lt;/tr&gt;
&lt;tr&gt;&lt;td&gt;Heading: 156.3&lt;/td&gt;&lt;/tr&gt;
&lt;tr&gt;&lt;td&gt;Time: 2021-02-19T20:08:18Z&lt;/td&gt;&lt;/tr&gt;
&lt;/table&gt;
</description>
        <LookAt>
          <longitude>-71.848143</longitude>
          <latitude>-13.403394</latitude>
          <tilt>66</tilt>
        </LookAt>
        <TimeStamp>
          <when>2021-02-19T20:08:18Z</when>
        </TimeStamp>
        <styleUrl>#track</styleUrl>
        <Point>
          <coordinates>-71.848143,-13.403394,3609.57</coordinates>
        </Point>
      </Placemark>
      <Placemark>
        <name>Apu Linli hike - Wikiloc-1110</name>
        <snippet></snippet>
        <description>
&lt;table&gt;
&lt;tr&gt;&lt;td&gt;Longitude: -71.848123&lt;/td&gt;&lt;/tr&gt;
&lt;tr&gt;&lt;td&gt;Latitude: -13.403467&lt;/td&gt;&lt;/tr&gt;
&lt;tr&gt;&lt;td&gt;Altitude: 11837.037 ft&lt;/td&gt;&lt;/tr&gt;
&lt;tr&gt;&lt;td&gt;Speed: 3.1 mph&lt;/td&gt;&lt;/tr&gt;
&lt;tr&gt;&lt;td&gt;Heading: 165.1&lt;/td&gt;&lt;/tr&gt;
&lt;tr&gt;&lt;td&gt;Time: 2021-02-19T20:08:24Z&lt;/td&gt;&lt;/tr&gt;
&lt;/table&gt;
</description>
        <LookAt>
          <longitude>-71.848123</longitude>
          <latitude>-13.403467</latitude>
          <tilt>66</tilt>
        </LookAt>
        <TimeStamp>
          <when>2021-02-19T20:08:24Z</when>
        </TimeStamp>
        <styleUrl>#track</styleUrl>
        <Point>
          <coordinates>-71.848123,-13.403467,3607.93</coordinates>
        </Point>
      </Placemark>
      <Placemark>
        <name>Apu Linli hike - Wikiloc-1111</name>
        <snippet></snippet>
        <description>
&lt;table&gt;
&lt;tr&gt;&lt;td&gt;Longitude: -71.848097&lt;/td&gt;&lt;/tr&gt;
&lt;tr&gt;&lt;td&gt;Latitude: -13.403533&lt;/td&gt;&lt;/tr&gt;
&lt;tr&gt;&lt;td&gt;Altitude: 11833.133 ft&lt;/td&gt;&lt;/tr&gt;
&lt;tr&gt;&lt;td&gt;Speed: 2.9 mph&lt;/td&gt;&lt;/tr&gt;
&lt;tr&gt;&lt;td&gt;Heading: 159.0&lt;/td&gt;&lt;/tr&gt;
&lt;tr&gt;&lt;td&gt;Time: 2021-02-19T20:08:30Z&lt;/td&gt;&lt;/tr&gt;
&lt;/table&gt;
</description>
        <LookAt>
          <longitude>-71.848097</longitude>
          <latitude>-13.403533</latitude>
          <tilt>66</tilt>
        </LookAt>
        <TimeStamp>
          <when>2021-02-19T20:08:30Z</when>
        </TimeStamp>
        <styleUrl>#track</styleUrl>
        <Point>
          <coordinates>-71.848097,-13.403533,3606.74</coordinates>
        </Point>
      </Placemark>
      <Placemark>
        <name>Apu Linli hike - Wikiloc-1112</name>
        <snippet></snippet>
        <description>
&lt;table&gt;
&lt;tr&gt;&lt;td&gt;Longitude: -71.848073&lt;/td&gt;&lt;/tr&gt;
&lt;tr&gt;&lt;td&gt;Latitude: -13.403589&lt;/td&gt;&lt;/tr&gt;
&lt;tr&gt;&lt;td&gt;Altitude: 11831.112 ft&lt;/td&gt;&lt;/tr&gt;
&lt;tr&gt;&lt;td&gt;Speed: 2.5 mph&lt;/td&gt;&lt;/tr&gt;
&lt;tr&gt;&lt;td&gt;Heading: 157.4&lt;/td&gt;&lt;/tr&gt;
&lt;tr&gt;&lt;td&gt;Time: 2021-02-19T20:08:36Z&lt;/td&gt;&lt;/tr&gt;
&lt;/table&gt;
</description>
        <LookAt>
          <longitude>-71.848073</longitude>
          <latitude>-13.403589</latitude>
          <tilt>66</tilt>
        </LookAt>
        <TimeStamp>
          <when>2021-02-19T20:08:36Z</when>
        </TimeStamp>
        <styleUrl>#track</styleUrl>
        <Point>
          <coordinates>-71.848073,-13.403589,3606.12</coordinates>
        </Point>
      </Placemark>
      <Placemark>
        <name>Apu Linli hike - Wikiloc-1113</name>
        <snippet></snippet>
        <description>
&lt;table&gt;
&lt;tr&gt;&lt;td&gt;Longitude: -71.848020&lt;/td&gt;&lt;/tr&gt;
&lt;tr&gt;&lt;td&gt;Latitude: -13.403620&lt;/td&gt;&lt;/tr&gt;
&lt;tr&gt;&lt;td&gt;Altitude: 11830.279 ft&lt;/td&gt;&lt;/tr&gt;
&lt;tr&gt;&lt;td&gt;Speed: 2.5 mph&lt;/td&gt;&lt;/tr&gt;
&lt;tr&gt;&lt;td&gt;Heading: 121.0&lt;/td&gt;&lt;/tr&gt;
&lt;tr&gt;&lt;td&gt;Time: 2021-02-19T20:08:42Z&lt;/td&gt;&lt;/tr&gt;
&lt;/table&gt;
</description>
        <LookAt>
          <longitude>-71.84802</longitude>
          <latitude>-13.40362</latitude>
          <tilt>66</tilt>
        </LookAt>
        <TimeStamp>
          <when>2021-02-19T20:08:42Z</when>
        </TimeStamp>
        <styleUrl>#track</styleUrl>
        <Point>
          <coordinates>-71.848020,-13.403620,3605.87</coordinates>
        </Point>
      </Placemark>
      <Placemark>
        <name>Apu Linli hike - Wikiloc-1114</name>
        <snippet></snippet>
        <description>
&lt;table&gt;
&lt;tr&gt;&lt;td&gt;Longitude: -71.847968&lt;/td&gt;&lt;/tr&gt;
&lt;tr&gt;&lt;td&gt;Latitude: -13.403666&lt;/td&gt;&lt;/tr&gt;
&lt;tr&gt;&lt;td&gt;Altitude: 11828.136 ft&lt;/td&gt;&lt;/tr&gt;
&lt;tr&gt;&lt;td&gt;Speed: 2.8 mph&lt;/td&gt;&lt;/tr&gt;
&lt;tr&gt;&lt;td&gt;Heading: 132.3&lt;/td&gt;&lt;/tr&gt;
&lt;tr&gt;&lt;td&gt;Time: 2021-02-19T20:08:48Z&lt;/td&gt;&lt;/tr&gt;
&lt;/table&gt;
</description>
        <LookAt>
          <longitude>-71.847968</longitude>
          <latitude>-13.403666</latitude>
          <tilt>66</tilt>
        </LookAt>
        <TimeStamp>
          <when>2021-02-19T20:08:48Z</when>
        </TimeStamp>
        <styleUrl>#track</styleUrl>
        <Point>
          <coordinates>-71.847968,-13.403666,3605.22</coordinates>
        </Point>
      </Placemark>
      <Placemark>
        <name>Apu Linli hike - Wikiloc-1115</name>
        <snippet></snippet>
        <description>
&lt;table&gt;
&lt;tr&gt;&lt;td&gt;Longitude: -71.847939&lt;/td&gt;&lt;/tr&gt;
&lt;tr&gt;&lt;td&gt;Latitude: -13.403731&lt;/td&gt;&lt;/tr&gt;
&lt;tr&gt;&lt;td&gt;Altitude: 11827.054 ft&lt;/td&gt;&lt;/tr&gt;
&lt;tr&gt;&lt;td&gt;Speed: 2.9 mph&lt;/td&gt;&lt;/tr&gt;
&lt;tr&gt;&lt;td&gt;Heading: 156.5&lt;/td&gt;&lt;/tr&gt;
&lt;tr&gt;&lt;td&gt;Time: 2021-02-19T20:08:54Z&lt;/td&gt;&lt;/tr&gt;
&lt;/table&gt;
</description>
        <LookAt>
          <longitude>-71.847939</longitude>
          <latitude>-13.403731</latitude>
          <tilt>66</tilt>
        </LookAt>
        <TimeStamp>
          <when>2021-02-19T20:08:54Z</when>
        </TimeStamp>
        <styleUrl>#track</styleUrl>
        <Point>
          <coordinates>-71.847939,-13.403731,3604.89</coordinates>
        </Point>
      </Placemark>
      <Placemark>
        <name>Apu Linli hike - Wikiloc-1116</name>
        <snippet></snippet>
        <description>
&lt;table&gt;
&lt;tr&gt;&lt;td&gt;Longitude: -71.847913&lt;/td&gt;&lt;/tr&gt;
&lt;tr&gt;&lt;td&gt;Latitude: -13.403807&lt;/td&gt;&lt;/tr&gt;
&lt;tr&gt;&lt;td&gt;Altitude: 11826.201 ft&lt;/td&gt;&lt;/tr&gt;
&lt;tr&gt;&lt;td&gt;Speed: 3.3 mph&lt;/td&gt;&lt;/tr&gt;
&lt;tr&gt;&lt;td&gt;Heading: 161.6&lt;/td&gt;&lt;/tr&gt;
&lt;tr&gt;&lt;td&gt;Time: 2021-02-19T20:09:00Z&lt;/td&gt;&lt;/tr&gt;
&lt;/table&gt;
</description>
        <LookAt>
          <longitude>-71.847913</longitude>
          <latitude>-13.403807</latitude>
          <tilt>66</tilt>
        </LookAt>
        <TimeStamp>
          <when>2021-02-19T20:09:00Z</when>
        </TimeStamp>
        <styleUrl>#track</styleUrl>
        <Point>
          <coordinates>-71.847913,-13.403807,3604.63</coordinates>
        </Point>
      </Placemark>
      <Placemark>
        <name>Apu Linli hike - Wikiloc-1117</name>
        <snippet></snippet>
        <description>
&lt;table&gt;
&lt;tr&gt;&lt;td&gt;Longitude: -71.847887&lt;/td&gt;&lt;/tr&gt;
&lt;tr&gt;&lt;td&gt;Latitude: -13.403845&lt;/td&gt;&lt;/tr&gt;
&lt;tr&gt;&lt;td&gt;Altitude: 11825.285 ft&lt;/td&gt;&lt;/tr&gt;
&lt;tr&gt;&lt;td&gt;Speed: 3.8 mph&lt;/td&gt;&lt;/tr&gt;
&lt;tr&gt;&lt;td&gt;Heading: 146.4&lt;/td&gt;&lt;/tr&gt;
&lt;tr&gt;&lt;td&gt;Time: 2021-02-19T20:09:03Z&lt;/td&gt;&lt;/tr&gt;
&lt;/table&gt;
</description>
        <LookAt>
          <longitude>-71.847887</longitude>
          <latitude>-13.403845</latitude>
          <tilt>66</tilt>
        </LookAt>
        <TimeStamp>
          <when>2021-02-19T20:09:03Z</when>
        </TimeStamp>
        <styleUrl>#track</styleUrl>
        <Point>
          <coordinates>-71.847887,-13.403845,3604.35</coordinates>
        </Point>
      </Placemark>
      <Placemark>
        <name>Apu Linli hike - Wikiloc-1118</name>
        <snippet></snippet>
        <description>
&lt;table&gt;
&lt;tr&gt;&lt;td&gt;Longitude: -71.847835&lt;/td&gt;&lt;/tr&gt;
&lt;tr&gt;&lt;td&gt;Latitude: -13.403912&lt;/td&gt;&lt;/tr&gt;
&lt;tr&gt;&lt;td&gt;Altitude: 11823.855 ft&lt;/td&gt;&lt;/tr&gt;
&lt;tr&gt;&lt;td&gt;Speed: 3.5 mph&lt;/td&gt;&lt;/tr&gt;
&lt;tr&gt;&lt;td&gt;Heading: 142.9&lt;/td&gt;&lt;/tr&gt;
&lt;tr&gt;&lt;td&gt;Time: 2021-02-19T20:09:09Z&lt;/td&gt;&lt;/tr&gt;
&lt;/table&gt;
</description>
        <LookAt>
          <longitude>-71.847835</longitude>
          <latitude>-13.403912</latitude>
          <tilt>66</tilt>
        </LookAt>
        <TimeStamp>
          <when>2021-02-19T20:09:09Z</when>
        </TimeStamp>
        <styleUrl>#track</styleUrl>
        <Point>
          <coordinates>-71.847835,-13.403912,3603.91</coordinates>
        </Point>
      </Placemark>
      <Placemark>
        <name>Apu Linli hike - Wikiloc-1119</name>
        <snippet></snippet>
        <description>
&lt;table&gt;
&lt;tr&gt;&lt;td&gt;Longitude: -71.847772&lt;/td&gt;&lt;/tr&gt;
&lt;tr&gt;&lt;td&gt;Latitude: -13.403960&lt;/td&gt;&lt;/tr&gt;
&lt;tr&gt;&lt;td&gt;Altitude: 11821.877 ft&lt;/td&gt;&lt;/tr&gt;
&lt;tr&gt;&lt;td&gt;Speed: 3.2 mph&lt;/td&gt;&lt;/tr&gt;
&lt;tr&gt;&lt;td&gt;Heading: 128.1&lt;/td&gt;&lt;/tr&gt;
&lt;tr&gt;&lt;td&gt;Time: 2021-02-19T20:09:15Z&lt;/td&gt;&lt;/tr&gt;
&lt;/table&gt;
</description>
        <LookAt>
          <longitude>-71.847772</longitude>
          <latitude>-13.40396</latitude>
          <tilt>66</tilt>
        </LookAt>
        <TimeStamp>
          <when>2021-02-19T20:09:15Z</when>
        </TimeStamp>
        <styleUrl>#track</styleUrl>
        <Point>
          <coordinates>-71.847772,-13.403960,3603.31</coordinates>
        </Point>
      </Placemark>
      <Placemark>
        <name>Apu Linli hike - Wikiloc-1120</name>
        <snippet></snippet>
        <description>
&lt;table&gt;
&lt;tr&gt;&lt;td&gt;Longitude: -71.847684&lt;/td&gt;&lt;/tr&gt;
&lt;tr&gt;&lt;td&gt;Latitude: -13.403989&lt;/td&gt;&lt;/tr&gt;
&lt;tr&gt;&lt;td&gt;Altitude: 11819.974 ft&lt;/td&gt;&lt;/tr&gt;
&lt;tr&gt;&lt;td&gt;Speed: 3.8 mph&lt;/td&gt;&lt;/tr&gt;
&lt;tr&gt;&lt;td&gt;Heading: 108.7&lt;/td&gt;&lt;/tr&gt;
&lt;tr&gt;&lt;td&gt;Time: 2021-02-19T20:09:21Z&lt;/td&gt;&lt;/tr&gt;
&lt;/table&gt;
</description>
        <LookAt>
          <longitude>-71.847684</longitude>
          <latitude>-13.403989</latitude>
          <tilt>66</tilt>
        </LookAt>
        <TimeStamp>
          <when>2021-02-19T20:09:21Z</when>
        </TimeStamp>
        <styleUrl>#track</styleUrl>
        <Point>
          <coordinates>-71.847684,-13.403989,3602.73</coordinates>
        </Point>
      </Placemark>
      <Placemark>
        <name>Apu Linli hike - Wikiloc-1121</name>
        <snippet></snippet>
        <description>
&lt;table&gt;
&lt;tr&gt;&lt;td&gt;Longitude: -71.847598&lt;/td&gt;&lt;/tr&gt;
&lt;tr&gt;&lt;td&gt;Latitude: -13.404005&lt;/td&gt;&lt;/tr&gt;
&lt;tr&gt;&lt;td&gt;Altitude: 11817.907 ft&lt;/td&gt;&lt;/tr&gt;
&lt;tr&gt;&lt;td&gt;Speed: 3.5 mph&lt;/td&gt;&lt;/tr&gt;
&lt;tr&gt;&lt;td&gt;Heading: 100.8&lt;/td&gt;&lt;/tr&gt;
&lt;tr&gt;&lt;td&gt;Time: 2021-02-19T20:09:27Z&lt;/td&gt;&lt;/tr&gt;
&lt;/table&gt;
</description>
        <LookAt>
          <longitude>-71.847598</longitude>
          <latitude>-13.404005</latitude>
          <tilt>66</tilt>
        </LookAt>
        <TimeStamp>
          <when>2021-02-19T20:09:27Z</when>
        </TimeStamp>
        <styleUrl>#track</styleUrl>
        <Point>
          <coordinates>-71.847598,-13.404005,3602.10</coordinates>
        </Point>
      </Placemark>
      <Placemark>
        <name>Apu Linli hike - Wikiloc-1122</name>
        <snippet></snippet>
        <description>
&lt;table&gt;
&lt;tr&gt;&lt;td&gt;Longitude: -71.847514&lt;/td&gt;&lt;/tr&gt;
&lt;tr&gt;&lt;td&gt;Latitude: -13.404018&lt;/td&gt;&lt;/tr&gt;
&lt;tr&gt;&lt;td&gt;Altitude: 11815.102 ft&lt;/td&gt;&lt;/tr&gt;
&lt;tr&gt;&lt;td&gt;Speed: 3.4 mph&lt;/td&gt;&lt;/tr&gt;
&lt;tr&gt;&lt;td&gt;Heading: 99.0&lt;/td&gt;&lt;/tr&gt;
&lt;tr&gt;&lt;td&gt;Time: 2021-02-19T20:09:33Z&lt;/td&gt;&lt;/tr&gt;
&lt;/table&gt;
</description>
        <LookAt>
          <longitude>-71.847514</longitude>
          <latitude>-13.404018</latitude>
          <tilt>66</tilt>
        </LookAt>
        <TimeStamp>
          <when>2021-02-19T20:09:33Z</when>
        </TimeStamp>
        <styleUrl>#track</styleUrl>
        <Point>
          <coordinates>-71.847514,-13.404018,3601.24</coordinates>
        </Point>
      </Placemark>
      <Placemark>
        <name>Apu Linli hike - Wikiloc-1123</name>
        <snippet></snippet>
        <description>
&lt;table&gt;
&lt;tr&gt;&lt;td&gt;Longitude: -71.847440&lt;/td&gt;&lt;/tr&gt;
&lt;tr&gt;&lt;td&gt;Latitude: -13.404037&lt;/td&gt;&lt;/tr&gt;
&lt;tr&gt;&lt;td&gt;Altitude: 11812.740 ft&lt;/td&gt;&lt;/tr&gt;
&lt;tr&gt;&lt;td&gt;Speed: 3.1 mph&lt;/td&gt;&lt;/tr&gt;
&lt;tr&gt;&lt;td&gt;Heading: 104.8&lt;/td&gt;&lt;/tr&gt;
&lt;tr&gt;&lt;td&gt;Time: 2021-02-19T20:09:39Z&lt;/td&gt;&lt;/tr&gt;
&lt;/table&gt;
</description>
        <LookAt>
          <longitude>-71.84744</longitude>
          <latitude>-13.404037</latitude>
          <tilt>66</tilt>
        </LookAt>
        <TimeStamp>
          <when>2021-02-19T20:09:39Z</when>
        </TimeStamp>
        <styleUrl>#track</styleUrl>
        <Point>
          <coordinates>-71.847440,-13.404037,3600.52</coordinates>
        </Point>
      </Placemark>
      <Placemark>
        <name>Apu Linli hike - Wikiloc-1124</name>
        <snippet></snippet>
        <description>
&lt;table&gt;
&lt;tr&gt;&lt;td&gt;Longitude: -71.847391&lt;/td&gt;&lt;/tr&gt;
&lt;tr&gt;&lt;td&gt;Latitude: -13.404075&lt;/td&gt;&lt;/tr&gt;
&lt;tr&gt;&lt;td&gt;Altitude: 11811.539 ft&lt;/td&gt;&lt;/tr&gt;
&lt;tr&gt;&lt;td&gt;Speed: 2.5 mph&lt;/td&gt;&lt;/tr&gt;
&lt;tr&gt;&lt;td&gt;Heading: 128.6&lt;/td&gt;&lt;/tr&gt;
&lt;tr&gt;&lt;td&gt;Time: 2021-02-19T20:09:45Z&lt;/td&gt;&lt;/tr&gt;
&lt;/table&gt;
</description>
        <LookAt>
          <longitude>-71.847391</longitude>
          <latitude>-13.404075</latitude>
          <tilt>66</tilt>
        </LookAt>
        <TimeStamp>
          <when>2021-02-19T20:09:45Z</when>
        </TimeStamp>
        <styleUrl>#track</styleUrl>
        <Point>
          <coordinates>-71.847391,-13.404075,3600.16</coordinates>
        </Point>
      </Placemark>
      <Placemark>
        <name>Apu Linli hike - Wikiloc-1125</name>
        <snippet></snippet>
        <description>
&lt;table&gt;
&lt;tr&gt;&lt;td&gt;Longitude: -71.847435&lt;/td&gt;&lt;/tr&gt;
&lt;tr&gt;&lt;td&gt;Latitude: -13.404112&lt;/td&gt;&lt;/tr&gt;
&lt;tr&gt;&lt;td&gt;Altitude: 11809.131 ft&lt;/td&gt;&lt;/tr&gt;
&lt;tr&gt;&lt;td&gt;Speed: 2.3 mph&lt;/td&gt;&lt;/tr&gt;
&lt;tr&gt;&lt;td&gt;Heading: 229.2&lt;/td&gt;&lt;/tr&gt;
&lt;tr&gt;&lt;td&gt;Time: 2021-02-19T20:09:51Z&lt;/td&gt;&lt;/tr&gt;
&lt;/table&gt;
</description>
        <LookAt>
          <longitude>-71.847435</longitude>
          <latitude>-13.404112</latitude>
          <tilt>66</tilt>
        </LookAt>
        <TimeStamp>
          <when>2021-02-19T20:09:51Z</when>
        </TimeStamp>
        <styleUrl>#track</styleUrl>
        <Point>
          <coordinates>-71.847435,-13.404112,3599.42</coordinates>
        </Point>
      </Placemark>
      <Placemark>
        <name>Apu Linli hike - Wikiloc-1126</name>
        <snippet></snippet>
        <description>
&lt;table&gt;
&lt;tr&gt;&lt;td&gt;Longitude: -71.847450&lt;/td&gt;&lt;/tr&gt;
&lt;tr&gt;&lt;td&gt;Latitude: -13.404175&lt;/td&gt;&lt;/tr&gt;
&lt;tr&gt;&lt;td&gt;Altitude: 11806.693 ft&lt;/td&gt;&lt;/tr&gt;
&lt;tr&gt;&lt;td&gt;Speed: 2.7 mph&lt;/td&gt;&lt;/tr&gt;
&lt;tr&gt;&lt;td&gt;Heading: 193.0&lt;/td&gt;&lt;/tr&gt;
&lt;tr&gt;&lt;td&gt;Time: 2021-02-19T20:09:57Z&lt;/td&gt;&lt;/tr&gt;
&lt;/table&gt;
</description>
        <LookAt>
          <longitude>-71.84745</longitude>
          <latitude>-13.404175</latitude>
          <tilt>66</tilt>
        </LookAt>
        <TimeStamp>
          <when>2021-02-19T20:09:57Z</when>
        </TimeStamp>
        <styleUrl>#track</styleUrl>
        <Point>
          <coordinates>-71.847450,-13.404175,3598.68</coordinates>
        </Point>
      </Placemark>
      <Placemark>
        <name>Apu Linli hike - Wikiloc-1127</name>
        <snippet></snippet>
        <description>
&lt;table&gt;
&lt;tr&gt;&lt;td&gt;Longitude: -71.847474&lt;/td&gt;&lt;/tr&gt;
&lt;tr&gt;&lt;td&gt;Latitude: -13.404226&lt;/td&gt;&lt;/tr&gt;
&lt;tr&gt;&lt;td&gt;Altitude: 11803.445 ft&lt;/td&gt;&lt;/tr&gt;
&lt;tr&gt;&lt;td&gt;Speed: 2.3 mph&lt;/td&gt;&lt;/tr&gt;
&lt;tr&gt;&lt;td&gt;Heading: 204.6&lt;/td&gt;&lt;/tr&gt;
&lt;tr&gt;&lt;td&gt;Time: 2021-02-19T20:10:03Z&lt;/td&gt;&lt;/tr&gt;
&lt;/table&gt;
</description>
        <LookAt>
          <longitude>-71.847474</longitude>
          <latitude>-13.404226</latitude>
          <tilt>66</tilt>
        </LookAt>
        <TimeStamp>
          <when>2021-02-19T20:10:03Z</when>
        </TimeStamp>
        <styleUrl>#track</styleUrl>
        <Point>
          <coordinates>-71.847474,-13.404226,3597.69</coordinates>
        </Point>
      </Placemark>
      <Placemark>
        <name>Apu Linli hike - Wikiloc-1128</name>
        <snippet></snippet>
        <description>
&lt;table&gt;
&lt;tr&gt;&lt;td&gt;Longitude: -71.847466&lt;/td&gt;&lt;/tr&gt;
&lt;tr&gt;&lt;td&gt;Latitude: -13.404279&lt;/td&gt;&lt;/tr&gt;
&lt;tr&gt;&lt;td&gt;Altitude: 11801.394 ft&lt;/td&gt;&lt;/tr&gt;
&lt;tr&gt;&lt;td&gt;Speed: 2.2 mph&lt;/td&gt;&lt;/tr&gt;
&lt;tr&gt;&lt;td&gt;Heading: 171.6&lt;/td&gt;&lt;/tr&gt;
&lt;tr&gt;&lt;td&gt;Time: 2021-02-19T20:10:09Z&lt;/td&gt;&lt;/tr&gt;
&lt;/table&gt;
</description>
        <LookAt>
          <longitude>-71.847466</longitude>
          <latitude>-13.404279</latitude>
          <tilt>66</tilt>
        </LookAt>
        <TimeStamp>
          <when>2021-02-19T20:10:09Z</when>
        </TimeStamp>
        <styleUrl>#track</styleUrl>
        <Point>
          <coordinates>-71.847466,-13.404279,3597.07</coordinates>
        </Point>
      </Placemark>
      <Placemark>
        <name>Apu Linli hike - Wikiloc-1129</name>
        <snippet></snippet>
        <description>
&lt;table&gt;
&lt;tr&gt;&lt;td&gt;Longitude: -71.847478&lt;/td&gt;&lt;/tr&gt;
&lt;tr&gt;&lt;td&gt;Latitude: -13.404341&lt;/td&gt;&lt;/tr&gt;
&lt;tr&gt;&lt;td&gt;Altitude: 11798.123 ft&lt;/td&gt;&lt;/tr&gt;
&lt;tr&gt;&lt;td&gt;Speed: 2.6 mph&lt;/td&gt;&lt;/tr&gt;
&lt;tr&gt;&lt;td&gt;Heading: 190.7&lt;/td&gt;&lt;/tr&gt;
&lt;tr&gt;&lt;td&gt;Time: 2021-02-19T20:10:15Z&lt;/td&gt;&lt;/tr&gt;
&lt;/table&gt;
</description>
        <LookAt>
          <longitude>-71.847478</longitude>
          <latitude>-13.404341</latitude>
          <tilt>66</tilt>
        </LookAt>
        <TimeStamp>
          <when>2021-02-19T20:10:15Z</when>
        </TimeStamp>
        <styleUrl>#track</styleUrl>
        <Point>
          <coordinates>-71.847478,-13.404341,3596.07</coordinates>
        </Point>
      </Placemark>
      <Placemark>
        <name>Apu Linli hike - Wikiloc-1130</name>
        <snippet></snippet>
        <description>
&lt;table&gt;
&lt;tr&gt;&lt;td&gt;Longitude: -71.847492&lt;/td&gt;&lt;/tr&gt;
&lt;tr&gt;&lt;td&gt;Latitude: -13.404405&lt;/td&gt;&lt;/tr&gt;
&lt;tr&gt;&lt;td&gt;Altitude: 11795.322 ft&lt;/td&gt;&lt;/tr&gt;
&lt;tr&gt;&lt;td&gt;Speed: 2.7 mph&lt;/td&gt;&lt;/tr&gt;
&lt;tr&gt;&lt;td&gt;Heading: 192.0&lt;/td&gt;&lt;/tr&gt;
&lt;tr&gt;&lt;td&gt;Time: 2021-02-19T20:10:21Z&lt;/td&gt;&lt;/tr&gt;
&lt;/table&gt;
</description>
        <LookAt>
          <longitude>-71.847492</longitude>
          <latitude>-13.404405</latitude>
          <tilt>66</tilt>
        </LookAt>
        <TimeStamp>
          <when>2021-02-19T20:10:21Z</when>
        </TimeStamp>
        <styleUrl>#track</styleUrl>
        <Point>
          <coordinates>-71.847492,-13.404405,3595.21</coordinates>
        </Point>
      </Placemark>
      <Placemark>
        <name>Apu Linli hike - Wikiloc-1131</name>
        <snippet></snippet>
        <description>
&lt;table&gt;
&lt;tr&gt;&lt;td&gt;Longitude: -71.847503&lt;/td&gt;&lt;/tr&gt;
&lt;tr&gt;&lt;td&gt;Latitude: -13.404474&lt;/td&gt;&lt;/tr&gt;
&lt;tr&gt;&lt;td&gt;Altitude: 11791.693 ft&lt;/td&gt;&lt;/tr&gt;
&lt;tr&gt;&lt;td&gt;Speed: 2.9 mph&lt;/td&gt;&lt;/tr&gt;
&lt;tr&gt;&lt;td&gt;Heading: 188.8&lt;/td&gt;&lt;/tr&gt;
&lt;tr&gt;&lt;td&gt;Time: 2021-02-19T20:10:27Z&lt;/td&gt;&lt;/tr&gt;
&lt;/table&gt;
</description>
        <LookAt>
          <longitude>-71.847503</longitude>
          <latitude>-13.404474</latitude>
          <tilt>66</tilt>
        </LookAt>
        <TimeStamp>
          <when>2021-02-19T20:10:27Z</when>
        </TimeStamp>
        <styleUrl>#track</styleUrl>
        <Point>
          <coordinates>-71.847503,-13.404474,3594.11</coordinates>
        </Point>
      </Placemark>
      <Placemark>
        <name>Apu Linli hike - Wikiloc-1132</name>
        <snippet></snippet>
        <description>
&lt;table&gt;
&lt;tr&gt;&lt;td&gt;Longitude: -71.847532&lt;/td&gt;&lt;/tr&gt;
&lt;tr&gt;&lt;td&gt;Latitude: -13.404532&lt;/td&gt;&lt;/tr&gt;
&lt;tr&gt;&lt;td&gt;Altitude: 11786.883 ft&lt;/td&gt;&lt;/tr&gt;
&lt;tr&gt;&lt;td&gt;Speed: 2.7 mph&lt;/td&gt;&lt;/tr&gt;
&lt;tr&gt;&lt;td&gt;Heading: 205.9&lt;/td&gt;&lt;/tr&gt;
&lt;tr&gt;&lt;td&gt;Time: 2021-02-19T20:10:33Z&lt;/td&gt;&lt;/tr&gt;
&lt;/table&gt;
</description>
        <LookAt>
          <longitude>-71.847532</longitude>
          <latitude>-13.404532</latitude>
          <tilt>66</tilt>
        </LookAt>
        <TimeStamp>
          <when>2021-02-19T20:10:33Z</when>
        </TimeStamp>
        <styleUrl>#track</styleUrl>
        <Point>
          <coordinates>-71.847532,-13.404532,3592.64</coordinates>
        </Point>
      </Placemark>
      <Placemark>
        <name>Apu Linli hike - Wikiloc-1133</name>
        <snippet></snippet>
        <description>
&lt;table&gt;
&lt;tr&gt;&lt;td&gt;Longitude: -71.847543&lt;/td&gt;&lt;/tr&gt;
&lt;tr&gt;&lt;td&gt;Latitude: -13.404596&lt;/td&gt;&lt;/tr&gt;
&lt;tr&gt;&lt;td&gt;Altitude: 11783.012 ft&lt;/td&gt;&lt;/tr&gt;
&lt;tr&gt;&lt;td&gt;Speed: 2.7 mph&lt;/td&gt;&lt;/tr&gt;
&lt;tr&gt;&lt;td&gt;Heading: 189.5&lt;/td&gt;&lt;/tr&gt;
&lt;tr&gt;&lt;td&gt;Time: 2021-02-19T20:10:39Z&lt;/td&gt;&lt;/tr&gt;
&lt;/table&gt;
</description>
        <LookAt>
          <longitude>-71.847543</longitude>
          <latitude>-13.404596</latitude>
          <tilt>66</tilt>
        </LookAt>
        <TimeStamp>
          <when>2021-02-19T20:10:39Z</when>
        </TimeStamp>
        <styleUrl>#track</styleUrl>
        <Point>
          <coordinates>-71.847543,-13.404596,3591.46</coordinates>
        </Point>
      </Placemark>
      <Placemark>
        <name>Apu Linli hike - Wikiloc-1134</name>
        <snippet></snippet>
        <description>
&lt;table&gt;
&lt;tr&gt;&lt;td&gt;Longitude: -71.847549&lt;/td&gt;&lt;/tr&gt;
&lt;tr&gt;&lt;td&gt;Latitude: -13.404664&lt;/td&gt;&lt;/tr&gt;
&lt;tr&gt;&lt;td&gt;Altitude: 11778.730 ft&lt;/td&gt;&lt;/tr&gt;
&lt;tr&gt;&lt;td&gt;Speed: 2.8 mph&lt;/td&gt;&lt;/tr&gt;
&lt;tr&gt;&lt;td&gt;Heading: 184.9&lt;/td&gt;&lt;/tr&gt;
&lt;tr&gt;&lt;td&gt;Time: 2021-02-19T20:10:45Z&lt;/td&gt;&lt;/tr&gt;
&lt;/table&gt;
</description>
        <LookAt>
          <longitude>-71.847549</longitude>
          <latitude>-13.404664</latitude>
          <tilt>66</tilt>
        </LookAt>
        <TimeStamp>
          <when>2021-02-19T20:10:45Z</when>
        </TimeStamp>
        <styleUrl>#track</styleUrl>
        <Point>
          <coordinates>-71.847549,-13.404664,3590.16</coordinates>
        </Point>
      </Placemark>
      <Placemark>
        <name>Apu Linli hike - Wikiloc-1135</name>
        <snippet></snippet>
        <description>
&lt;table&gt;
&lt;tr&gt;&lt;td&gt;Longitude: -71.847505&lt;/td&gt;&lt;/tr&gt;
&lt;tr&gt;&lt;td&gt;Latitude: -13.404698&lt;/td&gt;&lt;/tr&gt;
&lt;tr&gt;&lt;td&gt;Altitude: 11776.106 ft&lt;/td&gt;&lt;/tr&gt;
&lt;tr&gt;&lt;td&gt;Speed: 2.3 mph&lt;/td&gt;&lt;/tr&gt;
&lt;tr&gt;&lt;td&gt;Heading: 128.5&lt;/td&gt;&lt;/tr&gt;
&lt;tr&gt;&lt;td&gt;Time: 2021-02-19T20:10:51Z&lt;/td&gt;&lt;/tr&gt;
&lt;/table&gt;
</description>
        <LookAt>
          <longitude>-71.847505</longitude>
          <latitude>-13.404698</latitude>
          <tilt>66</tilt>
        </LookAt>
        <TimeStamp>
          <when>2021-02-19T20:10:51Z</when>
        </TimeStamp>
        <styleUrl>#track</styleUrl>
        <Point>
          <coordinates>-71.847505,-13.404698,3589.36</coordinates>
        </Point>
      </Placemark>
      <Placemark>
        <name>Apu Linli hike - Wikiloc-1136</name>
        <snippet></snippet>
        <description>
&lt;table&gt;
&lt;tr&gt;&lt;td&gt;Longitude: -71.847491&lt;/td&gt;&lt;/tr&gt;
&lt;tr&gt;&lt;td&gt;Latitude: -13.404743&lt;/td&gt;&lt;/tr&gt;
&lt;tr&gt;&lt;td&gt;Altitude: 11773.232 ft&lt;/td&gt;&lt;/tr&gt;
&lt;tr&gt;&lt;td&gt;Speed: 2.0 mph&lt;/td&gt;&lt;/tr&gt;
&lt;tr&gt;&lt;td&gt;Heading: 163.2&lt;/td&gt;&lt;/tr&gt;
&lt;tr&gt;&lt;td&gt;Time: 2021-02-19T20:10:57Z&lt;/td&gt;&lt;/tr&gt;
&lt;/table&gt;
</description>
        <LookAt>
          <longitude>-71.847491</longitude>
          <latitude>-13.404743</latitude>
          <tilt>66</tilt>
        </LookAt>
        <TimeStamp>
          <when>2021-02-19T20:10:57Z</when>
        </TimeStamp>
        <styleUrl>#track</styleUrl>
        <Point>
          <coordinates>-71.847491,-13.404743,3588.48</coordinates>
        </Point>
      </Placemark>
      <Placemark>
        <name>Apu Linli hike - Wikiloc-1137</name>
        <snippet></snippet>
        <description>
&lt;table&gt;
&lt;tr&gt;&lt;td&gt;Longitude: -71.847491&lt;/td&gt;&lt;/tr&gt;
&lt;tr&gt;&lt;td&gt;Latitude: -13.404807&lt;/td&gt;&lt;/tr&gt;
&lt;tr&gt;&lt;td&gt;Altitude: 11767.149 ft&lt;/td&gt;&lt;/tr&gt;
&lt;tr&gt;&lt;td&gt;Speed: 2.7 mph&lt;/td&gt;&lt;/tr&gt;
&lt;tr&gt;&lt;td&gt;Heading: 180.0&lt;/td&gt;&lt;/tr&gt;
&lt;tr&gt;&lt;td&gt;Time: 2021-02-19T20:11:03Z&lt;/td&gt;&lt;/tr&gt;
&lt;/table&gt;
</description>
        <LookAt>
          <longitude>-71.847491</longitude>
          <latitude>-13.404807</latitude>
          <tilt>66</tilt>
        </LookAt>
        <TimeStamp>
          <when>2021-02-19T20:11:03Z</when>
        </TimeStamp>
        <styleUrl>#track</styleUrl>
        <Point>
          <coordinates>-71.847491,-13.404807,3586.63</coordinates>
        </Point>
      </Placemark>
      <Placemark>
        <name>Apu Linli hike - Wikiloc-1138</name>
        <snippet></snippet>
        <description>
&lt;table&gt;
&lt;tr&gt;&lt;td&gt;Longitude: -71.847487&lt;/td&gt;&lt;/tr&gt;
&lt;tr&gt;&lt;td&gt;Latitude: -13.404875&lt;/td&gt;&lt;/tr&gt;
&lt;tr&gt;&lt;td&gt;Altitude: 11761.365 ft&lt;/td&gt;&lt;/tr&gt;
&lt;tr&gt;&lt;td&gt;Speed: 2.8 mph&lt;/td&gt;&lt;/tr&gt;
&lt;tr&gt;&lt;td&gt;Heading: 176.7&lt;/td&gt;&lt;/tr&gt;
&lt;tr&gt;&lt;td&gt;Time: 2021-02-19T20:11:09Z&lt;/td&gt;&lt;/tr&gt;
&lt;/table&gt;
</description>
        <LookAt>
          <longitude>-71.847487</longitude>
          <latitude>-13.404875</latitude>
          <tilt>66</tilt>
        </LookAt>
        <TimeStamp>
          <when>2021-02-19T20:11:09Z</when>
        </TimeStamp>
        <styleUrl>#track</styleUrl>
        <Point>
          <coordinates>-71.847487,-13.404875,3584.86</coordinates>
        </Point>
      </Placemark>
      <Placemark>
        <name>Apu Linli hike - Wikiloc-1139</name>
        <snippet></snippet>
        <description>
&lt;table&gt;
&lt;tr&gt;&lt;td&gt;Longitude: -71.847486&lt;/td&gt;&lt;/tr&gt;
&lt;tr&gt;&lt;td&gt;Latitude: -13.404949&lt;/td&gt;&lt;/tr&gt;
&lt;tr&gt;&lt;td&gt;Altitude: 11755.459 ft&lt;/td&gt;&lt;/tr&gt;
&lt;tr&gt;&lt;td&gt;Speed: 3.1 mph&lt;/td&gt;&lt;/tr&gt;
&lt;tr&gt;&lt;td&gt;Heading: 179.2&lt;/td&gt;&lt;/tr&gt;
&lt;tr&gt;&lt;td&gt;Time: 2021-02-19T20:11:15Z&lt;/td&gt;&lt;/tr&gt;
&lt;/table&gt;
</description>
        <LookAt>
          <longitude>-71.847486</longitude>
          <latitude>-13.404949</latitude>
          <tilt>66</tilt>
        </LookAt>
        <TimeStamp>
          <when>2021-02-19T20:11:15Z</when>
        </TimeStamp>
        <styleUrl>#track</styleUrl>
        <Point>
          <coordinates>-71.847486,-13.404949,3583.06</coordinates>
        </Point>
      </Placemark>
      <Placemark>
        <name>Apu Linli hike - Wikiloc-1140</name>
        <snippet></snippet>
        <description>
&lt;table&gt;
&lt;tr&gt;&lt;td&gt;Longitude: -71.847470&lt;/td&gt;&lt;/tr&gt;
&lt;tr&gt;&lt;td&gt;Latitude: -13.405014&lt;/td&gt;&lt;/tr&gt;
&lt;tr&gt;&lt;td&gt;Altitude: 11751.926 ft&lt;/td&gt;&lt;/tr&gt;
&lt;tr&gt;&lt;td&gt;Speed: 2.8 mph&lt;/td&gt;&lt;/tr&gt;
&lt;tr&gt;&lt;td&gt;Heading: 166.5&lt;/td&gt;&lt;/tr&gt;
&lt;tr&gt;&lt;td&gt;Time: 2021-02-19T20:11:21Z&lt;/td&gt;&lt;/tr&gt;
&lt;/table&gt;
</description>
        <LookAt>
          <longitude>-71.84747</longitude>
          <latitude>-13.405014</latitude>
          <tilt>66</tilt>
        </LookAt>
        <TimeStamp>
          <when>2021-02-19T20:11:21Z</when>
        </TimeStamp>
        <styleUrl>#track</styleUrl>
        <Point>
          <coordinates>-71.847470,-13.405014,3581.99</coordinates>
        </Point>
      </Placemark>
      <Placemark>
        <name>Apu Linli hike - Wikiloc-1141</name>
        <snippet></snippet>
        <description>
&lt;table&gt;
&lt;tr&gt;&lt;td&gt;Longitude: -71.847482&lt;/td&gt;&lt;/tr&gt;
&lt;tr&gt;&lt;td&gt;Latitude: -13.405084&lt;/td&gt;&lt;/tr&gt;
&lt;tr&gt;&lt;td&gt;Altitude: 11748.169 ft&lt;/td&gt;&lt;/tr&gt;
&lt;tr&gt;&lt;td&gt;Speed: 2.9 mph&lt;/td&gt;&lt;/tr&gt;
&lt;tr&gt;&lt;td&gt;Heading: 189.5&lt;/td&gt;&lt;/tr&gt;
&lt;tr&gt;&lt;td&gt;Time: 2021-02-19T20:11:27Z&lt;/td&gt;&lt;/tr&gt;
&lt;/table&gt;
</description>
        <LookAt>
          <longitude>-71.847482</longitude>
          <latitude>-13.405084</latitude>
          <tilt>66</tilt>
        </LookAt>
        <TimeStamp>
          <when>2021-02-19T20:11:27Z</when>
        </TimeStamp>
        <styleUrl>#track</styleUrl>
        <Point>
          <coordinates>-71.847482,-13.405084,3580.84</coordinates>
        </Point>
      </Placemark>
      <Placemark>
        <name>Apu Linli hike - Wikiloc-1142</name>
        <snippet></snippet>
        <description>
&lt;table&gt;
&lt;tr&gt;&lt;td&gt;Longitude: -71.847467&lt;/td&gt;&lt;/tr&gt;
&lt;tr&gt;&lt;td&gt;Latitude: -13.405142&lt;/td&gt;&lt;/tr&gt;
&lt;tr&gt;&lt;td&gt;Altitude: 11745.164 ft&lt;/td&gt;&lt;/tr&gt;
&lt;tr&gt;&lt;td&gt;Speed: 2.5 mph&lt;/td&gt;&lt;/tr&gt;
&lt;tr&gt;&lt;td&gt;Heading: 165.9&lt;/td&gt;&lt;/tr&gt;
&lt;tr&gt;&lt;td&gt;Time: 2021-02-19T20:11:33Z&lt;/td&gt;&lt;/tr&gt;
&lt;/table&gt;
</description>
        <LookAt>
          <longitude>-71.847467</longitude>
          <latitude>-13.405142</latitude>
          <tilt>66</tilt>
        </LookAt>
        <TimeStamp>
          <when>2021-02-19T20:11:33Z</when>
        </TimeStamp>
        <styleUrl>#track</styleUrl>
        <Point>
          <coordinates>-71.847467,-13.405142,3579.93</coordinates>
        </Point>
      </Placemark>
      <Placemark>
        <name>Apu Linli hike - Wikiloc-1143</name>
        <snippet></snippet>
        <description>
&lt;table&gt;
&lt;tr&gt;&lt;td&gt;Longitude: -71.847450&lt;/td&gt;&lt;/tr&gt;
&lt;tr&gt;&lt;td&gt;Latitude: -13.405208&lt;/td&gt;&lt;/tr&gt;
&lt;tr&gt;&lt;td&gt;Altitude: 11740.184 ft&lt;/td&gt;&lt;/tr&gt;
&lt;tr&gt;&lt;td&gt;Speed: 2.8 mph&lt;/td&gt;&lt;/tr&gt;
&lt;tr&gt;&lt;td&gt;Heading: 165.9&lt;/td&gt;&lt;/tr&gt;
&lt;tr&gt;&lt;td&gt;Time: 2021-02-19T20:11:39Z&lt;/td&gt;&lt;/tr&gt;
&lt;/table&gt;
</description>
        <LookAt>
          <longitude>-71.84745</longitude>
          <latitude>-13.405208</latitude>
          <tilt>66</tilt>
        </LookAt>
        <TimeStamp>
          <when>2021-02-19T20:11:39Z</when>
        </TimeStamp>
        <styleUrl>#track</styleUrl>
        <Point>
          <coordinates>-71.847450,-13.405208,3578.41</coordinates>
        </Point>
      </Placemark>
      <Placemark>
        <name>Apu Linli hike - Wikiloc-1144</name>
        <snippet></snippet>
        <description>
&lt;table&gt;
&lt;tr&gt;&lt;td&gt;Longitude: -71.847482&lt;/td&gt;&lt;/tr&gt;
&lt;tr&gt;&lt;td&gt;Latitude: -13.405275&lt;/td&gt;&lt;/tr&gt;
&lt;tr&gt;&lt;td&gt;Altitude: 11734.232 ft&lt;/td&gt;&lt;/tr&gt;
&lt;tr&gt;&lt;td&gt;Speed: 3.1 mph&lt;/td&gt;&lt;/tr&gt;
&lt;tr&gt;&lt;td&gt;Heading: 204.9&lt;/td&gt;&lt;/tr&gt;
&lt;tr&gt;&lt;td&gt;Time: 2021-02-19T20:11:45Z&lt;/td&gt;&lt;/tr&gt;
&lt;/table&gt;
</description>
        <LookAt>
          <longitude>-71.847482</longitude>
          <latitude>-13.405275</latitude>
          <tilt>66</tilt>
        </LookAt>
        <TimeStamp>
          <when>2021-02-19T20:11:45Z</when>
        </TimeStamp>
        <styleUrl>#track</styleUrl>
        <Point>
          <coordinates>-71.847482,-13.405275,3576.59</coordinates>
        </Point>
      </Placemark>
      <Placemark>
        <name>Apu Linli hike - Wikiloc-1145</name>
        <snippet></snippet>
        <description>
&lt;table&gt;
&lt;tr&gt;&lt;td&gt;Longitude: -71.847508&lt;/td&gt;&lt;/tr&gt;
&lt;tr&gt;&lt;td&gt;Latitude: -13.405315&lt;/td&gt;&lt;/tr&gt;
&lt;tr&gt;&lt;td&gt;Altitude: 11728.097 ft&lt;/td&gt;&lt;/tr&gt;
&lt;tr&gt;&lt;td&gt;Speed: 2.0 mph&lt;/td&gt;&lt;/tr&gt;
&lt;tr&gt;&lt;td&gt;Heading: 212.3&lt;/td&gt;&lt;/tr&gt;
&lt;tr&gt;&lt;td&gt;Time: 2021-02-19T20:11:51Z&lt;/td&gt;&lt;/tr&gt;
&lt;/table&gt;
</description>
        <LookAt>
          <longitude>-71.847508</longitude>
          <latitude>-13.405315</latitude>
          <tilt>66</tilt>
        </LookAt>
        <TimeStamp>
          <when>2021-02-19T20:11:51Z</when>
        </TimeStamp>
        <styleUrl>#track</styleUrl>
        <Point>
          <coordinates>-71.847508,-13.405315,3574.72</coordinates>
        </Point>
      </Placemark>
      <Placemark>
        <name>Apu Linli hike - Wikiloc-1146</name>
        <snippet></snippet>
        <description>
&lt;table&gt;
&lt;tr&gt;&lt;td&gt;Longitude: -71.847517&lt;/td&gt;&lt;/tr&gt;
&lt;tr&gt;&lt;td&gt;Latitude: -13.405371&lt;/td&gt;&lt;/tr&gt;
&lt;tr&gt;&lt;td&gt;Altitude: 11722.503 ft&lt;/td&gt;&lt;/tr&gt;
&lt;tr&gt;&lt;td&gt;Speed: 1.6 mph&lt;/td&gt;&lt;/tr&gt;
&lt;tr&gt;&lt;td&gt;Heading: 188.9&lt;/td&gt;&lt;/tr&gt;
&lt;tr&gt;&lt;td&gt;Time: 2021-02-19T20:12:00Z&lt;/td&gt;&lt;/tr&gt;
&lt;/table&gt;
</description>
        <LookAt>
          <longitude>-71.847517</longitude>
          <latitude>-13.405371</latitude>
          <tilt>66</tilt>
        </LookAt>
        <TimeStamp>
          <when>2021-02-19T20:12:00Z</when>
        </TimeStamp>
        <styleUrl>#track</styleUrl>
        <Point>
          <coordinates>-71.847517,-13.405371,3573.02</coordinates>
        </Point>
      </Placemark>
      <Placemark>
        <name>Apu Linli hike - Wikiloc-1147</name>
        <snippet></snippet>
        <description>
&lt;table&gt;
&lt;tr&gt;&lt;td&gt;Longitude: -71.847504&lt;/td&gt;&lt;/tr&gt;
&lt;tr&gt;&lt;td&gt;Latitude: -13.405438&lt;/td&gt;&lt;/tr&gt;
&lt;tr&gt;&lt;td&gt;Altitude: 11716.368 ft&lt;/td&gt;&lt;/tr&gt;
&lt;tr&gt;&lt;td&gt;Speed: 2.8 mph&lt;/td&gt;&lt;/tr&gt;
&lt;tr&gt;&lt;td&gt;Heading: 169.3&lt;/td&gt;&lt;/tr&gt;
&lt;tr&gt;&lt;td&gt;Time: 2021-02-19T20:12:06Z&lt;/td&gt;&lt;/tr&gt;
&lt;/table&gt;
</description>
        <LookAt>
          <longitude>-71.847504</longitude>
          <latitude>-13.405438</latitude>
          <tilt>66</tilt>
        </LookAt>
        <TimeStamp>
          <when>2021-02-19T20:12:06Z</when>
        </TimeStamp>
        <styleUrl>#track</styleUrl>
        <Point>
          <coordinates>-71.847504,-13.405438,3571.15</coordinates>
        </Point>
      </Placemark>
      <Placemark>
        <name>Apu Linli hike - Wikiloc-1148</name>
        <snippet></snippet>
        <description>
&lt;table&gt;
&lt;tr&gt;&lt;td&gt;Longitude: -71.847517&lt;/td&gt;&lt;/tr&gt;
&lt;tr&gt;&lt;td&gt;Latitude: -13.405516&lt;/td&gt;&lt;/tr&gt;
&lt;tr&gt;&lt;td&gt;Altitude: 11711.985 ft&lt;/td&gt;&lt;/tr&gt;
&lt;tr&gt;&lt;td&gt;Speed: 3.3 mph&lt;/td&gt;&lt;/tr&gt;
&lt;tr&gt;&lt;td&gt;Heading: 189.2&lt;/td&gt;&lt;/tr&gt;
&lt;tr&gt;&lt;td&gt;Time: 2021-02-19T20:12:12Z&lt;/td&gt;&lt;/tr&gt;
&lt;/table&gt;
</description>
        <LookAt>
          <longitude>-71.847517</longitude>
          <latitude>-13.405516</latitude>
          <tilt>66</tilt>
        </LookAt>
        <TimeStamp>
          <when>2021-02-19T20:12:12Z</when>
        </TimeStamp>
        <styleUrl>#track</styleUrl>
        <Point>
          <coordinates>-71.847517,-13.405516,3569.81</coordinates>
        </Point>
      </Placemark>
      <Placemark>
        <name>Apu Linli hike - Wikiloc-1149</name>
        <snippet></snippet>
        <description>
&lt;table&gt;
&lt;tr&gt;&lt;td&gt;Longitude: -71.847549&lt;/td&gt;&lt;/tr&gt;
&lt;tr&gt;&lt;td&gt;Latitude: -13.405577&lt;/td&gt;&lt;/tr&gt;
&lt;tr&gt;&lt;td&gt;Altitude: 11706.821 ft&lt;/td&gt;&lt;/tr&gt;
&lt;tr&gt;&lt;td&gt;Speed: 2.8 mph&lt;/td&gt;&lt;/tr&gt;
&lt;tr&gt;&lt;td&gt;Heading: 207.0&lt;/td&gt;&lt;/tr&gt;
&lt;tr&gt;&lt;td&gt;Time: 2021-02-19T20:12:18Z&lt;/td&gt;&lt;/tr&gt;
&lt;/table&gt;
</description>
        <LookAt>
          <longitude>-71.847549</longitude>
          <latitude>-13.405577</latitude>
          <tilt>66</tilt>
        </LookAt>
        <TimeStamp>
          <when>2021-02-19T20:12:18Z</when>
        </TimeStamp>
        <styleUrl>#track</styleUrl>
        <Point>
          <coordinates>-71.847549,-13.405577,3568.24</coordinates>
        </Point>
      </Placemark>
      <Placemark>
        <name>Apu Linli hike - Wikiloc-1150</name>
        <snippet></snippet>
        <description>
&lt;table&gt;
&lt;tr&gt;&lt;td&gt;Longitude: -71.847556&lt;/td&gt;&lt;/tr&gt;
&lt;tr&gt;&lt;td&gt;Latitude: -13.405646&lt;/td&gt;&lt;/tr&gt;
&lt;tr&gt;&lt;td&gt;Altitude: 11702.087 ft&lt;/td&gt;&lt;/tr&gt;
&lt;tr&gt;&lt;td&gt;Speed: 1.9 mph&lt;/td&gt;&lt;/tr&gt;
&lt;tr&gt;&lt;td&gt;Heading: 185.6&lt;/td&gt;&lt;/tr&gt;
&lt;tr&gt;&lt;td&gt;Time: 2021-02-19T20:12:27Z&lt;/td&gt;&lt;/tr&gt;
&lt;/table&gt;
</description>
        <LookAt>
          <longitude>-71.847556</longitude>
          <latitude>-13.405646</latitude>
          <tilt>66</tilt>
        </LookAt>
        <TimeStamp>
          <when>2021-02-19T20:12:27Z</when>
        </TimeStamp>
        <styleUrl>#track</styleUrl>
        <Point>
          <coordinates>-71.847556,-13.405646,3566.80</coordinates>
        </Point>
      </Placemark>
      <Placemark>
        <name>Apu Linli hike - Wikiloc-1151</name>
        <snippet></snippet>
        <description>
&lt;table&gt;
&lt;tr&gt;&lt;td&gt;Longitude: -71.847588&lt;/td&gt;&lt;/tr&gt;
&lt;tr&gt;&lt;td&gt;Latitude: -13.405694&lt;/td&gt;&lt;/tr&gt;
&lt;tr&gt;&lt;td&gt;Altitude: 11699.692 ft&lt;/td&gt;&lt;/tr&gt;
&lt;tr&gt;&lt;td&gt;Speed: 2.4 mph&lt;/td&gt;&lt;/tr&gt;
&lt;tr&gt;&lt;td&gt;Heading: 213.0&lt;/td&gt;&lt;/tr&gt;
&lt;tr&gt;&lt;td&gt;Time: 2021-02-19T20:12:33Z&lt;/td&gt;&lt;/tr&gt;
&lt;/table&gt;
</description>
        <LookAt>
          <longitude>-71.847588</longitude>
          <latitude>-13.405694</latitude>
          <tilt>66</tilt>
        </LookAt>
        <TimeStamp>
          <when>2021-02-19T20:12:33Z</when>
        </TimeStamp>
        <styleUrl>#track</styleUrl>
        <Point>
          <coordinates>-71.847588,-13.405694,3566.07</coordinates>
        </Point>
      </Placemark>
      <Placemark>
        <name>Apu Linli hike - Wikiloc-1152</name>
        <snippet></snippet>
        <description>
&lt;table&gt;
&lt;tr&gt;&lt;td&gt;Longitude: -71.847619&lt;/td&gt;&lt;/tr&gt;
&lt;tr&gt;&lt;td&gt;Latitude: -13.405753&lt;/td&gt;&lt;/tr&gt;
&lt;tr&gt;&lt;td&gt;Altitude: 11696.831 ft&lt;/td&gt;&lt;/tr&gt;
&lt;tr&gt;&lt;td&gt;Speed: 2.7 mph&lt;/td&gt;&lt;/tr&gt;
&lt;tr&gt;&lt;td&gt;Heading: 207.1&lt;/td&gt;&lt;/tr&gt;
&lt;tr&gt;&lt;td&gt;Time: 2021-02-19T20:12:39Z&lt;/td&gt;&lt;/tr&gt;
&lt;/table&gt;
</description>
        <LookAt>
          <longitude>-71.847619</longitude>
          <latitude>-13.405753</latitude>
          <tilt>66</tilt>
        </LookAt>
        <TimeStamp>
          <when>2021-02-19T20:12:39Z</when>
        </TimeStamp>
        <styleUrl>#track</styleUrl>
        <Point>
          <coordinates>-71.847619,-13.405753,3565.19</coordinates>
        </Point>
      </Placemark>
      <Placemark>
        <name>Apu Linli hike - Wikiloc-1153</name>
        <snippet></snippet>
        <description>
&lt;table&gt;
&lt;tr&gt;&lt;td&gt;Longitude: -71.847632&lt;/td&gt;&lt;/tr&gt;
&lt;tr&gt;&lt;td&gt;Latitude: -13.405831&lt;/td&gt;&lt;/tr&gt;
&lt;tr&gt;&lt;td&gt;Altitude: 11693.757 ft&lt;/td&gt;&lt;/tr&gt;
&lt;tr&gt;&lt;td&gt;Speed: 3.3 mph&lt;/td&gt;&lt;/tr&gt;
&lt;tr&gt;&lt;td&gt;Heading: 189.2&lt;/td&gt;&lt;/tr&gt;
&lt;tr&gt;&lt;td&gt;Time: 2021-02-19T20:12:45Z&lt;/td&gt;&lt;/tr&gt;
&lt;/table&gt;
</description>
        <LookAt>
          <longitude>-71.847632</longitude>
          <latitude>-13.405831</latitude>
          <tilt>66</tilt>
        </LookAt>
        <TimeStamp>
          <when>2021-02-19T20:12:45Z</when>
        </TimeStamp>
        <styleUrl>#track</styleUrl>
        <Point>
          <coordinates>-71.847632,-13.405831,3564.26</coordinates>
        </Point>
      </Placemark>
      <Placemark>
        <name>Apu Linli hike - Wikiloc-1154</name>
        <snippet></snippet>
        <description>
&lt;table&gt;
&lt;tr&gt;&lt;td&gt;Longitude: -71.847651&lt;/td&gt;&lt;/tr&gt;
&lt;tr&gt;&lt;td&gt;Latitude: -13.405910&lt;/td&gt;&lt;/tr&gt;
&lt;tr&gt;&lt;td&gt;Altitude: 11692.001 ft&lt;/td&gt;&lt;/tr&gt;
&lt;tr&gt;&lt;td&gt;Speed: 3.4 mph&lt;/td&gt;&lt;/tr&gt;
&lt;tr&gt;&lt;td&gt;Heading: 193.2&lt;/td&gt;&lt;/tr&gt;
&lt;tr&gt;&lt;td&gt;Time: 2021-02-19T20:12:51Z&lt;/td&gt;&lt;/tr&gt;
&lt;/table&gt;
</description>
        <LookAt>
          <longitude>-71.847651</longitude>
          <latitude>-13.40591</latitude>
          <tilt>66</tilt>
        </LookAt>
        <TimeStamp>
          <when>2021-02-19T20:12:51Z</when>
        </TimeStamp>
        <styleUrl>#track</styleUrl>
        <Point>
          <coordinates>-71.847651,-13.405910,3563.72</coordinates>
        </Point>
      </Placemark>
      <Placemark>
        <name>Apu Linli hike - Wikiloc-1155</name>
        <snippet></snippet>
        <description>
&lt;table&gt;
&lt;tr&gt;&lt;td&gt;Longitude: -71.847638&lt;/td&gt;&lt;/tr&gt;
&lt;tr&gt;&lt;td&gt;Latitude: -13.405989&lt;/td&gt;&lt;/tr&gt;
&lt;tr&gt;&lt;td&gt;Altitude: 11691.627 ft&lt;/td&gt;&lt;/tr&gt;
&lt;tr&gt;&lt;td&gt;Speed: 3.3 mph&lt;/td&gt;&lt;/tr&gt;
&lt;tr&gt;&lt;td&gt;Heading: 170.9&lt;/td&gt;&lt;/tr&gt;
&lt;tr&gt;&lt;td&gt;Time: 2021-02-19T20:12:57Z&lt;/td&gt;&lt;/tr&gt;
&lt;/table&gt;
</description>
        <LookAt>
          <longitude>-71.847638</longitude>
          <latitude>-13.405989</latitude>
          <tilt>66</tilt>
        </LookAt>
        <TimeStamp>
          <when>2021-02-19T20:12:57Z</when>
        </TimeStamp>
        <styleUrl>#track</styleUrl>
        <Point>
          <coordinates>-71.847638,-13.405989,3563.61</coordinates>
        </Point>
      </Placemark>
      <Placemark>
        <name>Apu Linli hike - Wikiloc-1156</name>
        <snippet></snippet>
        <description>
&lt;table&gt;
&lt;tr&gt;&lt;td&gt;Longitude: -71.847629&lt;/td&gt;&lt;/tr&gt;
&lt;tr&gt;&lt;td&gt;Latitude: -13.406052&lt;/td&gt;&lt;/tr&gt;
&lt;tr&gt;&lt;td&gt;Altitude: 11689.944 ft&lt;/td&gt;&lt;/tr&gt;
&lt;tr&gt;&lt;td&gt;Speed: 2.6 mph&lt;/td&gt;&lt;/tr&gt;
&lt;tr&gt;&lt;td&gt;Heading: 172.1&lt;/td&gt;&lt;/tr&gt;
&lt;tr&gt;&lt;td&gt;Time: 2021-02-19T20:13:03Z&lt;/td&gt;&lt;/tr&gt;
&lt;/table&gt;
</description>
        <LookAt>
          <longitude>-71.847629</longitude>
          <latitude>-13.406052</latitude>
          <tilt>66</tilt>
        </LookAt>
        <TimeStamp>
          <when>2021-02-19T20:13:03Z</when>
        </TimeStamp>
        <styleUrl>#track</styleUrl>
        <Point>
          <coordinates>-71.847629,-13.406052,3563.09</coordinates>
        </Point>
      </Placemark>
      <Placemark>
        <name>Apu Linli hike - Wikiloc-1157</name>
        <snippet></snippet>
        <description>
&lt;table&gt;
&lt;tr&gt;&lt;td&gt;Longitude: -71.847608&lt;/td&gt;&lt;/tr&gt;
&lt;tr&gt;&lt;td&gt;Latitude: -13.406131&lt;/td&gt;&lt;/tr&gt;
&lt;tr&gt;&lt;td&gt;Altitude: 11686.335 ft&lt;/td&gt;&lt;/tr&gt;
&lt;tr&gt;&lt;td&gt;Speed: 3.4 mph&lt;/td&gt;&lt;/tr&gt;
&lt;tr&gt;&lt;td&gt;Heading: 165.5&lt;/td&gt;&lt;/tr&gt;
&lt;tr&gt;&lt;td&gt;Time: 2021-02-19T20:13:09Z&lt;/td&gt;&lt;/tr&gt;
&lt;/table&gt;
</description>
        <LookAt>
          <longitude>-71.847608</longitude>
          <latitude>-13.406131</latitude>
          <tilt>66</tilt>
        </LookAt>
        <TimeStamp>
          <when>2021-02-19T20:13:09Z</when>
        </TimeStamp>
        <styleUrl>#track</styleUrl>
        <Point>
          <coordinates>-71.847608,-13.406131,3561.99</coordinates>
        </Point>
      </Placemark>
      <Placemark>
        <name>Apu Linli hike - Wikiloc-1158</name>
        <snippet></snippet>
        <description>
&lt;table&gt;
&lt;tr&gt;&lt;td&gt;Longitude: -71.847592&lt;/td&gt;&lt;/tr&gt;
&lt;tr&gt;&lt;td&gt;Latitude: -13.406202&lt;/td&gt;&lt;/tr&gt;
&lt;tr&gt;&lt;td&gt;Altitude: 11682.710 ft&lt;/td&gt;&lt;/tr&gt;
&lt;tr&gt;&lt;td&gt;Speed: 3.0 mph&lt;/td&gt;&lt;/tr&gt;
&lt;tr&gt;&lt;td&gt;Heading: 167.6&lt;/td&gt;&lt;/tr&gt;
&lt;tr&gt;&lt;td&gt;Time: 2021-02-19T20:13:15Z&lt;/td&gt;&lt;/tr&gt;
&lt;/table&gt;
</description>
        <LookAt>
          <longitude>-71.847592</longitude>
          <latitude>-13.406202</latitude>
          <tilt>66</tilt>
        </LookAt>
        <TimeStamp>
          <when>2021-02-19T20:13:15Z</when>
        </TimeStamp>
        <styleUrl>#track</styleUrl>
        <Point>
          <coordinates>-71.847592,-13.406202,3560.89</coordinates>
        </Point>
      </Placemark>
      <Placemark>
        <name>Apu Linli hike - Wikiloc-1159</name>
        <snippet></snippet>
        <description>
&lt;table&gt;
&lt;tr&gt;&lt;td&gt;Longitude: -71.847595&lt;/td&gt;&lt;/tr&gt;
&lt;tr&gt;&lt;td&gt;Latitude: -13.406275&lt;/td&gt;&lt;/tr&gt;
&lt;tr&gt;&lt;td&gt;Altitude: 11678.707 ft&lt;/td&gt;&lt;/tr&gt;
&lt;tr&gt;&lt;td&gt;Speed: 3.0 mph&lt;/td&gt;&lt;/tr&gt;
&lt;tr&gt;&lt;td&gt;Heading: 182.3&lt;/td&gt;&lt;/tr&gt;
&lt;tr&gt;&lt;td&gt;Time: 2021-02-19T20:13:21Z&lt;/td&gt;&lt;/tr&gt;
&lt;/table&gt;
</description>
        <LookAt>
          <longitude>-71.847595</longitude>
          <latitude>-13.406275</latitude>
          <tilt>66</tilt>
        </LookAt>
        <TimeStamp>
          <when>2021-02-19T20:13:21Z</when>
        </TimeStamp>
        <styleUrl>#track</styleUrl>
        <Point>
          <coordinates>-71.847595,-13.406275,3559.67</coordinates>
        </Point>
      </Placemark>
      <Placemark>
        <name>Apu Linli hike - Wikiloc-1160</name>
        <snippet></snippet>
        <description>
&lt;table&gt;
&lt;tr&gt;&lt;td&gt;Longitude: -71.847593&lt;/td&gt;&lt;/tr&gt;
&lt;tr&gt;&lt;td&gt;Latitude: -13.406328&lt;/td&gt;&lt;/tr&gt;
&lt;tr&gt;&lt;td&gt;Altitude: 11677.474 ft&lt;/td&gt;&lt;/tr&gt;
&lt;tr&gt;&lt;td&gt;Speed: 3.3 mph&lt;/td&gt;&lt;/tr&gt;
&lt;tr&gt;&lt;td&gt;Heading: 177.9&lt;/td&gt;&lt;/tr&gt;
&lt;tr&gt;&lt;td&gt;Time: 2021-02-19T20:13:25Z&lt;/td&gt;&lt;/tr&gt;
&lt;/table&gt;
</description>
        <LookAt>
          <longitude>-71.847593</longitude>
          <latitude>-13.406328</latitude>
          <tilt>66</tilt>
        </LookAt>
        <TimeStamp>
          <when>2021-02-19T20:13:25Z</when>
        </TimeStamp>
        <styleUrl>#track</styleUrl>
        <Point>
          <coordinates>-71.847593,-13.406328,3559.29</coordinates>
        </Point>
      </Placemark>
      <Placemark>
        <name>Apu Linli hike - Wikiloc-1161</name>
        <snippet></snippet>
        <description>
&lt;table&gt;
&lt;tr&gt;&lt;td&gt;Longitude: -71.847588&lt;/td&gt;&lt;/tr&gt;
&lt;tr&gt;&lt;td&gt;Latitude: -13.406386&lt;/td&gt;&lt;/tr&gt;
&lt;tr&gt;&lt;td&gt;Altitude: 11676.345 ft&lt;/td&gt;&lt;/tr&gt;
&lt;tr&gt;&lt;td&gt;Speed: 3.6 mph&lt;/td&gt;&lt;/tr&gt;
&lt;tr&gt;&lt;td&gt;Heading: 175.2&lt;/td&gt;&lt;/tr&gt;
&lt;tr&gt;&lt;td&gt;Time: 2021-02-19T20:13:29Z&lt;/td&gt;&lt;/tr&gt;
&lt;/table&gt;
</description>
        <LookAt>
          <longitude>-71.847588</longitude>
          <latitude>-13.406386</latitude>
          <tilt>66</tilt>
        </LookAt>
        <TimeStamp>
          <when>2021-02-19T20:13:29Z</when>
        </TimeStamp>
        <styleUrl>#track</styleUrl>
        <Point>
          <coordinates>-71.847588,-13.406386,3558.95</coordinates>
        </Point>
      </Placemark>
      <Placemark>
        <name>Apu Linli hike - Wikiloc-1162</name>
        <snippet></snippet>
        <description>
&lt;table&gt;
&lt;tr&gt;&lt;td&gt;Longitude: -71.847569&lt;/td&gt;&lt;/tr&gt;
&lt;tr&gt;&lt;td&gt;Latitude: -13.406438&lt;/td&gt;&lt;/tr&gt;
&lt;tr&gt;&lt;td&gt;Altitude: 11673.645 ft&lt;/td&gt;&lt;/tr&gt;
&lt;tr&gt;&lt;td&gt;Speed: 3.4 mph&lt;/td&gt;&lt;/tr&gt;
&lt;tr&gt;&lt;td&gt;Heading: 160.4&lt;/td&gt;&lt;/tr&gt;
&lt;tr&gt;&lt;td&gt;Time: 2021-02-19T20:13:33Z&lt;/td&gt;&lt;/tr&gt;
&lt;/table&gt;
</description>
        <LookAt>
          <longitude>-71.847569</longitude>
          <latitude>-13.406438</latitude>
          <tilt>66</tilt>
        </LookAt>
        <TimeStamp>
          <when>2021-02-19T20:13:33Z</when>
        </TimeStamp>
        <styleUrl>#track</styleUrl>
        <Point>
          <coordinates>-71.847569,-13.406438,3558.13</coordinates>
        </Point>
      </Placemark>
      <Placemark>
        <name>Apu Linli hike - Wikiloc-1163</name>
        <snippet></snippet>
        <description>
&lt;table&gt;
&lt;tr&gt;&lt;td&gt;Longitude: -71.847551&lt;/td&gt;&lt;/tr&gt;
&lt;tr&gt;&lt;td&gt;Latitude: -13.406489&lt;/td&gt;&lt;/tr&gt;
&lt;tr&gt;&lt;td&gt;Altitude: 11672.398 ft&lt;/td&gt;&lt;/tr&gt;
&lt;tr&gt;&lt;td&gt;Speed: 3.4 mph&lt;/td&gt;&lt;/tr&gt;
&lt;tr&gt;&lt;td&gt;Heading: 161.1&lt;/td&gt;&lt;/tr&gt;
&lt;tr&gt;&lt;td&gt;Time: 2021-02-19T20:13:37Z&lt;/td&gt;&lt;/tr&gt;
&lt;/table&gt;
</description>
        <LookAt>
          <longitude>-71.847551</longitude>
          <latitude>-13.406489</latitude>
          <tilt>66</tilt>
        </LookAt>
        <TimeStamp>
          <when>2021-02-19T20:13:37Z</when>
        </TimeStamp>
        <styleUrl>#track</styleUrl>
        <Point>
          <coordinates>-71.847551,-13.406489,3557.75</coordinates>
        </Point>
      </Placemark>
      <Placemark>
        <name>Apu Linli hike - Wikiloc-1164</name>
        <snippet></snippet>
        <description>
&lt;table&gt;
&lt;tr&gt;&lt;td&gt;Longitude: -71.847538&lt;/td&gt;&lt;/tr&gt;
&lt;tr&gt;&lt;td&gt;Latitude: -13.406540&lt;/td&gt;&lt;/tr&gt;
&lt;tr&gt;&lt;td&gt;Altitude: 11670.738 ft&lt;/td&gt;&lt;/tr&gt;
&lt;tr&gt;&lt;td&gt;Speed: 3.3 mph&lt;/td&gt;&lt;/tr&gt;
&lt;tr&gt;&lt;td&gt;Heading: 166.1&lt;/td&gt;&lt;/tr&gt;
&lt;tr&gt;&lt;td&gt;Time: 2021-02-19T20:13:41Z&lt;/td&gt;&lt;/tr&gt;
&lt;/table&gt;
</description>
        <LookAt>
          <longitude>-71.847538</longitude>
          <latitude>-13.40654</latitude>
          <tilt>66</tilt>
        </LookAt>
        <TimeStamp>
          <when>2021-02-19T20:13:41Z</when>
        </TimeStamp>
        <styleUrl>#track</styleUrl>
        <Point>
          <coordinates>-71.847538,-13.406540,3557.24</coordinates>
        </Point>
      </Placemark>
      <Placemark>
        <name>Apu Linli hike - Wikiloc-1165</name>
        <snippet></snippet>
        <description>
&lt;table&gt;
&lt;tr&gt;&lt;td&gt;Longitude: -71.847544&lt;/td&gt;&lt;/tr&gt;
&lt;tr&gt;&lt;td&gt;Latitude: -13.406600&lt;/td&gt;&lt;/tr&gt;
&lt;tr&gt;&lt;td&gt;Altitude: 11669.885 ft&lt;/td&gt;&lt;/tr&gt;
&lt;tr&gt;&lt;td&gt;Speed: 3.8 mph&lt;/td&gt;&lt;/tr&gt;
&lt;tr&gt;&lt;td&gt;Heading: 185.6&lt;/td&gt;&lt;/tr&gt;
&lt;tr&gt;&lt;td&gt;Time: 2021-02-19T20:13:45Z&lt;/td&gt;&lt;/tr&gt;
&lt;/table&gt;
</description>
        <LookAt>
          <longitude>-71.847544</longitude>
          <latitude>-13.4066</latitude>
          <tilt>66</tilt>
        </LookAt>
        <TimeStamp>
          <when>2021-02-19T20:13:45Z</when>
        </TimeStamp>
        <styleUrl>#track</styleUrl>
        <Point>
          <coordinates>-71.847544,-13.406600,3556.98</coordinates>
        </Point>
      </Placemark>
      <Placemark>
        <name>Apu Linli hike - Wikiloc-1166</name>
        <snippet></snippet>
        <description>
&lt;table&gt;
&lt;tr&gt;&lt;td&gt;Longitude: -71.847550&lt;/td&gt;&lt;/tr&gt;
&lt;tr&gt;&lt;td&gt;Latitude: -13.406652&lt;/td&gt;&lt;/tr&gt;
&lt;tr&gt;&lt;td&gt;Altitude: 11668.337 ft&lt;/td&gt;&lt;/tr&gt;
&lt;tr&gt;&lt;td&gt;Speed: 3.3 mph&lt;/td&gt;&lt;/tr&gt;
&lt;tr&gt;&lt;td&gt;Heading: 186.4&lt;/td&gt;&lt;/tr&gt;
&lt;tr&gt;&lt;td&gt;Time: 2021-02-19T20:13:49Z&lt;/td&gt;&lt;/tr&gt;
&lt;/table&gt;
</description>
        <LookAt>
          <longitude>-71.84755</longitude>
          <latitude>-13.406652</latitude>
          <tilt>66</tilt>
        </LookAt>
        <TimeStamp>
          <when>2021-02-19T20:13:49Z</when>
        </TimeStamp>
        <styleUrl>#track</styleUrl>
        <Point>
          <coordinates>-71.847550,-13.406652,3556.51</coordinates>
        </Point>
      </Placemark>
      <Placemark>
        <name>Apu Linli hike - Wikiloc-1167</name>
        <snippet></snippet>
        <description>
&lt;table&gt;
&lt;tr&gt;&lt;td&gt;Longitude: -71.847551&lt;/td&gt;&lt;/tr&gt;
&lt;tr&gt;&lt;td&gt;Latitude: -13.406706&lt;/td&gt;&lt;/tr&gt;
&lt;tr&gt;&lt;td&gt;Altitude: 11666.693 ft&lt;/td&gt;&lt;/tr&gt;
&lt;tr&gt;&lt;td&gt;Speed: 3.4 mph&lt;/td&gt;&lt;/tr&gt;
&lt;tr&gt;&lt;td&gt;Heading: 181.0&lt;/td&gt;&lt;/tr&gt;
&lt;tr&gt;&lt;td&gt;Time: 2021-02-19T20:13:53Z&lt;/td&gt;&lt;/tr&gt;
&lt;/table&gt;
</description>
        <LookAt>
          <longitude>-71.847551</longitude>
          <latitude>-13.406706</latitude>
          <tilt>66</tilt>
        </LookAt>
        <TimeStamp>
          <when>2021-02-19T20:13:53Z</when>
        </TimeStamp>
        <styleUrl>#track</styleUrl>
        <Point>
          <coordinates>-71.847551,-13.406706,3556.01</coordinates>
        </Point>
      </Placemark>
      <Placemark>
        <name>Apu Linli hike - Wikiloc-1168</name>
        <snippet></snippet>
        <description>
&lt;table&gt;
&lt;tr&gt;&lt;td&gt;Longitude: -71.847541&lt;/td&gt;&lt;/tr&gt;
&lt;tr&gt;&lt;td&gt;Latitude: -13.406757&lt;/td&gt;&lt;/tr&gt;
&lt;tr&gt;&lt;td&gt;Altitude: 11664.501 ft&lt;/td&gt;&lt;/tr&gt;
&lt;tr&gt;&lt;td&gt;Speed: 3.2 mph&lt;/td&gt;&lt;/tr&gt;
&lt;tr&gt;&lt;td&gt;Heading: 169.2&lt;/td&gt;&lt;/tr&gt;
&lt;tr&gt;&lt;td&gt;Time: 2021-02-19T20:13:57Z&lt;/td&gt;&lt;/tr&gt;
&lt;/table&gt;
</description>
        <LookAt>
          <longitude>-71.847541</longitude>
          <latitude>-13.406757</latitude>
          <tilt>66</tilt>
        </LookAt>
        <TimeStamp>
          <when>2021-02-19T20:13:57Z</when>
        </TimeStamp>
        <styleUrl>#track</styleUrl>
        <Point>
          <coordinates>-71.847541,-13.406757,3555.34</coordinates>
        </Point>
      </Placemark>
      <Placemark>
        <name>Apu Linli hike - Wikiloc-1169</name>
        <snippet></snippet>
        <description>
&lt;table&gt;
&lt;tr&gt;&lt;td&gt;Longitude: -71.847524&lt;/td&gt;&lt;/tr&gt;
&lt;tr&gt;&lt;td&gt;Latitude: -13.406806&lt;/td&gt;&lt;/tr&gt;
&lt;tr&gt;&lt;td&gt;Altitude: 11661.450 ft&lt;/td&gt;&lt;/tr&gt;
&lt;tr&gt;&lt;td&gt;Speed: 3.2 mph&lt;/td&gt;&lt;/tr&gt;
&lt;tr&gt;&lt;td&gt;Heading: 161.4&lt;/td&gt;&lt;/tr&gt;
&lt;tr&gt;&lt;td&gt;Time: 2021-02-19T20:14:01Z&lt;/td&gt;&lt;/tr&gt;
&lt;/table&gt;
</description>
        <LookAt>
          <longitude>-71.847524</longitude>
          <latitude>-13.406806</latitude>
          <tilt>66</tilt>
        </LookAt>
        <TimeStamp>
          <when>2021-02-19T20:14:01Z</when>
        </TimeStamp>
        <styleUrl>#track</styleUrl>
        <Point>
          <coordinates>-71.847524,-13.406806,3554.41</coordinates>
        </Point>
      </Placemark>
      <Placemark>
        <name>Apu Linli hike - Wikiloc-1170</name>
        <snippet></snippet>
        <description>
&lt;table&gt;
&lt;tr&gt;&lt;td&gt;Longitude: -71.847505&lt;/td&gt;&lt;/tr&gt;
&lt;tr&gt;&lt;td&gt;Latitude: -13.406855&lt;/td&gt;&lt;/tr&gt;
&lt;tr&gt;&lt;td&gt;Altitude: 11659.925 ft&lt;/td&gt;&lt;/tr&gt;
&lt;tr&gt;&lt;td&gt;Speed: 3.3 mph&lt;/td&gt;&lt;/tr&gt;
&lt;tr&gt;&lt;td&gt;Heading: 159.3&lt;/td&gt;&lt;/tr&gt;
&lt;tr&gt;&lt;td&gt;Time: 2021-02-19T20:14:05Z&lt;/td&gt;&lt;/tr&gt;
&lt;/table&gt;
</description>
        <LookAt>
          <longitude>-71.847505</longitude>
          <latitude>-13.406855</latitude>
          <tilt>66</tilt>
        </LookAt>
        <TimeStamp>
          <when>2021-02-19T20:14:05Z</when>
        </TimeStamp>
        <styleUrl>#track</styleUrl>
        <Point>
          <coordinates>-71.847505,-13.406855,3553.95</coordinates>
        </Point>
      </Placemark>
      <Placemark>
        <name>Apu Linli hike - Wikiloc-1171</name>
        <snippet></snippet>
        <description>
&lt;table&gt;
&lt;tr&gt;&lt;td&gt;Longitude: -71.847492&lt;/td&gt;&lt;/tr&gt;
&lt;tr&gt;&lt;td&gt;Latitude: -13.406906&lt;/td&gt;&lt;/tr&gt;
&lt;tr&gt;&lt;td&gt;Altitude: 11658.743 ft&lt;/td&gt;&lt;/tr&gt;
&lt;tr&gt;&lt;td&gt;Speed: 3.3 mph&lt;/td&gt;&lt;/tr&gt;
&lt;tr&gt;&lt;td&gt;Heading: 166.1&lt;/td&gt;&lt;/tr&gt;
&lt;tr&gt;&lt;td&gt;Time: 2021-02-19T20:14:09Z&lt;/td&gt;&lt;/tr&gt;
&lt;/table&gt;
</description>
        <LookAt>
          <longitude>-71.847492</longitude>
          <latitude>-13.406906</latitude>
          <tilt>66</tilt>
        </LookAt>
        <TimeStamp>
          <when>2021-02-19T20:14:09Z</when>
        </TimeStamp>
        <styleUrl>#track</styleUrl>
        <Point>
          <coordinates>-71.847492,-13.406906,3553.59</coordinates>
        </Point>
      </Placemark>
      <Placemark>
        <name>Apu Linli hike - Wikiloc-1172</name>
        <snippet></snippet>
        <description>
&lt;table&gt;
&lt;tr&gt;&lt;td&gt;Longitude: -71.847493&lt;/td&gt;&lt;/tr&gt;
&lt;tr&gt;&lt;td&gt;Latitude: -13.406958&lt;/td&gt;&lt;/tr&gt;
&lt;tr&gt;&lt;td&gt;Altitude: 11656.296 ft&lt;/td&gt;&lt;/tr&gt;
&lt;tr&gt;&lt;td&gt;Speed: 3.2 mph&lt;/td&gt;&lt;/tr&gt;
&lt;tr&gt;&lt;td&gt;Heading: 181.1&lt;/td&gt;&lt;/tr&gt;
&lt;tr&gt;&lt;td&gt;Time: 2021-02-19T20:14:13Z&lt;/td&gt;&lt;/tr&gt;
&lt;/table&gt;
</description>
        <LookAt>
          <longitude>-71.847493</longitude>
          <latitude>-13.406958</latitude>
          <tilt>66</tilt>
        </LookAt>
        <TimeStamp>
          <when>2021-02-19T20:14:13Z</when>
        </TimeStamp>
        <styleUrl>#track</styleUrl>
        <Point>
          <coordinates>-71.847493,-13.406958,3552.84</coordinates>
        </Point>
      </Placemark>
      <Placemark>
        <name>Apu Linli hike - Wikiloc-1173</name>
        <snippet></snippet>
        <description>
&lt;table&gt;
&lt;tr&gt;&lt;td&gt;Longitude: -71.847491&lt;/td&gt;&lt;/tr&gt;
&lt;tr&gt;&lt;td&gt;Latitude: -13.407014&lt;/td&gt;&lt;/tr&gt;
&lt;tr&gt;&lt;td&gt;Altitude: 11653.330 ft&lt;/td&gt;&lt;/tr&gt;
&lt;tr&gt;&lt;td&gt;Speed: 3.5 mph&lt;/td&gt;&lt;/tr&gt;
&lt;tr&gt;&lt;td&gt;Heading: 178.0&lt;/td&gt;&lt;/tr&gt;
&lt;tr&gt;&lt;td&gt;Time: 2021-02-19T20:14:17Z&lt;/td&gt;&lt;/tr&gt;
&lt;/table&gt;
</description>
        <LookAt>
          <longitude>-71.847491</longitude>
          <latitude>-13.407014</latitude>
          <tilt>66</tilt>
        </LookAt>
        <TimeStamp>
          <when>2021-02-19T20:14:17Z</when>
        </TimeStamp>
        <styleUrl>#track</styleUrl>
        <Point>
          <coordinates>-71.847491,-13.407014,3551.93</coordinates>
        </Point>
      </Placemark>
      <Placemark>
        <name>Apu Linli hike - Wikiloc-1174</name>
        <snippet></snippet>
        <description>
&lt;table&gt;
&lt;tr&gt;&lt;td&gt;Longitude: -71.847491&lt;/td&gt;&lt;/tr&gt;
&lt;tr&gt;&lt;td&gt;Latitude: -13.407070&lt;/td&gt;&lt;/tr&gt;
&lt;tr&gt;&lt;td&gt;Altitude: 11651.188 ft&lt;/td&gt;&lt;/tr&gt;
&lt;tr&gt;&lt;td&gt;Speed: 3.5 mph&lt;/td&gt;&lt;/tr&gt;
&lt;tr&gt;&lt;td&gt;Heading: 180.0&lt;/td&gt;&lt;/tr&gt;
&lt;tr&gt;&lt;td&gt;Time: 2021-02-19T20:14:21Z&lt;/td&gt;&lt;/tr&gt;
&lt;/table&gt;
</description>
        <LookAt>
          <longitude>-71.847491</longitude>
          <latitude>-13.40707</latitude>
          <tilt>66</tilt>
        </LookAt>
        <TimeStamp>
          <when>2021-02-19T20:14:21Z</when>
        </TimeStamp>
        <styleUrl>#track</styleUrl>
        <Point>
          <coordinates>-71.847491,-13.407070,3551.28</coordinates>
        </Point>
      </Placemark>
      <Placemark>
        <name>Apu Linli hike - Wikiloc-1175</name>
        <snippet></snippet>
        <description>
&lt;table&gt;
&lt;tr&gt;&lt;td&gt;Longitude: -71.847496&lt;/td&gt;&lt;/tr&gt;
&lt;tr&gt;&lt;td&gt;Latitude: -13.407125&lt;/td&gt;&lt;/tr&gt;
&lt;tr&gt;&lt;td&gt;Altitude: 11649.678 ft&lt;/td&gt;&lt;/tr&gt;
&lt;tr&gt;&lt;td&gt;Speed: 3.4 mph&lt;/td&gt;&lt;/tr&gt;
&lt;tr&gt;&lt;td&gt;Heading: 185.1&lt;/td&gt;&lt;/tr&gt;
&lt;tr&gt;&lt;td&gt;Time: 2021-02-19T20:14:25Z&lt;/td&gt;&lt;/tr&gt;
&lt;/table&gt;
</description>
        <LookAt>
          <longitude>-71.847496</longitude>
          <latitude>-13.407125</latitude>
          <tilt>66</tilt>
        </LookAt>
        <TimeStamp>
          <when>2021-02-19T20:14:25Z</when>
        </TimeStamp>
        <styleUrl>#track</styleUrl>
        <Point>
          <coordinates>-71.847496,-13.407125,3550.82</coordinates>
        </Point>
      </Placemark>
      <Placemark>
        <name>Apu Linli hike - Wikiloc-1176</name>
        <snippet></snippet>
        <description>
&lt;table&gt;
&lt;tr&gt;&lt;td&gt;Longitude: -71.847497&lt;/td&gt;&lt;/tr&gt;
&lt;tr&gt;&lt;td&gt;Latitude: -13.407181&lt;/td&gt;&lt;/tr&gt;
&lt;tr&gt;&lt;td&gt;Altitude: 11648.776 ft&lt;/td&gt;&lt;/tr&gt;
&lt;tr&gt;&lt;td&gt;Speed: 3.5 mph&lt;/td&gt;&lt;/tr&gt;
&lt;tr&gt;&lt;td&gt;Heading: 181.0&lt;/td&gt;&lt;/tr&gt;
&lt;tr&gt;&lt;td&gt;Time: 2021-02-19T20:14:29Z&lt;/td&gt;&lt;/tr&gt;
&lt;/table&gt;
</description>
        <LookAt>
          <longitude>-71.847497</longitude>
          <latitude>-13.407181</latitude>
          <tilt>66</tilt>
        </LookAt>
        <TimeStamp>
          <when>2021-02-19T20:14:29Z</when>
        </TimeStamp>
        <styleUrl>#track</styleUrl>
        <Point>
          <coordinates>-71.847497,-13.407181,3550.55</coordinates>
        </Point>
      </Placemark>
      <Placemark>
        <name>Apu Linli hike - Wikiloc-1177</name>
        <snippet></snippet>
        <description>
&lt;table&gt;
&lt;tr&gt;&lt;td&gt;Longitude: -71.847489&lt;/td&gt;&lt;/tr&gt;
&lt;tr&gt;&lt;td&gt;Latitude: -13.407234&lt;/td&gt;&lt;/tr&gt;
&lt;tr&gt;&lt;td&gt;Altitude: 11647.733 ft&lt;/td&gt;&lt;/tr&gt;
&lt;tr&gt;&lt;td&gt;Speed: 3.3 mph&lt;/td&gt;&lt;/tr&gt;
&lt;tr&gt;&lt;td&gt;Heading: 171.6&lt;/td&gt;&lt;/tr&gt;
&lt;tr&gt;&lt;td&gt;Time: 2021-02-19T20:14:33Z&lt;/td&gt;&lt;/tr&gt;
&lt;/table&gt;
</description>
        <LookAt>
          <longitude>-71.847489</longitude>
          <latitude>-13.407234</latitude>
          <tilt>66</tilt>
        </LookAt>
        <TimeStamp>
          <when>2021-02-19T20:14:33Z</when>
        </TimeStamp>
        <styleUrl>#track</styleUrl>
        <Point>
          <coordinates>-71.847489,-13.407234,3550.23</coordinates>
        </Point>
      </Placemark>
      <Placemark>
        <name>Apu Linli hike - Wikiloc-1178</name>
        <snippet></snippet>
        <description>
&lt;table&gt;
&lt;tr&gt;&lt;td&gt;Longitude: -71.847475&lt;/td&gt;&lt;/tr&gt;
&lt;tr&gt;&lt;td&gt;Latitude: -13.407288&lt;/td&gt;&lt;/tr&gt;
&lt;tr&gt;&lt;td&gt;Altitude: 11645.738 ft&lt;/td&gt;&lt;/tr&gt;
&lt;tr&gt;&lt;td&gt;Speed: 3.5 mph&lt;/td&gt;&lt;/tr&gt;
&lt;tr&gt;&lt;td&gt;Heading: 165.8&lt;/td&gt;&lt;/tr&gt;
&lt;tr&gt;&lt;td&gt;Time: 2021-02-19T20:14:37Z&lt;/td&gt;&lt;/tr&gt;
&lt;/table&gt;
</description>
        <LookAt>
          <longitude>-71.847475</longitude>
          <latitude>-13.407288</latitude>
          <tilt>66</tilt>
        </LookAt>
        <TimeStamp>
          <when>2021-02-19T20:14:37Z</when>
        </TimeStamp>
        <styleUrl>#track</styleUrl>
        <Point>
          <coordinates>-71.847475,-13.407288,3549.62</coordinates>
        </Point>
      </Placemark>
      <Placemark>
        <name>Apu Linli hike - Wikiloc-1179</name>
        <snippet></snippet>
        <description>
&lt;table&gt;
&lt;tr&gt;&lt;td&gt;Longitude: -71.847468&lt;/td&gt;&lt;/tr&gt;
&lt;tr&gt;&lt;td&gt;Latitude: -13.407348&lt;/td&gt;&lt;/tr&gt;
&lt;tr&gt;&lt;td&gt;Altitude: 11643.071 ft&lt;/td&gt;&lt;/tr&gt;
&lt;tr&gt;&lt;td&gt;Speed: 3.8 mph&lt;/td&gt;&lt;/tr&gt;
&lt;tr&gt;&lt;td&gt;Heading: 173.5&lt;/td&gt;&lt;/tr&gt;
&lt;tr&gt;&lt;td&gt;Time: 2021-02-19T20:14:41Z&lt;/td&gt;&lt;/tr&gt;
&lt;/table&gt;
</description>
        <LookAt>
          <longitude>-71.847468</longitude>
          <latitude>-13.407348</latitude>
          <tilt>66</tilt>
        </LookAt>
        <TimeStamp>
          <when>2021-02-19T20:14:41Z</when>
        </TimeStamp>
        <styleUrl>#track</styleUrl>
        <Point>
          <coordinates>-71.847468,-13.407348,3548.81</coordinates>
        </Point>
      </Placemark>
      <Placemark>
        <name>Apu Linli hike - Wikiloc-1180</name>
        <snippet></snippet>
        <description>
&lt;table&gt;
&lt;tr&gt;&lt;td&gt;Longitude: -71.847465&lt;/td&gt;&lt;/tr&gt;
&lt;tr&gt;&lt;td&gt;Latitude: -13.407407&lt;/td&gt;&lt;/tr&gt;
&lt;tr&gt;&lt;td&gt;Altitude: 11640.354 ft&lt;/td&gt;&lt;/tr&gt;
&lt;tr&gt;&lt;td&gt;Speed: 3.7 mph&lt;/td&gt;&lt;/tr&gt;
&lt;tr&gt;&lt;td&gt;Heading: 177.2&lt;/td&gt;&lt;/tr&gt;
&lt;tr&gt;&lt;td&gt;Time: 2021-02-19T20:14:45Z&lt;/td&gt;&lt;/tr&gt;
&lt;/table&gt;
</description>
        <LookAt>
          <longitude>-71.847465</longitude>
          <latitude>-13.407407</latitude>
          <tilt>66</tilt>
        </LookAt>
        <TimeStamp>
          <when>2021-02-19T20:14:45Z</when>
        </TimeStamp>
        <styleUrl>#track</styleUrl>
        <Point>
          <coordinates>-71.847465,-13.407407,3547.98</coordinates>
        </Point>
      </Placemark>
      <Placemark>
        <name>Apu Linli hike - Wikiloc-1181</name>
        <snippet></snippet>
        <description>
&lt;table&gt;
&lt;tr&gt;&lt;td&gt;Longitude: -71.847467&lt;/td&gt;&lt;/tr&gt;
&lt;tr&gt;&lt;td&gt;Latitude: -13.407467&lt;/td&gt;&lt;/tr&gt;
&lt;tr&gt;&lt;td&gt;Altitude: 11636.713 ft&lt;/td&gt;&lt;/tr&gt;
&lt;tr&gt;&lt;td&gt;Speed: 3.7 mph&lt;/td&gt;&lt;/tr&gt;
&lt;tr&gt;&lt;td&gt;Heading: 181.9&lt;/td&gt;&lt;/tr&gt;
&lt;tr&gt;&lt;td&gt;Time: 2021-02-19T20:14:49Z&lt;/td&gt;&lt;/tr&gt;
&lt;/table&gt;
</description>
        <LookAt>
          <longitude>-71.847467</longitude>
          <latitude>-13.407467</latitude>
          <tilt>66</tilt>
        </LookAt>
        <TimeStamp>
          <when>2021-02-19T20:14:49Z</when>
        </TimeStamp>
        <styleUrl>#track</styleUrl>
        <Point>
          <coordinates>-71.847467,-13.407467,3546.87</coordinates>
        </Point>
      </Placemark>
      <Placemark>
        <name>Apu Linli hike - Wikiloc-1182</name>
        <snippet></snippet>
        <description>
&lt;table&gt;
&lt;tr&gt;&lt;td&gt;Longitude: -71.847466&lt;/td&gt;&lt;/tr&gt;
&lt;tr&gt;&lt;td&gt;Latitude: -13.407524&lt;/td&gt;&lt;/tr&gt;
&lt;tr&gt;&lt;td&gt;Altitude: 11632.923 ft&lt;/td&gt;&lt;/tr&gt;
&lt;tr&gt;&lt;td&gt;Speed: 3.5 mph&lt;/td&gt;&lt;/tr&gt;
&lt;tr&gt;&lt;td&gt;Heading: 179.0&lt;/td&gt;&lt;/tr&gt;
&lt;tr&gt;&lt;td&gt;Time: 2021-02-19T20:14:53Z&lt;/td&gt;&lt;/tr&gt;
&lt;/table&gt;
</description>
        <LookAt>
          <longitude>-71.847466</longitude>
          <latitude>-13.407524</latitude>
          <tilt>66</tilt>
        </LookAt>
        <TimeStamp>
          <when>2021-02-19T20:14:53Z</when>
        </TimeStamp>
        <styleUrl>#track</styleUrl>
        <Point>
          <coordinates>-71.847466,-13.407524,3545.72</coordinates>
        </Point>
      </Placemark>
      <Placemark>
        <name>Apu Linli hike - Wikiloc-1183</name>
        <snippet></snippet>
        <description>
&lt;table&gt;
&lt;tr&gt;&lt;td&gt;Longitude: -71.847468&lt;/td&gt;&lt;/tr&gt;
&lt;tr&gt;&lt;td&gt;Latitude: -13.407576&lt;/td&gt;&lt;/tr&gt;
&lt;tr&gt;&lt;td&gt;Altitude: 11629.380 ft&lt;/td&gt;&lt;/tr&gt;
&lt;tr&gt;&lt;td&gt;Speed: 3.2 mph&lt;/td&gt;&lt;/tr&gt;
&lt;tr&gt;&lt;td&gt;Heading: 182.1&lt;/td&gt;&lt;/tr&gt;
&lt;tr&gt;&lt;td&gt;Time: 2021-02-19T20:14:57Z&lt;/td&gt;&lt;/tr&gt;
&lt;/table&gt;
</description>
        <LookAt>
          <longitude>-71.847468</longitude>
          <latitude>-13.407576</latitude>
          <tilt>66</tilt>
        </LookAt>
        <TimeStamp>
          <when>2021-02-19T20:14:57Z</when>
        </TimeStamp>
        <styleUrl>#track</styleUrl>
        <Point>
          <coordinates>-71.847468,-13.407576,3544.64</coordinates>
        </Point>
      </Placemark>
      <Placemark>
        <name>Apu Linli hike - Wikiloc-1184</name>
        <snippet></snippet>
        <description>
&lt;table&gt;
&lt;tr&gt;&lt;td&gt;Longitude: -71.847472&lt;/td&gt;&lt;/tr&gt;
&lt;tr&gt;&lt;td&gt;Latitude: -13.407624&lt;/td&gt;&lt;/tr&gt;
&lt;tr&gt;&lt;td&gt;Altitude: 11625.554 ft&lt;/td&gt;&lt;/tr&gt;
&lt;tr&gt;&lt;td&gt;Speed: 3.0 mph&lt;/td&gt;&lt;/tr&gt;
&lt;tr&gt;&lt;td&gt;Heading: 184.6&lt;/td&gt;&lt;/tr&gt;
&lt;tr&gt;&lt;td&gt;Time: 2021-02-19T20:15:01Z&lt;/td&gt;&lt;/tr&gt;
&lt;/table&gt;
</description>
        <LookAt>
          <longitude>-71.847472</longitude>
          <latitude>-13.407624</latitude>
          <tilt>66</tilt>
        </LookAt>
        <TimeStamp>
          <when>2021-02-19T20:15:01Z</when>
        </TimeStamp>
        <styleUrl>#track</styleUrl>
        <Point>
          <coordinates>-71.847472,-13.407624,3543.47</coordinates>
        </Point>
      </Placemark>
      <Placemark>
        <name>Apu Linli hike - Wikiloc-1185</name>
        <snippet></snippet>
        <description>
&lt;table&gt;
&lt;tr&gt;&lt;td&gt;Longitude: -71.847476&lt;/td&gt;&lt;/tr&gt;
&lt;tr&gt;&lt;td&gt;Latitude: -13.407682&lt;/td&gt;&lt;/tr&gt;
&lt;tr&gt;&lt;td&gt;Altitude: 11622.687 ft&lt;/td&gt;&lt;/tr&gt;
&lt;tr&gt;&lt;td&gt;Speed: 3.6 mph&lt;/td&gt;&lt;/tr&gt;
&lt;tr&gt;&lt;td&gt;Heading: 183.8&lt;/td&gt;&lt;/tr&gt;
&lt;tr&gt;&lt;td&gt;Time: 2021-02-19T20:15:05Z&lt;/td&gt;&lt;/tr&gt;
&lt;/table&gt;
</description>
        <LookAt>
          <longitude>-71.847476</longitude>
          <latitude>-13.407682</latitude>
          <tilt>66</tilt>
        </LookAt>
        <TimeStamp>
          <when>2021-02-19T20:15:05Z</when>
        </TimeStamp>
        <styleUrl>#track</styleUrl>
        <Point>
          <coordinates>-71.847476,-13.407682,3542.59</coordinates>
        </Point>
      </Placemark>
      <Placemark>
        <name>Apu Linli hike - Wikiloc-1186</name>
        <snippet></snippet>
        <description>
&lt;table&gt;
&lt;tr&gt;&lt;td&gt;Longitude: -71.847472&lt;/td&gt;&lt;/tr&gt;
&lt;tr&gt;&lt;td&gt;Latitude: -13.407741&lt;/td&gt;&lt;/tr&gt;
&lt;tr&gt;&lt;td&gt;Altitude: 11619.035 ft&lt;/td&gt;&lt;/tr&gt;
&lt;tr&gt;&lt;td&gt;Speed: 3.7 mph&lt;/td&gt;&lt;/tr&gt;
&lt;tr&gt;&lt;td&gt;Heading: 176.2&lt;/td&gt;&lt;/tr&gt;
&lt;tr&gt;&lt;td&gt;Time: 2021-02-19T20:15:09Z&lt;/td&gt;&lt;/tr&gt;
&lt;/table&gt;
</description>
        <LookAt>
          <longitude>-71.847472</longitude>
          <latitude>-13.407741</latitude>
          <tilt>66</tilt>
        </LookAt>
        <TimeStamp>
          <when>2021-02-19T20:15:09Z</when>
        </TimeStamp>
        <styleUrl>#track</styleUrl>
        <Point>
          <coordinates>-71.847472,-13.407741,3541.48</coordinates>
        </Point>
      </Placemark>
      <Placemark>
        <name>Apu Linli hike - Wikiloc-1187</name>
        <snippet></snippet>
        <description>
&lt;table&gt;
&lt;tr&gt;&lt;td&gt;Longitude: -71.847470&lt;/td&gt;&lt;/tr&gt;
&lt;tr&gt;&lt;td&gt;Latitude: -13.407795&lt;/td&gt;&lt;/tr&gt;
&lt;tr&gt;&lt;td&gt;Altitude: 11615.951 ft&lt;/td&gt;&lt;/tr&gt;
&lt;tr&gt;&lt;td&gt;Speed: 3.4 mph&lt;/td&gt;&lt;/tr&gt;
&lt;tr&gt;&lt;td&gt;Heading: 177.9&lt;/td&gt;&lt;/tr&gt;
&lt;tr&gt;&lt;td&gt;Time: 2021-02-19T20:15:13Z&lt;/td&gt;&lt;/tr&gt;
&lt;/table&gt;
</description>
        <LookAt>
          <longitude>-71.84747</longitude>
          <latitude>-13.407795</latitude>
          <tilt>66</tilt>
        </LookAt>
        <TimeStamp>
          <when>2021-02-19T20:15:13Z</when>
        </TimeStamp>
        <styleUrl>#track</styleUrl>
        <Point>
          <coordinates>-71.847470,-13.407795,3540.54</coordinates>
        </Point>
      </Placemark>
      <Placemark>
        <name>Apu Linli hike - Wikiloc-1188</name>
        <snippet></snippet>
        <description>
&lt;table&gt;
&lt;tr&gt;&lt;td&gt;Longitude: -71.847453&lt;/td&gt;&lt;/tr&gt;
&lt;tr&gt;&lt;td&gt;Latitude: -13.407848&lt;/td&gt;&lt;/tr&gt;
&lt;tr&gt;&lt;td&gt;Altitude: 11613.130 ft&lt;/td&gt;&lt;/tr&gt;
&lt;tr&gt;&lt;td&gt;Speed: 3.5 mph&lt;/td&gt;&lt;/tr&gt;
&lt;tr&gt;&lt;td&gt;Heading: 162.7&lt;/td&gt;&lt;/tr&gt;
&lt;tr&gt;&lt;td&gt;Time: 2021-02-19T20:15:17Z&lt;/td&gt;&lt;/tr&gt;
&lt;/table&gt;
</description>
        <LookAt>
          <longitude>-71.847453</longitude>
          <latitude>-13.407848</latitude>
          <tilt>66</tilt>
        </LookAt>
        <TimeStamp>
          <when>2021-02-19T20:15:17Z</when>
        </TimeStamp>
        <styleUrl>#track</styleUrl>
        <Point>
          <coordinates>-71.847453,-13.407848,3539.68</coordinates>
        </Point>
      </Placemark>
      <Placemark>
        <name>Apu Linli hike - Wikiloc-1189</name>
        <snippet></snippet>
        <description>
&lt;table&gt;
&lt;tr&gt;&lt;td&gt;Longitude: -71.847438&lt;/td&gt;&lt;/tr&gt;
&lt;tr&gt;&lt;td&gt;Latitude: -13.407906&lt;/td&gt;&lt;/tr&gt;
&lt;tr&gt;&lt;td&gt;Altitude: 11610.377 ft&lt;/td&gt;&lt;/tr&gt;
&lt;tr&gt;&lt;td&gt;Speed: 3.7 mph&lt;/td&gt;&lt;/tr&gt;
&lt;tr&gt;&lt;td&gt;Heading: 165.9&lt;/td&gt;&lt;/tr&gt;
&lt;tr&gt;&lt;td&gt;Time: 2021-02-19T20:15:21Z&lt;/td&gt;&lt;/tr&gt;
&lt;/table&gt;
</description>
        <LookAt>
          <longitude>-71.847438</longitude>
          <latitude>-13.407906</latitude>
          <tilt>66</tilt>
        </LookAt>
        <TimeStamp>
          <when>2021-02-19T20:15:21Z</when>
        </TimeStamp>
        <styleUrl>#track</styleUrl>
        <Point>
          <coordinates>-71.847438,-13.407906,3538.84</coordinates>
        </Point>
      </Placemark>
      <Placemark>
        <name>Apu Linli hike - Wikiloc-1190</name>
        <snippet></snippet>
        <description>
&lt;table&gt;
&lt;tr&gt;&lt;td&gt;Longitude: -71.847432&lt;/td&gt;&lt;/tr&gt;
&lt;tr&gt;&lt;td&gt;Latitude: -13.407956&lt;/td&gt;&lt;/tr&gt;
&lt;tr&gt;&lt;td&gt;Altitude: 11607.667 ft&lt;/td&gt;&lt;/tr&gt;
&lt;tr&gt;&lt;td&gt;Speed: 3.1 mph&lt;/td&gt;&lt;/tr&gt;
&lt;tr&gt;&lt;td&gt;Heading: 173.3&lt;/td&gt;&lt;/tr&gt;
&lt;tr&gt;&lt;td&gt;Time: 2021-02-19T20:15:25Z&lt;/td&gt;&lt;/tr&gt;
&lt;/table&gt;
</description>
        <LookAt>
          <longitude>-71.847432</longitude>
          <latitude>-13.407956</latitude>
          <tilt>66</tilt>
        </LookAt>
        <TimeStamp>
          <when>2021-02-19T20:15:25Z</when>
        </TimeStamp>
        <styleUrl>#track</styleUrl>
        <Point>
          <coordinates>-71.847432,-13.407956,3538.02</coordinates>
        </Point>
      </Placemark>
      <Placemark>
        <name>Apu Linli hike - Wikiloc-1191</name>
        <snippet></snippet>
        <description>
&lt;table&gt;
&lt;tr&gt;&lt;td&gt;Longitude: -71.847425&lt;/td&gt;&lt;/tr&gt;
&lt;tr&gt;&lt;td&gt;Latitude: -13.408011&lt;/td&gt;&lt;/tr&gt;
&lt;tr&gt;&lt;td&gt;Altitude: 11605.013 ft&lt;/td&gt;&lt;/tr&gt;
&lt;tr&gt;&lt;td&gt;Speed: 3.5 mph&lt;/td&gt;&lt;/tr&gt;
&lt;tr&gt;&lt;td&gt;Heading: 172.9&lt;/td&gt;&lt;/tr&gt;
&lt;tr&gt;&lt;td&gt;Time: 2021-02-19T20:15:29Z&lt;/td&gt;&lt;/tr&gt;
&lt;/table&gt;
</description>
        <LookAt>
          <longitude>-71.847425</longitude>
          <latitude>-13.408011</latitude>
          <tilt>66</tilt>
        </LookAt>
        <TimeStamp>
          <when>2021-02-19T20:15:29Z</when>
        </TimeStamp>
        <styleUrl>#track</styleUrl>
        <Point>
          <coordinates>-71.847425,-13.408011,3537.21</coordinates>
        </Point>
      </Placemark>
      <Placemark>
        <name>Apu Linli hike - Wikiloc-1192</name>
        <snippet></snippet>
        <description>
&lt;table&gt;
&lt;tr&gt;&lt;td&gt;Longitude: -71.847413&lt;/td&gt;&lt;/tr&gt;
&lt;tr&gt;&lt;td&gt;Latitude: -13.408081&lt;/td&gt;&lt;/tr&gt;
&lt;tr&gt;&lt;td&gt;Altitude: 11600.932 ft&lt;/td&gt;&lt;/tr&gt;
&lt;tr&gt;&lt;td&gt;Speed: 2.9 mph&lt;/td&gt;&lt;/tr&gt;
&lt;tr&gt;&lt;td&gt;Heading: 170.5&lt;/td&gt;&lt;/tr&gt;
&lt;tr&gt;&lt;td&gt;Time: 2021-02-19T20:15:35Z&lt;/td&gt;&lt;/tr&gt;
&lt;/table&gt;
</description>
        <LookAt>
          <longitude>-71.847413</longitude>
          <latitude>-13.408081</latitude>
          <tilt>66</tilt>
        </LookAt>
        <TimeStamp>
          <when>2021-02-19T20:15:35Z</when>
        </TimeStamp>
        <styleUrl>#track</styleUrl>
        <Point>
          <coordinates>-71.847413,-13.408081,3535.96</coordinates>
        </Point>
      </Placemark>
      <Placemark>
        <name>Apu Linli hike - Wikiloc-1193</name>
        <snippet></snippet>
        <description>
&lt;table&gt;
&lt;tr&gt;&lt;td&gt;Longitude: -71.847407&lt;/td&gt;&lt;/tr&gt;
&lt;tr&gt;&lt;td&gt;Latitude: -13.408132&lt;/td&gt;&lt;/tr&gt;
&lt;tr&gt;&lt;td&gt;Altitude: 11597.421 ft&lt;/td&gt;&lt;/tr&gt;
&lt;tr&gt;&lt;td&gt;Speed: 3.2 mph&lt;/td&gt;&lt;/tr&gt;
&lt;tr&gt;&lt;td&gt;Heading: 173.5&lt;/td&gt;&lt;/tr&gt;
&lt;tr&gt;&lt;td&gt;Time: 2021-02-19T20:15:39Z&lt;/td&gt;&lt;/tr&gt;
&lt;/table&gt;
</description>
        <LookAt>
          <longitude>-71.847407</longitude>
          <latitude>-13.408132</latitude>
          <tilt>66</tilt>
        </LookAt>
        <TimeStamp>
          <when>2021-02-19T20:15:39Z</when>
        </TimeStamp>
        <styleUrl>#track</styleUrl>
        <Point>
          <coordinates>-71.847407,-13.408132,3534.89</coordinates>
        </Point>
      </Placemark>
      <Placemark>
        <name>Apu Linli hike - Wikiloc-1194</name>
        <snippet></snippet>
        <description>
&lt;table&gt;
&lt;tr&gt;&lt;td&gt;Longitude: -71.847399&lt;/td&gt;&lt;/tr&gt;
&lt;tr&gt;&lt;td&gt;Latitude: -13.408184&lt;/td&gt;&lt;/tr&gt;
&lt;tr&gt;&lt;td&gt;Altitude: 11592.287 ft&lt;/td&gt;&lt;/tr&gt;
&lt;tr&gt;&lt;td&gt;Speed: 3.3 mph&lt;/td&gt;&lt;/tr&gt;
&lt;tr&gt;&lt;td&gt;Heading: 171.5&lt;/td&gt;&lt;/tr&gt;
&lt;tr&gt;&lt;td&gt;Time: 2021-02-19T20:15:43Z&lt;/td&gt;&lt;/tr&gt;
&lt;/table&gt;
</description>
        <LookAt>
          <longitude>-71.847399</longitude>
          <latitude>-13.408184</latitude>
          <tilt>66</tilt>
        </LookAt>
        <TimeStamp>
          <when>2021-02-19T20:15:43Z</when>
        </TimeStamp>
        <styleUrl>#track</styleUrl>
        <Point>
          <coordinates>-71.847399,-13.408184,3533.33</coordinates>
        </Point>
      </Placemark>
      <Placemark>
        <name>Apu Linli hike - Wikiloc-1195</name>
        <snippet></snippet>
        <description>
&lt;table&gt;
&lt;tr&gt;&lt;td&gt;Longitude: -71.847410&lt;/td&gt;&lt;/tr&gt;
&lt;tr&gt;&lt;td&gt;Latitude: -13.408233&lt;/td&gt;&lt;/tr&gt;
&lt;tr&gt;&lt;td&gt;Altitude: 11586.906 ft&lt;/td&gt;&lt;/tr&gt;
&lt;tr&gt;&lt;td&gt;Speed: 2.1 mph&lt;/td&gt;&lt;/tr&gt;
&lt;tr&gt;&lt;td&gt;Heading: 192.3&lt;/td&gt;&lt;/tr&gt;
&lt;tr&gt;&lt;td&gt;Time: 2021-02-19T20:15:49Z&lt;/td&gt;&lt;/tr&gt;
&lt;/table&gt;
</description>
        <LookAt>
          <longitude>-71.84741</longitude>
          <latitude>-13.408233</latitude>
          <tilt>66</tilt>
        </LookAt>
        <TimeStamp>
          <when>2021-02-19T20:15:49Z</when>
        </TimeStamp>
        <styleUrl>#track</styleUrl>
        <Point>
          <coordinates>-71.847410,-13.408233,3531.69</coordinates>
        </Point>
      </Placemark>
      <Placemark>
        <name>Apu Linli hike - Wikiloc-1196</name>
        <snippet></snippet>
        <description>
&lt;table&gt;
&lt;tr&gt;&lt;td&gt;Longitude: -71.847448&lt;/td&gt;&lt;/tr&gt;
&lt;tr&gt;&lt;td&gt;Latitude: -13.408265&lt;/td&gt;&lt;/tr&gt;
&lt;tr&gt;&lt;td&gt;Altitude: 11580.948 ft&lt;/td&gt;&lt;/tr&gt;
&lt;tr&gt;&lt;td&gt;Speed: 3.0 mph&lt;/td&gt;&lt;/tr&gt;
&lt;tr&gt;&lt;td&gt;Heading: 229.1&lt;/td&gt;&lt;/tr&gt;
&lt;tr&gt;&lt;td&gt;Time: 2021-02-19T20:15:53Z&lt;/td&gt;&lt;/tr&gt;
&lt;/table&gt;
</description>
        <LookAt>
          <longitude>-71.847448</longitude>
          <latitude>-13.408265</latitude>
          <tilt>66</tilt>
        </LookAt>
        <TimeStamp>
          <when>2021-02-19T20:15:53Z</when>
        </TimeStamp>
        <styleUrl>#track</styleUrl>
        <Point>
          <coordinates>-71.847448,-13.408265,3529.87</coordinates>
        </Point>
      </Placemark>
      <Placemark>
        <name>Apu Linli hike - Wikiloc-1197</name>
        <snippet></snippet>
        <description>
&lt;table&gt;
&lt;tr&gt;&lt;td&gt;Longitude: -71.847462&lt;/td&gt;&lt;/tr&gt;
&lt;tr&gt;&lt;td&gt;Latitude: -13.408325&lt;/td&gt;&lt;/tr&gt;
&lt;tr&gt;&lt;td&gt;Altitude: 11574.373 ft&lt;/td&gt;&lt;/tr&gt;
&lt;tr&gt;&lt;td&gt;Speed: 2.6 mph&lt;/td&gt;&lt;/tr&gt;
&lt;tr&gt;&lt;td&gt;Heading: 192.8&lt;/td&gt;&lt;/tr&gt;
&lt;tr&gt;&lt;td&gt;Time: 2021-02-19T20:15:59Z&lt;/td&gt;&lt;/tr&gt;
&lt;/table&gt;
</description>
        <LookAt>
          <longitude>-71.847462</longitude>
          <latitude>-13.408325</latitude>
          <tilt>66</tilt>
        </LookAt>
        <TimeStamp>
          <when>2021-02-19T20:15:59Z</when>
        </TimeStamp>
        <styleUrl>#track</styleUrl>
        <Point>
          <coordinates>-71.847462,-13.408325,3527.87</coordinates>
        </Point>
      </Placemark>
      <Placemark>
        <name>Apu Linli hike - Wikiloc-1198</name>
        <snippet></snippet>
        <description>
&lt;table&gt;
&lt;tr&gt;&lt;td&gt;Longitude: -71.847459&lt;/td&gt;&lt;/tr&gt;
&lt;tr&gt;&lt;td&gt;Latitude: -13.408389&lt;/td&gt;&lt;/tr&gt;
&lt;tr&gt;&lt;td&gt;Altitude: 11567.900 ft&lt;/td&gt;&lt;/tr&gt;
&lt;tr&gt;&lt;td&gt;Speed: 2.7 mph&lt;/td&gt;&lt;/tr&gt;
&lt;tr&gt;&lt;td&gt;Heading: 177.4&lt;/td&gt;&lt;/tr&gt;
&lt;tr&gt;&lt;td&gt;Time: 2021-02-19T20:16:05Z&lt;/td&gt;&lt;/tr&gt;
&lt;/table&gt;
</description>
        <LookAt>
          <longitude>-71.847459</longitude>
          <latitude>-13.408389</latitude>
          <tilt>66</tilt>
        </LookAt>
        <TimeStamp>
          <when>2021-02-19T20:16:05Z</when>
        </TimeStamp>
        <styleUrl>#track</styleUrl>
        <Point>
          <coordinates>-71.847459,-13.408389,3525.90</coordinates>
        </Point>
      </Placemark>
      <Placemark>
        <name>Apu Linli hike - Wikiloc-1199</name>
        <snippet></snippet>
        <description>
&lt;table&gt;
&lt;tr&gt;&lt;td&gt;Longitude: -71.847418&lt;/td&gt;&lt;/tr&gt;
&lt;tr&gt;&lt;td&gt;Latitude: -13.408441&lt;/td&gt;&lt;/tr&gt;
&lt;tr&gt;&lt;td&gt;Altitude: 11562.224 ft&lt;/td&gt;&lt;/tr&gt;
&lt;tr&gt;&lt;td&gt;Speed: 2.7 mph&lt;/td&gt;&lt;/tr&gt;
&lt;tr&gt;&lt;td&gt;Heading: 142.5&lt;/td&gt;&lt;/tr&gt;
&lt;tr&gt;&lt;td&gt;Time: 2021-02-19T20:16:11Z&lt;/td&gt;&lt;/tr&gt;
&lt;/table&gt;
</description>
        <LookAt>
          <longitude>-71.847418</longitude>
          <latitude>-13.408441</latitude>
          <tilt>66</tilt>
        </LookAt>
        <TimeStamp>
          <when>2021-02-19T20:16:11Z</when>
        </TimeStamp>
        <styleUrl>#track</styleUrl>
        <Point>
          <coordinates>-71.847418,-13.408441,3524.17</coordinates>
        </Point>
      </Placemark>
      <Placemark>
        <name>Apu Linli hike - Wikiloc-1200</name>
        <snippet></snippet>
        <description>
&lt;table&gt;
&lt;tr&gt;&lt;td&gt;Longitude: -71.847383&lt;/td&gt;&lt;/tr&gt;
&lt;tr&gt;&lt;td&gt;Latitude: -13.408495&lt;/td&gt;&lt;/tr&gt;
&lt;tr&gt;&lt;td&gt;Altitude: 11557.320 ft&lt;/td&gt;&lt;/tr&gt;
&lt;tr&gt;&lt;td&gt;Speed: 2.6 mph&lt;/td&gt;&lt;/tr&gt;
&lt;tr&gt;&lt;td&gt;Heading: 147.8&lt;/td&gt;&lt;/tr&gt;
&lt;tr&gt;&lt;td&gt;Time: 2021-02-19T20:16:17Z&lt;/td&gt;&lt;/tr&gt;
&lt;/table&gt;
</description>
        <LookAt>
          <longitude>-71.847383</longitude>
          <latitude>-13.408495</latitude>
          <tilt>66</tilt>
        </LookAt>
        <TimeStamp>
          <when>2021-02-19T20:16:17Z</when>
        </TimeStamp>
        <styleUrl>#track</styleUrl>
        <Point>
          <coordinates>-71.847383,-13.408495,3522.67</coordinates>
        </Point>
      </Placemark>
      <Placemark>
        <name>Apu Linli hike - Wikiloc-1201</name>
        <snippet></snippet>
        <description>
&lt;table&gt;
&lt;tr&gt;&lt;td&gt;Longitude: -71.847381&lt;/td&gt;&lt;/tr&gt;
&lt;tr&gt;&lt;td&gt;Latitude: -13.408554&lt;/td&gt;&lt;/tr&gt;
&lt;tr&gt;&lt;td&gt;Altitude: 11550.988 ft&lt;/td&gt;&lt;/tr&gt;
&lt;tr&gt;&lt;td&gt;Speed: 2.4 mph&lt;/td&gt;&lt;/tr&gt;
&lt;tr&gt;&lt;td&gt;Heading: 178.1&lt;/td&gt;&lt;/tr&gt;
&lt;tr&gt;&lt;td&gt;Time: 2021-02-19T20:16:23Z&lt;/td&gt;&lt;/tr&gt;
&lt;/table&gt;
</description>
        <LookAt>
          <longitude>-71.847381</longitude>
          <latitude>-13.408554</latitude>
          <tilt>66</tilt>
        </LookAt>
        <TimeStamp>
          <when>2021-02-19T20:16:23Z</when>
        </TimeStamp>
        <styleUrl>#track</styleUrl>
        <Point>
          <coordinates>-71.847381,-13.408554,3520.74</coordinates>
        </Point>
      </Placemark>
      <Placemark>
        <name>Apu Linli hike - Wikiloc-1202</name>
        <snippet></snippet>
        <description>
&lt;table&gt;
&lt;tr&gt;&lt;td&gt;Longitude: -71.847365&lt;/td&gt;&lt;/tr&gt;
&lt;tr&gt;&lt;td&gt;Latitude: -13.408618&lt;/td&gt;&lt;/tr&gt;
&lt;tr&gt;&lt;td&gt;Altitude: 11543.356 ft&lt;/td&gt;&lt;/tr&gt;
&lt;tr&gt;&lt;td&gt;Speed: 2.7 mph&lt;/td&gt;&lt;/tr&gt;
&lt;tr&gt;&lt;td&gt;Heading: 166.3&lt;/td&gt;&lt;/tr&gt;
&lt;tr&gt;&lt;td&gt;Time: 2021-02-19T20:16:29Z&lt;/td&gt;&lt;/tr&gt;
&lt;/table&gt;
</description>
        <LookAt>
          <longitude>-71.847365</longitude>
          <latitude>-13.408618</latitude>
          <tilt>66</tilt>
        </LookAt>
        <TimeStamp>
          <when>2021-02-19T20:16:29Z</when>
        </TimeStamp>
        <styleUrl>#track</styleUrl>
        <Point>
          <coordinates>-71.847365,-13.408618,3518.41</coordinates>
        </Point>
      </Placemark>
      <Placemark>
        <name>Apu Linli hike - Wikiloc-1203</name>
        <snippet></snippet>
        <description>
&lt;table&gt;
&lt;tr&gt;&lt;td&gt;Longitude: -71.847386&lt;/td&gt;&lt;/tr&gt;
&lt;tr&gt;&lt;td&gt;Latitude: -13.408671&lt;/td&gt;&lt;/tr&gt;
&lt;tr&gt;&lt;td&gt;Altitude: 11538.084 ft&lt;/td&gt;&lt;/tr&gt;
&lt;tr&gt;&lt;td&gt;Speed: 3.5 mph&lt;/td&gt;&lt;/tr&gt;
&lt;tr&gt;&lt;td&gt;Heading: 201.1&lt;/td&gt;&lt;/tr&gt;
&lt;tr&gt;&lt;td&gt;Time: 2021-02-19T20:16:33Z&lt;/td&gt;&lt;/tr&gt;
&lt;/table&gt;
</description>
        <LookAt>
          <longitude>-71.847386</longitude>
          <latitude>-13.408671</latitude>
          <tilt>66</tilt>
        </LookAt>
        <TimeStamp>
          <when>2021-02-19T20:16:33Z</when>
        </TimeStamp>
        <styleUrl>#track</styleUrl>
        <Point>
          <coordinates>-71.847386,-13.408671,3516.81</coordinates>
        </Point>
      </Placemark>
      <Placemark>
        <name>Apu Linli hike - Wikiloc-1204</name>
        <snippet></snippet>
        <description>
&lt;table&gt;
&lt;tr&gt;&lt;td&gt;Longitude: -71.847410&lt;/td&gt;&lt;/tr&gt;
&lt;tr&gt;&lt;td&gt;Latitude: -13.408710&lt;/td&gt;&lt;/tr&gt;
&lt;tr&gt;&lt;td&gt;Altitude: 11532.359 ft&lt;/td&gt;&lt;/tr&gt;
&lt;tr&gt;&lt;td&gt;Speed: 2.8 mph&lt;/td&gt;&lt;/tr&gt;
&lt;tr&gt;&lt;td&gt;Heading: 210.9&lt;/td&gt;&lt;/tr&gt;
&lt;tr&gt;&lt;td&gt;Time: 2021-02-19T20:16:37Z&lt;/td&gt;&lt;/tr&gt;
&lt;/table&gt;
</description>
        <LookAt>
          <longitude>-71.84741</longitude>
          <latitude>-13.40871</latitude>
          <tilt>66</tilt>
        </LookAt>
        <TimeStamp>
          <when>2021-02-19T20:16:37Z</when>
        </TimeStamp>
        <styleUrl>#track</styleUrl>
        <Point>
          <coordinates>-71.847410,-13.408710,3515.06</coordinates>
        </Point>
      </Placemark>
      <Placemark>
        <name>Apu Linli hike - Wikiloc-1205</name>
        <snippet></snippet>
        <description>
&lt;table&gt;
&lt;tr&gt;&lt;td&gt;Longitude: -71.847428&lt;/td&gt;&lt;/tr&gt;
&lt;tr&gt;&lt;td&gt;Latitude: -13.408766&lt;/td&gt;&lt;/tr&gt;
&lt;tr&gt;&lt;td&gt;Altitude: 11524.977 ft&lt;/td&gt;&lt;/tr&gt;
&lt;tr&gt;&lt;td&gt;Speed: 2.4 mph&lt;/td&gt;&lt;/tr&gt;
&lt;tr&gt;&lt;td&gt;Heading: 197.4&lt;/td&gt;&lt;/tr&gt;
&lt;tr&gt;&lt;td&gt;Time: 2021-02-19T20:16:43Z&lt;/td&gt;&lt;/tr&gt;
&lt;/table&gt;
</description>
        <LookAt>
          <longitude>-71.847428</longitude>
          <latitude>-13.408766</latitude>
          <tilt>66</tilt>
        </LookAt>
        <TimeStamp>
          <when>2021-02-19T20:16:43Z</when>
        </TimeStamp>
        <styleUrl>#track</styleUrl>
        <Point>
          <coordinates>-71.847428,-13.408766,3512.81</coordinates>
        </Point>
      </Placemark>
      <Placemark>
        <name>Apu Linli hike - Wikiloc-1206</name>
        <snippet></snippet>
        <description>
&lt;table&gt;
&lt;tr&gt;&lt;td&gt;Longitude: -71.847415&lt;/td&gt;&lt;/tr&gt;
&lt;tr&gt;&lt;td&gt;Latitude: -13.408813&lt;/td&gt;&lt;/tr&gt;
&lt;tr&gt;&lt;td&gt;Altitude: 11517.874 ft&lt;/td&gt;&lt;/tr&gt;
&lt;tr&gt;&lt;td&gt;Speed: 3.0 mph&lt;/td&gt;&lt;/tr&gt;
&lt;tr&gt;&lt;td&gt;Heading: 164.9&lt;/td&gt;&lt;/tr&gt;
&lt;tr&gt;&lt;td&gt;Time: 2021-02-19T20:16:47Z&lt;/td&gt;&lt;/tr&gt;
&lt;/table&gt;
</description>
        <LookAt>
          <longitude>-71.847415</longitude>
          <latitude>-13.408813</latitude>
          <tilt>66</tilt>
        </LookAt>
        <TimeStamp>
          <when>2021-02-19T20:16:47Z</when>
        </TimeStamp>
        <styleUrl>#track</styleUrl>
        <Point>
          <coordinates>-71.847415,-13.408813,3510.65</coordinates>
        </Point>
      </Placemark>
      <Placemark>
        <name>Apu Linli hike - Wikiloc-1207</name>
        <snippet></snippet>
        <description>
&lt;table&gt;
&lt;tr&gt;&lt;td&gt;Longitude: -71.847390&lt;/td&gt;&lt;/tr&gt;
&lt;tr&gt;&lt;td&gt;Latitude: -13.408865&lt;/td&gt;&lt;/tr&gt;
&lt;tr&gt;&lt;td&gt;Altitude: 11512.461 ft&lt;/td&gt;&lt;/tr&gt;
&lt;tr&gt;&lt;td&gt;Speed: 2.4 mph&lt;/td&gt;&lt;/tr&gt;
&lt;tr&gt;&lt;td&gt;Heading: 154.9&lt;/td&gt;&lt;/tr&gt;
&lt;tr&gt;&lt;td&gt;Time: 2021-02-19T20:16:53Z&lt;/td&gt;&lt;/tr&gt;
&lt;/table&gt;
</description>
        <LookAt>
          <longitude>-71.84739</longitude>
          <latitude>-13.408865</latitude>
          <tilt>66</tilt>
        </LookAt>
        <TimeStamp>
          <when>2021-02-19T20:16:53Z</when>
        </TimeStamp>
        <styleUrl>#track</styleUrl>
        <Point>
          <coordinates>-71.847390,-13.408865,3509.00</coordinates>
        </Point>
      </Placemark>
      <Placemark>
        <name>Apu Linli hike - Wikiloc-1208</name>
        <snippet></snippet>
        <description>
&lt;table&gt;
&lt;tr&gt;&lt;td&gt;Longitude: -71.847405&lt;/td&gt;&lt;/tr&gt;
&lt;tr&gt;&lt;td&gt;Latitude: -13.408911&lt;/td&gt;&lt;/tr&gt;
&lt;tr&gt;&lt;td&gt;Altitude: 11507.126 ft&lt;/td&gt;&lt;/tr&gt;
&lt;tr&gt;&lt;td&gt;Speed: 1.2 mph&lt;/td&gt;&lt;/tr&gt;
&lt;tr&gt;&lt;td&gt;Heading: 197.6&lt;/td&gt;&lt;/tr&gt;
&lt;tr&gt;&lt;td&gt;Time: 2021-02-19T20:17:03Z&lt;/td&gt;&lt;/tr&gt;
&lt;/table&gt;
</description>
        <LookAt>
          <longitude>-71.847405</longitude>
          <latitude>-13.408911</latitude>
          <tilt>66</tilt>
        </LookAt>
        <TimeStamp>
          <when>2021-02-19T20:17:03Z</when>
        </TimeStamp>
        <styleUrl>#track</styleUrl>
        <Point>
          <coordinates>-71.847405,-13.408911,3507.37</coordinates>
        </Point>
      </Placemark>
      <Placemark>
        <name>Apu Linli hike - Wikiloc-1209</name>
        <snippet></snippet>
        <description>
&lt;table&gt;
&lt;tr&gt;&lt;td&gt;Longitude: -71.847438&lt;/td&gt;&lt;/tr&gt;
&lt;tr&gt;&lt;td&gt;Latitude: -13.408949&lt;/td&gt;&lt;/tr&gt;
&lt;tr&gt;&lt;td&gt;Altitude: 11500.584 ft&lt;/td&gt;&lt;/tr&gt;
&lt;tr&gt;&lt;td&gt;Speed: 1.0 mph&lt;/td&gt;&lt;/tr&gt;
&lt;tr&gt;&lt;td&gt;Heading: 220.2&lt;/td&gt;&lt;/tr&gt;
&lt;tr&gt;&lt;td&gt;Time: 2021-02-19T20:17:15Z&lt;/td&gt;&lt;/tr&gt;
&lt;/table&gt;
</description>
        <LookAt>
          <longitude>-71.847438</longitude>
          <latitude>-13.408949</latitude>
          <tilt>66</tilt>
        </LookAt>
        <TimeStamp>
          <when>2021-02-19T20:17:15Z</when>
        </TimeStamp>
        <styleUrl>#track</styleUrl>
        <Point>
          <coordinates>-71.847438,-13.408949,3505.38</coordinates>
        </Point>
      </Placemark>
      <Placemark>
        <name>Apu Linli hike - Wikiloc-1210</name>
        <snippet></snippet>
        <description>
&lt;table&gt;
&lt;tr&gt;&lt;td&gt;Longitude: -71.847404&lt;/td&gt;&lt;/tr&gt;
&lt;tr&gt;&lt;td&gt;Latitude: -13.409005&lt;/td&gt;&lt;/tr&gt;
&lt;tr&gt;&lt;td&gt;Altitude: 11494.898 ft&lt;/td&gt;&lt;/tr&gt;
&lt;tr&gt;&lt;td&gt;Speed: 2.7 mph&lt;/td&gt;&lt;/tr&gt;
&lt;tr&gt;&lt;td&gt;Heading: 149.4&lt;/td&gt;&lt;/tr&gt;
&lt;tr&gt;&lt;td&gt;Time: 2021-02-19T20:17:21Z&lt;/td&gt;&lt;/tr&gt;
&lt;/table&gt;
</description>
        <LookAt>
          <longitude>-71.847404</longitude>
          <latitude>-13.409005</latitude>
          <tilt>66</tilt>
        </LookAt>
        <TimeStamp>
          <when>2021-02-19T20:17:21Z</when>
        </TimeStamp>
        <styleUrl>#track</styleUrl>
        <Point>
          <coordinates>-71.847404,-13.409005,3503.64</coordinates>
        </Point>
      </Placemark>
      <Placemark>
        <name>Apu Linli hike - Wikiloc-1211</name>
        <snippet></snippet>
        <description>
&lt;table&gt;
&lt;tr&gt;&lt;td&gt;Longitude: -71.847407&lt;/td&gt;&lt;/tr&gt;
&lt;tr&gt;&lt;td&gt;Latitude: -13.409055&lt;/td&gt;&lt;/tr&gt;
&lt;tr&gt;&lt;td&gt;Altitude: 11489.026 ft&lt;/td&gt;&lt;/tr&gt;
&lt;tr&gt;&lt;td&gt;Speed: 3.1 mph&lt;/td&gt;&lt;/tr&gt;
&lt;tr&gt;&lt;td&gt;Heading: 183.3&lt;/td&gt;&lt;/tr&gt;
&lt;tr&gt;&lt;td&gt;Time: 2021-02-19T20:17:25Z&lt;/td&gt;&lt;/tr&gt;
&lt;/table&gt;
</description>
        <LookAt>
          <longitude>-71.847407</longitude>
          <latitude>-13.409055</latitude>
          <tilt>66</tilt>
        </LookAt>
        <TimeStamp>
          <when>2021-02-19T20:17:25Z</when>
        </TimeStamp>
        <styleUrl>#track</styleUrl>
        <Point>
          <coordinates>-71.847407,-13.409055,3501.86</coordinates>
        </Point>
      </Placemark>
      <Placemark>
        <name>Apu Linli hike - Wikiloc-1212</name>
        <snippet></snippet>
        <description>
&lt;table&gt;
&lt;tr&gt;&lt;td&gt;Longitude: -71.847402&lt;/td&gt;&lt;/tr&gt;
&lt;tr&gt;&lt;td&gt;Latitude: -13.409124&lt;/td&gt;&lt;/tr&gt;
&lt;tr&gt;&lt;td&gt;Altitude: 11482.592 ft&lt;/td&gt;&lt;/tr&gt;
&lt;tr&gt;&lt;td&gt;Speed: 2.9 mph&lt;/td&gt;&lt;/tr&gt;
&lt;tr&gt;&lt;td&gt;Heading: 176.0&lt;/td&gt;&lt;/tr&gt;
&lt;tr&gt;&lt;td&gt;Time: 2021-02-19T20:17:31Z&lt;/td&gt;&lt;/tr&gt;
&lt;/table&gt;
</description>
        <LookAt>
          <longitude>-71.847402</longitude>
          <latitude>-13.409124</latitude>
          <tilt>66</tilt>
        </LookAt>
        <TimeStamp>
          <when>2021-02-19T20:17:31Z</when>
        </TimeStamp>
        <styleUrl>#track</styleUrl>
        <Point>
          <coordinates>-71.847402,-13.409124,3499.89</coordinates>
        </Point>
      </Placemark>
      <Placemark>
        <name>Apu Linli hike - Wikiloc-1213</name>
        <snippet></snippet>
        <description>
&lt;table&gt;
&lt;tr&gt;&lt;td&gt;Longitude: -71.847432&lt;/td&gt;&lt;/tr&gt;
&lt;tr&gt;&lt;td&gt;Latitude: -13.409168&lt;/td&gt;&lt;/tr&gt;
&lt;tr&gt;&lt;td&gt;Altitude: 11476.237 ft&lt;/td&gt;&lt;/tr&gt;
&lt;tr&gt;&lt;td&gt;Speed: 2.2 mph&lt;/td&gt;&lt;/tr&gt;
&lt;tr&gt;&lt;td&gt;Heading: 213.6&lt;/td&gt;&lt;/tr&gt;
&lt;tr&gt;&lt;td&gt;Time: 2021-02-19T20:17:37Z&lt;/td&gt;&lt;/tr&gt;
&lt;/table&gt;
</description>
        <LookAt>
          <longitude>-71.847432</longitude>
          <latitude>-13.409168</latitude>
          <tilt>66</tilt>
        </LookAt>
        <TimeStamp>
          <when>2021-02-19T20:17:37Z</when>
        </TimeStamp>
        <styleUrl>#track</styleUrl>
        <Point>
          <coordinates>-71.847432,-13.409168,3497.96</coordinates>
        </Point>
      </Placemark>
      <Placemark>
        <name>Apu Linli hike - Wikiloc-1214</name>
        <snippet></snippet>
        <description>
&lt;table&gt;
&lt;tr&gt;&lt;td&gt;Longitude: -71.847447&lt;/td&gt;&lt;/tr&gt;
&lt;tr&gt;&lt;td&gt;Latitude: -13.409214&lt;/td&gt;&lt;/tr&gt;
&lt;tr&gt;&lt;td&gt;Altitude: 11469.232 ft&lt;/td&gt;&lt;/tr&gt;
&lt;tr&gt;&lt;td&gt;Speed: 3.0 mph&lt;/td&gt;&lt;/tr&gt;
&lt;tr&gt;&lt;td&gt;Heading: 197.6&lt;/td&gt;&lt;/tr&gt;
&lt;tr&gt;&lt;td&gt;Time: 2021-02-19T20:17:41Z&lt;/td&gt;&lt;/tr&gt;
&lt;/table&gt;
</description>
        <LookAt>
          <longitude>-71.847447</longitude>
          <latitude>-13.409214</latitude>
          <tilt>66</tilt>
        </LookAt>
        <TimeStamp>
          <when>2021-02-19T20:17:41Z</when>
        </TimeStamp>
        <styleUrl>#track</styleUrl>
        <Point>
          <coordinates>-71.847447,-13.409214,3495.82</coordinates>
        </Point>
      </Placemark>
      <Placemark>
        <name>Apu Linli hike - Wikiloc-1215</name>
        <snippet></snippet>
        <description>
&lt;table&gt;
&lt;tr&gt;&lt;td&gt;Longitude: -71.847451&lt;/td&gt;&lt;/tr&gt;
&lt;tr&gt;&lt;td&gt;Latitude: -13.409278&lt;/td&gt;&lt;/tr&gt;
&lt;tr&gt;&lt;td&gt;Altitude: 11461.969 ft&lt;/td&gt;&lt;/tr&gt;
&lt;tr&gt;&lt;td&gt;Speed: 2.7 mph&lt;/td&gt;&lt;/tr&gt;
&lt;tr&gt;&lt;td&gt;Heading: 183.5&lt;/td&gt;&lt;/tr&gt;
&lt;tr&gt;&lt;td&gt;Time: 2021-02-19T20:17:47Z&lt;/td&gt;&lt;/tr&gt;
&lt;/table&gt;
</description>
        <LookAt>
          <longitude>-71.847451</longitude>
          <latitude>-13.409278</latitude>
          <tilt>66</tilt>
        </LookAt>
        <TimeStamp>
          <when>2021-02-19T20:17:47Z</when>
        </TimeStamp>
        <styleUrl>#track</styleUrl>
        <Point>
          <coordinates>-71.847451,-13.409278,3493.61</coordinates>
        </Point>
      </Placemark>
      <Placemark>
        <name>Apu Linli hike - Wikiloc-1216</name>
        <snippet></snippet>
        <description>
&lt;table&gt;
&lt;tr&gt;&lt;td&gt;Longitude: -71.847477&lt;/td&gt;&lt;/tr&gt;
&lt;tr&gt;&lt;td&gt;Latitude: -13.409323&lt;/td&gt;&lt;/tr&gt;
&lt;tr&gt;&lt;td&gt;Altitude: 11455.364 ft&lt;/td&gt;&lt;/tr&gt;
&lt;tr&gt;&lt;td&gt;Speed: 2.1 mph&lt;/td&gt;&lt;/tr&gt;
&lt;tr&gt;&lt;td&gt;Heading: 209.3&lt;/td&gt;&lt;/tr&gt;
&lt;tr&gt;&lt;td&gt;Time: 2021-02-19T20:17:53Z&lt;/td&gt;&lt;/tr&gt;
&lt;/table&gt;
</description>
        <LookAt>
          <longitude>-71.847477</longitude>
          <latitude>-13.409323</latitude>
          <tilt>66</tilt>
        </LookAt>
        <TimeStamp>
          <when>2021-02-19T20:17:53Z</when>
        </TimeStamp>
        <styleUrl>#track</styleUrl>
        <Point>
          <coordinates>-71.847477,-13.409323,3491.59</coordinates>
        </Point>
      </Placemark>
      <Placemark>
        <name>Apu Linli hike - Wikiloc-1217</name>
        <snippet></snippet>
        <description>
&lt;table&gt;
&lt;tr&gt;&lt;td&gt;Longitude: -71.847513&lt;/td&gt;&lt;/tr&gt;
&lt;tr&gt;&lt;td&gt;Latitude: -13.409360&lt;/td&gt;&lt;/tr&gt;
&lt;tr&gt;&lt;td&gt;Altitude: 11447.326 ft&lt;/td&gt;&lt;/tr&gt;
&lt;tr&gt;&lt;td&gt;Speed: 2.1 mph&lt;/td&gt;&lt;/tr&gt;
&lt;tr&gt;&lt;td&gt;Heading: 223.4&lt;/td&gt;&lt;/tr&gt;
&lt;tr&gt;&lt;td&gt;Time: 2021-02-19T20:17:59Z&lt;/td&gt;&lt;/tr&gt;
&lt;/table&gt;
</description>
        <LookAt>
          <longitude>-71.847513</longitude>
          <latitude>-13.40936</latitude>
          <tilt>66</tilt>
        </LookAt>
        <TimeStamp>
          <when>2021-02-19T20:17:59Z</when>
        </TimeStamp>
        <styleUrl>#track</styleUrl>
        <Point>
          <coordinates>-71.847513,-13.409360,3489.14</coordinates>
        </Point>
      </Placemark>
      <Placemark>
        <name>Apu Linli hike - Wikiloc-1218</name>
        <snippet></snippet>
        <description>
&lt;table&gt;
&lt;tr&gt;&lt;td&gt;Longitude: -71.847498&lt;/td&gt;&lt;/tr&gt;
&lt;tr&gt;&lt;td&gt;Latitude: -13.409403&lt;/td&gt;&lt;/tr&gt;
&lt;tr&gt;&lt;td&gt;Altitude: 11440.781 ft&lt;/td&gt;&lt;/tr&gt;
&lt;tr&gt;&lt;td&gt;Speed: 2.8 mph&lt;/td&gt;&lt;/tr&gt;
&lt;tr&gt;&lt;td&gt;Heading: 161.3&lt;/td&gt;&lt;/tr&gt;
&lt;tr&gt;&lt;td&gt;Time: 2021-02-19T20:18:03Z&lt;/td&gt;&lt;/tr&gt;
&lt;/table&gt;
</description>
        <LookAt>
          <longitude>-71.847498</longitude>
          <latitude>-13.409403</latitude>
          <tilt>66</tilt>
        </LookAt>
        <TimeStamp>
          <when>2021-02-19T20:18:03Z</when>
        </TimeStamp>
        <styleUrl>#track</styleUrl>
        <Point>
          <coordinates>-71.847498,-13.409403,3487.15</coordinates>
        </Point>
      </Placemark>
      <Placemark>
        <name>Apu Linli hike - Wikiloc-1219</name>
        <snippet></snippet>
        <description>
&lt;table&gt;
&lt;tr&gt;&lt;td&gt;Longitude: -71.847528&lt;/td&gt;&lt;/tr&gt;
&lt;tr&gt;&lt;td&gt;Latitude: -13.409458&lt;/td&gt;&lt;/tr&gt;
&lt;tr&gt;&lt;td&gt;Altitude: 11434.646 ft&lt;/td&gt;&lt;/tr&gt;
&lt;tr&gt;&lt;td&gt;Speed: 1.9 mph&lt;/td&gt;&lt;/tr&gt;
&lt;tr&gt;&lt;td&gt;Heading: 207.9&lt;/td&gt;&lt;/tr&gt;
&lt;tr&gt;&lt;td&gt;Time: 2021-02-19T20:18:11Z&lt;/td&gt;&lt;/tr&gt;
&lt;/table&gt;
</description>
        <LookAt>
          <longitude>-71.847528</longitude>
          <latitude>-13.409458</latitude>
          <tilt>66</tilt>
        </LookAt>
        <TimeStamp>
          <when>2021-02-19T20:18:11Z</when>
        </TimeStamp>
        <styleUrl>#track</styleUrl>
        <Point>
          <coordinates>-71.847528,-13.409458,3485.28</coordinates>
        </Point>
      </Placemark>
      <Placemark>
        <name>Apu Linli hike - Wikiloc-1220</name>
        <snippet></snippet>
        <description>
&lt;table&gt;
&lt;tr&gt;&lt;td&gt;Longitude: -71.847564&lt;/td&gt;&lt;/tr&gt;
&lt;tr&gt;&lt;td&gt;Latitude: -13.409487&lt;/td&gt;&lt;/tr&gt;
&lt;tr&gt;&lt;td&gt;Altitude: 11428.425 ft&lt;/td&gt;&lt;/tr&gt;
&lt;tr&gt;&lt;td&gt;Speed: 1.9 mph&lt;/td&gt;&lt;/tr&gt;
&lt;tr&gt;&lt;td&gt;Heading: 230.4&lt;/td&gt;&lt;/tr&gt;
&lt;tr&gt;&lt;td&gt;Time: 2021-02-19T20:18:17Z&lt;/td&gt;&lt;/tr&gt;
&lt;/table&gt;
</description>
        <LookAt>
          <longitude>-71.847564</longitude>
          <latitude>-13.409487</latitude>
          <tilt>66</tilt>
        </LookAt>
        <TimeStamp>
          <when>2021-02-19T20:18:17Z</when>
        </TimeStamp>
        <styleUrl>#track</styleUrl>
        <Point>
          <coordinates>-71.847564,-13.409487,3483.38</coordinates>
        </Point>
      </Placemark>
      <Placemark>
        <name>Apu Linli hike - Wikiloc-1221</name>
        <snippet></snippet>
        <description>
&lt;table&gt;
&lt;tr&gt;&lt;td&gt;Longitude: -71.847555&lt;/td&gt;&lt;/tr&gt;
&lt;tr&gt;&lt;td&gt;Latitude: -13.409544&lt;/td&gt;&lt;/tr&gt;
&lt;tr&gt;&lt;td&gt;Altitude: 11423.294 ft&lt;/td&gt;&lt;/tr&gt;
&lt;tr&gt;&lt;td&gt;Speed: 2.4 mph&lt;/td&gt;&lt;/tr&gt;
&lt;tr&gt;&lt;td&gt;Heading: 171.3&lt;/td&gt;&lt;/tr&gt;
&lt;tr&gt;&lt;td&gt;Time: 2021-02-19T20:18:23Z&lt;/td&gt;&lt;/tr&gt;
&lt;/table&gt;
</description>
        <LookAt>
          <longitude>-71.847555</longitude>
          <latitude>-13.409544</latitude>
          <tilt>66</tilt>
        </LookAt>
        <TimeStamp>
          <when>2021-02-19T20:18:23Z</when>
        </TimeStamp>
        <styleUrl>#track</styleUrl>
        <Point>
          <coordinates>-71.847555,-13.409544,3481.82</coordinates>
        </Point>
      </Placemark>
      <Placemark>
        <name>Apu Linli hike - Wikiloc-1222</name>
        <snippet></snippet>
        <description>
&lt;table&gt;
&lt;tr&gt;&lt;td&gt;Longitude: -71.847562&lt;/td&gt;&lt;/tr&gt;
&lt;tr&gt;&lt;td&gt;Latitude: -13.409603&lt;/td&gt;&lt;/tr&gt;
&lt;tr&gt;&lt;td&gt;Altitude: 11418.068 ft&lt;/td&gt;&lt;/tr&gt;
&lt;tr&gt;&lt;td&gt;Speed: 2.5 mph&lt;/td&gt;&lt;/tr&gt;
&lt;tr&gt;&lt;td&gt;Heading: 186.6&lt;/td&gt;&lt;/tr&gt;
&lt;tr&gt;&lt;td&gt;Time: 2021-02-19T20:18:29Z&lt;/td&gt;&lt;/tr&gt;
&lt;/table&gt;
</description>
        <LookAt>
          <longitude>-71.847562</longitude>
          <latitude>-13.409603</latitude>
          <tilt>66</tilt>
        </LookAt>
        <TimeStamp>
          <when>2021-02-19T20:18:29Z</when>
        </TimeStamp>
        <styleUrl>#track</styleUrl>
        <Point>
          <coordinates>-71.847562,-13.409603,3480.23</coordinates>
        </Point>
      </Placemark>
      <Placemark>
        <name>Apu Linli hike - Wikiloc-1223</name>
        <snippet></snippet>
        <description>
&lt;table&gt;
&lt;tr&gt;&lt;td&gt;Longitude: -71.847598&lt;/td&gt;&lt;/tr&gt;
&lt;tr&gt;&lt;td&gt;Latitude: -13.409636&lt;/td&gt;&lt;/tr&gt;
&lt;tr&gt;&lt;td&gt;Altitude: 11412.359 ft&lt;/td&gt;&lt;/tr&gt;
&lt;tr&gt;&lt;td&gt;Speed: 2.0 mph&lt;/td&gt;&lt;/tr&gt;
&lt;tr&gt;&lt;td&gt;Heading: 226.7&lt;/td&gt;&lt;/tr&gt;
&lt;tr&gt;&lt;td&gt;Time: 2021-02-19T20:18:35Z&lt;/td&gt;&lt;/tr&gt;
&lt;/table&gt;
</description>
        <LookAt>
          <longitude>-71.847598</longitude>
          <latitude>-13.409636</latitude>
          <tilt>66</tilt>
        </LookAt>
        <TimeStamp>
          <when>2021-02-19T20:18:35Z</when>
        </TimeStamp>
        <styleUrl>#track</styleUrl>
        <Point>
          <coordinates>-71.847598,-13.409636,3478.49</coordinates>
        </Point>
      </Placemark>
      <Placemark>
        <name>Apu Linli hike - Wikiloc-1224</name>
        <snippet></snippet>
        <description>
&lt;table&gt;
&lt;tr&gt;&lt;td&gt;Longitude: -71.847647&lt;/td&gt;&lt;/tr&gt;
&lt;tr&gt;&lt;td&gt;Latitude: -13.409653&lt;/td&gt;&lt;/tr&gt;
&lt;tr&gt;&lt;td&gt;Altitude: 11404.524 ft&lt;/td&gt;&lt;/tr&gt;
&lt;tr&gt;&lt;td&gt;Speed: 1.3 mph&lt;/td&gt;&lt;/tr&gt;
&lt;tr&gt;&lt;td&gt;Heading: 250.4&lt;/td&gt;&lt;/tr&gt;
&lt;tr&gt;&lt;td&gt;Time: 2021-02-19T20:18:45Z&lt;/td&gt;&lt;/tr&gt;
&lt;/table&gt;
</description>
        <LookAt>
          <longitude>-71.847647</longitude>
          <latitude>-13.409653</latitude>
          <tilt>66</tilt>
        </LookAt>
        <TimeStamp>
          <when>2021-02-19T20:18:45Z</when>
        </TimeStamp>
        <styleUrl>#track</styleUrl>
        <Point>
          <coordinates>-71.847647,-13.409653,3476.10</coordinates>
        </Point>
      </Placemark>
      <Placemark>
        <name>Apu Linli hike - Wikiloc-1225</name>
        <snippet></snippet>
        <description>
&lt;table&gt;
&lt;tr&gt;&lt;td&gt;Longitude: -71.847670&lt;/td&gt;&lt;/tr&gt;
&lt;tr&gt;&lt;td&gt;Latitude: -13.409706&lt;/td&gt;&lt;/tr&gt;
&lt;tr&gt;&lt;td&gt;Altitude: 11395.036 ft&lt;/td&gt;&lt;/tr&gt;
&lt;tr&gt;&lt;td&gt;Speed: 1.8 mph&lt;/td&gt;&lt;/tr&gt;
&lt;tr&gt;&lt;td&gt;Heading: 202.9&lt;/td&gt;&lt;/tr&gt;
&lt;tr&gt;&lt;td&gt;Time: 2021-02-19T20:18:53Z&lt;/td&gt;&lt;/tr&gt;
&lt;/table&gt;
</description>
        <LookAt>
          <longitude>-71.84767</longitude>
          <latitude>-13.409706</latitude>
          <tilt>66</tilt>
        </LookAt>
        <TimeStamp>
          <when>2021-02-19T20:18:53Z</when>
        </TimeStamp>
        <styleUrl>#track</styleUrl>
        <Point>
          <coordinates>-71.847670,-13.409706,3473.21</coordinates>
        </Point>
      </Placemark>
      <Placemark>
        <name>Apu Linli hike - Wikiloc-1226</name>
        <snippet></snippet>
        <description>
&lt;table&gt;
&lt;tr&gt;&lt;td&gt;Longitude: -71.847706&lt;/td&gt;&lt;/tr&gt;
&lt;tr&gt;&lt;td&gt;Latitude: -13.409761&lt;/td&gt;&lt;/tr&gt;
&lt;tr&gt;&lt;td&gt;Altitude: 11388.212 ft&lt;/td&gt;&lt;/tr&gt;
&lt;tr&gt;&lt;td&gt;Speed: 2.7 mph&lt;/td&gt;&lt;/tr&gt;
&lt;tr&gt;&lt;td&gt;Heading: 212.5&lt;/td&gt;&lt;/tr&gt;
&lt;tr&gt;&lt;td&gt;Time: 2021-02-19T20:18:59Z&lt;/td&gt;&lt;/tr&gt;
&lt;/table&gt;
</description>
        <LookAt>
          <longitude>-71.847706</longitude>
          <latitude>-13.409761</latitude>
          <tilt>66</tilt>
        </LookAt>
        <TimeStamp>
          <when>2021-02-19T20:18:59Z</when>
        </TimeStamp>
        <styleUrl>#track</styleUrl>
        <Point>
          <coordinates>-71.847706,-13.409761,3471.13</coordinates>
        </Point>
      </Placemark>
      <Placemark>
        <name>Apu Linli hike - Wikiloc-1227</name>
        <snippet></snippet>
        <description>
&lt;table&gt;
&lt;tr&gt;&lt;td&gt;Longitude: -71.847724&lt;/td&gt;&lt;/tr&gt;
&lt;tr&gt;&lt;td&gt;Latitude: -13.409805&lt;/td&gt;&lt;/tr&gt;
&lt;tr&gt;&lt;td&gt;Altitude: 11381.260 ft&lt;/td&gt;&lt;/tr&gt;
&lt;tr&gt;&lt;td&gt;Speed: 2.0 mph&lt;/td&gt;&lt;/tr&gt;
&lt;tr&gt;&lt;td&gt;Heading: 201.7&lt;/td&gt;&lt;/tr&gt;
&lt;tr&gt;&lt;td&gt;Time: 2021-02-19T20:19:05Z&lt;/td&gt;&lt;/tr&gt;
&lt;/table&gt;
</description>
        <LookAt>
          <longitude>-71.847724</longitude>
          <latitude>-13.409805</latitude>
          <tilt>66</tilt>
        </LookAt>
        <TimeStamp>
          <when>2021-02-19T20:19:05Z</when>
        </TimeStamp>
        <styleUrl>#track</styleUrl>
        <Point>
          <coordinates>-71.847724,-13.409805,3469.01</coordinates>
        </Point>
      </Placemark>
      <Placemark>
        <name>Apu Linli hike - Wikiloc-1228</name>
        <snippet></snippet>
        <description>
&lt;table&gt;
&lt;tr&gt;&lt;td&gt;Longitude: -71.847763&lt;/td&gt;&lt;/tr&gt;
&lt;tr&gt;&lt;td&gt;Latitude: -13.409856&lt;/td&gt;&lt;/tr&gt;
&lt;tr&gt;&lt;td&gt;Altitude: 11373.999 ft&lt;/td&gt;&lt;/tr&gt;
&lt;tr&gt;&lt;td&gt;Speed: 2.6 mph&lt;/td&gt;&lt;/tr&gt;
&lt;tr&gt;&lt;td&gt;Heading: 216.6&lt;/td&gt;&lt;/tr&gt;
&lt;tr&gt;&lt;td&gt;Time: 2021-02-19T20:19:11Z&lt;/td&gt;&lt;/tr&gt;
&lt;/table&gt;
</description>
        <LookAt>
          <longitude>-71.847763</longitude>
          <latitude>-13.409856</latitude>
          <tilt>66</tilt>
        </LookAt>
        <TimeStamp>
          <when>2021-02-19T20:19:11Z</when>
        </TimeStamp>
        <styleUrl>#track</styleUrl>
        <Point>
          <coordinates>-71.847763,-13.409856,3466.80</coordinates>
        </Point>
      </Placemark>
      <Placemark>
        <name>Apu Linli hike - Wikiloc-1229</name>
        <snippet></snippet>
        <description>
&lt;table&gt;
&lt;tr&gt;&lt;td&gt;Longitude: -71.847770&lt;/td&gt;&lt;/tr&gt;
&lt;tr&gt;&lt;td&gt;Latitude: -13.409918&lt;/td&gt;&lt;/tr&gt;
&lt;tr&gt;&lt;td&gt;Altitude: 11366.093 ft&lt;/td&gt;&lt;/tr&gt;
&lt;tr&gt;&lt;td&gt;Speed: 1.6 mph&lt;/td&gt;&lt;/tr&gt;
&lt;tr&gt;&lt;td&gt;Heading: 186.3&lt;/td&gt;&lt;/tr&gt;
&lt;tr&gt;&lt;td&gt;Time: 2021-02-19T20:19:21Z&lt;/td&gt;&lt;/tr&gt;
&lt;/table&gt;
</description>
        <LookAt>
          <longitude>-71.84777</longitude>
          <latitude>-13.409918</latitude>
          <tilt>66</tilt>
        </LookAt>
        <TimeStamp>
          <when>2021-02-19T20:19:21Z</when>
        </TimeStamp>
        <styleUrl>#track</styleUrl>
        <Point>
          <coordinates>-71.847770,-13.409918,3464.39</coordinates>
        </Point>
      </Placemark>
      <Placemark>
        <name>Apu Linli hike - Wikiloc-1230</name>
        <snippet></snippet>
        <description>
&lt;table&gt;
&lt;tr&gt;&lt;td&gt;Longitude: -71.847799&lt;/td&gt;&lt;/tr&gt;
&lt;tr&gt;&lt;td&gt;Latitude: -13.409960&lt;/td&gt;&lt;/tr&gt;
&lt;tr&gt;&lt;td&gt;Altitude: 11356.463 ft&lt;/td&gt;&lt;/tr&gt;
&lt;tr&gt;&lt;td&gt;Speed: 2.1 mph&lt;/td&gt;&lt;/tr&gt;
&lt;tr&gt;&lt;td&gt;Heading: 213.9&lt;/td&gt;&lt;/tr&gt;
&lt;tr&gt;&lt;td&gt;Time: 2021-02-19T20:19:27Z&lt;/td&gt;&lt;/tr&gt;
&lt;/table&gt;
</description>
        <LookAt>
          <longitude>-71.847799</longitude>
          <latitude>-13.40996</latitude>
          <tilt>66</tilt>
        </LookAt>
        <TimeStamp>
          <when>2021-02-19T20:19:27Z</when>
        </TimeStamp>
        <styleUrl>#track</styleUrl>
        <Point>
          <coordinates>-71.847799,-13.409960,3461.45</coordinates>
        </Point>
      </Placemark>
      <Placemark>
        <name>Apu Linli hike - Wikiloc-1231</name>
        <snippet></snippet>
        <description>
&lt;table&gt;
&lt;tr&gt;&lt;td&gt;Longitude: -71.847850&lt;/td&gt;&lt;/tr&gt;
&lt;tr&gt;&lt;td&gt;Latitude: -13.409960&lt;/td&gt;&lt;/tr&gt;
&lt;tr&gt;&lt;td&gt;Altitude: 11349.278 ft&lt;/td&gt;&lt;/tr&gt;
&lt;tr&gt;&lt;td&gt;Speed: 1.0 mph&lt;/td&gt;&lt;/tr&gt;
&lt;tr&gt;&lt;td&gt;Heading: 270.0&lt;/td&gt;&lt;/tr&gt;
&lt;tr&gt;&lt;td&gt;Time: 2021-02-19T20:19:39Z&lt;/td&gt;&lt;/tr&gt;
&lt;/table&gt;
</description>
        <LookAt>
          <longitude>-71.84785</longitude>
          <latitude>-13.40996</latitude>
          <tilt>66</tilt>
        </LookAt>
        <TimeStamp>
          <when>2021-02-19T20:19:39Z</when>
        </TimeStamp>
        <styleUrl>#track</styleUrl>
        <Point>
          <coordinates>-71.847850,-13.409960,3459.26</coordinates>
        </Point>
      </Placemark>
      <Placemark>
        <name>Apu Linli hike - Wikiloc-1232</name>
        <snippet></snippet>
        <description>
&lt;table&gt;
&lt;tr&gt;&lt;td&gt;Longitude: -71.847872&lt;/td&gt;&lt;/tr&gt;
&lt;tr&gt;&lt;td&gt;Latitude: -13.410019&lt;/td&gt;&lt;/tr&gt;
&lt;tr&gt;&lt;td&gt;Altitude: 11342.270 ft&lt;/td&gt;&lt;/tr&gt;
&lt;tr&gt;&lt;td&gt;Speed: 2.6 mph&lt;/td&gt;&lt;/tr&gt;
&lt;tr&gt;&lt;td&gt;Heading: 199.9&lt;/td&gt;&lt;/tr&gt;
&lt;tr&gt;&lt;td&gt;Time: 2021-02-19T20:19:45Z&lt;/td&gt;&lt;/tr&gt;
&lt;/table&gt;
</description>
        <LookAt>
          <longitude>-71.847872</longitude>
          <latitude>-13.410019</latitude>
          <tilt>66</tilt>
        </LookAt>
        <TimeStamp>
          <when>2021-02-19T20:19:45Z</when>
        </TimeStamp>
        <styleUrl>#track</styleUrl>
        <Point>
          <coordinates>-71.847872,-13.410019,3457.12</coordinates>
        </Point>
      </Placemark>
      <Placemark>
        <name>Apu Linli hike - Wikiloc-1233</name>
        <snippet></snippet>
        <description>
&lt;table&gt;
&lt;tr&gt;&lt;td&gt;Longitude: -71.847872&lt;/td&gt;&lt;/tr&gt;
&lt;tr&gt;&lt;td&gt;Latitude: -13.410074&lt;/td&gt;&lt;/tr&gt;
&lt;tr&gt;&lt;td&gt;Altitude: 11336.122 ft&lt;/td&gt;&lt;/tr&gt;
&lt;tr&gt;&lt;td&gt;Speed: 2.3 mph&lt;/td&gt;&lt;/tr&gt;
&lt;tr&gt;&lt;td&gt;Heading: 180.0&lt;/td&gt;&lt;/tr&gt;
&lt;tr&gt;&lt;td&gt;Time: 2021-02-19T20:19:51Z&lt;/td&gt;&lt;/tr&gt;
&lt;/table&gt;
</description>
        <LookAt>
          <longitude>-71.847872</longitude>
          <latitude>-13.410074</latitude>
          <tilt>66</tilt>
        </LookAt>
        <TimeStamp>
          <when>2021-02-19T20:19:51Z</when>
        </TimeStamp>
        <styleUrl>#track</styleUrl>
        <Point>
          <coordinates>-71.847872,-13.410074,3455.25</coordinates>
        </Point>
      </Placemark>
      <Placemark>
        <name>Apu Linli hike - Wikiloc-1234</name>
        <snippet></snippet>
        <description>
&lt;table&gt;
&lt;tr&gt;&lt;td&gt;Longitude: -71.847868&lt;/td&gt;&lt;/tr&gt;
&lt;tr&gt;&lt;td&gt;Latitude: -13.410135&lt;/td&gt;&lt;/tr&gt;
&lt;tr&gt;&lt;td&gt;Altitude: 11330.928 ft&lt;/td&gt;&lt;/tr&gt;
&lt;tr&gt;&lt;td&gt;Speed: 0.2 mph&lt;/td&gt;&lt;/tr&gt;
&lt;tr&gt;&lt;td&gt;Heading: 176.4&lt;/td&gt;&lt;/tr&gt;
&lt;tr&gt;&lt;td&gt;Time: 2021-02-19T20:21:11Z&lt;/td&gt;&lt;/tr&gt;
&lt;/table&gt;
</description>
        <LookAt>
          <longitude>-71.847868</longitude>
          <latitude>-13.410135</latitude>
          <tilt>66</tilt>
        </LookAt>
        <TimeStamp>
          <when>2021-02-19T20:21:11Z</when>
        </TimeStamp>
        <styleUrl>#track</styleUrl>
        <Point>
          <coordinates>-71.847868,-13.410135,3453.67</coordinates>
        </Point>
      </Placemark>
      <Placemark>
        <name>Apu Linli hike - Wikiloc-1235</name>
        <snippet></snippet>
        <description>
&lt;table&gt;
&lt;tr&gt;&lt;td&gt;Longitude: -71.847932&lt;/td&gt;&lt;/tr&gt;
&lt;tr&gt;&lt;td&gt;Latitude: -13.410132&lt;/td&gt;&lt;/tr&gt;
&lt;tr&gt;&lt;td&gt;Altitude: 11325.515 ft&lt;/td&gt;&lt;/tr&gt;
&lt;tr&gt;&lt;td&gt;Speed: 1.6 mph&lt;/td&gt;&lt;/tr&gt;
&lt;tr&gt;&lt;td&gt;Heading: 272.8&lt;/td&gt;&lt;/tr&gt;
&lt;tr&gt;&lt;td&gt;Time: 2021-02-19T20:21:21Z&lt;/td&gt;&lt;/tr&gt;
&lt;/table&gt;
</description>
        <LookAt>
          <longitude>-71.847932</longitude>
          <latitude>-13.410132</latitude>
          <tilt>66</tilt>
        </LookAt>
        <TimeStamp>
          <when>2021-02-19T20:21:21Z</when>
        </TimeStamp>
        <styleUrl>#track</styleUrl>
        <Point>
          <coordinates>-71.847932,-13.410132,3452.02</coordinates>
        </Point>
      </Placemark>
      <Placemark>
        <name>Apu Linli hike - Wikiloc-1236</name>
        <snippet></snippet>
        <description>
&lt;table&gt;
&lt;tr&gt;&lt;td&gt;Longitude: -71.847982&lt;/td&gt;&lt;/tr&gt;
&lt;tr&gt;&lt;td&gt;Latitude: -13.410163&lt;/td&gt;&lt;/tr&gt;
&lt;tr&gt;&lt;td&gt;Altitude: 11319.724 ft&lt;/td&gt;&lt;/tr&gt;
&lt;tr&gt;&lt;td&gt;Speed: 2.9 mph&lt;/td&gt;&lt;/tr&gt;
&lt;tr&gt;&lt;td&gt;Heading: 237.5&lt;/td&gt;&lt;/tr&gt;
&lt;tr&gt;&lt;td&gt;Time: 2021-02-19T20:21:26Z&lt;/td&gt;&lt;/tr&gt;
&lt;/table&gt;
</description>
        <LookAt>
          <longitude>-71.847982</longitude>
          <latitude>-13.410163</latitude>
          <tilt>66</tilt>
        </LookAt>
        <TimeStamp>
          <when>2021-02-19T20:21:26Z</when>
        </TimeStamp>
        <styleUrl>#track</styleUrl>
        <Point>
          <coordinates>-71.847982,-13.410163,3450.25</coordinates>
        </Point>
      </Placemark>
      <Placemark>
        <name>Apu Linli hike - Wikiloc-1237</name>
        <snippet></snippet>
        <description>
&lt;table&gt;
&lt;tr&gt;&lt;td&gt;Longitude: -71.848001&lt;/td&gt;&lt;/tr&gt;
&lt;tr&gt;&lt;td&gt;Latitude: -13.410204&lt;/td&gt;&lt;/tr&gt;
&lt;tr&gt;&lt;td&gt;Altitude: 11313.494 ft&lt;/td&gt;&lt;/tr&gt;
&lt;tr&gt;&lt;td&gt;Speed: 2.2 mph&lt;/td&gt;&lt;/tr&gt;
&lt;tr&gt;&lt;td&gt;Heading: 204.3&lt;/td&gt;&lt;/tr&gt;
&lt;tr&gt;&lt;td&gt;Time: 2021-02-19T20:21:31Z&lt;/td&gt;&lt;/tr&gt;
&lt;/table&gt;
</description>
        <LookAt>
          <longitude>-71.848001</longitude>
          <latitude>-13.410204</latitude>
          <tilt>66</tilt>
        </LookAt>
        <TimeStamp>
          <when>2021-02-19T20:21:31Z</when>
        </TimeStamp>
        <styleUrl>#track</styleUrl>
        <Point>
          <coordinates>-71.848001,-13.410204,3448.35</coordinates>
        </Point>
      </Placemark>
      <Placemark>
        <name>Apu Linli hike - Wikiloc-1238</name>
        <snippet></snippet>
        <description>
&lt;table&gt;
&lt;tr&gt;&lt;td&gt;Longitude: -71.848014&lt;/td&gt;&lt;/tr&gt;
&lt;tr&gt;&lt;td&gt;Latitude: -13.410256&lt;/td&gt;&lt;/tr&gt;
&lt;tr&gt;&lt;td&gt;Altitude: 11309.081 ft&lt;/td&gt;&lt;/tr&gt;
&lt;tr&gt;&lt;td&gt;Speed: 2.7 mph&lt;/td&gt;&lt;/tr&gt;
&lt;tr&gt;&lt;td&gt;Heading: 193.7&lt;/td&gt;&lt;/tr&gt;
&lt;tr&gt;&lt;td&gt;Time: 2021-02-19T20:21:36Z&lt;/td&gt;&lt;/tr&gt;
&lt;/table&gt;
</description>
        <LookAt>
          <longitude>-71.848014</longitude>
          <latitude>-13.410256</latitude>
          <tilt>66</tilt>
        </LookAt>
        <TimeStamp>
          <when>2021-02-19T20:21:36Z</when>
        </TimeStamp>
        <styleUrl>#track</styleUrl>
        <Point>
          <coordinates>-71.848014,-13.410256,3447.01</coordinates>
        </Point>
      </Placemark>
      <Placemark>
        <name>Apu Linli hike - Wikiloc-1239</name>
        <snippet></snippet>
        <description>
&lt;table&gt;
&lt;tr&gt;&lt;td&gt;Longitude: -71.847983&lt;/td&gt;&lt;/tr&gt;
&lt;tr&gt;&lt;td&gt;Latitude: -13.410296&lt;/td&gt;&lt;/tr&gt;
&lt;tr&gt;&lt;td&gt;Altitude: 11308.097 ft&lt;/td&gt;&lt;/tr&gt;
&lt;tr&gt;&lt;td&gt;Speed: 1.4 mph&lt;/td&gt;&lt;/tr&gt;
&lt;tr&gt;&lt;td&gt;Heading: 143.0&lt;/td&gt;&lt;/tr&gt;
&lt;tr&gt;&lt;td&gt;Time: 2021-02-19T20:21:45Z&lt;/td&gt;&lt;/tr&gt;
&lt;/table&gt;
</description>
        <LookAt>
          <longitude>-71.847983</longitude>
          <latitude>-13.410296</latitude>
          <tilt>66</tilt>
        </LookAt>
        <TimeStamp>
          <when>2021-02-19T20:21:45Z</when>
        </TimeStamp>
        <styleUrl>#track</styleUrl>
        <Point>
          <coordinates>-71.847983,-13.410296,3446.71</coordinates>
        </Point>
      </Placemark>
      <Placemark>
        <name>Apu Linli hike - Wikiloc-1240</name>
        <snippet></snippet>
        <description>
&lt;table&gt;
&lt;tr&gt;&lt;td&gt;Longitude: -71.847973&lt;/td&gt;&lt;/tr&gt;
&lt;tr&gt;&lt;td&gt;Latitude: -13.410346&lt;/td&gt;&lt;/tr&gt;
&lt;tr&gt;&lt;td&gt;Altitude: 11306.401 ft&lt;/td&gt;&lt;/tr&gt;
&lt;tr&gt;&lt;td&gt;Speed: 3.2 mph&lt;/td&gt;&lt;/tr&gt;
&lt;tr&gt;&lt;td&gt;Heading: 169.0&lt;/td&gt;&lt;/tr&gt;
&lt;tr&gt;&lt;td&gt;Time: 2021-02-19T20:21:49Z&lt;/td&gt;&lt;/tr&gt;
&lt;/table&gt;
</description>
        <LookAt>
          <longitude>-71.847973</longitude>
          <latitude>-13.410346</latitude>
          <tilt>66</tilt>
        </LookAt>
        <TimeStamp>
          <when>2021-02-19T20:21:49Z</when>
        </TimeStamp>
        <styleUrl>#track</styleUrl>
        <Point>
          <coordinates>-71.847973,-13.410346,3446.19</coordinates>
        </Point>
      </Placemark>
      <Placemark>
        <name>Apu Linli hike - Wikiloc-1241</name>
        <snippet></snippet>
        <description>
&lt;table&gt;
&lt;tr&gt;&lt;td&gt;Longitude: -71.848000&lt;/td&gt;&lt;/tr&gt;
&lt;tr&gt;&lt;td&gt;Latitude: -13.410390&lt;/td&gt;&lt;/tr&gt;
&lt;tr&gt;&lt;td&gt;Altitude: 11301.053 ft&lt;/td&gt;&lt;/tr&gt;
&lt;tr&gt;&lt;td&gt;Speed: 4.3 mph&lt;/td&gt;&lt;/tr&gt;
&lt;tr&gt;&lt;td&gt;Heading: 210.8&lt;/td&gt;&lt;/tr&gt;
&lt;tr&gt;&lt;td&gt;Time: 2021-02-19T20:21:52Z&lt;/td&gt;&lt;/tr&gt;
&lt;/table&gt;
</description>
        <LookAt>
          <longitude>-71.848</longitude>
          <latitude>-13.41039</latitude>
          <tilt>66</tilt>
        </LookAt>
        <TimeStamp>
          <when>2021-02-19T20:21:52Z</when>
        </TimeStamp>
        <styleUrl>#track</styleUrl>
        <Point>
          <coordinates>-71.848000,-13.410390,3444.56</coordinates>
        </Point>
      </Placemark>
      <Placemark>
        <name>Apu Linli hike - Wikiloc-1242</name>
        <snippet></snippet>
        <description>
&lt;table&gt;
&lt;tr&gt;&lt;td&gt;Longitude: -71.848012&lt;/td&gt;&lt;/tr&gt;
&lt;tr&gt;&lt;td&gt;Latitude: -13.410437&lt;/td&gt;&lt;/tr&gt;
&lt;tr&gt;&lt;td&gt;Altitude: 11296.411 ft&lt;/td&gt;&lt;/tr&gt;
&lt;tr&gt;&lt;td&gt;Speed: 4.0 mph&lt;/td&gt;&lt;/tr&gt;
&lt;tr&gt;&lt;td&gt;Heading: 193.9&lt;/td&gt;&lt;/tr&gt;
&lt;tr&gt;&lt;td&gt;Time: 2021-02-19T20:21:55Z&lt;/td&gt;&lt;/tr&gt;
&lt;/table&gt;
</description>
        <LookAt>
          <longitude>-71.848012</longitude>
          <latitude>-13.410437</latitude>
          <tilt>66</tilt>
        </LookAt>
        <TimeStamp>
          <when>2021-02-19T20:21:55Z</when>
        </TimeStamp>
        <styleUrl>#track</styleUrl>
        <Point>
          <coordinates>-71.848012,-13.410437,3443.15</coordinates>
        </Point>
      </Placemark>
      <Placemark>
        <name>Apu Linli hike - Wikiloc-1243</name>
        <snippet></snippet>
        <description>
&lt;table&gt;
&lt;tr&gt;&lt;td&gt;Longitude: -71.848014&lt;/td&gt;&lt;/tr&gt;
&lt;tr&gt;&lt;td&gt;Latitude: -13.410484&lt;/td&gt;&lt;/tr&gt;
&lt;tr&gt;&lt;td&gt;Altitude: 11291.982 ft&lt;/td&gt;&lt;/tr&gt;
&lt;tr&gt;&lt;td&gt;Speed: 3.9 mph&lt;/td&gt;&lt;/tr&gt;
&lt;tr&gt;&lt;td&gt;Heading: 182.4&lt;/td&gt;&lt;/tr&gt;
&lt;tr&gt;&lt;td&gt;Time: 2021-02-19T20:21:58Z&lt;/td&gt;&lt;/tr&gt;
&lt;/table&gt;
</description>
        <LookAt>
          <longitude>-71.848014</longitude>
          <latitude>-13.410484</latitude>
          <tilt>66</tilt>
        </LookAt>
        <TimeStamp>
          <when>2021-02-19T20:21:58Z</when>
        </TimeStamp>
        <styleUrl>#track</styleUrl>
        <Point>
          <coordinates>-71.848014,-13.410484,3441.80</coordinates>
        </Point>
      </Placemark>
      <Placemark>
        <name>Apu Linli hike - Wikiloc-1244</name>
        <snippet></snippet>
        <description>
&lt;table&gt;
&lt;tr&gt;&lt;td&gt;Longitude: -71.848041&lt;/td&gt;&lt;/tr&gt;
&lt;tr&gt;&lt;td&gt;Latitude: -13.410522&lt;/td&gt;&lt;/tr&gt;
&lt;tr&gt;&lt;td&gt;Altitude: 11288.091 ft&lt;/td&gt;&lt;/tr&gt;
&lt;tr&gt;&lt;td&gt;Speed: 2.3 mph&lt;/td&gt;&lt;/tr&gt;
&lt;tr&gt;&lt;td&gt;Heading: 214.7&lt;/td&gt;&lt;/tr&gt;
&lt;tr&gt;&lt;td&gt;Time: 2021-02-19T20:22:03Z&lt;/td&gt;&lt;/tr&gt;
&lt;/table&gt;
</description>
        <LookAt>
          <longitude>-71.848041</longitude>
          <latitude>-13.410522</latitude>
          <tilt>66</tilt>
        </LookAt>
        <TimeStamp>
          <when>2021-02-19T20:22:03Z</when>
        </TimeStamp>
        <styleUrl>#track</styleUrl>
        <Point>
          <coordinates>-71.848041,-13.410522,3440.61</coordinates>
        </Point>
      </Placemark>
      <Placemark>
        <name>Apu Linli hike - Wikiloc-1245</name>
        <snippet></snippet>
        <description>
&lt;table&gt;
&lt;tr&gt;&lt;td&gt;Longitude: -71.848063&lt;/td&gt;&lt;/tr&gt;
&lt;tr&gt;&lt;td&gt;Latitude: -13.410563&lt;/td&gt;&lt;/tr&gt;
&lt;tr&gt;&lt;td&gt;Altitude: 11283.353 ft&lt;/td&gt;&lt;/tr&gt;
&lt;tr&gt;&lt;td&gt;Speed: 2.3 mph&lt;/td&gt;&lt;/tr&gt;
&lt;tr&gt;&lt;td&gt;Heading: 207.6&lt;/td&gt;&lt;/tr&gt;
&lt;tr&gt;&lt;td&gt;Time: 2021-02-19T20:22:08Z&lt;/td&gt;&lt;/tr&gt;
&lt;/table&gt;
</description>
        <LookAt>
          <longitude>-71.848063</longitude>
          <latitude>-13.410563</latitude>
          <tilt>66</tilt>
        </LookAt>
        <TimeStamp>
          <when>2021-02-19T20:22:08Z</when>
        </TimeStamp>
        <styleUrl>#track</styleUrl>
        <Point>
          <coordinates>-71.848063,-13.410563,3439.17</coordinates>
        </Point>
      </Placemark>
      <Placemark>
        <name>Apu Linli hike - Wikiloc-1246</name>
        <snippet></snippet>
        <description>
&lt;table&gt;
&lt;tr&gt;&lt;td&gt;Longitude: -71.848068&lt;/td&gt;&lt;/tr&gt;
&lt;tr&gt;&lt;td&gt;Latitude: -13.410609&lt;/td&gt;&lt;/tr&gt;
&lt;tr&gt;&lt;td&gt;Altitude: 11278.422 ft&lt;/td&gt;&lt;/tr&gt;
&lt;tr&gt;&lt;td&gt;Speed: 2.3 mph&lt;/td&gt;&lt;/tr&gt;
&lt;tr&gt;&lt;td&gt;Heading: 186.0&lt;/td&gt;&lt;/tr&gt;
&lt;tr&gt;&lt;td&gt;Time: 2021-02-19T20:22:13Z&lt;/td&gt;&lt;/tr&gt;
&lt;/table&gt;
</description>
        <LookAt>
          <longitude>-71.848068</longitude>
          <latitude>-13.410609</latitude>
          <tilt>66</tilt>
        </LookAt>
        <TimeStamp>
          <when>2021-02-19T20:22:13Z</when>
        </TimeStamp>
        <styleUrl>#track</styleUrl>
        <Point>
          <coordinates>-71.848068,-13.410609,3437.66</coordinates>
        </Point>
      </Placemark>
      <Placemark>
        <name>Apu Linli hike - Wikiloc-1247</name>
        <snippet></snippet>
        <description>
&lt;table&gt;
&lt;tr&gt;&lt;td&gt;Longitude: -71.848084&lt;/td&gt;&lt;/tr&gt;
&lt;tr&gt;&lt;td&gt;Latitude: -13.410651&lt;/td&gt;&lt;/tr&gt;
&lt;tr&gt;&lt;td&gt;Altitude: 11272.516 ft&lt;/td&gt;&lt;/tr&gt;
&lt;tr&gt;&lt;td&gt;Speed: 1.9 mph&lt;/td&gt;&lt;/tr&gt;
&lt;tr&gt;&lt;td&gt;Heading: 200.3&lt;/td&gt;&lt;/tr&gt;
&lt;tr&gt;&lt;td&gt;Time: 2021-02-19T20:22:19Z&lt;/td&gt;&lt;/tr&gt;
&lt;/table&gt;
</description>
        <LookAt>
          <longitude>-71.848084</longitude>
          <latitude>-13.410651</latitude>
          <tilt>66</tilt>
        </LookAt>
        <TimeStamp>
          <when>2021-02-19T20:22:19Z</when>
        </TimeStamp>
        <styleUrl>#track</styleUrl>
        <Point>
          <coordinates>-71.848084,-13.410651,3435.86</coordinates>
        </Point>
      </Placemark>
      <Placemark>
        <name>Apu Linli hike - Wikiloc-1248</name>
        <snippet></snippet>
        <description>
&lt;table&gt;
&lt;tr&gt;&lt;td&gt;Longitude: -71.848077&lt;/td&gt;&lt;/tr&gt;
&lt;tr&gt;&lt;td&gt;Latitude: -13.410701&lt;/td&gt;&lt;/tr&gt;
&lt;tr&gt;&lt;td&gt;Altitude: 11266.627 ft&lt;/td&gt;&lt;/tr&gt;
&lt;tr&gt;&lt;td&gt;Speed: 2.1 mph&lt;/td&gt;&lt;/tr&gt;
&lt;tr&gt;&lt;td&gt;Heading: 172.2&lt;/td&gt;&lt;/tr&gt;
&lt;tr&gt;&lt;td&gt;Time: 2021-02-19T20:22:25Z&lt;/td&gt;&lt;/tr&gt;
&lt;/table&gt;
</description>
        <LookAt>
          <longitude>-71.848077</longitude>
          <latitude>-13.410701</latitude>
          <tilt>66</tilt>
        </LookAt>
        <TimeStamp>
          <when>2021-02-19T20:22:25Z</when>
        </TimeStamp>
        <styleUrl>#track</styleUrl>
        <Point>
          <coordinates>-71.848077,-13.410701,3434.07</coordinates>
        </Point>
      </Placemark>
      <Placemark>
        <name>Apu Linli hike - Wikiloc-1249</name>
        <snippet></snippet>
        <description>
&lt;table&gt;
&lt;tr&gt;&lt;td&gt;Longitude: -71.848075&lt;/td&gt;&lt;/tr&gt;
&lt;tr&gt;&lt;td&gt;Latitude: -13.410754&lt;/td&gt;&lt;/tr&gt;
&lt;tr&gt;&lt;td&gt;Altitude: 11257.684 ft&lt;/td&gt;&lt;/tr&gt;
&lt;tr&gt;&lt;td&gt;Speed: 1.3 mph&lt;/td&gt;&lt;/tr&gt;
&lt;tr&gt;&lt;td&gt;Heading: 177.9&lt;/td&gt;&lt;/tr&gt;
&lt;tr&gt;&lt;td&gt;Time: 2021-02-19T20:22:35Z&lt;/td&gt;&lt;/tr&gt;
&lt;/table&gt;
</description>
        <LookAt>
          <longitude>-71.848075</longitude>
          <latitude>-13.410754</latitude>
          <tilt>66</tilt>
        </LookAt>
        <TimeStamp>
          <when>2021-02-19T20:22:35Z</when>
        </TimeStamp>
        <styleUrl>#track</styleUrl>
        <Point>
          <coordinates>-71.848075,-13.410754,3431.34</coordinates>
        </Point>
      </Placemark>
      <Placemark>
        <name>Apu Linli hike - Wikiloc-1250</name>
        <snippet></snippet>
        <description>
&lt;table&gt;
&lt;tr&gt;&lt;td&gt;Longitude: -71.848033&lt;/td&gt;&lt;/tr&gt;
&lt;tr&gt;&lt;td&gt;Latitude: -13.410778&lt;/td&gt;&lt;/tr&gt;
&lt;tr&gt;&lt;td&gt;Altitude: 11249.101 ft&lt;/td&gt;&lt;/tr&gt;
&lt;tr&gt;&lt;td&gt;Speed: 1.7 mph&lt;/td&gt;&lt;/tr&gt;
&lt;tr&gt;&lt;td&gt;Heading: 120.4&lt;/td&gt;&lt;/tr&gt;
&lt;tr&gt;&lt;td&gt;Time: 2021-02-19T20:22:42Z&lt;/td&gt;&lt;/tr&gt;
&lt;/table&gt;
</description>
        <LookAt>
          <longitude>-71.848033</longitude>
          <latitude>-13.410778</latitude>
          <tilt>66</tilt>
        </LookAt>
        <TimeStamp>
          <when>2021-02-19T20:22:42Z</when>
        </TimeStamp>
        <styleUrl>#track</styleUrl>
        <Point>
          <coordinates>-71.848033,-13.410778,3428.73</coordinates>
        </Point>
      </Placemark>
      <Placemark>
        <name>Apu Linli hike - Wikiloc-1251</name>
        <snippet></snippet>
        <description>
&lt;table&gt;
&lt;tr&gt;&lt;td&gt;Longitude: -71.848002&lt;/td&gt;&lt;/tr&gt;
&lt;tr&gt;&lt;td&gt;Latitude: -13.410821&lt;/td&gt;&lt;/tr&gt;
&lt;tr&gt;&lt;td&gt;Altitude: 11243.465 ft&lt;/td&gt;&lt;/tr&gt;
&lt;tr&gt;&lt;td&gt;Speed: 2.6 mph&lt;/td&gt;&lt;/tr&gt;
&lt;tr&gt;&lt;td&gt;Heading: 145.0&lt;/td&gt;&lt;/tr&gt;
&lt;tr&gt;&lt;td&gt;Time: 2021-02-19T20:22:47Z&lt;/td&gt;&lt;/tr&gt;
&lt;/table&gt;
</description>
        <LookAt>
          <longitude>-71.848002</longitude>
          <latitude>-13.410821</latitude>
          <tilt>66</tilt>
        </LookAt>
        <TimeStamp>
          <when>2021-02-19T20:22:47Z</when>
        </TimeStamp>
        <styleUrl>#track</styleUrl>
        <Point>
          <coordinates>-71.848002,-13.410821,3427.01</coordinates>
        </Point>
      </Placemark>
      <Placemark>
        <name>Apu Linli hike - Wikiloc-1252</name>
        <snippet></snippet>
        <description>
&lt;table&gt;
&lt;tr&gt;&lt;td&gt;Longitude: -71.848049&lt;/td&gt;&lt;/tr&gt;
&lt;tr&gt;&lt;td&gt;Latitude: -13.410834&lt;/td&gt;&lt;/tr&gt;
&lt;tr&gt;&lt;td&gt;Altitude: 11239.377 ft&lt;/td&gt;&lt;/tr&gt;
&lt;tr&gt;&lt;td&gt;Speed: 3.0 mph&lt;/td&gt;&lt;/tr&gt;
&lt;tr&gt;&lt;td&gt;Heading: 254.1&lt;/td&gt;&lt;/tr&gt;
&lt;tr&gt;&lt;td&gt;Time: 2021-02-19T20:22:51Z&lt;/td&gt;&lt;/tr&gt;
&lt;/table&gt;
</description>
        <LookAt>
          <longitude>-71.848049</longitude>
          <latitude>-13.410834</latitude>
          <tilt>66</tilt>
        </LookAt>
        <TimeStamp>
          <when>2021-02-19T20:22:51Z</when>
        </TimeStamp>
        <styleUrl>#track</styleUrl>
        <Point>
          <coordinates>-71.848049,-13.410834,3425.76</coordinates>
        </Point>
      </Placemark>
      <Placemark>
        <name>Apu Linli hike - Wikiloc-1253</name>
        <snippet></snippet>
        <description>
&lt;table&gt;
&lt;tr&gt;&lt;td&gt;Longitude: -71.848024&lt;/td&gt;&lt;/tr&gt;
&lt;tr&gt;&lt;td&gt;Latitude: -13.410879&lt;/td&gt;&lt;/tr&gt;
&lt;tr&gt;&lt;td&gt;Altitude: 11235.276 ft&lt;/td&gt;&lt;/tr&gt;
&lt;tr&gt;&lt;td&gt;Speed: 1.4 mph&lt;/td&gt;&lt;/tr&gt;
&lt;tr&gt;&lt;td&gt;Heading: 151.6&lt;/td&gt;&lt;/tr&gt;
&lt;tr&gt;&lt;td&gt;Time: 2021-02-19T20:23:00Z&lt;/td&gt;&lt;/tr&gt;
&lt;/table&gt;
</description>
        <LookAt>
          <longitude>-71.848024</longitude>
          <latitude>-13.410879</latitude>
          <tilt>66</tilt>
        </LookAt>
        <TimeStamp>
          <when>2021-02-19T20:23:00Z</when>
        </TimeStamp>
        <styleUrl>#track</styleUrl>
        <Point>
          <coordinates>-71.848024,-13.410879,3424.51</coordinates>
        </Point>
      </Placemark>
      <Placemark>
        <name>Apu Linli hike - Wikiloc-1254</name>
        <snippet></snippet>
        <description>
&lt;table&gt;
&lt;tr&gt;&lt;td&gt;Longitude: -71.848049&lt;/td&gt;&lt;/tr&gt;
&lt;tr&gt;&lt;td&gt;Latitude: -13.410950&lt;/td&gt;&lt;/tr&gt;
&lt;tr&gt;&lt;td&gt;Altitude: 11225.482 ft&lt;/td&gt;&lt;/tr&gt;
&lt;tr&gt;&lt;td&gt;Speed: 1.3 mph&lt;/td&gt;&lt;/tr&gt;
&lt;tr&gt;&lt;td&gt;Heading: 198.9&lt;/td&gt;&lt;/tr&gt;
&lt;tr&gt;&lt;td&gt;Time: 2021-02-19T20:23:14Z&lt;/td&gt;&lt;/tr&gt;
&lt;/table&gt;
</description>
        <LookAt>
          <longitude>-71.848049</longitude>
          <latitude>-13.41095</latitude>
          <tilt>66</tilt>
        </LookAt>
        <TimeStamp>
          <when>2021-02-19T20:23:14Z</when>
        </TimeStamp>
        <styleUrl>#track</styleUrl>
        <Point>
          <coordinates>-71.848049,-13.410950,3421.53</coordinates>
        </Point>
      </Placemark>
      <Placemark>
        <name>Apu Linli hike - Wikiloc-1255</name>
        <snippet></snippet>
        <description>
&lt;table&gt;
&lt;tr&gt;&lt;td&gt;Longitude: -71.848028&lt;/td&gt;&lt;/tr&gt;
&lt;tr&gt;&lt;td&gt;Latitude: -13.411009&lt;/td&gt;&lt;/tr&gt;
&lt;tr&gt;&lt;td&gt;Altitude: 11216.165 ft&lt;/td&gt;&lt;/tr&gt;
&lt;tr&gt;&lt;td&gt;Speed: 2.6 mph&lt;/td&gt;&lt;/tr&gt;
&lt;tr&gt;&lt;td&gt;Heading: 160.9&lt;/td&gt;&lt;/tr&gt;
&lt;tr&gt;&lt;td&gt;Time: 2021-02-19T20:23:20Z&lt;/td&gt;&lt;/tr&gt;
&lt;/table&gt;
</description>
        <LookAt>
          <longitude>-71.848028</longitude>
          <latitude>-13.411009</latitude>
          <tilt>66</tilt>
        </LookAt>
        <TimeStamp>
          <when>2021-02-19T20:23:20Z</when>
        </TimeStamp>
        <styleUrl>#track</styleUrl>
        <Point>
          <coordinates>-71.848028,-13.411009,3418.69</coordinates>
        </Point>
      </Placemark>
      <Placemark>
        <name>Apu Linli hike - Wikiloc-1256</name>
        <snippet></snippet>
        <description>
&lt;table&gt;
&lt;tr&gt;&lt;td&gt;Longitude: -71.847965&lt;/td&gt;&lt;/tr&gt;
&lt;tr&gt;&lt;td&gt;Latitude: -13.410982&lt;/td&gt;&lt;/tr&gt;
&lt;tr&gt;&lt;td&gt;Altitude: 11206.499 ft&lt;/td&gt;&lt;/tr&gt;
&lt;tr&gt;&lt;td&gt;Speed: 2.8 mph&lt;/td&gt;&lt;/tr&gt;
&lt;tr&gt;&lt;td&gt;Heading: 66.2&lt;/td&gt;&lt;/tr&gt;
&lt;tr&gt;&lt;td&gt;Time: 2021-02-19T20:23:26Z&lt;/td&gt;&lt;/tr&gt;
&lt;/table&gt;
</description>
        <LookAt>
          <longitude>-71.847965</longitude>
          <latitude>-13.410982</latitude>
          <tilt>66</tilt>
        </LookAt>
        <TimeStamp>
          <when>2021-02-19T20:23:26Z</when>
        </TimeStamp>
        <styleUrl>#track</styleUrl>
        <Point>
          <coordinates>-71.847965,-13.410982,3415.74</coordinates>
        </Point>
      </Placemark>
      <Placemark>
        <name>Apu Linli hike - Wikiloc-1257</name>
        <snippet></snippet>
        <description>
&lt;table&gt;
&lt;tr&gt;&lt;td&gt;Longitude: -71.847942&lt;/td&gt;&lt;/tr&gt;
&lt;tr&gt;&lt;td&gt;Latitude: -13.411021&lt;/td&gt;&lt;/tr&gt;
&lt;tr&gt;&lt;td&gt;Altitude: 11194.708 ft&lt;/td&gt;&lt;/tr&gt;
&lt;tr&gt;&lt;td&gt;Speed: 0.8 mph&lt;/td&gt;&lt;/tr&gt;
&lt;tr&gt;&lt;td&gt;Heading: 150.2&lt;/td&gt;&lt;/tr&gt;
&lt;tr&gt;&lt;td&gt;Time: 2021-02-19T20:23:40Z&lt;/td&gt;&lt;/tr&gt;
&lt;/table&gt;
</description>
        <LookAt>
          <longitude>-71.847942</longitude>
          <latitude>-13.411021</latitude>
          <tilt>66</tilt>
        </LookAt>
        <TimeStamp>
          <when>2021-02-19T20:23:40Z</when>
        </TimeStamp>
        <styleUrl>#track</styleUrl>
        <Point>
          <coordinates>-71.847942,-13.411021,3412.15</coordinates>
        </Point>
      </Placemark>
      <Placemark>
        <name>Apu Linli hike - Wikiloc-1258</name>
        <snippet></snippet>
        <description>
&lt;table&gt;
&lt;tr&gt;&lt;td&gt;Longitude: -71.847888&lt;/td&gt;&lt;/tr&gt;
&lt;tr&gt;&lt;td&gt;Latitude: -13.410990&lt;/td&gt;&lt;/tr&gt;
&lt;tr&gt;&lt;td&gt;Altitude: 11185.512 ft&lt;/td&gt;&lt;/tr&gt;
&lt;tr&gt;&lt;td&gt;Speed: 2.5 mph&lt;/td&gt;&lt;/tr&gt;
&lt;tr&gt;&lt;td&gt;Heading: 59.5&lt;/td&gt;&lt;/tr&gt;
&lt;tr&gt;&lt;td&gt;Time: 2021-02-19T20:23:46Z&lt;/td&gt;&lt;/tr&gt;
&lt;/table&gt;
</description>
        <LookAt>
          <longitude>-71.847888</longitude>
          <latitude>-13.41099</latitude>
          <tilt>66</tilt>
        </LookAt>
        <TimeStamp>
          <when>2021-02-19T20:23:46Z</when>
        </TimeStamp>
        <styleUrl>#track</styleUrl>
        <Point>
          <coordinates>-71.847888,-13.410990,3409.34</coordinates>
        </Point>
      </Placemark>
      <Placemark>
        <name>Apu Linli hike - Wikiloc-1259</name>
        <snippet></snippet>
        <description>
&lt;table&gt;
&lt;tr&gt;&lt;td&gt;Longitude: -71.847844&lt;/td&gt;&lt;/tr&gt;
&lt;tr&gt;&lt;td&gt;Latitude: -13.410975&lt;/td&gt;&lt;/tr&gt;
&lt;tr&gt;&lt;td&gt;Altitude: 11178.228 ft&lt;/td&gt;&lt;/tr&gt;
&lt;tr&gt;&lt;td&gt;Speed: 2.8 mph&lt;/td&gt;&lt;/tr&gt;
&lt;tr&gt;&lt;td&gt;Heading: 70.7&lt;/td&gt;&lt;/tr&gt;
&lt;tr&gt;&lt;td&gt;Time: 2021-02-19T20:23:50Z&lt;/td&gt;&lt;/tr&gt;
&lt;/table&gt;
</description>
        <LookAt>
          <longitude>-71.847844</longitude>
          <latitude>-13.410975</latitude>
          <tilt>66</tilt>
        </LookAt>
        <TimeStamp>
          <when>2021-02-19T20:23:50Z</when>
        </TimeStamp>
        <styleUrl>#track</styleUrl>
        <Point>
          <coordinates>-71.847844,-13.410975,3407.12</coordinates>
        </Point>
      </Placemark>
      <Placemark>
        <name>Apu Linli hike - Wikiloc-1260</name>
        <snippet></snippet>
        <description>
&lt;table&gt;
&lt;tr&gt;&lt;td&gt;Longitude: -71.847794&lt;/td&gt;&lt;/tr&gt;
&lt;tr&gt;&lt;td&gt;Latitude: -13.410933&lt;/td&gt;&lt;/tr&gt;
&lt;tr&gt;&lt;td&gt;Altitude: 11171.135 ft&lt;/td&gt;&lt;/tr&gt;
&lt;tr&gt;&lt;td&gt;Speed: 2.7 mph&lt;/td&gt;&lt;/tr&gt;
&lt;tr&gt;&lt;td&gt;Heading: 49.2&lt;/td&gt;&lt;/tr&gt;
&lt;tr&gt;&lt;td&gt;Time: 2021-02-19T20:23:56Z&lt;/td&gt;&lt;/tr&gt;
&lt;/table&gt;
</description>
        <LookAt>
          <longitude>-71.847794</longitude>
          <latitude>-13.410933</latitude>
          <tilt>66</tilt>
        </LookAt>
        <TimeStamp>
          <when>2021-02-19T20:23:56Z</when>
        </TimeStamp>
        <styleUrl>#track</styleUrl>
        <Point>
          <coordinates>-71.847794,-13.410933,3404.96</coordinates>
        </Point>
      </Placemark>
      <Placemark>
        <name>Apu Linli hike - Wikiloc-1261</name>
        <snippet></snippet>
        <description>
&lt;table&gt;
&lt;tr&gt;&lt;td&gt;Longitude: -71.847746&lt;/td&gt;&lt;/tr&gt;
&lt;tr&gt;&lt;td&gt;Latitude: -13.410903&lt;/td&gt;&lt;/tr&gt;
&lt;tr&gt;&lt;td&gt;Altitude: 11163.002 ft&lt;/td&gt;&lt;/tr&gt;
&lt;tr&gt;&lt;td&gt;Speed: 2.3 mph&lt;/td&gt;&lt;/tr&gt;
&lt;tr&gt;&lt;td&gt;Heading: 57.3&lt;/td&gt;&lt;/tr&gt;
&lt;tr&gt;&lt;td&gt;Time: 2021-02-19T20:24:02Z&lt;/td&gt;&lt;/tr&gt;
&lt;/table&gt;
</description>
        <LookAt>
          <longitude>-71.847746</longitude>
          <latitude>-13.410903</latitude>
          <tilt>66</tilt>
        </LookAt>
        <TimeStamp>
          <when>2021-02-19T20:24:02Z</when>
        </TimeStamp>
        <styleUrl>#track</styleUrl>
        <Point>
          <coordinates>-71.847746,-13.410903,3402.48</coordinates>
        </Point>
      </Placemark>
      <Placemark>
        <name>Apu Linli hike - Wikiloc-1262</name>
        <snippet></snippet>
        <description>
&lt;table&gt;
&lt;tr&gt;&lt;td&gt;Longitude: -71.847738&lt;/td&gt;&lt;/tr&gt;
&lt;tr&gt;&lt;td&gt;Latitude: -13.410955&lt;/td&gt;&lt;/tr&gt;
&lt;tr&gt;&lt;td&gt;Altitude: 11155.220 ft&lt;/td&gt;&lt;/tr&gt;
&lt;tr&gt;&lt;td&gt;Speed: 2.2 mph&lt;/td&gt;&lt;/tr&gt;
&lt;tr&gt;&lt;td&gt;Heading: 171.5&lt;/td&gt;&lt;/tr&gt;
&lt;tr&gt;&lt;td&gt;Time: 2021-02-19T20:24:08Z&lt;/td&gt;&lt;/tr&gt;
&lt;/table&gt;
</description>
        <LookAt>
          <longitude>-71.847738</longitude>
          <latitude>-13.410955</latitude>
          <tilt>66</tilt>
        </LookAt>
        <TimeStamp>
          <when>2021-02-19T20:24:08Z</when>
        </TimeStamp>
        <styleUrl>#track</styleUrl>
        <Point>
          <coordinates>-71.847738,-13.410955,3400.11</coordinates>
        </Point>
      </Placemark>
      <Placemark>
        <name>Apu Linli hike - Wikiloc-1263</name>
        <snippet></snippet>
        <description>
&lt;table&gt;
&lt;tr&gt;&lt;td&gt;Longitude: -71.847682&lt;/td&gt;&lt;/tr&gt;
&lt;tr&gt;&lt;td&gt;Latitude: -13.410971&lt;/td&gt;&lt;/tr&gt;
&lt;tr&gt;&lt;td&gt;Altitude: 11148.648 ft&lt;/td&gt;&lt;/tr&gt;
&lt;tr&gt;&lt;td&gt;Speed: 1.4 mph&lt;/td&gt;&lt;/tr&gt;
&lt;tr&gt;&lt;td&gt;Heading: 106.4&lt;/td&gt;&lt;/tr&gt;
&lt;tr&gt;&lt;td&gt;Time: 2021-02-19T20:24:18Z&lt;/td&gt;&lt;/tr&gt;
&lt;/table&gt;
</description>
        <LookAt>
          <longitude>-71.847682</longitude>
          <latitude>-13.410971</latitude>
          <tilt>66</tilt>
        </LookAt>
        <TimeStamp>
          <when>2021-02-19T20:24:18Z</when>
        </TimeStamp>
        <styleUrl>#track</styleUrl>
        <Point>
          <coordinates>-71.847682,-13.410971,3398.11</coordinates>
        </Point>
      </Placemark>
      <Placemark>
        <name>Apu Linli hike - Wikiloc-1264</name>
        <snippet></snippet>
        <description>
&lt;table&gt;
&lt;tr&gt;&lt;td&gt;Longitude: -71.847626&lt;/td&gt;&lt;/tr&gt;
&lt;tr&gt;&lt;td&gt;Latitude: -13.410992&lt;/td&gt;&lt;/tr&gt;
&lt;tr&gt;&lt;td&gt;Altitude: 11141.575 ft&lt;/td&gt;&lt;/tr&gt;
&lt;tr&gt;&lt;td&gt;Speed: 2.4 mph&lt;/td&gt;&lt;/tr&gt;
&lt;tr&gt;&lt;td&gt;Heading: 111.1&lt;/td&gt;&lt;/tr&gt;
&lt;tr&gt;&lt;td&gt;Time: 2021-02-19T20:24:24Z&lt;/td&gt;&lt;/tr&gt;
&lt;/table&gt;
</description>
        <LookAt>
          <longitude>-71.847626</longitude>
          <latitude>-13.410992</latitude>
          <tilt>66</tilt>
        </LookAt>
        <TimeStamp>
          <when>2021-02-19T20:24:24Z</when>
        </TimeStamp>
        <styleUrl>#track</styleUrl>
        <Point>
          <coordinates>-71.847626,-13.410992,3395.95</coordinates>
        </Point>
      </Placemark>
      <Placemark>
        <name>Apu Linli hike - Wikiloc-1265</name>
        <snippet></snippet>
        <description>
&lt;table&gt;
&lt;tr&gt;&lt;td&gt;Longitude: -71.847577&lt;/td&gt;&lt;/tr&gt;
&lt;tr&gt;&lt;td&gt;Latitude: -13.411008&lt;/td&gt;&lt;/tr&gt;
&lt;tr&gt;&lt;td&gt;Altitude: 11135.899 ft&lt;/td&gt;&lt;/tr&gt;
&lt;tr&gt;&lt;td&gt;Speed: 3.1 mph&lt;/td&gt;&lt;/tr&gt;
&lt;tr&gt;&lt;td&gt;Heading: 108.6&lt;/td&gt;&lt;/tr&gt;
&lt;tr&gt;&lt;td&gt;Time: 2021-02-19T20:24:28Z&lt;/td&gt;&lt;/tr&gt;
&lt;/table&gt;
</description>
        <LookAt>
          <longitude>-71.847577</longitude>
          <latitude>-13.411008</latitude>
          <tilt>66</tilt>
        </LookAt>
        <TimeStamp>
          <when>2021-02-19T20:24:28Z</when>
        </TimeStamp>
        <styleUrl>#track</styleUrl>
        <Point>
          <coordinates>-71.847577,-13.411008,3394.22</coordinates>
        </Point>
      </Placemark>
      <Placemark>
        <name>Apu Linli hike - Wikiloc-1266</name>
        <snippet></snippet>
        <description>
&lt;table&gt;
&lt;tr&gt;&lt;td&gt;Longitude: -71.847535&lt;/td&gt;&lt;/tr&gt;
&lt;tr&gt;&lt;td&gt;Latitude: -13.411027&lt;/td&gt;&lt;/tr&gt;
&lt;tr&gt;&lt;td&gt;Altitude: 11130.896 ft&lt;/td&gt;&lt;/tr&gt;
&lt;tr&gt;&lt;td&gt;Speed: 2.8 mph&lt;/td&gt;&lt;/tr&gt;
&lt;tr&gt;&lt;td&gt;Heading: 114.9&lt;/td&gt;&lt;/tr&gt;
&lt;tr&gt;&lt;td&gt;Time: 2021-02-19T20:24:32Z&lt;/td&gt;&lt;/tr&gt;
&lt;/table&gt;
</description>
        <LookAt>
          <longitude>-71.847535</longitude>
          <latitude>-13.411027</latitude>
          <tilt>66</tilt>
        </LookAt>
        <TimeStamp>
          <when>2021-02-19T20:24:32Z</when>
        </TimeStamp>
        <styleUrl>#track</styleUrl>
        <Point>
          <coordinates>-71.847535,-13.411027,3392.70</coordinates>
        </Point>
      </Placemark>
      <Placemark>
        <name>Apu Linli hike - Wikiloc-1267</name>
        <snippet></snippet>
        <description>
&lt;table&gt;
&lt;tr&gt;&lt;td&gt;Longitude: -71.847475&lt;/td&gt;&lt;/tr&gt;
&lt;tr&gt;&lt;td&gt;Latitude: -13.411002&lt;/td&gt;&lt;/tr&gt;
&lt;tr&gt;&lt;td&gt;Altitude: 11123.907 ft&lt;/td&gt;&lt;/tr&gt;
&lt;tr&gt;&lt;td&gt;Speed: 2.6 mph&lt;/td&gt;&lt;/tr&gt;
&lt;tr&gt;&lt;td&gt;Heading: 66.8&lt;/td&gt;&lt;/tr&gt;
&lt;tr&gt;&lt;td&gt;Time: 2021-02-19T20:24:38Z&lt;/td&gt;&lt;/tr&gt;
&lt;/table&gt;
</description>
        <LookAt>
          <longitude>-71.847475</longitude>
          <latitude>-13.411002</latitude>
          <tilt>66</tilt>
        </LookAt>
        <TimeStamp>
          <when>2021-02-19T20:24:38Z</when>
        </TimeStamp>
        <styleUrl>#track</styleUrl>
        <Point>
          <coordinates>-71.847475,-13.411002,3390.57</coordinates>
        </Point>
      </Placemark>
      <Placemark>
        <name>Apu Linli hike - Wikiloc-1268</name>
        <snippet></snippet>
        <description>
&lt;table&gt;
&lt;tr&gt;&lt;td&gt;Longitude: -71.847420&lt;/td&gt;&lt;/tr&gt;
&lt;tr&gt;&lt;td&gt;Latitude: -13.410986&lt;/td&gt;&lt;/tr&gt;
&lt;tr&gt;&lt;td&gt;Altitude: 11116.178 ft&lt;/td&gt;&lt;/tr&gt;
&lt;tr&gt;&lt;td&gt;Speed: 2.3 mph&lt;/td&gt;&lt;/tr&gt;
&lt;tr&gt;&lt;td&gt;Heading: 73.3&lt;/td&gt;&lt;/tr&gt;
&lt;tr&gt;&lt;td&gt;Time: 2021-02-19T20:24:44Z&lt;/td&gt;&lt;/tr&gt;
&lt;/table&gt;
</description>
        <LookAt>
          <longitude>-71.84742</longitude>
          <latitude>-13.410986</latitude>
          <tilt>66</tilt>
        </LookAt>
        <TimeStamp>
          <when>2021-02-19T20:24:44Z</when>
        </TimeStamp>
        <styleUrl>#track</styleUrl>
        <Point>
          <coordinates>-71.847420,-13.410986,3388.21</coordinates>
        </Point>
      </Placemark>
      <Placemark>
        <name>Apu Linli hike - Wikiloc-1269</name>
        <snippet></snippet>
        <description>
&lt;table&gt;
&lt;tr&gt;&lt;td&gt;Longitude: -71.847369&lt;/td&gt;&lt;/tr&gt;
&lt;tr&gt;&lt;td&gt;Latitude: -13.410993&lt;/td&gt;&lt;/tr&gt;
&lt;tr&gt;&lt;td&gt;Altitude: 11108.389 ft&lt;/td&gt;&lt;/tr&gt;
&lt;tr&gt;&lt;td&gt;Speed: 3.1 mph&lt;/td&gt;&lt;/tr&gt;
&lt;tr&gt;&lt;td&gt;Heading: 98.0&lt;/td&gt;&lt;/tr&gt;
&lt;tr&gt;&lt;td&gt;Time: 2021-02-19T20:24:48Z&lt;/td&gt;&lt;/tr&gt;
&lt;/table&gt;
</description>
        <LookAt>
          <longitude>-71.847369</longitude>
          <latitude>-13.410993</latitude>
          <tilt>66</tilt>
        </LookAt>
        <TimeStamp>
          <when>2021-02-19T20:24:48Z</when>
        </TimeStamp>
        <styleUrl>#track</styleUrl>
        <Point>
          <coordinates>-71.847369,-13.410993,3385.84</coordinates>
        </Point>
      </Placemark>
      <Placemark>
        <name>Apu Linli hike - Wikiloc-1270</name>
        <snippet></snippet>
        <description>
&lt;table&gt;
&lt;tr&gt;&lt;td&gt;Longitude: -71.847319&lt;/td&gt;&lt;/tr&gt;
&lt;tr&gt;&lt;td&gt;Latitude: -13.410998&lt;/td&gt;&lt;/tr&gt;
&lt;tr&gt;&lt;td&gt;Altitude: 11102.178 ft&lt;/td&gt;&lt;/tr&gt;
&lt;tr&gt;&lt;td&gt;Speed: 3.0 mph&lt;/td&gt;&lt;/tr&gt;
&lt;tr&gt;&lt;td&gt;Heading: 95.9&lt;/td&gt;&lt;/tr&gt;
&lt;tr&gt;&lt;td&gt;Time: 2021-02-19T20:24:52Z&lt;/td&gt;&lt;/tr&gt;
&lt;/table&gt;
</description>
        <LookAt>
          <longitude>-71.847319</longitude>
          <latitude>-13.410998</latitude>
          <tilt>66</tilt>
        </LookAt>
        <TimeStamp>
          <when>2021-02-19T20:24:52Z</when>
        </TimeStamp>
        <styleUrl>#track</styleUrl>
        <Point>
          <coordinates>-71.847319,-13.410998,3383.94</coordinates>
        </Point>
      </Placemark>
      <Placemark>
        <name>Apu Linli hike - Wikiloc-1271</name>
        <snippet></snippet>
        <description>
&lt;table&gt;
&lt;tr&gt;&lt;td&gt;Longitude: -71.847270&lt;/td&gt;&lt;/tr&gt;
&lt;tr&gt;&lt;td&gt;Latitude: -13.411004&lt;/td&gt;&lt;/tr&gt;
&lt;tr&gt;&lt;td&gt;Altitude: 11097.060 ft&lt;/td&gt;&lt;/tr&gt;
&lt;tr&gt;&lt;td&gt;Speed: 3.0 mph&lt;/td&gt;&lt;/tr&gt;
&lt;tr&gt;&lt;td&gt;Heading: 97.2&lt;/td&gt;&lt;/tr&gt;
&lt;tr&gt;&lt;td&gt;Time: 2021-02-19T20:24:56Z&lt;/td&gt;&lt;/tr&gt;
&lt;/table&gt;
</description>
        <LookAt>
          <longitude>-71.84727</longitude>
          <latitude>-13.411004</latitude>
          <tilt>66</tilt>
        </LookAt>
        <TimeStamp>
          <when>2021-02-19T20:24:56Z</when>
        </TimeStamp>
        <styleUrl>#track</styleUrl>
        <Point>
          <coordinates>-71.847270,-13.411004,3382.38</coordinates>
        </Point>
      </Placemark>
      <Placemark>
        <name>Apu Linli hike - Wikiloc-1272</name>
        <snippet></snippet>
        <description>
&lt;table&gt;
&lt;tr&gt;&lt;td&gt;Longitude: -71.847210&lt;/td&gt;&lt;/tr&gt;
&lt;tr&gt;&lt;td&gt;Latitude: -13.411026&lt;/td&gt;&lt;/tr&gt;
&lt;tr&gt;&lt;td&gt;Altitude: 11090.308 ft&lt;/td&gt;&lt;/tr&gt;
&lt;tr&gt;&lt;td&gt;Speed: 2.6 mph&lt;/td&gt;&lt;/tr&gt;
&lt;tr&gt;&lt;td&gt;Heading: 110.7&lt;/td&gt;&lt;/tr&gt;
&lt;tr&gt;&lt;td&gt;Time: 2021-02-19T20:25:02Z&lt;/td&gt;&lt;/tr&gt;
&lt;/table&gt;
</description>
        <LookAt>
          <longitude>-71.84721</longitude>
          <latitude>-13.411026</latitude>
          <tilt>66</tilt>
        </LookAt>
        <TimeStamp>
          <when>2021-02-19T20:25:02Z</when>
        </TimeStamp>
        <styleUrl>#track</styleUrl>
        <Point>
          <coordinates>-71.847210,-13.411026,3380.33</coordinates>
        </Point>
      </Placemark>
      <Placemark>
        <name>Apu Linli hike - Wikiloc-1273</name>
        <snippet></snippet>
        <description>
&lt;table&gt;
&lt;tr&gt;&lt;td&gt;Longitude: -71.847259&lt;/td&gt;&lt;/tr&gt;
&lt;tr&gt;&lt;td&gt;Latitude: -13.411061&lt;/td&gt;&lt;/tr&gt;
&lt;tr&gt;&lt;td&gt;Altitude: 11085.128 ft&lt;/td&gt;&lt;/tr&gt;
&lt;tr&gt;&lt;td&gt;Speed: 2.5 mph&lt;/td&gt;&lt;/tr&gt;
&lt;tr&gt;&lt;td&gt;Heading: 233.7&lt;/td&gt;&lt;/tr&gt;
&lt;tr&gt;&lt;td&gt;Time: 2021-02-19T20:25:08Z&lt;/td&gt;&lt;/tr&gt;
&lt;/table&gt;
</description>
        <LookAt>
          <longitude>-71.847259</longitude>
          <latitude>-13.411061</latitude>
          <tilt>66</tilt>
        </LookAt>
        <TimeStamp>
          <when>2021-02-19T20:25:08Z</when>
        </TimeStamp>
        <styleUrl>#track</styleUrl>
        <Point>
          <coordinates>-71.847259,-13.411061,3378.75</coordinates>
        </Point>
      </Placemark>
      <Placemark>
        <name>Apu Linli hike - Wikiloc-1274</name>
        <snippet></snippet>
        <description>
&lt;table&gt;
&lt;tr&gt;&lt;td&gt;Longitude: -71.847297&lt;/td&gt;&lt;/tr&gt;
&lt;tr&gt;&lt;td&gt;Latitude: -13.411094&lt;/td&gt;&lt;/tr&gt;
&lt;tr&gt;&lt;td&gt;Altitude: 11082.713 ft&lt;/td&gt;&lt;/tr&gt;
&lt;tr&gt;&lt;td&gt;Speed: 3.1 mph&lt;/td&gt;&lt;/tr&gt;
&lt;tr&gt;&lt;td&gt;Heading: 228.2&lt;/td&gt;&lt;/tr&gt;
&lt;tr&gt;&lt;td&gt;Time: 2021-02-19T20:25:12Z&lt;/td&gt;&lt;/tr&gt;
&lt;/table&gt;
</description>
        <LookAt>
          <longitude>-71.847297</longitude>
          <latitude>-13.411094</latitude>
          <tilt>66</tilt>
        </LookAt>
        <TimeStamp>
          <when>2021-02-19T20:25:12Z</when>
        </TimeStamp>
        <styleUrl>#track</styleUrl>
        <Point>
          <coordinates>-71.847297,-13.411094,3378.01</coordinates>
        </Point>
      </Placemark>
      <Placemark>
        <name>Apu Linli hike - Wikiloc-1275</name>
        <snippet></snippet>
        <description>
&lt;table&gt;
&lt;tr&gt;&lt;td&gt;Longitude: -71.847355&lt;/td&gt;&lt;/tr&gt;
&lt;tr&gt;&lt;td&gt;Latitude: -13.411110&lt;/td&gt;&lt;/tr&gt;
&lt;tr&gt;&lt;td&gt;Altitude: 11076.470 ft&lt;/td&gt;&lt;/tr&gt;
&lt;tr&gt;&lt;td&gt;Speed: 2.4 mph&lt;/td&gt;&lt;/tr&gt;
&lt;tr&gt;&lt;td&gt;Heading: 254.2&lt;/td&gt;&lt;/tr&gt;
&lt;tr&gt;&lt;td&gt;Time: 2021-02-19T20:25:18Z&lt;/td&gt;&lt;/tr&gt;
&lt;/table&gt;
</description>
        <LookAt>
          <longitude>-71.847355</longitude>
          <latitude>-13.41111</latitude>
          <tilt>66</tilt>
        </LookAt>
        <TimeStamp>
          <when>2021-02-19T20:25:18Z</when>
        </TimeStamp>
        <styleUrl>#track</styleUrl>
        <Point>
          <coordinates>-71.847355,-13.411110,3376.11</coordinates>
        </Point>
      </Placemark>
      <Placemark>
        <name>Apu Linli hike - Wikiloc-1276</name>
        <snippet></snippet>
        <description>
&lt;table&gt;
&lt;tr&gt;&lt;td&gt;Longitude: -71.847402&lt;/td&gt;&lt;/tr&gt;
&lt;tr&gt;&lt;td&gt;Latitude: -13.411107&lt;/td&gt;&lt;/tr&gt;
&lt;tr&gt;&lt;td&gt;Altitude: 11071.909 ft&lt;/td&gt;&lt;/tr&gt;
&lt;tr&gt;&lt;td&gt;Speed: 2.9 mph&lt;/td&gt;&lt;/tr&gt;
&lt;tr&gt;&lt;td&gt;Heading: 273.8&lt;/td&gt;&lt;/tr&gt;
&lt;tr&gt;&lt;td&gt;Time: 2021-02-19T20:25:22Z&lt;/td&gt;&lt;/tr&gt;
&lt;/table&gt;
</description>
        <LookAt>
          <longitude>-71.847402</longitude>
          <latitude>-13.411107</latitude>
          <tilt>66</tilt>
        </LookAt>
        <TimeStamp>
          <when>2021-02-19T20:25:22Z</when>
        </TimeStamp>
        <styleUrl>#track</styleUrl>
        <Point>
          <coordinates>-71.847402,-13.411107,3374.72</coordinates>
        </Point>
      </Placemark>
      <Placemark>
        <name>Apu Linli hike - Wikiloc-1277</name>
        <snippet></snippet>
        <description>
&lt;table&gt;
&lt;tr&gt;&lt;td&gt;Longitude: -71.847464&lt;/td&gt;&lt;/tr&gt;
&lt;tr&gt;&lt;td&gt;Latitude: -13.411106&lt;/td&gt;&lt;/tr&gt;
&lt;tr&gt;&lt;td&gt;Altitude: 11066.890 ft&lt;/td&gt;&lt;/tr&gt;
&lt;tr&gt;&lt;td&gt;Speed: 2.5 mph&lt;/td&gt;&lt;/tr&gt;
&lt;tr&gt;&lt;td&gt;Heading: 270.9&lt;/td&gt;&lt;/tr&gt;
&lt;tr&gt;&lt;td&gt;Time: 2021-02-19T20:25:28Z&lt;/td&gt;&lt;/tr&gt;
&lt;/table&gt;
</description>
        <LookAt>
          <longitude>-71.847464</longitude>
          <latitude>-13.411106</latitude>
          <tilt>66</tilt>
        </LookAt>
        <TimeStamp>
          <when>2021-02-19T20:25:28Z</when>
        </TimeStamp>
        <styleUrl>#track</styleUrl>
        <Point>
          <coordinates>-71.847464,-13.411106,3373.19</coordinates>
        </Point>
      </Placemark>
      <Placemark>
        <name>Apu Linli hike - Wikiloc-1278</name>
        <snippet></snippet>
        <description>
&lt;table&gt;
&lt;tr&gt;&lt;td&gt;Longitude: -71.847510&lt;/td&gt;&lt;/tr&gt;
&lt;tr&gt;&lt;td&gt;Latitude: -13.411122&lt;/td&gt;&lt;/tr&gt;
&lt;tr&gt;&lt;td&gt;Altitude: 11061.132 ft&lt;/td&gt;&lt;/tr&gt;
&lt;tr&gt;&lt;td&gt;Speed: 3.0 mph&lt;/td&gt;&lt;/tr&gt;
&lt;tr&gt;&lt;td&gt;Heading: 250.3&lt;/td&gt;&lt;/tr&gt;
&lt;tr&gt;&lt;td&gt;Time: 2021-02-19T20:25:32Z&lt;/td&gt;&lt;/tr&gt;
&lt;/table&gt;
</description>
        <LookAt>
          <longitude>-71.84751</longitude>
          <latitude>-13.411122</latitude>
          <tilt>66</tilt>
        </LookAt>
        <TimeStamp>
          <when>2021-02-19T20:25:32Z</when>
        </TimeStamp>
        <styleUrl>#track</styleUrl>
        <Point>
          <coordinates>-71.847510,-13.411122,3371.43</coordinates>
        </Point>
      </Placemark>
      <Placemark>
        <name>Apu Linli hike - Wikiloc-1279</name>
        <snippet></snippet>
        <description>
&lt;table&gt;
&lt;tr&gt;&lt;td&gt;Longitude: -71.847544&lt;/td&gt;&lt;/tr&gt;
&lt;tr&gt;&lt;td&gt;Latitude: -13.411156&lt;/td&gt;&lt;/tr&gt;
&lt;tr&gt;&lt;td&gt;Altitude: 11054.701 ft&lt;/td&gt;&lt;/tr&gt;
&lt;tr&gt;&lt;td&gt;Speed: 3.0 mph&lt;/td&gt;&lt;/tr&gt;
&lt;tr&gt;&lt;td&gt;Heading: 224.2&lt;/td&gt;&lt;/tr&gt;
&lt;tr&gt;&lt;td&gt;Time: 2021-02-19T20:25:36Z&lt;/td&gt;&lt;/tr&gt;
&lt;/table&gt;
</description>
        <LookAt>
          <longitude>-71.847544</longitude>
          <latitude>-13.411156</latitude>
          <tilt>66</tilt>
        </LookAt>
        <TimeStamp>
          <when>2021-02-19T20:25:36Z</when>
        </TimeStamp>
        <styleUrl>#track</styleUrl>
        <Point>
          <coordinates>-71.847544,-13.411156,3369.47</coordinates>
        </Point>
      </Placemark>
      <Placemark>
        <name>Apu Linli hike - Wikiloc-1280</name>
        <snippet></snippet>
        <description>
&lt;table&gt;
&lt;tr&gt;&lt;td&gt;Longitude: -71.847575&lt;/td&gt;&lt;/tr&gt;
&lt;tr&gt;&lt;td&gt;Latitude: -13.411193&lt;/td&gt;&lt;/tr&gt;
&lt;tr&gt;&lt;td&gt;Altitude: 11048.284 ft&lt;/td&gt;&lt;/tr&gt;
&lt;tr&gt;&lt;td&gt;Speed: 3.0 mph&lt;/td&gt;&lt;/tr&gt;
&lt;tr&gt;&lt;td&gt;Heading: 219.2&lt;/td&gt;&lt;/tr&gt;
&lt;tr&gt;&lt;td&gt;Time: 2021-02-19T20:25:40Z&lt;/td&gt;&lt;/tr&gt;
&lt;/table&gt;
</description>
        <LookAt>
          <longitude>-71.847575</longitude>
          <latitude>-13.411193</latitude>
          <tilt>66</tilt>
        </LookAt>
        <TimeStamp>
          <when>2021-02-19T20:25:40Z</when>
        </TimeStamp>
        <styleUrl>#track</styleUrl>
        <Point>
          <coordinates>-71.847575,-13.411193,3367.52</coordinates>
        </Point>
      </Placemark>
      <Placemark>
        <name>Apu Linli hike - Wikiloc-1281</name>
        <snippet></snippet>
        <description>
&lt;table&gt;
&lt;tr&gt;&lt;td&gt;Longitude: -71.847615&lt;/td&gt;&lt;/tr&gt;
&lt;tr&gt;&lt;td&gt;Latitude: -13.411239&lt;/td&gt;&lt;/tr&gt;
&lt;tr&gt;&lt;td&gt;Altitude: 11051.125 ft&lt;/td&gt;&lt;/tr&gt;
&lt;tr&gt;&lt;td&gt;Speed: 3.0 mph&lt;/td&gt;&lt;/tr&gt;
&lt;tr&gt;&lt;td&gt;Heading: 220.2&lt;/td&gt;&lt;/tr&gt;
&lt;tr&gt;&lt;td&gt;Time: 2021-02-19T20:25:45Z&lt;/td&gt;&lt;/tr&gt;
&lt;/table&gt;
</description>
        <LookAt>
          <longitude>-71.847615</longitude>
          <latitude>-13.411239</latitude>
          <tilt>66</tilt>
        </LookAt>
        <TimeStamp>
          <when>2021-02-19T20:25:45Z</when>
        </TimeStamp>
        <styleUrl>#track</styleUrl>
        <Point>
          <coordinates>-71.847615,-13.411239,3368.38</coordinates>
        </Point>
      </Placemark>
      <Placemark>
        <name>Apu Linli hike - Wikiloc-1282</name>
        <snippet></snippet>
        <description>
&lt;table&gt;
&lt;tr&gt;&lt;td&gt;Longitude: -71.847658&lt;/td&gt;&lt;/tr&gt;
&lt;tr&gt;&lt;td&gt;Latitude: -13.411281&lt;/td&gt;&lt;/tr&gt;
&lt;tr&gt;&lt;td&gt;Altitude: 11047.736 ft&lt;/td&gt;&lt;/tr&gt;
&lt;tr&gt;&lt;td&gt;Speed: 4.9 mph&lt;/td&gt;&lt;/tr&gt;
&lt;tr&gt;&lt;td&gt;Heading: 224.9&lt;/td&gt;&lt;/tr&gt;
&lt;tr&gt;&lt;td&gt;Time: 2021-02-19T20:25:48Z&lt;/td&gt;&lt;/tr&gt;
&lt;/table&gt;
</description>
        <LookAt>
          <longitude>-71.847658</longitude>
          <latitude>-13.411281</latitude>
          <tilt>66</tilt>
        </LookAt>
        <TimeStamp>
          <when>2021-02-19T20:25:48Z</when>
        </TimeStamp>
        <styleUrl>#track</styleUrl>
        <Point>
          <coordinates>-71.847658,-13.411281,3367.35</coordinates>
        </Point>
      </Placemark>
      <Placemark>
        <name>Apu Linli hike - Wikiloc-1283</name>
        <snippet></snippet>
        <description>
&lt;table&gt;
&lt;tr&gt;&lt;td&gt;Longitude: -71.847705&lt;/td&gt;&lt;/tr&gt;
&lt;tr&gt;&lt;td&gt;Latitude: -13.411298&lt;/td&gt;&lt;/tr&gt;
&lt;tr&gt;&lt;td&gt;Altitude: 11043.176 ft&lt;/td&gt;&lt;/tr&gt;
&lt;tr&gt;&lt;td&gt;Speed: 3.0 mph&lt;/td&gt;&lt;/tr&gt;
&lt;tr&gt;&lt;td&gt;Heading: 249.6&lt;/td&gt;&lt;/tr&gt;
&lt;tr&gt;&lt;td&gt;Time: 2021-02-19T20:25:52Z&lt;/td&gt;&lt;/tr&gt;
&lt;/table&gt;
</description>
        <LookAt>
          <longitude>-71.847705</longitude>
          <latitude>-13.411298</latitude>
          <tilt>66</tilt>
        </LookAt>
        <TimeStamp>
          <when>2021-02-19T20:25:52Z</when>
        </TimeStamp>
        <styleUrl>#track</styleUrl>
        <Point>
          <coordinates>-71.847705,-13.411298,3365.96</coordinates>
        </Point>
      </Placemark>
      <Placemark>
        <name>Apu Linli hike - Wikiloc-1284</name>
        <snippet></snippet>
        <description>
&lt;table&gt;
&lt;tr&gt;&lt;td&gt;Longitude: -71.847757&lt;/td&gt;&lt;/tr&gt;
&lt;tr&gt;&lt;td&gt;Latitude: -13.411313&lt;/td&gt;&lt;/tr&gt;
&lt;tr&gt;&lt;td&gt;Altitude: 11037.657 ft&lt;/td&gt;&lt;/tr&gt;
&lt;tr&gt;&lt;td&gt;Speed: 2.6 mph&lt;/td&gt;&lt;/tr&gt;
&lt;tr&gt;&lt;td&gt;Heading: 253.5&lt;/td&gt;&lt;/tr&gt;
&lt;tr&gt;&lt;td&gt;Time: 2021-02-19T20:25:57Z&lt;/td&gt;&lt;/tr&gt;
&lt;/table&gt;
</description>
        <LookAt>
          <longitude>-71.847757</longitude>
          <latitude>-13.411313</latitude>
          <tilt>66</tilt>
        </LookAt>
        <TimeStamp>
          <when>2021-02-19T20:25:57Z</when>
        </TimeStamp>
        <styleUrl>#track</styleUrl>
        <Point>
          <coordinates>-71.847757,-13.411313,3364.28</coordinates>
        </Point>
      </Placemark>
      <Placemark>
        <name>Apu Linli hike - Wikiloc-1285</name>
        <snippet></snippet>
        <description>
&lt;table&gt;
&lt;tr&gt;&lt;td&gt;Longitude: -71.847805&lt;/td&gt;&lt;/tr&gt;
&lt;tr&gt;&lt;td&gt;Latitude: -13.411342&lt;/td&gt;&lt;/tr&gt;
&lt;tr&gt;&lt;td&gt;Altitude: 11032.589 ft&lt;/td&gt;&lt;/tr&gt;
&lt;tr&gt;&lt;td&gt;Speed: 3.4 mph&lt;/td&gt;&lt;/tr&gt;
&lt;tr&gt;&lt;td&gt;Heading: 238.2&lt;/td&gt;&lt;/tr&gt;
&lt;tr&gt;&lt;td&gt;Time: 2021-02-19T20:26:01Z&lt;/td&gt;&lt;/tr&gt;
&lt;/table&gt;
</description>
        <LookAt>
          <longitude>-71.847805</longitude>
          <latitude>-13.411342</latitude>
          <tilt>66</tilt>
        </LookAt>
        <TimeStamp>
          <when>2021-02-19T20:26:01Z</when>
        </TimeStamp>
        <styleUrl>#track</styleUrl>
        <Point>
          <coordinates>-71.847805,-13.411342,3362.73</coordinates>
        </Point>
      </Placemark>
      <Placemark>
        <name>Apu Linli hike - Wikiloc-1286</name>
        <snippet></snippet>
        <description>
&lt;table&gt;
&lt;tr&gt;&lt;td&gt;Longitude: -71.847849&lt;/td&gt;&lt;/tr&gt;
&lt;tr&gt;&lt;td&gt;Latitude: -13.411357&lt;/td&gt;&lt;/tr&gt;
&lt;tr&gt;&lt;td&gt;Altitude: 11027.644 ft&lt;/td&gt;&lt;/tr&gt;
&lt;tr&gt;&lt;td&gt;Speed: 2.8 mph&lt;/td&gt;&lt;/tr&gt;
&lt;tr&gt;&lt;td&gt;Heading: 250.7&lt;/td&gt;&lt;/tr&gt;
&lt;tr&gt;&lt;td&gt;Time: 2021-02-19T20:26:05Z&lt;/td&gt;&lt;/tr&gt;
&lt;/table&gt;
</description>
        <LookAt>
          <longitude>-71.847849</longitude>
          <latitude>-13.411357</latitude>
          <tilt>66</tilt>
        </LookAt>
        <TimeStamp>
          <when>2021-02-19T20:26:05Z</when>
        </TimeStamp>
        <styleUrl>#track</styleUrl>
        <Point>
          <coordinates>-71.847849,-13.411357,3361.23</coordinates>
        </Point>
      </Placemark>
      <Placemark>
        <name>Apu Linli hike - Wikiloc-1287</name>
        <snippet></snippet>
        <description>
&lt;table&gt;
&lt;tr&gt;&lt;td&gt;Longitude: -71.847898&lt;/td&gt;&lt;/tr&gt;
&lt;tr&gt;&lt;td&gt;Latitude: -13.411386&lt;/td&gt;&lt;/tr&gt;
&lt;tr&gt;&lt;td&gt;Altitude: 11022.336 ft&lt;/td&gt;&lt;/tr&gt;
&lt;tr&gt;&lt;td&gt;Speed: 2.8 mph&lt;/td&gt;&lt;/tr&gt;
&lt;tr&gt;&lt;td&gt;Heading: 238.7&lt;/td&gt;&lt;/tr&gt;
&lt;tr&gt;&lt;td&gt;Time: 2021-02-19T20:26:10Z&lt;/td&gt;&lt;/tr&gt;
&lt;/table&gt;
</description>
        <LookAt>
          <longitude>-71.847898</longitude>
          <latitude>-13.411386</latitude>
          <tilt>66</tilt>
        </LookAt>
        <TimeStamp>
          <when>2021-02-19T20:26:10Z</when>
        </TimeStamp>
        <styleUrl>#track</styleUrl>
        <Point>
          <coordinates>-71.847898,-13.411386,3359.61</coordinates>
        </Point>
      </Placemark>
      <Placemark>
        <name>Apu Linli hike - Wikiloc-1288</name>
        <snippet></snippet>
        <description>
&lt;table&gt;
&lt;tr&gt;&lt;td&gt;Longitude: -71.847932&lt;/td&gt;&lt;/tr&gt;
&lt;tr&gt;&lt;td&gt;Latitude: -13.411424&lt;/td&gt;&lt;/tr&gt;
&lt;tr&gt;&lt;td&gt;Altitude: 11018.481 ft&lt;/td&gt;&lt;/tr&gt;
&lt;tr&gt;&lt;td&gt;Speed: 2.5 mph&lt;/td&gt;&lt;/tr&gt;
&lt;tr&gt;&lt;td&gt;Heading: 221.0&lt;/td&gt;&lt;/tr&gt;
&lt;tr&gt;&lt;td&gt;Time: 2021-02-19T20:26:15Z&lt;/td&gt;&lt;/tr&gt;
&lt;/table&gt;
</description>
        <LookAt>
          <longitude>-71.847932</longitude>
          <latitude>-13.411424</latitude>
          <tilt>66</tilt>
        </LookAt>
        <TimeStamp>
          <when>2021-02-19T20:26:15Z</when>
        </TimeStamp>
        <styleUrl>#track</styleUrl>
        <Point>
          <coordinates>-71.847932,-13.411424,3358.43</coordinates>
        </Point>
      </Placemark>
      <Placemark>
        <name>Apu Linli hike - Wikiloc-1289</name>
        <snippet></snippet>
        <description>
&lt;table&gt;
&lt;tr&gt;&lt;td&gt;Longitude: -71.847886&lt;/td&gt;&lt;/tr&gt;
&lt;tr&gt;&lt;td&gt;Latitude: -13.411433&lt;/td&gt;&lt;/tr&gt;
&lt;tr&gt;&lt;td&gt;Altitude: 11014.019 ft&lt;/td&gt;&lt;/tr&gt;
&lt;tr&gt;&lt;td&gt;Speed: 2.8 mph&lt;/td&gt;&lt;/tr&gt;
&lt;tr&gt;&lt;td&gt;Heading: 101.4&lt;/td&gt;&lt;/tr&gt;
&lt;tr&gt;&lt;td&gt;Time: 2021-02-19T20:26:19Z&lt;/td&gt;&lt;/tr&gt;
&lt;/table&gt;
</description>
        <LookAt>
          <longitude>-71.847886</longitude>
          <latitude>-13.411433</latitude>
          <tilt>66</tilt>
        </LookAt>
        <TimeStamp>
          <when>2021-02-19T20:26:19Z</when>
        </TimeStamp>
        <styleUrl>#track</styleUrl>
        <Point>
          <coordinates>-71.847886,-13.411433,3357.07</coordinates>
        </Point>
      </Placemark>
      <Placemark>
        <name>Apu Linli hike - Wikiloc-1290</name>
        <snippet></snippet>
        <description>
&lt;table&gt;
&lt;tr&gt;&lt;td&gt;Longitude: -71.847837&lt;/td&gt;&lt;/tr&gt;
&lt;tr&gt;&lt;td&gt;Latitude: -13.411432&lt;/td&gt;&lt;/tr&gt;
&lt;tr&gt;&lt;td&gt;Altitude: 11008.392 ft&lt;/td&gt;&lt;/tr&gt;
&lt;tr&gt;&lt;td&gt;Speed: 3.0 mph&lt;/td&gt;&lt;/tr&gt;
&lt;tr&gt;&lt;td&gt;Heading: 88.8&lt;/td&gt;&lt;/tr&gt;
&lt;tr&gt;&lt;td&gt;Time: 2021-02-19T20:26:23Z&lt;/td&gt;&lt;/tr&gt;
&lt;/table&gt;
</description>
        <LookAt>
          <longitude>-71.847837</longitude>
          <latitude>-13.411432</latitude>
          <tilt>66</tilt>
        </LookAt>
        <TimeStamp>
          <when>2021-02-19T20:26:23Z</when>
        </TimeStamp>
        <styleUrl>#track</styleUrl>
        <Point>
          <coordinates>-71.847837,-13.411432,3355.36</coordinates>
        </Point>
      </Placemark>
      <Placemark>
        <name>Apu Linli hike - Wikiloc-1291</name>
        <snippet></snippet>
        <description>
&lt;table&gt;
&lt;tr&gt;&lt;td&gt;Longitude: -71.847790&lt;/td&gt;&lt;/tr&gt;
&lt;tr&gt;&lt;td&gt;Latitude: -13.411442&lt;/td&gt;&lt;/tr&gt;
&lt;tr&gt;&lt;td&gt;Altitude: 11003.734 ft&lt;/td&gt;&lt;/tr&gt;
&lt;tr&gt;&lt;td&gt;Speed: 2.9 mph&lt;/td&gt;&lt;/tr&gt;
&lt;tr&gt;&lt;td&gt;Heading: 102.3&lt;/td&gt;&lt;/tr&gt;
&lt;tr&gt;&lt;td&gt;Time: 2021-02-19T20:26:27Z&lt;/td&gt;&lt;/tr&gt;
&lt;/table&gt;
</description>
        <LookAt>
          <longitude>-71.84779</longitude>
          <latitude>-13.411442</latitude>
          <tilt>66</tilt>
        </LookAt>
        <TimeStamp>
          <when>2021-02-19T20:26:27Z</when>
        </TimeStamp>
        <styleUrl>#track</styleUrl>
        <Point>
          <coordinates>-71.847790,-13.411442,3353.94</coordinates>
        </Point>
      </Placemark>
      <Placemark>
        <name>Apu Linli hike - Wikiloc-1292</name>
        <snippet></snippet>
        <description>
&lt;table&gt;
&lt;tr&gt;&lt;td&gt;Longitude: -71.847741&lt;/td&gt;&lt;/tr&gt;
&lt;tr&gt;&lt;td&gt;Latitude: -13.411456&lt;/td&gt;&lt;/tr&gt;
&lt;tr&gt;&lt;td&gt;Altitude: 10998.793 ft&lt;/td&gt;&lt;/tr&gt;
&lt;tr&gt;&lt;td&gt;Speed: 3.1 mph&lt;/td&gt;&lt;/tr&gt;
&lt;tr&gt;&lt;td&gt;Heading: 106.4&lt;/td&gt;&lt;/tr&gt;
&lt;tr&gt;&lt;td&gt;Time: 2021-02-19T20:26:31Z&lt;/td&gt;&lt;/tr&gt;
&lt;/table&gt;
</description>
        <LookAt>
          <longitude>-71.847741</longitude>
          <latitude>-13.411456</latitude>
          <tilt>66</tilt>
        </LookAt>
        <TimeStamp>
          <when>2021-02-19T20:26:31Z</when>
        </TimeStamp>
        <styleUrl>#track</styleUrl>
        <Point>
          <coordinates>-71.847741,-13.411456,3352.43</coordinates>
        </Point>
      </Placemark>
      <Placemark>
        <name>Apu Linli hike - Wikiloc-1293</name>
        <snippet></snippet>
        <description>
&lt;table&gt;
&lt;tr&gt;&lt;td&gt;Longitude: -71.847698&lt;/td&gt;&lt;/tr&gt;
&lt;tr&gt;&lt;td&gt;Latitude: -13.411473&lt;/td&gt;&lt;/tr&gt;
&lt;tr&gt;&lt;td&gt;Altitude: 10993.333 ft&lt;/td&gt;&lt;/tr&gt;
&lt;tr&gt;&lt;td&gt;Speed: 2.2 mph&lt;/td&gt;&lt;/tr&gt;
&lt;tr&gt;&lt;td&gt;Heading: 112.1&lt;/td&gt;&lt;/tr&gt;
&lt;tr&gt;&lt;td&gt;Time: 2021-02-19T20:26:36Z&lt;/td&gt;&lt;/tr&gt;
&lt;/table&gt;
</description>
        <LookAt>
          <longitude>-71.847698</longitude>
          <latitude>-13.411473</latitude>
          <tilt>66</tilt>
        </LookAt>
        <TimeStamp>
          <when>2021-02-19T20:26:36Z</when>
        </TimeStamp>
        <styleUrl>#track</styleUrl>
        <Point>
          <coordinates>-71.847698,-13.411473,3350.77</coordinates>
        </Point>
      </Placemark>
      <Placemark>
        <name>Apu Linli hike - Wikiloc-1294</name>
        <snippet></snippet>
        <description>
&lt;table&gt;
&lt;tr&gt;&lt;td&gt;Longitude: -71.847647&lt;/td&gt;&lt;/tr&gt;
&lt;tr&gt;&lt;td&gt;Latitude: -13.411476&lt;/td&gt;&lt;/tr&gt;
&lt;tr&gt;&lt;td&gt;Altitude: 10986.795 ft&lt;/td&gt;&lt;/tr&gt;
&lt;tr&gt;&lt;td&gt;Speed: 2.5 mph&lt;/td&gt;&lt;/tr&gt;
&lt;tr&gt;&lt;td&gt;Heading: 93.5&lt;/td&gt;&lt;/tr&gt;
&lt;tr&gt;&lt;td&gt;Time: 2021-02-19T20:26:41Z&lt;/td&gt;&lt;/tr&gt;
&lt;/table&gt;
</description>
        <LookAt>
          <longitude>-71.847647</longitude>
          <latitude>-13.411476</latitude>
          <tilt>66</tilt>
        </LookAt>
        <TimeStamp>
          <when>2021-02-19T20:26:41Z</when>
        </TimeStamp>
        <styleUrl>#track</styleUrl>
        <Point>
          <coordinates>-71.847647,-13.411476,3348.78</coordinates>
        </Point>
      </Placemark>
      <Placemark>
        <name>Apu Linli hike - Wikiloc-1295</name>
        <snippet></snippet>
        <description>
&lt;table&gt;
&lt;tr&gt;&lt;td&gt;Longitude: -71.847600&lt;/td&gt;&lt;/tr&gt;
&lt;tr&gt;&lt;td&gt;Latitude: -13.411481&lt;/td&gt;&lt;/tr&gt;
&lt;tr&gt;&lt;td&gt;Altitude: 10980.528 ft&lt;/td&gt;&lt;/tr&gt;
&lt;tr&gt;&lt;td&gt;Speed: 2.9 mph&lt;/td&gt;&lt;/tr&gt;
&lt;tr&gt;&lt;td&gt;Heading: 96.2&lt;/td&gt;&lt;/tr&gt;
&lt;tr&gt;&lt;td&gt;Time: 2021-02-19T20:26:45Z&lt;/td&gt;&lt;/tr&gt;
&lt;/table&gt;
</description>
        <LookAt>
          <longitude>-71.8476</longitude>
          <latitude>-13.411481</latitude>
          <tilt>66</tilt>
        </LookAt>
        <TimeStamp>
          <when>2021-02-19T20:26:45Z</when>
        </TimeStamp>
        <styleUrl>#track</styleUrl>
        <Point>
          <coordinates>-71.847600,-13.411481,3346.86</coordinates>
        </Point>
      </Placemark>
      <Placemark>
        <name>Apu Linli hike - Wikiloc-1296</name>
        <snippet></snippet>
        <description>
&lt;table&gt;
&lt;tr&gt;&lt;td&gt;Longitude: -71.847543&lt;/td&gt;&lt;/tr&gt;
&lt;tr&gt;&lt;td&gt;Latitude: -13.411501&lt;/td&gt;&lt;/tr&gt;
&lt;tr&gt;&lt;td&gt;Altitude: 10975.856 ft&lt;/td&gt;&lt;/tr&gt;
&lt;tr&gt;&lt;td&gt;Speed: 3.7 mph&lt;/td&gt;&lt;/tr&gt;
&lt;tr&gt;&lt;td&gt;Heading: 109.8&lt;/td&gt;&lt;/tr&gt;
&lt;tr&gt;&lt;td&gt;Time: 2021-02-19T20:26:49Z&lt;/td&gt;&lt;/tr&gt;
&lt;/table&gt;
</description>
        <LookAt>
          <longitude>-71.847543</longitude>
          <latitude>-13.411501</latitude>
          <tilt>66</tilt>
        </LookAt>
        <TimeStamp>
          <when>2021-02-19T20:26:49Z</when>
        </TimeStamp>
        <styleUrl>#track</styleUrl>
        <Point>
          <coordinates>-71.847543,-13.411501,3345.44</coordinates>
        </Point>
      </Placemark>
      <Placemark>
        <name>Apu Linli hike - Wikiloc-1297</name>
        <snippet></snippet>
        <description>
&lt;table&gt;
&lt;tr&gt;&lt;td&gt;Longitude: -71.847485&lt;/td&gt;&lt;/tr&gt;
&lt;tr&gt;&lt;td&gt;Latitude: -13.411509&lt;/td&gt;&lt;/tr&gt;
&lt;tr&gt;&lt;td&gt;Altitude: 10971.722 ft&lt;/td&gt;&lt;/tr&gt;
&lt;tr&gt;&lt;td&gt;Speed: 3.5 mph&lt;/td&gt;&lt;/tr&gt;
&lt;tr&gt;&lt;td&gt;Heading: 98.1&lt;/td&gt;&lt;/tr&gt;
&lt;tr&gt;&lt;td&gt;Time: 2021-02-19T20:26:53Z&lt;/td&gt;&lt;/tr&gt;
&lt;/table&gt;
</description>
        <LookAt>
          <longitude>-71.847485</longitude>
          <latitude>-13.411509</latitude>
          <tilt>66</tilt>
        </LookAt>
        <TimeStamp>
          <when>2021-02-19T20:26:53Z</when>
        </TimeStamp>
        <styleUrl>#track</styleUrl>
        <Point>
          <coordinates>-71.847485,-13.411509,3344.18</coordinates>
        </Point>
      </Placemark>
      <Placemark>
        <name>Apu Linli hike - Wikiloc-1298</name>
        <snippet></snippet>
        <description>
&lt;table&gt;
&lt;tr&gt;&lt;td&gt;Longitude: -71.847437&lt;/td&gt;&lt;/tr&gt;
&lt;tr&gt;&lt;td&gt;Latitude: -13.411522&lt;/td&gt;&lt;/tr&gt;
&lt;tr&gt;&lt;td&gt;Altitude: 10968.533 ft&lt;/td&gt;&lt;/tr&gt;
&lt;tr&gt;&lt;td&gt;Speed: 3.0 mph&lt;/td&gt;&lt;/tr&gt;
&lt;tr&gt;&lt;td&gt;Heading: 105.6&lt;/td&gt;&lt;/tr&gt;
&lt;tr&gt;&lt;td&gt;Time: 2021-02-19T20:26:57Z&lt;/td&gt;&lt;/tr&gt;
&lt;/table&gt;
</description>
        <LookAt>
          <longitude>-71.847437</longitude>
          <latitude>-13.411522</latitude>
          <tilt>66</tilt>
        </LookAt>
        <TimeStamp>
          <when>2021-02-19T20:26:57Z</when>
        </TimeStamp>
        <styleUrl>#track</styleUrl>
        <Point>
          <coordinates>-71.847437,-13.411522,3343.21</coordinates>
        </Point>
      </Placemark>
      <Placemark>
        <name>Apu Linli hike - Wikiloc-1299</name>
        <snippet></snippet>
        <description>
&lt;table&gt;
&lt;tr&gt;&lt;td&gt;Longitude: -71.847391&lt;/td&gt;&lt;/tr&gt;
&lt;tr&gt;&lt;td&gt;Latitude: -13.411539&lt;/td&gt;&lt;/tr&gt;
&lt;tr&gt;&lt;td&gt;Altitude: 10963.937 ft&lt;/td&gt;&lt;/tr&gt;
&lt;tr&gt;&lt;td&gt;Speed: 2.4 mph&lt;/td&gt;&lt;/tr&gt;
&lt;tr&gt;&lt;td&gt;Heading: 110.8&lt;/td&gt;&lt;/tr&gt;
&lt;tr&gt;&lt;td&gt;Time: 2021-02-19T20:27:02Z&lt;/td&gt;&lt;/tr&gt;
&lt;/table&gt;
</description>
        <LookAt>
          <longitude>-71.847391</longitude>
          <latitude>-13.411539</latitude>
          <tilt>66</tilt>
        </LookAt>
        <TimeStamp>
          <when>2021-02-19T20:27:02Z</when>
        </TimeStamp>
        <styleUrl>#track</styleUrl>
        <Point>
          <coordinates>-71.847391,-13.411539,3341.81</coordinates>
        </Point>
      </Placemark>
      <Placemark>
        <name>Apu Linli hike - Wikiloc-1300</name>
        <snippet></snippet>
        <description>
&lt;table&gt;
&lt;tr&gt;&lt;td&gt;Longitude: -71.847427&lt;/td&gt;&lt;/tr&gt;
&lt;tr&gt;&lt;td&gt;Latitude: -13.411574&lt;/td&gt;&lt;/tr&gt;
&lt;tr&gt;&lt;td&gt;Altitude: 10959.941 ft&lt;/td&gt;&lt;/tr&gt;
&lt;tr&gt;&lt;td&gt;Speed: 1.8 mph&lt;/td&gt;&lt;/tr&gt;
&lt;tr&gt;&lt;td&gt;Heading: 225.0&lt;/td&gt;&lt;/tr&gt;
&lt;tr&gt;&lt;td&gt;Time: 2021-02-19T20:27:09Z&lt;/td&gt;&lt;/tr&gt;
&lt;/table&gt;
</description>
        <LookAt>
          <longitude>-71.847427</longitude>
          <latitude>-13.411574</latitude>
          <tilt>66</tilt>
        </LookAt>
        <TimeStamp>
          <when>2021-02-19T20:27:09Z</when>
        </TimeStamp>
        <styleUrl>#track</styleUrl>
        <Point>
          <coordinates>-71.847427,-13.411574,3340.59</coordinates>
        </Point>
      </Placemark>
      <Placemark>
        <name>Apu Linli hike - Wikiloc-1301</name>
        <snippet></snippet>
        <description>
&lt;table&gt;
&lt;tr&gt;&lt;td&gt;Longitude: -71.847470&lt;/td&gt;&lt;/tr&gt;
&lt;tr&gt;&lt;td&gt;Latitude: -13.411595&lt;/td&gt;&lt;/tr&gt;
&lt;tr&gt;&lt;td&gt;Altitude: 10955.741 ft&lt;/td&gt;&lt;/tr&gt;
&lt;tr&gt;&lt;td&gt;Speed: 2.3 mph&lt;/td&gt;&lt;/tr&gt;
&lt;tr&gt;&lt;td&gt;Heading: 243.3&lt;/td&gt;&lt;/tr&gt;
&lt;tr&gt;&lt;td&gt;Time: 2021-02-19T20:27:14Z&lt;/td&gt;&lt;/tr&gt;
&lt;/table&gt;
</description>
        <LookAt>
          <longitude>-71.84747</longitude>
          <latitude>-13.411595</latitude>
          <tilt>66</tilt>
        </LookAt>
        <TimeStamp>
          <when>2021-02-19T20:27:14Z</when>
        </TimeStamp>
        <styleUrl>#track</styleUrl>
        <Point>
          <coordinates>-71.847470,-13.411595,3339.31</coordinates>
        </Point>
      </Placemark>
      <Placemark>
        <name>Apu Linli hike - Wikiloc-1302</name>
        <snippet></snippet>
        <description>
&lt;table&gt;
&lt;tr&gt;&lt;td&gt;Longitude: -71.847518&lt;/td&gt;&lt;/tr&gt;
&lt;tr&gt;&lt;td&gt;Latitude: -13.411625&lt;/td&gt;&lt;/tr&gt;
&lt;tr&gt;&lt;td&gt;Altitude: 10950.541 ft&lt;/td&gt;&lt;/tr&gt;
&lt;tr&gt;&lt;td&gt;Speed: 2.8 mph&lt;/td&gt;&lt;/tr&gt;
&lt;tr&gt;&lt;td&gt;Heading: 237.3&lt;/td&gt;&lt;/tr&gt;
&lt;tr&gt;&lt;td&gt;Time: 2021-02-19T20:27:19Z&lt;/td&gt;&lt;/tr&gt;
&lt;/table&gt;
</description>
        <LookAt>
          <longitude>-71.847518</longitude>
          <latitude>-13.411625</latitude>
          <tilt>66</tilt>
        </LookAt>
        <TimeStamp>
          <when>2021-02-19T20:27:19Z</when>
        </TimeStamp>
        <styleUrl>#track</styleUrl>
        <Point>
          <coordinates>-71.847518,-13.411625,3337.72</coordinates>
        </Point>
      </Placemark>
      <Placemark>
        <name>Apu Linli hike - Wikiloc-1303</name>
        <snippet></snippet>
        <description>
&lt;table&gt;
&lt;tr&gt;&lt;td&gt;Longitude: -71.847557&lt;/td&gt;&lt;/tr&gt;
&lt;tr&gt;&lt;td&gt;Latitude: -13.411650&lt;/td&gt;&lt;/tr&gt;
&lt;tr&gt;&lt;td&gt;Altitude: 10946.834 ft&lt;/td&gt;&lt;/tr&gt;
&lt;tr&gt;&lt;td&gt;Speed: 2.8 mph&lt;/td&gt;&lt;/tr&gt;
&lt;tr&gt;&lt;td&gt;Heading: 236.6&lt;/td&gt;&lt;/tr&gt;
&lt;tr&gt;&lt;td&gt;Time: 2021-02-19T20:27:23Z&lt;/td&gt;&lt;/tr&gt;
&lt;/table&gt;
</description>
        <LookAt>
          <longitude>-71.847557</longitude>
          <latitude>-13.41165</latitude>
          <tilt>66</tilt>
        </LookAt>
        <TimeStamp>
          <when>2021-02-19T20:27:23Z</when>
        </TimeStamp>
        <styleUrl>#track</styleUrl>
        <Point>
          <coordinates>-71.847557,-13.411650,3336.59</coordinates>
        </Point>
      </Placemark>
      <Placemark>
        <name>Apu Linli hike - Wikiloc-1304</name>
        <snippet></snippet>
        <description>
&lt;table&gt;
&lt;tr&gt;&lt;td&gt;Longitude: -71.847603&lt;/td&gt;&lt;/tr&gt;
&lt;tr&gt;&lt;td&gt;Latitude: -13.411674&lt;/td&gt;&lt;/tr&gt;
&lt;tr&gt;&lt;td&gt;Altitude: 10941.696 ft&lt;/td&gt;&lt;/tr&gt;
&lt;tr&gt;&lt;td&gt;Speed: 2.5 mph&lt;/td&gt;&lt;/tr&gt;
&lt;tr&gt;&lt;td&gt;Heading: 241.8&lt;/td&gt;&lt;/tr&gt;
&lt;tr&gt;&lt;td&gt;Time: 2021-02-19T20:27:28Z&lt;/td&gt;&lt;/tr&gt;
&lt;/table&gt;
</description>
        <LookAt>
          <longitude>-71.847603</longitude>
          <latitude>-13.411674</latitude>
          <tilt>66</tilt>
        </LookAt>
        <TimeStamp>
          <when>2021-02-19T20:27:28Z</when>
        </TimeStamp>
        <styleUrl>#track</styleUrl>
        <Point>
          <coordinates>-71.847603,-13.411674,3335.03</coordinates>
        </Point>
      </Placemark>
      <Placemark>
        <name>Apu Linli hike - Wikiloc-1305</name>
        <snippet></snippet>
        <description>
&lt;table&gt;
&lt;tr&gt;&lt;td&gt;Longitude: -71.847646&lt;/td&gt;&lt;/tr&gt;
&lt;tr&gt;&lt;td&gt;Latitude: -13.411693&lt;/td&gt;&lt;/tr&gt;
&lt;tr&gt;&lt;td&gt;Altitude: 10935.909 ft&lt;/td&gt;&lt;/tr&gt;
&lt;tr&gt;&lt;td&gt;Speed: 2.9 mph&lt;/td&gt;&lt;/tr&gt;
&lt;tr&gt;&lt;td&gt;Heading: 245.6&lt;/td&gt;&lt;/tr&gt;
&lt;tr&gt;&lt;td&gt;Time: 2021-02-19T20:27:32Z&lt;/td&gt;&lt;/tr&gt;
&lt;/table&gt;
</description>
        <LookAt>
          <longitude>-71.847646</longitude>
          <latitude>-13.411693</latitude>
          <tilt>66</tilt>
        </LookAt>
        <TimeStamp>
          <when>2021-02-19T20:27:32Z</when>
        </TimeStamp>
        <styleUrl>#track</styleUrl>
        <Point>
          <coordinates>-71.847646,-13.411693,3333.26</coordinates>
        </Point>
      </Placemark>
      <Placemark>
        <name>Apu Linli hike - Wikiloc-1306</name>
        <snippet></snippet>
        <description>
&lt;table&gt;
&lt;tr&gt;&lt;td&gt;Longitude: -71.847706&lt;/td&gt;&lt;/tr&gt;
&lt;tr&gt;&lt;td&gt;Latitude: -13.411721&lt;/td&gt;&lt;/tr&gt;
&lt;tr&gt;&lt;td&gt;Altitude: 10938.753 ft&lt;/td&gt;&lt;/tr&gt;
&lt;tr&gt;&lt;td&gt;Speed: 2.3 mph&lt;/td&gt;&lt;/tr&gt;
&lt;tr&gt;&lt;td&gt;Heading: 244.4&lt;/td&gt;&lt;/tr&gt;
&lt;tr&gt;&lt;td&gt;Time: 2021-02-19T20:27:39Z&lt;/td&gt;&lt;/tr&gt;
&lt;/table&gt;
</description>
        <LookAt>
          <longitude>-71.847706</longitude>
          <latitude>-13.411721</latitude>
          <tilt>66</tilt>
        </LookAt>
        <TimeStamp>
          <when>2021-02-19T20:27:39Z</when>
        </TimeStamp>
        <styleUrl>#track</styleUrl>
        <Point>
          <coordinates>-71.847706,-13.411721,3334.13</coordinates>
        </Point>
      </Placemark>
      <Placemark>
        <name>Apu Linli hike - Wikiloc-1307</name>
        <snippet></snippet>
        <description>
&lt;table&gt;
&lt;tr&gt;&lt;td&gt;Longitude: -71.847755&lt;/td&gt;&lt;/tr&gt;
&lt;tr&gt;&lt;td&gt;Latitude: -13.411759&lt;/td&gt;&lt;/tr&gt;
&lt;tr&gt;&lt;td&gt;Altitude: 10938.294 ft&lt;/td&gt;&lt;/tr&gt;
&lt;tr&gt;&lt;td&gt;Speed: 5.1 mph&lt;/td&gt;&lt;/tr&gt;
&lt;tr&gt;&lt;td&gt;Heading: 231.4&lt;/td&gt;&lt;/tr&gt;
&lt;tr&gt;&lt;td&gt;Time: 2021-02-19T20:27:42Z&lt;/td&gt;&lt;/tr&gt;
&lt;/table&gt;
</description>
        <LookAt>
          <longitude>-71.847755</longitude>
          <latitude>-13.411759</latitude>
          <tilt>66</tilt>
        </LookAt>
        <TimeStamp>
          <when>2021-02-19T20:27:42Z</when>
        </TimeStamp>
        <styleUrl>#track</styleUrl>
        <Point>
          <coordinates>-71.847755,-13.411759,3333.99</coordinates>
        </Point>
      </Placemark>
      <Placemark>
        <name>Apu Linli hike - Wikiloc-1308</name>
        <snippet></snippet>
        <description>
&lt;table&gt;
&lt;tr&gt;&lt;td&gt;Longitude: -71.847806&lt;/td&gt;&lt;/tr&gt;
&lt;tr&gt;&lt;td&gt;Latitude: -13.411801&lt;/td&gt;&lt;/tr&gt;
&lt;tr&gt;&lt;td&gt;Altitude: 10932.169 ft&lt;/td&gt;&lt;/tr&gt;
&lt;tr&gt;&lt;td&gt;Speed: 4.0 mph&lt;/td&gt;&lt;/tr&gt;
&lt;tr&gt;&lt;td&gt;Heading: 229.7&lt;/td&gt;&lt;/tr&gt;
&lt;tr&gt;&lt;td&gt;Time: 2021-02-19T20:27:46Z&lt;/td&gt;&lt;/tr&gt;
&lt;/table&gt;
</description>
        <LookAt>
          <longitude>-71.847806</longitude>
          <latitude>-13.411801</latitude>
          <tilt>66</tilt>
        </LookAt>
        <TimeStamp>
          <when>2021-02-19T20:27:46Z</when>
        </TimeStamp>
        <styleUrl>#track</styleUrl>
        <Point>
          <coordinates>-71.847806,-13.411801,3332.13</coordinates>
        </Point>
      </Placemark>
      <Placemark>
        <name>Apu Linli hike - Wikiloc-1309</name>
        <snippet></snippet>
        <description>
&lt;table&gt;
&lt;tr&gt;&lt;td&gt;Longitude: -71.847850&lt;/td&gt;&lt;/tr&gt;
&lt;tr&gt;&lt;td&gt;Latitude: -13.411826&lt;/td&gt;&lt;/tr&gt;
&lt;tr&gt;&lt;td&gt;Altitude: 10925.610 ft&lt;/td&gt;&lt;/tr&gt;
&lt;tr&gt;&lt;td&gt;Speed: 3.1 mph&lt;/td&gt;&lt;/tr&gt;
&lt;tr&gt;&lt;td&gt;Heading: 239.7&lt;/td&gt;&lt;/tr&gt;
&lt;tr&gt;&lt;td&gt;Time: 2021-02-19T20:27:50Z&lt;/td&gt;&lt;/tr&gt;
&lt;/table&gt;
</description>
        <LookAt>
          <longitude>-71.84785</longitude>
          <latitude>-13.411826</latitude>
          <tilt>66</tilt>
        </LookAt>
        <TimeStamp>
          <when>2021-02-19T20:27:50Z</when>
        </TimeStamp>
        <styleUrl>#track</styleUrl>
        <Point>
          <coordinates>-71.847850,-13.411826,3330.13</coordinates>
        </Point>
      </Placemark>
      <Placemark>
        <name>Apu Linli hike - Wikiloc-1310</name>
        <snippet></snippet>
        <description>
&lt;table&gt;
&lt;tr&gt;&lt;td&gt;Longitude: -71.847798&lt;/td&gt;&lt;/tr&gt;
&lt;tr&gt;&lt;td&gt;Latitude: -13.411846&lt;/td&gt;&lt;/tr&gt;
&lt;tr&gt;&lt;td&gt;Altitude: 10918.005 ft&lt;/td&gt;&lt;/tr&gt;
&lt;tr&gt;&lt;td&gt;Speed: 2.3 mph&lt;/td&gt;&lt;/tr&gt;
&lt;tr&gt;&lt;td&gt;Heading: 111.6&lt;/td&gt;&lt;/tr&gt;
&lt;tr&gt;&lt;td&gt;Time: 2021-02-19T20:27:56Z&lt;/td&gt;&lt;/tr&gt;
&lt;/table&gt;
</description>
        <LookAt>
          <longitude>-71.847798</longitude>
          <latitude>-13.411846</latitude>
          <tilt>66</tilt>
        </LookAt>
        <TimeStamp>
          <when>2021-02-19T20:27:56Z</when>
        </TimeStamp>
        <styleUrl>#track</styleUrl>
        <Point>
          <coordinates>-71.847798,-13.411846,3327.81</coordinates>
        </Point>
      </Placemark>
      <Placemark>
        <name>Apu Linli hike - Wikiloc-1311</name>
        <snippet></snippet>
        <description>
&lt;table&gt;
&lt;tr&gt;&lt;td&gt;Longitude: -71.847732&lt;/td&gt;&lt;/tr&gt;
&lt;tr&gt;&lt;td&gt;Latitude: -13.411846&lt;/td&gt;&lt;/tr&gt;
&lt;tr&gt;&lt;td&gt;Altitude: 10909.803 ft&lt;/td&gt;&lt;/tr&gt;
&lt;tr&gt;&lt;td&gt;Speed: 2.7 mph&lt;/td&gt;&lt;/tr&gt;
&lt;tr&gt;&lt;td&gt;Heading: 90.0&lt;/td&gt;&lt;/tr&gt;
&lt;tr&gt;&lt;td&gt;Time: 2021-02-19T20:28:02Z&lt;/td&gt;&lt;/tr&gt;
&lt;/table&gt;
</description>
        <LookAt>
          <longitude>-71.847732</longitude>
          <latitude>-13.411846</latitude>
          <tilt>66</tilt>
        </LookAt>
        <TimeStamp>
          <when>2021-02-19T20:28:02Z</when>
        </TimeStamp>
        <styleUrl>#track</styleUrl>
        <Point>
          <coordinates>-71.847732,-13.411846,3325.31</coordinates>
        </Point>
      </Placemark>
      <Placemark>
        <name>Apu Linli hike - Wikiloc-1312</name>
        <snippet></snippet>
        <description>
&lt;table&gt;
&lt;tr&gt;&lt;td&gt;Longitude: -71.847772&lt;/td&gt;&lt;/tr&gt;
&lt;tr&gt;&lt;td&gt;Latitude: -13.411874&lt;/td&gt;&lt;/tr&gt;
&lt;tr&gt;&lt;td&gt;Altitude: 10901.404 ft&lt;/td&gt;&lt;/tr&gt;
&lt;tr&gt;&lt;td&gt;Speed: 2.0 mph&lt;/td&gt;&lt;/tr&gt;
&lt;tr&gt;&lt;td&gt;Heading: 234.3&lt;/td&gt;&lt;/tr&gt;
&lt;tr&gt;&lt;td&gt;Time: 2021-02-19T20:28:08Z&lt;/td&gt;&lt;/tr&gt;
&lt;/table&gt;
</description>
        <LookAt>
          <longitude>-71.847772</longitude>
          <latitude>-13.411874</latitude>
          <tilt>66</tilt>
        </LookAt>
        <TimeStamp>
          <when>2021-02-19T20:28:08Z</when>
        </TimeStamp>
        <styleUrl>#track</styleUrl>
        <Point>
          <coordinates>-71.847772,-13.411874,3322.75</coordinates>
        </Point>
      </Placemark>
      <Placemark>
        <name>Apu Linli hike - Wikiloc-1313</name>
        <snippet></snippet>
        <description>
&lt;table&gt;
&lt;tr&gt;&lt;td&gt;Longitude: -71.847751&lt;/td&gt;&lt;/tr&gt;
&lt;tr&gt;&lt;td&gt;Latitude: -13.411918&lt;/td&gt;&lt;/tr&gt;
&lt;tr&gt;&lt;td&gt;Altitude: 10894.514 ft&lt;/td&gt;&lt;/tr&gt;
&lt;tr&gt;&lt;td&gt;Speed: 2.0 mph&lt;/td&gt;&lt;/tr&gt;
&lt;tr&gt;&lt;td&gt;Heading: 155.1&lt;/td&gt;&lt;/tr&gt;
&lt;tr&gt;&lt;td&gt;Time: 2021-02-19T20:28:14Z&lt;/td&gt;&lt;/tr&gt;
&lt;/table&gt;
</description>
        <LookAt>
          <longitude>-71.847751</longitude>
          <latitude>-13.411918</latitude>
          <tilt>66</tilt>
        </LookAt>
        <TimeStamp>
          <when>2021-02-19T20:28:14Z</when>
        </TimeStamp>
        <styleUrl>#track</styleUrl>
        <Point>
          <coordinates>-71.847751,-13.411918,3320.65</coordinates>
        </Point>
      </Placemark>
      <Placemark>
        <name>Apu Linli hike - Wikiloc-1314</name>
        <snippet></snippet>
        <description>
&lt;table&gt;
&lt;tr&gt;&lt;td&gt;Longitude: -71.847704&lt;/td&gt;&lt;/tr&gt;
&lt;tr&gt;&lt;td&gt;Latitude: -13.411933&lt;/td&gt;&lt;/tr&gt;
&lt;tr&gt;&lt;td&gt;Altitude: 10888.363 ft&lt;/td&gt;&lt;/tr&gt;
&lt;tr&gt;&lt;td&gt;Speed: 3.0 mph&lt;/td&gt;&lt;/tr&gt;
&lt;tr&gt;&lt;td&gt;Heading: 108.2&lt;/td&gt;&lt;/tr&gt;
&lt;tr&gt;&lt;td&gt;Time: 2021-02-19T20:28:18Z&lt;/td&gt;&lt;/tr&gt;
&lt;/table&gt;
</description>
        <LookAt>
          <longitude>-71.847704</longitude>
          <latitude>-13.411933</latitude>
          <tilt>66</tilt>
        </LookAt>
        <TimeStamp>
          <when>2021-02-19T20:28:18Z</when>
        </TimeStamp>
        <styleUrl>#track</styleUrl>
        <Point>
          <coordinates>-71.847704,-13.411933,3318.77</coordinates>
        </Point>
      </Placemark>
      <Placemark>
        <name>Apu Linli hike - Wikiloc-1315</name>
        <snippet></snippet>
        <description>
&lt;table&gt;
&lt;tr&gt;&lt;td&gt;Longitude: -71.847655&lt;/td&gt;&lt;/tr&gt;
&lt;tr&gt;&lt;td&gt;Latitude: -13.411943&lt;/td&gt;&lt;/tr&gt;
&lt;tr&gt;&lt;td&gt;Altitude: 10882.293 ft&lt;/td&gt;&lt;/tr&gt;
&lt;tr&gt;&lt;td&gt;Speed: 3.0 mph&lt;/td&gt;&lt;/tr&gt;
&lt;tr&gt;&lt;td&gt;Heading: 101.8&lt;/td&gt;&lt;/tr&gt;
&lt;tr&gt;&lt;td&gt;Time: 2021-02-19T20:28:22Z&lt;/td&gt;&lt;/tr&gt;
&lt;/table&gt;
</description>
        <LookAt>
          <longitude>-71.847655</longitude>
          <latitude>-13.411943</latitude>
          <tilt>66</tilt>
        </LookAt>
        <TimeStamp>
          <when>2021-02-19T20:28:22Z</when>
        </TimeStamp>
        <styleUrl>#track</styleUrl>
        <Point>
          <coordinates>-71.847655,-13.411943,3316.92</coordinates>
        </Point>
      </Placemark>
      <Placemark>
        <name>Apu Linli hike - Wikiloc-1316</name>
        <snippet></snippet>
        <description>
&lt;table&gt;
&lt;tr&gt;&lt;td&gt;Longitude: -71.847609&lt;/td&gt;&lt;/tr&gt;
&lt;tr&gt;&lt;td&gt;Latitude: -13.411955&lt;/td&gt;&lt;/tr&gt;
&lt;tr&gt;&lt;td&gt;Altitude: 10877.451 ft&lt;/td&gt;&lt;/tr&gt;
&lt;tr&gt;&lt;td&gt;Speed: 2.9 mph&lt;/td&gt;&lt;/tr&gt;
&lt;tr&gt;&lt;td&gt;Heading: 105.0&lt;/td&gt;&lt;/tr&gt;
&lt;tr&gt;&lt;td&gt;Time: 2021-02-19T20:28:26Z&lt;/td&gt;&lt;/tr&gt;
&lt;/table&gt;
</description>
        <LookAt>
          <longitude>-71.847609</longitude>
          <latitude>-13.411955</latitude>
          <tilt>66</tilt>
        </LookAt>
        <TimeStamp>
          <when>2021-02-19T20:28:26Z</when>
        </TimeStamp>
        <styleUrl>#track</styleUrl>
        <Point>
          <coordinates>-71.847609,-13.411955,3315.45</coordinates>
        </Point>
      </Placemark>
      <Placemark>
        <name>Apu Linli hike - Wikiloc-1317</name>
        <snippet></snippet>
        <description>
&lt;table&gt;
&lt;tr&gt;&lt;td&gt;Longitude: -71.847562&lt;/td&gt;&lt;/tr&gt;
&lt;tr&gt;&lt;td&gt;Latitude: -13.411956&lt;/td&gt;&lt;/tr&gt;
&lt;tr&gt;&lt;td&gt;Altitude: 10873.107 ft&lt;/td&gt;&lt;/tr&gt;
&lt;tr&gt;&lt;td&gt;Speed: 2.8 mph&lt;/td&gt;&lt;/tr&gt;
&lt;tr&gt;&lt;td&gt;Heading: 91.3&lt;/td&gt;&lt;/tr&gt;
&lt;tr&gt;&lt;td&gt;Time: 2021-02-19T20:28:30Z&lt;/td&gt;&lt;/tr&gt;
&lt;/table&gt;
</description>
        <LookAt>
          <longitude>-71.847562</longitude>
          <latitude>-13.411956</latitude>
          <tilt>66</tilt>
        </LookAt>
        <TimeStamp>
          <when>2021-02-19T20:28:30Z</when>
        </TimeStamp>
        <styleUrl>#track</styleUrl>
        <Point>
          <coordinates>-71.847562,-13.411956,3314.12</coordinates>
        </Point>
      </Placemark>
      <Placemark>
        <name>Apu Linli hike - Wikiloc-1318</name>
        <snippet></snippet>
        <description>
&lt;table&gt;
&lt;tr&gt;&lt;td&gt;Longitude: -71.847496&lt;/td&gt;&lt;/tr&gt;
&lt;tr&gt;&lt;td&gt;Latitude: -13.411951&lt;/td&gt;&lt;/tr&gt;
&lt;tr&gt;&lt;td&gt;Altitude: 10866.765 ft&lt;/td&gt;&lt;/tr&gt;
&lt;tr&gt;&lt;td&gt;Speed: 2.7 mph&lt;/td&gt;&lt;/tr&gt;
&lt;tr&gt;&lt;td&gt;Heading: 85.5&lt;/td&gt;&lt;/tr&gt;
&lt;tr&gt;&lt;td&gt;Time: 2021-02-19T20:28:36Z&lt;/td&gt;&lt;/tr&gt;
&lt;/table&gt;
</description>
        <LookAt>
          <longitude>-71.847496</longitude>
          <latitude>-13.411951</latitude>
          <tilt>66</tilt>
        </LookAt>
        <TimeStamp>
          <when>2021-02-19T20:28:36Z</when>
        </TimeStamp>
        <styleUrl>#track</styleUrl>
        <Point>
          <coordinates>-71.847496,-13.411951,3312.19</coordinates>
        </Point>
      </Placemark>
      <Placemark>
        <name>Apu Linli hike - Wikiloc-1319</name>
        <snippet></snippet>
        <description>
&lt;table&gt;
&lt;tr&gt;&lt;td&gt;Longitude: -71.847446&lt;/td&gt;&lt;/tr&gt;
&lt;tr&gt;&lt;td&gt;Latitude: -13.411969&lt;/td&gt;&lt;/tr&gt;
&lt;tr&gt;&lt;td&gt;Altitude: 10859.613 ft&lt;/td&gt;&lt;/tr&gt;
&lt;tr&gt;&lt;td&gt;Speed: 3.2 mph&lt;/td&gt;&lt;/tr&gt;
&lt;tr&gt;&lt;td&gt;Heading: 110.3&lt;/td&gt;&lt;/tr&gt;
&lt;tr&gt;&lt;td&gt;Time: 2021-02-19T20:28:40Z&lt;/td&gt;&lt;/tr&gt;
&lt;/table&gt;
</description>
        <LookAt>
          <longitude>-71.847446</longitude>
          <latitude>-13.411969</latitude>
          <tilt>66</tilt>
        </LookAt>
        <TimeStamp>
          <when>2021-02-19T20:28:40Z</when>
        </TimeStamp>
        <styleUrl>#track</styleUrl>
        <Point>
          <coordinates>-71.847446,-13.411969,3310.01</coordinates>
        </Point>
      </Placemark>
      <Placemark>
        <name>Apu Linli hike - Wikiloc-1320</name>
        <snippet></snippet>
        <description>
&lt;table&gt;
&lt;tr&gt;&lt;td&gt;Longitude: -71.847444&lt;/td&gt;&lt;/tr&gt;
&lt;tr&gt;&lt;td&gt;Latitude: -13.412031&lt;/td&gt;&lt;/tr&gt;
&lt;tr&gt;&lt;td&gt;Altitude: 10853.885 ft&lt;/td&gt;&lt;/tr&gt;
&lt;tr&gt;&lt;td&gt;Speed: 2.6 mph&lt;/td&gt;&lt;/tr&gt;
&lt;tr&gt;&lt;td&gt;Heading: 178.2&lt;/td&gt;&lt;/tr&gt;
&lt;tr&gt;&lt;td&gt;Time: 2021-02-19T20:28:46Z&lt;/td&gt;&lt;/tr&gt;
&lt;/table&gt;
</description>
        <LookAt>
          <longitude>-71.847444</longitude>
          <latitude>-13.412031</latitude>
          <tilt>66</tilt>
        </LookAt>
        <TimeStamp>
          <when>2021-02-19T20:28:46Z</when>
        </TimeStamp>
        <styleUrl>#track</styleUrl>
        <Point>
          <coordinates>-71.847444,-13.412031,3308.26</coordinates>
        </Point>
      </Placemark>
      <Placemark>
        <name>Apu Linli hike - Wikiloc-1321</name>
        <snippet></snippet>
        <description>
&lt;table&gt;
&lt;tr&gt;&lt;td&gt;Longitude: -71.847478&lt;/td&gt;&lt;/tr&gt;
&lt;tr&gt;&lt;td&gt;Latitude: -13.412079&lt;/td&gt;&lt;/tr&gt;
&lt;tr&gt;&lt;td&gt;Altitude: 10849.101 ft&lt;/td&gt;&lt;/tr&gt;
&lt;tr&gt;&lt;td&gt;Speed: 1.8 mph&lt;/td&gt;&lt;/tr&gt;
&lt;tr&gt;&lt;td&gt;Heading: 214.6&lt;/td&gt;&lt;/tr&gt;
&lt;tr&gt;&lt;td&gt;Time: 2021-02-19T20:28:54Z&lt;/td&gt;&lt;/tr&gt;
&lt;/table&gt;
</description>
        <LookAt>
          <longitude>-71.847478</longitude>
          <latitude>-13.412079</latitude>
          <tilt>66</tilt>
        </LookAt>
        <TimeStamp>
          <when>2021-02-19T20:28:54Z</when>
        </TimeStamp>
        <styleUrl>#track</styleUrl>
        <Point>
          <coordinates>-71.847478,-13.412079,3306.81</coordinates>
        </Point>
      </Placemark>
      <Placemark>
        <name>Apu Linli hike - Wikiloc-1322</name>
        <snippet></snippet>
        <description>
&lt;table&gt;
&lt;tr&gt;&lt;td&gt;Longitude: -71.847513&lt;/td&gt;&lt;/tr&gt;
&lt;tr&gt;&lt;td&gt;Latitude: -13.412119&lt;/td&gt;&lt;/tr&gt;
&lt;tr&gt;&lt;td&gt;Altitude: 10846.181 ft&lt;/td&gt;&lt;/tr&gt;
&lt;tr&gt;&lt;td&gt;Speed: 2.2 mph&lt;/td&gt;&lt;/tr&gt;
&lt;tr&gt;&lt;td&gt;Heading: 220.4&lt;/td&gt;&lt;/tr&gt;
&lt;tr&gt;&lt;td&gt;Time: 2021-02-19T20:29:00Z&lt;/td&gt;&lt;/tr&gt;
&lt;/table&gt;
</description>
        <LookAt>
          <longitude>-71.847513</longitude>
          <latitude>-13.412119</latitude>
          <tilt>66</tilt>
        </LookAt>
        <TimeStamp>
          <when>2021-02-19T20:29:00Z</when>
        </TimeStamp>
        <styleUrl>#track</styleUrl>
        <Point>
          <coordinates>-71.847513,-13.412119,3305.92</coordinates>
        </Point>
      </Placemark>
      <Placemark>
        <name>Apu Linli hike - Wikiloc-1323</name>
        <snippet></snippet>
        <description>
&lt;table&gt;
&lt;tr&gt;&lt;td&gt;Longitude: -71.847517&lt;/td&gt;&lt;/tr&gt;
&lt;tr&gt;&lt;td&gt;Latitude: -13.412182&lt;/td&gt;&lt;/tr&gt;
&lt;tr&gt;&lt;td&gt;Altitude: 10841.234 ft&lt;/td&gt;&lt;/tr&gt;
&lt;tr&gt;&lt;td&gt;Speed: 2.6 mph&lt;/td&gt;&lt;/tr&gt;
&lt;tr&gt;&lt;td&gt;Heading: 183.5&lt;/td&gt;&lt;/tr&gt;
&lt;tr&gt;&lt;td&gt;Time: 2021-02-19T20:29:06Z&lt;/td&gt;&lt;/tr&gt;
&lt;/table&gt;
</description>
        <LookAt>
          <longitude>-71.847517</longitude>
          <latitude>-13.412182</latitude>
          <tilt>66</tilt>
        </LookAt>
        <TimeStamp>
          <when>2021-02-19T20:29:06Z</when>
        </TimeStamp>
        <styleUrl>#track</styleUrl>
        <Point>
          <coordinates>-71.847517,-13.412182,3304.41</coordinates>
        </Point>
      </Placemark>
      <Placemark>
        <name>Apu Linli hike - Wikiloc-1324</name>
        <snippet></snippet>
        <description>
&lt;table&gt;
&lt;tr&gt;&lt;td&gt;Longitude: -71.847516&lt;/td&gt;&lt;/tr&gt;
&lt;tr&gt;&lt;td&gt;Latitude: -13.412246&lt;/td&gt;&lt;/tr&gt;
&lt;tr&gt;&lt;td&gt;Altitude: 10835.997 ft&lt;/td&gt;&lt;/tr&gt;
&lt;tr&gt;&lt;td&gt;Speed: 2.7 mph&lt;/td&gt;&lt;/tr&gt;
&lt;tr&gt;&lt;td&gt;Heading: 179.1&lt;/td&gt;&lt;/tr&gt;
&lt;tr&gt;&lt;td&gt;Time: 2021-02-19T20:29:12Z&lt;/td&gt;&lt;/tr&gt;
&lt;/table&gt;
</description>
        <LookAt>
          <longitude>-71.847516</longitude>
          <latitude>-13.412246</latitude>
          <tilt>66</tilt>
        </LookAt>
        <TimeStamp>
          <when>2021-02-19T20:29:12Z</when>
        </TimeStamp>
        <styleUrl>#track</styleUrl>
        <Point>
          <coordinates>-71.847516,-13.412246,3302.81</coordinates>
        </Point>
      </Placemark>
      <Placemark>
        <name>Apu Linli hike - Wikiloc-1325</name>
        <snippet></snippet>
        <description>
&lt;table&gt;
&lt;tr&gt;&lt;td&gt;Longitude: -71.847537&lt;/td&gt;&lt;/tr&gt;
&lt;tr&gt;&lt;td&gt;Latitude: -13.412300&lt;/td&gt;&lt;/tr&gt;
&lt;tr&gt;&lt;td&gt;Altitude: 10828.320 ft&lt;/td&gt;&lt;/tr&gt;
&lt;tr&gt;&lt;td&gt;Speed: 2.4 mph&lt;/td&gt;&lt;/tr&gt;
&lt;tr&gt;&lt;td&gt;Heading: 200.7&lt;/td&gt;&lt;/tr&gt;
&lt;tr&gt;&lt;td&gt;Time: 2021-02-19T20:29:18Z&lt;/td&gt;&lt;/tr&gt;
&lt;/table&gt;
</description>
        <LookAt>
          <longitude>-71.847537</longitude>
          <latitude>-13.4123</latitude>
          <tilt>66</tilt>
        </LookAt>
        <TimeStamp>
          <when>2021-02-19T20:29:18Z</when>
        </TimeStamp>
        <styleUrl>#track</styleUrl>
        <Point>
          <coordinates>-71.847537,-13.412300,3300.47</coordinates>
        </Point>
      </Placemark>
      <Placemark>
        <name>Apu Linli hike - Wikiloc-1326</name>
        <snippet></snippet>
        <description>
&lt;table&gt;
&lt;tr&gt;&lt;td&gt;Longitude: -71.847551&lt;/td&gt;&lt;/tr&gt;
&lt;tr&gt;&lt;td&gt;Latitude: -13.412365&lt;/td&gt;&lt;/tr&gt;
&lt;tr&gt;&lt;td&gt;Altitude: 10821.152 ft&lt;/td&gt;&lt;/tr&gt;
&lt;tr&gt;&lt;td&gt;Speed: 2.8 mph&lt;/td&gt;&lt;/tr&gt;
&lt;tr&gt;&lt;td&gt;Heading: 191.8&lt;/td&gt;&lt;/tr&gt;
&lt;tr&gt;&lt;td&gt;Time: 2021-02-19T20:29:24Z&lt;/td&gt;&lt;/tr&gt;
&lt;/table&gt;
</description>
        <LookAt>
          <longitude>-71.847551</longitude>
          <latitude>-13.412365</latitude>
          <tilt>66</tilt>
        </LookAt>
        <TimeStamp>
          <when>2021-02-19T20:29:24Z</when>
        </TimeStamp>
        <styleUrl>#track</styleUrl>
        <Point>
          <coordinates>-71.847551,-13.412365,3298.29</coordinates>
        </Point>
      </Placemark>
      <Placemark>
        <name>Apu Linli hike - Wikiloc-1327</name>
        <snippet></snippet>
        <description>
&lt;table&gt;
&lt;tr&gt;&lt;td&gt;Longitude: -71.847583&lt;/td&gt;&lt;/tr&gt;
&lt;tr&gt;&lt;td&gt;Latitude: -13.412400&lt;/td&gt;&lt;/tr&gt;
&lt;tr&gt;&lt;td&gt;Altitude: 10815.935 ft&lt;/td&gt;&lt;/tr&gt;
&lt;tr&gt;&lt;td&gt;Speed: 2.9 mph&lt;/td&gt;&lt;/tr&gt;
&lt;tr&gt;&lt;td&gt;Heading: 221.6&lt;/td&gt;&lt;/tr&gt;
&lt;tr&gt;&lt;td&gt;Time: 2021-02-19T20:29:28Z&lt;/td&gt;&lt;/tr&gt;
&lt;/table&gt;
</description>
        <LookAt>
          <longitude>-71.847583</longitude>
          <latitude>-13.4124</latitude>
          <tilt>66</tilt>
        </LookAt>
        <TimeStamp>
          <when>2021-02-19T20:29:28Z</when>
        </TimeStamp>
        <styleUrl>#track</styleUrl>
        <Point>
          <coordinates>-71.847583,-13.412400,3296.70</coordinates>
        </Point>
      </Placemark>
      <Placemark>
        <name>Apu Linli hike - Wikiloc-1328</name>
        <snippet></snippet>
        <description>
&lt;table&gt;
&lt;tr&gt;&lt;td&gt;Longitude: -71.847567&lt;/td&gt;&lt;/tr&gt;
&lt;tr&gt;&lt;td&gt;Latitude: -13.412456&lt;/td&gt;&lt;/tr&gt;
&lt;tr&gt;&lt;td&gt;Altitude: 10810.305 ft&lt;/td&gt;&lt;/tr&gt;
&lt;tr&gt;&lt;td&gt;Speed: 2.4 mph&lt;/td&gt;&lt;/tr&gt;
&lt;tr&gt;&lt;td&gt;Heading: 164.5&lt;/td&gt;&lt;/tr&gt;
&lt;tr&gt;&lt;td&gt;Time: 2021-02-19T20:29:34Z&lt;/td&gt;&lt;/tr&gt;
&lt;/table&gt;
</description>
        <LookAt>
          <longitude>-71.847567</longitude>
          <latitude>-13.412456</latitude>
          <tilt>66</tilt>
        </LookAt>
        <TimeStamp>
          <when>2021-02-19T20:29:34Z</when>
        </TimeStamp>
        <styleUrl>#track</styleUrl>
        <Point>
          <coordinates>-71.847567,-13.412456,3294.98</coordinates>
        </Point>
      </Placemark>
      <Placemark>
        <name>Apu Linli hike - Wikiloc-1329</name>
        <snippet></snippet>
        <description>
&lt;table&gt;
&lt;tr&gt;&lt;td&gt;Longitude: -71.847544&lt;/td&gt;&lt;/tr&gt;
&lt;tr&gt;&lt;td&gt;Latitude: -13.412496&lt;/td&gt;&lt;/tr&gt;
&lt;tr&gt;&lt;td&gt;Altitude: 10805.075 ft&lt;/td&gt;&lt;/tr&gt;
&lt;tr&gt;&lt;td&gt;Speed: 2.9 mph&lt;/td&gt;&lt;/tr&gt;
&lt;tr&gt;&lt;td&gt;Heading: 150.8&lt;/td&gt;&lt;/tr&gt;
&lt;tr&gt;&lt;td&gt;Time: 2021-02-19T20:29:38Z&lt;/td&gt;&lt;/tr&gt;
&lt;/table&gt;
</description>
        <LookAt>
          <longitude>-71.847544</longitude>
          <latitude>-13.412496</latitude>
          <tilt>66</tilt>
        </LookAt>
        <TimeStamp>
          <when>2021-02-19T20:29:38Z</when>
        </TimeStamp>
        <styleUrl>#track</styleUrl>
        <Point>
          <coordinates>-71.847544,-13.412496,3293.39</coordinates>
        </Point>
      </Placemark>
      <Placemark>
        <name>Apu Linli hike - Wikiloc-1330</name>
        <snippet></snippet>
        <description>
&lt;table&gt;
&lt;tr&gt;&lt;td&gt;Longitude: -71.847535&lt;/td&gt;&lt;/tr&gt;
&lt;tr&gt;&lt;td&gt;Latitude: -13.412546&lt;/td&gt;&lt;/tr&gt;
&lt;tr&gt;&lt;td&gt;Altitude: 10799.455 ft&lt;/td&gt;&lt;/tr&gt;
&lt;tr&gt;&lt;td&gt;Speed: 3.2 mph&lt;/td&gt;&lt;/tr&gt;
&lt;tr&gt;&lt;td&gt;Heading: 170.1&lt;/td&gt;&lt;/tr&gt;
&lt;tr&gt;&lt;td&gt;Time: 2021-02-19T20:29:42Z&lt;/td&gt;&lt;/tr&gt;
&lt;/table&gt;
</description>
        <LookAt>
          <longitude>-71.847535</longitude>
          <latitude>-13.412546</latitude>
          <tilt>66</tilt>
        </LookAt>
        <TimeStamp>
          <when>2021-02-19T20:29:42Z</when>
        </TimeStamp>
        <styleUrl>#track</styleUrl>
        <Point>
          <coordinates>-71.847535,-13.412546,3291.67</coordinates>
        </Point>
      </Placemark>
      <Placemark>
        <name>Apu Linli hike - Wikiloc-1331</name>
        <snippet></snippet>
        <description>
&lt;table&gt;
&lt;tr&gt;&lt;td&gt;Longitude: -71.847522&lt;/td&gt;&lt;/tr&gt;
&lt;tr&gt;&lt;td&gt;Latitude: -13.412599&lt;/td&gt;&lt;/tr&gt;
&lt;tr&gt;&lt;td&gt;Altitude: 10794.239 ft&lt;/td&gt;&lt;/tr&gt;
&lt;tr&gt;&lt;td&gt;Speed: 3.4 mph&lt;/td&gt;&lt;/tr&gt;
&lt;tr&gt;&lt;td&gt;Heading: 166.6&lt;/td&gt;&lt;/tr&gt;
&lt;tr&gt;&lt;td&gt;Time: 2021-02-19T20:29:46Z&lt;/td&gt;&lt;/tr&gt;
&lt;/table&gt;
</description>
        <LookAt>
          <longitude>-71.847522</longitude>
          <latitude>-13.412599</latitude>
          <tilt>66</tilt>
        </LookAt>
        <TimeStamp>
          <when>2021-02-19T20:29:46Z</when>
        </TimeStamp>
        <styleUrl>#track</styleUrl>
        <Point>
          <coordinates>-71.847522,-13.412599,3290.08</coordinates>
        </Point>
      </Placemark>
      <Placemark>
        <name>Apu Linli hike - Wikiloc-1332</name>
        <snippet></snippet>
        <description>
&lt;table&gt;
&lt;tr&gt;&lt;td&gt;Longitude: -71.847496&lt;/td&gt;&lt;/tr&gt;
&lt;tr&gt;&lt;td&gt;Latitude: -13.412663&lt;/td&gt;&lt;/tr&gt;
&lt;tr&gt;&lt;td&gt;Altitude: 10788.967 ft&lt;/td&gt;&lt;/tr&gt;
&lt;tr&gt;&lt;td&gt;Speed: 2.9 mph&lt;/td&gt;&lt;/tr&gt;
&lt;tr&gt;&lt;td&gt;Heading: 158.4&lt;/td&gt;&lt;/tr&gt;
&lt;tr&gt;&lt;td&gt;Time: 2021-02-19T20:29:52Z&lt;/td&gt;&lt;/tr&gt;
&lt;/table&gt;
</description>
        <LookAt>
          <longitude>-71.847496</longitude>
          <latitude>-13.412663</latitude>
          <tilt>66</tilt>
        </LookAt>
        <TimeStamp>
          <when>2021-02-19T20:29:52Z</when>
        </TimeStamp>
        <styleUrl>#track</styleUrl>
        <Point>
          <coordinates>-71.847496,-13.412663,3288.48</coordinates>
        </Point>
      </Placemark>
      <Placemark>
        <name>Apu Linli hike - Wikiloc-1333</name>
        <snippet></snippet>
        <description>
&lt;table&gt;
&lt;tr&gt;&lt;td&gt;Longitude: -71.847484&lt;/td&gt;&lt;/tr&gt;
&lt;tr&gt;&lt;td&gt;Latitude: -13.412713&lt;/td&gt;&lt;/tr&gt;
&lt;tr&gt;&lt;td&gt;Altitude: 10784.977 ft&lt;/td&gt;&lt;/tr&gt;
&lt;tr&gt;&lt;td&gt;Speed: 3.2 mph&lt;/td&gt;&lt;/tr&gt;
&lt;tr&gt;&lt;td&gt;Heading: 166.9&lt;/td&gt;&lt;/tr&gt;
&lt;tr&gt;&lt;td&gt;Time: 2021-02-19T20:29:56Z&lt;/td&gt;&lt;/tr&gt;
&lt;/table&gt;
</description>
        <LookAt>
          <longitude>-71.847484</longitude>
          <latitude>-13.412713</latitude>
          <tilt>66</tilt>
        </LookAt>
        <TimeStamp>
          <when>2021-02-19T20:29:56Z</when>
        </TimeStamp>
        <styleUrl>#track</styleUrl>
        <Point>
          <coordinates>-71.847484,-13.412713,3287.26</coordinates>
        </Point>
      </Placemark>
      <Placemark>
        <name>Apu Linli hike - Wikiloc-1334</name>
        <snippet></snippet>
        <description>
&lt;table&gt;
&lt;tr&gt;&lt;td&gt;Longitude: -71.847495&lt;/td&gt;&lt;/tr&gt;
&lt;tr&gt;&lt;td&gt;Latitude: -13.412770&lt;/td&gt;&lt;/tr&gt;
&lt;tr&gt;&lt;td&gt;Altitude: 10781.257 ft&lt;/td&gt;&lt;/tr&gt;
&lt;tr&gt;&lt;td&gt;Speed: 3.6 mph&lt;/td&gt;&lt;/tr&gt;
&lt;tr&gt;&lt;td&gt;Heading: 190.6&lt;/td&gt;&lt;/tr&gt;
&lt;tr&gt;&lt;td&gt;Time: 2021-02-19T20:30:00Z&lt;/td&gt;&lt;/tr&gt;
&lt;/table&gt;
</description>
        <LookAt>
          <longitude>-71.847495</longitude>
          <latitude>-13.41277</latitude>
          <tilt>66</tilt>
        </LookAt>
        <TimeStamp>
          <when>2021-02-19T20:30:00Z</when>
        </TimeStamp>
        <styleUrl>#track</styleUrl>
        <Point>
          <coordinates>-71.847495,-13.412770,3286.13</coordinates>
        </Point>
      </Placemark>
      <Placemark>
        <name>Apu Linli hike - Wikiloc-1335</name>
        <snippet></snippet>
        <description>
&lt;table&gt;
&lt;tr&gt;&lt;td&gt;Longitude: -71.847522&lt;/td&gt;&lt;/tr&gt;
&lt;tr&gt;&lt;td&gt;Latitude: -13.412812&lt;/td&gt;&lt;/tr&gt;
&lt;tr&gt;&lt;td&gt;Altitude: 10777.585 ft&lt;/td&gt;&lt;/tr&gt;
&lt;tr&gt;&lt;td&gt;Speed: 3.1 mph&lt;/td&gt;&lt;/tr&gt;
&lt;tr&gt;&lt;td&gt;Heading: 212.0&lt;/td&gt;&lt;/tr&gt;
&lt;tr&gt;&lt;td&gt;Time: 2021-02-19T20:30:04Z&lt;/td&gt;&lt;/tr&gt;
&lt;/table&gt;
</description>
        <LookAt>
          <longitude>-71.847522</longitude>
          <latitude>-13.412812</latitude>
          <tilt>66</tilt>
        </LookAt>
        <TimeStamp>
          <when>2021-02-19T20:30:04Z</when>
        </TimeStamp>
        <styleUrl>#track</styleUrl>
        <Point>
          <coordinates>-71.847522,-13.412812,3285.01</coordinates>
        </Point>
      </Placemark>
      <Placemark>
        <name>Apu Linli hike - Wikiloc-1336</name>
        <snippet></snippet>
        <description>
&lt;table&gt;
&lt;tr&gt;&lt;td&gt;Longitude: -71.847544&lt;/td&gt;&lt;/tr&gt;
&lt;tr&gt;&lt;td&gt;Latitude: -13.412863&lt;/td&gt;&lt;/tr&gt;
&lt;tr&gt;&lt;td&gt;Altitude: 10773.501 ft&lt;/td&gt;&lt;/tr&gt;
&lt;tr&gt;&lt;td&gt;Speed: 3.4 mph&lt;/td&gt;&lt;/tr&gt;
&lt;tr&gt;&lt;td&gt;Heading: 202.8&lt;/td&gt;&lt;/tr&gt;
&lt;tr&gt;&lt;td&gt;Time: 2021-02-19T20:30:08Z&lt;/td&gt;&lt;/tr&gt;
&lt;/table&gt;
</description>
        <LookAt>
          <longitude>-71.847544</longitude>
          <latitude>-13.412863</latitude>
          <tilt>66</tilt>
        </LookAt>
        <TimeStamp>
          <when>2021-02-19T20:30:08Z</when>
        </TimeStamp>
        <styleUrl>#track</styleUrl>
        <Point>
          <coordinates>-71.847544,-13.412863,3283.76</coordinates>
        </Point>
      </Placemark>
      <Placemark>
        <name>Apu Linli hike - Wikiloc-1337</name>
        <snippet></snippet>
        <description>
&lt;table&gt;
&lt;tr&gt;&lt;td&gt;Longitude: -71.847546&lt;/td&gt;&lt;/tr&gt;
&lt;tr&gt;&lt;td&gt;Latitude: -13.412913&lt;/td&gt;&lt;/tr&gt;
&lt;tr&gt;&lt;td&gt;Altitude: 10770.056 ft&lt;/td&gt;&lt;/tr&gt;
&lt;tr&gt;&lt;td&gt;Speed: 3.1 mph&lt;/td&gt;&lt;/tr&gt;
&lt;tr&gt;&lt;td&gt;Heading: 182.2&lt;/td&gt;&lt;/tr&gt;
&lt;tr&gt;&lt;td&gt;Time: 2021-02-19T20:30:12Z&lt;/td&gt;&lt;/tr&gt;
&lt;/table&gt;
</description>
        <LookAt>
          <longitude>-71.847546</longitude>
          <latitude>-13.412913</latitude>
          <tilt>66</tilt>
        </LookAt>
        <TimeStamp>
          <when>2021-02-19T20:30:12Z</when>
        </TimeStamp>
        <styleUrl>#track</styleUrl>
        <Point>
          <coordinates>-71.847546,-13.412913,3282.71</coordinates>
        </Point>
      </Placemark>
      <Placemark>
        <name>Apu Linli hike - Wikiloc-1338</name>
        <snippet></snippet>
        <description>
&lt;table&gt;
&lt;tr&gt;&lt;td&gt;Longitude: -71.847597&lt;/td&gt;&lt;/tr&gt;
&lt;tr&gt;&lt;td&gt;Latitude: -13.412955&lt;/td&gt;&lt;/tr&gt;
&lt;tr&gt;&lt;td&gt;Altitude: 10764.396 ft&lt;/td&gt;&lt;/tr&gt;
&lt;tr&gt;&lt;td&gt;Speed: 2.7 mph&lt;/td&gt;&lt;/tr&gt;
&lt;tr&gt;&lt;td&gt;Heading: 229.7&lt;/td&gt;&lt;/tr&gt;
&lt;tr&gt;&lt;td&gt;Time: 2021-02-19T20:30:18Z&lt;/td&gt;&lt;/tr&gt;
&lt;/table&gt;
</description>
        <LookAt>
          <longitude>-71.847597</longitude>
          <latitude>-13.412955</latitude>
          <tilt>66</tilt>
        </LookAt>
        <TimeStamp>
          <when>2021-02-19T20:30:18Z</when>
        </TimeStamp>
        <styleUrl>#track</styleUrl>
        <Point>
          <coordinates>-71.847597,-13.412955,3280.99</coordinates>
        </Point>
      </Placemark>
      <Placemark>
        <name>Apu Linli hike - Wikiloc-1339</name>
        <snippet></snippet>
        <description>
&lt;table&gt;
&lt;tr&gt;&lt;td&gt;Longitude: -71.847655&lt;/td&gt;&lt;/tr&gt;
&lt;tr&gt;&lt;td&gt;Latitude: -13.412963&lt;/td&gt;&lt;/tr&gt;
&lt;tr&gt;&lt;td&gt;Altitude: 10758.524 ft&lt;/td&gt;&lt;/tr&gt;
&lt;tr&gt;&lt;td&gt;Speed: 2.4 mph&lt;/td&gt;&lt;/tr&gt;
&lt;tr&gt;&lt;td&gt;Heading: 261.9&lt;/td&gt;&lt;/tr&gt;
&lt;tr&gt;&lt;td&gt;Time: 2021-02-19T20:30:24Z&lt;/td&gt;&lt;/tr&gt;
&lt;/table&gt;
</description>
        <LookAt>
          <longitude>-71.847655</longitude>
          <latitude>-13.412963</latitude>
          <tilt>66</tilt>
        </LookAt>
        <TimeStamp>
          <when>2021-02-19T20:30:24Z</when>
        </TimeStamp>
        <styleUrl>#track</styleUrl>
        <Point>
          <coordinates>-71.847655,-13.412963,3279.20</coordinates>
        </Point>
      </Placemark>
      <Placemark>
        <name>Apu Linli hike - Wikiloc-1340</name>
        <snippet></snippet>
        <description>
&lt;table&gt;
&lt;tr&gt;&lt;td&gt;Longitude: -71.847688&lt;/td&gt;&lt;/tr&gt;
&lt;tr&gt;&lt;td&gt;Latitude: -13.412998&lt;/td&gt;&lt;/tr&gt;
&lt;tr&gt;&lt;td&gt;Altitude: 10752.730 ft&lt;/td&gt;&lt;/tr&gt;
&lt;tr&gt;&lt;td&gt;Speed: 3.0 mph&lt;/td&gt;&lt;/tr&gt;
&lt;tr&gt;&lt;td&gt;Heading: 222.5&lt;/td&gt;&lt;/tr&gt;
&lt;tr&gt;&lt;td&gt;Time: 2021-02-19T20:30:28Z&lt;/td&gt;&lt;/tr&gt;
&lt;/table&gt;
</description>
        <LookAt>
          <longitude>-71.847688</longitude>
          <latitude>-13.412998</latitude>
          <tilt>66</tilt>
        </LookAt>
        <TimeStamp>
          <when>2021-02-19T20:30:28Z</when>
        </TimeStamp>
        <styleUrl>#track</styleUrl>
        <Point>
          <coordinates>-71.847688,-13.412998,3277.43</coordinates>
        </Point>
      </Placemark>
      <Placemark>
        <name>Apu Linli hike - Wikiloc-1341</name>
        <snippet></snippet>
        <description>
&lt;table&gt;
&lt;tr&gt;&lt;td&gt;Longitude: -71.847708&lt;/td&gt;&lt;/tr&gt;
&lt;tr&gt;&lt;td&gt;Latitude: -13.413040&lt;/td&gt;&lt;/tr&gt;
&lt;tr&gt;&lt;td&gt;Altitude: 10747.303 ft&lt;/td&gt;&lt;/tr&gt;
&lt;tr&gt;&lt;td&gt;Speed: 2.9 mph&lt;/td&gt;&lt;/tr&gt;
&lt;tr&gt;&lt;td&gt;Heading: 204.9&lt;/td&gt;&lt;/tr&gt;
&lt;tr&gt;&lt;td&gt;Time: 2021-02-19T20:30:32Z&lt;/td&gt;&lt;/tr&gt;
&lt;/table&gt;
</description>
        <LookAt>
          <longitude>-71.847708</longitude>
          <latitude>-13.41304</latitude>
          <tilt>66</tilt>
        </LookAt>
        <TimeStamp>
          <when>2021-02-19T20:30:32Z</when>
        </TimeStamp>
        <styleUrl>#track</styleUrl>
        <Point>
          <coordinates>-71.847708,-13.413040,3275.78</coordinates>
        </Point>
      </Placemark>
      <Placemark>
        <name>Apu Linli hike - Wikiloc-1342</name>
        <snippet></snippet>
        <description>
&lt;table&gt;
&lt;tr&gt;&lt;td&gt;Longitude: -71.847732&lt;/td&gt;&lt;/tr&gt;
&lt;tr&gt;&lt;td&gt;Latitude: -13.413101&lt;/td&gt;&lt;/tr&gt;
&lt;tr&gt;&lt;td&gt;Altitude: 10748.179 ft&lt;/td&gt;&lt;/tr&gt;
&lt;tr&gt;&lt;td&gt;Speed: 2.7 mph&lt;/td&gt;&lt;/tr&gt;
&lt;tr&gt;&lt;td&gt;Heading: 200.9&lt;/td&gt;&lt;/tr&gt;
&lt;tr&gt;&lt;td&gt;Time: 2021-02-19T20:30:38Z&lt;/td&gt;&lt;/tr&gt;
&lt;/table&gt;
</description>
        <LookAt>
          <longitude>-71.847732</longitude>
          <latitude>-13.413101</latitude>
          <tilt>66</tilt>
        </LookAt>
        <TimeStamp>
          <when>2021-02-19T20:30:38Z</when>
        </TimeStamp>
        <styleUrl>#track</styleUrl>
        <Point>
          <coordinates>-71.847732,-13.413101,3276.05</coordinates>
        </Point>
      </Placemark>
      <Placemark>
        <name>Apu Linli hike - Wikiloc-1343</name>
        <snippet></snippet>
        <description>
&lt;table&gt;
&lt;tr&gt;&lt;td&gt;Longitude: -71.847764&lt;/td&gt;&lt;/tr&gt;
&lt;tr&gt;&lt;td&gt;Latitude: -13.413146&lt;/td&gt;&lt;/tr&gt;
&lt;tr&gt;&lt;td&gt;Altitude: 10741.125 ft&lt;/td&gt;&lt;/tr&gt;
&lt;tr&gt;&lt;td&gt;Speed: 2.7 mph&lt;/td&gt;&lt;/tr&gt;
&lt;tr&gt;&lt;td&gt;Heading: 214.7&lt;/td&gt;&lt;/tr&gt;
&lt;tr&gt;&lt;td&gt;Time: 2021-02-19T20:30:43Z&lt;/td&gt;&lt;/tr&gt;
&lt;/table&gt;
</description>
        <LookAt>
          <longitude>-71.847764</longitude>
          <latitude>-13.413146</latitude>
          <tilt>66</tilt>
        </LookAt>
        <TimeStamp>
          <when>2021-02-19T20:30:43Z</when>
        </TimeStamp>
        <styleUrl>#track</styleUrl>
        <Point>
          <coordinates>-71.847764,-13.413146,3273.89</coordinates>
        </Point>
      </Placemark>
      <Placemark>
        <name>Apu Linli hike - Wikiloc-1344</name>
        <snippet></snippet>
        <description>
&lt;table&gt;
&lt;tr&gt;&lt;td&gt;Longitude: -71.847755&lt;/td&gt;&lt;/tr&gt;
&lt;tr&gt;&lt;td&gt;Latitude: -13.413201&lt;/td&gt;&lt;/tr&gt;
&lt;tr&gt;&lt;td&gt;Altitude: 10736.027 ft&lt;/td&gt;&lt;/tr&gt;
&lt;tr&gt;&lt;td&gt;Speed: 3.5 mph&lt;/td&gt;&lt;/tr&gt;
&lt;tr&gt;&lt;td&gt;Heading: 171.0&lt;/td&gt;&lt;/tr&gt;
&lt;tr&gt;&lt;td&gt;Time: 2021-02-19T20:30:47Z&lt;/td&gt;&lt;/tr&gt;
&lt;/table&gt;
</description>
        <LookAt>
          <longitude>-71.847755</longitude>
          <latitude>-13.413201</latitude>
          <tilt>66</tilt>
        </LookAt>
        <TimeStamp>
          <when>2021-02-19T20:30:47Z</when>
        </TimeStamp>
        <styleUrl>#track</styleUrl>
        <Point>
          <coordinates>-71.847755,-13.413201,3272.34</coordinates>
        </Point>
      </Placemark>
      <Placemark>
        <name>Apu Linli hike - Wikiloc-1345</name>
        <snippet></snippet>
        <description>
&lt;table&gt;
&lt;tr&gt;&lt;td&gt;Longitude: -71.847745&lt;/td&gt;&lt;/tr&gt;
&lt;tr&gt;&lt;td&gt;Latitude: -13.413258&lt;/td&gt;&lt;/tr&gt;
&lt;tr&gt;&lt;td&gt;Altitude: 10731.893 ft&lt;/td&gt;&lt;/tr&gt;
&lt;tr&gt;&lt;td&gt;Speed: 3.6 mph&lt;/td&gt;&lt;/tr&gt;
&lt;tr&gt;&lt;td&gt;Heading: 170.3&lt;/td&gt;&lt;/tr&gt;
&lt;tr&gt;&lt;td&gt;Time: 2021-02-19T20:30:51Z&lt;/td&gt;&lt;/tr&gt;
&lt;/table&gt;
</description>
        <LookAt>
          <longitude>-71.847745</longitude>
          <latitude>-13.413258</latitude>
          <tilt>66</tilt>
        </LookAt>
        <TimeStamp>
          <when>2021-02-19T20:30:51Z</when>
        </TimeStamp>
        <styleUrl>#track</styleUrl>
        <Point>
          <coordinates>-71.847745,-13.413258,3271.08</coordinates>
        </Point>
      </Placemark>
      <Placemark>
        <name>Apu Linli hike - Wikiloc-1346</name>
        <snippet></snippet>
        <description>
&lt;table&gt;
&lt;tr&gt;&lt;td&gt;Longitude: -71.847742&lt;/td&gt;&lt;/tr&gt;
&lt;tr&gt;&lt;td&gt;Latitude: -13.413307&lt;/td&gt;&lt;/tr&gt;
&lt;tr&gt;&lt;td&gt;Altitude: 10726.736 ft&lt;/td&gt;&lt;/tr&gt;
&lt;tr&gt;&lt;td&gt;Speed: 3.1 mph&lt;/td&gt;&lt;/tr&gt;
&lt;tr&gt;&lt;td&gt;Heading: 176.6&lt;/td&gt;&lt;/tr&gt;
&lt;tr&gt;&lt;td&gt;Time: 2021-02-19T20:30:55Z&lt;/td&gt;&lt;/tr&gt;
&lt;/table&gt;
</description>
        <LookAt>
          <longitude>-71.847742</longitude>
          <latitude>-13.413307</latitude>
          <tilt>66</tilt>
        </LookAt>
        <TimeStamp>
          <when>2021-02-19T20:30:55Z</when>
        </TimeStamp>
        <styleUrl>#track</styleUrl>
        <Point>
          <coordinates>-71.847742,-13.413307,3269.51</coordinates>
        </Point>
      </Placemark>
      <Placemark>
        <name>Apu Linli hike - Wikiloc-1347</name>
        <snippet></snippet>
        <description>
&lt;table&gt;
&lt;tr&gt;&lt;td&gt;Longitude: -71.847754&lt;/td&gt;&lt;/tr&gt;
&lt;tr&gt;&lt;td&gt;Latitude: -13.413351&lt;/td&gt;&lt;/tr&gt;
&lt;tr&gt;&lt;td&gt;Altitude: 10719.514 ft&lt;/td&gt;&lt;/tr&gt;
&lt;tr&gt;&lt;td&gt;Speed: 2.8 mph&lt;/td&gt;&lt;/tr&gt;
&lt;tr&gt;&lt;td&gt;Heading: 194.9&lt;/td&gt;&lt;/tr&gt;
&lt;tr&gt;&lt;td&gt;Time: 2021-02-19T20:30:59Z&lt;/td&gt;&lt;/tr&gt;
&lt;/table&gt;
</description>
        <LookAt>
          <longitude>-71.847754</longitude>
          <latitude>-13.413351</latitude>
          <tilt>66</tilt>
        </LookAt>
        <TimeStamp>
          <when>2021-02-19T20:30:59Z</when>
        </TimeStamp>
        <styleUrl>#track</styleUrl>
        <Point>
          <coordinates>-71.847754,-13.413351,3267.31</coordinates>
        </Point>
      </Placemark>
      <Placemark>
        <name>Apu Linli hike - Wikiloc-1348</name>
        <snippet></snippet>
        <description>
&lt;table&gt;
&lt;tr&gt;&lt;td&gt;Longitude: -71.847766&lt;/td&gt;&lt;/tr&gt;
&lt;tr&gt;&lt;td&gt;Latitude: -13.413395&lt;/td&gt;&lt;/tr&gt;
&lt;tr&gt;&lt;td&gt;Altitude: 10711.417 ft&lt;/td&gt;&lt;/tr&gt;
&lt;tr&gt;&lt;td&gt;Speed: 2.8 mph&lt;/td&gt;&lt;/tr&gt;
&lt;tr&gt;&lt;td&gt;Heading: 194.9&lt;/td&gt;&lt;/tr&gt;
&lt;tr&gt;&lt;td&gt;Time: 2021-02-19T20:31:03Z&lt;/td&gt;&lt;/tr&gt;
&lt;/table&gt;
</description>
        <LookAt>
          <longitude>-71.847766</longitude>
          <latitude>-13.413395</latitude>
          <tilt>66</tilt>
        </LookAt>
        <TimeStamp>
          <when>2021-02-19T20:31:03Z</when>
        </TimeStamp>
        <styleUrl>#track</styleUrl>
        <Point>
          <coordinates>-71.847766,-13.413395,3264.84</coordinates>
        </Point>
      </Placemark>
      <Placemark>
        <name>Apu Linli hike - Wikiloc-1349</name>
        <snippet></snippet>
        <description>
&lt;table&gt;
&lt;tr&gt;&lt;td&gt;Longitude: -71.847778&lt;/td&gt;&lt;/tr&gt;
&lt;tr&gt;&lt;td&gt;Latitude: -13.413446&lt;/td&gt;&lt;/tr&gt;
&lt;tr&gt;&lt;td&gt;Altitude: 10705.020 ft&lt;/td&gt;&lt;/tr&gt;
&lt;tr&gt;&lt;td&gt;Speed: 2.6 mph&lt;/td&gt;&lt;/tr&gt;
&lt;tr&gt;&lt;td&gt;Heading: 192.9&lt;/td&gt;&lt;/tr&gt;
&lt;tr&gt;&lt;td&gt;Time: 2021-02-19T20:31:08Z&lt;/td&gt;&lt;/tr&gt;
&lt;/table&gt;
</description>
        <LookAt>
          <longitude>-71.847778</longitude>
          <latitude>-13.413446</latitude>
          <tilt>66</tilt>
        </LookAt>
        <TimeStamp>
          <when>2021-02-19T20:31:08Z</when>
        </TimeStamp>
        <styleUrl>#track</styleUrl>
        <Point>
          <coordinates>-71.847778,-13.413446,3262.89</coordinates>
        </Point>
      </Placemark>
      <Placemark>
        <name>Apu Linli hike - Wikiloc-1350</name>
        <snippet></snippet>
        <description>
&lt;table&gt;
&lt;tr&gt;&lt;td&gt;Longitude: -71.847790&lt;/td&gt;&lt;/tr&gt;
&lt;tr&gt;&lt;td&gt;Latitude: -13.413495&lt;/td&gt;&lt;/tr&gt;
&lt;tr&gt;&lt;td&gt;Altitude: 10698.048 ft&lt;/td&gt;&lt;/tr&gt;
&lt;tr&gt;&lt;td&gt;Speed: 2.5 mph&lt;/td&gt;&lt;/tr&gt;
&lt;tr&gt;&lt;td&gt;Heading: 193.4&lt;/td&gt;&lt;/tr&gt;
&lt;tr&gt;&lt;td&gt;Time: 2021-02-19T20:31:13Z&lt;/td&gt;&lt;/tr&gt;
&lt;/table&gt;
</description>
        <LookAt>
          <longitude>-71.84779</longitude>
          <latitude>-13.413495</latitude>
          <tilt>66</tilt>
        </LookAt>
        <TimeStamp>
          <when>2021-02-19T20:31:13Z</when>
        </TimeStamp>
        <styleUrl>#track</styleUrl>
        <Point>
          <coordinates>-71.847790,-13.413495,3260.76</coordinates>
        </Point>
      </Placemark>
      <Placemark>
        <name>Apu Linli hike - Wikiloc-1351</name>
        <snippet></snippet>
        <description>
&lt;table&gt;
&lt;tr&gt;&lt;td&gt;Longitude: -71.847800&lt;/td&gt;&lt;/tr&gt;
&lt;tr&gt;&lt;td&gt;Latitude: -13.413542&lt;/td&gt;&lt;/tr&gt;
&lt;tr&gt;&lt;td&gt;Altitude: 10691.847 ft&lt;/td&gt;&lt;/tr&gt;
&lt;tr&gt;&lt;td&gt;Speed: 3.0 mph&lt;/td&gt;&lt;/tr&gt;
&lt;tr&gt;&lt;td&gt;Heading: 191.7&lt;/td&gt;&lt;/tr&gt;
&lt;tr&gt;&lt;td&gt;Time: 2021-02-19T20:31:17Z&lt;/td&gt;&lt;/tr&gt;
&lt;/table&gt;
</description>
        <LookAt>
          <longitude>-71.8478</longitude>
          <latitude>-13.413542</latitude>
          <tilt>66</tilt>
        </LookAt>
        <TimeStamp>
          <when>2021-02-19T20:31:17Z</when>
        </TimeStamp>
        <styleUrl>#track</styleUrl>
        <Point>
          <coordinates>-71.847800,-13.413542,3258.88</coordinates>
        </Point>
      </Placemark>
      <Placemark>
        <name>Apu Linli hike - Wikiloc-1352</name>
        <snippet></snippet>
        <description>
&lt;table&gt;
&lt;tr&gt;&lt;td&gt;Longitude: -71.847809&lt;/td&gt;&lt;/tr&gt;
&lt;tr&gt;&lt;td&gt;Latitude: -13.413601&lt;/td&gt;&lt;/tr&gt;
&lt;tr&gt;&lt;td&gt;Altitude: 10686.742 ft&lt;/td&gt;&lt;/tr&gt;
&lt;tr&gt;&lt;td&gt;Speed: 3.7 mph&lt;/td&gt;&lt;/tr&gt;
&lt;tr&gt;&lt;td&gt;Heading: 188.4&lt;/td&gt;&lt;/tr&gt;
&lt;tr&gt;&lt;td&gt;Time: 2021-02-19T20:31:21Z&lt;/td&gt;&lt;/tr&gt;
&lt;/table&gt;
</description>
        <LookAt>
          <longitude>-71.847809</longitude>
          <latitude>-13.413601</latitude>
          <tilt>66</tilt>
        </LookAt>
        <TimeStamp>
          <when>2021-02-19T20:31:21Z</when>
        </TimeStamp>
        <styleUrl>#track</styleUrl>
        <Point>
          <coordinates>-71.847809,-13.413601,3257.32</coordinates>
        </Point>
      </Placemark>
      <Placemark>
        <name>Apu Linli hike - Wikiloc-1353</name>
        <snippet></snippet>
        <description>
&lt;table&gt;
&lt;tr&gt;&lt;td&gt;Longitude: -71.847806&lt;/td&gt;&lt;/tr&gt;
&lt;tr&gt;&lt;td&gt;Latitude: -13.413660&lt;/td&gt;&lt;/tr&gt;
&lt;tr&gt;&lt;td&gt;Altitude: 10680.430 ft&lt;/td&gt;&lt;/tr&gt;
&lt;tr&gt;&lt;td&gt;Speed: 2.9 mph&lt;/td&gt;&lt;/tr&gt;
&lt;tr&gt;&lt;td&gt;Heading: 177.2&lt;/td&gt;&lt;/tr&gt;
&lt;tr&gt;&lt;td&gt;Time: 2021-02-19T20:31:26Z&lt;/td&gt;&lt;/tr&gt;
&lt;/table&gt;
</description>
        <LookAt>
          <longitude>-71.847806</longitude>
          <latitude>-13.41366</latitude>
          <tilt>66</tilt>
        </LookAt>
        <TimeStamp>
          <when>2021-02-19T20:31:26Z</when>
        </TimeStamp>
        <styleUrl>#track</styleUrl>
        <Point>
          <coordinates>-71.847806,-13.413660,3255.39</coordinates>
        </Point>
      </Placemark>
      <Placemark>
        <name>Apu Linli hike - Wikiloc-1354</name>
        <snippet></snippet>
        <description>
&lt;table&gt;
&lt;tr&gt;&lt;td&gt;Longitude: -71.847821&lt;/td&gt;&lt;/tr&gt;
&lt;tr&gt;&lt;td&gt;Latitude: -13.413705&lt;/td&gt;&lt;/tr&gt;
&lt;tr&gt;&lt;td&gt;Altitude: 10674.678 ft&lt;/td&gt;&lt;/tr&gt;
&lt;tr&gt;&lt;td&gt;Speed: 2.9 mph&lt;/td&gt;&lt;/tr&gt;
&lt;tr&gt;&lt;td&gt;Heading: 198.0&lt;/td&gt;&lt;/tr&gt;
&lt;tr&gt;&lt;td&gt;Time: 2021-02-19T20:31:30Z&lt;/td&gt;&lt;/tr&gt;
&lt;/table&gt;
</description>
        <LookAt>
          <longitude>-71.847821</longitude>
          <latitude>-13.413705</latitude>
          <tilt>66</tilt>
        </LookAt>
        <TimeStamp>
          <when>2021-02-19T20:31:30Z</when>
        </TimeStamp>
        <styleUrl>#track</styleUrl>
        <Point>
          <coordinates>-71.847821,-13.413705,3253.64</coordinates>
        </Point>
      </Placemark>
      <Placemark>
        <name>Apu Linli hike - Wikiloc-1355</name>
        <snippet></snippet>
        <description>
&lt;table&gt;
&lt;tr&gt;&lt;td&gt;Longitude: -71.847843&lt;/td&gt;&lt;/tr&gt;
&lt;tr&gt;&lt;td&gt;Latitude: -13.413749&lt;/td&gt;&lt;/tr&gt;
&lt;tr&gt;&lt;td&gt;Altitude: 10670.709 ft&lt;/td&gt;&lt;/tr&gt;
&lt;tr&gt;&lt;td&gt;Speed: 3.0 mph&lt;/td&gt;&lt;/tr&gt;
&lt;tr&gt;&lt;td&gt;Heading: 205.9&lt;/td&gt;&lt;/tr&gt;
&lt;tr&gt;&lt;td&gt;Time: 2021-02-19T20:31:34Z&lt;/td&gt;&lt;/tr&gt;
&lt;/table&gt;
</description>
        <LookAt>
          <longitude>-71.847843</longitude>
          <latitude>-13.413749</latitude>
          <tilt>66</tilt>
        </LookAt>
        <TimeStamp>
          <when>2021-02-19T20:31:34Z</when>
        </TimeStamp>
        <styleUrl>#track</styleUrl>
        <Point>
          <coordinates>-71.847843,-13.413749,3252.43</coordinates>
        </Point>
      </Placemark>
      <Placemark>
        <name>Apu Linli hike - Wikiloc-1356</name>
        <snippet></snippet>
        <description>
&lt;table&gt;
&lt;tr&gt;&lt;td&gt;Longitude: -71.847838&lt;/td&gt;&lt;/tr&gt;
&lt;tr&gt;&lt;td&gt;Latitude: -13.413800&lt;/td&gt;&lt;/tr&gt;
&lt;tr&gt;&lt;td&gt;Altitude: 10666.729 ft&lt;/td&gt;&lt;/tr&gt;
&lt;tr&gt;&lt;td&gt;Speed: 3.2 mph&lt;/td&gt;&lt;/tr&gt;
&lt;tr&gt;&lt;td&gt;Heading: 174.6&lt;/td&gt;&lt;/tr&gt;
&lt;tr&gt;&lt;td&gt;Time: 2021-02-19T20:31:38Z&lt;/td&gt;&lt;/tr&gt;
&lt;/table&gt;
</description>
        <LookAt>
          <longitude>-71.847838</longitude>
          <latitude>-13.4138</latitude>
          <tilt>66</tilt>
        </LookAt>
        <TimeStamp>
          <when>2021-02-19T20:31:38Z</when>
        </TimeStamp>
        <styleUrl>#track</styleUrl>
        <Point>
          <coordinates>-71.847838,-13.413800,3251.22</coordinates>
        </Point>
      </Placemark>
      <Placemark>
        <name>Apu Linli hike - Wikiloc-1357</name>
        <snippet></snippet>
        <description>
&lt;table&gt;
&lt;tr&gt;&lt;td&gt;Longitude: -71.847837&lt;/td&gt;&lt;/tr&gt;
&lt;tr&gt;&lt;td&gt;Latitude: -13.413856&lt;/td&gt;&lt;/tr&gt;
&lt;tr&gt;&lt;td&gt;Altitude: 10663.743 ft&lt;/td&gt;&lt;/tr&gt;
&lt;tr&gt;&lt;td&gt;Speed: 3.5 mph&lt;/td&gt;&lt;/tr&gt;
&lt;tr&gt;&lt;td&gt;Heading: 179.0&lt;/td&gt;&lt;/tr&gt;
&lt;tr&gt;&lt;td&gt;Time: 2021-02-19T20:31:42Z&lt;/td&gt;&lt;/tr&gt;
&lt;/table&gt;
</description>
        <LookAt>
          <longitude>-71.847837</longitude>
          <latitude>-13.413856</latitude>
          <tilt>66</tilt>
        </LookAt>
        <TimeStamp>
          <when>2021-02-19T20:31:42Z</when>
        </TimeStamp>
        <styleUrl>#track</styleUrl>
        <Point>
          <coordinates>-71.847837,-13.413856,3250.31</coordinates>
        </Point>
      </Placemark>
      <Placemark>
        <name>Apu Linli hike - Wikiloc-1358</name>
        <snippet></snippet>
        <description>
&lt;table&gt;
&lt;tr&gt;&lt;td&gt;Longitude: -71.847830&lt;/td&gt;&lt;/tr&gt;
&lt;tr&gt;&lt;td&gt;Latitude: -13.413908&lt;/td&gt;&lt;/tr&gt;
&lt;tr&gt;&lt;td&gt;Altitude: 10659.511 ft&lt;/td&gt;&lt;/tr&gt;
&lt;tr&gt;&lt;td&gt;Speed: 3.3 mph&lt;/td&gt;&lt;/tr&gt;
&lt;tr&gt;&lt;td&gt;Heading: 172.5&lt;/td&gt;&lt;/tr&gt;
&lt;tr&gt;&lt;td&gt;Time: 2021-02-19T20:31:46Z&lt;/td&gt;&lt;/tr&gt;
&lt;/table&gt;
</description>
        <LookAt>
          <longitude>-71.84783</longitude>
          <latitude>-13.413908</latitude>
          <tilt>66</tilt>
        </LookAt>
        <TimeStamp>
          <when>2021-02-19T20:31:46Z</when>
        </TimeStamp>
        <styleUrl>#track</styleUrl>
        <Point>
          <coordinates>-71.847830,-13.413908,3249.02</coordinates>
        </Point>
      </Placemark>
      <Placemark>
        <name>Apu Linli hike - Wikiloc-1359</name>
        <snippet></snippet>
        <description>
&lt;table&gt;
&lt;tr&gt;&lt;td&gt;Longitude: -71.847830&lt;/td&gt;&lt;/tr&gt;
&lt;tr&gt;&lt;td&gt;Latitude: -13.413959&lt;/td&gt;&lt;/tr&gt;
&lt;tr&gt;&lt;td&gt;Altitude: 10655.538 ft&lt;/td&gt;&lt;/tr&gt;
&lt;tr&gt;&lt;td&gt;Speed: 3.2 mph&lt;/td&gt;&lt;/tr&gt;
&lt;tr&gt;&lt;td&gt;Heading: 180.0&lt;/td&gt;&lt;/tr&gt;
&lt;tr&gt;&lt;td&gt;Time: 2021-02-19T20:31:50Z&lt;/td&gt;&lt;/tr&gt;
&lt;/table&gt;
</description>
        <LookAt>
          <longitude>-71.84783</longitude>
          <latitude>-13.413959</latitude>
          <tilt>66</tilt>
        </LookAt>
        <TimeStamp>
          <when>2021-02-19T20:31:50Z</when>
        </TimeStamp>
        <styleUrl>#track</styleUrl>
        <Point>
          <coordinates>-71.847830,-13.413959,3247.81</coordinates>
        </Point>
      </Placemark>
      <Placemark>
        <name>Apu Linli hike - Wikiloc-1360</name>
        <snippet></snippet>
        <description>
&lt;table&gt;
&lt;tr&gt;&lt;td&gt;Longitude: -71.847838&lt;/td&gt;&lt;/tr&gt;
&lt;tr&gt;&lt;td&gt;Latitude: -13.414016&lt;/td&gt;&lt;/tr&gt;
&lt;tr&gt;&lt;td&gt;Altitude: 10651.991 ft&lt;/td&gt;&lt;/tr&gt;
&lt;tr&gt;&lt;td&gt;Speed: 3.6 mph&lt;/td&gt;&lt;/tr&gt;
&lt;tr&gt;&lt;td&gt;Heading: 187.8&lt;/td&gt;&lt;/tr&gt;
&lt;tr&gt;&lt;td&gt;Time: 2021-02-19T20:31:54Z&lt;/td&gt;&lt;/tr&gt;
&lt;/table&gt;
</description>
        <LookAt>
          <longitude>-71.847838</longitude>
          <latitude>-13.414016</latitude>
          <tilt>66</tilt>
        </LookAt>
        <TimeStamp>
          <when>2021-02-19T20:31:54Z</when>
        </TimeStamp>
        <styleUrl>#track</styleUrl>
        <Point>
          <coordinates>-71.847838,-13.414016,3246.73</coordinates>
        </Point>
      </Placemark>
      <Placemark>
        <name>Apu Linli hike - Wikiloc-1361</name>
        <snippet></snippet>
        <description>
&lt;table&gt;
&lt;tr&gt;&lt;td&gt;Longitude: -71.847845&lt;/td&gt;&lt;/tr&gt;
&lt;tr&gt;&lt;td&gt;Latitude: -13.414072&lt;/td&gt;&lt;/tr&gt;
&lt;tr&gt;&lt;td&gt;Altitude: 10648.579 ft&lt;/td&gt;&lt;/tr&gt;
&lt;tr&gt;&lt;td&gt;Speed: 3.5 mph&lt;/td&gt;&lt;/tr&gt;
&lt;tr&gt;&lt;td&gt;Heading: 186.9&lt;/td&gt;&lt;/tr&gt;
&lt;tr&gt;&lt;td&gt;Time: 2021-02-19T20:31:58Z&lt;/td&gt;&lt;/tr&gt;
&lt;/table&gt;
</description>
        <LookAt>
          <longitude>-71.847845</longitude>
          <latitude>-13.414072</latitude>
          <tilt>66</tilt>
        </LookAt>
        <TimeStamp>
          <when>2021-02-19T20:31:58Z</when>
        </TimeStamp>
        <styleUrl>#track</styleUrl>
        <Point>
          <coordinates>-71.847845,-13.414072,3245.69</coordinates>
        </Point>
      </Placemark>
      <Placemark>
        <name>Apu Linli hike - Wikiloc-1362</name>
        <snippet></snippet>
        <description>
&lt;table&gt;
&lt;tr&gt;&lt;td&gt;Longitude: -71.847848&lt;/td&gt;&lt;/tr&gt;
&lt;tr&gt;&lt;td&gt;Latitude: -13.414129&lt;/td&gt;&lt;/tr&gt;
&lt;tr&gt;&lt;td&gt;Altitude: 10643.182 ft&lt;/td&gt;&lt;/tr&gt;
&lt;tr&gt;&lt;td&gt;Speed: 3.6 mph&lt;/td&gt;&lt;/tr&gt;
&lt;tr&gt;&lt;td&gt;Heading: 182.9&lt;/td&gt;&lt;/tr&gt;
&lt;tr&gt;&lt;td&gt;Time: 2021-02-19T20:32:02Z&lt;/td&gt;&lt;/tr&gt;
&lt;/table&gt;
</description>
        <LookAt>
          <longitude>-71.847848</longitude>
          <latitude>-13.414129</latitude>
          <tilt>66</tilt>
        </LookAt>
        <TimeStamp>
          <when>2021-02-19T20:32:02Z</when>
        </TimeStamp>
        <styleUrl>#track</styleUrl>
        <Point>
          <coordinates>-71.847848,-13.414129,3244.04</coordinates>
        </Point>
      </Placemark>
      <Placemark>
        <name>Apu Linli hike - Wikiloc-1363</name>
        <snippet></snippet>
        <description>
&lt;table&gt;
&lt;tr&gt;&lt;td&gt;Longitude: -71.847866&lt;/td&gt;&lt;/tr&gt;
&lt;tr&gt;&lt;td&gt;Latitude: -13.414187&lt;/td&gt;&lt;/tr&gt;
&lt;tr&gt;&lt;td&gt;Altitude: 10637.572 ft&lt;/td&gt;&lt;/tr&gt;
&lt;tr&gt;&lt;td&gt;Speed: 3.8 mph&lt;/td&gt;&lt;/tr&gt;
&lt;tr&gt;&lt;td&gt;Heading: 196.8&lt;/td&gt;&lt;/tr&gt;
&lt;tr&gt;&lt;td&gt;Time: 2021-02-19T20:32:06Z&lt;/td&gt;&lt;/tr&gt;
&lt;/table&gt;
</description>
        <LookAt>
          <longitude>-71.847866</longitude>
          <latitude>-13.414187</latitude>
          <tilt>66</tilt>
        </LookAt>
        <TimeStamp>
          <when>2021-02-19T20:32:06Z</when>
        </TimeStamp>
        <styleUrl>#track</styleUrl>
        <Point>
          <coordinates>-71.847866,-13.414187,3242.33</coordinates>
        </Point>
      </Placemark>
      <Placemark>
        <name>Apu Linli hike - Wikiloc-1364</name>
        <snippet></snippet>
        <description>
&lt;table&gt;
&lt;tr&gt;&lt;td&gt;Longitude: -71.847867&lt;/td&gt;&lt;/tr&gt;
&lt;tr&gt;&lt;td&gt;Latitude: -13.414232&lt;/td&gt;&lt;/tr&gt;
&lt;tr&gt;&lt;td&gt;Altitude: 10631.713 ft&lt;/td&gt;&lt;/tr&gt;
&lt;tr&gt;&lt;td&gt;Speed: 3.7 mph&lt;/td&gt;&lt;/tr&gt;
&lt;tr&gt;&lt;td&gt;Heading: 181.2&lt;/td&gt;&lt;/tr&gt;
&lt;tr&gt;&lt;td&gt;Time: 2021-02-19T20:32:09Z&lt;/td&gt;&lt;/tr&gt;
&lt;/table&gt;
</description>
        <LookAt>
          <longitude>-71.847867</longitude>
          <latitude>-13.414232</latitude>
          <tilt>66</tilt>
        </LookAt>
        <TimeStamp>
          <when>2021-02-19T20:32:09Z</when>
        </TimeStamp>
        <styleUrl>#track</styleUrl>
        <Point>
          <coordinates>-71.847867,-13.414232,3240.55</coordinates>
        </Point>
      </Placemark>
      <Placemark>
        <name>Apu Linli hike - Wikiloc-1365</name>
        <snippet></snippet>
        <description>
&lt;table&gt;
&lt;tr&gt;&lt;td&gt;Longitude: -71.847879&lt;/td&gt;&lt;/tr&gt;
&lt;tr&gt;&lt;td&gt;Latitude: -13.414282&lt;/td&gt;&lt;/tr&gt;
&lt;tr&gt;&lt;td&gt;Altitude: 10628.222 ft&lt;/td&gt;&lt;/tr&gt;
&lt;tr&gt;&lt;td&gt;Speed: 4.3 mph&lt;/td&gt;&lt;/tr&gt;
&lt;tr&gt;&lt;td&gt;Heading: 193.1&lt;/td&gt;&lt;/tr&gt;
&lt;tr&gt;&lt;td&gt;Time: 2021-02-19T20:32:12Z&lt;/td&gt;&lt;/tr&gt;
&lt;/table&gt;
</description>
        <LookAt>
          <longitude>-71.847879</longitude>
          <latitude>-13.414282</latitude>
          <tilt>66</tilt>
        </LookAt>
        <TimeStamp>
          <when>2021-02-19T20:32:12Z</when>
        </TimeStamp>
        <styleUrl>#track</styleUrl>
        <Point>
          <coordinates>-71.847879,-13.414282,3239.48</coordinates>
        </Point>
      </Placemark>
      <Placemark>
        <name>Apu Linli hike - Wikiloc-1366</name>
        <snippet></snippet>
        <description>
&lt;table&gt;
&lt;tr&gt;&lt;td&gt;Longitude: -71.847899&lt;/td&gt;&lt;/tr&gt;
&lt;tr&gt;&lt;td&gt;Latitude: -13.414336&lt;/td&gt;&lt;/tr&gt;
&lt;tr&gt;&lt;td&gt;Altitude: 10626.407 ft&lt;/td&gt;&lt;/tr&gt;
&lt;tr&gt;&lt;td&gt;Speed: 3.6 mph&lt;/td&gt;&lt;/tr&gt;
&lt;tr&gt;&lt;td&gt;Heading: 199.8&lt;/td&gt;&lt;/tr&gt;
&lt;tr&gt;&lt;td&gt;Time: 2021-02-19T20:32:16Z&lt;/td&gt;&lt;/tr&gt;
&lt;/table&gt;
</description>
        <LookAt>
          <longitude>-71.847899</longitude>
          <latitude>-13.414336</latitude>
          <tilt>66</tilt>
        </LookAt>
        <TimeStamp>
          <when>2021-02-19T20:32:16Z</when>
        </TimeStamp>
        <styleUrl>#track</styleUrl>
        <Point>
          <coordinates>-71.847899,-13.414336,3238.93</coordinates>
        </Point>
      </Placemark>
      <Placemark>
        <name>Apu Linli hike - Wikiloc-1367</name>
        <snippet></snippet>
        <description>
&lt;table&gt;
&lt;tr&gt;&lt;td&gt;Longitude: -71.847904&lt;/td&gt;&lt;/tr&gt;
&lt;tr&gt;&lt;td&gt;Latitude: -13.414391&lt;/td&gt;&lt;/tr&gt;
&lt;tr&gt;&lt;td&gt;Altitude: 10624.997 ft&lt;/td&gt;&lt;/tr&gt;
&lt;tr&gt;&lt;td&gt;Speed: 3.4 mph&lt;/td&gt;&lt;/tr&gt;
&lt;tr&gt;&lt;td&gt;Heading: 185.1&lt;/td&gt;&lt;/tr&gt;
&lt;tr&gt;&lt;td&gt;Time: 2021-02-19T20:32:20Z&lt;/td&gt;&lt;/tr&gt;
&lt;/table&gt;
</description>
        <LookAt>
          <longitude>-71.847904</longitude>
          <latitude>-13.414391</latitude>
          <tilt>66</tilt>
        </LookAt>
        <TimeStamp>
          <when>2021-02-19T20:32:20Z</when>
        </TimeStamp>
        <styleUrl>#track</styleUrl>
        <Point>
          <coordinates>-71.847904,-13.414391,3238.50</coordinates>
        </Point>
      </Placemark>
      <Placemark>
        <name>Apu Linli hike - Wikiloc-1368</name>
        <snippet></snippet>
        <description>
&lt;table&gt;
&lt;tr&gt;&lt;td&gt;Longitude: -71.847911&lt;/td&gt;&lt;/tr&gt;
&lt;tr&gt;&lt;td&gt;Latitude: -13.414447&lt;/td&gt;&lt;/tr&gt;
&lt;tr&gt;&lt;td&gt;Altitude: 10622.917 ft&lt;/td&gt;&lt;/tr&gt;
&lt;tr&gt;&lt;td&gt;Speed: 3.5 mph&lt;/td&gt;&lt;/tr&gt;
&lt;tr&gt;&lt;td&gt;Heading: 186.9&lt;/td&gt;&lt;/tr&gt;
&lt;tr&gt;&lt;td&gt;Time: 2021-02-19T20:32:24Z&lt;/td&gt;&lt;/tr&gt;
&lt;/table&gt;
</description>
        <LookAt>
          <longitude>-71.847911</longitude>
          <latitude>-13.414447</latitude>
          <tilt>66</tilt>
        </LookAt>
        <TimeStamp>
          <when>2021-02-19T20:32:24Z</when>
        </TimeStamp>
        <styleUrl>#track</styleUrl>
        <Point>
          <coordinates>-71.847911,-13.414447,3237.86</coordinates>
        </Point>
      </Placemark>
      <Placemark>
        <name>Apu Linli hike - Wikiloc-1369</name>
        <snippet></snippet>
        <description>
&lt;table&gt;
&lt;tr&gt;&lt;td&gt;Longitude: -71.847941&lt;/td&gt;&lt;/tr&gt;
&lt;tr&gt;&lt;td&gt;Latitude: -13.414526&lt;/td&gt;&lt;/tr&gt;
&lt;tr&gt;&lt;td&gt;Altitude: 10627.520 ft&lt;/td&gt;&lt;/tr&gt;
&lt;tr&gt;&lt;td&gt;Speed: 3.5 mph&lt;/td&gt;&lt;/tr&gt;
&lt;tr&gt;&lt;td&gt;Heading: 200.3&lt;/td&gt;&lt;/tr&gt;
&lt;tr&gt;&lt;td&gt;Time: 2021-02-19T20:32:30Z&lt;/td&gt;&lt;/tr&gt;
&lt;/table&gt;
</description>
        <LookAt>
          <longitude>-71.847941</longitude>
          <latitude>-13.414526</latitude>
          <tilt>66</tilt>
        </LookAt>
        <TimeStamp>
          <when>2021-02-19T20:32:30Z</when>
        </TimeStamp>
        <styleUrl>#track</styleUrl>
        <Point>
          <coordinates>-71.847941,-13.414526,3239.27</coordinates>
        </Point>
      </Placemark>
      <Placemark>
        <name>Apu Linli hike - Wikiloc-1370</name>
        <snippet></snippet>
        <description>
&lt;table&gt;
&lt;tr&gt;&lt;td&gt;Longitude: -71.847959&lt;/td&gt;&lt;/tr&gt;
&lt;tr&gt;&lt;td&gt;Latitude: -13.414569&lt;/td&gt;&lt;/tr&gt;
&lt;tr&gt;&lt;td&gt;Altitude: 10627.671 ft&lt;/td&gt;&lt;/tr&gt;
&lt;tr&gt;&lt;td&gt;Speed: 3.9 mph&lt;/td&gt;&lt;/tr&gt;
&lt;tr&gt;&lt;td&gt;Heading: 202.2&lt;/td&gt;&lt;/tr&gt;
&lt;tr&gt;&lt;td&gt;Time: 2021-02-19T20:32:33Z&lt;/td&gt;&lt;/tr&gt;
&lt;/table&gt;
</description>
        <LookAt>
          <longitude>-71.847959</longitude>
          <latitude>-13.414569</latitude>
          <tilt>66</tilt>
        </LookAt>
        <TimeStamp>
          <when>2021-02-19T20:32:33Z</when>
        </TimeStamp>
        <styleUrl>#track</styleUrl>
        <Point>
          <coordinates>-71.847959,-13.414569,3239.31</coordinates>
        </Point>
      </Placemark>
      <Placemark>
        <name>Apu Linli hike - Wikiloc-1371</name>
        <snippet></snippet>
        <description>
&lt;table&gt;
&lt;tr&gt;&lt;td&gt;Longitude: -71.847972&lt;/td&gt;&lt;/tr&gt;
&lt;tr&gt;&lt;td&gt;Latitude: -13.414625&lt;/td&gt;&lt;/tr&gt;
&lt;tr&gt;&lt;td&gt;Altitude: 10624.698 ft&lt;/td&gt;&lt;/tr&gt;
&lt;tr&gt;&lt;td&gt;Speed: 3.6 mph&lt;/td&gt;&lt;/tr&gt;
&lt;tr&gt;&lt;td&gt;Heading: 192.7&lt;/td&gt;&lt;/tr&gt;
&lt;tr&gt;&lt;td&gt;Time: 2021-02-19T20:32:37Z&lt;/td&gt;&lt;/tr&gt;
&lt;/table&gt;
</description>
        <LookAt>
          <longitude>-71.847972</longitude>
          <latitude>-13.414625</latitude>
          <tilt>66</tilt>
        </LookAt>
        <TimeStamp>
          <when>2021-02-19T20:32:37Z</when>
        </TimeStamp>
        <styleUrl>#track</styleUrl>
        <Point>
          <coordinates>-71.847972,-13.414625,3238.41</coordinates>
        </Point>
      </Placemark>
      <Placemark>
        <name>Apu Linli hike - Wikiloc-1372</name>
        <snippet></snippet>
        <description>
&lt;table&gt;
&lt;tr&gt;&lt;td&gt;Longitude: -71.847990&lt;/td&gt;&lt;/tr&gt;
&lt;tr&gt;&lt;td&gt;Latitude: -13.414671&lt;/td&gt;&lt;/tr&gt;
&lt;tr&gt;&lt;td&gt;Altitude: 10623.005 ft&lt;/td&gt;&lt;/tr&gt;
&lt;tr&gt;&lt;td&gt;Speed: 3.1 mph&lt;/td&gt;&lt;/tr&gt;
&lt;tr&gt;&lt;td&gt;Heading: 200.8&lt;/td&gt;&lt;/tr&gt;
&lt;tr&gt;&lt;td&gt;Time: 2021-02-19T20:32:41Z&lt;/td&gt;&lt;/tr&gt;
&lt;/table&gt;
</description>
        <LookAt>
          <longitude>-71.84799</longitude>
          <latitude>-13.414671</latitude>
          <tilt>66</tilt>
        </LookAt>
        <TimeStamp>
          <when>2021-02-19T20:32:41Z</when>
        </TimeStamp>
        <styleUrl>#track</styleUrl>
        <Point>
          <coordinates>-71.847990,-13.414671,3237.89</coordinates>
        </Point>
      </Placemark>
      <Placemark>
        <name>Apu Linli hike - Wikiloc-1373</name>
        <snippet></snippet>
        <description>
&lt;table&gt;
&lt;tr&gt;&lt;td&gt;Longitude: -71.848002&lt;/td&gt;&lt;/tr&gt;
&lt;tr&gt;&lt;td&gt;Latitude: -13.414719&lt;/td&gt;&lt;/tr&gt;
&lt;tr&gt;&lt;td&gt;Altitude: 10618.806 ft&lt;/td&gt;&lt;/tr&gt;
&lt;tr&gt;&lt;td&gt;Speed: 3.1 mph&lt;/td&gt;&lt;/tr&gt;
&lt;tr&gt;&lt;td&gt;Heading: 193.7&lt;/td&gt;&lt;/tr&gt;
&lt;tr&gt;&lt;td&gt;Time: 2021-02-19T20:32:45Z&lt;/td&gt;&lt;/tr&gt;
&lt;/table&gt;
</description>
        <LookAt>
          <longitude>-71.848002</longitude>
          <latitude>-13.414719</latitude>
          <tilt>66</tilt>
        </LookAt>
        <TimeStamp>
          <when>2021-02-19T20:32:45Z</when>
        </TimeStamp>
        <styleUrl>#track</styleUrl>
        <Point>
          <coordinates>-71.848002,-13.414719,3236.61</coordinates>
        </Point>
      </Placemark>
      <Placemark>
        <name>Apu Linli hike - Wikiloc-1374</name>
        <snippet></snippet>
        <description>
&lt;table&gt;
&lt;tr&gt;&lt;td&gt;Longitude: -71.848021&lt;/td&gt;&lt;/tr&gt;
&lt;tr&gt;&lt;td&gt;Latitude: -13.414761&lt;/td&gt;&lt;/tr&gt;
&lt;tr&gt;&lt;td&gt;Altitude: 10615.213 ft&lt;/td&gt;&lt;/tr&gt;
&lt;tr&gt;&lt;td&gt;Speed: 2.9 mph&lt;/td&gt;&lt;/tr&gt;
&lt;tr&gt;&lt;td&gt;Heading: 203.8&lt;/td&gt;&lt;/tr&gt;
&lt;tr&gt;&lt;td&gt;Time: 2021-02-19T20:32:49Z&lt;/td&gt;&lt;/tr&gt;
&lt;/table&gt;
</description>
        <LookAt>
          <longitude>-71.848021</longitude>
          <latitude>-13.414761</latitude>
          <tilt>66</tilt>
        </LookAt>
        <TimeStamp>
          <when>2021-02-19T20:32:49Z</when>
        </TimeStamp>
        <styleUrl>#track</styleUrl>
        <Point>
          <coordinates>-71.848021,-13.414761,3235.52</coordinates>
        </Point>
      </Placemark>
      <Placemark>
        <name>Apu Linli hike - Wikiloc-1375</name>
        <snippet></snippet>
        <description>
&lt;table&gt;
&lt;tr&gt;&lt;td&gt;Longitude: -71.848039&lt;/td&gt;&lt;/tr&gt;
&lt;tr&gt;&lt;td&gt;Latitude: -13.414814&lt;/td&gt;&lt;/tr&gt;
&lt;tr&gt;&lt;td&gt;Altitude: 10612.490 ft&lt;/td&gt;&lt;/tr&gt;
&lt;tr&gt;&lt;td&gt;Speed: 3.5 mph&lt;/td&gt;&lt;/tr&gt;
&lt;tr&gt;&lt;td&gt;Heading: 198.3&lt;/td&gt;&lt;/tr&gt;
&lt;tr&gt;&lt;td&gt;Time: 2021-02-19T20:32:53Z&lt;/td&gt;&lt;/tr&gt;
&lt;/table&gt;
</description>
        <LookAt>
          <longitude>-71.848039</longitude>
          <latitude>-13.414814</latitude>
          <tilt>66</tilt>
        </LookAt>
        <TimeStamp>
          <when>2021-02-19T20:32:53Z</when>
        </TimeStamp>
        <styleUrl>#track</styleUrl>
        <Point>
          <coordinates>-71.848039,-13.414814,3234.69</coordinates>
        </Point>
      </Placemark>
      <Placemark>
        <name>Apu Linli hike - Wikiloc-1376</name>
        <snippet></snippet>
        <description>
&lt;table&gt;
&lt;tr&gt;&lt;td&gt;Longitude: -71.848050&lt;/td&gt;&lt;/tr&gt;
&lt;tr&gt;&lt;td&gt;Latitude: -13.414870&lt;/td&gt;&lt;/tr&gt;
&lt;tr&gt;&lt;td&gt;Altitude: 10607.910 ft&lt;/td&gt;&lt;/tr&gt;
&lt;tr&gt;&lt;td&gt;Speed: 3.5 mph&lt;/td&gt;&lt;/tr&gt;
&lt;tr&gt;&lt;td&gt;Heading: 190.8&lt;/td&gt;&lt;/tr&gt;
&lt;tr&gt;&lt;td&gt;Time: 2021-02-19T20:32:57Z&lt;/td&gt;&lt;/tr&gt;
&lt;/table&gt;
</description>
        <LookAt>
          <longitude>-71.84805</longitude>
          <latitude>-13.41487</latitude>
          <tilt>66</tilt>
        </LookAt>
        <TimeStamp>
          <when>2021-02-19T20:32:57Z</when>
        </TimeStamp>
        <styleUrl>#track</styleUrl>
        <Point>
          <coordinates>-71.848050,-13.414870,3233.29</coordinates>
        </Point>
      </Placemark>
      <Placemark>
        <name>Apu Linli hike - Wikiloc-1377</name>
        <snippet></snippet>
        <description>
&lt;table&gt;
&lt;tr&gt;&lt;td&gt;Longitude: -71.848052&lt;/td&gt;&lt;/tr&gt;
&lt;tr&gt;&lt;td&gt;Latitude: -13.414932&lt;/td&gt;&lt;/tr&gt;
&lt;tr&gt;&lt;td&gt;Altitude: 10603.862 ft&lt;/td&gt;&lt;/tr&gt;
&lt;tr&gt;&lt;td&gt;Speed: 3.9 mph&lt;/td&gt;&lt;/tr&gt;
&lt;tr&gt;&lt;td&gt;Heading: 181.8&lt;/td&gt;&lt;/tr&gt;
&lt;tr&gt;&lt;td&gt;Time: 2021-02-19T20:33:01Z&lt;/td&gt;&lt;/tr&gt;
&lt;/table&gt;
</description>
        <LookAt>
          <longitude>-71.848052</longitude>
          <latitude>-13.414932</latitude>
          <tilt>66</tilt>
        </LookAt>
        <TimeStamp>
          <when>2021-02-19T20:33:01Z</when>
        </TimeStamp>
        <styleUrl>#track</styleUrl>
        <Point>
          <coordinates>-71.848052,-13.414932,3232.06</coordinates>
        </Point>
      </Placemark>
      <Placemark>
        <name>Apu Linli hike - Wikiloc-1378</name>
        <snippet></snippet>
        <description>
&lt;table&gt;
&lt;tr&gt;&lt;td&gt;Longitude: -71.848067&lt;/td&gt;&lt;/tr&gt;
&lt;tr&gt;&lt;td&gt;Latitude: -13.414983&lt;/td&gt;&lt;/tr&gt;
&lt;tr&gt;&lt;td&gt;Altitude: 10599.127 ft&lt;/td&gt;&lt;/tr&gt;
&lt;tr&gt;&lt;td&gt;Speed: 3.3 mph&lt;/td&gt;&lt;/tr&gt;
&lt;tr&gt;&lt;td&gt;Heading: 196.0&lt;/td&gt;&lt;/tr&gt;
&lt;tr&gt;&lt;td&gt;Time: 2021-02-19T20:33:05Z&lt;/td&gt;&lt;/tr&gt;
&lt;/table&gt;
</description>
        <LookAt>
          <longitude>-71.848067</longitude>
          <latitude>-13.414983</latitude>
          <tilt>66</tilt>
        </LookAt>
        <TimeStamp>
          <when>2021-02-19T20:33:05Z</when>
        </TimeStamp>
        <styleUrl>#track</styleUrl>
        <Point>
          <coordinates>-71.848067,-13.414983,3230.61</coordinates>
        </Point>
      </Placemark>
      <Placemark>
        <name>Apu Linli hike - Wikiloc-1379</name>
        <snippet></snippet>
        <description>
&lt;table&gt;
&lt;tr&gt;&lt;td&gt;Longitude: -71.848075&lt;/td&gt;&lt;/tr&gt;
&lt;tr&gt;&lt;td&gt;Latitude: -13.415038&lt;/td&gt;&lt;/tr&gt;
&lt;tr&gt;&lt;td&gt;Altitude: 10595.223 ft&lt;/td&gt;&lt;/tr&gt;
&lt;tr&gt;&lt;td&gt;Speed: 3.5 mph&lt;/td&gt;&lt;/tr&gt;
&lt;tr&gt;&lt;td&gt;Heading: 188.1&lt;/td&gt;&lt;/tr&gt;
&lt;tr&gt;&lt;td&gt;Time: 2021-02-19T20:33:09Z&lt;/td&gt;&lt;/tr&gt;
&lt;/table&gt;
</description>
        <LookAt>
          <longitude>-71.848075</longitude>
          <latitude>-13.415038</latitude>
          <tilt>66</tilt>
        </LookAt>
        <TimeStamp>
          <when>2021-02-19T20:33:09Z</when>
        </TimeStamp>
        <styleUrl>#track</styleUrl>
        <Point>
          <coordinates>-71.848075,-13.415038,3229.42</coordinates>
        </Point>
      </Placemark>
      <Placemark>
        <name>Apu Linli hike - Wikiloc-1380</name>
        <snippet></snippet>
        <description>
&lt;table&gt;
&lt;tr&gt;&lt;td&gt;Longitude: -71.848085&lt;/td&gt;&lt;/tr&gt;
&lt;tr&gt;&lt;td&gt;Latitude: -13.415086&lt;/td&gt;&lt;/tr&gt;
&lt;tr&gt;&lt;td&gt;Altitude: 10592.234 ft&lt;/td&gt;&lt;/tr&gt;
&lt;tr&gt;&lt;td&gt;Speed: 3.0 mph&lt;/td&gt;&lt;/tr&gt;
&lt;tr&gt;&lt;td&gt;Heading: 191.5&lt;/td&gt;&lt;/tr&gt;
&lt;tr&gt;&lt;td&gt;Time: 2021-02-19T20:33:13Z&lt;/td&gt;&lt;/tr&gt;
&lt;/table&gt;
</description>
        <LookAt>
          <longitude>-71.848085</longitude>
          <latitude>-13.415086</latitude>
          <tilt>66</tilt>
        </LookAt>
        <TimeStamp>
          <when>2021-02-19T20:33:13Z</when>
        </TimeStamp>
        <styleUrl>#track</styleUrl>
        <Point>
          <coordinates>-71.848085,-13.415086,3228.51</coordinates>
        </Point>
      </Placemark>
      <Placemark>
        <name>Apu Linli hike - Wikiloc-1381</name>
        <snippet></snippet>
        <description>
&lt;table&gt;
&lt;tr&gt;&lt;td&gt;Longitude: -71.848085&lt;/td&gt;&lt;/tr&gt;
&lt;tr&gt;&lt;td&gt;Latitude: -13.415133&lt;/td&gt;&lt;/tr&gt;
&lt;tr&gt;&lt;td&gt;Altitude: 10588.724 ft&lt;/td&gt;&lt;/tr&gt;
&lt;tr&gt;&lt;td&gt;Speed: 2.9 mph&lt;/td&gt;&lt;/tr&gt;
&lt;tr&gt;&lt;td&gt;Heading: 180.0&lt;/td&gt;&lt;/tr&gt;
&lt;tr&gt;&lt;td&gt;Time: 2021-02-19T20:33:17Z&lt;/td&gt;&lt;/tr&gt;
&lt;/table&gt;
</description>
        <LookAt>
          <longitude>-71.848085</longitude>
          <latitude>-13.415133</latitude>
          <tilt>66</tilt>
        </LookAt>
        <TimeStamp>
          <when>2021-02-19T20:33:17Z</when>
        </TimeStamp>
        <styleUrl>#track</styleUrl>
        <Point>
          <coordinates>-71.848085,-13.415133,3227.44</coordinates>
        </Point>
      </Placemark>
      <Placemark>
        <name>Apu Linli hike - Wikiloc-1382</name>
        <snippet></snippet>
        <description>
&lt;table&gt;
&lt;tr&gt;&lt;td&gt;Longitude: -71.848093&lt;/td&gt;&lt;/tr&gt;
&lt;tr&gt;&lt;td&gt;Latitude: -13.415179&lt;/td&gt;&lt;/tr&gt;
&lt;tr&gt;&lt;td&gt;Altitude: 10584.997 ft&lt;/td&gt;&lt;/tr&gt;
&lt;tr&gt;&lt;td&gt;Speed: 2.9 mph&lt;/td&gt;&lt;/tr&gt;
&lt;tr&gt;&lt;td&gt;Heading: 189.6&lt;/td&gt;&lt;/tr&gt;
&lt;tr&gt;&lt;td&gt;Time: 2021-02-19T20:33:21Z&lt;/td&gt;&lt;/tr&gt;
&lt;/table&gt;
</description>
        <LookAt>
          <longitude>-71.848093</longitude>
          <latitude>-13.415179</latitude>
          <tilt>66</tilt>
        </LookAt>
        <TimeStamp>
          <when>2021-02-19T20:33:21Z</when>
        </TimeStamp>
        <styleUrl>#track</styleUrl>
        <Point>
          <coordinates>-71.848093,-13.415179,3226.31</coordinates>
        </Point>
      </Placemark>
      <Placemark>
        <name>Apu Linli hike - Wikiloc-1383</name>
        <snippet></snippet>
        <description>
&lt;table&gt;
&lt;tr&gt;&lt;td&gt;Longitude: -71.848125&lt;/td&gt;&lt;/tr&gt;
&lt;tr&gt;&lt;td&gt;Latitude: -13.415220&lt;/td&gt;&lt;/tr&gt;
&lt;tr&gt;&lt;td&gt;Altitude: 10581.063 ft&lt;/td&gt;&lt;/tr&gt;
&lt;tr&gt;&lt;td&gt;Speed: 3.2 mph&lt;/td&gt;&lt;/tr&gt;
&lt;tr&gt;&lt;td&gt;Heading: 217.2&lt;/td&gt;&lt;/tr&gt;
&lt;tr&gt;&lt;td&gt;Time: 2021-02-19T20:33:25Z&lt;/td&gt;&lt;/tr&gt;
&lt;/table&gt;
</description>
        <LookAt>
          <longitude>-71.848125</longitude>
          <latitude>-13.41522</latitude>
          <tilt>66</tilt>
        </LookAt>
        <TimeStamp>
          <when>2021-02-19T20:33:25Z</when>
        </TimeStamp>
        <styleUrl>#track</styleUrl>
        <Point>
          <coordinates>-71.848125,-13.415220,3225.11</coordinates>
        </Point>
      </Placemark>
      <Placemark>
        <name>Apu Linli hike - Wikiloc-1384</name>
        <snippet></snippet>
        <description>
&lt;table&gt;
&lt;tr&gt;&lt;td&gt;Longitude: -71.848176&lt;/td&gt;&lt;/tr&gt;
&lt;tr&gt;&lt;td&gt;Latitude: -13.415260&lt;/td&gt;&lt;/tr&gt;
&lt;tr&gt;&lt;td&gt;Altitude: 10575.253 ft&lt;/td&gt;&lt;/tr&gt;
&lt;tr&gt;&lt;td&gt;Speed: 2.6 mph&lt;/td&gt;&lt;/tr&gt;
&lt;tr&gt;&lt;td&gt;Heading: 231.1&lt;/td&gt;&lt;/tr&gt;
&lt;tr&gt;&lt;td&gt;Time: 2021-02-19T20:33:31Z&lt;/td&gt;&lt;/tr&gt;
&lt;/table&gt;
</description>
        <LookAt>
          <longitude>-71.848176</longitude>
          <latitude>-13.41526</latitude>
          <tilt>66</tilt>
        </LookAt>
        <TimeStamp>
          <when>2021-02-19T20:33:31Z</when>
        </TimeStamp>
        <styleUrl>#track</styleUrl>
        <Point>
          <coordinates>-71.848176,-13.415260,3223.34</coordinates>
        </Point>
      </Placemark>
      <Placemark>
        <name>Apu Linli hike - Wikiloc-1385</name>
        <snippet></snippet>
        <description>
&lt;table&gt;
&lt;tr&gt;&lt;td&gt;Longitude: -71.848189&lt;/td&gt;&lt;/tr&gt;
&lt;tr&gt;&lt;td&gt;Latitude: -13.415306&lt;/td&gt;&lt;/tr&gt;
&lt;tr&gt;&lt;td&gt;Altitude: 10569.970 ft&lt;/td&gt;&lt;/tr&gt;
&lt;tr&gt;&lt;td&gt;Speed: 3.0 mph&lt;/td&gt;&lt;/tr&gt;
&lt;tr&gt;&lt;td&gt;Heading: 195.4&lt;/td&gt;&lt;/tr&gt;
&lt;tr&gt;&lt;td&gt;Time: 2021-02-19T20:33:35Z&lt;/td&gt;&lt;/tr&gt;
&lt;/table&gt;
</description>
        <LookAt>
          <longitude>-71.848189</longitude>
          <latitude>-13.415306</latitude>
          <tilt>66</tilt>
        </LookAt>
        <TimeStamp>
          <when>2021-02-19T20:33:35Z</when>
        </TimeStamp>
        <styleUrl>#track</styleUrl>
        <Point>
          <coordinates>-71.848189,-13.415306,3221.73</coordinates>
        </Point>
      </Placemark>
      <Placemark>
        <name>Apu Linli hike - Wikiloc-1386</name>
        <snippet></snippet>
        <description>
&lt;table&gt;
&lt;tr&gt;&lt;td&gt;Longitude: -71.848195&lt;/td&gt;&lt;/tr&gt;
&lt;tr&gt;&lt;td&gt;Latitude: -13.415356&lt;/td&gt;&lt;/tr&gt;
&lt;tr&gt;&lt;td&gt;Altitude: 10565.164 ft&lt;/td&gt;&lt;/tr&gt;
&lt;tr&gt;&lt;td&gt;Speed: 3.1 mph&lt;/td&gt;&lt;/tr&gt;
&lt;tr&gt;&lt;td&gt;Heading: 186.7&lt;/td&gt;&lt;/tr&gt;
&lt;tr&gt;&lt;td&gt;Time: 2021-02-19T20:33:39Z&lt;/td&gt;&lt;/tr&gt;
&lt;/table&gt;
</description>
        <LookAt>
          <longitude>-71.848195</longitude>
          <latitude>-13.415356</latitude>
          <tilt>66</tilt>
        </LookAt>
        <TimeStamp>
          <when>2021-02-19T20:33:39Z</when>
        </TimeStamp>
        <styleUrl>#track</styleUrl>
        <Point>
          <coordinates>-71.848195,-13.415356,3220.26</coordinates>
        </Point>
      </Placemark>
      <Placemark>
        <name>Apu Linli hike - Wikiloc-1387</name>
        <snippet></snippet>
        <description>
&lt;table&gt;
&lt;tr&gt;&lt;td&gt;Longitude: -71.848224&lt;/td&gt;&lt;/tr&gt;
&lt;tr&gt;&lt;td&gt;Latitude: -13.415410&lt;/td&gt;&lt;/tr&gt;
&lt;tr&gt;&lt;td&gt;Altitude: 10560.997 ft&lt;/td&gt;&lt;/tr&gt;
&lt;tr&gt;&lt;td&gt;Speed: 2.5 mph&lt;/td&gt;&lt;/tr&gt;
&lt;tr&gt;&lt;td&gt;Heading: 207.6&lt;/td&gt;&lt;/tr&gt;
&lt;tr&gt;&lt;td&gt;Time: 2021-02-19T20:33:45Z&lt;/td&gt;&lt;/tr&gt;
&lt;/table&gt;
</description>
        <LookAt>
          <longitude>-71.848224</longitude>
          <latitude>-13.41541</latitude>
          <tilt>66</tilt>
        </LookAt>
        <TimeStamp>
          <when>2021-02-19T20:33:45Z</when>
        </TimeStamp>
        <styleUrl>#track</styleUrl>
        <Point>
          <coordinates>-71.848224,-13.415410,3218.99</coordinates>
        </Point>
      </Placemark>
      <Placemark>
        <name>Apu Linli hike - Wikiloc-1388</name>
        <snippet></snippet>
        <description>
&lt;table&gt;
&lt;tr&gt;&lt;td&gt;Longitude: -71.848241&lt;/td&gt;&lt;/tr&gt;
&lt;tr&gt;&lt;td&gt;Latitude: -13.415470&lt;/td&gt;&lt;/tr&gt;
&lt;tr&gt;&lt;td&gt;Altitude: 10555.302 ft&lt;/td&gt;&lt;/tr&gt;
&lt;tr&gt;&lt;td&gt;Speed: 2.6 mph&lt;/td&gt;&lt;/tr&gt;
&lt;tr&gt;&lt;td&gt;Heading: 195.4&lt;/td&gt;&lt;/tr&gt;
&lt;tr&gt;&lt;td&gt;Time: 2021-02-19T20:33:51Z&lt;/td&gt;&lt;/tr&gt;
&lt;/table&gt;
</description>
        <LookAt>
          <longitude>-71.848241</longitude>
          <latitude>-13.41547</latitude>
          <tilt>66</tilt>
        </LookAt>
        <TimeStamp>
          <when>2021-02-19T20:33:51Z</when>
        </TimeStamp>
        <styleUrl>#track</styleUrl>
        <Point>
          <coordinates>-71.848241,-13.415470,3217.26</coordinates>
        </Point>
      </Placemark>
      <Placemark>
        <name>Apu Linli hike - Wikiloc-1389</name>
        <snippet></snippet>
        <description>
&lt;table&gt;
&lt;tr&gt;&lt;td&gt;Longitude: -71.848264&lt;/td&gt;&lt;/tr&gt;
&lt;tr&gt;&lt;td&gt;Latitude: -13.415531&lt;/td&gt;&lt;/tr&gt;
&lt;tr&gt;&lt;td&gt;Altitude: 10549.186 ft&lt;/td&gt;&lt;/tr&gt;
&lt;tr&gt;&lt;td&gt;Speed: 2.7 mph&lt;/td&gt;&lt;/tr&gt;
&lt;tr&gt;&lt;td&gt;Heading: 200.1&lt;/td&gt;&lt;/tr&gt;
&lt;tr&gt;&lt;td&gt;Time: 2021-02-19T20:33:57Z&lt;/td&gt;&lt;/tr&gt;
&lt;/table&gt;
</description>
        <LookAt>
          <longitude>-71.848264</longitude>
          <latitude>-13.415531</latitude>
          <tilt>66</tilt>
        </LookAt>
        <TimeStamp>
          <when>2021-02-19T20:33:57Z</when>
        </TimeStamp>
        <styleUrl>#track</styleUrl>
        <Point>
          <coordinates>-71.848264,-13.415531,3215.39</coordinates>
        </Point>
      </Placemark>
      <Placemark>
        <name>Apu Linli hike - Wikiloc-1390</name>
        <snippet></snippet>
        <description>
&lt;table&gt;
&lt;tr&gt;&lt;td&gt;Longitude: -71.848291&lt;/td&gt;&lt;/tr&gt;
&lt;tr&gt;&lt;td&gt;Latitude: -13.415570&lt;/td&gt;&lt;/tr&gt;
&lt;tr&gt;&lt;td&gt;Altitude: 10542.746 ft&lt;/td&gt;&lt;/tr&gt;
&lt;tr&gt;&lt;td&gt;Speed: 2.9 mph&lt;/td&gt;&lt;/tr&gt;
&lt;tr&gt;&lt;td&gt;Heading: 214.0&lt;/td&gt;&lt;/tr&gt;
&lt;tr&gt;&lt;td&gt;Time: 2021-02-19T20:34:01Z&lt;/td&gt;&lt;/tr&gt;
&lt;/table&gt;
</description>
        <LookAt>
          <longitude>-71.848291</longitude>
          <latitude>-13.41557</latitude>
          <tilt>66</tilt>
        </LookAt>
        <TimeStamp>
          <when>2021-02-19T20:34:01Z</when>
        </TimeStamp>
        <styleUrl>#track</styleUrl>
        <Point>
          <coordinates>-71.848291,-13.415570,3213.43</coordinates>
        </Point>
      </Placemark>
      <Placemark>
        <name>Apu Linli hike - Wikiloc-1391</name>
        <snippet></snippet>
        <description>
&lt;table&gt;
&lt;tr&gt;&lt;td&gt;Longitude: -71.848304&lt;/td&gt;&lt;/tr&gt;
&lt;tr&gt;&lt;td&gt;Latitude: -13.415638&lt;/td&gt;&lt;/tr&gt;
&lt;tr&gt;&lt;td&gt;Altitude: 10536.742 ft&lt;/td&gt;&lt;/tr&gt;
&lt;tr&gt;&lt;td&gt;Speed: 2.9 mph&lt;/td&gt;&lt;/tr&gt;
&lt;tr&gt;&lt;td&gt;Heading: 190.5&lt;/td&gt;&lt;/tr&gt;
&lt;tr&gt;&lt;td&gt;Time: 2021-02-19T20:34:07Z&lt;/td&gt;&lt;/tr&gt;
&lt;/table&gt;
</description>
        <LookAt>
          <longitude>-71.848304</longitude>
          <latitude>-13.415638</latitude>
          <tilt>66</tilt>
        </LookAt>
        <TimeStamp>
          <when>2021-02-19T20:34:07Z</when>
        </TimeStamp>
        <styleUrl>#track</styleUrl>
        <Point>
          <coordinates>-71.848304,-13.415638,3211.60</coordinates>
        </Point>
      </Placemark>
      <Placemark>
        <name>Apu Linli hike - Wikiloc-1392</name>
        <snippet></snippet>
        <description>
&lt;table&gt;
&lt;tr&gt;&lt;td&gt;Longitude: -71.848300&lt;/td&gt;&lt;/tr&gt;
&lt;tr&gt;&lt;td&gt;Latitude: -13.415685&lt;/td&gt;&lt;/tr&gt;
&lt;tr&gt;&lt;td&gt;Altitude: 10531.991 ft&lt;/td&gt;&lt;/tr&gt;
&lt;tr&gt;&lt;td&gt;Speed: 2.9 mph&lt;/td&gt;&lt;/tr&gt;
&lt;tr&gt;&lt;td&gt;Heading: 175.3&lt;/td&gt;&lt;/tr&gt;
&lt;tr&gt;&lt;td&gt;Time: 2021-02-19T20:34:11Z&lt;/td&gt;&lt;/tr&gt;
&lt;/table&gt;
</description>
        <LookAt>
          <longitude>-71.8483</longitude>
          <latitude>-13.415685</latitude>
          <tilt>66</tilt>
        </LookAt>
        <TimeStamp>
          <when>2021-02-19T20:34:11Z</when>
        </TimeStamp>
        <styleUrl>#track</styleUrl>
        <Point>
          <coordinates>-71.848300,-13.415685,3210.15</coordinates>
        </Point>
      </Placemark>
      <Placemark>
        <name>Apu Linli hike - Wikiloc-1393</name>
        <snippet></snippet>
        <description>
&lt;table&gt;
&lt;tr&gt;&lt;td&gt;Longitude: -71.848296&lt;/td&gt;&lt;/tr&gt;
&lt;tr&gt;&lt;td&gt;Latitude: -13.415746&lt;/td&gt;&lt;/tr&gt;
&lt;tr&gt;&lt;td&gt;Altitude: 10526.578 ft&lt;/td&gt;&lt;/tr&gt;
&lt;tr&gt;&lt;td&gt;Speed: 2.5 mph&lt;/td&gt;&lt;/tr&gt;
&lt;tr&gt;&lt;td&gt;Heading: 176.4&lt;/td&gt;&lt;/tr&gt;
&lt;tr&gt;&lt;td&gt;Time: 2021-02-19T20:34:17Z&lt;/td&gt;&lt;/tr&gt;
&lt;/table&gt;
</description>
        <LookAt>
          <longitude>-71.848296</longitude>
          <latitude>-13.415746</latitude>
          <tilt>66</tilt>
        </LookAt>
        <TimeStamp>
          <when>2021-02-19T20:34:17Z</when>
        </TimeStamp>
        <styleUrl>#track</styleUrl>
        <Point>
          <coordinates>-71.848296,-13.415746,3208.50</coordinates>
        </Point>
      </Placemark>
      <Placemark>
        <name>Apu Linli hike - Wikiloc-1394</name>
        <snippet></snippet>
        <description>
&lt;table&gt;
&lt;tr&gt;&lt;td&gt;Longitude: -71.848287&lt;/td&gt;&lt;/tr&gt;
&lt;tr&gt;&lt;td&gt;Latitude: -13.415794&lt;/td&gt;&lt;/tr&gt;
&lt;tr&gt;&lt;td&gt;Altitude: 10522.018 ft&lt;/td&gt;&lt;/tr&gt;
&lt;tr&gt;&lt;td&gt;Speed: 3.0 mph&lt;/td&gt;&lt;/tr&gt;
&lt;tr&gt;&lt;td&gt;Heading: 169.7&lt;/td&gt;&lt;/tr&gt;
&lt;tr&gt;&lt;td&gt;Time: 2021-02-19T20:34:21Z&lt;/td&gt;&lt;/tr&gt;
&lt;/table&gt;
</description>
        <LookAt>
          <longitude>-71.848287</longitude>
          <latitude>-13.415794</latitude>
          <tilt>66</tilt>
        </LookAt>
        <TimeStamp>
          <when>2021-02-19T20:34:21Z</when>
        </TimeStamp>
        <styleUrl>#track</styleUrl>
        <Point>
          <coordinates>-71.848287,-13.415794,3207.11</coordinates>
        </Point>
      </Placemark>
      <Placemark>
        <name>Apu Linli hike - Wikiloc-1395</name>
        <snippet></snippet>
        <description>
&lt;table&gt;
&lt;tr&gt;&lt;td&gt;Longitude: -71.848341&lt;/td&gt;&lt;/tr&gt;
&lt;tr&gt;&lt;td&gt;Latitude: -13.415794&lt;/td&gt;&lt;/tr&gt;
&lt;tr&gt;&lt;td&gt;Altitude: 10517.087 ft&lt;/td&gt;&lt;/tr&gt;
&lt;tr&gt;&lt;td&gt;Speed: 2.2 mph&lt;/td&gt;&lt;/tr&gt;
&lt;tr&gt;&lt;td&gt;Heading: 270.0&lt;/td&gt;&lt;/tr&gt;
&lt;tr&gt;&lt;td&gt;Time: 2021-02-19T20:34:27Z&lt;/td&gt;&lt;/tr&gt;
&lt;/table&gt;
</description>
        <LookAt>
          <longitude>-71.848341</longitude>
          <latitude>-13.415794</latitude>
          <tilt>66</tilt>
        </LookAt>
        <TimeStamp>
          <when>2021-02-19T20:34:27Z</when>
        </TimeStamp>
        <styleUrl>#track</styleUrl>
        <Point>
          <coordinates>-71.848341,-13.415794,3205.61</coordinates>
        </Point>
      </Placemark>
      <Placemark>
        <name>Apu Linli hike - Wikiloc-1396</name>
        <snippet></snippet>
        <description>
&lt;table&gt;
&lt;tr&gt;&lt;td&gt;Longitude: -71.848397&lt;/td&gt;&lt;/tr&gt;
&lt;tr&gt;&lt;td&gt;Latitude: -13.415808&lt;/td&gt;&lt;/tr&gt;
&lt;tr&gt;&lt;td&gt;Altitude: 10510.961 ft&lt;/td&gt;&lt;/tr&gt;
&lt;tr&gt;&lt;td&gt;Speed: 2.3 mph&lt;/td&gt;&lt;/tr&gt;
&lt;tr&gt;&lt;td&gt;Heading: 255.6&lt;/td&gt;&lt;/tr&gt;
&lt;tr&gt;&lt;td&gt;Time: 2021-02-19T20:34:33Z&lt;/td&gt;&lt;/tr&gt;
&lt;/table&gt;
</description>
        <LookAt>
          <longitude>-71.848397</longitude>
          <latitude>-13.415808</latitude>
          <tilt>66</tilt>
        </LookAt>
        <TimeStamp>
          <when>2021-02-19T20:34:33Z</when>
        </TimeStamp>
        <styleUrl>#track</styleUrl>
        <Point>
          <coordinates>-71.848397,-13.415808,3203.74</coordinates>
        </Point>
      </Placemark>
      <Placemark>
        <name>Apu Linli hike - Wikiloc-1397</name>
        <snippet></snippet>
        <description>
&lt;table&gt;
&lt;tr&gt;&lt;td&gt;Longitude: -71.848459&lt;/td&gt;&lt;/tr&gt;
&lt;tr&gt;&lt;td&gt;Latitude: -13.415821&lt;/td&gt;&lt;/tr&gt;
&lt;tr&gt;&lt;td&gt;Altitude: 10505.745 ft&lt;/td&gt;&lt;/tr&gt;
&lt;tr&gt;&lt;td&gt;Speed: 2.6 mph&lt;/td&gt;&lt;/tr&gt;
&lt;tr&gt;&lt;td&gt;Heading: 257.8&lt;/td&gt;&lt;/tr&gt;
&lt;tr&gt;&lt;td&gt;Time: 2021-02-19T20:34:39Z&lt;/td&gt;&lt;/tr&gt;
&lt;/table&gt;
</description>
        <LookAt>
          <longitude>-71.848459</longitude>
          <latitude>-13.415821</latitude>
          <tilt>66</tilt>
        </LookAt>
        <TimeStamp>
          <when>2021-02-19T20:34:39Z</when>
        </TimeStamp>
        <styleUrl>#track</styleUrl>
        <Point>
          <coordinates>-71.848459,-13.415821,3202.15</coordinates>
        </Point>
      </Placemark>
      <Placemark>
        <name>Apu Linli hike - Wikiloc-1398</name>
        <snippet></snippet>
        <description>
&lt;table&gt;
&lt;tr&gt;&lt;td&gt;Longitude: -71.848479&lt;/td&gt;&lt;/tr&gt;
&lt;tr&gt;&lt;td&gt;Latitude: -13.415881&lt;/td&gt;&lt;/tr&gt;
&lt;tr&gt;&lt;td&gt;Altitude: 10501.037 ft&lt;/td&gt;&lt;/tr&gt;
&lt;tr&gt;&lt;td&gt;Speed: 2.6 mph&lt;/td&gt;&lt;/tr&gt;
&lt;tr&gt;&lt;td&gt;Heading: 198.0&lt;/td&gt;&lt;/tr&gt;
&lt;tr&gt;&lt;td&gt;Time: 2021-02-19T20:34:45Z&lt;/td&gt;&lt;/tr&gt;
&lt;/table&gt;
</description>
        <LookAt>
          <longitude>-71.848479</longitude>
          <latitude>-13.415881</latitude>
          <tilt>66</tilt>
        </LookAt>
        <TimeStamp>
          <when>2021-02-19T20:34:45Z</when>
        </TimeStamp>
        <styleUrl>#track</styleUrl>
        <Point>
          <coordinates>-71.848479,-13.415881,3200.72</coordinates>
        </Point>
      </Placemark>
      <Placemark>
        <name>Apu Linli hike - Wikiloc-1399</name>
        <snippet></snippet>
        <description>
&lt;table&gt;
&lt;tr&gt;&lt;td&gt;Longitude: -71.848519&lt;/td&gt;&lt;/tr&gt;
&lt;tr&gt;&lt;td&gt;Latitude: -13.415907&lt;/td&gt;&lt;/tr&gt;
&lt;tr&gt;&lt;td&gt;Altitude: 10497.231 ft&lt;/td&gt;&lt;/tr&gt;
&lt;tr&gt;&lt;td&gt;Speed: 1.3 mph&lt;/td&gt;&lt;/tr&gt;
&lt;tr&gt;&lt;td&gt;Heading: 236.2&lt;/td&gt;&lt;/tr&gt;
&lt;tr&gt;&lt;td&gt;Time: 2021-02-19T20:34:54Z&lt;/td&gt;&lt;/tr&gt;
&lt;/table&gt;
</description>
        <LookAt>
          <longitude>-71.848519</longitude>
          <latitude>-13.415907</latitude>
          <tilt>66</tilt>
        </LookAt>
        <TimeStamp>
          <when>2021-02-19T20:34:54Z</when>
        </TimeStamp>
        <styleUrl>#track</styleUrl>
        <Point>
          <coordinates>-71.848519,-13.415907,3199.56</coordinates>
        </Point>
      </Placemark>
      <Placemark>
        <name>Apu Linli hike - Wikiloc-1400</name>
        <snippet></snippet>
        <description>
&lt;table&gt;
&lt;tr&gt;&lt;td&gt;Longitude: -71.848526&lt;/td&gt;&lt;/tr&gt;
&lt;tr&gt;&lt;td&gt;Latitude: -13.415954&lt;/td&gt;&lt;/tr&gt;
&lt;tr&gt;&lt;td&gt;Altitude: 10489.633 ft&lt;/td&gt;&lt;/tr&gt;
&lt;tr&gt;&lt;td&gt;Speed: 3.0 mph&lt;/td&gt;&lt;/tr&gt;
&lt;tr&gt;&lt;td&gt;Heading: 188.2&lt;/td&gt;&lt;/tr&gt;
&lt;tr&gt;&lt;td&gt;Time: 2021-02-19T20:34:58Z&lt;/td&gt;&lt;/tr&gt;
&lt;/table&gt;
</description>
        <LookAt>
          <longitude>-71.848526</longitude>
          <latitude>-13.415954</latitude>
          <tilt>66</tilt>
        </LookAt>
        <TimeStamp>
          <when>2021-02-19T20:34:58Z</when>
        </TimeStamp>
        <styleUrl>#track</styleUrl>
        <Point>
          <coordinates>-71.848526,-13.415954,3197.24</coordinates>
        </Point>
      </Placemark>
      <Placemark>
        <name>Apu Linli hike - Wikiloc-1401</name>
        <snippet></snippet>
        <description>
&lt;table&gt;
&lt;tr&gt;&lt;td&gt;Longitude: -71.848575&lt;/td&gt;&lt;/tr&gt;
&lt;tr&gt;&lt;td&gt;Latitude: -13.415931&lt;/td&gt;&lt;/tr&gt;
&lt;tr&gt;&lt;td&gt;Altitude: 10483.484 ft&lt;/td&gt;&lt;/tr&gt;
&lt;tr&gt;&lt;td&gt;Speed: 1.5 mph&lt;/td&gt;&lt;/tr&gt;
&lt;tr&gt;&lt;td&gt;Heading: 295.8&lt;/td&gt;&lt;/tr&gt;
&lt;tr&gt;&lt;td&gt;Time: 2021-02-19T20:35:07Z&lt;/td&gt;&lt;/tr&gt;
&lt;/table&gt;
</description>
        <LookAt>
          <longitude>-71.848575</longitude>
          <latitude>-13.415931</latitude>
          <tilt>66</tilt>
        </LookAt>
        <TimeStamp>
          <when>2021-02-19T20:35:07Z</when>
        </TimeStamp>
        <styleUrl>#track</styleUrl>
        <Point>
          <coordinates>-71.848575,-13.415931,3195.37</coordinates>
        </Point>
      </Placemark>
      <Placemark>
        <name>Apu Linli hike - Wikiloc-1402</name>
        <snippet></snippet>
        <description>
&lt;table&gt;
&lt;tr&gt;&lt;td&gt;Longitude: -71.848613&lt;/td&gt;&lt;/tr&gt;
&lt;tr&gt;&lt;td&gt;Latitude: -13.415904&lt;/td&gt;&lt;/tr&gt;
&lt;tr&gt;&lt;td&gt;Altitude: 10477.569 ft&lt;/td&gt;&lt;/tr&gt;
&lt;tr&gt;&lt;td&gt;Speed: 2.3 mph&lt;/td&gt;&lt;/tr&gt;
&lt;tr&gt;&lt;td&gt;Heading: 306.1&lt;/td&gt;&lt;/tr&gt;
&lt;tr&gt;&lt;td&gt;Time: 2021-02-19T20:35:12Z&lt;/td&gt;&lt;/tr&gt;
&lt;/table&gt;
</description>
        <LookAt>
          <longitude>-71.848613</longitude>
          <latitude>-13.415904</latitude>
          <tilt>66</tilt>
        </LookAt>
        <TimeStamp>
          <when>2021-02-19T20:35:12Z</when>
        </TimeStamp>
        <styleUrl>#track</styleUrl>
        <Point>
          <coordinates>-71.848613,-13.415904,3193.56</coordinates>
        </Point>
      </Placemark>
      <Placemark>
        <name>Apu Linli hike - Wikiloc-1403</name>
        <snippet></snippet>
        <description>
&lt;table&gt;
&lt;tr&gt;&lt;td&gt;Longitude: -71.848665&lt;/td&gt;&lt;/tr&gt;
&lt;tr&gt;&lt;td&gt;Latitude: -13.415912&lt;/td&gt;&lt;/tr&gt;
&lt;tr&gt;&lt;td&gt;Altitude: 10473.698 ft&lt;/td&gt;&lt;/tr&gt;
&lt;tr&gt;&lt;td&gt;Speed: 2.1 mph&lt;/td&gt;&lt;/tr&gt;
&lt;tr&gt;&lt;td&gt;Heading: 261.0&lt;/td&gt;&lt;/tr&gt;
&lt;tr&gt;&lt;td&gt;Time: 2021-02-19T20:35:18Z&lt;/td&gt;&lt;/tr&gt;
&lt;/table&gt;
</description>
        <LookAt>
          <longitude>-71.848665</longitude>
          <latitude>-13.415912</latitude>
          <tilt>66</tilt>
        </LookAt>
        <TimeStamp>
          <when>2021-02-19T20:35:18Z</when>
        </TimeStamp>
        <styleUrl>#track</styleUrl>
        <Point>
          <coordinates>-71.848665,-13.415912,3192.38</coordinates>
        </Point>
      </Placemark>
      <Placemark>
        <name>Apu Linli hike - Wikiloc-1404</name>
        <snippet></snippet>
        <description>
&lt;table&gt;
&lt;tr&gt;&lt;td&gt;Longitude: -71.848713&lt;/td&gt;&lt;/tr&gt;
&lt;tr&gt;&lt;td&gt;Latitude: -13.415922&lt;/td&gt;&lt;/tr&gt;
&lt;tr&gt;&lt;td&gt;Altitude: 10467.956 ft&lt;/td&gt;&lt;/tr&gt;
&lt;tr&gt;&lt;td&gt;Speed: 2.0 mph&lt;/td&gt;&lt;/tr&gt;
&lt;tr&gt;&lt;td&gt;Heading: 257.9&lt;/td&gt;&lt;/tr&gt;
&lt;tr&gt;&lt;td&gt;Time: 2021-02-19T20:35:24Z&lt;/td&gt;&lt;/tr&gt;
&lt;/table&gt;
</description>
        <LookAt>
          <longitude>-71.848713</longitude>
          <latitude>-13.415922</latitude>
          <tilt>66</tilt>
        </LookAt>
        <TimeStamp>
          <when>2021-02-19T20:35:24Z</when>
        </TimeStamp>
        <styleUrl>#track</styleUrl>
        <Point>
          <coordinates>-71.848713,-13.415922,3190.63</coordinates>
        </Point>
      </Placemark>
      <Placemark>
        <name>Apu Linli hike - Wikiloc-1405</name>
        <snippet></snippet>
        <description>
&lt;table&gt;
&lt;tr&gt;&lt;td&gt;Longitude: -71.848739&lt;/td&gt;&lt;/tr&gt;
&lt;tr&gt;&lt;td&gt;Latitude: -13.415960&lt;/td&gt;&lt;/tr&gt;
&lt;tr&gt;&lt;td&gt;Altitude: 10462.674 ft&lt;/td&gt;&lt;/tr&gt;
&lt;tr&gt;&lt;td&gt;Speed: 1.9 mph&lt;/td&gt;&lt;/tr&gt;
&lt;tr&gt;&lt;td&gt;Heading: 213.6&lt;/td&gt;&lt;/tr&gt;
&lt;tr&gt;&lt;td&gt;Time: 2021-02-19T20:35:30Z&lt;/td&gt;&lt;/tr&gt;
&lt;/table&gt;
</description>
        <LookAt>
          <longitude>-71.848739</longitude>
          <latitude>-13.41596</latitude>
          <tilt>66</tilt>
        </LookAt>
        <TimeStamp>
          <when>2021-02-19T20:35:30Z</when>
        </TimeStamp>
        <styleUrl>#track</styleUrl>
        <Point>
          <coordinates>-71.848739,-13.415960,3189.02</coordinates>
        </Point>
      </Placemark>
      <Placemark>
        <name>Apu Linli hike - Wikiloc-1406</name>
        <snippet></snippet>
        <description>
&lt;table&gt;
&lt;tr&gt;&lt;td&gt;Longitude: -71.848734&lt;/td&gt;&lt;/tr&gt;
&lt;tr&gt;&lt;td&gt;Latitude: -13.416007&lt;/td&gt;&lt;/tr&gt;
&lt;tr&gt;&lt;td&gt;Altitude: 10456.742 ft&lt;/td&gt;&lt;/tr&gt;
&lt;tr&gt;&lt;td&gt;Speed: 2.4 mph&lt;/td&gt;&lt;/tr&gt;
&lt;tr&gt;&lt;td&gt;Heading: 174.1&lt;/td&gt;&lt;/tr&gt;
&lt;tr&gt;&lt;td&gt;Time: 2021-02-19T20:35:35Z&lt;/td&gt;&lt;/tr&gt;
&lt;/table&gt;
</description>
        <LookAt>
          <longitude>-71.848734</longitude>
          <latitude>-13.416007</latitude>
          <tilt>66</tilt>
        </LookAt>
        <TimeStamp>
          <when>2021-02-19T20:35:35Z</when>
        </TimeStamp>
        <styleUrl>#track</styleUrl>
        <Point>
          <coordinates>-71.848734,-13.416007,3187.22</coordinates>
        </Point>
      </Placemark>
      <Placemark>
        <name>Apu Linli hike - Wikiloc-1407</name>
        <snippet></snippet>
        <description>
&lt;table&gt;
&lt;tr&gt;&lt;td&gt;Longitude: -71.848728&lt;/td&gt;&lt;/tr&gt;
&lt;tr&gt;&lt;td&gt;Latitude: -13.416056&lt;/td&gt;&lt;/tr&gt;
&lt;tr&gt;&lt;td&gt;Altitude: 10447.861 ft&lt;/td&gt;&lt;/tr&gt;
&lt;tr&gt;&lt;td&gt;Speed: 1.0 mph&lt;/td&gt;&lt;/tr&gt;
&lt;tr&gt;&lt;td&gt;Heading: 173.2&lt;/td&gt;&lt;/tr&gt;
&lt;tr&gt;&lt;td&gt;Time: 2021-02-19T20:35:47Z&lt;/td&gt;&lt;/tr&gt;
&lt;/table&gt;
</description>
        <LookAt>
          <longitude>-71.848728</longitude>
          <latitude>-13.416056</latitude>
          <tilt>66</tilt>
        </LookAt>
        <TimeStamp>
          <when>2021-02-19T20:35:47Z</when>
        </TimeStamp>
        <styleUrl>#track</styleUrl>
        <Point>
          <coordinates>-71.848728,-13.416056,3184.51</coordinates>
        </Point>
      </Placemark>
      <Placemark>
        <name>Apu Linli hike - Wikiloc-1408</name>
        <snippet></snippet>
        <description>
&lt;table&gt;
&lt;tr&gt;&lt;td&gt;Longitude: -71.848747&lt;/td&gt;&lt;/tr&gt;
&lt;tr&gt;&lt;td&gt;Latitude: -13.416103&lt;/td&gt;&lt;/tr&gt;
&lt;tr&gt;&lt;td&gt;Altitude: 10440.253 ft&lt;/td&gt;&lt;/tr&gt;
&lt;tr&gt;&lt;td&gt;Speed: 2.5 mph&lt;/td&gt;&lt;/tr&gt;
&lt;tr&gt;&lt;td&gt;Heading: 201.5&lt;/td&gt;&lt;/tr&gt;
&lt;tr&gt;&lt;td&gt;Time: 2021-02-19T20:35:52Z&lt;/td&gt;&lt;/tr&gt;
&lt;/table&gt;
</description>
        <LookAt>
          <longitude>-71.848747</longitude>
          <latitude>-13.416103</latitude>
          <tilt>66</tilt>
        </LookAt>
        <TimeStamp>
          <when>2021-02-19T20:35:52Z</when>
        </TimeStamp>
        <styleUrl>#track</styleUrl>
        <Point>
          <coordinates>-71.848747,-13.416103,3182.19</coordinates>
        </Point>
      </Placemark>
      <Placemark>
        <name>Apu Linli hike - Wikiloc-1409</name>
        <snippet></snippet>
        <description>
&lt;table&gt;
&lt;tr&gt;&lt;td&gt;Longitude: -71.848739&lt;/td&gt;&lt;/tr&gt;
&lt;tr&gt;&lt;td&gt;Latitude: -13.416149&lt;/td&gt;&lt;/tr&gt;
&lt;tr&gt;&lt;td&gt;Altitude: 10432.805 ft&lt;/td&gt;&lt;/tr&gt;
&lt;tr&gt;&lt;td&gt;Speed: 2.9 mph&lt;/td&gt;&lt;/tr&gt;
&lt;tr&gt;&lt;td&gt;Heading: 170.4&lt;/td&gt;&lt;/tr&gt;
&lt;tr&gt;&lt;td&gt;Time: 2021-02-19T20:35:56Z&lt;/td&gt;&lt;/tr&gt;
&lt;/table&gt;
</description>
        <LookAt>
          <longitude>-71.848739</longitude>
          <latitude>-13.416149</latitude>
          <tilt>66</tilt>
        </LookAt>
        <TimeStamp>
          <when>2021-02-19T20:35:56Z</when>
        </TimeStamp>
        <styleUrl>#track</styleUrl>
        <Point>
          <coordinates>-71.848739,-13.416149,3179.92</coordinates>
        </Point>
      </Placemark>
      <Placemark>
        <name>Apu Linli hike - Wikiloc-1410</name>
        <snippet></snippet>
        <description>
&lt;table&gt;
&lt;tr&gt;&lt;td&gt;Longitude: -71.848712&lt;/td&gt;&lt;/tr&gt;
&lt;tr&gt;&lt;td&gt;Latitude: -13.416198&lt;/td&gt;&lt;/tr&gt;
&lt;tr&gt;&lt;td&gt;Altitude: 10425.899 ft&lt;/td&gt;&lt;/tr&gt;
&lt;tr&gt;&lt;td&gt;Speed: 2.8 mph&lt;/td&gt;&lt;/tr&gt;
&lt;tr&gt;&lt;td&gt;Heading: 151.8&lt;/td&gt;&lt;/tr&gt;
&lt;tr&gt;&lt;td&gt;Time: 2021-02-19T20:36:01Z&lt;/td&gt;&lt;/tr&gt;
&lt;/table&gt;
</description>
        <LookAt>
          <longitude>-71.848712</longitude>
          <latitude>-13.416198</latitude>
          <tilt>66</tilt>
        </LookAt>
        <TimeStamp>
          <when>2021-02-19T20:36:01Z</when>
        </TimeStamp>
        <styleUrl>#track</styleUrl>
        <Point>
          <coordinates>-71.848712,-13.416198,3177.81</coordinates>
        </Point>
      </Placemark>
      <Placemark>
        <name>Apu Linli hike - Wikiloc-1411</name>
        <snippet></snippet>
        <description>
&lt;table&gt;
&lt;tr&gt;&lt;td&gt;Longitude: -71.848683&lt;/td&gt;&lt;/tr&gt;
&lt;tr&gt;&lt;td&gt;Latitude: -13.416236&lt;/td&gt;&lt;/tr&gt;
&lt;tr&gt;&lt;td&gt;Altitude: 10419.501 ft&lt;/td&gt;&lt;/tr&gt;
&lt;tr&gt;&lt;td&gt;Speed: 2.9 mph&lt;/td&gt;&lt;/tr&gt;
&lt;tr&gt;&lt;td&gt;Heading: 143.4&lt;/td&gt;&lt;/tr&gt;
&lt;tr&gt;&lt;td&gt;Time: 2021-02-19T20:36:05Z&lt;/td&gt;&lt;/tr&gt;
&lt;/table&gt;
</description>
        <LookAt>
          <longitude>-71.848683</longitude>
          <latitude>-13.416236</latitude>
          <tilt>66</tilt>
        </LookAt>
        <TimeStamp>
          <when>2021-02-19T20:36:05Z</when>
        </TimeStamp>
        <styleUrl>#track</styleUrl>
        <Point>
          <coordinates>-71.848683,-13.416236,3175.86</coordinates>
        </Point>
      </Placemark>
      <Placemark>
        <name>Apu Linli hike - Wikiloc-1412</name>
        <snippet></snippet>
        <description>
&lt;table&gt;
&lt;tr&gt;&lt;td&gt;Longitude: -71.848659&lt;/td&gt;&lt;/tr&gt;
&lt;tr&gt;&lt;td&gt;Latitude: -13.416282&lt;/td&gt;&lt;/tr&gt;
&lt;tr&gt;&lt;td&gt;Altitude: 10415.938 ft&lt;/td&gt;&lt;/tr&gt;
&lt;tr&gt;&lt;td&gt;Speed: 3.2 mph&lt;/td&gt;&lt;/tr&gt;
&lt;tr&gt;&lt;td&gt;Heading: 153.1&lt;/td&gt;&lt;/tr&gt;
&lt;tr&gt;&lt;td&gt;Time: 2021-02-19T20:36:09Z&lt;/td&gt;&lt;/tr&gt;
&lt;/table&gt;
</description>
        <LookAt>
          <longitude>-71.848659</longitude>
          <latitude>-13.416282</latitude>
          <tilt>66</tilt>
        </LookAt>
        <TimeStamp>
          <when>2021-02-19T20:36:09Z</when>
        </TimeStamp>
        <styleUrl>#track</styleUrl>
        <Point>
          <coordinates>-71.848659,-13.416282,3174.78</coordinates>
        </Point>
      </Placemark>
      <Placemark>
        <name>Apu Linli hike - Wikiloc-1413</name>
        <snippet></snippet>
        <description>
&lt;table&gt;
&lt;tr&gt;&lt;td&gt;Longitude: -71.848641&lt;/td&gt;&lt;/tr&gt;
&lt;tr&gt;&lt;td&gt;Latitude: -13.416327&lt;/td&gt;&lt;/tr&gt;
&lt;tr&gt;&lt;td&gt;Altitude: 10410.577 ft&lt;/td&gt;&lt;/tr&gt;
&lt;tr&gt;&lt;td&gt;Speed: 2.4 mph&lt;/td&gt;&lt;/tr&gt;
&lt;tr&gt;&lt;td&gt;Heading: 158.7&lt;/td&gt;&lt;/tr&gt;
&lt;tr&gt;&lt;td&gt;Time: 2021-02-19T20:36:14Z&lt;/td&gt;&lt;/tr&gt;
&lt;/table&gt;
</description>
        <LookAt>
          <longitude>-71.848641</longitude>
          <latitude>-13.416327</latitude>
          <tilt>66</tilt>
        </LookAt>
        <TimeStamp>
          <when>2021-02-19T20:36:14Z</when>
        </TimeStamp>
        <styleUrl>#track</styleUrl>
        <Point>
          <coordinates>-71.848641,-13.416327,3173.14</coordinates>
        </Point>
      </Placemark>
      <Placemark>
        <name>Apu Linli hike - Wikiloc-1414</name>
        <snippet></snippet>
        <description>
&lt;table&gt;
&lt;tr&gt;&lt;td&gt;Longitude: -71.848626&lt;/td&gt;&lt;/tr&gt;
&lt;tr&gt;&lt;td&gt;Latitude: -13.416373&lt;/td&gt;&lt;/tr&gt;
&lt;tr&gt;&lt;td&gt;Altitude: 10405.023 ft&lt;/td&gt;&lt;/tr&gt;
&lt;tr&gt;&lt;td&gt;Speed: 2.4 mph&lt;/td&gt;&lt;/tr&gt;
&lt;tr&gt;&lt;td&gt;Heading: 162.4&lt;/td&gt;&lt;/tr&gt;
&lt;tr&gt;&lt;td&gt;Time: 2021-02-19T20:36:19Z&lt;/td&gt;&lt;/tr&gt;
&lt;/table&gt;
</description>
        <LookAt>
          <longitude>-71.848626</longitude>
          <latitude>-13.416373</latitude>
          <tilt>66</tilt>
        </LookAt>
        <TimeStamp>
          <when>2021-02-19T20:36:19Z</when>
        </TimeStamp>
        <styleUrl>#track</styleUrl>
        <Point>
          <coordinates>-71.848626,-13.416373,3171.45</coordinates>
        </Point>
      </Placemark>
      <Placemark>
        <name>Apu Linli hike - Wikiloc-1415</name>
        <snippet></snippet>
        <description>
&lt;table&gt;
&lt;tr&gt;&lt;td&gt;Longitude: -71.848611&lt;/td&gt;&lt;/tr&gt;
&lt;tr&gt;&lt;td&gt;Latitude: -13.416418&lt;/td&gt;&lt;/tr&gt;
&lt;tr&gt;&lt;td&gt;Altitude: 10400.233 ft&lt;/td&gt;&lt;/tr&gt;
&lt;tr&gt;&lt;td&gt;Speed: 2.4 mph&lt;/td&gt;&lt;/tr&gt;
&lt;tr&gt;&lt;td&gt;Heading: 162.0&lt;/td&gt;&lt;/tr&gt;
&lt;tr&gt;&lt;td&gt;Time: 2021-02-19T20:36:24Z&lt;/td&gt;&lt;/tr&gt;
&lt;/table&gt;
</description>
        <LookAt>
          <longitude>-71.848611</longitude>
          <latitude>-13.416418</latitude>
          <tilt>66</tilt>
        </LookAt>
        <TimeStamp>
          <when>2021-02-19T20:36:24Z</when>
        </TimeStamp>
        <styleUrl>#track</styleUrl>
        <Point>
          <coordinates>-71.848611,-13.416418,3169.99</coordinates>
        </Point>
      </Placemark>
      <Placemark>
        <name>Apu Linli hike - Wikiloc-1416</name>
        <snippet></snippet>
        <description>
&lt;table&gt;
&lt;tr&gt;&lt;td&gt;Longitude: -71.848597&lt;/td&gt;&lt;/tr&gt;
&lt;tr&gt;&lt;td&gt;Latitude: -13.416462&lt;/td&gt;&lt;/tr&gt;
&lt;tr&gt;&lt;td&gt;Altitude: 10394.839 ft&lt;/td&gt;&lt;/tr&gt;
&lt;tr&gt;&lt;td&gt;Speed: 2.9 mph&lt;/td&gt;&lt;/tr&gt;
&lt;tr&gt;&lt;td&gt;Heading: 162.8&lt;/td&gt;&lt;/tr&gt;
&lt;tr&gt;&lt;td&gt;Time: 2021-02-19T20:36:28Z&lt;/td&gt;&lt;/tr&gt;
&lt;/table&gt;
</description>
        <LookAt>
          <longitude>-71.848597</longitude>
          <latitude>-13.416462</latitude>
          <tilt>66</tilt>
        </LookAt>
        <TimeStamp>
          <when>2021-02-19T20:36:28Z</when>
        </TimeStamp>
        <styleUrl>#track</styleUrl>
        <Point>
          <coordinates>-71.848597,-13.416462,3168.35</coordinates>
        </Point>
      </Placemark>
      <Placemark>
        <name>Apu Linli hike - Wikiloc-1417</name>
        <snippet></snippet>
        <description>
&lt;table&gt;
&lt;tr&gt;&lt;td&gt;Longitude: -71.848615&lt;/td&gt;&lt;/tr&gt;
&lt;tr&gt;&lt;td&gt;Latitude: -13.416515&lt;/td&gt;&lt;/tr&gt;
&lt;tr&gt;&lt;td&gt;Altitude: 10395.764 ft&lt;/td&gt;&lt;/tr&gt;
&lt;tr&gt;&lt;td&gt;Speed: 2.8 mph&lt;/td&gt;&lt;/tr&gt;
&lt;tr&gt;&lt;td&gt;Heading: 198.3&lt;/td&gt;&lt;/tr&gt;
&lt;tr&gt;&lt;td&gt;Time: 2021-02-19T20:36:33Z&lt;/td&gt;&lt;/tr&gt;
&lt;/table&gt;
</description>
        <LookAt>
          <longitude>-71.848615</longitude>
          <latitude>-13.416515</latitude>
          <tilt>66</tilt>
        </LookAt>
        <TimeStamp>
          <when>2021-02-19T20:36:33Z</when>
        </TimeStamp>
        <styleUrl>#track</styleUrl>
        <Point>
          <coordinates>-71.848615,-13.416515,3168.63</coordinates>
        </Point>
      </Placemark>
      <Placemark>
        <name>Apu Linli hike - Wikiloc-1418</name>
        <snippet></snippet>
        <description>
&lt;table&gt;
&lt;tr&gt;&lt;td&gt;Longitude: -71.848630&lt;/td&gt;&lt;/tr&gt;
&lt;tr&gt;&lt;td&gt;Latitude: -13.416570&lt;/td&gt;&lt;/tr&gt;
&lt;tr&gt;&lt;td&gt;Altitude: 10389.177 ft&lt;/td&gt;&lt;/tr&gt;
&lt;tr&gt;&lt;td&gt;Speed: 2.8 mph&lt;/td&gt;&lt;/tr&gt;
&lt;tr&gt;&lt;td&gt;Heading: 194.9&lt;/td&gt;&lt;/tr&gt;
&lt;tr&gt;&lt;td&gt;Time: 2021-02-19T20:36:38Z&lt;/td&gt;&lt;/tr&gt;
&lt;/table&gt;
</description>
        <LookAt>
          <longitude>-71.84863</longitude>
          <latitude>-13.41657</latitude>
          <tilt>66</tilt>
        </LookAt>
        <TimeStamp>
          <when>2021-02-19T20:36:38Z</when>
        </TimeStamp>
        <styleUrl>#track</styleUrl>
        <Point>
          <coordinates>-71.848630,-13.416570,3166.62</coordinates>
        </Point>
      </Placemark>
      <Placemark>
        <name>Apu Linli hike - Wikiloc-1419</name>
        <snippet></snippet>
        <description>
&lt;table&gt;
&lt;tr&gt;&lt;td&gt;Longitude: -71.848641&lt;/td&gt;&lt;/tr&gt;
&lt;tr&gt;&lt;td&gt;Latitude: -13.416615&lt;/td&gt;&lt;/tr&gt;
&lt;tr&gt;&lt;td&gt;Altitude: 10384.213 ft&lt;/td&gt;&lt;/tr&gt;
&lt;tr&gt;&lt;td&gt;Speed: 2.9 mph&lt;/td&gt;&lt;/tr&gt;
&lt;tr&gt;&lt;td&gt;Heading: 193.4&lt;/td&gt;&lt;/tr&gt;
&lt;tr&gt;&lt;td&gt;Time: 2021-02-19T20:36:42Z&lt;/td&gt;&lt;/tr&gt;
&lt;/table&gt;
</description>
        <LookAt>
          <longitude>-71.848641</longitude>
          <latitude>-13.416615</latitude>
          <tilt>66</tilt>
        </LookAt>
        <TimeStamp>
          <when>2021-02-19T20:36:42Z</when>
        </TimeStamp>
        <styleUrl>#track</styleUrl>
        <Point>
          <coordinates>-71.848641,-13.416615,3165.11</coordinates>
        </Point>
      </Placemark>
      <Placemark>
        <name>Apu Linli hike - Wikiloc-1420</name>
        <snippet></snippet>
        <description>
&lt;table&gt;
&lt;tr&gt;&lt;td&gt;Longitude: -71.848636&lt;/td&gt;&lt;/tr&gt;
&lt;tr&gt;&lt;td&gt;Latitude: -13.416663&lt;/td&gt;&lt;/tr&gt;
&lt;tr&gt;&lt;td&gt;Altitude: 10378.773 ft&lt;/td&gt;&lt;/tr&gt;
&lt;tr&gt;&lt;td&gt;Speed: 3.0 mph&lt;/td&gt;&lt;/tr&gt;
&lt;tr&gt;&lt;td&gt;Heading: 174.2&lt;/td&gt;&lt;/tr&gt;
&lt;tr&gt;&lt;td&gt;Time: 2021-02-19T20:36:46Z&lt;/td&gt;&lt;/tr&gt;
&lt;/table&gt;
</description>
        <LookAt>
          <longitude>-71.848636</longitude>
          <latitude>-13.416663</latitude>
          <tilt>66</tilt>
        </LookAt>
        <TimeStamp>
          <when>2021-02-19T20:36:46Z</when>
        </TimeStamp>
        <styleUrl>#track</styleUrl>
        <Point>
          <coordinates>-71.848636,-13.416663,3163.45</coordinates>
        </Point>
      </Placemark>
      <Placemark>
        <name>Apu Linli hike - Wikiloc-1421</name>
        <snippet></snippet>
        <description>
&lt;table&gt;
&lt;tr&gt;&lt;td&gt;Longitude: -71.848628&lt;/td&gt;&lt;/tr&gt;
&lt;tr&gt;&lt;td&gt;Latitude: -13.416710&lt;/td&gt;&lt;/tr&gt;
&lt;tr&gt;&lt;td&gt;Altitude: 10374.180 ft&lt;/td&gt;&lt;/tr&gt;
&lt;tr&gt;&lt;td&gt;Speed: 3.0 mph&lt;/td&gt;&lt;/tr&gt;
&lt;tr&gt;&lt;td&gt;Heading: 170.6&lt;/td&gt;&lt;/tr&gt;
&lt;tr&gt;&lt;td&gt;Time: 2021-02-19T20:36:50Z&lt;/td&gt;&lt;/tr&gt;
&lt;/table&gt;
</description>
        <LookAt>
          <longitude>-71.848628</longitude>
          <latitude>-13.41671</latitude>
          <tilt>66</tilt>
        </LookAt>
        <TimeStamp>
          <when>2021-02-19T20:36:50Z</when>
        </TimeStamp>
        <styleUrl>#track</styleUrl>
        <Point>
          <coordinates>-71.848628,-13.416710,3162.05</coordinates>
        </Point>
      </Placemark>
      <Placemark>
        <name>Apu Linli hike - Wikiloc-1422</name>
        <snippet></snippet>
        <description>
&lt;table&gt;
&lt;tr&gt;&lt;td&gt;Longitude: -71.848679&lt;/td&gt;&lt;/tr&gt;
&lt;tr&gt;&lt;td&gt;Latitude: -13.416691&lt;/td&gt;&lt;/tr&gt;
&lt;tr&gt;&lt;td&gt;Altitude: 10369.701 ft&lt;/td&gt;&lt;/tr&gt;
&lt;tr&gt;&lt;td&gt;Speed: 1.3 mph&lt;/td&gt;&lt;/tr&gt;
&lt;tr&gt;&lt;td&gt;Heading: 291.0&lt;/td&gt;&lt;/tr&gt;
&lt;tr&gt;&lt;td&gt;Time: 2021-02-19T20:37:00Z&lt;/td&gt;&lt;/tr&gt;
&lt;/table&gt;
</description>
        <LookAt>
          <longitude>-71.848679</longitude>
          <latitude>-13.416691</latitude>
          <tilt>66</tilt>
        </LookAt>
        <TimeStamp>
          <when>2021-02-19T20:37:00Z</when>
        </TimeStamp>
        <styleUrl>#track</styleUrl>
        <Point>
          <coordinates>-71.848679,-13.416691,3160.68</coordinates>
        </Point>
      </Placemark>
      <Placemark>
        <name>Apu Linli hike - Wikiloc-1423</name>
        <snippet></snippet>
        <description>
&lt;table&gt;
&lt;tr&gt;&lt;td&gt;Longitude: -71.848708&lt;/td&gt;&lt;/tr&gt;
&lt;tr&gt;&lt;td&gt;Latitude: -13.416651&lt;/td&gt;&lt;/tr&gt;
&lt;tr&gt;&lt;td&gt;Altitude: 10364.255 ft&lt;/td&gt;&lt;/tr&gt;
&lt;tr&gt;&lt;td&gt;Speed: 3.0 mph&lt;/td&gt;&lt;/tr&gt;
&lt;tr&gt;&lt;td&gt;Heading: 324.8&lt;/td&gt;&lt;/tr&gt;
&lt;tr&gt;&lt;td&gt;Time: 2021-02-19T20:37:04Z&lt;/td&gt;&lt;/tr&gt;
&lt;/table&gt;
</description>
        <LookAt>
          <longitude>-71.848708</longitude>
          <latitude>-13.416651</latitude>
          <tilt>66</tilt>
        </LookAt>
        <TimeStamp>
          <when>2021-02-19T20:37:04Z</when>
        </TimeStamp>
        <styleUrl>#track</styleUrl>
        <Point>
          <coordinates>-71.848708,-13.416651,3159.03</coordinates>
        </Point>
      </Placemark>
      <Placemark>
        <name>Apu Linli hike - Wikiloc-1424</name>
        <snippet></snippet>
        <description>
&lt;table&gt;
&lt;tr&gt;&lt;td&gt;Longitude: -71.848752&lt;/td&gt;&lt;/tr&gt;
&lt;tr&gt;&lt;td&gt;Latitude: -13.416607&lt;/td&gt;&lt;/tr&gt;
&lt;tr&gt;&lt;td&gt;Altitude: 10360.791 ft&lt;/td&gt;&lt;/tr&gt;
&lt;tr&gt;&lt;td&gt;Speed: 2.5 mph&lt;/td&gt;&lt;/tr&gt;
&lt;tr&gt;&lt;td&gt;Heading: 315.8&lt;/td&gt;&lt;/tr&gt;
&lt;tr&gt;&lt;td&gt;Time: 2021-02-19T20:37:10Z&lt;/td&gt;&lt;/tr&gt;
&lt;/table&gt;
</description>
        <LookAt>
          <longitude>-71.848752</longitude>
          <latitude>-13.416607</latitude>
          <tilt>66</tilt>
        </LookAt>
        <TimeStamp>
          <when>2021-02-19T20:37:10Z</when>
        </TimeStamp>
        <styleUrl>#track</styleUrl>
        <Point>
          <coordinates>-71.848752,-13.416607,3157.97</coordinates>
        </Point>
      </Placemark>
      <Placemark>
        <name>Apu Linli hike - Wikiloc-1425</name>
        <snippet></snippet>
        <description>
&lt;table&gt;
&lt;tr&gt;&lt;td&gt;Longitude: -71.848787&lt;/td&gt;&lt;/tr&gt;
&lt;tr&gt;&lt;td&gt;Latitude: -13.416577&lt;/td&gt;&lt;/tr&gt;
&lt;tr&gt;&lt;td&gt;Altitude: 10356.775 ft&lt;/td&gt;&lt;/tr&gt;
&lt;tr&gt;&lt;td&gt;Speed: 2.8 mph&lt;/td&gt;&lt;/tr&gt;
&lt;tr&gt;&lt;td&gt;Heading: 311.4&lt;/td&gt;&lt;/tr&gt;
&lt;tr&gt;&lt;td&gt;Time: 2021-02-19T20:37:14Z&lt;/td&gt;&lt;/tr&gt;
&lt;/table&gt;
</description>
        <LookAt>
          <longitude>-71.848787</longitude>
          <latitude>-13.416577</latitude>
          <tilt>66</tilt>
        </LookAt>
        <TimeStamp>
          <when>2021-02-19T20:37:14Z</when>
        </TimeStamp>
        <styleUrl>#track</styleUrl>
        <Point>
          <coordinates>-71.848787,-13.416577,3156.74</coordinates>
        </Point>
      </Placemark>
      <Placemark>
        <name>Apu Linli hike - Wikiloc-1426</name>
        <snippet></snippet>
        <description>
&lt;table&gt;
&lt;tr&gt;&lt;td&gt;Longitude: -71.848825&lt;/td&gt;&lt;/tr&gt;
&lt;tr&gt;&lt;td&gt;Latitude: -13.416522&lt;/td&gt;&lt;/tr&gt;
&lt;tr&gt;&lt;td&gt;Altitude: 10350.138 ft&lt;/td&gt;&lt;/tr&gt;
&lt;tr&gt;&lt;td&gt;Speed: 2.8 mph&lt;/td&gt;&lt;/tr&gt;
&lt;tr&gt;&lt;td&gt;Heading: 326.1&lt;/td&gt;&lt;/tr&gt;
&lt;tr&gt;&lt;td&gt;Time: 2021-02-19T20:37:20Z&lt;/td&gt;&lt;/tr&gt;
&lt;/table&gt;
</description>
        <LookAt>
          <longitude>-71.848825</longitude>
          <latitude>-13.416522</latitude>
          <tilt>66</tilt>
        </LookAt>
        <TimeStamp>
          <when>2021-02-19T20:37:20Z</when>
        </TimeStamp>
        <styleUrl>#track</styleUrl>
        <Point>
          <coordinates>-71.848825,-13.416522,3154.72</coordinates>
        </Point>
      </Placemark>
      <Placemark>
        <name>Apu Linli hike - Wikiloc-1427</name>
        <snippet></snippet>
        <description>
&lt;table&gt;
&lt;tr&gt;&lt;td&gt;Longitude: -71.848864&lt;/td&gt;&lt;/tr&gt;
&lt;tr&gt;&lt;td&gt;Latitude: -13.416468&lt;/td&gt;&lt;/tr&gt;
&lt;tr&gt;&lt;td&gt;Altitude: 10344.724 ft&lt;/td&gt;&lt;/tr&gt;
&lt;tr&gt;&lt;td&gt;Speed: 2.7 mph&lt;/td&gt;&lt;/tr&gt;
&lt;tr&gt;&lt;td&gt;Heading: 324.9&lt;/td&gt;&lt;/tr&gt;
&lt;tr&gt;&lt;td&gt;Time: 2021-02-19T20:37:26Z&lt;/td&gt;&lt;/tr&gt;
&lt;/table&gt;
</description>
        <LookAt>
          <longitude>-71.848864</longitude>
          <latitude>-13.416468</latitude>
          <tilt>66</tilt>
        </LookAt>
        <TimeStamp>
          <when>2021-02-19T20:37:26Z</when>
        </TimeStamp>
        <styleUrl>#track</styleUrl>
        <Point>
          <coordinates>-71.848864,-13.416468,3153.07</coordinates>
        </Point>
      </Placemark>
      <Placemark>
        <name>Apu Linli hike - Wikiloc-1428</name>
        <snippet></snippet>
        <description>
&lt;table&gt;
&lt;tr&gt;&lt;td&gt;Longitude: -71.848908&lt;/td&gt;&lt;/tr&gt;
&lt;tr&gt;&lt;td&gt;Latitude: -13.416443&lt;/td&gt;&lt;/tr&gt;
&lt;tr&gt;&lt;td&gt;Altitude: 10340.417 ft&lt;/td&gt;&lt;/tr&gt;
&lt;tr&gt;&lt;td&gt;Speed: 2.1 mph&lt;/td&gt;&lt;/tr&gt;
&lt;tr&gt;&lt;td&gt;Heading: 300.3&lt;/td&gt;&lt;/tr&gt;
&lt;tr&gt;&lt;td&gt;Time: 2021-02-19T20:37:32Z&lt;/td&gt;&lt;/tr&gt;
&lt;/table&gt;
</description>
        <LookAt>
          <longitude>-71.848908</longitude>
          <latitude>-13.416443</latitude>
          <tilt>66</tilt>
        </LookAt>
        <TimeStamp>
          <when>2021-02-19T20:37:32Z</when>
        </TimeStamp>
        <styleUrl>#track</styleUrl>
        <Point>
          <coordinates>-71.848908,-13.416443,3151.76</coordinates>
        </Point>
      </Placemark>
      <Placemark>
        <name>Apu Linli hike - Wikiloc-1429</name>
        <snippet></snippet>
        <description>
&lt;table&gt;
&lt;tr&gt;&lt;td&gt;Longitude: -71.848957&lt;/td&gt;&lt;/tr&gt;
&lt;tr&gt;&lt;td&gt;Latitude: -13.416414&lt;/td&gt;&lt;/tr&gt;
&lt;tr&gt;&lt;td&gt;Altitude: 10334.656 ft&lt;/td&gt;&lt;/tr&gt;
&lt;tr&gt;&lt;td&gt;Speed: 2.3 mph&lt;/td&gt;&lt;/tr&gt;
&lt;tr&gt;&lt;td&gt;Heading: 301.3&lt;/td&gt;&lt;/tr&gt;
&lt;tr&gt;&lt;td&gt;Time: 2021-02-19T20:37:38Z&lt;/td&gt;&lt;/tr&gt;
&lt;/table&gt;
</description>
        <LookAt>
          <longitude>-71.848957</longitude>
          <latitude>-13.416414</latitude>
          <tilt>66</tilt>
        </LookAt>
        <TimeStamp>
          <when>2021-02-19T20:37:38Z</when>
        </TimeStamp>
        <styleUrl>#track</styleUrl>
        <Point>
          <coordinates>-71.848957,-13.416414,3150.00</coordinates>
        </Point>
      </Placemark>
      <Placemark>
        <name>Apu Linli hike - Wikiloc-1430</name>
        <snippet></snippet>
        <description>
&lt;table&gt;
&lt;tr&gt;&lt;td&gt;Longitude: -71.849026&lt;/td&gt;&lt;/tr&gt;
&lt;tr&gt;&lt;td&gt;Latitude: -13.416421&lt;/td&gt;&lt;/tr&gt;
&lt;tr&gt;&lt;td&gt;Altitude: 10326.519 ft&lt;/td&gt;&lt;/tr&gt;
&lt;tr&gt;&lt;td&gt;Speed: 2.8 mph&lt;/td&gt;&lt;/tr&gt;
&lt;tr&gt;&lt;td&gt;Heading: 264.0&lt;/td&gt;&lt;/tr&gt;
&lt;tr&gt;&lt;td&gt;Time: 2021-02-19T20:37:44Z&lt;/td&gt;&lt;/tr&gt;
&lt;/table&gt;
</description>
        <LookAt>
          <longitude>-71.849026</longitude>
          <latitude>-13.416421</latitude>
          <tilt>66</tilt>
        </LookAt>
        <TimeStamp>
          <when>2021-02-19T20:37:44Z</when>
        </TimeStamp>
        <styleUrl>#track</styleUrl>
        <Point>
          <coordinates>-71.849026,-13.416421,3147.52</coordinates>
        </Point>
      </Placemark>
      <Placemark>
        <name>Apu Linli hike - Wikiloc-1431</name>
        <snippet></snippet>
        <description>
&lt;table&gt;
&lt;tr&gt;&lt;td&gt;Longitude: -71.849073&lt;/td&gt;&lt;/tr&gt;
&lt;tr&gt;&lt;td&gt;Latitude: -13.416429&lt;/td&gt;&lt;/tr&gt;
&lt;tr&gt;&lt;td&gt;Altitude: 10316.955 ft&lt;/td&gt;&lt;/tr&gt;
&lt;tr&gt;&lt;td&gt;Speed: 2.9 mph&lt;/td&gt;&lt;/tr&gt;
&lt;tr&gt;&lt;td&gt;Heading: 260.1&lt;/td&gt;&lt;/tr&gt;
&lt;tr&gt;&lt;td&gt;Time: 2021-02-19T20:37:48Z&lt;/td&gt;&lt;/tr&gt;
&lt;/table&gt;
</description>
        <LookAt>
          <longitude>-71.849073</longitude>
          <latitude>-13.416429</latitude>
          <tilt>66</tilt>
        </LookAt>
        <TimeStamp>
          <when>2021-02-19T20:37:48Z</when>
        </TimeStamp>
        <styleUrl>#track</styleUrl>
        <Point>
          <coordinates>-71.849073,-13.416429,3144.61</coordinates>
        </Point>
      </Placemark>
      <Placemark>
        <name>Apu Linli hike - Wikiloc-1432</name>
        <snippet></snippet>
        <description>
&lt;table&gt;
&lt;tr&gt;&lt;td&gt;Longitude: -71.849118&lt;/td&gt;&lt;/tr&gt;
&lt;tr&gt;&lt;td&gt;Latitude: -13.416449&lt;/td&gt;&lt;/tr&gt;
&lt;tr&gt;&lt;td&gt;Altitude: 10310.830 ft&lt;/td&gt;&lt;/tr&gt;
&lt;tr&gt;&lt;td&gt;Speed: 3.0 mph&lt;/td&gt;&lt;/tr&gt;
&lt;tr&gt;&lt;td&gt;Heading: 245.4&lt;/td&gt;&lt;/tr&gt;
&lt;tr&gt;&lt;td&gt;Time: 2021-02-19T20:37:52Z&lt;/td&gt;&lt;/tr&gt;
&lt;/table&gt;
</description>
        <LookAt>
          <longitude>-71.849118</longitude>
          <latitude>-13.416449</latitude>
          <tilt>66</tilt>
        </LookAt>
        <TimeStamp>
          <when>2021-02-19T20:37:52Z</when>
        </TimeStamp>
        <styleUrl>#track</styleUrl>
        <Point>
          <coordinates>-71.849118,-13.416449,3142.74</coordinates>
        </Point>
      </Placemark>
      <Placemark>
        <name>Apu Linli hike - Wikiloc-1433</name>
        <snippet></snippet>
        <description>
&lt;table&gt;
&lt;tr&gt;&lt;td&gt;Longitude: -71.849153&lt;/td&gt;&lt;/tr&gt;
&lt;tr&gt;&lt;td&gt;Latitude: -13.416487&lt;/td&gt;&lt;/tr&gt;
&lt;tr&gt;&lt;td&gt;Altitude: 10308.304 ft&lt;/td&gt;&lt;/tr&gt;
&lt;tr&gt;&lt;td&gt;Speed: 3.2 mph&lt;/td&gt;&lt;/tr&gt;
&lt;tr&gt;&lt;td&gt;Heading: 221.9&lt;/td&gt;&lt;/tr&gt;
&lt;tr&gt;&lt;td&gt;Time: 2021-02-19T20:37:56Z&lt;/td&gt;&lt;/tr&gt;
&lt;/table&gt;
</description>
        <LookAt>
          <longitude>-71.849153</longitude>
          <latitude>-13.416487</latitude>
          <tilt>66</tilt>
        </LookAt>
        <TimeStamp>
          <when>2021-02-19T20:37:56Z</when>
        </TimeStamp>
        <styleUrl>#track</styleUrl>
        <Point>
          <coordinates>-71.849153,-13.416487,3141.97</coordinates>
        </Point>
      </Placemark>
      <Placemark>
        <name>Apu Linli hike - Wikiloc-1434</name>
        <snippet></snippet>
        <description>
&lt;table&gt;
&lt;tr&gt;&lt;td&gt;Longitude: -71.849186&lt;/td&gt;&lt;/tr&gt;
&lt;tr&gt;&lt;td&gt;Latitude: -13.416521&lt;/td&gt;&lt;/tr&gt;
&lt;tr&gt;&lt;td&gt;Altitude: 10306.581 ft&lt;/td&gt;&lt;/tr&gt;
&lt;tr&gt;&lt;td&gt;Speed: 2.9 mph&lt;/td&gt;&lt;/tr&gt;
&lt;tr&gt;&lt;td&gt;Heading: 223.4&lt;/td&gt;&lt;/tr&gt;
&lt;tr&gt;&lt;td&gt;Time: 2021-02-19T20:38:00Z&lt;/td&gt;&lt;/tr&gt;
&lt;/table&gt;
</description>
        <LookAt>
          <longitude>-71.849186</longitude>
          <latitude>-13.416521</latitude>
          <tilt>66</tilt>
        </LookAt>
        <TimeStamp>
          <when>2021-02-19T20:38:00Z</when>
        </TimeStamp>
        <styleUrl>#track</styleUrl>
        <Point>
          <coordinates>-71.849186,-13.416521,3141.45</coordinates>
        </Point>
      </Placemark>
      <Placemark>
        <name>Apu Linli hike - Wikiloc-1435</name>
        <snippet></snippet>
        <description>
&lt;table&gt;
&lt;tr&gt;&lt;td&gt;Longitude: -71.849141&lt;/td&gt;&lt;/tr&gt;
&lt;tr&gt;&lt;td&gt;Latitude: -13.416536&lt;/td&gt;&lt;/tr&gt;
&lt;tr&gt;&lt;td&gt;Altitude: 10306.745 ft&lt;/td&gt;&lt;/tr&gt;
&lt;tr&gt;&lt;td&gt;Speed: 1.9 mph&lt;/td&gt;&lt;/tr&gt;
&lt;tr&gt;&lt;td&gt;Heading: 108.9&lt;/td&gt;&lt;/tr&gt;
&lt;tr&gt;&lt;td&gt;Time: 2021-02-19T20:38:06Z&lt;/td&gt;&lt;/tr&gt;
&lt;/table&gt;
</description>
        <LookAt>
          <longitude>-71.849141</longitude>
          <latitude>-13.416536</latitude>
          <tilt>66</tilt>
        </LookAt>
        <TimeStamp>
          <when>2021-02-19T20:38:06Z</when>
        </TimeStamp>
        <styleUrl>#track</styleUrl>
        <Point>
          <coordinates>-71.849141,-13.416536,3141.50</coordinates>
        </Point>
      </Placemark>
      <Placemark>
        <name>Apu Linli hike - Wikiloc-1436</name>
        <snippet></snippet>
        <description>
&lt;table&gt;
&lt;tr&gt;&lt;td&gt;Longitude: -71.849075&lt;/td&gt;&lt;/tr&gt;
&lt;tr&gt;&lt;td&gt;Latitude: -13.416535&lt;/td&gt;&lt;/tr&gt;
&lt;tr&gt;&lt;td&gt;Altitude: 10305.020 ft&lt;/td&gt;&lt;/tr&gt;
&lt;tr&gt;&lt;td&gt;Speed: 2.7 mph&lt;/td&gt;&lt;/tr&gt;
&lt;tr&gt;&lt;td&gt;Heading: 89.1&lt;/td&gt;&lt;/tr&gt;
&lt;tr&gt;&lt;td&gt;Time: 2021-02-19T20:38:12Z&lt;/td&gt;&lt;/tr&gt;
&lt;/table&gt;
</description>
        <LookAt>
          <longitude>-71.849075</longitude>
          <latitude>-13.416535</latitude>
          <tilt>66</tilt>
        </LookAt>
        <TimeStamp>
          <when>2021-02-19T20:38:12Z</when>
        </TimeStamp>
        <styleUrl>#track</styleUrl>
        <Point>
          <coordinates>-71.849075,-13.416535,3140.97</coordinates>
        </Point>
      </Placemark>
      <Placemark>
        <name>Apu Linli hike - Wikiloc-1437</name>
        <snippet></snippet>
        <description>
&lt;table&gt;
&lt;tr&gt;&lt;td&gt;Longitude: -71.849056&lt;/td&gt;&lt;/tr&gt;
&lt;tr&gt;&lt;td&gt;Latitude: -13.416588&lt;/td&gt;&lt;/tr&gt;
&lt;tr&gt;&lt;td&gt;Altitude: 10302.546 ft&lt;/td&gt;&lt;/tr&gt;
&lt;tr&gt;&lt;td&gt;Speed: 1.7 mph&lt;/td&gt;&lt;/tr&gt;
&lt;tr&gt;&lt;td&gt;Heading: 160.8&lt;/td&gt;&lt;/tr&gt;
&lt;tr&gt;&lt;td&gt;Time: 2021-02-19T20:38:20Z&lt;/td&gt;&lt;/tr&gt;
&lt;/table&gt;
</description>
        <LookAt>
          <longitude>-71.849056</longitude>
          <latitude>-13.416588</latitude>
          <tilt>66</tilt>
        </LookAt>
        <TimeStamp>
          <when>2021-02-19T20:38:20Z</when>
        </TimeStamp>
        <styleUrl>#track</styleUrl>
        <Point>
          <coordinates>-71.849056,-13.416588,3140.22</coordinates>
        </Point>
      </Placemark>
      <Placemark>
        <name>Apu Linli hike - Wikiloc-1438</name>
        <snippet></snippet>
        <description>
&lt;table&gt;
&lt;tr&gt;&lt;td&gt;Longitude: -71.849097&lt;/td&gt;&lt;/tr&gt;
&lt;tr&gt;&lt;td&gt;Latitude: -13.416623&lt;/td&gt;&lt;/tr&gt;
&lt;tr&gt;&lt;td&gt;Altitude: 10299.846 ft&lt;/td&gt;&lt;/tr&gt;
&lt;tr&gt;&lt;td&gt;Speed: 1.3 mph&lt;/td&gt;&lt;/tr&gt;
&lt;tr&gt;&lt;td&gt;Heading: 228.7&lt;/td&gt;&lt;/tr&gt;
&lt;tr&gt;&lt;td&gt;Time: 2021-02-19T20:38:30Z&lt;/td&gt;&lt;/tr&gt;
&lt;/table&gt;
</description>
        <LookAt>
          <longitude>-71.849097</longitude>
          <latitude>-13.416623</latitude>
          <tilt>66</tilt>
        </LookAt>
        <TimeStamp>
          <when>2021-02-19T20:38:30Z</when>
        </TimeStamp>
        <styleUrl>#track</styleUrl>
        <Point>
          <coordinates>-71.849097,-13.416623,3139.39</coordinates>
        </Point>
      </Placemark>
      <Placemark>
        <name>Apu Linli hike - Wikiloc-1439</name>
        <snippet></snippet>
        <description>
&lt;table&gt;
&lt;tr&gt;&lt;td&gt;Longitude: -71.849084&lt;/td&gt;&lt;/tr&gt;
&lt;tr&gt;&lt;td&gt;Latitude: -13.416678&lt;/td&gt;&lt;/tr&gt;
&lt;tr&gt;&lt;td&gt;Altitude: 10293.547 ft&lt;/td&gt;&lt;/tr&gt;
&lt;tr&gt;&lt;td&gt;Speed: 1.8 mph&lt;/td&gt;&lt;/tr&gt;
&lt;tr&gt;&lt;td&gt;Heading: 167.1&lt;/td&gt;&lt;/tr&gt;
&lt;tr&gt;&lt;td&gt;Time: 2021-02-19T20:38:38Z&lt;/td&gt;&lt;/tr&gt;
&lt;/table&gt;
</description>
        <LookAt>
          <longitude>-71.849084</longitude>
          <latitude>-13.416678</latitude>
          <tilt>66</tilt>
        </LookAt>
        <TimeStamp>
          <when>2021-02-19T20:38:38Z</when>
        </TimeStamp>
        <styleUrl>#track</styleUrl>
        <Point>
          <coordinates>-71.849084,-13.416678,3137.47</coordinates>
        </Point>
      </Placemark>
      <Placemark>
        <name>Apu Linli hike - Wikiloc-1440</name>
        <snippet></snippet>
        <description>
&lt;table&gt;
&lt;tr&gt;&lt;td&gt;Longitude: -71.849129&lt;/td&gt;&lt;/tr&gt;
&lt;tr&gt;&lt;td&gt;Latitude: -13.416653&lt;/td&gt;&lt;/tr&gt;
&lt;tr&gt;&lt;td&gt;Altitude: 10287.028 ft&lt;/td&gt;&lt;/tr&gt;
&lt;tr&gt;&lt;td&gt;Speed: 1.6 mph&lt;/td&gt;&lt;/tr&gt;
&lt;tr&gt;&lt;td&gt;Heading: 299.7&lt;/td&gt;&lt;/tr&gt;
&lt;tr&gt;&lt;td&gt;Time: 2021-02-19T20:38:46Z&lt;/td&gt;&lt;/tr&gt;
&lt;/table&gt;
</description>
        <LookAt>
          <longitude>-71.849129</longitude>
          <latitude>-13.416653</latitude>
          <tilt>66</tilt>
        </LookAt>
        <TimeStamp>
          <when>2021-02-19T20:38:46Z</when>
        </TimeStamp>
        <styleUrl>#track</styleUrl>
        <Point>
          <coordinates>-71.849129,-13.416653,3135.49</coordinates>
        </Point>
      </Placemark>
      <Placemark>
        <name>Apu Linli hike - Wikiloc-1441</name>
        <snippet></snippet>
        <description>
&lt;table&gt;
&lt;tr&gt;&lt;td&gt;Longitude: -71.849175&lt;/td&gt;&lt;/tr&gt;
&lt;tr&gt;&lt;td&gt;Latitude: -13.416672&lt;/td&gt;&lt;/tr&gt;
&lt;tr&gt;&lt;td&gt;Altitude: 10278.084 ft&lt;/td&gt;&lt;/tr&gt;
&lt;tr&gt;&lt;td&gt;Speed: 1.2 mph&lt;/td&gt;&lt;/tr&gt;
&lt;tr&gt;&lt;td&gt;Heading: 247.0&lt;/td&gt;&lt;/tr&gt;
&lt;tr&gt;&lt;td&gt;Time: 2021-02-19T20:38:56Z&lt;/td&gt;&lt;/tr&gt;
&lt;/table&gt;
</description>
        <LookAt>
          <longitude>-71.849175</longitude>
          <latitude>-13.416672</latitude>
          <tilt>66</tilt>
        </LookAt>
        <TimeStamp>
          <when>2021-02-19T20:38:56Z</when>
        </TimeStamp>
        <styleUrl>#track</styleUrl>
        <Point>
          <coordinates>-71.849175,-13.416672,3132.76</coordinates>
        </Point>
      </Placemark>
      <Placemark>
        <name>Apu Linli hike - Wikiloc-1442</name>
        <snippet></snippet>
        <description>
&lt;table&gt;
&lt;tr&gt;&lt;td&gt;Longitude: -71.849156&lt;/td&gt;&lt;/tr&gt;
&lt;tr&gt;&lt;td&gt;Latitude: -13.416721&lt;/td&gt;&lt;/tr&gt;
&lt;tr&gt;&lt;td&gt;Altitude: 10273.379 ft&lt;/td&gt;&lt;/tr&gt;
&lt;tr&gt;&lt;td&gt;Speed: 2.2 mph&lt;/td&gt;&lt;/tr&gt;
&lt;tr&gt;&lt;td&gt;Heading: 159.3&lt;/td&gt;&lt;/tr&gt;
&lt;tr&gt;&lt;td&gt;Time: 2021-02-19T20:39:02Z&lt;/td&gt;&lt;/tr&gt;
&lt;/table&gt;
</description>
        <LookAt>
          <longitude>-71.849156</longitude>
          <latitude>-13.416721</latitude>
          <tilt>66</tilt>
        </LookAt>
        <TimeStamp>
          <when>2021-02-19T20:39:02Z</when>
        </TimeStamp>
        <styleUrl>#track</styleUrl>
        <Point>
          <coordinates>-71.849156,-13.416721,3131.33</coordinates>
        </Point>
      </Placemark>
      <Placemark>
        <name>Apu Linli hike - Wikiloc-1443</name>
        <snippet></snippet>
        <description>
&lt;table&gt;
&lt;tr&gt;&lt;td&gt;Longitude: -71.849136&lt;/td&gt;&lt;/tr&gt;
&lt;tr&gt;&lt;td&gt;Latitude: -13.416771&lt;/td&gt;&lt;/tr&gt;
&lt;tr&gt;&lt;td&gt;Altitude: 10269.711 ft&lt;/td&gt;&lt;/tr&gt;
&lt;tr&gt;&lt;td&gt;Speed: 2.2 mph&lt;/td&gt;&lt;/tr&gt;
&lt;tr&gt;&lt;td&gt;Heading: 158.7&lt;/td&gt;&lt;/tr&gt;
&lt;tr&gt;&lt;td&gt;Time: 2021-02-19T20:39:08Z&lt;/td&gt;&lt;/tr&gt;
&lt;/table&gt;
</description>
        <LookAt>
          <longitude>-71.849136</longitude>
          <latitude>-13.416771</latitude>
          <tilt>66</tilt>
        </LookAt>
        <TimeStamp>
          <when>2021-02-19T20:39:08Z</when>
        </TimeStamp>
        <styleUrl>#track</styleUrl>
        <Point>
          <coordinates>-71.849136,-13.416771,3130.21</coordinates>
        </Point>
      </Placemark>
      <Placemark>
        <name>Apu Linli hike - Wikiloc-1444</name>
        <snippet></snippet>
        <description>
&lt;table&gt;
&lt;tr&gt;&lt;td&gt;Longitude: -71.849133&lt;/td&gt;&lt;/tr&gt;
&lt;tr&gt;&lt;td&gt;Latitude: -13.416827&lt;/td&gt;&lt;/tr&gt;
&lt;tr&gt;&lt;td&gt;Altitude: 10265.269 ft&lt;/td&gt;&lt;/tr&gt;
&lt;tr&gt;&lt;td&gt;Speed: 2.3 mph&lt;/td&gt;&lt;/tr&gt;
&lt;tr&gt;&lt;td&gt;Heading: 177.0&lt;/td&gt;&lt;/tr&gt;
&lt;tr&gt;&lt;td&gt;Time: 2021-02-19T20:39:14Z&lt;/td&gt;&lt;/tr&gt;
&lt;/table&gt;
</description>
        <LookAt>
          <longitude>-71.849133</longitude>
          <latitude>-13.416827</latitude>
          <tilt>66</tilt>
        </LookAt>
        <TimeStamp>
          <when>2021-02-19T20:39:14Z</when>
        </TimeStamp>
        <styleUrl>#track</styleUrl>
        <Point>
          <coordinates>-71.849133,-13.416827,3128.85</coordinates>
        </Point>
      </Placemark>
      <Placemark>
        <name>Apu Linli hike - Wikiloc-1445</name>
        <snippet></snippet>
        <description>
&lt;table&gt;
&lt;tr&gt;&lt;td&gt;Longitude: -71.849117&lt;/td&gt;&lt;/tr&gt;
&lt;tr&gt;&lt;td&gt;Latitude: -13.416876&lt;/td&gt;&lt;/tr&gt;
&lt;tr&gt;&lt;td&gt;Altitude: 10261.266 ft&lt;/td&gt;&lt;/tr&gt;
&lt;tr&gt;&lt;td&gt;Speed: 2.1 mph&lt;/td&gt;&lt;/tr&gt;
&lt;tr&gt;&lt;td&gt;Heading: 162.4&lt;/td&gt;&lt;/tr&gt;
&lt;tr&gt;&lt;td&gt;Time: 2021-02-19T20:39:20Z&lt;/td&gt;&lt;/tr&gt;
&lt;/table&gt;
</description>
        <LookAt>
          <longitude>-71.849117</longitude>
          <latitude>-13.416876</latitude>
          <tilt>66</tilt>
        </LookAt>
        <TimeStamp>
          <when>2021-02-19T20:39:20Z</when>
        </TimeStamp>
        <styleUrl>#track</styleUrl>
        <Point>
          <coordinates>-71.849117,-13.416876,3127.63</coordinates>
        </Point>
      </Placemark>
      <Placemark>
        <name>Apu Linli hike - Wikiloc-1446</name>
        <snippet></snippet>
        <description>
&lt;table&gt;
&lt;tr&gt;&lt;td&gt;Longitude: -71.849094&lt;/td&gt;&lt;/tr&gt;
&lt;tr&gt;&lt;td&gt;Latitude: -13.416924&lt;/td&gt;&lt;/tr&gt;
&lt;tr&gt;&lt;td&gt;Altitude: 10257.280 ft&lt;/td&gt;&lt;/tr&gt;
&lt;tr&gt;&lt;td&gt;Speed: 2.2 mph&lt;/td&gt;&lt;/tr&gt;
&lt;tr&gt;&lt;td&gt;Heading: 155.0&lt;/td&gt;&lt;/tr&gt;
&lt;tr&gt;&lt;td&gt;Time: 2021-02-19T20:39:26Z&lt;/td&gt;&lt;/tr&gt;
&lt;/table&gt;
</description>
        <LookAt>
          <longitude>-71.849094</longitude>
          <latitude>-13.416924</latitude>
          <tilt>66</tilt>
        </LookAt>
        <TimeStamp>
          <when>2021-02-19T20:39:26Z</when>
        </TimeStamp>
        <styleUrl>#track</styleUrl>
        <Point>
          <coordinates>-71.849094,-13.416924,3126.42</coordinates>
        </Point>
      </Placemark>
      <Placemark>
        <name>Apu Linli hike - Wikiloc-1447</name>
        <snippet></snippet>
        <description>
&lt;table&gt;
&lt;tr&gt;&lt;td&gt;Longitude: -71.849119&lt;/td&gt;&lt;/tr&gt;
&lt;tr&gt;&lt;td&gt;Latitude: -13.416881&lt;/td&gt;&lt;/tr&gt;
&lt;tr&gt;&lt;td&gt;Altitude: 10249.537 ft&lt;/td&gt;&lt;/tr&gt;
&lt;tr&gt;&lt;td&gt;Speed: 1.1 mph&lt;/td&gt;&lt;/tr&gt;
&lt;tr&gt;&lt;td&gt;Heading: 330.5&lt;/td&gt;&lt;/tr&gt;
&lt;tr&gt;&lt;td&gt;Time: 2021-02-19T20:39:37Z&lt;/td&gt;&lt;/tr&gt;
&lt;/table&gt;
</description>
        <LookAt>
          <longitude>-71.849119</longitude>
          <latitude>-13.416881</latitude>
          <tilt>66</tilt>
        </LookAt>
        <TimeStamp>
          <when>2021-02-19T20:39:37Z</when>
        </TimeStamp>
        <styleUrl>#track</styleUrl>
        <Point>
          <coordinates>-71.849119,-13.416881,3124.06</coordinates>
        </Point>
      </Placemark>
      <Placemark>
        <name>Apu Linli hike - Wikiloc-1448</name>
        <snippet></snippet>
        <description>
&lt;table&gt;
&lt;tr&gt;&lt;td&gt;Longitude: -71.849139&lt;/td&gt;&lt;/tr&gt;
&lt;tr&gt;&lt;td&gt;Latitude: -13.416928&lt;/td&gt;&lt;/tr&gt;
&lt;tr&gt;&lt;td&gt;Altitude: 10242.201 ft&lt;/td&gt;&lt;/tr&gt;
&lt;tr&gt;&lt;td&gt;Speed: 2.5 mph&lt;/td&gt;&lt;/tr&gt;
&lt;tr&gt;&lt;td&gt;Heading: 202.5&lt;/td&gt;&lt;/tr&gt;
&lt;tr&gt;&lt;td&gt;Time: 2021-02-19T20:39:42Z&lt;/td&gt;&lt;/tr&gt;
&lt;/table&gt;
</description>
        <LookAt>
          <longitude>-71.849139</longitude>
          <latitude>-13.416928</latitude>
          <tilt>66</tilt>
        </LookAt>
        <TimeStamp>
          <when>2021-02-19T20:39:42Z</when>
        </TimeStamp>
        <styleUrl>#track</styleUrl>
        <Point>
          <coordinates>-71.849139,-13.416928,3121.82</coordinates>
        </Point>
      </Placemark>
      <Placemark>
        <name>Apu Linli hike - Wikiloc-1449</name>
        <snippet></snippet>
        <description>
&lt;table&gt;
&lt;tr&gt;&lt;td&gt;Longitude: -71.849136&lt;/td&gt;&lt;/tr&gt;
&lt;tr&gt;&lt;td&gt;Latitude: -13.416981&lt;/td&gt;&lt;/tr&gt;
&lt;tr&gt;&lt;td&gt;Altitude: 10232.247 ft&lt;/td&gt;&lt;/tr&gt;
&lt;tr&gt;&lt;td&gt;Speed: 2.2 mph&lt;/td&gt;&lt;/tr&gt;
&lt;tr&gt;&lt;td&gt;Heading: 176.8&lt;/td&gt;&lt;/tr&gt;
&lt;tr&gt;&lt;td&gt;Time: 2021-02-19T20:39:48Z&lt;/td&gt;&lt;/tr&gt;
&lt;/table&gt;
</description>
        <LookAt>
          <longitude>-71.849136</longitude>
          <latitude>-13.416981</latitude>
          <tilt>66</tilt>
        </LookAt>
        <TimeStamp>
          <when>2021-02-19T20:39:48Z</when>
        </TimeStamp>
        <styleUrl>#track</styleUrl>
        <Point>
          <coordinates>-71.849136,-13.416981,3118.79</coordinates>
        </Point>
      </Placemark>
      <Placemark>
        <name>Apu Linli hike - Wikiloc-1450</name>
        <snippet></snippet>
        <description>
&lt;table&gt;
&lt;tr&gt;&lt;td&gt;Longitude: -71.849186&lt;/td&gt;&lt;/tr&gt;
&lt;tr&gt;&lt;td&gt;Latitude: -13.417000&lt;/td&gt;&lt;/tr&gt;
&lt;tr&gt;&lt;td&gt;Altitude: 10223.051 ft&lt;/td&gt;&lt;/tr&gt;
&lt;tr&gt;&lt;td&gt;Speed: 0.9 mph&lt;/td&gt;&lt;/tr&gt;
&lt;tr&gt;&lt;td&gt;Heading: 248.7&lt;/td&gt;&lt;/tr&gt;
&lt;tr&gt;&lt;td&gt;Time: 2021-02-19T20:40:02Z&lt;/td&gt;&lt;/tr&gt;
&lt;/table&gt;
</description>
        <LookAt>
          <longitude>-71.849186</longitude>
          <latitude>-13.417</latitude>
          <tilt>66</tilt>
        </LookAt>
        <TimeStamp>
          <when>2021-02-19T20:40:02Z</when>
        </TimeStamp>
        <styleUrl>#track</styleUrl>
        <Point>
          <coordinates>-71.849186,-13.417000,3115.99</coordinates>
        </Point>
      </Placemark>
      <Placemark>
        <name>Apu Linli hike - Wikiloc-1451</name>
        <snippet></snippet>
        <description>
&lt;table&gt;
&lt;tr&gt;&lt;td&gt;Longitude: -71.849235&lt;/td&gt;&lt;/tr&gt;
&lt;tr&gt;&lt;td&gt;Latitude: -13.416994&lt;/td&gt;&lt;/tr&gt;
&lt;tr&gt;&lt;td&gt;Altitude: 10215.768 ft&lt;/td&gt;&lt;/tr&gt;
&lt;tr&gt;&lt;td&gt;Speed: 2.0 mph&lt;/td&gt;&lt;/tr&gt;
&lt;tr&gt;&lt;td&gt;Heading: 277.2&lt;/td&gt;&lt;/tr&gt;
&lt;tr&gt;&lt;td&gt;Time: 2021-02-19T20:40:08Z&lt;/td&gt;&lt;/tr&gt;
&lt;/table&gt;
</description>
        <LookAt>
          <longitude>-71.849235</longitude>
          <latitude>-13.416994</latitude>
          <tilt>66</tilt>
        </LookAt>
        <TimeStamp>
          <when>2021-02-19T20:40:08Z</when>
        </TimeStamp>
        <styleUrl>#track</styleUrl>
        <Point>
          <coordinates>-71.849235,-13.416994,3113.77</coordinates>
        </Point>
      </Placemark>
      <Placemark>
        <name>Apu Linli hike - Wikiloc-1452</name>
        <snippet></snippet>
        <description>
&lt;table&gt;
&lt;tr&gt;&lt;td&gt;Longitude: -71.849284&lt;/td&gt;&lt;/tr&gt;
&lt;tr&gt;&lt;td&gt;Latitude: -13.416986&lt;/td&gt;&lt;/tr&gt;
&lt;tr&gt;&lt;td&gt;Altitude: 10210.837 ft&lt;/td&gt;&lt;/tr&gt;
&lt;tr&gt;&lt;td&gt;Speed: 2.4 mph&lt;/td&gt;&lt;/tr&gt;
&lt;tr&gt;&lt;td&gt;Heading: 279.5&lt;/td&gt;&lt;/tr&gt;
&lt;tr&gt;&lt;td&gt;Time: 2021-02-19T20:40:13Z&lt;/td&gt;&lt;/tr&gt;
&lt;/table&gt;
</description>
        <LookAt>
          <longitude>-71.849284</longitude>
          <latitude>-13.416986</latitude>
          <tilt>66</tilt>
        </LookAt>
        <TimeStamp>
          <when>2021-02-19T20:40:13Z</when>
        </TimeStamp>
        <styleUrl>#track</styleUrl>
        <Point>
          <coordinates>-71.849284,-13.416986,3112.26</coordinates>
        </Point>
      </Placemark>
      <Placemark>
        <name>Apu Linli hike - Wikiloc-1453</name>
        <snippet></snippet>
        <description>
&lt;table&gt;
&lt;tr&gt;&lt;td&gt;Longitude: -71.849322&lt;/td&gt;&lt;/tr&gt;
&lt;tr&gt;&lt;td&gt;Latitude: -13.417019&lt;/td&gt;&lt;/tr&gt;
&lt;tr&gt;&lt;td&gt;Altitude: 10206.837 ft&lt;/td&gt;&lt;/tr&gt;
&lt;tr&gt;&lt;td&gt;Speed: 3.1 mph&lt;/td&gt;&lt;/tr&gt;
&lt;tr&gt;&lt;td&gt;Heading: 228.2&lt;/td&gt;&lt;/tr&gt;
&lt;tr&gt;&lt;td&gt;Time: 2021-02-19T20:40:17Z&lt;/td&gt;&lt;/tr&gt;
&lt;/table&gt;
</description>
        <LookAt>
          <longitude>-71.849322</longitude>
          <latitude>-13.417019</latitude>
          <tilt>66</tilt>
        </LookAt>
        <TimeStamp>
          <when>2021-02-19T20:40:17Z</when>
        </TimeStamp>
        <styleUrl>#track</styleUrl>
        <Point>
          <coordinates>-71.849322,-13.417019,3111.04</coordinates>
        </Point>
      </Placemark>
      <Placemark>
        <name>Apu Linli hike - Wikiloc-1454</name>
        <snippet></snippet>
        <description>
&lt;table&gt;
&lt;tr&gt;&lt;td&gt;Longitude: -71.849347&lt;/td&gt;&lt;/tr&gt;
&lt;tr&gt;&lt;td&gt;Latitude: -13.417065&lt;/td&gt;&lt;/tr&gt;
&lt;tr&gt;&lt;td&gt;Altitude: 10203.799 ft&lt;/td&gt;&lt;/tr&gt;
&lt;tr&gt;&lt;td&gt;Speed: 3.2 mph&lt;/td&gt;&lt;/tr&gt;
&lt;tr&gt;&lt;td&gt;Heading: 207.9&lt;/td&gt;&lt;/tr&gt;
&lt;tr&gt;&lt;td&gt;Time: 2021-02-19T20:40:21Z&lt;/td&gt;&lt;/tr&gt;
&lt;/table&gt;
</description>
        <LookAt>
          <longitude>-71.849347</longitude>
          <latitude>-13.417065</latitude>
          <tilt>66</tilt>
        </LookAt>
        <TimeStamp>
          <when>2021-02-19T20:40:21Z</when>
        </TimeStamp>
        <styleUrl>#track</styleUrl>
        <Point>
          <coordinates>-71.849347,-13.417065,3110.12</coordinates>
        </Point>
      </Placemark>
      <Placemark>
        <name>Apu Linli hike - Wikiloc-1455</name>
        <snippet></snippet>
        <description>
&lt;table&gt;
&lt;tr&gt;&lt;td&gt;Longitude: -71.849393&lt;/td&gt;&lt;/tr&gt;
&lt;tr&gt;&lt;td&gt;Latitude: -13.417091&lt;/td&gt;&lt;/tr&gt;
&lt;tr&gt;&lt;td&gt;Altitude: 10198.517 ft&lt;/td&gt;&lt;/tr&gt;
&lt;tr&gt;&lt;td&gt;Speed: 2.1 mph&lt;/td&gt;&lt;/tr&gt;
&lt;tr&gt;&lt;td&gt;Heading: 239.8&lt;/td&gt;&lt;/tr&gt;
&lt;tr&gt;&lt;td&gt;Time: 2021-02-19T20:40:27Z&lt;/td&gt;&lt;/tr&gt;
&lt;/table&gt;
</description>
        <LookAt>
          <longitude>-71.849393</longitude>
          <latitude>-13.417091</latitude>
          <tilt>66</tilt>
        </LookAt>
        <TimeStamp>
          <when>2021-02-19T20:40:27Z</when>
        </TimeStamp>
        <styleUrl>#track</styleUrl>
        <Point>
          <coordinates>-71.849393,-13.417091,3108.51</coordinates>
        </Point>
      </Placemark>
      <Placemark>
        <name>Apu Linli hike - Wikiloc-1456</name>
        <snippet></snippet>
        <description>
&lt;table&gt;
&lt;tr&gt;&lt;td&gt;Longitude: -71.849426&lt;/td&gt;&lt;/tr&gt;
&lt;tr&gt;&lt;td&gt;Latitude: -13.417129&lt;/td&gt;&lt;/tr&gt;
&lt;tr&gt;&lt;td&gt;Altitude: 10194.462 ft&lt;/td&gt;&lt;/tr&gt;
&lt;tr&gt;&lt;td&gt;Speed: 2.1 mph&lt;/td&gt;&lt;/tr&gt;
&lt;tr&gt;&lt;td&gt;Heading: 220.2&lt;/td&gt;&lt;/tr&gt;
&lt;tr&gt;&lt;td&gt;Time: 2021-02-19T20:40:33Z&lt;/td&gt;&lt;/tr&gt;
&lt;/table&gt;
</description>
        <LookAt>
          <longitude>-71.849426</longitude>
          <latitude>-13.417129</latitude>
          <tilt>66</tilt>
        </LookAt>
        <TimeStamp>
          <when>2021-02-19T20:40:33Z</when>
        </TimeStamp>
        <styleUrl>#track</styleUrl>
        <Point>
          <coordinates>-71.849426,-13.417129,3107.27</coordinates>
        </Point>
      </Placemark>
      <Placemark>
        <name>Apu Linli hike - Wikiloc-1457</name>
        <snippet></snippet>
        <description>
&lt;table&gt;
&lt;tr&gt;&lt;td&gt;Longitude: -71.849459&lt;/td&gt;&lt;/tr&gt;
&lt;tr&gt;&lt;td&gt;Latitude: -13.417164&lt;/td&gt;&lt;/tr&gt;
&lt;tr&gt;&lt;td&gt;Altitude: 10187.047 ft&lt;/td&gt;&lt;/tr&gt;
&lt;tr&gt;&lt;td&gt;Speed: 1.3 mph&lt;/td&gt;&lt;/tr&gt;
&lt;tr&gt;&lt;td&gt;Heading: 222.5&lt;/td&gt;&lt;/tr&gt;
&lt;tr&gt;&lt;td&gt;Time: 2021-02-19T20:40:42Z&lt;/td&gt;&lt;/tr&gt;
&lt;/table&gt;
</description>
        <LookAt>
          <longitude>-71.849459</longitude>
          <latitude>-13.417164</latitude>
          <tilt>66</tilt>
        </LookAt>
        <TimeStamp>
          <when>2021-02-19T20:40:42Z</when>
        </TimeStamp>
        <styleUrl>#track</styleUrl>
        <Point>
          <coordinates>-71.849459,-13.417164,3105.01</coordinates>
        </Point>
      </Placemark>
      <Placemark>
        <name>Apu Linli hike - Wikiloc-1458</name>
        <snippet></snippet>
        <description>
&lt;table&gt;
&lt;tr&gt;&lt;td&gt;Longitude: -71.849474&lt;/td&gt;&lt;/tr&gt;
&lt;tr&gt;&lt;td&gt;Latitude: -13.417207&lt;/td&gt;&lt;/tr&gt;
&lt;tr&gt;&lt;td&gt;Altitude: 10178.894 ft&lt;/td&gt;&lt;/tr&gt;
&lt;tr&gt;&lt;td&gt;Speed: 1.9 mph&lt;/td&gt;&lt;/tr&gt;
&lt;tr&gt;&lt;td&gt;Heading: 198.7&lt;/td&gt;&lt;/tr&gt;
&lt;tr&gt;&lt;td&gt;Time: 2021-02-19T20:40:48Z&lt;/td&gt;&lt;/tr&gt;
&lt;/table&gt;
</description>
        <LookAt>
          <longitude>-71.849474</longitude>
          <latitude>-13.417207</latitude>
          <tilt>66</tilt>
        </LookAt>
        <TimeStamp>
          <when>2021-02-19T20:40:48Z</when>
        </TimeStamp>
        <styleUrl>#track</styleUrl>
        <Point>
          <coordinates>-71.849474,-13.417207,3102.53</coordinates>
        </Point>
      </Placemark>
      <Placemark>
        <name>Apu Linli hike - Wikiloc-1459</name>
        <snippet></snippet>
        <description>
&lt;table&gt;
&lt;tr&gt;&lt;td&gt;Longitude: -71.849529&lt;/td&gt;&lt;/tr&gt;
&lt;tr&gt;&lt;td&gt;Latitude: -13.417216&lt;/td&gt;&lt;/tr&gt;
&lt;tr&gt;&lt;td&gt;Altitude: 10172.497 ft&lt;/td&gt;&lt;/tr&gt;
&lt;tr&gt;&lt;td&gt;Speed: 2.7 mph&lt;/td&gt;&lt;/tr&gt;
&lt;tr&gt;&lt;td&gt;Heading: 260.5&lt;/td&gt;&lt;/tr&gt;
&lt;tr&gt;&lt;td&gt;Time: 2021-02-19T20:40:53Z&lt;/td&gt;&lt;/tr&gt;
&lt;/table&gt;
</description>
        <LookAt>
          <longitude>-71.849529</longitude>
          <latitude>-13.417216</latitude>
          <tilt>66</tilt>
        </LookAt>
        <TimeStamp>
          <when>2021-02-19T20:40:53Z</when>
        </TimeStamp>
        <styleUrl>#track</styleUrl>
        <Point>
          <coordinates>-71.849529,-13.417216,3100.58</coordinates>
        </Point>
      </Placemark>
      <Placemark>
        <name>Apu Linli hike - Wikiloc-1460</name>
        <snippet></snippet>
        <description>
&lt;table&gt;
&lt;tr&gt;&lt;td&gt;Longitude: -71.849562&lt;/td&gt;&lt;/tr&gt;
&lt;tr&gt;&lt;td&gt;Latitude: -13.417251&lt;/td&gt;&lt;/tr&gt;
&lt;tr&gt;&lt;td&gt;Altitude: 10168.343 ft&lt;/td&gt;&lt;/tr&gt;
&lt;tr&gt;&lt;td&gt;Speed: 2.4 mph&lt;/td&gt;&lt;/tr&gt;
&lt;tr&gt;&lt;td&gt;Heading: 222.5&lt;/td&gt;&lt;/tr&gt;
&lt;tr&gt;&lt;td&gt;Time: 2021-02-19T20:40:58Z&lt;/td&gt;&lt;/tr&gt;
&lt;/table&gt;
</description>
        <LookAt>
          <longitude>-71.849562</longitude>
          <latitude>-13.417251</latitude>
          <tilt>66</tilt>
        </LookAt>
        <TimeStamp>
          <when>2021-02-19T20:40:58Z</when>
        </TimeStamp>
        <styleUrl>#track</styleUrl>
        <Point>
          <coordinates>-71.849562,-13.417251,3099.31</coordinates>
        </Point>
      </Placemark>
      <Placemark>
        <name>Apu Linli hike - Wikiloc-1461</name>
        <snippet></snippet>
        <description>
&lt;table&gt;
&lt;tr&gt;&lt;td&gt;Longitude: -71.849522&lt;/td&gt;&lt;/tr&gt;
&lt;tr&gt;&lt;td&gt;Latitude: -13.417283&lt;/td&gt;&lt;/tr&gt;
&lt;tr&gt;&lt;td&gt;Altitude: 10164.590 ft&lt;/td&gt;&lt;/tr&gt;
&lt;tr&gt;&lt;td&gt;Speed: 3.1 mph&lt;/td&gt;&lt;/tr&gt;
&lt;tr&gt;&lt;td&gt;Heading: 129.4&lt;/td&gt;&lt;/tr&gt;
&lt;tr&gt;&lt;td&gt;Time: 2021-02-19T20:41:02Z&lt;/td&gt;&lt;/tr&gt;
&lt;/table&gt;
</description>
        <LookAt>
          <longitude>-71.849522</longitude>
          <latitude>-13.417283</latitude>
          <tilt>66</tilt>
        </LookAt>
        <TimeStamp>
          <when>2021-02-19T20:41:02Z</when>
        </TimeStamp>
        <styleUrl>#track</styleUrl>
        <Point>
          <coordinates>-71.849522,-13.417283,3098.17</coordinates>
        </Point>
      </Placemark>
      <Placemark>
        <name>Apu Linli hike - Wikiloc-1462</name>
        <snippet></snippet>
        <description>
&lt;table&gt;
&lt;tr&gt;&lt;td&gt;Longitude: -71.849472&lt;/td&gt;&lt;/tr&gt;
&lt;tr&gt;&lt;td&gt;Latitude: -13.417291&lt;/td&gt;&lt;/tr&gt;
&lt;tr&gt;&lt;td&gt;Altitude: 10158.346 ft&lt;/td&gt;&lt;/tr&gt;
&lt;tr&gt;&lt;td&gt;Speed: 2.5 mph&lt;/td&gt;&lt;/tr&gt;
&lt;tr&gt;&lt;td&gt;Heading: 99.3&lt;/td&gt;&lt;/tr&gt;
&lt;tr&gt;&lt;td&gt;Time: 2021-02-19T20:41:07Z&lt;/td&gt;&lt;/tr&gt;
&lt;/table&gt;
</description>
        <LookAt>
          <longitude>-71.849472</longitude>
          <latitude>-13.417291</latitude>
          <tilt>66</tilt>
        </LookAt>
        <TimeStamp>
          <when>2021-02-19T20:41:07Z</when>
        </TimeStamp>
        <styleUrl>#track</styleUrl>
        <Point>
          <coordinates>-71.849472,-13.417291,3096.26</coordinates>
        </Point>
      </Placemark>
      <Placemark>
        <name>Apu Linli hike - Wikiloc-1463</name>
        <snippet></snippet>
        <description>
&lt;table&gt;
&lt;tr&gt;&lt;td&gt;Longitude: -71.849424&lt;/td&gt;&lt;/tr&gt;
&lt;tr&gt;&lt;td&gt;Latitude: -13.417297&lt;/td&gt;&lt;/tr&gt;
&lt;tr&gt;&lt;td&gt;Altitude: 10152.867 ft&lt;/td&gt;&lt;/tr&gt;
&lt;tr&gt;&lt;td&gt;Speed: 2.3 mph&lt;/td&gt;&lt;/tr&gt;
&lt;tr&gt;&lt;td&gt;Heading: 97.3&lt;/td&gt;&lt;/tr&gt;
&lt;tr&gt;&lt;td&gt;Time: 2021-02-19T20:41:12Z&lt;/td&gt;&lt;/tr&gt;
&lt;/table&gt;
</description>
        <LookAt>
          <longitude>-71.849424</longitude>
          <latitude>-13.417297</latitude>
          <tilt>66</tilt>
        </LookAt>
        <TimeStamp>
          <when>2021-02-19T20:41:12Z</when>
        </TimeStamp>
        <styleUrl>#track</styleUrl>
        <Point>
          <coordinates>-71.849424,-13.417297,3094.59</coordinates>
        </Point>
      </Placemark>
      <Placemark>
        <name>Apu Linli hike - Wikiloc-1464</name>
        <snippet></snippet>
        <description>
&lt;table&gt;
&lt;tr&gt;&lt;td&gt;Longitude: -71.849373&lt;/td&gt;&lt;/tr&gt;
&lt;tr&gt;&lt;td&gt;Latitude: -13.417330&lt;/td&gt;&lt;/tr&gt;
&lt;tr&gt;&lt;td&gt;Altitude: 10153.307 ft&lt;/td&gt;&lt;/tr&gt;
&lt;tr&gt;&lt;td&gt;Speed: 1.6 mph&lt;/td&gt;&lt;/tr&gt;
&lt;tr&gt;&lt;td&gt;Heading: 123.6&lt;/td&gt;&lt;/tr&gt;
&lt;tr&gt;&lt;td&gt;Time: 2021-02-19T20:41:21Z&lt;/td&gt;&lt;/tr&gt;
&lt;/table&gt;
</description>
        <LookAt>
          <longitude>-71.849373</longitude>
          <latitude>-13.41733</latitude>
          <tilt>66</tilt>
        </LookAt>
        <TimeStamp>
          <when>2021-02-19T20:41:21Z</when>
        </TimeStamp>
        <styleUrl>#track</styleUrl>
        <Point>
          <coordinates>-71.849373,-13.417330,3094.73</coordinates>
        </Point>
      </Placemark>
      <Placemark>
        <name>Apu Linli hike - Wikiloc-1465</name>
        <snippet></snippet>
        <description>
&lt;table&gt;
&lt;tr&gt;&lt;td&gt;Longitude: -71.849367&lt;/td&gt;&lt;/tr&gt;
&lt;tr&gt;&lt;td&gt;Latitude: -13.417377&lt;/td&gt;&lt;/tr&gt;
&lt;tr&gt;&lt;td&gt;Altitude: 10147.274 ft&lt;/td&gt;&lt;/tr&gt;
&lt;tr&gt;&lt;td&gt;Speed: 1.7 mph&lt;/td&gt;&lt;/tr&gt;
&lt;tr&gt;&lt;td&gt;Heading: 172.9&lt;/td&gt;&lt;/tr&gt;
&lt;tr&gt;&lt;td&gt;Time: 2021-02-19T20:41:28Z&lt;/td&gt;&lt;/tr&gt;
&lt;/table&gt;
</description>
        <LookAt>
          <longitude>-71.849367</longitude>
          <latitude>-13.417377</latitude>
          <tilt>66</tilt>
        </LookAt>
        <TimeStamp>
          <when>2021-02-19T20:41:28Z</when>
        </TimeStamp>
        <styleUrl>#track</styleUrl>
        <Point>
          <coordinates>-71.849367,-13.417377,3092.89</coordinates>
        </Point>
      </Placemark>
      <Placemark>
        <name>Apu Linli hike - Wikiloc-1466</name>
        <snippet></snippet>
        <description>
&lt;table&gt;
&lt;tr&gt;&lt;td&gt;Longitude: -71.849387&lt;/td&gt;&lt;/tr&gt;
&lt;tr&gt;&lt;td&gt;Latitude: -13.417420&lt;/td&gt;&lt;/tr&gt;
&lt;tr&gt;&lt;td&gt;Altitude: 10137.195 ft&lt;/td&gt;&lt;/tr&gt;
&lt;tr&gt;&lt;td&gt;Speed: 0.4 mph&lt;/td&gt;&lt;/tr&gt;
&lt;tr&gt;&lt;td&gt;Heading: 204.3&lt;/td&gt;&lt;/tr&gt;
&lt;tr&gt;&lt;td&gt;Time: 2021-02-19T20:42:00Z&lt;/td&gt;&lt;/tr&gt;
&lt;/table&gt;
</description>
        <LookAt>
          <longitude>-71.849387</longitude>
          <latitude>-13.41742</latitude>
          <tilt>66</tilt>
        </LookAt>
        <TimeStamp>
          <when>2021-02-19T20:42:00Z</when>
        </TimeStamp>
        <styleUrl>#track</styleUrl>
        <Point>
          <coordinates>-71.849387,-13.417420,3089.82</coordinates>
        </Point>
      </Placemark>
      <Placemark>
        <name>Apu Linli hike - Wikiloc-1467</name>
        <snippet></snippet>
        <description>
&lt;table&gt;
&lt;tr&gt;&lt;td&gt;Longitude: -71.849428&lt;/td&gt;&lt;/tr&gt;
&lt;tr&gt;&lt;td&gt;Latitude: -13.417443&lt;/td&gt;&lt;/tr&gt;
&lt;tr&gt;&lt;td&gt;Altitude: 10130.932 ft&lt;/td&gt;&lt;/tr&gt;
&lt;tr&gt;&lt;td&gt;Speed: 1.4 mph&lt;/td&gt;&lt;/tr&gt;
&lt;tr&gt;&lt;td&gt;Heading: 240.0&lt;/td&gt;&lt;/tr&gt;
&lt;tr&gt;&lt;td&gt;Time: 2021-02-19T20:42:08Z&lt;/td&gt;&lt;/tr&gt;
&lt;/table&gt;
</description>
        <LookAt>
          <longitude>-71.849428</longitude>
          <latitude>-13.417443</latitude>
          <tilt>66</tilt>
        </LookAt>
        <TimeStamp>
          <when>2021-02-19T20:42:08Z</when>
        </TimeStamp>
        <styleUrl>#track</styleUrl>
        <Point>
          <coordinates>-71.849428,-13.417443,3087.91</coordinates>
        </Point>
      </Placemark>
      <Placemark>
        <name>Apu Linli hike - Wikiloc-1468</name>
        <snippet></snippet>
        <description>
&lt;table&gt;
&lt;tr&gt;&lt;td&gt;Longitude: -71.849476&lt;/td&gt;&lt;/tr&gt;
&lt;tr&gt;&lt;td&gt;Latitude: -13.417429&lt;/td&gt;&lt;/tr&gt;
&lt;tr&gt;&lt;td&gt;Altitude: 10123.583 ft&lt;/td&gt;&lt;/tr&gt;
&lt;tr&gt;&lt;td&gt;Speed: 2.0 mph&lt;/td&gt;&lt;/tr&gt;
&lt;tr&gt;&lt;td&gt;Heading: 286.7&lt;/td&gt;&lt;/tr&gt;
&lt;tr&gt;&lt;td&gt;Time: 2021-02-19T20:42:14Z&lt;/td&gt;&lt;/tr&gt;
&lt;/table&gt;
</description>
        <LookAt>
          <longitude>-71.849476</longitude>
          <latitude>-13.417429</latitude>
          <tilt>66</tilt>
        </LookAt>
        <TimeStamp>
          <when>2021-02-19T20:42:14Z</when>
        </TimeStamp>
        <styleUrl>#track</styleUrl>
        <Point>
          <coordinates>-71.849476,-13.417429,3085.67</coordinates>
        </Point>
      </Placemark>
      <Placemark>
        <name>Apu Linli hike - Wikiloc-1469</name>
        <snippet></snippet>
        <description>
&lt;table&gt;
&lt;tr&gt;&lt;td&gt;Longitude: -71.849533&lt;/td&gt;&lt;/tr&gt;
&lt;tr&gt;&lt;td&gt;Latitude: -13.417419&lt;/td&gt;&lt;/tr&gt;
&lt;tr&gt;&lt;td&gt;Altitude: 10118.530 ft&lt;/td&gt;&lt;/tr&gt;
&lt;tr&gt;&lt;td&gt;Speed: 2.3 mph&lt;/td&gt;&lt;/tr&gt;
&lt;tr&gt;&lt;td&gt;Heading: 280.2&lt;/td&gt;&lt;/tr&gt;
&lt;tr&gt;&lt;td&gt;Time: 2021-02-19T20:42:20Z&lt;/td&gt;&lt;/tr&gt;
&lt;/table&gt;
</description>
        <LookAt>
          <longitude>-71.849533</longitude>
          <latitude>-13.417419</latitude>
          <tilt>66</tilt>
        </LookAt>
        <TimeStamp>
          <when>2021-02-19T20:42:20Z</when>
        </TimeStamp>
        <styleUrl>#track</styleUrl>
        <Point>
          <coordinates>-71.849533,-13.417419,3084.13</coordinates>
        </Point>
      </Placemark>
      <Placemark>
        <name>Apu Linli hike - Wikiloc-1470</name>
        <snippet></snippet>
        <description>
&lt;table&gt;
&lt;tr&gt;&lt;td&gt;Longitude: -71.849587&lt;/td&gt;&lt;/tr&gt;
&lt;tr&gt;&lt;td&gt;Latitude: -13.417451&lt;/td&gt;&lt;/tr&gt;
&lt;tr&gt;&lt;td&gt;Altitude: 10114.281 ft&lt;/td&gt;&lt;/tr&gt;
&lt;tr&gt;&lt;td&gt;Speed: 2.6 mph&lt;/td&gt;&lt;/tr&gt;
&lt;tr&gt;&lt;td&gt;Heading: 238.6&lt;/td&gt;&lt;/tr&gt;
&lt;tr&gt;&lt;td&gt;Time: 2021-02-19T20:42:26Z&lt;/td&gt;&lt;/tr&gt;
&lt;/table&gt;
</description>
        <LookAt>
          <longitude>-71.849587</longitude>
          <latitude>-13.417451</latitude>
          <tilt>66</tilt>
        </LookAt>
        <TimeStamp>
          <when>2021-02-19T20:42:26Z</when>
        </TimeStamp>
        <styleUrl>#track</styleUrl>
        <Point>
          <coordinates>-71.849587,-13.417451,3082.83</coordinates>
        </Point>
      </Placemark>
      <Placemark>
        <name>Apu Linli hike - Wikiloc-1471</name>
        <snippet></snippet>
        <description>
&lt;table&gt;
&lt;tr&gt;&lt;td&gt;Longitude: -71.849634&lt;/td&gt;&lt;/tr&gt;
&lt;tr&gt;&lt;td&gt;Latitude: -13.417442&lt;/td&gt;&lt;/tr&gt;
&lt;tr&gt;&lt;td&gt;Altitude: 10108.835 ft&lt;/td&gt;&lt;/tr&gt;
&lt;tr&gt;&lt;td&gt;Speed: 1.9 mph&lt;/td&gt;&lt;/tr&gt;
&lt;tr&gt;&lt;td&gt;Heading: 281.1&lt;/td&gt;&lt;/tr&gt;
&lt;tr&gt;&lt;td&gt;Time: 2021-02-19T20:42:32Z&lt;/td&gt;&lt;/tr&gt;
&lt;/table&gt;
</description>
        <LookAt>
          <longitude>-71.849634</longitude>
          <latitude>-13.417442</latitude>
          <tilt>66</tilt>
        </LookAt>
        <TimeStamp>
          <when>2021-02-19T20:42:32Z</when>
        </TimeStamp>
        <styleUrl>#track</styleUrl>
        <Point>
          <coordinates>-71.849634,-13.417442,3081.17</coordinates>
        </Point>
      </Placemark>
      <Placemark>
        <name>Apu Linli hike - Wikiloc-1472</name>
        <snippet></snippet>
        <description>
&lt;table&gt;
&lt;tr&gt;&lt;td&gt;Longitude: -71.849681&lt;/td&gt;&lt;/tr&gt;
&lt;tr&gt;&lt;td&gt;Latitude: -13.417439&lt;/td&gt;&lt;/tr&gt;
&lt;tr&gt;&lt;td&gt;Altitude: 10100.942 ft&lt;/td&gt;&lt;/tr&gt;
&lt;tr&gt;&lt;td&gt;Speed: 1.9 mph&lt;/td&gt;&lt;/tr&gt;
&lt;tr&gt;&lt;td&gt;Heading: 273.8&lt;/td&gt;&lt;/tr&gt;
&lt;tr&gt;&lt;td&gt;Time: 2021-02-19T20:42:38Z&lt;/td&gt;&lt;/tr&gt;
&lt;/table&gt;
</description>
        <LookAt>
          <longitude>-71.849681</longitude>
          <latitude>-13.417439</latitude>
          <tilt>66</tilt>
        </LookAt>
        <TimeStamp>
          <when>2021-02-19T20:42:38Z</when>
        </TimeStamp>
        <styleUrl>#track</styleUrl>
        <Point>
          <coordinates>-71.849681,-13.417439,3078.77</coordinates>
        </Point>
      </Placemark>
      <Placemark>
        <name>Apu Linli hike - Wikiloc-1473</name>
        <snippet></snippet>
        <description>
&lt;table&gt;
&lt;tr&gt;&lt;td&gt;Longitude: -71.849741&lt;/td&gt;&lt;/tr&gt;
&lt;tr&gt;&lt;td&gt;Latitude: -13.417450&lt;/td&gt;&lt;/tr&gt;
&lt;tr&gt;&lt;td&gt;Altitude: 10093.317 ft&lt;/td&gt;&lt;/tr&gt;
&lt;tr&gt;&lt;td&gt;Speed: 2.5 mph&lt;/td&gt;&lt;/tr&gt;
&lt;tr&gt;&lt;td&gt;Heading: 259.3&lt;/td&gt;&lt;/tr&gt;
&lt;tr&gt;&lt;td&gt;Time: 2021-02-19T20:42:44Z&lt;/td&gt;&lt;/tr&gt;
&lt;/table&gt;
</description>
        <LookAt>
          <longitude>-71.849741</longitude>
          <latitude>-13.41745</latitude>
          <tilt>66</tilt>
        </LookAt>
        <TimeStamp>
          <when>2021-02-19T20:42:44Z</when>
        </TimeStamp>
        <styleUrl>#track</styleUrl>
        <Point>
          <coordinates>-71.849741,-13.417450,3076.44</coordinates>
        </Point>
      </Placemark>
      <Placemark>
        <name>Apu Linli hike - Wikiloc-1474</name>
        <snippet></snippet>
        <description>
&lt;table&gt;
&lt;tr&gt;&lt;td&gt;Longitude: -71.849795&lt;/td&gt;&lt;/tr&gt;
&lt;tr&gt;&lt;td&gt;Latitude: -13.417455&lt;/td&gt;&lt;/tr&gt;
&lt;tr&gt;&lt;td&gt;Altitude: 10084.908 ft&lt;/td&gt;&lt;/tr&gt;
&lt;tr&gt;&lt;td&gt;Speed: 2.2 mph&lt;/td&gt;&lt;/tr&gt;
&lt;tr&gt;&lt;td&gt;Heading: 264.6&lt;/td&gt;&lt;/tr&gt;
&lt;tr&gt;&lt;td&gt;Time: 2021-02-19T20:42:50Z&lt;/td&gt;&lt;/tr&gt;
&lt;/table&gt;
</description>
        <LookAt>
          <longitude>-71.849795</longitude>
          <latitude>-13.417455</latitude>
          <tilt>66</tilt>
        </LookAt>
        <TimeStamp>
          <when>2021-02-19T20:42:50Z</when>
        </TimeStamp>
        <styleUrl>#track</styleUrl>
        <Point>
          <coordinates>-71.849795,-13.417455,3073.88</coordinates>
        </Point>
      </Placemark>
      <Placemark>
        <name>Apu Linli hike - Wikiloc-1475</name>
        <snippet></snippet>
        <description>
&lt;table&gt;
&lt;tr&gt;&lt;td&gt;Longitude: -71.849844&lt;/td&gt;&lt;/tr&gt;
&lt;tr&gt;&lt;td&gt;Latitude: -13.417457&lt;/td&gt;&lt;/tr&gt;
&lt;tr&gt;&lt;td&gt;Altitude: 10077.461 ft&lt;/td&gt;&lt;/tr&gt;
&lt;tr&gt;&lt;td&gt;Speed: 3.0 mph&lt;/td&gt;&lt;/tr&gt;
&lt;tr&gt;&lt;td&gt;Heading: 267.6&lt;/td&gt;&lt;/tr&gt;
&lt;tr&gt;&lt;td&gt;Time: 2021-02-19T20:42:54Z&lt;/td&gt;&lt;/tr&gt;
&lt;/table&gt;
</description>
        <LookAt>
          <longitude>-71.849844</longitude>
          <latitude>-13.417457</latitude>
          <tilt>66</tilt>
        </LookAt>
        <TimeStamp>
          <when>2021-02-19T20:42:54Z</when>
        </TimeStamp>
        <styleUrl>#track</styleUrl>
        <Point>
          <coordinates>-71.849844,-13.417457,3071.61</coordinates>
        </Point>
      </Placemark>
      <Placemark>
        <name>Apu Linli hike - Wikiloc-1476</name>
        <snippet></snippet>
        <description>
&lt;table&gt;
&lt;tr&gt;&lt;td&gt;Longitude: -71.849904&lt;/td&gt;&lt;/tr&gt;
&lt;tr&gt;&lt;td&gt;Latitude: -13.417468&lt;/td&gt;&lt;/tr&gt;
&lt;tr&gt;&lt;td&gt;Altitude: 10069.925 ft&lt;/td&gt;&lt;/tr&gt;
&lt;tr&gt;&lt;td&gt;Speed: 2.5 mph&lt;/td&gt;&lt;/tr&gt;
&lt;tr&gt;&lt;td&gt;Heading: 259.3&lt;/td&gt;&lt;/tr&gt;
&lt;tr&gt;&lt;td&gt;Time: 2021-02-19T20:43:00Z&lt;/td&gt;&lt;/tr&gt;
&lt;/table&gt;
</description>
        <LookAt>
          <longitude>-71.849904</longitude>
          <latitude>-13.417468</latitude>
          <tilt>66</tilt>
        </LookAt>
        <TimeStamp>
          <when>2021-02-19T20:43:00Z</when>
        </TimeStamp>
        <styleUrl>#track</styleUrl>
        <Point>
          <coordinates>-71.849904,-13.417468,3069.31</coordinates>
        </Point>
      </Placemark>
      <Placemark>
        <name>Apu Linli hike - Wikiloc-1477</name>
        <snippet></snippet>
        <description>
&lt;table&gt;
&lt;tr&gt;&lt;td&gt;Longitude: -71.849967&lt;/td&gt;&lt;/tr&gt;
&lt;tr&gt;&lt;td&gt;Latitude: -13.417490&lt;/td&gt;&lt;/tr&gt;
&lt;tr&gt;&lt;td&gt;Altitude: 10065.102 ft&lt;/td&gt;&lt;/tr&gt;
&lt;tr&gt;&lt;td&gt;Speed: 2.7 mph&lt;/td&gt;&lt;/tr&gt;
&lt;tr&gt;&lt;td&gt;Heading: 250.3&lt;/td&gt;&lt;/tr&gt;
&lt;tr&gt;&lt;td&gt;Time: 2021-02-19T20:43:06Z&lt;/td&gt;&lt;/tr&gt;
&lt;/table&gt;
</description>
        <LookAt>
          <longitude>-71.849967</longitude>
          <latitude>-13.41749</latitude>
          <tilt>66</tilt>
        </LookAt>
        <TimeStamp>
          <when>2021-02-19T20:43:06Z</when>
        </TimeStamp>
        <styleUrl>#track</styleUrl>
        <Point>
          <coordinates>-71.849967,-13.417490,3067.84</coordinates>
        </Point>
      </Placemark>
      <Placemark>
        <name>Apu Linli hike - Wikiloc-1478</name>
        <snippet></snippet>
        <description>
&lt;table&gt;
&lt;tr&gt;&lt;td&gt;Longitude: -71.850027&lt;/td&gt;&lt;/tr&gt;
&lt;tr&gt;&lt;td&gt;Latitude: -13.417503&lt;/td&gt;&lt;/tr&gt;
&lt;tr&gt;&lt;td&gt;Altitude: 10060.390 ft&lt;/td&gt;&lt;/tr&gt;
&lt;tr&gt;&lt;td&gt;Speed: 2.5 mph&lt;/td&gt;&lt;/tr&gt;
&lt;tr&gt;&lt;td&gt;Heading: 257.4&lt;/td&gt;&lt;/tr&gt;
&lt;tr&gt;&lt;td&gt;Time: 2021-02-19T20:43:12Z&lt;/td&gt;&lt;/tr&gt;
&lt;/table&gt;
</description>
        <LookAt>
          <longitude>-71.850027</longitude>
          <latitude>-13.417503</latitude>
          <tilt>66</tilt>
        </LookAt>
        <TimeStamp>
          <when>2021-02-19T20:43:12Z</when>
        </TimeStamp>
        <styleUrl>#track</styleUrl>
        <Point>
          <coordinates>-71.850027,-13.417503,3066.41</coordinates>
        </Point>
      </Placemark>
      <Placemark>
        <name>Apu Linli hike - Wikiloc-1479</name>
        <snippet></snippet>
        <description>
&lt;table&gt;
&lt;tr&gt;&lt;td&gt;Longitude: -71.850074&lt;/td&gt;&lt;/tr&gt;
&lt;tr&gt;&lt;td&gt;Latitude: -13.417518&lt;/td&gt;&lt;/tr&gt;
&lt;tr&gt;&lt;td&gt;Altitude: 10053.832 ft&lt;/td&gt;&lt;/tr&gt;
&lt;tr&gt;&lt;td&gt;Speed: 2.0 mph&lt;/td&gt;&lt;/tr&gt;
&lt;tr&gt;&lt;td&gt;Heading: 251.8&lt;/td&gt;&lt;/tr&gt;
&lt;tr&gt;&lt;td&gt;Time: 2021-02-19T20:43:18Z&lt;/td&gt;&lt;/tr&gt;
&lt;/table&gt;
</description>
        <LookAt>
          <longitude>-71.850074</longitude>
          <latitude>-13.417518</latitude>
          <tilt>66</tilt>
        </LookAt>
        <TimeStamp>
          <when>2021-02-19T20:43:18Z</when>
        </TimeStamp>
        <styleUrl>#track</styleUrl>
        <Point>
          <coordinates>-71.850074,-13.417518,3064.41</coordinates>
        </Point>
      </Placemark>
      <Placemark>
        <name>Apu Linli hike - Wikiloc-1480</name>
        <snippet></snippet>
        <description>
&lt;table&gt;
&lt;tr&gt;&lt;td&gt;Longitude: -71.850033&lt;/td&gt;&lt;/tr&gt;
&lt;tr&gt;&lt;td&gt;Latitude: -13.417543&lt;/td&gt;&lt;/tr&gt;
&lt;tr&gt;&lt;td&gt;Altitude: 10048.612 ft&lt;/td&gt;&lt;/tr&gt;
&lt;tr&gt;&lt;td&gt;Speed: 2.0 mph&lt;/td&gt;&lt;/tr&gt;
&lt;tr&gt;&lt;td&gt;Heading: 122.1&lt;/td&gt;&lt;/tr&gt;
&lt;tr&gt;&lt;td&gt;Time: 2021-02-19T20:43:24Z&lt;/td&gt;&lt;/tr&gt;
&lt;/table&gt;
</description>
        <LookAt>
          <longitude>-71.850033</longitude>
          <latitude>-13.417543</latitude>
          <tilt>66</tilt>
        </LookAt>
        <TimeStamp>
          <when>2021-02-19T20:43:24Z</when>
        </TimeStamp>
        <styleUrl>#track</styleUrl>
        <Point>
          <coordinates>-71.850033,-13.417543,3062.82</coordinates>
        </Point>
      </Placemark>
      <Placemark>
        <name>Apu Linli hike - Wikiloc-1481</name>
        <snippet></snippet>
        <description>
&lt;table&gt;
&lt;tr&gt;&lt;td&gt;Longitude: -71.849999&lt;/td&gt;&lt;/tr&gt;
&lt;tr&gt;&lt;td&gt;Latitude: -13.417592&lt;/td&gt;&lt;/tr&gt;
&lt;tr&gt;&lt;td&gt;Altitude: 10046.316 ft&lt;/td&gt;&lt;/tr&gt;
&lt;tr&gt;&lt;td&gt;Speed: 2.5 mph&lt;/td&gt;&lt;/tr&gt;
&lt;tr&gt;&lt;td&gt;Heading: 146.0&lt;/td&gt;&lt;/tr&gt;
&lt;tr&gt;&lt;td&gt;Time: 2021-02-19T20:43:30Z&lt;/td&gt;&lt;/tr&gt;
&lt;/table&gt;
</description>
        <LookAt>
          <longitude>-71.849999</longitude>
          <latitude>-13.417592</latitude>
          <tilt>66</tilt>
        </LookAt>
        <TimeStamp>
          <when>2021-02-19T20:43:30Z</when>
        </TimeStamp>
        <styleUrl>#track</styleUrl>
        <Point>
          <coordinates>-71.849999,-13.417592,3062.12</coordinates>
        </Point>
      </Placemark>
      <Placemark>
        <name>Apu Linli hike - Wikiloc-1482</name>
        <snippet></snippet>
        <description>
&lt;table&gt;
&lt;tr&gt;&lt;td&gt;Longitude: -71.849942&lt;/td&gt;&lt;/tr&gt;
&lt;tr&gt;&lt;td&gt;Latitude: -13.417608&lt;/td&gt;&lt;/tr&gt;
&lt;tr&gt;&lt;td&gt;Altitude: 10042.133 ft&lt;/td&gt;&lt;/tr&gt;
&lt;tr&gt;&lt;td&gt;Speed: 2.4 mph&lt;/td&gt;&lt;/tr&gt;
&lt;tr&gt;&lt;td&gt;Heading: 106.1&lt;/td&gt;&lt;/tr&gt;
&lt;tr&gt;&lt;td&gt;Time: 2021-02-19T20:43:36Z&lt;/td&gt;&lt;/tr&gt;
&lt;/table&gt;
</description>
        <LookAt>
          <longitude>-71.849942</longitude>
          <latitude>-13.417608</latitude>
          <tilt>66</tilt>
        </LookAt>
        <TimeStamp>
          <when>2021-02-19T20:43:36Z</when>
        </TimeStamp>
        <styleUrl>#track</styleUrl>
        <Point>
          <coordinates>-71.849942,-13.417608,3060.84</coordinates>
        </Point>
      </Placemark>
      <Placemark>
        <name>Apu Linli hike - Wikiloc-1483</name>
        <snippet></snippet>
        <description>
&lt;table&gt;
&lt;tr&gt;&lt;td&gt;Longitude: -71.849871&lt;/td&gt;&lt;/tr&gt;
&lt;tr&gt;&lt;td&gt;Latitude: -13.417618&lt;/td&gt;&lt;/tr&gt;
&lt;tr&gt;&lt;td&gt;Altitude: 10039.836 ft&lt;/td&gt;&lt;/tr&gt;
&lt;tr&gt;&lt;td&gt;Speed: 2.9 mph&lt;/td&gt;&lt;/tr&gt;
&lt;tr&gt;&lt;td&gt;Heading: 98.2&lt;/td&gt;&lt;/tr&gt;
&lt;tr&gt;&lt;td&gt;Time: 2021-02-19T20:43:42Z&lt;/td&gt;&lt;/tr&gt;
&lt;/table&gt;
</description>
        <LookAt>
          <longitude>-71.849871</longitude>
          <latitude>-13.417618</latitude>
          <tilt>66</tilt>
        </LookAt>
        <TimeStamp>
          <when>2021-02-19T20:43:42Z</when>
        </TimeStamp>
        <styleUrl>#track</styleUrl>
        <Point>
          <coordinates>-71.849871,-13.417618,3060.14</coordinates>
        </Point>
      </Placemark>
      <Placemark>
        <name>Apu Linli hike - Wikiloc-1484</name>
        <snippet></snippet>
        <description>
&lt;table&gt;
&lt;tr&gt;&lt;td&gt;Longitude: -71.849834&lt;/td&gt;&lt;/tr&gt;
&lt;tr&gt;&lt;td&gt;Latitude: -13.417648&lt;/td&gt;&lt;/tr&gt;
&lt;tr&gt;&lt;td&gt;Altitude: 10035.715 ft&lt;/td&gt;&lt;/tr&gt;
&lt;tr&gt;&lt;td&gt;Speed: 2.9 mph&lt;/td&gt;&lt;/tr&gt;
&lt;tr&gt;&lt;td&gt;Heading: 129.8&lt;/td&gt;&lt;/tr&gt;
&lt;tr&gt;&lt;td&gt;Time: 2021-02-19T20:43:46Z&lt;/td&gt;&lt;/tr&gt;
&lt;/table&gt;
</description>
        <LookAt>
          <longitude>-71.849834</longitude>
          <latitude>-13.417648</latitude>
          <tilt>66</tilt>
        </LookAt>
        <TimeStamp>
          <when>2021-02-19T20:43:46Z</when>
        </TimeStamp>
        <styleUrl>#track</styleUrl>
        <Point>
          <coordinates>-71.849834,-13.417648,3058.89</coordinates>
        </Point>
      </Placemark>
      <Placemark>
        <name>Apu Linli hike - Wikiloc-1485</name>
        <snippet></snippet>
        <description>
&lt;table&gt;
&lt;tr&gt;&lt;td&gt;Longitude: -71.849813&lt;/td&gt;&lt;/tr&gt;
&lt;tr&gt;&lt;td&gt;Latitude: -13.417701&lt;/td&gt;&lt;/tr&gt;
&lt;tr&gt;&lt;td&gt;Altitude: 10028.976 ft&lt;/td&gt;&lt;/tr&gt;
&lt;tr&gt;&lt;td&gt;Speed: 1.8 mph&lt;/td&gt;&lt;/tr&gt;
&lt;tr&gt;&lt;td&gt;Heading: 158.9&lt;/td&gt;&lt;/tr&gt;
&lt;tr&gt;&lt;td&gt;Time: 2021-02-19T20:43:54Z&lt;/td&gt;&lt;/tr&gt;
&lt;/table&gt;
</description>
        <LookAt>
          <longitude>-71.849813</longitude>
          <latitude>-13.417701</latitude>
          <tilt>66</tilt>
        </LookAt>
        <TimeStamp>
          <when>2021-02-19T20:43:54Z</when>
        </TimeStamp>
        <styleUrl>#track</styleUrl>
        <Point>
          <coordinates>-71.849813,-13.417701,3056.83</coordinates>
        </Point>
      </Placemark>
      <Placemark>
        <name>Apu Linli hike - Wikiloc-1486</name>
        <snippet></snippet>
        <description>
&lt;table&gt;
&lt;tr&gt;&lt;td&gt;Longitude: -71.849785&lt;/td&gt;&lt;/tr&gt;
&lt;tr&gt;&lt;td&gt;Latitude: -13.417751&lt;/td&gt;&lt;/tr&gt;
&lt;tr&gt;&lt;td&gt;Altitude: 10021.913 ft&lt;/td&gt;&lt;/tr&gt;
&lt;tr&gt;&lt;td&gt;Speed: 2.4 mph&lt;/td&gt;&lt;/tr&gt;
&lt;tr&gt;&lt;td&gt;Heading: 151.4&lt;/td&gt;&lt;/tr&gt;
&lt;tr&gt;&lt;td&gt;Time: 2021-02-19T20:44:00Z&lt;/td&gt;&lt;/tr&gt;
&lt;/table&gt;
</description>
        <LookAt>
          <longitude>-71.849785</longitude>
          <latitude>-13.417751</latitude>
          <tilt>66</tilt>
        </LookAt>
        <TimeStamp>
          <when>2021-02-19T20:44:00Z</when>
        </TimeStamp>
        <styleUrl>#track</styleUrl>
        <Point>
          <coordinates>-71.849785,-13.417751,3054.68</coordinates>
        </Point>
      </Placemark>
      <Placemark>
        <name>Apu Linli hike - Wikiloc-1487</name>
        <snippet></snippet>
        <description>
&lt;table&gt;
&lt;tr&gt;&lt;td&gt;Longitude: -71.849830&lt;/td&gt;&lt;/tr&gt;
&lt;tr&gt;&lt;td&gt;Latitude: -13.417773&lt;/td&gt;&lt;/tr&gt;
&lt;tr&gt;&lt;td&gt;Altitude: 10020.797 ft&lt;/td&gt;&lt;/tr&gt;
&lt;tr&gt;&lt;td&gt;Speed: 1.0 mph&lt;/td&gt;&lt;/tr&gt;
&lt;tr&gt;&lt;td&gt;Heading: 243.3&lt;/td&gt;&lt;/tr&gt;
&lt;tr&gt;&lt;td&gt;Time: 2021-02-19T20:44:12Z&lt;/td&gt;&lt;/tr&gt;
&lt;/table&gt;
</description>
        <LookAt>
          <longitude>-71.84983</longitude>
          <latitude>-13.417773</latitude>
          <tilt>66</tilt>
        </LookAt>
        <TimeStamp>
          <when>2021-02-19T20:44:12Z</when>
        </TimeStamp>
        <styleUrl>#track</styleUrl>
        <Point>
          <coordinates>-71.849830,-13.417773,3054.34</coordinates>
        </Point>
      </Placemark>
      <Placemark>
        <name>Apu Linli hike - Wikiloc-1488</name>
        <snippet></snippet>
        <description>
&lt;table&gt;
&lt;tr&gt;&lt;td&gt;Longitude: -71.849820&lt;/td&gt;&lt;/tr&gt;
&lt;tr&gt;&lt;td&gt;Latitude: -13.417826&lt;/td&gt;&lt;/tr&gt;
&lt;tr&gt;&lt;td&gt;Altitude: 10008.340 ft&lt;/td&gt;&lt;/tr&gt;
&lt;tr&gt;&lt;td&gt;Speed: 1.3 mph&lt;/td&gt;&lt;/tr&gt;
&lt;tr&gt;&lt;td&gt;Heading: 169.6&lt;/td&gt;&lt;/tr&gt;
&lt;tr&gt;&lt;td&gt;Time: 2021-02-19T20:44:22Z&lt;/td&gt;&lt;/tr&gt;
&lt;/table&gt;
</description>
        <LookAt>
          <longitude>-71.84982</longitude>
          <latitude>-13.417826</latitude>
          <tilt>66</tilt>
        </LookAt>
        <TimeStamp>
          <when>2021-02-19T20:44:22Z</when>
        </TimeStamp>
        <styleUrl>#track</styleUrl>
        <Point>
          <coordinates>-71.849820,-13.417826,3050.54</coordinates>
        </Point>
      </Placemark>
      <Placemark>
        <name>Apu Linli hike - Wikiloc-1489</name>
        <snippet></snippet>
        <description>
&lt;table&gt;
&lt;tr&gt;&lt;td&gt;Longitude: -71.849787&lt;/td&gt;&lt;/tr&gt;
&lt;tr&gt;&lt;td&gt;Latitude: -13.417862&lt;/td&gt;&lt;/tr&gt;
&lt;tr&gt;&lt;td&gt;Altitude: 9996.791 ft&lt;/td&gt;&lt;/tr&gt;
&lt;tr&gt;&lt;td&gt;Speed: 2.4 mph&lt;/td&gt;&lt;/tr&gt;
&lt;tr&gt;&lt;td&gt;Heading: 138.3&lt;/td&gt;&lt;/tr&gt;
&lt;tr&gt;&lt;td&gt;Time: 2021-02-19T20:44:27Z&lt;/td&gt;&lt;/tr&gt;
&lt;/table&gt;
</description>
        <LookAt>
          <longitude>-71.849787</longitude>
          <latitude>-13.417862</latitude>
          <tilt>66</tilt>
        </LookAt>
        <TimeStamp>
          <when>2021-02-19T20:44:27Z</when>
        </TimeStamp>
        <styleUrl>#track</styleUrl>
        <Point>
          <coordinates>-71.849787,-13.417862,3047.02</coordinates>
        </Point>
      </Placemark>
      <Placemark>
        <name>Apu Linli hike - Wikiloc-1490</name>
        <snippet></snippet>
        <description>
&lt;table&gt;
&lt;tr&gt;&lt;td&gt;Longitude: -71.849807&lt;/td&gt;&lt;/tr&gt;
&lt;tr&gt;&lt;td&gt;Latitude: -13.417904&lt;/td&gt;&lt;/tr&gt;
&lt;tr&gt;&lt;td&gt;Altitude: 9987.251 ft&lt;/td&gt;&lt;/tr&gt;
&lt;tr&gt;&lt;td&gt;Speed: 1.9 mph&lt;/td&gt;&lt;/tr&gt;
&lt;tr&gt;&lt;td&gt;Heading: 204.9&lt;/td&gt;&lt;/tr&gt;
&lt;tr&gt;&lt;td&gt;Time: 2021-02-19T20:44:33Z&lt;/td&gt;&lt;/tr&gt;
&lt;/table&gt;
</description>
        <LookAt>
          <longitude>-71.849807</longitude>
          <latitude>-13.417904</latitude>
          <tilt>66</tilt>
        </LookAt>
        <TimeStamp>
          <when>2021-02-19T20:44:33Z</when>
        </TimeStamp>
        <styleUrl>#track</styleUrl>
        <Point>
          <coordinates>-71.849807,-13.417904,3044.11</coordinates>
        </Point>
      </Placemark>
      <Placemark>
        <name>Apu Linli hike - Wikiloc-1491</name>
        <snippet></snippet>
        <description>
&lt;table&gt;
&lt;tr&gt;&lt;td&gt;Longitude: -71.849804&lt;/td&gt;&lt;/tr&gt;
&lt;tr&gt;&lt;td&gt;Latitude: -13.417957&lt;/td&gt;&lt;/tr&gt;
&lt;tr&gt;&lt;td&gt;Altitude: 9979.029 ft&lt;/td&gt;&lt;/tr&gt;
&lt;tr&gt;&lt;td&gt;Speed: 2.6 mph&lt;/td&gt;&lt;/tr&gt;
&lt;tr&gt;&lt;td&gt;Heading: 176.8&lt;/td&gt;&lt;/tr&gt;
&lt;tr&gt;&lt;td&gt;Time: 2021-02-19T20:44:38Z&lt;/td&gt;&lt;/tr&gt;
&lt;/table&gt;
</description>
        <LookAt>
          <longitude>-71.849804</longitude>
          <latitude>-13.417957</latitude>
          <tilt>66</tilt>
        </LookAt>
        <TimeStamp>
          <when>2021-02-19T20:44:38Z</when>
        </TimeStamp>
        <styleUrl>#track</styleUrl>
        <Point>
          <coordinates>-71.849804,-13.417957,3041.61</coordinates>
        </Point>
      </Placemark>
      <Placemark>
        <name>Apu Linli hike - Wikiloc-1492</name>
        <snippet></snippet>
        <description>
&lt;table&gt;
&lt;tr&gt;&lt;td&gt;Longitude: -71.849775&lt;/td&gt;&lt;/tr&gt;
&lt;tr&gt;&lt;td&gt;Latitude: -13.418003&lt;/td&gt;&lt;/tr&gt;
&lt;tr&gt;&lt;td&gt;Altitude: 9971.588 ft&lt;/td&gt;&lt;/tr&gt;
&lt;tr&gt;&lt;td&gt;Speed: 2.7 mph&lt;/td&gt;&lt;/tr&gt;
&lt;tr&gt;&lt;td&gt;Heading: 148.5&lt;/td&gt;&lt;/tr&gt;
&lt;tr&gt;&lt;td&gt;Time: 2021-02-19T20:44:43Z&lt;/td&gt;&lt;/tr&gt;
&lt;/table&gt;
</description>
        <LookAt>
          <longitude>-71.849775</longitude>
          <latitude>-13.418003</latitude>
          <tilt>66</tilt>
        </LookAt>
        <TimeStamp>
          <when>2021-02-19T20:44:43Z</when>
        </TimeStamp>
        <styleUrl>#track</styleUrl>
        <Point>
          <coordinates>-71.849775,-13.418003,3039.34</coordinates>
        </Point>
      </Placemark>
      <Placemark>
        <name>Apu Linli hike - Wikiloc-1493</name>
        <snippet></snippet>
        <description>
&lt;table&gt;
&lt;tr&gt;&lt;td&gt;Longitude: -71.849727&lt;/td&gt;&lt;/tr&gt;
&lt;tr&gt;&lt;td&gt;Latitude: -13.418031&lt;/td&gt;&lt;/tr&gt;
&lt;tr&gt;&lt;td&gt;Altitude: 9967.126 ft&lt;/td&gt;&lt;/tr&gt;
&lt;tr&gt;&lt;td&gt;Speed: 3.4 mph&lt;/td&gt;&lt;/tr&gt;
&lt;tr&gt;&lt;td&gt;Heading: 121.0&lt;/td&gt;&lt;/tr&gt;
&lt;tr&gt;&lt;td&gt;Time: 2021-02-19T20:44:47Z&lt;/td&gt;&lt;/tr&gt;
&lt;/table&gt;
</description>
        <LookAt>
          <longitude>-71.849727</longitude>
          <latitude>-13.418031</latitude>
          <tilt>66</tilt>
        </LookAt>
        <TimeStamp>
          <when>2021-02-19T20:44:47Z</when>
        </TimeStamp>
        <styleUrl>#track</styleUrl>
        <Point>
          <coordinates>-71.849727,-13.418031,3037.98</coordinates>
        </Point>
      </Placemark>
      <Placemark>
        <name>Apu Linli hike - Wikiloc-1494</name>
        <snippet></snippet>
        <description>
&lt;table&gt;
&lt;tr&gt;&lt;td&gt;Longitude: -71.849682&lt;/td&gt;&lt;/tr&gt;
&lt;tr&gt;&lt;td&gt;Latitude: -13.418013&lt;/td&gt;&lt;/tr&gt;
&lt;tr&gt;&lt;td&gt;Altitude: 9961.007 ft&lt;/td&gt;&lt;/tr&gt;
&lt;tr&gt;&lt;td&gt;Speed: 2.4 mph&lt;/td&gt;&lt;/tr&gt;
&lt;tr&gt;&lt;td&gt;Heading: 67.6&lt;/td&gt;&lt;/tr&gt;
&lt;tr&gt;&lt;td&gt;Time: 2021-02-19T20:44:52Z&lt;/td&gt;&lt;/tr&gt;
&lt;/table&gt;
</description>
        <LookAt>
          <longitude>-71.849682</longitude>
          <latitude>-13.418013</latitude>
          <tilt>66</tilt>
        </LookAt>
        <TimeStamp>
          <when>2021-02-19T20:44:52Z</when>
        </TimeStamp>
        <styleUrl>#track</styleUrl>
        <Point>
          <coordinates>-71.849682,-13.418013,3036.11</coordinates>
        </Point>
      </Placemark>
      <Placemark>
        <name>Apu Linli hike - Wikiloc-1495</name>
        <snippet></snippet>
        <description>
&lt;table&gt;
&lt;tr&gt;&lt;td&gt;Longitude: -71.849646&lt;/td&gt;&lt;/tr&gt;
&lt;tr&gt;&lt;td&gt;Latitude: -13.418051&lt;/td&gt;&lt;/tr&gt;
&lt;tr&gt;&lt;td&gt;Altitude: 9959.465 ft&lt;/td&gt;&lt;/tr&gt;
&lt;tr&gt;&lt;td&gt;Speed: 1.4 mph&lt;/td&gt;&lt;/tr&gt;
&lt;tr&gt;&lt;td&gt;Heading: 137.3&lt;/td&gt;&lt;/tr&gt;
&lt;tr&gt;&lt;td&gt;Time: 2021-02-19T20:45:01Z&lt;/td&gt;&lt;/tr&gt;
&lt;/table&gt;
</description>
        <LookAt>
          <longitude>-71.849646</longitude>
          <latitude>-13.418051</latitude>
          <tilt>66</tilt>
        </LookAt>
        <TimeStamp>
          <when>2021-02-19T20:45:01Z</when>
        </TimeStamp>
        <styleUrl>#track</styleUrl>
        <Point>
          <coordinates>-71.849646,-13.418051,3035.64</coordinates>
        </Point>
      </Placemark>
      <Placemark>
        <name>Apu Linli hike - Wikiloc-1496</name>
        <snippet></snippet>
        <description>
&lt;table&gt;
&lt;tr&gt;&lt;td&gt;Longitude: -71.849636&lt;/td&gt;&lt;/tr&gt;
&lt;tr&gt;&lt;td&gt;Latitude: -13.418096&lt;/td&gt;&lt;/tr&gt;
&lt;tr&gt;&lt;td&gt;Altitude: 9956.493 ft&lt;/td&gt;&lt;/tr&gt;
&lt;tr&gt;&lt;td&gt;Speed: 1.9 mph&lt;/td&gt;&lt;/tr&gt;
&lt;tr&gt;&lt;td&gt;Heading: 167.8&lt;/td&gt;&lt;/tr&gt;
&lt;tr&gt;&lt;td&gt;Time: 2021-02-19T20:45:07Z&lt;/td&gt;&lt;/tr&gt;
&lt;/table&gt;
</description>
        <LookAt>
          <longitude>-71.849636</longitude>
          <latitude>-13.418096</latitude>
          <tilt>66</tilt>
        </LookAt>
        <TimeStamp>
          <when>2021-02-19T20:45:07Z</when>
        </TimeStamp>
        <styleUrl>#track</styleUrl>
        <Point>
          <coordinates>-71.849636,-13.418096,3034.74</coordinates>
        </Point>
      </Placemark>
      <Placemark>
        <name>Apu Linli hike - Wikiloc-1497</name>
        <snippet></snippet>
        <description>
&lt;table&gt;
&lt;tr&gt;&lt;td&gt;Longitude: -71.849640&lt;/td&gt;&lt;/tr&gt;
&lt;tr&gt;&lt;td&gt;Latitude: -13.418146&lt;/td&gt;&lt;/tr&gt;
&lt;tr&gt;&lt;td&gt;Altitude: 9953.625 ft&lt;/td&gt;&lt;/tr&gt;
&lt;tr&gt;&lt;td&gt;Speed: 2.5 mph&lt;/td&gt;&lt;/tr&gt;
&lt;tr&gt;&lt;td&gt;Heading: 184.4&lt;/td&gt;&lt;/tr&gt;
&lt;tr&gt;&lt;td&gt;Time: 2021-02-19T20:45:12Z&lt;/td&gt;&lt;/tr&gt;
&lt;/table&gt;
</description>
        <LookAt>
          <longitude>-71.84964</longitude>
          <latitude>-13.418146</latitude>
          <tilt>66</tilt>
        </LookAt>
        <TimeStamp>
          <when>2021-02-19T20:45:12Z</when>
        </TimeStamp>
        <styleUrl>#track</styleUrl>
        <Point>
          <coordinates>-71.849640,-13.418146,3033.86</coordinates>
        </Point>
      </Placemark>
      <Placemark>
        <name>Apu Linli hike - Wikiloc-1498</name>
        <snippet></snippet>
        <description>
&lt;table&gt;
&lt;tr&gt;&lt;td&gt;Longitude: -71.849638&lt;/td&gt;&lt;/tr&gt;
&lt;tr&gt;&lt;td&gt;Latitude: -13.418193&lt;/td&gt;&lt;/tr&gt;
&lt;tr&gt;&lt;td&gt;Altitude: 9949.416 ft&lt;/td&gt;&lt;/tr&gt;
&lt;tr&gt;&lt;td&gt;Speed: 2.3 mph&lt;/td&gt;&lt;/tr&gt;
&lt;tr&gt;&lt;td&gt;Heading: 177.6&lt;/td&gt;&lt;/tr&gt;
&lt;tr&gt;&lt;td&gt;Time: 2021-02-19T20:45:17Z&lt;/td&gt;&lt;/tr&gt;
&lt;/table&gt;
</description>
        <LookAt>
          <longitude>-71.849638</longitude>
          <latitude>-13.418193</latitude>
          <tilt>66</tilt>
        </LookAt>
        <TimeStamp>
          <when>2021-02-19T20:45:17Z</when>
        </TimeStamp>
        <styleUrl>#track</styleUrl>
        <Point>
          <coordinates>-71.849638,-13.418193,3032.58</coordinates>
        </Point>
      </Placemark>
      <Placemark>
        <name>Apu Linli hike - Wikiloc-1499</name>
        <snippet></snippet>
        <description>
&lt;table&gt;
&lt;tr&gt;&lt;td&gt;Longitude: -71.849672&lt;/td&gt;&lt;/tr&gt;
&lt;tr&gt;&lt;td&gt;Latitude: -13.418250&lt;/td&gt;&lt;/tr&gt;
&lt;tr&gt;&lt;td&gt;Altitude: 9956.667 ft&lt;/td&gt;&lt;/tr&gt;
&lt;tr&gt;&lt;td&gt;Speed: 0.9 mph&lt;/td&gt;&lt;/tr&gt;
&lt;tr&gt;&lt;td&gt;Heading: 210.1&lt;/td&gt;&lt;/tr&gt;
&lt;tr&gt;&lt;td&gt;Time: 2021-02-19T20:45:35Z&lt;/td&gt;&lt;/tr&gt;
&lt;/table&gt;
</description>
        <LookAt>
          <longitude>-71.849672</longitude>
          <latitude>-13.41825</latitude>
          <tilt>66</tilt>
        </LookAt>
        <TimeStamp>
          <when>2021-02-19T20:45:35Z</when>
        </TimeStamp>
        <styleUrl>#track</styleUrl>
        <Point>
          <coordinates>-71.849672,-13.418250,3034.79</coordinates>
        </Point>
      </Placemark>
      <Placemark>
        <name>Apu Linli hike - Wikiloc-1500</name>
        <snippet></snippet>
        <description>
&lt;table&gt;
&lt;tr&gt;&lt;td&gt;Longitude: -71.849677&lt;/td&gt;&lt;/tr&gt;
&lt;tr&gt;&lt;td&gt;Latitude: -13.418311&lt;/td&gt;&lt;/tr&gt;
&lt;tr&gt;&lt;td&gt;Altitude: 9954.144 ft&lt;/td&gt;&lt;/tr&gt;
&lt;tr&gt;&lt;td&gt;Speed: 3.0 mph&lt;/td&gt;&lt;/tr&gt;
&lt;tr&gt;&lt;td&gt;Heading: 184.6&lt;/td&gt;&lt;/tr&gt;
&lt;tr&gt;&lt;td&gt;Time: 2021-02-19T20:45:40Z&lt;/td&gt;&lt;/tr&gt;
&lt;/table&gt;
</description>
        <LookAt>
          <longitude>-71.849677</longitude>
          <latitude>-13.418311</latitude>
          <tilt>66</tilt>
        </LookAt>
        <TimeStamp>
          <when>2021-02-19T20:45:40Z</when>
        </TimeStamp>
        <styleUrl>#track</styleUrl>
        <Point>
          <coordinates>-71.849677,-13.418311,3034.02</coordinates>
        </Point>
      </Placemark>
      <Placemark>
        <name>Apu Linli hike - Wikiloc-1501</name>
        <snippet></snippet>
        <description>
&lt;table&gt;
&lt;tr&gt;&lt;td&gt;Longitude: -71.849690&lt;/td&gt;&lt;/tr&gt;
&lt;tr&gt;&lt;td&gt;Latitude: -13.418374&lt;/td&gt;&lt;/tr&gt;
&lt;tr&gt;&lt;td&gt;Altitude: 9949.747 ft&lt;/td&gt;&lt;/tr&gt;
&lt;tr&gt;&lt;td&gt;Speed: 2.7 mph&lt;/td&gt;&lt;/tr&gt;
&lt;tr&gt;&lt;td&gt;Heading: 191.3&lt;/td&gt;&lt;/tr&gt;
&lt;tr&gt;&lt;td&gt;Time: 2021-02-19T20:45:46Z&lt;/td&gt;&lt;/tr&gt;
&lt;/table&gt;
</description>
        <LookAt>
          <longitude>-71.84969</longitude>
          <latitude>-13.418374</latitude>
          <tilt>66</tilt>
        </LookAt>
        <TimeStamp>
          <when>2021-02-19T20:45:46Z</when>
        </TimeStamp>
        <styleUrl>#track</styleUrl>
        <Point>
          <coordinates>-71.849690,-13.418374,3032.68</coordinates>
        </Point>
      </Placemark>
      <Placemark>
        <name>Apu Linli hike - Wikiloc-1502</name>
        <snippet></snippet>
        <description>
&lt;table&gt;
&lt;tr&gt;&lt;td&gt;Longitude: -71.849693&lt;/td&gt;&lt;/tr&gt;
&lt;tr&gt;&lt;td&gt;Latitude: -13.418442&lt;/td&gt;&lt;/tr&gt;
&lt;tr&gt;&lt;td&gt;Altitude: 9942.621 ft&lt;/td&gt;&lt;/tr&gt;
&lt;tr&gt;&lt;td&gt;Speed: 2.8 mph&lt;/td&gt;&lt;/tr&gt;
&lt;tr&gt;&lt;td&gt;Heading: 182.5&lt;/td&gt;&lt;/tr&gt;
&lt;tr&gt;&lt;td&gt;Time: 2021-02-19T20:45:52Z&lt;/td&gt;&lt;/tr&gt;
&lt;/table&gt;
</description>
        <LookAt>
          <longitude>-71.849693</longitude>
          <latitude>-13.418442</latitude>
          <tilt>66</tilt>
        </LookAt>
        <TimeStamp>
          <when>2021-02-19T20:45:52Z</when>
        </TimeStamp>
        <styleUrl>#track</styleUrl>
        <Point>
          <coordinates>-71.849693,-13.418442,3030.51</coordinates>
        </Point>
      </Placemark>
      <Placemark>
        <name>Apu Linli hike - Wikiloc-1503</name>
        <snippet></snippet>
        <description>
&lt;table&gt;
&lt;tr&gt;&lt;td&gt;Longitude: -71.849702&lt;/td&gt;&lt;/tr&gt;
&lt;tr&gt;&lt;td&gt;Latitude: -13.418498&lt;/td&gt;&lt;/tr&gt;
&lt;tr&gt;&lt;td&gt;Altitude: 9934.081 ft&lt;/td&gt;&lt;/tr&gt;
&lt;tr&gt;&lt;td&gt;Speed: 2.4 mph&lt;/td&gt;&lt;/tr&gt;
&lt;tr&gt;&lt;td&gt;Heading: 188.9&lt;/td&gt;&lt;/tr&gt;
&lt;tr&gt;&lt;td&gt;Time: 2021-02-19T20:45:58Z&lt;/td&gt;&lt;/tr&gt;
&lt;/table&gt;
</description>
        <LookAt>
          <longitude>-71.849702</longitude>
          <latitude>-13.418498</latitude>
          <tilt>66</tilt>
        </LookAt>
        <TimeStamp>
          <when>2021-02-19T20:45:58Z</when>
        </TimeStamp>
        <styleUrl>#track</styleUrl>
        <Point>
          <coordinates>-71.849702,-13.418498,3027.91</coordinates>
        </Point>
      </Placemark>
      <Placemark>
        <name>Apu Linli hike - Wikiloc-1504</name>
        <snippet></snippet>
        <description>
&lt;table&gt;
&lt;tr&gt;&lt;td&gt;Longitude: -71.849706&lt;/td&gt;&lt;/tr&gt;
&lt;tr&gt;&lt;td&gt;Latitude: -13.418563&lt;/td&gt;&lt;/tr&gt;
&lt;tr&gt;&lt;td&gt;Altitude: 9925.486 ft&lt;/td&gt;&lt;/tr&gt;
&lt;tr&gt;&lt;td&gt;Speed: 2.7 mph&lt;/td&gt;&lt;/tr&gt;
&lt;tr&gt;&lt;td&gt;Heading: 183.4&lt;/td&gt;&lt;/tr&gt;
&lt;tr&gt;&lt;td&gt;Time: 2021-02-19T20:46:04Z&lt;/td&gt;&lt;/tr&gt;
&lt;/table&gt;
</description>
        <LookAt>
          <longitude>-71.849706</longitude>
          <latitude>-13.418563</latitude>
          <tilt>66</tilt>
        </LookAt>
        <TimeStamp>
          <when>2021-02-19T20:46:04Z</when>
        </TimeStamp>
        <styleUrl>#track</styleUrl>
        <Point>
          <coordinates>-71.849706,-13.418563,3025.29</coordinates>
        </Point>
      </Placemark>
      <Placemark>
        <name>Apu Linli hike - Wikiloc-1505</name>
        <snippet></snippet>
        <description>
&lt;table&gt;
&lt;tr&gt;&lt;td&gt;Longitude: -71.849714&lt;/td&gt;&lt;/tr&gt;
&lt;tr&gt;&lt;td&gt;Latitude: -13.418608&lt;/td&gt;&lt;/tr&gt;
&lt;tr&gt;&lt;td&gt;Altitude: 9917.513 ft&lt;/td&gt;&lt;/tr&gt;
&lt;tr&gt;&lt;td&gt;Speed: 2.8 mph&lt;/td&gt;&lt;/tr&gt;
&lt;tr&gt;&lt;td&gt;Heading: 189.8&lt;/td&gt;&lt;/tr&gt;
&lt;tr&gt;&lt;td&gt;Time: 2021-02-19T20:46:08Z&lt;/td&gt;&lt;/tr&gt;
&lt;/table&gt;
</description>
        <LookAt>
          <longitude>-71.849714</longitude>
          <latitude>-13.418608</latitude>
          <tilt>66</tilt>
        </LookAt>
        <TimeStamp>
          <when>2021-02-19T20:46:08Z</when>
        </TimeStamp>
        <styleUrl>#track</styleUrl>
        <Point>
          <coordinates>-71.849714,-13.418608,3022.86</coordinates>
        </Point>
      </Placemark>
      <Placemark>
        <name>Apu Linli hike - Wikiloc-1506</name>
        <snippet></snippet>
        <description>
&lt;table&gt;
&lt;tr&gt;&lt;td&gt;Longitude: -71.849721&lt;/td&gt;&lt;/tr&gt;
&lt;tr&gt;&lt;td&gt;Latitude: -13.418653&lt;/td&gt;&lt;/tr&gt;
&lt;tr&gt;&lt;td&gt;Altitude: 9910.476 ft&lt;/td&gt;&lt;/tr&gt;
&lt;tr&gt;&lt;td&gt;Speed: 2.8 mph&lt;/td&gt;&lt;/tr&gt;
&lt;tr&gt;&lt;td&gt;Heading: 188.6&lt;/td&gt;&lt;/tr&gt;
&lt;tr&gt;&lt;td&gt;Time: 2021-02-19T20:46:12Z&lt;/td&gt;&lt;/tr&gt;
&lt;/table&gt;
</description>
        <LookAt>
          <longitude>-71.849721</longitude>
          <latitude>-13.418653</latitude>
          <tilt>66</tilt>
        </LookAt>
        <TimeStamp>
          <when>2021-02-19T20:46:12Z</when>
        </TimeStamp>
        <styleUrl>#track</styleUrl>
        <Point>
          <coordinates>-71.849721,-13.418653,3020.71</coordinates>
        </Point>
      </Placemark>
      <Placemark>
        <name>Apu Linli hike - Wikiloc-1507</name>
        <snippet></snippet>
        <description>
&lt;table&gt;
&lt;tr&gt;&lt;td&gt;Longitude: -71.849731&lt;/td&gt;&lt;/tr&gt;
&lt;tr&gt;&lt;td&gt;Latitude: -13.418718&lt;/td&gt;&lt;/tr&gt;
&lt;tr&gt;&lt;td&gt;Altitude: 9904.701 ft&lt;/td&gt;&lt;/tr&gt;
&lt;tr&gt;&lt;td&gt;Speed: 2.7 mph&lt;/td&gt;&lt;/tr&gt;
&lt;tr&gt;&lt;td&gt;Heading: 188.5&lt;/td&gt;&lt;/tr&gt;
&lt;tr&gt;&lt;td&gt;Time: 2021-02-19T20:46:18Z&lt;/td&gt;&lt;/tr&gt;
&lt;/table&gt;
</description>
        <LookAt>
          <longitude>-71.849731</longitude>
          <latitude>-13.418718</latitude>
          <tilt>66</tilt>
        </LookAt>
        <TimeStamp>
          <when>2021-02-19T20:46:18Z</when>
        </TimeStamp>
        <styleUrl>#track</styleUrl>
        <Point>
          <coordinates>-71.849731,-13.418718,3018.95</coordinates>
        </Point>
      </Placemark>
      <Placemark>
        <name>Apu Linli hike - Wikiloc-1508</name>
        <snippet></snippet>
        <description>
&lt;table&gt;
&lt;tr&gt;&lt;td&gt;Longitude: -71.849750&lt;/td&gt;&lt;/tr&gt;
&lt;tr&gt;&lt;td&gt;Latitude: -13.418772&lt;/td&gt;&lt;/tr&gt;
&lt;tr&gt;&lt;td&gt;Altitude: 9902.385 ft&lt;/td&gt;&lt;/tr&gt;
&lt;tr&gt;&lt;td&gt;Speed: 1.8 mph&lt;/td&gt;&lt;/tr&gt;
&lt;tr&gt;&lt;td&gt;Heading: 198.9&lt;/td&gt;&lt;/tr&gt;
&lt;tr&gt;&lt;td&gt;Time: 2021-02-19T20:46:26Z&lt;/td&gt;&lt;/tr&gt;
&lt;/table&gt;
</description>
        <LookAt>
          <longitude>-71.84975</longitude>
          <latitude>-13.418772</latitude>
          <tilt>66</tilt>
        </LookAt>
        <TimeStamp>
          <when>2021-02-19T20:46:26Z</when>
        </TimeStamp>
        <styleUrl>#track</styleUrl>
        <Point>
          <coordinates>-71.849750,-13.418772,3018.25</coordinates>
        </Point>
      </Placemark>
      <Placemark>
        <name>Apu Linli hike - Wikiloc-1509</name>
        <snippet></snippet>
        <description>
&lt;table&gt;
&lt;tr&gt;&lt;td&gt;Longitude: -71.849751&lt;/td&gt;&lt;/tr&gt;
&lt;tr&gt;&lt;td&gt;Latitude: -13.418833&lt;/td&gt;&lt;/tr&gt;
&lt;tr&gt;&lt;td&gt;Altitude: 9899.813 ft&lt;/td&gt;&lt;/tr&gt;
&lt;tr&gt;&lt;td&gt;Speed: 2.5 mph&lt;/td&gt;&lt;/tr&gt;
&lt;tr&gt;&lt;td&gt;Heading: 180.9&lt;/td&gt;&lt;/tr&gt;
&lt;tr&gt;&lt;td&gt;Time: 2021-02-19T20:46:32Z&lt;/td&gt;&lt;/tr&gt;
&lt;/table&gt;
</description>
        <LookAt>
          <longitude>-71.849751</longitude>
          <latitude>-13.418833</latitude>
          <tilt>66</tilt>
        </LookAt>
        <TimeStamp>
          <when>2021-02-19T20:46:32Z</when>
        </TimeStamp>
        <styleUrl>#track</styleUrl>
        <Point>
          <coordinates>-71.849751,-13.418833,3017.46</coordinates>
        </Point>
      </Placemark>
      <Placemark>
        <name>Apu Linli hike - Wikiloc-1510</name>
        <snippet></snippet>
        <description>
&lt;table&gt;
&lt;tr&gt;&lt;td&gt;Longitude: -71.849748&lt;/td&gt;&lt;/tr&gt;
&lt;tr&gt;&lt;td&gt;Latitude: -13.418892&lt;/td&gt;&lt;/tr&gt;
&lt;tr&gt;&lt;td&gt;Altitude: 9896.129 ft&lt;/td&gt;&lt;/tr&gt;
&lt;tr&gt;&lt;td&gt;Speed: 2.5 mph&lt;/td&gt;&lt;/tr&gt;
&lt;tr&gt;&lt;td&gt;Heading: 177.2&lt;/td&gt;&lt;/tr&gt;
&lt;tr&gt;&lt;td&gt;Time: 2021-02-19T20:46:38Z&lt;/td&gt;&lt;/tr&gt;
&lt;/table&gt;
</description>
        <LookAt>
          <longitude>-71.849748</longitude>
          <latitude>-13.418892</latitude>
          <tilt>66</tilt>
        </LookAt>
        <TimeStamp>
          <when>2021-02-19T20:46:38Z</when>
        </TimeStamp>
        <styleUrl>#track</styleUrl>
        <Point>
          <coordinates>-71.849748,-13.418892,3016.34</coordinates>
        </Point>
      </Placemark>
      <Placemark>
        <name>Apu Linli hike - Wikiloc-1511</name>
        <snippet></snippet>
        <description>
&lt;table&gt;
&lt;tr&gt;&lt;td&gt;Longitude: -71.849758&lt;/td&gt;&lt;/tr&gt;
&lt;tr&gt;&lt;td&gt;Latitude: -13.418954&lt;/td&gt;&lt;/tr&gt;
&lt;tr&gt;&lt;td&gt;Altitude: 9892.093 ft&lt;/td&gt;&lt;/tr&gt;
&lt;tr&gt;&lt;td&gt;Speed: 2.6 mph&lt;/td&gt;&lt;/tr&gt;
&lt;tr&gt;&lt;td&gt;Heading: 188.9&lt;/td&gt;&lt;/tr&gt;
&lt;tr&gt;&lt;td&gt;Time: 2021-02-19T20:46:44Z&lt;/td&gt;&lt;/tr&gt;
&lt;/table&gt;
</description>
        <LookAt>
          <longitude>-71.849758</longitude>
          <latitude>-13.418954</latitude>
          <tilt>66</tilt>
        </LookAt>
        <TimeStamp>
          <when>2021-02-19T20:46:44Z</when>
        </TimeStamp>
        <styleUrl>#track</styleUrl>
        <Point>
          <coordinates>-71.849758,-13.418954,3015.11</coordinates>
        </Point>
      </Placemark>
      <Placemark>
        <name>Apu Linli hike - Wikiloc-1512</name>
        <snippet></snippet>
        <description>
&lt;table&gt;
&lt;tr&gt;&lt;td&gt;Longitude: -71.849776&lt;/td&gt;&lt;/tr&gt;
&lt;tr&gt;&lt;td&gt;Latitude: -13.419011&lt;/td&gt;&lt;/tr&gt;
&lt;tr&gt;&lt;td&gt;Altitude: 9890.705 ft&lt;/td&gt;&lt;/tr&gt;
&lt;tr&gt;&lt;td&gt;Speed: 2.5 mph&lt;/td&gt;&lt;/tr&gt;
&lt;tr&gt;&lt;td&gt;Heading: 197.1&lt;/td&gt;&lt;/tr&gt;
&lt;tr&gt;&lt;td&gt;Time: 2021-02-19T20:46:50Z&lt;/td&gt;&lt;/tr&gt;
&lt;/table&gt;
</description>
        <LookAt>
          <longitude>-71.849776</longitude>
          <latitude>-13.419011</latitude>
          <tilt>66</tilt>
        </LookAt>
        <TimeStamp>
          <when>2021-02-19T20:46:50Z</when>
        </TimeStamp>
        <styleUrl>#track</styleUrl>
        <Point>
          <coordinates>-71.849776,-13.419011,3014.69</coordinates>
        </Point>
      </Placemark>
      <Placemark>
        <name>Apu Linli hike - Wikiloc-1513</name>
        <snippet></snippet>
        <description>
&lt;table&gt;
&lt;tr&gt;&lt;td&gt;Longitude: -71.849787&lt;/td&gt;&lt;/tr&gt;
&lt;tr&gt;&lt;td&gt;Latitude: -13.419075&lt;/td&gt;&lt;/tr&gt;
&lt;tr&gt;&lt;td&gt;Altitude: 9886.293 ft&lt;/td&gt;&lt;/tr&gt;
&lt;tr&gt;&lt;td&gt;Speed: 2.0 mph&lt;/td&gt;&lt;/tr&gt;
&lt;tr&gt;&lt;td&gt;Heading: 189.5&lt;/td&gt;&lt;/tr&gt;
&lt;tr&gt;&lt;td&gt;Time: 2021-02-19T20:46:58Z&lt;/td&gt;&lt;/tr&gt;
&lt;/table&gt;
</description>
        <LookAt>
          <longitude>-71.849787</longitude>
          <latitude>-13.419075</latitude>
          <tilt>66</tilt>
        </LookAt>
        <TimeStamp>
          <when>2021-02-19T20:46:58Z</when>
        </TimeStamp>
        <styleUrl>#track</styleUrl>
        <Point>
          <coordinates>-71.849787,-13.419075,3013.34</coordinates>
        </Point>
      </Placemark>
      <Placemark>
        <name>Apu Linli hike - Wikiloc-1514</name>
        <snippet></snippet>
        <description>
&lt;table&gt;
&lt;tr&gt;&lt;td&gt;Longitude: -71.849798&lt;/td&gt;&lt;/tr&gt;
&lt;tr&gt;&lt;td&gt;Latitude: -13.419132&lt;/td&gt;&lt;/tr&gt;
&lt;tr&gt;&lt;td&gt;Altitude: 9880.007 ft&lt;/td&gt;&lt;/tr&gt;
&lt;tr&gt;&lt;td&gt;Speed: 2.4 mph&lt;/td&gt;&lt;/tr&gt;
&lt;tr&gt;&lt;td&gt;Heading: 190.6&lt;/td&gt;&lt;/tr&gt;
&lt;tr&gt;&lt;td&gt;Time: 2021-02-19T20:47:04Z&lt;/td&gt;&lt;/tr&gt;
&lt;/table&gt;
</description>
        <LookAt>
          <longitude>-71.849798</longitude>
          <latitude>-13.419132</latitude>
          <tilt>66</tilt>
        </LookAt>
        <TimeStamp>
          <when>2021-02-19T20:47:04Z</when>
        </TimeStamp>
        <styleUrl>#track</styleUrl>
        <Point>
          <coordinates>-71.849798,-13.419132,3011.43</coordinates>
        </Point>
      </Placemark>
      <Placemark>
        <name>Apu Linli hike - Wikiloc-1515</name>
        <snippet></snippet>
        <description>
&lt;table&gt;
&lt;tr&gt;&lt;td&gt;Longitude: -71.849822&lt;/td&gt;&lt;/tr&gt;
&lt;tr&gt;&lt;td&gt;Latitude: -13.419186&lt;/td&gt;&lt;/tr&gt;
&lt;tr&gt;&lt;td&gt;Altitude: 9876.010 ft&lt;/td&gt;&lt;/tr&gt;
&lt;tr&gt;&lt;td&gt;Speed: 1.8 mph&lt;/td&gt;&lt;/tr&gt;
&lt;tr&gt;&lt;td&gt;Heading: 203.4&lt;/td&gt;&lt;/tr&gt;
&lt;tr&gt;&lt;td&gt;Time: 2021-02-19T20:47:12Z&lt;/td&gt;&lt;/tr&gt;
&lt;/table&gt;
</description>
        <LookAt>
          <longitude>-71.849822</longitude>
          <latitude>-13.419186</latitude>
          <tilt>66</tilt>
        </LookAt>
        <TimeStamp>
          <when>2021-02-19T20:47:12Z</when>
        </TimeStamp>
        <styleUrl>#track</styleUrl>
        <Point>
          <coordinates>-71.849822,-13.419186,3010.21</coordinates>
        </Point>
      </Placemark>
      <Placemark>
        <name>Apu Linli hike - Wikiloc-1516</name>
        <snippet></snippet>
        <description>
&lt;table&gt;
&lt;tr&gt;&lt;td&gt;Longitude: -71.849850&lt;/td&gt;&lt;/tr&gt;
&lt;tr&gt;&lt;td&gt;Latitude: -13.419222&lt;/td&gt;&lt;/tr&gt;
&lt;tr&gt;&lt;td&gt;Altitude: 9870.223 ft&lt;/td&gt;&lt;/tr&gt;
&lt;tr&gt;&lt;td&gt;Speed: 1.9 mph&lt;/td&gt;&lt;/tr&gt;
&lt;tr&gt;&lt;td&gt;Heading: 217.1&lt;/td&gt;&lt;/tr&gt;
&lt;tr&gt;&lt;td&gt;Time: 2021-02-19T20:47:18Z&lt;/td&gt;&lt;/tr&gt;
&lt;/table&gt;
</description>
        <LookAt>
          <longitude>-71.84985</longitude>
          <latitude>-13.419222</latitude>
          <tilt>66</tilt>
        </LookAt>
        <TimeStamp>
          <when>2021-02-19T20:47:18Z</when>
        </TimeStamp>
        <styleUrl>#track</styleUrl>
        <Point>
          <coordinates>-71.849850,-13.419222,3008.44</coordinates>
        </Point>
      </Placemark>
      <Placemark>
        <name>Apu Linli hike - Wikiloc-1517</name>
        <snippet></snippet>
        <description>
&lt;table&gt;
&lt;tr&gt;&lt;td&gt;Longitude: -71.849877&lt;/td&gt;&lt;/tr&gt;
&lt;tr&gt;&lt;td&gt;Latitude: -13.419284&lt;/td&gt;&lt;/tr&gt;
&lt;tr&gt;&lt;td&gt;Altitude: 9864.383 ft&lt;/td&gt;&lt;/tr&gt;
&lt;tr&gt;&lt;td&gt;Speed: 2.8 mph&lt;/td&gt;&lt;/tr&gt;
&lt;tr&gt;&lt;td&gt;Heading: 203.0&lt;/td&gt;&lt;/tr&gt;
&lt;tr&gt;&lt;td&gt;Time: 2021-02-19T20:47:24Z&lt;/td&gt;&lt;/tr&gt;
&lt;/table&gt;
</description>
        <LookAt>
          <longitude>-71.849877</longitude>
          <latitude>-13.419284</latitude>
          <tilt>66</tilt>
        </LookAt>
        <TimeStamp>
          <when>2021-02-19T20:47:24Z</when>
        </TimeStamp>
        <styleUrl>#track</styleUrl>
        <Point>
          <coordinates>-71.849877,-13.419284,3006.66</coordinates>
        </Point>
      </Placemark>
      <Placemark>
        <name>Apu Linli hike - Wikiloc-1518</name>
        <snippet></snippet>
        <description>
&lt;table&gt;
&lt;tr&gt;&lt;td&gt;Longitude: -71.849908&lt;/td&gt;&lt;/tr&gt;
&lt;tr&gt;&lt;td&gt;Latitude: -13.419343&lt;/td&gt;&lt;/tr&gt;
&lt;tr&gt;&lt;td&gt;Altitude: 9859.249 ft&lt;/td&gt;&lt;/tr&gt;
&lt;tr&gt;&lt;td&gt;Speed: 2.7 mph&lt;/td&gt;&lt;/tr&gt;
&lt;tr&gt;&lt;td&gt;Heading: 207.1&lt;/td&gt;&lt;/tr&gt;
&lt;tr&gt;&lt;td&gt;Time: 2021-02-19T20:47:30Z&lt;/td&gt;&lt;/tr&gt;
&lt;/table&gt;
</description>
        <LookAt>
          <longitude>-71.849908</longitude>
          <latitude>-13.419343</latitude>
          <tilt>66</tilt>
        </LookAt>
        <TimeStamp>
          <when>2021-02-19T20:47:30Z</when>
        </TimeStamp>
        <styleUrl>#track</styleUrl>
        <Point>
          <coordinates>-71.849908,-13.419343,3005.10</coordinates>
        </Point>
      </Placemark>
      <Placemark>
        <name>Apu Linli hike - Wikiloc-1519</name>
        <snippet></snippet>
        <description>
&lt;table&gt;
&lt;tr&gt;&lt;td&gt;Longitude: -71.849940&lt;/td&gt;&lt;/tr&gt;
&lt;tr&gt;&lt;td&gt;Latitude: -13.419397&lt;/td&gt;&lt;/tr&gt;
&lt;tr&gt;&lt;td&gt;Altitude: 9852.687 ft&lt;/td&gt;&lt;/tr&gt;
&lt;tr&gt;&lt;td&gt;Speed: 2.6 mph&lt;/td&gt;&lt;/tr&gt;
&lt;tr&gt;&lt;td&gt;Heading: 210.0&lt;/td&gt;&lt;/tr&gt;
&lt;tr&gt;&lt;td&gt;Time: 2021-02-19T20:47:36Z&lt;/td&gt;&lt;/tr&gt;
&lt;/table&gt;
</description>
        <LookAt>
          <longitude>-71.84994</longitude>
          <latitude>-13.419397</latitude>
          <tilt>66</tilt>
        </LookAt>
        <TimeStamp>
          <when>2021-02-19T20:47:36Z</when>
        </TimeStamp>
        <styleUrl>#track</styleUrl>
        <Point>
          <coordinates>-71.849940,-13.419397,3003.10</coordinates>
        </Point>
      </Placemark>
      <Placemark>
        <name>Apu Linli hike - Wikiloc-1520</name>
        <snippet></snippet>
        <description>
&lt;table&gt;
&lt;tr&gt;&lt;td&gt;Longitude: -71.849975&lt;/td&gt;&lt;/tr&gt;
&lt;tr&gt;&lt;td&gt;Latitude: -13.419427&lt;/td&gt;&lt;/tr&gt;
&lt;tr&gt;&lt;td&gt;Altitude: 9850.961 ft&lt;/td&gt;&lt;/tr&gt;
&lt;tr&gt;&lt;td&gt;Speed: 1.9 mph&lt;/td&gt;&lt;/tr&gt;
&lt;tr&gt;&lt;td&gt;Heading: 228.6&lt;/td&gt;&lt;/tr&gt;
&lt;tr&gt;&lt;td&gt;Time: 2021-02-19T20:47:42Z&lt;/td&gt;&lt;/tr&gt;
&lt;/table&gt;
</description>
        <LookAt>
          <longitude>-71.849975</longitude>
          <latitude>-13.419427</latitude>
          <tilt>66</tilt>
        </LookAt>
        <TimeStamp>
          <when>2021-02-19T20:47:42Z</when>
        </TimeStamp>
        <styleUrl>#track</styleUrl>
        <Point>
          <coordinates>-71.849975,-13.419427,3002.57</coordinates>
        </Point>
      </Placemark>
      <Placemark>
        <name>Apu Linli hike - Wikiloc-1521</name>
        <snippet></snippet>
        <description>
&lt;table&gt;
&lt;tr&gt;&lt;td&gt;Longitude: -71.849989&lt;/td&gt;&lt;/tr&gt;
&lt;tr&gt;&lt;td&gt;Latitude: -13.419475&lt;/td&gt;&lt;/tr&gt;
&lt;tr&gt;&lt;td&gt;Altitude: 9848.488 ft&lt;/td&gt;&lt;/tr&gt;
&lt;tr&gt;&lt;td&gt;Speed: 4.1 mph&lt;/td&gt;&lt;/tr&gt;
&lt;tr&gt;&lt;td&gt;Heading: 195.8&lt;/td&gt;&lt;/tr&gt;
&lt;tr&gt;&lt;td&gt;Time: 2021-02-19T20:47:45Z&lt;/td&gt;&lt;/tr&gt;
&lt;/table&gt;
</description>
        <LookAt>
          <longitude>-71.849989</longitude>
          <latitude>-13.419475</latitude>
          <tilt>66</tilt>
        </LookAt>
        <TimeStamp>
          <when>2021-02-19T20:47:45Z</when>
        </TimeStamp>
        <styleUrl>#track</styleUrl>
        <Point>
          <coordinates>-71.849989,-13.419475,3001.82</coordinates>
        </Point>
      </Placemark>
      <Placemark>
        <name>Apu Linli hike - Wikiloc-1522</name>
        <snippet></snippet>
        <description>
&lt;table&gt;
&lt;tr&gt;&lt;td&gt;Longitude: -71.850018&lt;/td&gt;&lt;/tr&gt;
&lt;tr&gt;&lt;td&gt;Latitude: -13.419519&lt;/td&gt;&lt;/tr&gt;
&lt;tr&gt;&lt;td&gt;Altitude: 9841.719 ft&lt;/td&gt;&lt;/tr&gt;
&lt;tr&gt;&lt;td&gt;Speed: 2.2 mph&lt;/td&gt;&lt;/tr&gt;
&lt;tr&gt;&lt;td&gt;Heading: 212.7&lt;/td&gt;&lt;/tr&gt;
&lt;tr&gt;&lt;td&gt;Time: 2021-02-19T20:47:51Z&lt;/td&gt;&lt;/tr&gt;
&lt;/table&gt;
</description>
        <LookAt>
          <longitude>-71.850018</longitude>
          <latitude>-13.419519</latitude>
          <tilt>66</tilt>
        </LookAt>
        <TimeStamp>
          <when>2021-02-19T20:47:51Z</when>
        </TimeStamp>
        <styleUrl>#track</styleUrl>
        <Point>
          <coordinates>-71.850018,-13.419519,2999.76</coordinates>
        </Point>
      </Placemark>
      <Placemark>
        <name>Apu Linli hike - Wikiloc-1523</name>
        <snippet></snippet>
        <description>
&lt;table&gt;
&lt;tr&gt;&lt;td&gt;Longitude: -71.850040&lt;/td&gt;&lt;/tr&gt;
&lt;tr&gt;&lt;td&gt;Latitude: -13.419564&lt;/td&gt;&lt;/tr&gt;
&lt;tr&gt;&lt;td&gt;Altitude: 9836.371 ft&lt;/td&gt;&lt;/tr&gt;
&lt;tr&gt;&lt;td&gt;Speed: 3.1 mph&lt;/td&gt;&lt;/tr&gt;
&lt;tr&gt;&lt;td&gt;Heading: 205.4&lt;/td&gt;&lt;/tr&gt;
&lt;tr&gt;&lt;td&gt;Time: 2021-02-19T20:47:55Z&lt;/td&gt;&lt;/tr&gt;
&lt;/table&gt;
</description>
        <LookAt>
          <longitude>-71.85004</longitude>
          <latitude>-13.419564</latitude>
          <tilt>66</tilt>
        </LookAt>
        <TimeStamp>
          <when>2021-02-19T20:47:55Z</when>
        </TimeStamp>
        <styleUrl>#track</styleUrl>
        <Point>
          <coordinates>-71.850040,-13.419564,2998.13</coordinates>
        </Point>
      </Placemark>
      <Placemark>
        <name>Apu Linli hike - Wikiloc-1524</name>
        <snippet></snippet>
        <description>
&lt;table&gt;
&lt;tr&gt;&lt;td&gt;Longitude: -71.850054&lt;/td&gt;&lt;/tr&gt;
&lt;tr&gt;&lt;td&gt;Latitude: -13.419610&lt;/td&gt;&lt;/tr&gt;
&lt;tr&gt;&lt;td&gt;Altitude: 9832.434 ft&lt;/td&gt;&lt;/tr&gt;
&lt;tr&gt;&lt;td&gt;Speed: 3.0 mph&lt;/td&gt;&lt;/tr&gt;
&lt;tr&gt;&lt;td&gt;Heading: 196.5&lt;/td&gt;&lt;/tr&gt;
&lt;tr&gt;&lt;td&gt;Time: 2021-02-19T20:47:59Z&lt;/td&gt;&lt;/tr&gt;
&lt;/table&gt;
</description>
        <LookAt>
          <longitude>-71.850054</longitude>
          <latitude>-13.41961</latitude>
          <tilt>66</tilt>
        </LookAt>
        <TimeStamp>
          <when>2021-02-19T20:47:59Z</when>
        </TimeStamp>
        <styleUrl>#track</styleUrl>
        <Point>
          <coordinates>-71.850054,-13.419610,2996.93</coordinates>
        </Point>
      </Placemark>
      <Placemark>
        <name>Apu Linli hike - Wikiloc-1525</name>
        <snippet></snippet>
        <description>
&lt;table&gt;
&lt;tr&gt;&lt;td&gt;Longitude: -71.850074&lt;/td&gt;&lt;/tr&gt;
&lt;tr&gt;&lt;td&gt;Latitude: -13.419660&lt;/td&gt;&lt;/tr&gt;
&lt;tr&gt;&lt;td&gt;Altitude: 9829.222 ft&lt;/td&gt;&lt;/tr&gt;
&lt;tr&gt;&lt;td&gt;Speed: 3.3 mph&lt;/td&gt;&lt;/tr&gt;
&lt;tr&gt;&lt;td&gt;Heading: 201.3&lt;/td&gt;&lt;/tr&gt;
&lt;tr&gt;&lt;td&gt;Time: 2021-02-19T20:48:03Z&lt;/td&gt;&lt;/tr&gt;
&lt;/table&gt;
</description>
        <LookAt>
          <longitude>-71.850074</longitude>
          <latitude>-13.41966</latitude>
          <tilt>66</tilt>
        </LookAt>
        <TimeStamp>
          <when>2021-02-19T20:48:03Z</when>
        </TimeStamp>
        <styleUrl>#track</styleUrl>
        <Point>
          <coordinates>-71.850074,-13.419660,2995.95</coordinates>
        </Point>
      </Placemark>
      <Placemark>
        <name>Apu Linli hike - Wikiloc-1526</name>
        <snippet></snippet>
        <description>
&lt;table&gt;
&lt;tr&gt;&lt;td&gt;Longitude: -71.850093&lt;/td&gt;&lt;/tr&gt;
&lt;tr&gt;&lt;td&gt;Latitude: -13.419707&lt;/td&gt;&lt;/tr&gt;
&lt;tr&gt;&lt;td&gt;Altitude: 9824.839 ft&lt;/td&gt;&lt;/tr&gt;
&lt;tr&gt;&lt;td&gt;Speed: 3.1 mph&lt;/td&gt;&lt;/tr&gt;
&lt;tr&gt;&lt;td&gt;Heading: 201.5&lt;/td&gt;&lt;/tr&gt;
&lt;tr&gt;&lt;td&gt;Time: 2021-02-19T20:48:07Z&lt;/td&gt;&lt;/tr&gt;
&lt;/table&gt;
</description>
        <LookAt>
          <longitude>-71.850093</longitude>
          <latitude>-13.419707</latitude>
          <tilt>66</tilt>
        </LookAt>
        <TimeStamp>
          <when>2021-02-19T20:48:07Z</when>
        </TimeStamp>
        <styleUrl>#track</styleUrl>
        <Point>
          <coordinates>-71.850093,-13.419707,2994.61</coordinates>
        </Point>
      </Placemark>
      <Placemark>
        <name>Apu Linli hike - Wikiloc-1527</name>
        <snippet></snippet>
        <description>
&lt;table&gt;
&lt;tr&gt;&lt;td&gt;Longitude: -71.850116&lt;/td&gt;&lt;/tr&gt;
&lt;tr&gt;&lt;td&gt;Latitude: -13.419752&lt;/td&gt;&lt;/tr&gt;
&lt;tr&gt;&lt;td&gt;Altitude: 9821.877 ft&lt;/td&gt;&lt;/tr&gt;
&lt;tr&gt;&lt;td&gt;Speed: 3.1 mph&lt;/td&gt;&lt;/tr&gt;
&lt;tr&gt;&lt;td&gt;Heading: 206.4&lt;/td&gt;&lt;/tr&gt;
&lt;tr&gt;&lt;td&gt;Time: 2021-02-19T20:48:11Z&lt;/td&gt;&lt;/tr&gt;
&lt;/table&gt;
</description>
        <LookAt>
          <longitude>-71.850116</longitude>
          <latitude>-13.419752</latitude>
          <tilt>66</tilt>
        </LookAt>
        <TimeStamp>
          <when>2021-02-19T20:48:11Z</when>
        </TimeStamp>
        <styleUrl>#track</styleUrl>
        <Point>
          <coordinates>-71.850116,-13.419752,2993.71</coordinates>
        </Point>
      </Placemark>
      <Placemark>
        <name>Apu Linli hike - Wikiloc-1528</name>
        <snippet></snippet>
        <description>
&lt;table&gt;
&lt;tr&gt;&lt;td&gt;Longitude: -71.850144&lt;/td&gt;&lt;/tr&gt;
&lt;tr&gt;&lt;td&gt;Latitude: -13.419798&lt;/td&gt;&lt;/tr&gt;
&lt;tr&gt;&lt;td&gt;Altitude: 9818.891 ft&lt;/td&gt;&lt;/tr&gt;
&lt;tr&gt;&lt;td&gt;Speed: 3.3 mph&lt;/td&gt;&lt;/tr&gt;
&lt;tr&gt;&lt;td&gt;Heading: 210.6&lt;/td&gt;&lt;/tr&gt;
&lt;tr&gt;&lt;td&gt;Time: 2021-02-19T20:48:15Z&lt;/td&gt;&lt;/tr&gt;
&lt;/table&gt;
</description>
        <LookAt>
          <longitude>-71.850144</longitude>
          <latitude>-13.419798</latitude>
          <tilt>66</tilt>
        </LookAt>
        <TimeStamp>
          <when>2021-02-19T20:48:15Z</when>
        </TimeStamp>
        <styleUrl>#track</styleUrl>
        <Point>
          <coordinates>-71.850144,-13.419798,2992.80</coordinates>
        </Point>
      </Placemark>
      <Placemark>
        <name>Apu Linli hike - Wikiloc-1529</name>
        <snippet></snippet>
        <description>
&lt;table&gt;
&lt;tr&gt;&lt;td&gt;Longitude: -71.850173&lt;/td&gt;&lt;/tr&gt;
&lt;tr&gt;&lt;td&gt;Latitude: -13.419846&lt;/td&gt;&lt;/tr&gt;
&lt;tr&gt;&lt;td&gt;Altitude: 9814.429 ft&lt;/td&gt;&lt;/tr&gt;
&lt;tr&gt;&lt;td&gt;Speed: 3.5 mph&lt;/td&gt;&lt;/tr&gt;
&lt;tr&gt;&lt;td&gt;Heading: 210.4&lt;/td&gt;&lt;/tr&gt;
&lt;tr&gt;&lt;td&gt;Time: 2021-02-19T20:48:19Z&lt;/td&gt;&lt;/tr&gt;
&lt;/table&gt;
</description>
        <LookAt>
          <longitude>-71.850173</longitude>
          <latitude>-13.419846</latitude>
          <tilt>66</tilt>
        </LookAt>
        <TimeStamp>
          <when>2021-02-19T20:48:19Z</when>
        </TimeStamp>
        <styleUrl>#track</styleUrl>
        <Point>
          <coordinates>-71.850173,-13.419846,2991.44</coordinates>
        </Point>
      </Placemark>
      <Placemark>
        <name>Apu Linli hike - Wikiloc-1530</name>
        <snippet></snippet>
        <description>
&lt;table&gt;
&lt;tr&gt;&lt;td&gt;Longitude: -71.850199&lt;/td&gt;&lt;/tr&gt;
&lt;tr&gt;&lt;td&gt;Latitude: -13.419895&lt;/td&gt;&lt;/tr&gt;
&lt;tr&gt;&lt;td&gt;Altitude: 9811.132 ft&lt;/td&gt;&lt;/tr&gt;
&lt;tr&gt;&lt;td&gt;Speed: 3.4 mph&lt;/td&gt;&lt;/tr&gt;
&lt;tr&gt;&lt;td&gt;Heading: 207.3&lt;/td&gt;&lt;/tr&gt;
&lt;tr&gt;&lt;td&gt;Time: 2021-02-19T20:48:23Z&lt;/td&gt;&lt;/tr&gt;
&lt;/table&gt;
</description>
        <LookAt>
          <longitude>-71.850199</longitude>
          <latitude>-13.419895</latitude>
          <tilt>66</tilt>
        </LookAt>
        <TimeStamp>
          <when>2021-02-19T20:48:23Z</when>
        </TimeStamp>
        <styleUrl>#track</styleUrl>
        <Point>
          <coordinates>-71.850199,-13.419895,2990.43</coordinates>
        </Point>
      </Placemark>
      <Placemark>
        <name>Apu Linli hike - Wikiloc-1531</name>
        <snippet></snippet>
        <description>
&lt;table&gt;
&lt;tr&gt;&lt;td&gt;Longitude: -71.850222&lt;/td&gt;&lt;/tr&gt;
&lt;tr&gt;&lt;td&gt;Latitude: -13.419938&lt;/td&gt;&lt;/tr&gt;
&lt;tr&gt;&lt;td&gt;Altitude: 9807.490 ft&lt;/td&gt;&lt;/tr&gt;
&lt;tr&gt;&lt;td&gt;Speed: 3.0 mph&lt;/td&gt;&lt;/tr&gt;
&lt;tr&gt;&lt;td&gt;Heading: 207.5&lt;/td&gt;&lt;/tr&gt;
&lt;tr&gt;&lt;td&gt;Time: 2021-02-19T20:48:27Z&lt;/td&gt;&lt;/tr&gt;
&lt;/table&gt;
</description>
        <LookAt>
          <longitude>-71.850222</longitude>
          <latitude>-13.419938</latitude>
          <tilt>66</tilt>
        </LookAt>
        <TimeStamp>
          <when>2021-02-19T20:48:27Z</when>
        </TimeStamp>
        <styleUrl>#track</styleUrl>
        <Point>
          <coordinates>-71.850222,-13.419938,2989.32</coordinates>
        </Point>
      </Placemark>
      <Placemark>
        <name>Apu Linli hike - Wikiloc-1532</name>
        <snippet></snippet>
        <description>
&lt;table&gt;
&lt;tr&gt;&lt;td&gt;Longitude: -71.850244&lt;/td&gt;&lt;/tr&gt;
&lt;tr&gt;&lt;td&gt;Latitude: -13.419984&lt;/td&gt;&lt;/tr&gt;
&lt;tr&gt;&lt;td&gt;Altitude: 9805.207 ft&lt;/td&gt;&lt;/tr&gt;
&lt;tr&gt;&lt;td&gt;Speed: 3.2 mph&lt;/td&gt;&lt;/tr&gt;
&lt;tr&gt;&lt;td&gt;Heading: 204.9&lt;/td&gt;&lt;/tr&gt;
&lt;tr&gt;&lt;td&gt;Time: 2021-02-19T20:48:31Z&lt;/td&gt;&lt;/tr&gt;
&lt;/table&gt;
</description>
        <LookAt>
          <longitude>-71.850244</longitude>
          <latitude>-13.419984</latitude>
          <tilt>66</tilt>
        </LookAt>
        <TimeStamp>
          <when>2021-02-19T20:48:31Z</when>
        </TimeStamp>
        <styleUrl>#track</styleUrl>
        <Point>
          <coordinates>-71.850244,-13.419984,2988.63</coordinates>
        </Point>
      </Placemark>
      <Placemark>
        <name>Apu Linli hike - Wikiloc-1533</name>
        <snippet></snippet>
        <description>
&lt;table&gt;
&lt;tr&gt;&lt;td&gt;Longitude: -71.850287&lt;/td&gt;&lt;/tr&gt;
&lt;tr&gt;&lt;td&gt;Latitude: -13.420008&lt;/td&gt;&lt;/tr&gt;
&lt;tr&gt;&lt;td&gt;Altitude: 9803.652 ft&lt;/td&gt;&lt;/tr&gt;
&lt;tr&gt;&lt;td&gt;Speed: 1.7 mph&lt;/td&gt;&lt;/tr&gt;
&lt;tr&gt;&lt;td&gt;Heading: 240.2&lt;/td&gt;&lt;/tr&gt;
&lt;tr&gt;&lt;td&gt;Time: 2021-02-19T20:48:38Z&lt;/td&gt;&lt;/tr&gt;
&lt;/table&gt;
</description>
        <LookAt>
          <longitude>-71.850287</longitude>
          <latitude>-13.420008</latitude>
          <tilt>66</tilt>
        </LookAt>
        <TimeStamp>
          <when>2021-02-19T20:48:38Z</when>
        </TimeStamp>
        <styleUrl>#track</styleUrl>
        <Point>
          <coordinates>-71.850287,-13.420008,2988.15</coordinates>
        </Point>
      </Placemark>
      <Placemark>
        <name>Apu Linli hike - Wikiloc-1534</name>
        <snippet></snippet>
        <description>
&lt;table&gt;
&lt;tr&gt;&lt;td&gt;Longitude: -71.850327&lt;/td&gt;&lt;/tr&gt;
&lt;tr&gt;&lt;td&gt;Latitude: -13.420039&lt;/td&gt;&lt;/tr&gt;
&lt;tr&gt;&lt;td&gt;Altitude: 9803.773 ft&lt;/td&gt;&lt;/tr&gt;
&lt;tr&gt;&lt;td&gt;Speed: 3.1 mph&lt;/td&gt;&lt;/tr&gt;
&lt;tr&gt;&lt;td&gt;Heading: 231.5&lt;/td&gt;&lt;/tr&gt;
&lt;tr&gt;&lt;td&gt;Time: 2021-02-19T20:48:42Z&lt;/td&gt;&lt;/tr&gt;
&lt;/table&gt;
</description>
        <LookAt>
          <longitude>-71.850327</longitude>
          <latitude>-13.420039</latitude>
          <tilt>66</tilt>
        </LookAt>
        <TimeStamp>
          <when>2021-02-19T20:48:42Z</when>
        </TimeStamp>
        <styleUrl>#track</styleUrl>
        <Point>
          <coordinates>-71.850327,-13.420039,2988.19</coordinates>
        </Point>
      </Placemark>
      <Placemark>
        <name>Apu Linli hike - Wikiloc-1535</name>
        <snippet></snippet>
        <description>
&lt;table&gt;
&lt;tr&gt;&lt;td&gt;Longitude: -71.850348&lt;/td&gt;&lt;/tr&gt;
&lt;tr&gt;&lt;td&gt;Latitude: -13.420084&lt;/td&gt;&lt;/tr&gt;
&lt;tr&gt;&lt;td&gt;Altitude: 9803.609 ft&lt;/td&gt;&lt;/tr&gt;
&lt;tr&gt;&lt;td&gt;Speed: 3.1 mph&lt;/td&gt;&lt;/tr&gt;
&lt;tr&gt;&lt;td&gt;Heading: 204.4&lt;/td&gt;&lt;/tr&gt;
&lt;tr&gt;&lt;td&gt;Time: 2021-02-19T20:48:46Z&lt;/td&gt;&lt;/tr&gt;
&lt;/table&gt;
</description>
        <LookAt>
          <longitude>-71.850348</longitude>
          <latitude>-13.420084</latitude>
          <tilt>66</tilt>
        </LookAt>
        <TimeStamp>
          <when>2021-02-19T20:48:46Z</when>
        </TimeStamp>
        <styleUrl>#track</styleUrl>
        <Point>
          <coordinates>-71.850348,-13.420084,2988.14</coordinates>
        </Point>
      </Placemark>
      <Placemark>
        <name>Apu Linli hike - Wikiloc-1536</name>
        <snippet></snippet>
        <description>
&lt;table&gt;
&lt;tr&gt;&lt;td&gt;Longitude: -71.850367&lt;/td&gt;&lt;/tr&gt;
&lt;tr&gt;&lt;td&gt;Latitude: -13.420130&lt;/td&gt;&lt;/tr&gt;
&lt;tr&gt;&lt;td&gt;Altitude: 9805.328 ft&lt;/td&gt;&lt;/tr&gt;
&lt;tr&gt;&lt;td&gt;Speed: 3.1 mph&lt;/td&gt;&lt;/tr&gt;
&lt;tr&gt;&lt;td&gt;Heading: 201.9&lt;/td&gt;&lt;/tr&gt;
&lt;tr&gt;&lt;td&gt;Time: 2021-02-19T20:48:50Z&lt;/td&gt;&lt;/tr&gt;
&lt;/table&gt;
</description>
        <LookAt>
          <longitude>-71.850367</longitude>
          <latitude>-13.42013</latitude>
          <tilt>66</tilt>
        </LookAt>
        <TimeStamp>
          <when>2021-02-19T20:48:50Z</when>
        </TimeStamp>
        <styleUrl>#track</styleUrl>
        <Point>
          <coordinates>-71.850367,-13.420130,2988.66</coordinates>
        </Point>
      </Placemark>
      <Placemark>
        <name>Apu Linli hike - Wikiloc-1537</name>
        <snippet></snippet>
        <description>
&lt;table&gt;
&lt;tr&gt;&lt;td&gt;Longitude: -71.850374&lt;/td&gt;&lt;/tr&gt;
&lt;tr&gt;&lt;td&gt;Latitude: -13.420179&lt;/td&gt;&lt;/tr&gt;
&lt;tr&gt;&lt;td&gt;Altitude: 9801.857 ft&lt;/td&gt;&lt;/tr&gt;
&lt;tr&gt;&lt;td&gt;Speed: 0.5 mph&lt;/td&gt;&lt;/tr&gt;
&lt;tr&gt;&lt;td&gt;Heading: 187.9&lt;/td&gt;&lt;/tr&gt;
&lt;tr&gt;&lt;td&gt;Time: 2021-02-19T20:49:17Z&lt;/td&gt;&lt;/tr&gt;
&lt;/table&gt;
</description>
        <LookAt>
          <longitude>-71.850374</longitude>
          <latitude>-13.420179</latitude>
          <tilt>66</tilt>
        </LookAt>
        <TimeStamp>
          <when>2021-02-19T20:49:17Z</when>
        </TimeStamp>
        <styleUrl>#track</styleUrl>
        <Point>
          <coordinates>-71.850374,-13.420179,2987.61</coordinates>
        </Point>
      </Placemark>
      <Placemark>
        <name>Apu Linli hike - Wikiloc-1538</name>
        <snippet></snippet>
        <description>
&lt;table&gt;
&lt;tr&gt;&lt;td&gt;Longitude: -71.850405&lt;/td&gt;&lt;/tr&gt;
&lt;tr&gt;&lt;td&gt;Latitude: -13.420225&lt;/td&gt;&lt;/tr&gt;
&lt;tr&gt;&lt;td&gt;Altitude: 9796.969 ft&lt;/td&gt;&lt;/tr&gt;
&lt;tr&gt;&lt;td&gt;Speed: 3.4 mph&lt;/td&gt;&lt;/tr&gt;
&lt;tr&gt;&lt;td&gt;Heading: 213.2&lt;/td&gt;&lt;/tr&gt;
&lt;tr&gt;&lt;td&gt;Time: 2021-02-19T20:49:21Z&lt;/td&gt;&lt;/tr&gt;
&lt;/table&gt;
</description>
        <LookAt>
          <longitude>-71.850405</longitude>
          <latitude>-13.420225</latitude>
          <tilt>66</tilt>
        </LookAt>
        <TimeStamp>
          <when>2021-02-19T20:49:21Z</when>
        </TimeStamp>
        <styleUrl>#track</styleUrl>
        <Point>
          <coordinates>-71.850405,-13.420225,2986.12</coordinates>
        </Point>
      </Placemark>
      <Placemark>
        <name>Apu Linli hike - Wikiloc-1539</name>
        <snippet></snippet>
        <description>
&lt;table&gt;
&lt;tr&gt;&lt;td&gt;Longitude: -71.850435&lt;/td&gt;&lt;/tr&gt;
&lt;tr&gt;&lt;td&gt;Latitude: -13.420267&lt;/td&gt;&lt;/tr&gt;
&lt;tr&gt;&lt;td&gt;Altitude: 9792.021 ft&lt;/td&gt;&lt;/tr&gt;
&lt;tr&gt;&lt;td&gt;Speed: 3.2 mph&lt;/td&gt;&lt;/tr&gt;
&lt;tr&gt;&lt;td&gt;Heading: 214.8&lt;/td&gt;&lt;/tr&gt;
&lt;tr&gt;&lt;td&gt;Time: 2021-02-19T20:49:25Z&lt;/td&gt;&lt;/tr&gt;
&lt;/table&gt;
</description>
        <LookAt>
          <longitude>-71.850435</longitude>
          <latitude>-13.420267</latitude>
          <tilt>66</tilt>
        </LookAt>
        <TimeStamp>
          <when>2021-02-19T20:49:25Z</when>
        </TimeStamp>
        <styleUrl>#track</styleUrl>
        <Point>
          <coordinates>-71.850435,-13.420267,2984.61</coordinates>
        </Point>
      </Placemark>
      <Placemark>
        <name>Apu Linli hike - Wikiloc-1540</name>
        <snippet></snippet>
        <description>
&lt;table&gt;
&lt;tr&gt;&lt;td&gt;Longitude: -71.850485&lt;/td&gt;&lt;/tr&gt;
&lt;tr&gt;&lt;td&gt;Latitude: -13.420334&lt;/td&gt;&lt;/tr&gt;
&lt;tr&gt;&lt;td&gt;Altitude: 9790.951 ft&lt;/td&gt;&lt;/tr&gt;
&lt;tr&gt;&lt;td&gt;Speed: 3.4 mph&lt;/td&gt;&lt;/tr&gt;
&lt;tr&gt;&lt;td&gt;Heading: 216.0&lt;/td&gt;&lt;/tr&gt;
&lt;tr&gt;&lt;td&gt;Time: 2021-02-19T20:49:31Z&lt;/td&gt;&lt;/tr&gt;
&lt;/table&gt;
</description>
        <LookAt>
          <longitude>-71.850485</longitude>
          <latitude>-13.420334</latitude>
          <tilt>66</tilt>
        </LookAt>
        <TimeStamp>
          <when>2021-02-19T20:49:31Z</when>
        </TimeStamp>
        <styleUrl>#track</styleUrl>
        <Point>
          <coordinates>-71.850485,-13.420334,2984.28</coordinates>
        </Point>
      </Placemark>
      <Placemark>
        <name>Apu Linli hike - Wikiloc-1541</name>
        <snippet></snippet>
        <description>
&lt;table&gt;
&lt;tr&gt;&lt;td&gt;Longitude: -71.850500&lt;/td&gt;&lt;/tr&gt;
&lt;tr&gt;&lt;td&gt;Latitude: -13.420383&lt;/td&gt;&lt;/tr&gt;
&lt;tr&gt;&lt;td&gt;Altitude: 9786.325 ft&lt;/td&gt;&lt;/tr&gt;
&lt;tr&gt;&lt;td&gt;Speed: 3.2 mph&lt;/td&gt;&lt;/tr&gt;
&lt;tr&gt;&lt;td&gt;Heading: 196.6&lt;/td&gt;&lt;/tr&gt;
&lt;tr&gt;&lt;td&gt;Time: 2021-02-19T20:49:35Z&lt;/td&gt;&lt;/tr&gt;
&lt;/table&gt;
</description>
        <LookAt>
          <longitude>-71.8505</longitude>
          <latitude>-13.420383</latitude>
          <tilt>66</tilt>
        </LookAt>
        <TimeStamp>
          <when>2021-02-19T20:49:35Z</when>
        </TimeStamp>
        <styleUrl>#track</styleUrl>
        <Point>
          <coordinates>-71.850500,-13.420383,2982.87</coordinates>
        </Point>
      </Placemark>
      <Placemark>
        <name>Apu Linli hike - Wikiloc-1542</name>
        <snippet></snippet>
        <description>
&lt;table&gt;
&lt;tr&gt;&lt;td&gt;Longitude: -71.850527&lt;/td&gt;&lt;/tr&gt;
&lt;tr&gt;&lt;td&gt;Latitude: -13.420426&lt;/td&gt;&lt;/tr&gt;
&lt;tr&gt;&lt;td&gt;Altitude: 9783.258 ft&lt;/td&gt;&lt;/tr&gt;
&lt;tr&gt;&lt;td&gt;Speed: 3.1 mph&lt;/td&gt;&lt;/tr&gt;
&lt;tr&gt;&lt;td&gt;Heading: 211.4&lt;/td&gt;&lt;/tr&gt;
&lt;tr&gt;&lt;td&gt;Time: 2021-02-19T20:49:39Z&lt;/td&gt;&lt;/tr&gt;
&lt;/table&gt;
</description>
        <LookAt>
          <longitude>-71.850527</longitude>
          <latitude>-13.420426</latitude>
          <tilt>66</tilt>
        </LookAt>
        <TimeStamp>
          <when>2021-02-19T20:49:39Z</when>
        </TimeStamp>
        <styleUrl>#track</styleUrl>
        <Point>
          <coordinates>-71.850527,-13.420426,2981.94</coordinates>
        </Point>
      </Placemark>
      <Placemark>
        <name>Apu Linli hike - Wikiloc-1543</name>
        <snippet></snippet>
        <description>
&lt;table&gt;
&lt;tr&gt;&lt;td&gt;Longitude: -71.850569&lt;/td&gt;&lt;/tr&gt;
&lt;tr&gt;&lt;td&gt;Latitude: -13.420465&lt;/td&gt;&lt;/tr&gt;
&lt;tr&gt;&lt;td&gt;Altitude: 9778.271 ft&lt;/td&gt;&lt;/tr&gt;
&lt;tr&gt;&lt;td&gt;Speed: 2.3 mph&lt;/td&gt;&lt;/tr&gt;
&lt;tr&gt;&lt;td&gt;Heading: 226.3&lt;/td&gt;&lt;/tr&gt;
&lt;tr&gt;&lt;td&gt;Time: 2021-02-19T20:49:45Z&lt;/td&gt;&lt;/tr&gt;
&lt;/table&gt;
</description>
        <LookAt>
          <longitude>-71.850569</longitude>
          <latitude>-13.420465</latitude>
          <tilt>66</tilt>
        </LookAt>
        <TimeStamp>
          <when>2021-02-19T20:49:45Z</when>
        </TimeStamp>
        <styleUrl>#track</styleUrl>
        <Point>
          <coordinates>-71.850569,-13.420465,2980.42</coordinates>
        </Point>
      </Placemark>
      <Placemark>
        <name>Apu Linli hike - Wikiloc-1544</name>
        <snippet></snippet>
        <description>
&lt;table&gt;
&lt;tr&gt;&lt;td&gt;Longitude: -71.850584&lt;/td&gt;&lt;/tr&gt;
&lt;tr&gt;&lt;td&gt;Latitude: -13.420518&lt;/td&gt;&lt;/tr&gt;
&lt;tr&gt;&lt;td&gt;Altitude: 9778.481 ft&lt;/td&gt;&lt;/tr&gt;
&lt;tr&gt;&lt;td&gt;Speed: 2.3 mph&lt;/td&gt;&lt;/tr&gt;
&lt;tr&gt;&lt;td&gt;Heading: 195.4&lt;/td&gt;&lt;/tr&gt;
&lt;tr&gt;&lt;td&gt;Time: 2021-02-19T20:49:51Z&lt;/td&gt;&lt;/tr&gt;
&lt;/table&gt;
</description>
        <LookAt>
          <longitude>-71.850584</longitude>
          <latitude>-13.420518</latitude>
          <tilt>66</tilt>
        </LookAt>
        <TimeStamp>
          <when>2021-02-19T20:49:51Z</when>
        </TimeStamp>
        <styleUrl>#track</styleUrl>
        <Point>
          <coordinates>-71.850584,-13.420518,2980.48</coordinates>
        </Point>
      </Placemark>
      <Placemark>
        <name>Apu Linli hike - Wikiloc-1545</name>
        <snippet></snippet>
        <description>
&lt;table&gt;
&lt;tr&gt;&lt;td&gt;Longitude: -71.850599&lt;/td&gt;&lt;/tr&gt;
&lt;tr&gt;&lt;td&gt;Latitude: -13.420565&lt;/td&gt;&lt;/tr&gt;
&lt;tr&gt;&lt;td&gt;Altitude: 9776.368 ft&lt;/td&gt;&lt;/tr&gt;
&lt;tr&gt;&lt;td&gt;Speed: 3.1 mph&lt;/td&gt;&lt;/tr&gt;
&lt;tr&gt;&lt;td&gt;Heading: 197.2&lt;/td&gt;&lt;/tr&gt;
&lt;tr&gt;&lt;td&gt;Time: 2021-02-19T20:49:55Z&lt;/td&gt;&lt;/tr&gt;
&lt;/table&gt;
</description>
        <LookAt>
          <longitude>-71.850599</longitude>
          <latitude>-13.420565</latitude>
          <tilt>66</tilt>
        </LookAt>
        <TimeStamp>
          <when>2021-02-19T20:49:55Z</when>
        </TimeStamp>
        <styleUrl>#track</styleUrl>
        <Point>
          <coordinates>-71.850599,-13.420565,2979.84</coordinates>
        </Point>
      </Placemark>
      <Placemark>
        <name>Apu Linli hike - Wikiloc-1546</name>
        <snippet></snippet>
        <description>
&lt;table&gt;
&lt;tr&gt;&lt;td&gt;Longitude: -71.850594&lt;/td&gt;&lt;/tr&gt;
&lt;tr&gt;&lt;td&gt;Latitude: -13.420611&lt;/td&gt;&lt;/tr&gt;
&lt;tr&gt;&lt;td&gt;Altitude: 9776.096 ft&lt;/td&gt;&lt;/tr&gt;
&lt;tr&gt;&lt;td&gt;Speed: 1.9 mph&lt;/td&gt;&lt;/tr&gt;
&lt;tr&gt;&lt;td&gt;Heading: 174.0&lt;/td&gt;&lt;/tr&gt;
&lt;tr&gt;&lt;td&gt;Time: 2021-02-19T20:50:01Z&lt;/td&gt;&lt;/tr&gt;
&lt;/table&gt;
</description>
        <LookAt>
          <longitude>-71.850594</longitude>
          <latitude>-13.420611</latitude>
          <tilt>66</tilt>
        </LookAt>
        <TimeStamp>
          <when>2021-02-19T20:50:01Z</when>
        </TimeStamp>
        <styleUrl>#track</styleUrl>
        <Point>
          <coordinates>-71.850594,-13.420611,2979.75</coordinates>
        </Point>
      </Placemark>
      <Placemark>
        <name>Apu Linli hike - Wikiloc-1547</name>
        <snippet></snippet>
        <description>
&lt;table&gt;
&lt;tr&gt;&lt;td&gt;Longitude: -71.850632&lt;/td&gt;&lt;/tr&gt;
&lt;tr&gt;&lt;td&gt;Latitude: -13.420658&lt;/td&gt;&lt;/tr&gt;
&lt;tr&gt;&lt;td&gt;Altitude: 9774.259 ft&lt;/td&gt;&lt;/tr&gt;
&lt;tr&gt;&lt;td&gt;Speed: 2.5 mph&lt;/td&gt;&lt;/tr&gt;
&lt;tr&gt;&lt;td&gt;Heading: 218.2&lt;/td&gt;&lt;/tr&gt;
&lt;tr&gt;&lt;td&gt;Time: 2021-02-19T20:50:07Z&lt;/td&gt;&lt;/tr&gt;
&lt;/table&gt;
</description>
        <LookAt>
          <longitude>-71.850632</longitude>
          <latitude>-13.420658</latitude>
          <tilt>66</tilt>
        </LookAt>
        <TimeStamp>
          <when>2021-02-19T20:50:07Z</when>
        </TimeStamp>
        <styleUrl>#track</styleUrl>
        <Point>
          <coordinates>-71.850632,-13.420658,2979.19</coordinates>
        </Point>
      </Placemark>
      <Placemark>
        <name>Apu Linli hike - Wikiloc-1548</name>
        <snippet></snippet>
        <description>
&lt;table&gt;
&lt;tr&gt;&lt;td&gt;Longitude: -71.850670&lt;/td&gt;&lt;/tr&gt;
&lt;tr&gt;&lt;td&gt;Latitude: -13.420707&lt;/td&gt;&lt;/tr&gt;
&lt;tr&gt;&lt;td&gt;Altitude: 9771.083 ft&lt;/td&gt;&lt;/tr&gt;
&lt;tr&gt;&lt;td&gt;Speed: 2.5 mph&lt;/td&gt;&lt;/tr&gt;
&lt;tr&gt;&lt;td&gt;Heading: 217.0&lt;/td&gt;&lt;/tr&gt;
&lt;tr&gt;&lt;td&gt;Time: 2021-02-19T20:50:13Z&lt;/td&gt;&lt;/tr&gt;
&lt;/table&gt;
</description>
        <LookAt>
          <longitude>-71.85067</longitude>
          <latitude>-13.420707</latitude>
          <tilt>66</tilt>
        </LookAt>
        <TimeStamp>
          <when>2021-02-19T20:50:13Z</when>
        </TimeStamp>
        <styleUrl>#track</styleUrl>
        <Point>
          <coordinates>-71.850670,-13.420707,2978.23</coordinates>
        </Point>
      </Placemark>
      <Placemark>
        <name>Apu Linli hike - Wikiloc-1549</name>
        <snippet></snippet>
        <description>
&lt;table&gt;
&lt;tr&gt;&lt;td&gt;Longitude: -71.850691&lt;/td&gt;&lt;/tr&gt;
&lt;tr&gt;&lt;td&gt;Latitude: -13.420763&lt;/td&gt;&lt;/tr&gt;
&lt;tr&gt;&lt;td&gt;Altitude: 9769.511 ft&lt;/td&gt;&lt;/tr&gt;
&lt;tr&gt;&lt;td&gt;Speed: 2.5 mph&lt;/td&gt;&lt;/tr&gt;
&lt;tr&gt;&lt;td&gt;Heading: 200.0&lt;/td&gt;&lt;/tr&gt;
&lt;tr&gt;&lt;td&gt;Time: 2021-02-19T20:50:19Z&lt;/td&gt;&lt;/tr&gt;
&lt;/table&gt;
</description>
        <LookAt>
          <longitude>-71.850691</longitude>
          <latitude>-13.420763</latitude>
          <tilt>66</tilt>
        </LookAt>
        <TimeStamp>
          <when>2021-02-19T20:50:19Z</when>
        </TimeStamp>
        <styleUrl>#track</styleUrl>
        <Point>
          <coordinates>-71.850691,-13.420763,2977.75</coordinates>
        </Point>
      </Placemark>
      <Placemark>
        <name>Apu Linli hike - Wikiloc-1550</name>
        <snippet></snippet>
        <description>
&lt;table&gt;
&lt;tr&gt;&lt;td&gt;Longitude: -71.850736&lt;/td&gt;&lt;/tr&gt;
&lt;tr&gt;&lt;td&gt;Latitude: -13.420800&lt;/td&gt;&lt;/tr&gt;
&lt;tr&gt;&lt;td&gt;Altitude: 9767.096 ft&lt;/td&gt;&lt;/tr&gt;
&lt;tr&gt;&lt;td&gt;Speed: 2.4 mph&lt;/td&gt;&lt;/tr&gt;
&lt;tr&gt;&lt;td&gt;Heading: 229.8&lt;/td&gt;&lt;/tr&gt;
&lt;tr&gt;&lt;td&gt;Time: 2021-02-19T20:50:25Z&lt;/td&gt;&lt;/tr&gt;
&lt;/table&gt;
</description>
        <LookAt>
          <longitude>-71.850736</longitude>
          <latitude>-13.4208</latitude>
          <tilt>66</tilt>
        </LookAt>
        <TimeStamp>
          <when>2021-02-19T20:50:25Z</when>
        </TimeStamp>
        <styleUrl>#track</styleUrl>
        <Point>
          <coordinates>-71.850736,-13.420800,2977.01</coordinates>
        </Point>
      </Placemark>
      <Placemark>
        <name>Apu Linli hike - Wikiloc-1551</name>
        <snippet></snippet>
        <description>
&lt;table&gt;
&lt;tr&gt;&lt;td&gt;Longitude: -71.850758&lt;/td&gt;&lt;/tr&gt;
&lt;tr&gt;&lt;td&gt;Latitude: -13.420853&lt;/td&gt;&lt;/tr&gt;
&lt;tr&gt;&lt;td&gt;Altitude: 9767.087 ft&lt;/td&gt;&lt;/tr&gt;
&lt;tr&gt;&lt;td&gt;Speed: 2.4 mph&lt;/td&gt;&lt;/tr&gt;
&lt;tr&gt;&lt;td&gt;Heading: 202.0&lt;/td&gt;&lt;/tr&gt;
&lt;tr&gt;&lt;td&gt;Time: 2021-02-19T20:50:31Z&lt;/td&gt;&lt;/tr&gt;
&lt;/table&gt;
</description>
        <LookAt>
          <longitude>-71.850758</longitude>
          <latitude>-13.420853</latitude>
          <tilt>66</tilt>
        </LookAt>
        <TimeStamp>
          <when>2021-02-19T20:50:31Z</when>
        </TimeStamp>
        <styleUrl>#track</styleUrl>
        <Point>
          <coordinates>-71.850758,-13.420853,2977.01</coordinates>
        </Point>
      </Placemark>
      <Placemark>
        <name>Apu Linli hike - Wikiloc-1552</name>
        <snippet></snippet>
        <description>
&lt;table&gt;
&lt;tr&gt;&lt;td&gt;Longitude: -71.850777&lt;/td&gt;&lt;/tr&gt;
&lt;tr&gt;&lt;td&gt;Latitude: -13.420910&lt;/td&gt;&lt;/tr&gt;
&lt;tr&gt;&lt;td&gt;Altitude: 9767.119 ft&lt;/td&gt;&lt;/tr&gt;
&lt;tr&gt;&lt;td&gt;Speed: 2.5 mph&lt;/td&gt;&lt;/tr&gt;
&lt;tr&gt;&lt;td&gt;Heading: 198.0&lt;/td&gt;&lt;/tr&gt;
&lt;tr&gt;&lt;td&gt;Time: 2021-02-19T20:50:37Z&lt;/td&gt;&lt;/tr&gt;
&lt;/table&gt;
</description>
        <LookAt>
          <longitude>-71.850777</longitude>
          <latitude>-13.42091</latitude>
          <tilt>66</tilt>
        </LookAt>
        <TimeStamp>
          <when>2021-02-19T20:50:37Z</when>
        </TimeStamp>
        <styleUrl>#track</styleUrl>
        <Point>
          <coordinates>-71.850777,-13.420910,2977.02</coordinates>
        </Point>
      </Placemark>
      <Placemark>
        <name>Apu Linli hike - Wikiloc-1553</name>
        <snippet></snippet>
        <description>
&lt;table&gt;
&lt;tr&gt;&lt;td&gt;Longitude: -71.850793&lt;/td&gt;&lt;/tr&gt;
&lt;tr&gt;&lt;td&gt;Latitude: -13.420953&lt;/td&gt;&lt;/tr&gt;
&lt;tr&gt;&lt;td&gt;Altitude: 9766.463 ft&lt;/td&gt;&lt;/tr&gt;
&lt;tr&gt;&lt;td&gt;Speed: 2.8 mph&lt;/td&gt;&lt;/tr&gt;
&lt;tr&gt;&lt;td&gt;Heading: 199.9&lt;/td&gt;&lt;/tr&gt;
&lt;tr&gt;&lt;td&gt;Time: 2021-02-19T20:50:41Z&lt;/td&gt;&lt;/tr&gt;
&lt;/table&gt;
</description>
        <LookAt>
          <longitude>-71.850793</longitude>
          <latitude>-13.420953</latitude>
          <tilt>66</tilt>
        </LookAt>
        <TimeStamp>
          <when>2021-02-19T20:50:41Z</when>
        </TimeStamp>
        <styleUrl>#track</styleUrl>
        <Point>
          <coordinates>-71.850793,-13.420953,2976.82</coordinates>
        </Point>
      </Placemark>
      <Placemark>
        <name>Apu Linli hike - Wikiloc-1554</name>
        <snippet></snippet>
        <description>
&lt;table&gt;
&lt;tr&gt;&lt;td&gt;Longitude: -71.850809&lt;/td&gt;&lt;/tr&gt;
&lt;tr&gt;&lt;td&gt;Latitude: -13.421006&lt;/td&gt;&lt;/tr&gt;
&lt;tr&gt;&lt;td&gt;Altitude: 9765.692 ft&lt;/td&gt;&lt;/tr&gt;
&lt;tr&gt;&lt;td&gt;Speed: 2.3 mph&lt;/td&gt;&lt;/tr&gt;
&lt;tr&gt;&lt;td&gt;Heading: 196.4&lt;/td&gt;&lt;/tr&gt;
&lt;tr&gt;&lt;td&gt;Time: 2021-02-19T20:50:47Z&lt;/td&gt;&lt;/tr&gt;
&lt;/table&gt;
</description>
        <LookAt>
          <longitude>-71.850809</longitude>
          <latitude>-13.421006</latitude>
          <tilt>66</tilt>
        </LookAt>
        <TimeStamp>
          <when>2021-02-19T20:50:47Z</when>
        </TimeStamp>
        <styleUrl>#track</styleUrl>
        <Point>
          <coordinates>-71.850809,-13.421006,2976.58</coordinates>
        </Point>
      </Placemark>
      <Placemark>
        <name>Apu Linli hike - Wikiloc-1555</name>
        <snippet></snippet>
        <description>
&lt;table&gt;
&lt;tr&gt;&lt;td&gt;Longitude: -71.850814&lt;/td&gt;&lt;/tr&gt;
&lt;tr&gt;&lt;td&gt;Latitude: -13.421059&lt;/td&gt;&lt;/tr&gt;
&lt;tr&gt;&lt;td&gt;Altitude: 9767.989 ft&lt;/td&gt;&lt;/tr&gt;
&lt;tr&gt;&lt;td&gt;Speed: 2.2 mph&lt;/td&gt;&lt;/tr&gt;
&lt;tr&gt;&lt;td&gt;Heading: 185.2&lt;/td&gt;&lt;/tr&gt;
&lt;tr&gt;&lt;td&gt;Time: 2021-02-19T20:50:53Z&lt;/td&gt;&lt;/tr&gt;
&lt;/table&gt;
</description>
        <LookAt>
          <longitude>-71.850814</longitude>
          <latitude>-13.421059</latitude>
          <tilt>66</tilt>
        </LookAt>
        <TimeStamp>
          <when>2021-02-19T20:50:53Z</when>
        </TimeStamp>
        <styleUrl>#track</styleUrl>
        <Point>
          <coordinates>-71.850814,-13.421059,2977.28</coordinates>
        </Point>
      </Placemark>
      <Placemark>
        <name>Apu Linli hike - Wikiloc-1556</name>
        <snippet></snippet>
        <description>
&lt;table&gt;
&lt;tr&gt;&lt;td&gt;Longitude: -71.850860&lt;/td&gt;&lt;/tr&gt;
&lt;tr&gt;&lt;td&gt;Latitude: -13.421087&lt;/td&gt;&lt;/tr&gt;
&lt;tr&gt;&lt;td&gt;Altitude: 9766.230 ft&lt;/td&gt;&lt;/tr&gt;
&lt;tr&gt;&lt;td&gt;Speed: 2.2 mph&lt;/td&gt;&lt;/tr&gt;
&lt;tr&gt;&lt;td&gt;Heading: 238.0&lt;/td&gt;&lt;/tr&gt;
&lt;tr&gt;&lt;td&gt;Time: 2021-02-19T20:50:59Z&lt;/td&gt;&lt;/tr&gt;
&lt;/table&gt;
</description>
        <LookAt>
          <longitude>-71.85086</longitude>
          <latitude>-13.421087</latitude>
          <tilt>66</tilt>
        </LookAt>
        <TimeStamp>
          <when>2021-02-19T20:50:59Z</when>
        </TimeStamp>
        <styleUrl>#track</styleUrl>
        <Point>
          <coordinates>-71.850860,-13.421087,2976.75</coordinates>
        </Point>
      </Placemark>
      <Placemark>
        <name>Apu Linli hike - Wikiloc-1557</name>
        <snippet></snippet>
        <description>
&lt;table&gt;
&lt;tr&gt;&lt;td&gt;Longitude: -71.850896&lt;/td&gt;&lt;/tr&gt;
&lt;tr&gt;&lt;td&gt;Latitude: -13.421127&lt;/td&gt;&lt;/tr&gt;
&lt;tr&gt;&lt;td&gt;Altitude: 9764.938 ft&lt;/td&gt;&lt;/tr&gt;
&lt;tr&gt;&lt;td&gt;Speed: 2.2 mph&lt;/td&gt;&lt;/tr&gt;
&lt;tr&gt;&lt;td&gt;Heading: 221.2&lt;/td&gt;&lt;/tr&gt;
&lt;tr&gt;&lt;td&gt;Time: 2021-02-19T20:51:05Z&lt;/td&gt;&lt;/tr&gt;
&lt;/table&gt;
</description>
        <LookAt>
          <longitude>-71.850896</longitude>
          <latitude>-13.421127</latitude>
          <tilt>66</tilt>
        </LookAt>
        <TimeStamp>
          <when>2021-02-19T20:51:05Z</when>
        </TimeStamp>
        <styleUrl>#track</styleUrl>
        <Point>
          <coordinates>-71.850896,-13.421127,2976.35</coordinates>
        </Point>
      </Placemark>
      <Placemark>
        <name>Apu Linli hike - Wikiloc-1558</name>
        <snippet></snippet>
        <description>
&lt;table&gt;
&lt;tr&gt;&lt;td&gt;Longitude: -71.850909&lt;/td&gt;&lt;/tr&gt;
&lt;tr&gt;&lt;td&gt;Latitude: -13.421186&lt;/td&gt;&lt;/tr&gt;
&lt;tr&gt;&lt;td&gt;Altitude: 9763.845 ft&lt;/td&gt;&lt;/tr&gt;
&lt;tr&gt;&lt;td&gt;Speed: 2.5 mph&lt;/td&gt;&lt;/tr&gt;
&lt;tr&gt;&lt;td&gt;Heading: 192.1&lt;/td&gt;&lt;/tr&gt;
&lt;tr&gt;&lt;td&gt;Time: 2021-02-19T20:51:11Z&lt;/td&gt;&lt;/tr&gt;
&lt;/table&gt;
</description>
        <LookAt>
          <longitude>-71.850909</longitude>
          <latitude>-13.421186</latitude>
          <tilt>66</tilt>
        </LookAt>
        <TimeStamp>
          <when>2021-02-19T20:51:11Z</when>
        </TimeStamp>
        <styleUrl>#track</styleUrl>
        <Point>
          <coordinates>-71.850909,-13.421186,2976.02</coordinates>
        </Point>
      </Placemark>
      <Placemark>
        <name>Apu Linli hike - Wikiloc-1559</name>
        <snippet></snippet>
        <description>
&lt;table&gt;
&lt;tr&gt;&lt;td&gt;Longitude: -71.850923&lt;/td&gt;&lt;/tr&gt;
&lt;tr&gt;&lt;td&gt;Latitude: -13.421247&lt;/td&gt;&lt;/tr&gt;
&lt;tr&gt;&lt;td&gt;Altitude: 9763.058 ft&lt;/td&gt;&lt;/tr&gt;
&lt;tr&gt;&lt;td&gt;Speed: 2.6 mph&lt;/td&gt;&lt;/tr&gt;
&lt;tr&gt;&lt;td&gt;Heading: 192.6&lt;/td&gt;&lt;/tr&gt;
&lt;tr&gt;&lt;td&gt;Time: 2021-02-19T20:51:17Z&lt;/td&gt;&lt;/tr&gt;
&lt;/table&gt;
</description>
        <LookAt>
          <longitude>-71.850923</longitude>
          <latitude>-13.421247</latitude>
          <tilt>66</tilt>
        </LookAt>
        <TimeStamp>
          <when>2021-02-19T20:51:17Z</when>
        </TimeStamp>
        <styleUrl>#track</styleUrl>
        <Point>
          <coordinates>-71.850923,-13.421247,2975.78</coordinates>
        </Point>
      </Placemark>
      <Placemark>
        <name>Apu Linli hike - Wikiloc-1560</name>
        <snippet></snippet>
        <description>
&lt;table&gt;
&lt;tr&gt;&lt;td&gt;Longitude: -71.850945&lt;/td&gt;&lt;/tr&gt;
&lt;tr&gt;&lt;td&gt;Latitude: -13.421300&lt;/td&gt;&lt;/tr&gt;
&lt;tr&gt;&lt;td&gt;Altitude: 9762.448 ft&lt;/td&gt;&lt;/tr&gt;
&lt;tr&gt;&lt;td&gt;Speed: 2.4 mph&lt;/td&gt;&lt;/tr&gt;
&lt;tr&gt;&lt;td&gt;Heading: 202.0&lt;/td&gt;&lt;/tr&gt;
&lt;tr&gt;&lt;td&gt;Time: 2021-02-19T20:51:23Z&lt;/td&gt;&lt;/tr&gt;
&lt;/table&gt;
</description>
        <LookAt>
          <longitude>-71.850945</longitude>
          <latitude>-13.4213</latitude>
          <tilt>66</tilt>
        </LookAt>
        <TimeStamp>
          <when>2021-02-19T20:51:23Z</when>
        </TimeStamp>
        <styleUrl>#track</styleUrl>
        <Point>
          <coordinates>-71.850945,-13.421300,2975.59</coordinates>
        </Point>
      </Placemark>
      <Placemark>
        <name>Apu Linli hike - Wikiloc-1561</name>
        <snippet></snippet>
        <description>
&lt;table&gt;
&lt;tr&gt;&lt;td&gt;Longitude: -71.850957&lt;/td&gt;&lt;/tr&gt;
&lt;tr&gt;&lt;td&gt;Latitude: -13.421344&lt;/td&gt;&lt;/tr&gt;
&lt;tr&gt;&lt;td&gt;Altitude: 9761.014 ft&lt;/td&gt;&lt;/tr&gt;
&lt;tr&gt;&lt;td&gt;Speed: 2.8 mph&lt;/td&gt;&lt;/tr&gt;
&lt;tr&gt;&lt;td&gt;Heading: 194.9&lt;/td&gt;&lt;/tr&gt;
&lt;tr&gt;&lt;td&gt;Time: 2021-02-19T20:51:27Z&lt;/td&gt;&lt;/tr&gt;
&lt;/table&gt;
</description>
        <LookAt>
          <longitude>-71.850957</longitude>
          <latitude>-13.421344</latitude>
          <tilt>66</tilt>
        </LookAt>
        <TimeStamp>
          <when>2021-02-19T20:51:27Z</when>
        </TimeStamp>
        <styleUrl>#track</styleUrl>
        <Point>
          <coordinates>-71.850957,-13.421344,2975.16</coordinates>
        </Point>
      </Placemark>
      <Placemark>
        <name>Apu Linli hike - Wikiloc-1562</name>
        <snippet></snippet>
        <description>
&lt;table&gt;
&lt;tr&gt;&lt;td&gt;Longitude: -71.850975&lt;/td&gt;&lt;/tr&gt;
&lt;tr&gt;&lt;td&gt;Latitude: -13.421406&lt;/td&gt;&lt;/tr&gt;
&lt;tr&gt;&lt;td&gt;Altitude: 9758.274 ft&lt;/td&gt;&lt;/tr&gt;
&lt;tr&gt;&lt;td&gt;Speed: 2.7 mph&lt;/td&gt;&lt;/tr&gt;
&lt;tr&gt;&lt;td&gt;Heading: 195.8&lt;/td&gt;&lt;/tr&gt;
&lt;tr&gt;&lt;td&gt;Time: 2021-02-19T20:51:33Z&lt;/td&gt;&lt;/tr&gt;
&lt;/table&gt;
</description>
        <LookAt>
          <longitude>-71.850975</longitude>
          <latitude>-13.421406</latitude>
          <tilt>66</tilt>
        </LookAt>
        <TimeStamp>
          <when>2021-02-19T20:51:33Z</when>
        </TimeStamp>
        <styleUrl>#track</styleUrl>
        <Point>
          <coordinates>-71.850975,-13.421406,2974.32</coordinates>
        </Point>
      </Placemark>
      <Placemark>
        <name>Apu Linli hike - Wikiloc-1563</name>
        <snippet></snippet>
        <description>
&lt;table&gt;
&lt;tr&gt;&lt;td&gt;Longitude: -71.850999&lt;/td&gt;&lt;/tr&gt;
&lt;tr&gt;&lt;td&gt;Latitude: -13.421471&lt;/td&gt;&lt;/tr&gt;
&lt;tr&gt;&lt;td&gt;Altitude: 9754.291 ft&lt;/td&gt;&lt;/tr&gt;
&lt;tr&gt;&lt;td&gt;Speed: 2.9 mph&lt;/td&gt;&lt;/tr&gt;
&lt;tr&gt;&lt;td&gt;Heading: 199.8&lt;/td&gt;&lt;/tr&gt;
&lt;tr&gt;&lt;td&gt;Time: 2021-02-19T20:51:39Z&lt;/td&gt;&lt;/tr&gt;
&lt;/table&gt;
</description>
        <LookAt>
          <longitude>-71.850999</longitude>
          <latitude>-13.421471</latitude>
          <tilt>66</tilt>
        </LookAt>
        <TimeStamp>
          <when>2021-02-19T20:51:39Z</when>
        </TimeStamp>
        <styleUrl>#track</styleUrl>
        <Point>
          <coordinates>-71.850999,-13.421471,2973.11</coordinates>
        </Point>
      </Placemark>
      <Placemark>
        <name>Apu Linli hike - Wikiloc-1564</name>
        <snippet></snippet>
        <description>
&lt;table&gt;
&lt;tr&gt;&lt;td&gt;Longitude: -71.851011&lt;/td&gt;&lt;/tr&gt;
&lt;tr&gt;&lt;td&gt;Latitude: -13.421518&lt;/td&gt;&lt;/tr&gt;
&lt;tr&gt;&lt;td&gt;Altitude: 9752.280 ft&lt;/td&gt;&lt;/tr&gt;
&lt;tr&gt;&lt;td&gt;Speed: 3.0 mph&lt;/td&gt;&lt;/tr&gt;
&lt;tr&gt;&lt;td&gt;Heading: 193.9&lt;/td&gt;&lt;/tr&gt;
&lt;tr&gt;&lt;td&gt;Time: 2021-02-19T20:51:43Z&lt;/td&gt;&lt;/tr&gt;
&lt;/table&gt;
</description>
        <LookAt>
          <longitude>-71.851011</longitude>
          <latitude>-13.421518</latitude>
          <tilt>66</tilt>
        </LookAt>
        <TimeStamp>
          <when>2021-02-19T20:51:43Z</when>
        </TimeStamp>
        <styleUrl>#track</styleUrl>
        <Point>
          <coordinates>-71.851011,-13.421518,2972.49</coordinates>
        </Point>
      </Placemark>
      <Placemark>
        <name>Apu Linli hike - Wikiloc-1565</name>
        <snippet></snippet>
        <description>
&lt;table&gt;
&lt;tr&gt;&lt;td&gt;Longitude: -71.851057&lt;/td&gt;&lt;/tr&gt;
&lt;tr&gt;&lt;td&gt;Latitude: -13.421553&lt;/td&gt;&lt;/tr&gt;
&lt;tr&gt;&lt;td&gt;Altitude: 9754.216 ft&lt;/td&gt;&lt;/tr&gt;
&lt;tr&gt;&lt;td&gt;Speed: 2.8 mph&lt;/td&gt;&lt;/tr&gt;
&lt;tr&gt;&lt;td&gt;Heading: 232.0&lt;/td&gt;&lt;/tr&gt;
&lt;tr&gt;&lt;td&gt;Time: 2021-02-19T20:51:48Z&lt;/td&gt;&lt;/tr&gt;
&lt;/table&gt;
</description>
        <LookAt>
          <longitude>-71.851057</longitude>
          <latitude>-13.421553</latitude>
          <tilt>66</tilt>
        </LookAt>
        <TimeStamp>
          <when>2021-02-19T20:51:48Z</when>
        </TimeStamp>
        <styleUrl>#track</styleUrl>
        <Point>
          <coordinates>-71.851057,-13.421553,2973.09</coordinates>
        </Point>
      </Placemark>
      <Placemark>
        <name>Apu Linli hike - Wikiloc-1566</name>
        <snippet></snippet>
        <description>
&lt;table&gt;
&lt;tr&gt;&lt;td&gt;Longitude: -71.851086&lt;/td&gt;&lt;/tr&gt;
&lt;tr&gt;&lt;td&gt;Latitude: -13.421613&lt;/td&gt;&lt;/tr&gt;
&lt;tr&gt;&lt;td&gt;Altitude: 9755.282 ft&lt;/td&gt;&lt;/tr&gt;
&lt;tr&gt;&lt;td&gt;Speed: 3.3 mph&lt;/td&gt;&lt;/tr&gt;
&lt;tr&gt;&lt;td&gt;Heading: 205.2&lt;/td&gt;&lt;/tr&gt;
&lt;tr&gt;&lt;td&gt;Time: 2021-02-19T20:51:53Z&lt;/td&gt;&lt;/tr&gt;
&lt;/table&gt;
</description>
        <LookAt>
          <longitude>-71.851086</longitude>
          <latitude>-13.421613</latitude>
          <tilt>66</tilt>
        </LookAt>
        <TimeStamp>
          <when>2021-02-19T20:51:53Z</when>
        </TimeStamp>
        <styleUrl>#track</styleUrl>
        <Point>
          <coordinates>-71.851086,-13.421613,2973.41</coordinates>
        </Point>
      </Placemark>
      <Placemark>
        <name>Apu Linli hike - Wikiloc-1567</name>
        <snippet></snippet>
        <description>
&lt;table&gt;
&lt;tr&gt;&lt;td&gt;Longitude: -71.851096&lt;/td&gt;&lt;/tr&gt;
&lt;tr&gt;&lt;td&gt;Latitude: -13.421660&lt;/td&gt;&lt;/tr&gt;
&lt;tr&gt;&lt;td&gt;Altitude: 9757.776 ft&lt;/td&gt;&lt;/tr&gt;
&lt;tr&gt;&lt;td&gt;Speed: 4.0 mph&lt;/td&gt;&lt;/tr&gt;
&lt;tr&gt;&lt;td&gt;Heading: 191.7&lt;/td&gt;&lt;/tr&gt;
&lt;tr&gt;&lt;td&gt;Time: 2021-02-19T20:51:56Z&lt;/td&gt;&lt;/tr&gt;
&lt;/table&gt;
</description>
        <LookAt>
          <longitude>-71.851096</longitude>
          <latitude>-13.42166</latitude>
          <tilt>66</tilt>
        </LookAt>
        <TimeStamp>
          <when>2021-02-19T20:51:56Z</when>
        </TimeStamp>
        <styleUrl>#track</styleUrl>
        <Point>
          <coordinates>-71.851096,-13.421660,2974.17</coordinates>
        </Point>
      </Placemark>
      <Placemark>
        <name>Apu Linli hike - Wikiloc-1568</name>
        <snippet></snippet>
        <description>
&lt;table&gt;
&lt;tr&gt;&lt;td&gt;Longitude: -71.851114&lt;/td&gt;&lt;/tr&gt;
&lt;tr&gt;&lt;td&gt;Latitude: -13.421714&lt;/td&gt;&lt;/tr&gt;
&lt;tr&gt;&lt;td&gt;Altitude: 9757.690 ft&lt;/td&gt;&lt;/tr&gt;
&lt;tr&gt;&lt;td&gt;Speed: 3.5 mph&lt;/td&gt;&lt;/tr&gt;
&lt;tr&gt;&lt;td&gt;Heading: 198.0&lt;/td&gt;&lt;/tr&gt;
&lt;tr&gt;&lt;td&gt;Time: 2021-02-19T20:52:00Z&lt;/td&gt;&lt;/tr&gt;
&lt;/table&gt;
</description>
        <LookAt>
          <longitude>-71.851114</longitude>
          <latitude>-13.421714</latitude>
          <tilt>66</tilt>
        </LookAt>
        <TimeStamp>
          <when>2021-02-19T20:52:00Z</when>
        </TimeStamp>
        <styleUrl>#track</styleUrl>
        <Point>
          <coordinates>-71.851114,-13.421714,2974.14</coordinates>
        </Point>
      </Placemark>
      <Placemark>
        <name>Apu Linli hike - Wikiloc-1569</name>
        <snippet></snippet>
        <description>
&lt;table&gt;
&lt;tr&gt;&lt;td&gt;Longitude: -71.851138&lt;/td&gt;&lt;/tr&gt;
&lt;tr&gt;&lt;td&gt;Latitude: -13.421764&lt;/td&gt;&lt;/tr&gt;
&lt;tr&gt;&lt;td&gt;Altitude: 9756.791 ft&lt;/td&gt;&lt;/tr&gt;
&lt;tr&gt;&lt;td&gt;Speed: 2.7 mph&lt;/td&gt;&lt;/tr&gt;
&lt;tr&gt;&lt;td&gt;Heading: 205.0&lt;/td&gt;&lt;/tr&gt;
&lt;tr&gt;&lt;td&gt;Time: 2021-02-19T20:52:05Z&lt;/td&gt;&lt;/tr&gt;
&lt;/table&gt;
</description>
        <LookAt>
          <longitude>-71.851138</longitude>
          <latitude>-13.421764</latitude>
          <tilt>66</tilt>
        </LookAt>
        <TimeStamp>
          <when>2021-02-19T20:52:05Z</when>
        </TimeStamp>
        <styleUrl>#track</styleUrl>
        <Point>
          <coordinates>-71.851138,-13.421764,2973.87</coordinates>
        </Point>
      </Placemark>
      <Placemark>
        <name>Apu Linli hike - Wikiloc-1570</name>
        <snippet></snippet>
        <description>
&lt;table&gt;
&lt;tr&gt;&lt;td&gt;Longitude: -71.851153&lt;/td&gt;&lt;/tr&gt;
&lt;tr&gt;&lt;td&gt;Latitude: -13.421810&lt;/td&gt;&lt;/tr&gt;
&lt;tr&gt;&lt;td&gt;Altitude: 9755.699 ft&lt;/td&gt;&lt;/tr&gt;
&lt;tr&gt;&lt;td&gt;Speed: 3.0 mph&lt;/td&gt;&lt;/tr&gt;
&lt;tr&gt;&lt;td&gt;Heading: 197.6&lt;/td&gt;&lt;/tr&gt;
&lt;tr&gt;&lt;td&gt;Time: 2021-02-19T20:52:09Z&lt;/td&gt;&lt;/tr&gt;
&lt;/table&gt;
</description>
        <LookAt>
          <longitude>-71.851153</longitude>
          <latitude>-13.42181</latitude>
          <tilt>66</tilt>
        </LookAt>
        <TimeStamp>
          <when>2021-02-19T20:52:09Z</when>
        </TimeStamp>
        <styleUrl>#track</styleUrl>
        <Point>
          <coordinates>-71.851153,-13.421810,2973.54</coordinates>
        </Point>
      </Placemark>
      <Placemark>
        <name>Apu Linli hike - Wikiloc-1571</name>
        <snippet></snippet>
        <description>
&lt;table&gt;
&lt;tr&gt;&lt;td&gt;Longitude: -71.851202&lt;/td&gt;&lt;/tr&gt;
&lt;tr&gt;&lt;td&gt;Latitude: -13.421782&lt;/td&gt;&lt;/tr&gt;
&lt;tr&gt;&lt;td&gt;Altitude: 9755.371 ft&lt;/td&gt;&lt;/tr&gt;
&lt;tr&gt;&lt;td&gt;Speed: 1.1 mph&lt;/td&gt;&lt;/tr&gt;
&lt;tr&gt;&lt;td&gt;Heading: 300.4&lt;/td&gt;&lt;/tr&gt;
&lt;tr&gt;&lt;td&gt;Time: 2021-02-19T20:52:21Z&lt;/td&gt;&lt;/tr&gt;
&lt;/table&gt;
</description>
        <LookAt>
          <longitude>-71.851202</longitude>
          <latitude>-13.421782</latitude>
          <tilt>66</tilt>
        </LookAt>
        <TimeStamp>
          <when>2021-02-19T20:52:21Z</when>
        </TimeStamp>
        <styleUrl>#track</styleUrl>
        <Point>
          <coordinates>-71.851202,-13.421782,2973.44</coordinates>
        </Point>
      </Placemark>
      <Placemark>
        <name>Apu Linli hike - Wikiloc-1572</name>
        <snippet></snippet>
        <description>
&lt;table&gt;
&lt;tr&gt;&lt;td&gt;Longitude: -71.851106&lt;/td&gt;&lt;/tr&gt;
&lt;tr&gt;&lt;td&gt;Latitude: -13.421858&lt;/td&gt;&lt;/tr&gt;
&lt;tr&gt;&lt;td&gt;Altitude: 9750.322 ft&lt;/td&gt;&lt;/tr&gt;
&lt;tr&gt;&lt;td&gt;Speed: 0.3 mph&lt;/td&gt;&lt;/tr&gt;
&lt;tr&gt;&lt;td&gt;Heading: 129.1&lt;/td&gt;&lt;/tr&gt;
&lt;tr&gt;&lt;td&gt;Time: 2021-02-19T20:54:12Z&lt;/td&gt;&lt;/tr&gt;
&lt;/table&gt;
</description>
        <LookAt>
          <longitude>-71.851106</longitude>
          <latitude>-13.421858</latitude>
          <tilt>66</tilt>
        </LookAt>
        <TimeStamp>
          <when>2021-02-19T20:54:12Z</when>
        </TimeStamp>
        <styleUrl>#track</styleUrl>
        <Point>
          <coordinates>-71.851106,-13.421858,2971.90</coordinates>
        </Point>
      </Placemark>
      <Placemark>
        <name>Apu Linli hike - Wikiloc-1573</name>
        <snippet></snippet>
        <description>
&lt;table&gt;
&lt;tr&gt;&lt;td&gt;Longitude: -71.851157&lt;/td&gt;&lt;/tr&gt;
&lt;tr&gt;&lt;td&gt;Latitude: -13.421908&lt;/td&gt;&lt;/tr&gt;
&lt;tr&gt;&lt;td&gt;Altitude: 9745.456 ft&lt;/td&gt;&lt;/tr&gt;
&lt;tr&gt;&lt;td&gt;Speed: 2.9 mph&lt;/td&gt;&lt;/tr&gt;
&lt;tr&gt;&lt;td&gt;Heading: 224.8&lt;/td&gt;&lt;/tr&gt;
&lt;tr&gt;&lt;td&gt;Time: 2021-02-19T20:54:18Z&lt;/td&gt;&lt;/tr&gt;
&lt;/table&gt;
</description>
        <LookAt>
          <longitude>-71.851157</longitude>
          <latitude>-13.421908</latitude>
          <tilt>66</tilt>
        </LookAt>
        <TimeStamp>
          <when>2021-02-19T20:54:18Z</when>
        </TimeStamp>
        <styleUrl>#track</styleUrl>
        <Point>
          <coordinates>-71.851157,-13.421908,2970.41</coordinates>
        </Point>
      </Placemark>
      <Placemark>
        <name>Apu Linli hike - Wikiloc-1574</name>
        <snippet></snippet>
        <description>
&lt;table&gt;
&lt;tr&gt;&lt;td&gt;Longitude: -71.851183&lt;/td&gt;&lt;/tr&gt;
&lt;tr&gt;&lt;td&gt;Latitude: -13.421959&lt;/td&gt;&lt;/tr&gt;
&lt;tr&gt;&lt;td&gt;Altitude: 9742.211 ft&lt;/td&gt;&lt;/tr&gt;
&lt;tr&gt;&lt;td&gt;Speed: 2.4 mph&lt;/td&gt;&lt;/tr&gt;
&lt;tr&gt;&lt;td&gt;Heading: 206.4&lt;/td&gt;&lt;/tr&gt;
&lt;tr&gt;&lt;td&gt;Time: 2021-02-19T20:54:24Z&lt;/td&gt;&lt;/tr&gt;
&lt;/table&gt;
</description>
        <LookAt>
          <longitude>-71.851183</longitude>
          <latitude>-13.421959</latitude>
          <tilt>66</tilt>
        </LookAt>
        <TimeStamp>
          <when>2021-02-19T20:54:24Z</when>
        </TimeStamp>
        <styleUrl>#track</styleUrl>
        <Point>
          <coordinates>-71.851183,-13.421959,2969.43</coordinates>
        </Point>
      </Placemark>
      <Placemark>
        <name>Apu Linli hike - Wikiloc-1575</name>
        <snippet></snippet>
        <description>
&lt;table&gt;
&lt;tr&gt;&lt;td&gt;Longitude: -71.851220&lt;/td&gt;&lt;/tr&gt;
&lt;tr&gt;&lt;td&gt;Latitude: -13.422003&lt;/td&gt;&lt;/tr&gt;
&lt;tr&gt;&lt;td&gt;Altitude: 9740.840 ft&lt;/td&gt;&lt;/tr&gt;
&lt;tr&gt;&lt;td&gt;Speed: 2.4 mph&lt;/td&gt;&lt;/tr&gt;
&lt;tr&gt;&lt;td&gt;Heading: 219.3&lt;/td&gt;&lt;/tr&gt;
&lt;tr&gt;&lt;td&gt;Time: 2021-02-19T20:54:30Z&lt;/td&gt;&lt;/tr&gt;
&lt;/table&gt;
</description>
        <LookAt>
          <longitude>-71.85122</longitude>
          <latitude>-13.422003</latitude>
          <tilt>66</tilt>
        </LookAt>
        <TimeStamp>
          <when>2021-02-19T20:54:30Z</when>
        </TimeStamp>
        <styleUrl>#track</styleUrl>
        <Point>
          <coordinates>-71.851220,-13.422003,2969.01</coordinates>
        </Point>
      </Placemark>
      <Placemark>
        <name>Apu Linli hike - Wikiloc-1576</name>
        <snippet></snippet>
        <description>
&lt;table&gt;
&lt;tr&gt;&lt;td&gt;Longitude: -71.851242&lt;/td&gt;&lt;/tr&gt;
&lt;tr&gt;&lt;td&gt;Latitude: -13.422051&lt;/td&gt;&lt;/tr&gt;
&lt;tr&gt;&lt;td&gt;Altitude: 9742.733 ft&lt;/td&gt;&lt;/tr&gt;
&lt;tr&gt;&lt;td&gt;Speed: 0.7 mph&lt;/td&gt;&lt;/tr&gt;
&lt;tr&gt;&lt;td&gt;Heading: 204.0&lt;/td&gt;&lt;/tr&gt;
&lt;tr&gt;&lt;td&gt;Time: 2021-02-19T20:54:48Z&lt;/td&gt;&lt;/tr&gt;
&lt;/table&gt;
</description>
        <LookAt>
          <longitude>-71.851242</longitude>
          <latitude>-13.422051</latitude>
          <tilt>66</tilt>
        </LookAt>
        <TimeStamp>
          <when>2021-02-19T20:54:48Z</when>
        </TimeStamp>
        <styleUrl>#track</styleUrl>
        <Point>
          <coordinates>-71.851242,-13.422051,2969.59</coordinates>
        </Point>
      </Placemark>
      <Placemark>
        <name>Apu Linli hike - Wikiloc-1577</name>
        <snippet></snippet>
        <description>
&lt;table&gt;
&lt;tr&gt;&lt;td&gt;Longitude: -71.851300&lt;/td&gt;&lt;/tr&gt;
&lt;tr&gt;&lt;td&gt;Latitude: -13.422044&lt;/td&gt;&lt;/tr&gt;
&lt;tr&gt;&lt;td&gt;Altitude: 9742.602 ft&lt;/td&gt;&lt;/tr&gt;
&lt;tr&gt;&lt;td&gt;Speed: 2.4 mph&lt;/td&gt;&lt;/tr&gt;
&lt;tr&gt;&lt;td&gt;Heading: 277.1&lt;/td&gt;&lt;/tr&gt;
&lt;tr&gt;&lt;td&gt;Time: 2021-02-19T20:54:54Z&lt;/td&gt;&lt;/tr&gt;
&lt;/table&gt;
</description>
        <LookAt>
          <longitude>-71.8513</longitude>
          <latitude>-13.422044</latitude>
          <tilt>66</tilt>
        </LookAt>
        <TimeStamp>
          <when>2021-02-19T20:54:54Z</when>
        </TimeStamp>
        <styleUrl>#track</styleUrl>
        <Point>
          <coordinates>-71.851300,-13.422044,2969.55</coordinates>
        </Point>
      </Placemark>
      <Placemark>
        <name>Apu Linli hike - Wikiloc-1578</name>
        <snippet></snippet>
        <description>
&lt;table&gt;
&lt;tr&gt;&lt;td&gt;Longitude: -71.851365&lt;/td&gt;&lt;/tr&gt;
&lt;tr&gt;&lt;td&gt;Latitude: -13.422046&lt;/td&gt;&lt;/tr&gt;
&lt;tr&gt;&lt;td&gt;Altitude: 9741.962 ft&lt;/td&gt;&lt;/tr&gt;
&lt;tr&gt;&lt;td&gt;Speed: 1.0 mph&lt;/td&gt;&lt;/tr&gt;
&lt;tr&gt;&lt;td&gt;Heading: 268.2&lt;/td&gt;&lt;/tr&gt;
&lt;tr&gt;&lt;td&gt;Time: 2021-02-19T20:55:10Z&lt;/td&gt;&lt;/tr&gt;
&lt;/table&gt;
</description>
        <LookAt>
          <longitude>-71.851365</longitude>
          <latitude>-13.422046</latitude>
          <tilt>66</tilt>
        </LookAt>
        <TimeStamp>
          <when>2021-02-19T20:55:10Z</when>
        </TimeStamp>
        <styleUrl>#track</styleUrl>
        <Point>
          <coordinates>-71.851365,-13.422046,2969.35</coordinates>
        </Point>
      </Placemark>
    </Folder>
  </Document>
</kml>
