<?xml version="1.0" encoding="UTF-8"?>
<kml xmlns="http://www.opengis.net/kml/2.2">
  <Document>
    <Placemark>
      <name>Jose Collas (-47)</name>
      <LineString>
        <coordinates>-71.850632,-13.421085,2991.2 -71.850634,-13.421081,2991.4 -71.850641,-13.421077,2991.2 -71.850647,-13.421076,2991.2 -71.850646,-13.421078,2990.4 -71.850643,-13.421077,2989.8 -71.850642,-13.421079,2989.8 -71.850640,-13.421078,2989.6 -71.850641,-13.421076,2989.8 -71.850636,-13.421073,2989.8 -71.850642,-13.421073,2989.8 -71.850641,-13.421071,2989.6 -71.850643,-13.421071,2990 -71.850641,-13.421071,2989.6 -71.850642,-13.421070,2989.6 -71.850645,-13.421069,2990.2 -71.850646,-13.421070,2990.4 -71.850643,-13.421068,2989.2 -71.850645,-13.421071,2988.8 -71.850646,-13.421069,2989 -71.850647,-13.421072,2988.8 -71.850649,-13.421072,2989 -71.850652,-13.421075,2989.2 -71.850652,-13.421080,2989.2 -71.850654,-13.421081,2989.4 -71.850654,-13.421084,2989.4 -71.850653,-13.421087,2989.2 -71.850651,-13.421087,2989 -71.850650,-13.421089,2988.6 -71.850645,-13.421088,2988.6 -71.850643,-13.421092,2988.4 -71.850632,-13.421085,2988 -71.850625,-13.421075,2987.8 -71.850623,-13.421067,2987.4 -71.850623,-13.421057,2987.4 -71.850625,-13.421042,2987.2 -71.850637,-13.421010,2987 -71.850653,-13.420945,2988 -71.850660,-13.420924,2988.2 -71.850674,-13.420898,2989.2 -71.850678,-13.420884,2989.2 -71.850678,-13.420859,2989.8 -71.850670,-13.420841,2989.8 -71.850667,-13.420830,2989.8 -71.850672,-13.420804,2990 -71.850692,-13.420772,2990.4 -71.850697,-13.420757,2990.6 -71.850703,-13.420747,2990.8 -71.850715,-13.420735,2990.6 -71.850753,-13.420715,2990 -71.850777,-13.420709,2989.8 -71.850789,-13.420707,2989.6 -71.850839,-13.420706,2989.4 -71.850869,-13.420699,2989 -71.850883,-13.420693,2988.8 -71.850895,-13.420691,2988.8 -71.850918,-13.420682,2988.4 -71.850942,-13.420668,2988.2 -71.850969,-13.420647,2988 -71.851022,-13.420625,2988.2 -71.851040,-13.420616,2988 -71.851095,-13.420599,2987.6 -71.851118,-13.420594,2987.4 -71.851143,-13.420591,2987.2 -71.851153,-13.420587,2987.2 -71.851170,-13.420576,2987.2 -71.851180,-13.420572,2987.2 -71.851189,-13.420565,2987.2 -71.851221,-13.420547,2986.8 -71.851253,-13.420537,2986.4 -71.851263,-13.420537,2986.4 -71.851299,-13.420532,2986.2 -71.851314,-13.420527,2986 -71.851333,-13.420511,2986 -71.851337,-13.420487,2986 -71.851333,-13.420461,2985.8 -71.851321,-13.420428,2985.6 -71.851313,-13.420397,2985.2 -71.851301,-13.420371,2984.8 -71.851298,-13.420358,2984.6 -71.851295,-13.420331,2984.4 -71.851279,-13.420286,2984 -71.851249,-13.420244,2983.4 -71.851239,-13.420222,2983.2 -71.851233,-13.420182,2982.8 -71.851222,-13.420144,2982.6 -71.851204,-13.420118,2982.8 -71.851201,-13.420107,2982.6 -71.851190,-13.420083,2982.6 -71.851179,-13.420066,2982.4 -71.851159,-13.420014,2982.2 -71.851136,-13.419966,2981.8 -71.851132,-13.419945,2982 -71.851125,-13.419926,2982.6 -71.851107,-13.419898,2983.4 -71.851093,-13.419861,2985 -71.851092,-13.419843,2985.4 -71.851087,-13.419831,2985.6 -71.851083,-13.419810,2986.2 -71.851084,-13.419793,2986.6 -71.851082,-13.419783,2986.6 -71.851069,-13.419746,2986.4 -71.851059,-13.419729,2986.6 -71.851043,-13.419691,2986.8 -71.851028,-13.419662,2987 -71.851007,-13.419631,2987.6 -71.850988,-13.419580,2987.8 -71.850971,-13.419516,2987.2 -71.850953,-13.419482,2987.2 -71.850933,-13.419461,2987.6 -71.850923,-13.419412,2988 -71.850922,-13.419397,2988.2 -71.850917,-13.419376,2988.4 -71.850917,-13.419367,2988.6 -71.850919,-13.419338,2988.6 -71.850927,-13.419320,2988.8 -71.850928,-13.419283,2989.2 -71.850941,-13.419239,2989.4 -71.850950,-13.419216,2989.6 -71.850964,-13.419187,2990 -71.850971,-13.419157,2990.4 -71.850983,-13.419139,2990.8 -71.850995,-13.419105,2991.2 -71.851002,-13.419099,2991.2 -71.851013,-13.419081,2991.4 -71.851023,-13.419048,2991.8 -71.851035,-13.419029,2992.2 -71.851040,-13.419017,2992.2 -71.851050,-13.418977,2992.8 -71.851066,-13.418937,2992.8 -71.851083,-13.418860,2993.2 -71.851087,-13.418852,2993.2 -71.851111,-13.418779,2992.6 -71.851132,-13.418728,2992.6 -71.851145,-13.418702,2993 -71.851161,-13.418677,2993.2 -71.851168,-13.418657,2993 -71.851179,-13.418635,2992.6 -71.851182,-13.418623,2992.4 -71.851196,-13.418598,2992.8 -71.851210,-13.418561,2993.4 -71.851214,-13.418567,2993.6 -71.851223,-13.418569,2994.2 -71.851225,-13.418573,2994.2 -71.851230,-13.418574,2994.2 -71.851235,-13.418579,2994.2 -71.851236,-13.418578,2994.4 -71.851238,-13.418568,2994.4 -71.851248,-13.418547,2994.2 -71.851253,-13.418528,2994.2 -71.851258,-13.418517,2994.2 -71.851276,-13.418490,2994.2 -71.851288,-13.418465,2993.8 -71.851298,-13.418454,2994 -71.851310,-13.418444,2994.2 -71.851326,-13.418434,2994.4 -71.851344,-13.418420,2994.6 -71.851360,-13.418404,2994.4 -71.851366,-13.418395,2994.6 -71.851378,-13.418364,2995 -71.851378,-13.418344,2995.4 -71.851372,-13.418314,2995.8 -71.851363,-13.418298,2996.2 -71.851362,-13.418290,2996.4 -71.851357,-13.418279,2996.6 -71.851340,-13.418264,2996.8 -71.851331,-13.418228,2997.4 -71.851321,-13.418212,2997.4 -71.851315,-13.418198,2997.6 -71.851315,-13.418190,2997.8 -71.851309,-13.418179,2997.8 -71.851286,-13.418160,2998.2 -71.851271,-13.418151,2998.4 -71.851265,-13.418150,2998.6 -71.851257,-13.418146,2998.6 -71.851249,-13.418131,2999 -71.851233,-13.418119,2999.4 -71.851219,-13.418113,2999.6 -71.851216,-13.418110,2999.8 -71.851208,-13.418108,2999.8 -71.851188,-13.418107,3000.2 -71.851175,-13.418110,3000.2 -71.851154,-13.418107,3000.4 -71.851127,-13.418115,3000.8 -71.851105,-13.418117,3001 -71.851068,-13.418125,3001.4 -71.851057,-13.418126,3001.6 -71.851030,-13.418124,3001.8 -71.851022,-13.418122,3002 -71.851021,-13.418115,3002.4 -71.851018,-13.418109,3002.6 -71.851008,-13.418099,3002.4 -71.851007,-13.418096,3002.4 -71.851007,-13.418068,3002.4 -71.851001,-13.418059,3002.6 -71.851001,-13.418051,3002.6 -71.851000,-13.418052,3002.6 -71.850999,-13.418049,3002.6 -71.850992,-13.418044,3002.8 -71.850989,-13.418038,3003 -71.850980,-13.418036,3003 -71.850968,-13.418037,3003.2 -71.850958,-13.418034,3003.2 -71.850953,-13.418021,3003.4 -71.850942,-13.418014,3003.4 -71.850939,-13.418008,3003.6 -71.850937,-13.418004,3003.8 -71.850938,-13.417993,3004.2 -71.850934,-13.417986,3004.4 -71.850920,-13.417976,3004.8 -71.850905,-13.417968,3005 -71.850895,-13.417965,3005.2 -71.850876,-13.417968,3005.6 -71.850877,-13.417970,3005.6 -71.850846,-13.417985,3005.8 -71.850838,-13.417991,3006 -71.850815,-13.417998,3006.2 -71.850807,-13.417997,3006.2 -71.850808,-13.417998,3006.4 -71.850803,-13.417999,3006.4 -71.850799,-13.418003,3006.6 -71.850795,-13.418004,3006.6 -71.850785,-13.418004,3006.8 -71.850761,-13.417998,3007 -71.850740,-13.417999,3007.4 -71.850728,-13.418004,3007.4 -71.850710,-13.418031,3007.8 -71.850699,-13.418041,3008 -71.850689,-13.418047,3008 -71.850686,-13.418052,3008.2 -71.850684,-13.418065,3008.2 -71.850679,-13.418076,3008.4 -71.850671,-13.418084,3008.6 -71.850636,-13.418100,3009.2 -71.850626,-13.418103,3009.4 -71.850610,-13.418101,3009.6 -71.850593,-13.418104,3010 -71.850585,-13.418107,3010.2 -71.850574,-13.418114,3010.4 -71.850559,-13.418128,3010.8 -71.850545,-13.418145,3011.4 -71.850533,-13.418152,3011.6 -71.850515,-13.418172,3012.2 -71.850506,-13.418192,3012.8 -71.850491,-13.418214,3013.6 -71.850487,-13.418223,3013.8 -71.850485,-13.418239,3014.2 -71.850483,-13.418243,3014.4 -71.850480,-13.418245,3014.6 -71.850477,-13.418252,3014.8 -71.850468,-13.418259,3015 -71.850456,-13.418274,3015 -71.850451,-13.418276,3015 -71.850445,-13.418276,3015 -71.850429,-13.418272,3015.2 -71.850426,-13.418268,3015.2 -71.850417,-13.418264,3015.2 -71.850404,-13.418246,3015.4 -71.850397,-13.418246,3015.6 -71.850394,-13.418244,3015.6 -71.850393,-13.418245,3015.6 -71.850384,-13.418242,3015.6 -71.850377,-13.418234,3015.6 -71.850371,-13.418221,3015.8 -71.850363,-13.418195,3016.2 -71.850359,-13.418191,3016.4 -71.850355,-13.418182,3016.4 -71.850347,-13.418171,3016.6 -71.850346,-13.418167,3016.8 -71.850336,-13.418151,3017.2 -71.850336,-13.418147,3017.4 -71.850328,-13.418135,3017.8 -71.850324,-13.418132,3018 -71.850312,-13.418131,3018.2 -71.850303,-13.418134,3018.6 -71.850298,-13.418134,3018.8 -71.850283,-13.418124,3019.2 -71.850280,-13.418120,3019.4 -71.850255,-13.418102,3020.4 -71.850236,-13.418082,3021.2 -71.850218,-13.418061,3021.8 -71.850218,-13.418059,3022 -71.850205,-13.418046,3022.4 -71.850193,-13.418037,3022.6 -71.850183,-13.418037,3022.8 -71.850174,-13.418045,3023 -71.850169,-13.418046,3023 -71.850142,-13.418061,3023.6 -71.850123,-13.418065,3024 -71.850109,-13.418059,3024.2 -71.850105,-13.418053,3024.4 -71.850105,-13.418047,3024.8 -71.850103,-13.418042,3025 -71.850090,-13.418034,3025.8 -71.850084,-13.418023,3025.8 -71.850076,-13.418017,3025.6 -71.850072,-13.417999,3025.4 -71.850069,-13.417996,3025.4 -71.850060,-13.417978,3025.4 -71.850061,-13.417970,3025.4 -71.850054,-13.417943,3025.6 -71.850045,-13.417921,3026 -71.850043,-13.417906,3026.2 -71.850039,-13.417901,3026.4 -71.850033,-13.417883,3027.2 -71.850034,-13.417878,3027.6 -71.850032,-13.417871,3027.4 -71.850034,-13.417869,3027.6 -71.850033,-13.417868,3027.8 -71.850039,-13.417863,3028.4 -71.850038,-13.417865,3028.4 -71.850035,-13.417856,3028.6 -71.850031,-13.417851,3028.4 -71.850033,-13.417849,3028.8 -71.850032,-13.417847,3028.8 -71.850035,-13.417841,3029 -71.850037,-13.417827,3029.2 -71.850043,-13.417819,3029.6 -71.850048,-13.417799,3030 -71.850067,-13.417776,3030.8 -71.850082,-13.417766,3031.6 -71.850088,-13.417759,3032 -71.850091,-13.417758,3032.4 -71.850096,-13.417750,3032.8 -71.850096,-13.417747,3033 -71.850101,-13.417737,3033.4 -71.850106,-13.417735,3033.8 -71.850115,-13.417728,3034.2 -71.850110,-13.417723,3034.6 -71.850092,-13.417724,3035.2 -71.850089,-13.417722,3035.4 -71.850086,-13.417725,3035.4 -71.850077,-13.417728,3035.6 -71.850058,-13.417730,3035.8 -71.850046,-13.417738,3036.2 -71.850037,-13.417740,3036.4 -71.850031,-13.417739,3036.4 -71.850033,-13.417740,3036.4 -71.850019,-13.417739,3036.6 -71.850013,-13.417740,3036.8 -71.850005,-13.417736,3036.8 -71.850001,-13.417737,3036.8 -71.849994,-13.417731,3037 -71.849982,-13.417731,3037 -71.849973,-13.417734,3037 -71.849967,-13.417733,3037.2 -71.849957,-13.417736,3037.2 -71.849945,-13.417736,3037.4 -71.849940,-13.417734,3037.4 -71.849923,-13.417737,3037.8 -71.849920,-13.417734,3038 -71.849921,-13.417731,3038 -71.849926,-13.417728,3038.2 -71.849926,-13.417724,3038.4 -71.849931,-13.417711,3039 -71.849937,-13.417705,3039.4 -71.849945,-13.417701,3039.6 -71.849966,-13.417685,3040.6 -71.849968,-13.417681,3040.8 -71.849971,-13.417679,3041.2 -71.849974,-13.417671,3041.8 -71.849978,-13.417668,3042 -71.849981,-13.417663,3042.4 -71.849982,-13.417649,3043.2 -71.849966,-13.417636,3043.6 -71.849960,-13.417635,3043.8 -71.849958,-13.417633,3044 -71.849956,-13.417636,3044.2 -71.849941,-13.417647,3045 -71.849938,-13.417646,3045.2 -71.849931,-13.417647,3045.4 -71.849922,-13.417645,3045.6 -71.849918,-13.417646,3045.8 -71.849907,-13.417652,3046 -71.849889,-13.417667,3046.4 -71.849844,-13.417683,3047.6 -71.849825,-13.417692,3047.8 -71.849783,-13.417705,3048.2 -71.849771,-13.417706,3048.2 -71.849764,-13.417703,3048.4 -71.849749,-13.417701,3048.6 -71.849746,-13.417698,3048.8 -71.849749,-13.417691,3048.8 -71.849739,-13.417689,3049.2 -71.849736,-13.417683,3049.4 -71.849738,-13.417680,3049.4 -71.849746,-13.417676,3049.6 -71.849762,-13.417674,3050 -71.849763,-13.417668,3050.2 -71.849761,-13.417658,3050.6 -71.849766,-13.417650,3051.2 -71.849767,-13.417645,3051.4 -71.849763,-13.417638,3051.8 -71.849764,-13.417632,3052 -71.849762,-13.417630,3052.2 -71.849769,-13.417616,3052.6 -71.849770,-13.417611,3052.8 -71.849782,-13.417602,3053 -71.849786,-13.417598,3053.2 -71.849787,-13.417592,3053.4 -71.849791,-13.417590,3053.6 -71.849794,-13.417583,3054 -71.849794,-13.417579,3054.2 -71.849791,-13.417577,3054.4 -71.849800,-13.417561,3054.8 -71.849811,-13.417552,3055.4 -71.849816,-13.417552,3055.6 -71.849823,-13.417549,3056 -71.849855,-13.417548,3056.8 -71.849871,-13.417543,3057.4 -71.849874,-13.417543,3057.6 -71.849884,-13.417548,3058 -71.849901,-13.417548,3058.8 -71.849904,-13.417550,3059 -71.849920,-13.417549,3059.4 -71.849927,-13.417550,3059.6 -71.849937,-13.417543,3060.4 -71.849941,-13.417535,3060.6 -71.849952,-13.417530,3061.2 -71.849956,-13.417530,3061.2 -71.849969,-13.417519,3061.8 -71.849985,-13.417512,3062.4 -71.850001,-13.417500,3063.4 -71.850008,-13.417500,3063.6 -71.850017,-13.417493,3064.2 -71.850020,-13.417492,3064.4 -71.850027,-13.417494,3065 -71.850040,-13.417509,3066.6 -71.850041,-13.417506,3066.6 -71.850044,-13.417504,3066.8 -71.850055,-13.417503,3067.6 -71.850054,-13.417500,3067.8 -71.850046,-13.417498,3068 -71.850038,-13.417491,3068.2 -71.850037,-13.417492,3068.4 -71.850019,-13.417473,3068.8 -71.850012,-13.417470,3069 -71.850008,-13.417463,3069.2 -71.850003,-13.417464,3069.4 -71.849999,-13.417462,3069.4 -71.849990,-13.417454,3070 -71.849979,-13.417448,3070.4 -71.849969,-13.417439,3070.6 -71.849964,-13.417441,3070.8 -71.849956,-13.417434,3071 -71.849950,-13.417437,3071.4 -71.849938,-13.417431,3071.8 -71.849927,-13.417428,3072 -71.849912,-13.417441,3072.4 -71.849907,-13.417442,3072.6 -71.849905,-13.417444,3072.8 -71.849883,-13.417444,3073.6 -71.849875,-13.417440,3073.8 -71.849872,-13.417434,3074 -71.849864,-13.417429,3074.4 -71.849831,-13.417429,3075 -71.849821,-13.417433,3075 -71.849796,-13.417427,3075.4 -71.849789,-13.417428,3075.6 -71.849765,-13.417418,3076.2 -71.849748,-13.417415,3076.6 -71.849743,-13.417411,3076.6 -71.849736,-13.417410,3076.8 -71.849725,-13.417404,3077 -71.849691,-13.417393,3078 -71.849683,-13.417392,3078.2 -71.849670,-13.417398,3078.4 -71.849666,-13.417396,3078.4 -71.849661,-13.417396,3078.4 -71.849656,-13.417393,3078.4 -71.849653,-13.417393,3078.4 -71.849648,-13.417383,3078.6 -71.849644,-13.417386,3078.6 -71.849634,-13.417387,3078.6 -71.849617,-13.417393,3078.8 -71.849591,-13.417391,3078.8 -71.849581,-13.417392,3079 -71.849579,-13.417390,3079 -71.849579,-13.417393,3079 -71.849579,-13.417391,3079.2 -71.849569,-13.417382,3079.2 -71.849558,-13.417379,3079.2 -71.849539,-13.417388,3079.4 -71.849531,-13.417390,3079.6 -71.849519,-13.417383,3079.8 -71.849513,-13.417382,3079.8 -71.849503,-13.417372,3080 -71.849499,-13.417365,3080 -71.849488,-13.417360,3080.2 -71.849477,-13.417351,3080.6 -71.849471,-13.417351,3080.6 -71.849464,-13.417355,3080.8 -71.849454,-13.417363,3081 -71.849453,-13.417367,3081 -71.849448,-13.417372,3081 -71.849436,-13.417376,3081.2 -71.849415,-13.417380,3081.4 -71.849412,-13.417382,3081.4 -71.849406,-13.417382,3081.4 -71.849397,-13.417379,3081.6 -71.849390,-13.417373,3081.8 -71.849378,-13.417371,3082 -71.849370,-13.417361,3082 -71.849358,-13.417359,3082.2 -71.849360,-13.417360,3082.2 -71.849357,-13.417360,3082.2 -71.849343,-13.417350,3082.2 -71.849337,-13.417340,3082.4 -71.849335,-13.417341,3082.6 -71.849335,-13.417343,3082.6 -71.849338,-13.417344,3082.8 -71.849336,-13.417343,3082.8 -71.849335,-13.417338,3082.8 -71.849322,-13.417324,3082.6 -71.849322,-13.417320,3082.6 -71.849304,-13.417318,3083 -71.849309,-13.417315,3082.8 -71.849306,-13.417309,3082.8 -71.849304,-13.417299,3083.2 -71.849304,-13.417277,3084.8 -71.849312,-13.417274,3085.4 -71.849317,-13.417269,3085.8 -71.849321,-13.417268,3086.2 -71.849328,-13.417263,3087 -71.849333,-13.417263,3087 -71.849337,-13.417260,3087.4 -71.849349,-13.417258,3088 -71.849356,-13.417254,3088.8 -71.849357,-13.417252,3089.2 -71.849365,-13.417252,3089.8 -71.849369,-13.417249,3090 -71.849378,-13.417248,3090.2 -71.849394,-13.417242,3090.6 -71.849403,-13.417235,3091.2 -71.849415,-13.417233,3091.6 -71.849423,-13.417227,3092 -71.849433,-13.417224,3092.4 -71.849440,-13.417227,3092.6 -71.849446,-13.417226,3092.8 -71.849457,-13.417218,3093.8 -71.849477,-13.417216,3094.6 -71.849480,-13.417210,3095.4 -71.849481,-13.417213,3095.6 -71.849493,-13.417210,3096.8 -71.849498,-13.417211,3097.2 -71.849497,-13.417209,3097.2 -71.849499,-13.417210,3097.2 -71.849498,-13.417207,3097.4 -71.849499,-13.417208,3097.4 -71.849497,-13.417206,3097.4 -71.849500,-13.417202,3097.6 -71.849507,-13.417202,3097.8 -71.849507,-13.417204,3098 -71.849504,-13.417207,3098.2 -71.849511,-13.417205,3098.4 -71.849515,-13.417202,3098.6 -71.849515,-13.417197,3098.8 -71.849517,-13.417196,3099 -71.849517,-13.417194,3099.2 -71.849521,-13.417195,3100 -71.849522,-13.417198,3101 -71.849525,-13.417197,3101.6 -71.849531,-13.417198,3102 -71.849525,-13.417198,3102.2 -71.849522,-13.417203,3102.6 -71.849523,-13.417202,3102.4 -71.849522,-13.417202,3102.4 -71.849523,-13.417204,3103 -71.849548,-13.417213,3111.6 -71.849560,-13.417222,3117.4 -71.849583,-13.417226,3124.6 -71.849583,-13.417220,3125.4 -71.849585,-13.417218,3125.8 -71.849590,-13.417219,3127.2 -71.849587,-13.417214,3127.8 -71.849575,-13.417217,3127.4 -71.849576,-13.417216,3127.4 -71.849575,-13.417217,3127.4 -71.849565,-13.417207,3127.2 -71.849559,-13.417197,3127.2 -71.849552,-13.417191,3127 -71.849546,-13.417188,3127 -71.849540,-13.417188,3126.8 -71.849524,-13.417179,3126.6 -71.849513,-13.417176,3126.4 -71.849506,-13.417167,3126.2 -71.849491,-13.417161,3125.8 -71.849484,-13.417157,3125.6 -71.849482,-13.417154,3125.6 -71.849479,-13.417154,3125.4 -71.849462,-13.417135,3125.2 -71.849459,-13.417129,3125 -71.849456,-13.417128,3125 -71.849454,-13.417124,3125 -71.849450,-13.417121,3124.8 -71.849444,-13.417118,3124.8 -71.849444,-13.417114,3124.8 -71.849441,-13.417108,3124.6 -71.849432,-13.417098,3124.4 -71.849423,-13.417095,3124.2 -71.849420,-13.417090,3124.2 -71.849412,-13.417085,3124.2 -71.849406,-13.417079,3124 -71.849402,-13.417078,3124 -71.849397,-13.417082,3124 -71.849390,-13.417075,3123.8 -71.849382,-13.417074,3123.8 -71.849377,-13.417071,3123.8 -71.849367,-13.417063,3123.6 -71.849363,-13.417057,3123.6 -71.849359,-13.417045,3123.6 -71.849355,-13.417040,3123.6 -71.849342,-13.417030,3123.4 -71.849339,-13.417024,3123.2 -71.849333,-13.417022,3123.2 -71.849328,-13.417018,3123.2 -71.849327,-13.417014,3123.2 -71.849322,-13.417008,3123.2 -71.849319,-13.417007,3123.2 -71.849316,-13.417003,3123.2 -71.849302,-13.416999,3123.2 -71.849291,-13.416990,3123.2 -71.849284,-13.416989,3123.2 -71.849263,-13.416973,3123.2 -71.849255,-13.416969,3123.2 -71.849245,-13.416972,3123.2 -71.849226,-13.416971,3123.2 -71.849211,-13.416975,3123.2 -71.849206,-13.416978,3123 -71.849194,-13.416980,3123 -71.849178,-13.416968,3123.4 -71.849175,-13.416960,3123.4 -71.849174,-13.416947,3123.6 -71.849172,-13.416945,3123.6 -71.849169,-13.416946,3123.6 -71.849160,-13.416959,3123.8 -71.849153,-13.416963,3123.8 -71.849147,-13.416970,3123.8 -71.849144,-13.416971,3123.8 -71.849140,-13.416979,3123.8 -71.849130,-13.416980,3123.8 -71.849120,-13.416978,3123.8 -71.849116,-13.416964,3123.8 -71.849119,-13.416957,3124 -71.849121,-13.416946,3124.2 -71.849118,-13.416936,3124.4 -71.849119,-13.416934,3124.4 -71.849114,-13.416919,3124.6 -71.849117,-13.416911,3124.6 -71.849121,-13.416907,3124.6 -71.849125,-13.416895,3124.8 -71.849132,-13.416890,3124.8 -71.849134,-13.416886,3124.8 -71.849136,-13.416877,3125 -71.849133,-13.416874,3125 -71.849131,-13.416866,3125.2 -71.849128,-13.416865,3125.2 -71.849129,-13.416861,3125.2 -71.849126,-13.416863,3125.4 -71.849127,-13.416860,3125.4 -71.849114,-13.416868,3125.4 -71.849113,-13.416871,3125.4 -71.849106,-13.416878,3125.4 -71.849087,-13.416889,3125.6 -71.849075,-13.416891,3125.6 -71.849062,-13.416886,3125.6 -71.849057,-13.416878,3125.8 -71.849059,-13.416874,3125.8 -71.849058,-13.416866,3125.8 -71.849064,-13.416863,3126 -71.849059,-13.416862,3126 -71.849062,-13.416862,3126 -71.849065,-13.416857,3126 -71.849069,-13.416835,3126 -71.849077,-13.416829,3126 -71.849081,-13.416828,3126.2 -71.849086,-13.416815,3126.4 -71.849092,-13.416808,3126.4 -71.849100,-13.416803,3126.6 -71.849098,-13.416799,3126.8 -71.849100,-13.416798,3126.8 -71.849098,-13.416796,3126.8 -71.849098,-13.416786,3126.8 -71.849100,-13.416778,3127 -71.849098,-13.416760,3127.2 -71.849093,-13.416752,3127.2 -71.849092,-13.416746,3127.2 -71.849102,-13.416736,3127.6 -71.849110,-13.416719,3128 -71.849112,-13.416710,3128.2 -71.849108,-13.416693,3128.6 -71.849113,-13.416681,3128.8 -71.849116,-13.416678,3128.8 -71.849114,-13.416678,3128.8 -71.849118,-13.416670,3129 -71.849124,-13.416646,3129 -71.849123,-13.416647,3129 -71.849120,-13.416637,3129.2 -71.849113,-13.416630,3129.2 -71.849105,-13.416633,3129.4 -71.849099,-13.416632,3129.4 -71.849095,-13.416634,3129.4 -71.849088,-13.416634,3129.4 -71.849082,-13.416636,3129.4 -71.849080,-13.416637,3129.4 -71.849079,-13.416643,3129.4 -71.849076,-13.416646,3129.4 -71.849063,-13.416647,3129.6 -71.849058,-13.416628,3130 -71.849058,-13.416617,3130.4 -71.849066,-13.416589,3131 -71.849072,-13.416579,3131.4 -71.849071,-13.416577,3131.6 -71.849076,-13.416567,3132.2 -71.849070,-13.416565,3132.2 -71.849068,-13.416562,3132.2 -71.849064,-13.416538,3132.2 -71.849063,-13.416539,3132.4 -71.849061,-13.416532,3132.4 -71.849056,-13.416524,3132.6 -71.849047,-13.416516,3132.8 -71.849047,-13.416512,3132.8 -71.849045,-13.416510,3133 -71.849046,-13.416504,3133.2 -71.849048,-13.416502,3133.2 -71.849051,-13.416486,3133.4 -71.849060,-13.416480,3133.6 -71.849064,-13.416480,3133.6 -71.849070,-13.416482,3133.8 -71.849090,-13.416484,3134.2 -71.849097,-13.416483,3134.2 -71.849100,-13.416485,3134.2 -71.849105,-13.416483,3134.4 -71.849110,-13.416485,3134.6 -71.849116,-13.416483,3134.8 -71.849124,-13.416485,3135.2 -71.849136,-13.416491,3135.4 -71.849143,-13.416499,3135.6 -71.849150,-13.416504,3135.8 -71.849154,-13.416510,3136 -71.849157,-13.416507,3136 -71.849160,-13.416508,3136.2 -71.849168,-13.416504,3136.6 -71.849167,-13.416505,3136.6 -71.849169,-13.416502,3136.6 -71.849163,-13.416489,3136.6 -71.849160,-13.416470,3136.8 -71.849156,-13.416458,3137 -71.849158,-13.416443,3137 -71.849153,-13.416440,3137.2 -71.849152,-13.416420,3137.4 -71.849149,-13.416412,3137.6 -71.849110,-13.416396,3138.2 -71.849094,-13.416386,3138.6 -71.849092,-13.416383,3138.6 -71.849077,-13.416377,3138.8 -71.849068,-13.416377,3139 -71.849054,-13.416373,3139.4 -71.849045,-13.416376,3139.4 -71.849039,-13.416374,3139.6 -71.849033,-13.416367,3139.6 -71.849015,-13.416361,3140.2 -71.849010,-13.416362,3140.2 -71.848989,-13.416354,3140.8 -71.848975,-13.416355,3141 -71.848964,-13.416358,3141.2 -71.848952,-13.416369,3141.6 -71.848943,-13.416371,3141.8 -71.848937,-13.416376,3142 -71.848923,-13.416375,3142.6 -71.848916,-13.416377,3142.4 -71.848887,-13.416399,3143.2 -71.848885,-13.416403,3143.2 -71.848875,-13.416413,3143.6 -71.848867,-13.416419,3143.8 -71.848862,-13.416429,3144 -71.848840,-13.416448,3144.4 -71.848805,-13.416489,3145.8 -71.848799,-13.416493,3146 -71.848785,-13.416513,3146.4 -71.848767,-13.416530,3147 -71.848762,-13.416538,3147.2 -71.848754,-13.416546,3147.4 -71.848753,-13.416550,3147.6 -71.848749,-13.416554,3148 -71.848749,-13.416558,3148.2 -71.848747,-13.416558,3148.2 -71.848746,-13.416562,3148.2 -71.848743,-13.416563,3148.4 -71.848737,-13.416574,3148.4 -71.848732,-13.416579,3148.6 -71.848731,-13.416590,3148.8 -71.848720,-13.416595,3149 -71.848720,-13.416598,3149 -71.848714,-13.416604,3149.2 -71.848704,-13.416603,3149.6 -71.848700,-13.416605,3149.6 -71.848695,-13.416610,3149.8 -71.848689,-13.416620,3150.2 -71.848682,-13.416625,3150.4 -71.848676,-13.416632,3150.8 -71.848672,-13.416633,3151 -71.848669,-13.416641,3151.2 -71.848653,-13.416659,3151.6 -71.848647,-13.416662,3151.8 -71.848639,-13.416669,3152.2 -71.848630,-13.416672,3152.6 -71.848627,-13.416676,3152.8 -71.848610,-13.416687,3153.2 -71.848603,-13.416690,3153.4 -71.848596,-13.416689,3153.8 -71.848588,-13.416686,3154 -71.848582,-13.416681,3154.2 -71.848581,-13.416676,3154.6 -71.848585,-13.416670,3154.8 -71.848591,-13.416646,3156.2 -71.848589,-13.416640,3156.4 -71.848589,-13.416630,3157.2 -71.848586,-13.416623,3158.2 -71.848588,-13.416616,3158.4 -71.848587,-13.416609,3158.6 -71.848589,-13.416605,3158.6 -71.848588,-13.416590,3158.8 -71.848590,-13.416578,3159.2 -71.848585,-13.416561,3159.6 -71.848577,-13.416551,3160 -71.848574,-13.416537,3160.4 -71.848570,-13.416531,3160.8 -71.848566,-13.416507,3161 -71.848562,-13.416505,3161 -71.848563,-13.416490,3161.4 -71.848561,-13.416486,3161.6 -71.848562,-13.416480,3161.6 -71.848560,-13.416476,3161.8 -71.848560,-13.416466,3162.2 -71.848563,-13.416463,3162.4 -71.848565,-13.416457,3163 -71.848559,-13.416441,3163.6 -71.848557,-13.416421,3164.6 -71.848564,-13.416411,3164.8 -71.848569,-13.416388,3165.6 -71.848572,-13.416385,3165.8 -71.848580,-13.416365,3166.6 -71.848582,-13.416353,3166.8 -71.848585,-13.416346,3167.2 -71.848583,-13.416336,3167.8 -71.848587,-13.416333,3168 -71.848592,-13.416325,3168.4 -71.848593,-13.416308,3169.4 -71.848599,-13.416289,3170.4 -71.848598,-13.416275,3171.2 -71.848611,-13.416256,3172 -71.848619,-13.416240,3173 -71.848621,-13.416243,3174.2 -71.848625,-13.416230,3174.2 -71.848630,-13.416225,3174.2 -71.848636,-13.416209,3174.4 -71.848645,-13.416198,3174.6 -71.848652,-13.416182,3174.8 -71.848662,-13.416176,3175 -71.848665,-13.416167,3175.2 -71.848673,-13.416162,3175.4 -71.848677,-13.416154,3175.8 -71.848686,-13.416148,3176 -71.848690,-13.416141,3176.2 -71.848690,-13.416137,3176.4 -71.848693,-13.416132,3176.6 -71.848693,-13.416127,3176.8 -71.848702,-13.416117,3177.2 -71.848703,-13.416108,3177.6 -71.848712,-13.416102,3178.2 -71.848714,-13.416092,3178.6 -71.848714,-13.416064,3180.2 -71.848702,-13.416030,3181.6 -71.848692,-13.416011,3182 -71.848694,-13.416007,3182 -71.848691,-13.416002,3182 -71.848688,-13.415987,3182.4 -71.848688,-13.415978,3182.6 -71.848691,-13.415967,3182.8 -71.848689,-13.415962,3182.8 -71.848691,-13.415959,3183 -71.848689,-13.415957,3183 -71.848688,-13.415945,3183.2 -71.848685,-13.415939,3183.2 -71.848688,-13.415935,3183.4 -71.848684,-13.415917,3183.6 -71.848700,-13.415886,3184.4 -71.848698,-13.415884,3184.4 -71.848682,-13.415884,3184.6 -71.848669,-13.415889,3184.8 -71.848664,-13.415887,3184.8 -71.848655,-13.415880,3185.4 -71.848639,-13.415881,3185.4 -71.848632,-13.415878,3185.6 -71.848626,-13.415878,3185.6 -71.848623,-13.415875,3185.6 -71.848623,-13.415877,3185.8 -71.848603,-13.415869,3186.2 -71.848585,-13.415885,3186.6 -71.848567,-13.415897,3186.8 -71.848556,-13.415908,3187 -71.848548,-13.415935,3187.6 -71.848524,-13.415939,3188.2 -71.848511,-13.415931,3189 -71.848507,-13.415926,3189.2 -71.848499,-13.415925,3189.4 -71.848497,-13.415922,3189.6 -71.848498,-13.415917,3189.8 -71.848495,-13.415914,3190 -71.848492,-13.415901,3190.8 -71.848483,-13.415889,3191.8 -71.848486,-13.415882,3192.4 -71.848483,-13.415878,3193 -71.848484,-13.415872,3193.6 -71.848481,-13.415855,3194.6 -71.848476,-13.415849,3195.2 -71.848463,-13.415848,3196 -71.848453,-13.415841,3196.8 -71.848452,-13.415837,3197.4 -71.848455,-13.415833,3198 -71.848455,-13.415828,3198.2 -71.848439,-13.415807,3200.2 -71.848439,-13.415795,3201.2 -71.848438,-13.415792,3201.2 -71.848432,-13.415786,3202 -71.848424,-13.415785,3202.8 -71.848413,-13.415781,3203.2 -71.848399,-13.415782,3203.6 -71.848391,-13.415780,3204 -71.848384,-13.415776,3204.4 -71.848364,-13.415771,3205.4 -71.848363,-13.415769,3205.8 -71.848330,-13.415764,3207.4 -71.848317,-13.415758,3208 -71.848303,-13.415756,3208.8 -71.848299,-13.415754,3209 -71.848294,-13.415754,3209.2 -71.848283,-13.415776,3210.2 -71.848279,-13.415778,3210.4 -71.848269,-13.415777,3210.6 -71.848266,-13.415772,3211 -71.848261,-13.415754,3211.8 -71.848263,-13.415749,3212 -71.848264,-13.415733,3212.8 -71.848267,-13.415726,3213.4 -71.848265,-13.415714,3214.4 -71.848268,-13.415695,3215.4 -71.848266,-13.415669,3216.6 -71.848283,-13.415632,3218 -71.848283,-13.415610,3219 -71.848279,-13.415595,3219.4 -71.848279,-13.415581,3220 -71.848277,-13.415573,3220.2 -71.848275,-13.415571,3220.6 -71.848274,-13.415547,3221.8 -71.848269,-13.415530,3222.4 -71.848247,-13.415504,3224 -71.848245,-13.415493,3224.4 -71.848245,-13.415479,3224.8 -71.848244,-13.415472,3225.2 -71.848240,-13.415464,3225.6 -71.848241,-13.415460,3225.6 -71.848239,-13.415447,3226 -71.848232,-13.415433,3226.4 -71.848229,-13.415420,3226.8 -71.848225,-13.415414,3227.2 -71.848225,-13.415410,3227.4 -71.848214,-13.415395,3227.8 -71.848212,-13.415379,3228.6 -71.848204,-13.415369,3229 -71.848203,-13.415364,3229 -71.848200,-13.415360,3229.2 -71.848195,-13.415357,3229.6 -71.848190,-13.415349,3229.8 -71.848185,-13.415334,3230 -71.848184,-13.415326,3230.2 -71.848179,-13.415314,3230.6 -71.848181,-13.415308,3230.8 -71.848180,-13.415303,3231 -71.848168,-13.415284,3231.6 -71.848166,-13.415276,3231.6 -71.848162,-13.415269,3232 -71.848161,-13.415256,3232.4 -71.848155,-13.415237,3233 -71.848152,-13.415234,3233 -71.848152,-13.415228,3233.2 -71.848145,-13.415213,3233.8 -71.848145,-13.415205,3234 -71.848141,-13.415199,3234.2 -71.848132,-13.415197,3234.6 -71.848133,-13.415196,3234.6 -71.848119,-13.415187,3235 -71.848109,-13.415177,3235.4 -71.848107,-13.415170,3235.4 -71.848099,-13.415160,3235.8 -71.848094,-13.415145,3236.2 -71.848088,-13.415134,3236.6 -71.848086,-13.415118,3237 -71.848079,-13.415094,3237.4 -71.848078,-13.415085,3237.4 -71.848078,-13.415043,3238.4 -71.848073,-13.415034,3238.6 -71.848067,-13.415012,3239 -71.848056,-13.414985,3239.6 -71.848054,-13.414969,3240 -71.848049,-13.414949,3240.6 -71.848049,-13.414913,3241.4 -71.848046,-13.414878,3242 -71.848047,-13.414873,3242.2 -71.848045,-13.414865,3242.4 -71.848047,-13.414838,3243.2 -71.848045,-13.414835,3243.2 -71.848041,-13.414816,3243.6 -71.848037,-13.414808,3244 -71.848040,-13.414783,3244.6 -71.848031,-13.414764,3245.2 -71.848027,-13.414751,3245.6 -71.848025,-13.414735,3245.8 -71.848017,-13.414711,3246.2 -71.848004,-13.414686,3246.8 -71.848000,-13.414668,3247.4 -71.848000,-13.414653,3248 -71.848003,-13.414644,3248.4 -71.848002,-13.414636,3248.6 -71.847998,-13.414632,3248.8 -71.847991,-13.414617,3249.4 -71.847989,-13.414606,3249.8 -71.847985,-13.414601,3250 -71.847971,-13.414564,3250.6 -71.847963,-13.414555,3250.8 -71.847960,-13.414547,3250.8 -71.847955,-13.414541,3251 -71.847948,-13.414521,3251.6 -71.847946,-13.414509,3251.8 -71.847936,-13.414495,3252 -71.847932,-13.414484,3252.2 -71.847934,-13.414475,3252.4 -71.847934,-13.414463,3252.6 -71.847926,-13.414436,3253.2 -71.847927,-13.414406,3253.6 -71.847923,-13.414378,3254 -71.847928,-13.414373,3254 -71.847928,-13.414366,3254 -71.847922,-13.414349,3254.2 -71.847921,-13.414334,3254.4 -71.847924,-13.414315,3254.6 -71.847922,-13.414294,3255 -71.847917,-13.414277,3255.2 -71.847902,-13.414245,3255.6 -71.847885,-13.414182,3257.4 -71.847887,-13.414178,3257.6 -71.847888,-13.414168,3257.8 -71.847887,-13.414157,3258 -71.847885,-13.414151,3258.2 -71.847879,-13.414144,3258.4 -71.847874,-13.414129,3258.8 -71.847867,-13.414119,3259 -71.847867,-13.414112,3259.2 -71.847865,-13.414106,3259.2 -71.847867,-13.414068,3260.2 -71.847861,-13.414045,3260.6 -71.847859,-13.414028,3260.8 -71.847852,-13.414004,3261.2 -71.847851,-13.413993,3261.4 -71.847842,-13.413950,3262 -71.847836,-13.413943,3262.2 -71.847833,-13.413935,3262.4 -71.847829,-13.413915,3263 -71.847827,-13.413885,3264 -71.847828,-13.413873,3264.4 -71.847826,-13.413856,3265.2 -71.847830,-13.413853,3265.4 -71.847839,-13.413852,3265.4 -71.847841,-13.413850,3265.4 -71.847834,-13.413840,3265.6 -71.847829,-13.413836,3265.6 -71.847823,-13.413813,3265.8 -71.847822,-13.413799,3265.8 -71.847827,-13.413779,3266 -71.847838,-13.413757,3266.2 -71.847840,-13.413749,3266.2 -71.847840,-13.413737,3266.4 -71.847836,-13.413724,3266.4 -71.847832,-13.413718,3266.4 -71.847832,-13.413709,3266.6 -71.847826,-13.413694,3266.6 -71.847821,-13.413674,3266.6 -71.847818,-13.413669,3266.6 -71.847816,-13.413661,3266.6 -71.847812,-13.413657,3266.6 -71.847805,-13.413628,3266.8 -71.847808,-13.413618,3267 -71.847803,-13.413604,3267.2 -71.847803,-13.413594,3267.2 -71.847801,-13.413589,3267.2 -71.847802,-13.413578,3267.4 -71.847805,-13.413571,3267.4 -71.847801,-13.413558,3267.6 -71.847801,-13.413525,3268 -71.847803,-13.413518,3268.2 -71.847800,-13.413520,3268.2 -71.847799,-13.413524,3268.2 -71.847799,-13.413522,3268.2 -71.847800,-13.413522,3268.2 -71.847799,-13.413526,3268.4 -71.847795,-13.413529,3268.4 -71.847796,-13.413528,3268.4 -71.847788,-13.413514,3268.4 -71.847781,-13.413491,3268.4 -71.847782,-13.413486,3268.4 -71.847788,-13.413480,3268.4 -71.847789,-13.413417,3268.8 -71.847787,-13.413400,3268.8 -71.847785,-13.413397,3268.8 -71.847788,-13.413387,3268.8 -71.847786,-13.413378,3268.8 -71.847788,-13.413370,3268.8 -71.847785,-13.413362,3269 -71.847787,-13.413342,3269.2 -71.847785,-13.413339,3269.2 -71.847785,-13.413332,3269.4 -71.847779,-13.413325,3269.4 -71.847776,-13.413314,3269.6 -71.847774,-13.413312,3269.6 -71.847777,-13.413300,3269.8 -71.847775,-13.413299,3269.8 -71.847773,-13.413288,3270 -71.847771,-13.413286,3270 -71.847772,-13.413284,3270 -71.847771,-13.413278,3270.2 -71.847769,-13.413276,3270.4 -71.847761,-13.413274,3270.4 -71.847758,-13.413265,3270.6 -71.847752,-13.413256,3270.6 -71.847750,-13.413248,3270.8 -71.847747,-13.413244,3271 -71.847751,-13.413233,3271 -71.847756,-13.413200,3271.8 -71.847761,-13.413187,3272 -71.847764,-13.413166,3272.4 -71.847768,-13.413158,3272.6 -71.847773,-13.413123,3273.4 -71.847778,-13.413113,3273.8 -71.847777,-13.413109,3274 -71.847778,-13.413106,3274.2 -71.847774,-13.413093,3274.8 -71.847776,-13.413083,3274.8 -71.847775,-13.413079,3275 -71.847767,-13.413067,3275.4 -71.847766,-13.413064,3275.4 -71.847768,-13.413061,3275.6 -71.847762,-13.413044,3276 -71.847760,-13.413042,3276.2 -71.847761,-13.413038,3276.2 -71.847759,-13.413039,3276.2 -71.847760,-13.413036,3276.2 -71.847757,-13.413029,3276.4 -71.847748,-13.413018,3276.6 -71.847744,-13.413011,3276.8 -71.847741,-13.413000,3277.2 -71.847739,-13.412998,3277.2 -71.847739,-13.412993,3277.2 -71.847742,-13.412992,3277.2 -71.847737,-13.412986,3277.4 -71.847734,-13.412977,3277.6 -71.847725,-13.412972,3277.6 -71.847718,-13.412964,3277.8 -71.847713,-13.412950,3278 -71.847708,-13.412943,3278.2 -71.847707,-13.412939,3278.4 -71.847701,-13.412937,3278.6 -71.847701,-13.412933,3278.8 -71.847695,-13.412924,3278.8 -71.847692,-13.412922,3279 -71.847688,-13.412922,3279 -71.847680,-13.412926,3279 -71.847665,-13.412937,3279.2 -71.847662,-13.412941,3279.4 -71.847657,-13.412943,3279.4 -71.847648,-13.412938,3279.4 -71.847635,-13.412927,3279.6 -71.847617,-13.412923,3280 -71.847580,-13.412900,3280.8 -71.847573,-13.412900,3280.8 -71.847565,-13.412888,3281.2 -71.847560,-13.412884,3281.6 -71.847554,-13.412873,3282 -71.847553,-13.412868,3282.2 -71.847553,-13.412854,3282.4 -71.847556,-13.412837,3283 -71.847550,-13.412823,3283.6 -71.847539,-13.412808,3284.2 -71.847538,-13.412803,3284.4 -71.847525,-13.412786,3285.4 -71.847525,-13.412781,3285.6 -71.847518,-13.412771,3286.2 -71.847518,-13.412767,3286.4 -71.847511,-13.412758,3287 -71.847508,-13.412757,3287.2 -71.847503,-13.412736,3287.8 -71.847494,-13.412718,3288.4 -71.847491,-13.412715,3288.4 -71.847485,-13.412716,3288.8 -71.847476,-13.412711,3289 -71.847469,-13.412705,3289.4 -71.847468,-13.412702,3289.4 -71.847466,-13.412702,3289.4 -71.847467,-13.412701,3289.4 -71.847470,-13.412703,3289.6 -71.847487,-13.412706,3289.8 -71.847487,-13.412709,3289.8 -71.847492,-13.412689,3290.2 -71.847486,-13.412710,3290.4 -71.847474,-13.412719,3290.4 -71.847460,-13.412724,3291 -71.847461,-13.412723,3290.8 -71.847460,-13.412724,3291 -71.847456,-13.412723,3291 -71.847477,-13.412724,3290.8 -71.847480,-13.412723,3291 -71.847479,-13.412707,3291 -71.847476,-13.412700,3291 -71.847473,-13.412699,3291 -71.847472,-13.412697,3291 -71.847471,-13.412689,3291.6 -71.847478,-13.412687,3292 -71.847479,-13.412687,3292 -71.847478,-13.412689,3292 -71.847480,-13.412688,3292 -71.847480,-13.412684,3292 -71.847483,-13.412687,3292.2 -71.847485,-13.412687,3292.4 -71.847483,-13.412687,3292.8 -71.847484,-13.412681,3294 -71.847482,-13.412681,3294.2 -71.847482,-13.412679,3294.2 -71.847484,-13.412682,3294.4 -71.847481,-13.412681,3294.6 -71.847480,-13.412677,3295 -71.847486,-13.412674,3295.8 -71.847488,-13.412679,3296.4 -71.847486,-13.412678,3296.6 -71.847485,-13.412680,3297 -71.847487,-13.412681,3297.4 -71.847485,-13.412681,3297.2 -71.847484,-13.412684,3298 -71.847482,-13.412696,3299.4 -71.847478,-13.412701,3300.6 -71.847476,-13.412701,3301.4 -71.847476,-13.412703,3301.8 -71.847492,-13.412714,3303 -71.847492,-13.412711,3302.8 -71.847489,-13.412710,3302.8 -71.847488,-13.412712,3303.2 -71.847490,-13.412709,3303.8 -71.847485,-13.412709,3304.2 -71.847488,-13.412708,3304 -71.847485,-13.412698,3303 -71.847479,-13.412702,3302 -71.847481,-13.412703,3302.2 -71.847478,-13.412704,3302 -71.847479,-13.412703,3301.8 -71.847474,-13.412716,3301.8 -71.847473,-13.412715,3301.8 -71.847468,-13.412720,3301.8 -71.847459,-13.412718,3300.8 -71.847453,-13.412713,3300.4 -71.847449,-13.412712,3300.4 -71.847447,-13.412717,3300.2 -71.847447,-13.412744,3301 -71.847452,-13.412764,3300.8 -71.847451,-13.412767,3300.6 -71.847453,-13.412767,3300.6 -71.847456,-13.412770,3300.4 -71.847460,-13.412768,3300.6 -71.847458,-13.412770,3300.6 -71.847460,-13.412769,3300.2 -71.847469,-13.412777,3299.8 -71.847470,-13.412784,3300.8 -71.847477,-13.412782,3300.8 -71.847478,-13.412778,3300.8 -71.847475,-13.412777,3300.4 -71.847481,-13.412772,3300.8 -71.847480,-13.412774,3300 -71.847481,-13.412772,3299.4 -71.847479,-13.412772,3299.4 -71.847480,-13.412779,3301.2 -71.847483,-13.412776,3301.4 -71.847483,-13.412773,3300.8 -71.847481,-13.412773,3300.4 -71.847481,-13.412775,3300 -71.847477,-13.412779,3299.4 -71.847478,-13.412778,3299.2 -71.847474,-13.412768,3298.6 -71.847471,-13.412747,3298.6 -71.847472,-13.412729,3298.6 -71.847473,-13.412725,3298.6 -71.847478,-13.412718,3298.8 -71.847473,-13.412713,3298.8 -71.847475,-13.412712,3299.2 -71.847474,-13.412710,3299.6 -71.847471,-13.412709,3299.6 -71.847474,-13.412711,3299.6 -71.847476,-13.412715,3299.6 -71.847479,-13.412715,3299.6 -71.847475,-13.412710,3299.6 -71.847478,-13.412714,3299.8 -71.847477,-13.412713,3299.8 -71.847477,-13.412715,3299.8 -71.847473,-13.412717,3299.6 -71.847470,-13.412716,3299.6 -71.847471,-13.412720,3299.6 -71.847473,-13.412720,3299.8 -71.847475,-13.412715,3300 -71.847482,-13.412722,3300.4 -71.847479,-13.412720,3300.4 -71.847477,-13.412716,3300.6 -71.847475,-13.412717,3300.8 -71.847476,-13.412715,3300.8 -71.847474,-13.412712,3301.2 -71.847477,-13.412710,3301.2 -71.847476,-13.412711,3301.2 -71.847478,-13.412711,3301.4 -71.847478,-13.412714,3301.6 -71.847481,-13.412715,3302.4 -71.847479,-13.412716,3302 -71.847481,-13.412717,3302.2 -71.847483,-13.412716,3302.2 -71.847477,-13.412715,3302.2 -71.847483,-13.412716,3302.2 -71.847481,-13.412716,3302.2 -71.847480,-13.412714,3302.2 -71.847478,-13.412715,3302 -71.847477,-13.412714,3302 -71.847476,-13.412716,3302.2 -71.847479,-13.412714,3302.2 -71.847475,-13.412710,3302.2 -71.847473,-13.412712,3302.2 -71.847473,-13.412710,3302.2 -71.847477,-13.412713,3302.2 -71.847494,-13.412701,3302 -71.847489,-13.412699,3302 -71.847491,-13.412699,3302 -71.847487,-13.412699,3301.8 -71.847477,-13.412702,3302 -71.847478,-13.412703,3302 -71.847479,-13.412698,3302 -71.847483,-13.412695,3302 -71.847483,-13.412685,3302.2 -71.847480,-13.412684,3302.4 -71.847480,-13.412680,3302.6 -71.847481,-13.412681,3302.6 -71.847485,-13.412679,3303.2 -71.847485,-13.412677,3303.2 -71.847488,-13.412674,3303.2 -71.847487,-13.412673,3303.4 -71.847485,-13.412678,3302.8 -71.847487,-13.412676,3301.6 -71.847490,-13.412677,3301 -71.847491,-13.412679,3300.6 -71.847489,-13.412679,3300.6 -71.847492,-13.412681,3300.6 -71.847493,-13.412680,3300.6 -71.847491,-13.412683,3300.6 -71.847492,-13.412684,3300.6 -71.847494,-13.412681,3300.6 -71.847490,-13.412662,3300.6 -71.847493,-13.412634,3300.6 -71.847504,-13.412606,3300.6 -71.847508,-13.412601,3300.6 -71.847510,-13.412595,3300.6 -71.847514,-13.412592,3300.6 -71.847517,-13.412584,3300.6 -71.847519,-13.412572,3300.8 -71.847518,-13.412567,3300.8 -71.847523,-13.412541,3300.8 -71.847521,-13.412518,3301 -71.847523,-13.412512,3301 -71.847525,-13.412488,3301.2 -71.847524,-13.412480,3301.4 -71.847526,-13.412469,3301.4 -71.847529,-13.412459,3301.6 -71.847534,-13.412451,3301.6 -71.847554,-13.412431,3302 -71.847558,-13.412430,3302 -71.847564,-13.412424,3302.2 -71.847567,-13.412424,3302.2 -71.847572,-13.412419,3302.4 -71.847573,-13.412412,3302.4 -71.847576,-13.412408,3302.6 -71.847576,-13.412391,3302.6 -71.847574,-13.412388,3302.6 -71.847570,-13.412387,3302.8 -71.847562,-13.412378,3302.8 -71.847554,-13.412361,3303 -71.847548,-13.412357,3303 -71.847547,-13.412350,3303.2 -71.847549,-13.412343,3303.2 -71.847549,-13.412335,3303.2 -71.847545,-13.412315,3303.4 -71.847542,-13.412310,3303.4 -71.847542,-13.412305,3303.6 -71.847534,-13.412299,3303.6 -71.847528,-13.412292,3303.8 -71.847528,-13.412281,3304 -71.847523,-13.412273,3304.2 -71.847523,-13.412263,3304.4 -71.847518,-13.412253,3304.6 -71.847518,-13.412245,3304.6 -71.847514,-13.412235,3304.8 -71.847517,-13.412214,3305 -71.847516,-13.412205,3305.2 -71.847521,-13.412199,3305.2 -71.847517,-13.412171,3305.8 -71.847522,-13.412162,3305.8 -71.847524,-13.412147,3306 -71.847522,-13.412131,3306.2 -71.847518,-13.412124,3306.4 -71.847518,-13.412118,3306.4 -71.847516,-13.412114,3306.6 -71.847513,-13.412096,3307.2 -71.847510,-13.412094,3307.4 -71.847511,-13.412084,3307.6 -71.847506,-13.412077,3307.8 -71.847505,-13.412072,3308 -71.847500,-13.412071,3308.2 -71.847494,-13.412062,3308.6 -71.847474,-13.412047,3309.2 -71.847449,-13.412035,3309.8 -71.847451,-13.412036,3310 -71.847448,-13.412036,3310 -71.847444,-13.412032,3310 -71.847446,-13.412019,3310.2 -71.847441,-13.412011,3310.2 -71.847438,-13.411997,3310.2 -71.847441,-13.411993,3310.2 -71.847439,-13.411980,3310.2 -71.847440,-13.411959,3310.6 -71.847443,-13.411944,3311 -71.847445,-13.411940,3311 -71.847456,-13.411933,3311.2 -71.847463,-13.411932,3311.4 -71.847466,-13.411934,3311.6 -71.847471,-13.411934,3311.6 -71.847482,-13.411925,3312 -71.847485,-13.411928,3312.2 -71.847487,-13.411928,3312.2 -71.847501,-13.411917,3312.6 -71.847506,-13.411916,3312.6 -71.847521,-13.411917,3313 -71.847523,-13.411921,3313 -71.847536,-13.411922,3313.2 -71.847546,-13.411925,3313.6 -71.847569,-13.411923,3314 -71.847576,-13.411919,3314.2 -71.847581,-13.411918,3314.2 -71.847585,-13.411918,3314.4 -71.847602,-13.411924,3314.8 -71.847611,-13.411925,3314.8 -71.847623,-13.411918,3315.2 -71.847627,-13.411918,3315.4 -71.847636,-13.411913,3315.6 -71.847647,-13.411910,3316 -71.847650,-13.411911,3316 -71.847656,-13.411907,3316.2 -71.847662,-13.411908,3316.4 -71.847682,-13.411903,3316.8 -71.847693,-13.411897,3317 -71.847709,-13.411893,3317.4 -71.847719,-13.411887,3317.6 -71.847728,-13.411885,3317.8 -71.847744,-13.411878,3318.4 -71.847752,-13.411872,3318.6 -71.847773,-13.411864,3319.4 -71.847776,-13.411861,3319.4 -71.847779,-13.411862,3319.6 -71.847784,-13.411848,3320 -71.847783,-13.411850,3320.2 -71.847783,-13.411846,3320.2 -71.847774,-13.411841,3320.4 -71.847760,-13.411838,3320.6 -71.847754,-13.411832,3320.8 -71.847742,-13.411828,3321 -71.847727,-13.411818,3321.4 -71.847722,-13.411812,3321.6 -71.847728,-13.411805,3321.6 -71.847734,-13.411801,3322 -71.847746,-13.411800,3322.2 -71.847751,-13.411797,3322.2 -71.847763,-13.411798,3322.4 -71.847770,-13.411793,3322.8 -71.847775,-13.411792,3323 -71.847775,-13.411790,3323.2 -71.847775,-13.411793,3323.2 -71.847797,-13.411793,3323.6 -71.847802,-13.411791,3323.6 -71.847804,-13.411792,3323.8 -71.847816,-13.411791,3324 -71.847822,-13.411793,3324.2 -71.847827,-13.411789,3324.2 -71.847826,-13.411792,3324.2 -71.847828,-13.411786,3324.4 -71.847836,-13.411774,3325.2 -71.847838,-13.411764,3325.2 -71.847829,-13.411762,3325.4 -71.847807,-13.411749,3326 -71.847802,-13.411740,3326.2 -71.847802,-13.411735,3326.4 -71.847796,-13.411733,3326.4 -71.847777,-13.411719,3327 -71.847767,-13.411706,3327.2 -71.847751,-13.411694,3327.6 -71.847746,-13.411692,3327.8 -71.847741,-13.411684,3327.8 -71.847734,-13.411677,3328 -71.847699,-13.411647,3328.8 -71.847690,-13.411640,3329 -71.847683,-13.411637,3329 -71.847672,-13.411627,3329.4 -71.847661,-13.411620,3329.6 -71.847630,-13.411613,3330.2 -71.847626,-13.411609,3330.2 -71.847621,-13.411607,3330.4 -71.847592,-13.411600,3330.8 -71.847589,-13.411595,3331 -71.847563,-13.411579,3331.6 -71.847557,-13.411577,3331.6 -71.847550,-13.411566,3331.6 -71.847547,-13.411566,3331.6 -71.847540,-13.411561,3331.6 -71.847525,-13.411557,3331.8 -71.847517,-13.411548,3331.8 -71.847494,-13.411530,3332 -71.847479,-13.411521,3332.2 -71.847470,-13.411511,3332.4 -71.847455,-13.411499,3332.4 -71.847450,-13.411491,3332.6 -71.847444,-13.411488,3332.6 -71.847441,-13.411485,3332.8 -71.847442,-13.411484,3332.6 -71.847438,-13.411485,3332.6 -71.847415,-13.411476,3332.8 -71.847412,-13.411476,3332.8 -71.847410,-13.411478,3332.8 -71.847400,-13.411474,3333 -71.847401,-13.411476,3333 -71.847398,-13.411477,3333.2 -71.847396,-13.411482,3333.2 -71.847389,-13.411487,3333.2 -71.847389,-13.411488,3333.2 -71.847397,-13.411481,3333.6 -71.847415,-13.411480,3334.2 -71.847421,-13.411476,3334.6 -71.847426,-13.411476,3334.8 -71.847443,-13.411466,3335.2 -71.847452,-13.411463,3335.4 -71.847470,-13.411461,3335.8 -71.847485,-13.411464,3336.2 -71.847494,-13.411463,3336.4 -71.847525,-13.411464,3337.4 -71.847551,-13.411457,3338.4 -71.847565,-13.411458,3339.2 -71.847573,-13.411453,3339.8 -71.847611,-13.411443,3342.4 -71.847614,-13.411444,3342.6 -71.847624,-13.411442,3343.4 -71.847627,-13.411443,3343.8 -71.847635,-13.411442,3344 -71.847643,-13.411437,3344.4 -71.847661,-13.411432,3345 -71.847682,-13.411439,3345.6 -71.847692,-13.411437,3346 -71.847704,-13.411429,3346.2 -71.847716,-13.411427,3346.8 -71.847723,-13.411421,3347.2 -71.847740,-13.411418,3347.6 -71.847746,-13.411419,3347.8 -71.847753,-13.411418,3348 -71.847763,-13.411410,3348.4 -71.847786,-13.411404,3349.2 -71.847790,-13.411405,3349.2 -71.847798,-13.411404,3349.6 -71.847802,-13.411401,3349.8 -71.847817,-13.411398,3350.2 -71.847821,-13.411395,3350.6 -71.847829,-13.411393,3350.8 -71.847832,-13.411390,3351 -71.847855,-13.411387,3352 -71.847858,-13.411388,3352.2 -71.847859,-13.411386,3352.2 -71.847868,-13.411388,3352.4 -71.847898,-13.411383,3352.8 -71.847903,-13.411380,3353 -71.847907,-13.411373,3353.4 -71.847907,-13.411369,3353.4 -71.847908,-13.411371,3353.6 -71.847905,-13.411359,3354 -71.847898,-13.411354,3354.2 -71.847891,-13.411355,3354.4 -71.847883,-13.411341,3354.6 -71.847882,-13.411342,3354.6 -71.847879,-13.411340,3354.6 -71.847870,-13.411330,3354.8 -71.847862,-13.411325,3355 -71.847857,-13.411318,3355 -71.847849,-13.411313,3355 -71.847830,-13.411306,3355.2 -71.847826,-13.411295,3355.4 -71.847820,-13.411289,3355.6 -71.847807,-13.411282,3356 -71.847798,-13.411275,3356.4 -71.847788,-13.411271,3356.6 -71.847763,-13.411249,3357.6 -71.847752,-13.411243,3358.2 -71.847724,-13.411239,3359 -71.847708,-13.411229,3359.6 -71.847708,-13.411226,3359.8 -71.847702,-13.411221,3360 -71.847697,-13.411220,3360.2 -71.847685,-13.411209,3361 -71.847677,-13.411207,3361.2 -71.847666,-13.411199,3362 -71.847655,-13.411195,3362.8 -71.847651,-13.411191,3363.2 -71.847628,-13.411184,3365 -71.847599,-13.411171,3367.8 -71.847599,-13.411167,3368.2 -71.847586,-13.411152,3370.4 -71.847578,-13.411146,3371.2 -71.847576,-13.411142,3371.8 -71.847547,-13.411123,3375.8 -71.847530,-13.411115,3378 -71.847530,-13.411109,3377.2 -71.847526,-13.411102,3377.2 -71.847519,-13.411101,3377.6 -71.847513,-13.411098,3378 -71.847506,-13.411089,3378.6 -71.847497,-13.411088,3378.6 -71.847494,-13.411085,3378.6 -71.847473,-13.411077,3378.8 -71.847465,-13.411078,3378.8 -71.847459,-13.411076,3378.8 -71.847460,-13.411077,3378.8 -71.847446,-13.411077,3378.8 -71.847444,-13.411075,3378.8 -71.847436,-13.411075,3378.8 -71.847411,-13.411069,3378.6 -71.847382,-13.411066,3378.6 -71.847344,-13.411044,3378.8 -71.847340,-13.411040,3378.8 -71.847328,-13.411035,3379 -71.847325,-13.411036,3379 -71.847327,-13.411037,3379 -71.847324,-13.411038,3379 -71.847313,-13.411034,3379.2 -71.847309,-13.411030,3379.4 -71.847301,-13.411026,3379.4 -71.847288,-13.411013,3379.6 -71.847289,-13.411014,3379.6 -71.847284,-13.411011,3379.6 -71.847284,-13.411009,3379.6 -71.847281,-13.411006,3379.6 -71.847275,-13.411003,3379.6 -71.847272,-13.410999,3379.8 -71.847249,-13.410992,3380 -71.847243,-13.410988,3380 -71.847234,-13.410979,3380.2 -71.847229,-13.410970,3380.4 -71.847235,-13.410965,3380.6 -71.847243,-13.410970,3380.8 -71.847250,-13.410970,3381.2 -71.847255,-13.410964,3381.6 -71.847258,-13.410963,3381.8 -71.847284,-13.410956,3382.8 -71.847292,-13.410956,3383.2 -71.847295,-13.410959,3383.4 -71.847302,-13.410955,3383.8 -71.847311,-13.410953,3384.6 -71.847313,-13.410951,3384.8 -71.847321,-13.410951,3385 -71.847328,-13.410948,3385.6 -71.847335,-13.410950,3386 -71.847342,-13.410945,3386.8 -71.847344,-13.410947,3387 -71.847361,-13.410940,3387.6 -71.847370,-13.410944,3388 -71.847373,-13.410943,3388.2 -71.847374,-13.410947,3388.6 -71.847374,-13.410945,3388.6 -71.847381,-13.410947,3388.8 -71.847392,-13.410941,3389.6 -71.847418,-13.410964,3391.4 -71.847429,-13.410971,3392.2 -71.847439,-13.410970,3392.6 -71.847452,-13.410974,3392.8 -71.847466,-13.410975,3393 -71.847478,-13.410978,3393.4 -71.847487,-13.410986,3393.6 -71.847492,-13.410986,3393.8 -71.847497,-13.410983,3393.8 -71.847499,-13.410984,3394 -71.847501,-13.410982,3394 -71.847506,-13.410985,3394.2 -71.847518,-13.410979,3394.8 -71.847525,-13.410969,3395 -71.847542,-13.410966,3395.6 -71.847557,-13.410960,3396 -71.847591,-13.410954,3397 -71.847607,-13.410946,3397.4 -71.847613,-13.410948,3397.6 -71.847618,-13.410947,3397.8 -71.847628,-13.410941,3398.2 -71.847633,-13.410940,3398.4 -71.847636,-13.410942,3398.6 -71.847646,-13.410934,3399 -71.847665,-13.410927,3399.8 -71.847672,-13.410922,3400 -71.847688,-13.410920,3400.4 -71.847701,-13.410923,3401 -71.847717,-13.410931,3401.6 -71.847720,-13.410934,3402 -71.847720,-13.410932,3402 -71.847719,-13.410934,3402.2 -71.847724,-13.410931,3402.4 -71.847723,-13.410925,3402.4 -71.847719,-13.410920,3402.6 -71.847719,-13.410917,3402.6 -71.847718,-13.410918,3402.6 -71.847720,-13.410918,3402.6 -71.847718,-13.410909,3403 -71.847707,-13.410901,3403.2 -71.847703,-13.410900,3403.4 -71.847703,-13.410902,3403.4 -71.847696,-13.410892,3403.8 -71.847698,-13.410890,3404 -71.847701,-13.410891,3404.8 -71.847700,-13.410889,3405 -71.847704,-13.410883,3405.4 -71.847711,-13.410882,3406.2 -71.847719,-13.410887,3407 -71.847734,-13.410888,3407.2 -71.847737,-13.410891,3407.2 -71.847745,-13.410892,3407.4 -71.847747,-13.410895,3407.4 -71.847755,-13.410898,3407.6 -71.847761,-13.410897,3407.8 -71.847767,-13.410901,3407.8 -71.847775,-13.410915,3408.2 -71.847774,-13.410920,3408.4 -71.847785,-13.410930,3409 -71.847790,-13.410931,3409 -71.847802,-13.410943,3409.6 -71.847813,-13.410948,3409.8 -71.847827,-13.410958,3410.4 -71.847835,-13.410961,3410.8 -71.847844,-13.410961,3411 -71.847847,-13.410964,3411 -71.847847,-13.410962,3411 -71.847852,-13.410968,3411.2 -71.847851,-13.410967,3411.4 -71.847861,-13.410972,3411.6 -71.847863,-13.410975,3411.6 -71.847868,-13.410977,3411.8 -71.847876,-13.410984,3412 -71.847885,-13.410988,3412.4 -71.847897,-13.410998,3412.8 -71.847906,-13.411000,3413 -71.847912,-13.411005,3413.2 -71.847912,-13.411003,3413.2 -71.847913,-13.411006,3413.4 -71.847915,-13.411000,3413.4 -71.847918,-13.410997,3413.4 -71.847919,-13.410992,3413.4 -71.847922,-13.410989,3413.4 -71.847920,-13.410979,3413.6 -71.847923,-13.410971,3413.6 -71.847923,-13.410957,3413.8 -71.847920,-13.410950,3413.8 -71.847918,-13.410938,3414 -71.847914,-13.410931,3414.2 -71.847916,-13.410923,3414.2 -71.847914,-13.410925,3414.2 -71.847919,-13.410920,3414.4 -71.847921,-13.410920,3414.4 -71.847923,-13.410925,3414.6 -71.847929,-13.410932,3414.8 -71.847933,-13.410934,3414.8 -71.847934,-13.410943,3415.2 -71.847936,-13.410946,3415.2 -71.847944,-13.410949,3415.6 -71.847974,-13.410971,3416.6 -71.847978,-13.410976,3416.6 -71.847994,-13.410988,3417.2 -71.847998,-13.410988,3417.6 -71.848008,-13.410983,3417.8 -71.848021,-13.410983,3418.2 -71.848026,-13.410981,3418.2 -71.848025,-13.410982,3418.2 -71.848029,-13.410975,3418.8 -71.848035,-13.410969,3419 -71.848037,-13.410971,3420.8 -71.848035,-13.410974,3422.8 -71.848037,-13.410973,3422.8 -71.848038,-13.410968,3422.8 -71.848036,-13.410968,3423.2 -71.848035,-13.410972,3423.8 -71.848036,-13.410971,3423.6 -71.848034,-13.410973,3424.2 -71.848035,-13.410972,3424.4 -71.848037,-13.410975,3426.4 -71.848039,-13.410974,3426.8 -71.848043,-13.410975,3428.2 -71.848041,-13.410981,3429.8 -71.848044,-13.410983,3430.6 -71.848044,-13.410981,3430.6 -71.848042,-13.410983,3431.2 -71.848044,-13.410981,3431 -71.848042,-13.410981,3431 -71.848036,-13.410975,3431 -71.848034,-13.410968,3430.8 -71.848027,-13.410960,3430.8 -71.848029,-13.410957,3430.8 -71.848033,-13.410955,3431 -71.848038,-13.410948,3431.2 -71.848041,-13.410940,3431.4 -71.848037,-13.410927,3432 -71.848033,-13.410923,3432 -71.848029,-13.410912,3432.4 -71.848028,-13.410904,3432.6 -71.848031,-13.410902,3432.6 -71.848033,-13.410895,3432.6 -71.848028,-13.410884,3432.8 -71.848025,-13.410881,3432.8 -71.848018,-13.410879,3432.8 -71.848020,-13.410878,3432.8 -71.848010,-13.410879,3432.6 -71.848009,-13.410875,3432.6 -71.848009,-13.410866,3432.6 -71.848021,-13.410860,3432.8 -71.848029,-13.410843,3432.8 -71.848030,-13.410838,3432.8 -71.848029,-13.410839,3432.8 -71.848026,-13.410830,3432.8 -71.848035,-13.410818,3433 -71.848034,-13.410809,3433 -71.848036,-13.410801,3433.2 -71.848024,-13.410797,3433.4 -71.848020,-13.410794,3433.4 -71.848015,-13.410796,3433.6 -71.847997,-13.410783,3434 -71.847999,-13.410776,3434 -71.848007,-13.410774,3434.2 -71.848011,-13.410767,3434.4 -71.848017,-13.410762,3434.4 -71.848028,-13.410763,3434.6 -71.848035,-13.410759,3434.6 -71.848052,-13.410753,3435 -71.848055,-13.410748,3435 -71.848062,-13.410749,3435.2 -71.848062,-13.410744,3435.2 -71.848068,-13.410739,3435.2 -71.848074,-13.410724,3435.6 -71.848073,-13.410713,3435.6 -71.848076,-13.410704,3435.8 -71.848070,-13.410687,3436 -71.848081,-13.410672,3436.2 -71.848094,-13.410664,3436.4 -71.848095,-13.410662,3436.4 -71.848097,-13.410662,3436.4 -71.848096,-13.410661,3436.4 -71.848100,-13.410651,3436.6 -71.848101,-13.410641,3436.6 -71.848101,-13.410617,3436.8 -71.848102,-13.410618,3436.8 -71.848102,-13.410615,3436.8 -71.848103,-13.410616,3436.8 -71.848095,-13.410616,3437 -71.848083,-13.410622,3437 -71.848073,-13.410623,3437 -71.848070,-13.410620,3437 -71.848072,-13.410620,3437 -71.848072,-13.410616,3436.8 -71.848062,-13.410619,3437 -71.848046,-13.410627,3437.6 -71.848037,-13.410641,3437.8 -71.848031,-13.410646,3438 -71.848023,-13.410647,3438.2 -71.848014,-13.410644,3438.4 -71.848008,-13.410638,3438.6 -71.848003,-13.410626,3439.2 -71.848004,-13.410621,3439.2 -71.848002,-13.410616,3439.6 -71.848002,-13.410600,3440 -71.848000,-13.410588,3440.6 -71.848002,-13.410567,3441.4 -71.848001,-13.410559,3441.8 -71.847999,-13.410557,3442 -71.848000,-13.410532,3443 -71.847994,-13.410531,3443.2 -71.847979,-13.410534,3443.6 -71.847936,-13.410557,3445 -71.847906,-13.410557,3445.8 -71.847896,-13.410551,3446.2 -71.847900,-13.410549,3446.6 -71.847897,-13.410543,3446.8 -71.847883,-13.410531,3447.6 -71.847881,-13.410521,3448 -71.847881,-13.410518,3448.2 -71.847885,-13.410510,3448.4 -71.847891,-13.410504,3448.6 -71.847895,-13.410486,3449.4 -71.847888,-13.410468,3450.2 -71.847881,-13.410463,3450.4 -71.847878,-13.410455,3450.8 -71.847866,-13.410439,3452 -71.847864,-13.410440,3452.2 -71.847853,-13.410436,3452.4 -71.847850,-13.410432,3452.6 -71.847839,-13.410430,3452.8 -71.847832,-13.410431,3453 -71.847822,-13.410430,3453.2 -71.847806,-13.410423,3453.6 -71.847803,-13.410421,3453.8 -71.847804,-13.410417,3454 -71.847801,-13.410409,3454.4 -71.847797,-13.410408,3454.6 -71.847790,-13.410400,3454.8 -71.847790,-13.410391,3455.4 -71.847801,-13.410383,3455.6 -71.847820,-13.410361,3456.2 -71.847822,-13.410351,3456.6 -71.847814,-13.410347,3456.8 -71.847771,-13.410347,3457.8 -71.847764,-13.410345,3458 -71.847762,-13.410343,3458 -71.847767,-13.410333,3458.2 -71.847765,-13.410324,3458.6 -71.847761,-13.410318,3458.8 -71.847718,-13.410310,3459.8 -71.847709,-13.410303,3460 -71.847699,-13.410291,3460.6 -71.847688,-13.410289,3461 -71.847677,-13.410281,3461.2 -71.847672,-13.410273,3461.4 -71.847675,-13.410270,3461.8 -71.847678,-13.410271,3461.8 -71.847674,-13.410251,3462.2 -71.847665,-13.410238,3462.8 -71.847661,-13.410235,3462.8 -71.847656,-13.410234,3462.8 -71.847645,-13.410228,3463.2 -71.847642,-13.410228,3463.4 -71.847640,-13.410223,3463.6 -71.847639,-13.410207,3463.8 -71.847646,-13.410190,3464.4 -71.847647,-13.410176,3464.6 -71.847637,-13.410160,3465.2 -71.847628,-13.410152,3465.4 -71.847616,-13.410136,3465.8 -71.847613,-13.410136,3465.8 -71.847604,-13.410130,3466.2 -71.847602,-13.410126,3466.4 -71.847602,-13.410115,3466.6 -71.847608,-13.410100,3467 -71.847611,-13.410086,3467.4 -71.847616,-13.410082,3467.8 -71.847616,-13.410080,3467.8 -71.847615,-13.410078,3467.8 -71.847610,-13.410080,3468 -71.847606,-13.410079,3468 -71.847589,-13.410070,3468.4 -71.847581,-13.410064,3468.6 -71.847578,-13.410056,3468.8 -71.847579,-13.410045,3469 -71.847582,-13.410037,3469.2 -71.847582,-13.410018,3469.6 -71.847578,-13.410011,3469.8 -71.847577,-13.410005,3469.8 -71.847583,-13.409988,3470.4 -71.847586,-13.409985,3470.8 -71.847589,-13.409977,3471.6 -71.847589,-13.409964,3471.8 -71.847578,-13.409960,3471.8 -71.847574,-13.409957,3472 -71.847542,-13.409950,3472.2 -71.847524,-13.409936,3472.6 -71.847501,-13.409926,3473.2 -71.847497,-13.409921,3473.4 -71.847497,-13.409917,3473.4 -71.847504,-13.409897,3474 -71.847503,-13.409891,3474.2 -71.847499,-13.409884,3474.6 -71.847487,-13.409875,3475 -71.847478,-13.409865,3475.6 -71.847477,-13.409862,3475.6 -71.847469,-13.409856,3475.8 -71.847465,-13.409849,3476.2 -71.847462,-13.409847,3476.4 -71.847463,-13.409845,3476.4 -71.847446,-13.409839,3476.8 -71.847435,-13.409832,3477.2 -71.847423,-13.409816,3477.8 -71.847400,-13.409809,3478 -71.847381,-13.409799,3478.6 -71.847364,-13.409782,3479 -71.847334,-13.409758,3480 -71.847315,-13.409755,3480.4 -71.847289,-13.409748,3480.8 -71.847273,-13.409747,3481 -71.847252,-13.409742,3481.2 -71.847238,-13.409735,3481.6 -71.847227,-13.409733,3482 -71.847203,-13.409720,3482.6 -71.847188,-13.409717,3483 -71.847157,-13.409703,3484.4 -71.847133,-13.409685,3485.2 -71.847122,-13.409679,3485.4 -71.847108,-13.409675,3485.8 -71.847099,-13.409675,3486 -71.847088,-13.409672,3486.4 -71.847083,-13.409670,3486.4 -71.847075,-13.409662,3487 -71.847079,-13.409651,3487.4 -71.847084,-13.409643,3487.8 -71.847102,-13.409637,3488.4 -71.847115,-13.409628,3489 -71.847124,-13.409625,3489.4 -71.847142,-13.409613,3489.8 -71.847155,-13.409609,3490 -71.847177,-13.409597,3490.2 -71.847190,-13.409584,3490.6 -71.847200,-13.409578,3490.8 -71.847231,-13.409554,3491.2 -71.847238,-13.409540,3491.6 -71.847249,-13.409524,3492 -71.847253,-13.409513,3492.2 -71.847251,-13.409504,3492.4 -71.847245,-13.409494,3492.8 -71.847255,-13.409487,3493 -71.847258,-13.409483,3493.2 -71.847262,-13.409471,3493.6 -71.847269,-13.409461,3494 -71.847272,-13.409453,3494 -71.847280,-13.409444,3494.2 -71.847281,-13.409432,3494.4 -71.847267,-13.409418,3494.8 -71.847263,-13.409406,3495.4 -71.847272,-13.409398,3495.6 -71.847275,-13.409393,3495.6 -71.847287,-13.409384,3496.2 -71.847294,-13.409375,3496.6 -71.847325,-13.409367,3497.4 -71.847340,-13.409358,3498 -71.847343,-13.409354,3498 -71.847347,-13.409342,3498.2 -71.847348,-13.409332,3498.6 -71.847341,-13.409319,3499 -71.847338,-13.409307,3499.4 -71.847340,-13.409303,3499.6 -71.847340,-13.409297,3499.6 -71.847338,-13.409295,3499.6 -71.847337,-13.409290,3499.6 -71.847338,-13.409288,3499.6 -71.847348,-13.409288,3499.8 -71.847357,-13.409291,3499.8 -71.847358,-13.409294,3500.6 -71.847361,-13.409296,3500.8 -71.847360,-13.409298,3500.6 -71.847362,-13.409298,3500.6 -71.847357,-13.409282,3500.4 -71.847365,-13.409271,3501 -71.847338,-13.409249,3501.6 -71.847336,-13.409242,3501.8 -71.847333,-13.409239,3501.8 -71.847329,-13.409223,3502.4 -71.847329,-13.409202,3503.2 -71.847331,-13.409196,3503.2 -71.847330,-13.409177,3503.8 -71.847341,-13.409173,3504.2 -71.847327,-13.409150,3504.4 -71.847327,-13.409142,3504.4 -71.847325,-13.409135,3504.6 -71.847327,-13.409127,3504.8 -71.847326,-13.409120,3505 -71.847327,-13.409111,3505.2 -71.847321,-13.409098,3505.6 -71.847320,-13.409084,3506 -71.847317,-13.409076,3506.2 -71.847301,-13.409063,3506.4 -71.847297,-13.409056,3506.8 -71.847295,-13.409056,3507 -71.847294,-13.409059,3507.6 -71.847293,-13.409057,3507.6 -71.847295,-13.409057,3507.6 -71.847293,-13.409059,3507.8 -71.847297,-13.409060,3507.8 -71.847302,-13.409057,3508 -71.847300,-13.409059,3508.4 -71.847300,-13.409031,3508.8 -71.847296,-13.409013,3509 -71.847291,-13.409001,3509.2 -71.847291,-13.408994,3509.2 -71.847285,-13.408977,3509.4 -71.847272,-13.408957,3509.8 -71.847258,-13.408941,3510.2 -71.847252,-13.408926,3510.6 -71.847252,-13.408910,3511 -71.847246,-13.408892,3511.6 -71.847248,-13.408869,3512 -71.847245,-13.408850,3512.8 -71.847245,-13.408840,3513 -71.847237,-13.408822,3513.6 -71.847240,-13.408812,3514 -71.847238,-13.408802,3514.4 -71.847241,-13.408794,3514.6 -71.847243,-13.408772,3515.4 -71.847241,-13.408769,3515.6 -71.847242,-13.408759,3516 -71.847239,-13.408748,3516.2 -71.847240,-13.408744,3516.2 -71.847238,-13.408733,3516.4 -71.847233,-13.408725,3516.6 -71.847229,-13.408707,3517 -71.847231,-13.408682,3517.6 -71.847235,-13.408661,3518.2 -71.847229,-13.408636,3519 -71.847225,-13.408638,3519.2 -71.847222,-13.408635,3519.2 -71.847218,-13.408638,3519.2 -71.847217,-13.408641,3519.2 -71.847220,-13.408661,3519.4 -71.847217,-13.408682,3519.4 -71.847198,-13.408714,3519.2 -71.847190,-13.408721,3519.8 -71.847195,-13.408720,3519.8 -71.847195,-13.408719,3519.8 -71.847193,-13.408720,3519.6 -71.847193,-13.408717,3519.6 -71.847194,-13.408726,3520.2 -71.847193,-13.408724,3520.4 -71.847192,-13.408726,3520.6 -71.847193,-13.408727,3520.6 -71.847196,-13.408726,3520.6 -71.847208,-13.408704,3520.8 -71.847216,-13.408673,3520.8 -71.847214,-13.408647,3521 -71.847217,-13.408636,3521.2 -71.847222,-13.408626,3521.4 -71.847226,-13.408622,3521.4 -71.847230,-13.408611,3521.8 -71.847240,-13.408606,3522 -71.847247,-13.408599,3522.2 -71.847252,-13.408591,3522.6 -71.847249,-13.408573,3523 -71.847247,-13.408569,3523 -71.847250,-13.408558,3523.2 -71.847252,-13.408555,3523.4 -71.847260,-13.408552,3523.8 -71.847271,-13.408544,3524.2 -71.847284,-13.408542,3524.6 -71.847286,-13.408538,3525 -71.847287,-13.408526,3525.2 -71.847291,-13.408511,3525.6 -71.847292,-13.408502,3525.8 -71.847289,-13.408493,3526 -71.847284,-13.408489,3526.2 -71.847269,-13.408482,3526.4 -71.847266,-13.408479,3526.6 -71.847264,-13.408476,3526.8 -71.847258,-13.408452,3527.4 -71.847260,-13.408447,3527.6 -71.847266,-13.408443,3527.8 -71.847275,-13.408438,3528.2 -71.847279,-13.408439,3528.4 -71.847276,-13.408432,3528.8 -71.847276,-13.408428,3528.8 -71.847267,-13.408416,3529 -71.847265,-13.408400,3529.2 -71.847266,-13.408396,3529.2 -71.847279,-13.408386,3529.6 -71.847281,-13.408378,3529.8 -71.847281,-13.408369,3530.2 -71.847271,-13.408359,3530.4 -71.847247,-13.408346,3530.8 -71.847242,-13.408341,3531 -71.847237,-13.408326,3531.4 -71.847240,-13.408321,3531.8 -71.847260,-13.408317,3532.4 -71.847278,-13.408315,3532.8 -71.847296,-13.408317,3533.4 -71.847305,-13.408312,3533.8 -71.847340,-13.408309,3534.4 -71.847349,-13.408305,3534.4 -71.847374,-13.408292,3535 -71.847386,-13.408284,3535.4 -71.847399,-13.408270,3536.4 -71.847405,-13.408260,3536.8 -71.847417,-13.408252,3537 -71.847430,-13.408246,3537.4 -71.847440,-13.408237,3537.8 -71.847467,-13.408228,3538.6 -71.847489,-13.408202,3540 -71.847491,-13.408196,3540.2 -71.847492,-13.408168,3541.4 -71.847496,-13.408152,3541.6 -71.847495,-13.408148,3541.6 -71.847489,-13.408140,3541.8 -71.847492,-13.408130,3541.6 -71.847488,-13.408119,3541.8 -71.847485,-13.408115,3541.8 -71.847483,-13.408107,3541.8 -71.847482,-13.408087,3542 -71.847495,-13.408041,3542.4 -71.847494,-13.408029,3542.4 -71.847496,-13.408015,3542.4 -71.847495,-13.407992,3542.6 -71.847498,-13.407959,3543 -71.847494,-13.407928,3543.8 -71.847504,-13.407905,3544.2 -71.847507,-13.407880,3544.6 -71.847512,-13.407870,3544.6 -71.847515,-13.407859,3544.8 -71.847526,-13.407845,3544.8 -71.847529,-13.407838,3545 -71.847537,-13.407817,3545 -71.847540,-13.407797,3545.2 -71.847552,-13.407780,3545.4 -71.847565,-13.407745,3545.8 -71.847570,-13.407723,3546 -71.847581,-13.407713,3546.2 -71.847592,-13.407695,3546.4 -71.847604,-13.407681,3546.6 -71.847609,-13.407671,3546.6 -71.847605,-13.407655,3546.8 -71.847587,-13.407640,3547 -71.847585,-13.407629,3547.2 -71.847588,-13.407620,3547.4 -71.847597,-13.407608,3547.6 -71.847599,-13.407596,3547.8 -71.847595,-13.407598,3547.8 -71.847594,-13.407597,3547.8 -71.847604,-13.407570,3548.4 -71.847606,-13.407557,3548.4 -71.847626,-13.407521,3549 -71.847632,-13.407507,3549.2 -71.847632,-13.407496,3549.2 -71.847639,-13.407475,3549.4 -71.847659,-13.407427,3549.6 -71.847668,-13.407415,3549.8 -71.847682,-13.407388,3549.8 -71.847682,-13.407382,3550 -71.847687,-13.407369,3550.2 -71.847690,-13.407355,3550.2 -71.847696,-13.407342,3550.4 -71.847691,-13.407334,3550.4 -71.847687,-13.407320,3551 -71.847699,-13.407296,3551.4 -71.847694,-13.407286,3551.6 -71.847700,-13.407271,3551.8 -71.847701,-13.407255,3552 -71.847697,-13.407249,3552.2 -71.847694,-13.407248,3552.2 -71.847687,-13.407250,3552.4 -71.847685,-13.407249,3552.6 -71.847690,-13.407237,3553 -71.847692,-13.407236,3553 -71.847693,-13.407238,3553.4 -71.847693,-13.407220,3553.4 -71.847691,-13.407208,3553.6 -71.847696,-13.407188,3553.8 -71.847692,-13.407176,3554 -71.847692,-13.407165,3554.2 -71.847689,-13.407160,3554.2 -71.847682,-13.407155,3554.4 -71.847678,-13.407155,3554.4 -71.847674,-13.407158,3554.4 -71.847661,-13.407162,3554.6 -71.847656,-13.407163,3554.8 -71.847652,-13.407162,3554.8 -71.847649,-13.407159,3554.8 -71.847644,-13.407143,3555.4 -71.847634,-13.407129,3555.8 -71.847627,-13.407124,3556 -71.847614,-13.407121,3556.4 -71.847600,-13.407114,3557 -71.847591,-13.407107,3557.2 -71.847583,-13.407097,3557.4 -71.847575,-13.407080,3558 -71.847559,-13.407056,3558.8 -71.847555,-13.407054,3559 -71.847544,-13.407038,3559.4 -71.847539,-13.407020,3559.8 -71.847538,-13.407010,3560 -71.847543,-13.406988,3560.4 -71.847541,-13.406975,3560.6 -71.847543,-13.406965,3560.8 -71.847544,-13.406968,3560.8 -71.847544,-13.406957,3561 -71.847541,-13.406952,3561 -71.847525,-13.406945,3561.2 -71.847521,-13.406940,3561.2 -71.847513,-13.406915,3561.6 -71.847513,-13.406910,3561.6 -71.847517,-13.406900,3561.6 -71.847531,-13.406875,3561.8 -71.847537,-13.406861,3562 -71.847539,-13.406850,3562.2 -71.847537,-13.406843,3562.2 -71.847538,-13.406837,3562.2 -71.847545,-13.406820,3562.4 -71.847546,-13.406806,3562.6 -71.847550,-13.406799,3562.8 -71.847558,-13.406770,3563.2 -71.847555,-13.406757,3563.2 -71.847553,-13.406752,3563.4 -71.847549,-13.406749,3563.4 -71.847539,-13.406721,3563.8 -71.847544,-13.406695,3564.2 -71.847553,-13.406673,3564.4 -71.847564,-13.406654,3564.6 -71.847568,-13.406642,3564.8 -71.847569,-13.406598,3565.4 -71.847564,-13.406585,3565.6 -71.847567,-13.406579,3566 -71.847567,-13.406567,3566.2 -71.847564,-13.406550,3566.4 -71.847568,-13.406530,3566.6 -71.847580,-13.406504,3566.8 -71.847581,-13.406499,3567 -71.847579,-13.406483,3567 -71.847573,-13.406467,3567.4 -71.847578,-13.406454,3567.4 -71.847581,-13.406435,3567.6 -71.847582,-13.406421,3567.8 -71.847580,-13.406411,3568 -71.847589,-13.406364,3568.4 -71.847587,-13.406359,3568.6 -71.847587,-13.406336,3568.8 -71.847589,-13.406326,3568.8 -71.847586,-13.406311,3568.8 -71.847587,-13.406296,3569 -71.847585,-13.406272,3569.4 -71.847582,-13.406260,3569.4 -71.847590,-13.406231,3569.8 -71.847591,-13.406218,3570 -71.847595,-13.406202,3570.2 -71.847595,-13.406176,3570.4 -71.847593,-13.406153,3570.6 -71.847600,-13.406137,3570.6 -71.847612,-13.406120,3570.8 -71.847623,-13.406091,3571 -71.847626,-13.406073,3571 -71.847626,-13.406055,3571 -71.847634,-13.406022,3571 -71.847632,-13.406008,3571.2 -71.847635,-13.405984,3571.4 -71.847640,-13.405971,3571.4 -71.847640,-13.405964,3571.4 -71.847646,-13.405943,3571.8 -71.847650,-13.405937,3571.8 -71.847655,-13.405921,3572 -71.847660,-13.405914,3572 -71.847662,-13.405905,3572 -71.847668,-13.405868,3572.4 -71.847666,-13.405855,3572.6 -71.847668,-13.405841,3572.8 -71.847667,-13.405836,3572.8 -71.847670,-13.405828,3573 -71.847677,-13.405825,3573.4 -71.847682,-13.405819,3574.4 -71.847687,-13.405817,3574.6 -71.847695,-13.405817,3575 -71.847692,-13.405814,3575.2 -71.847695,-13.405811,3575.2 -71.847694,-13.405807,3575 -71.847688,-13.405802,3575 -71.847677,-13.405798,3574.8 -71.847674,-13.405798,3574.8 -71.847673,-13.405801,3575 -71.847676,-13.405798,3575.4 -71.847673,-13.405799,3575.4 -71.847674,-13.405797,3575.4 -71.847672,-13.405795,3575.2 -71.847655,-13.405795,3575.2 -71.847652,-13.405800,3575 -71.847653,-13.405799,3575 -71.847652,-13.405800,3575 -71.847653,-13.405799,3575 -71.847647,-13.405795,3575 -71.847640,-13.405776,3575 -71.847634,-13.405766,3575 -71.847628,-13.405748,3575 -71.847625,-13.405726,3575 -71.847621,-13.405715,3575 -71.847614,-13.405706,3575 -71.847612,-13.405699,3575 -71.847613,-13.405690,3575 -71.847611,-13.405676,3575 -71.847601,-13.405654,3575 -71.847600,-13.405642,3575 -71.847571,-13.405599,3574.8 -71.847568,-13.405587,3574.8 -71.847557,-13.405569,3574.8 -71.847554,-13.405561,3574.8 -71.847550,-13.405548,3574.8 -71.847543,-13.405512,3574.6 -71.847541,-13.405493,3574.6 -71.847537,-13.405477,3574.6 -71.847534,-13.405440,3574.6 -71.847530,-13.405429,3574.6 -71.847531,-13.405418,3574.8 -71.847538,-13.405402,3575 -71.847544,-13.405390,3575.2 -71.847552,-13.405383,3575.4 -71.847559,-13.405369,3575.4 -71.847557,-13.405363,3575.6 -71.847559,-13.405357,3575.8 -71.847558,-13.405344,3576 -71.847548,-13.405327,3576.4 -71.847532,-13.405280,3578 -71.847537,-13.405269,3578.4 -71.847541,-13.405265,3578.6 -71.847550,-13.405260,3578.8 -71.847557,-13.405238,3579.4 -71.847555,-13.405220,3580 -71.847556,-13.405207,3580.4 -71.847549,-13.405195,3580.8 -71.847544,-13.405191,3581 -71.847546,-13.405190,3581.6 -71.847541,-13.405194,3582 -71.847542,-13.405191,3582.2 -71.847540,-13.405190,3582.2 -71.847537,-13.405182,3582.2 -71.847539,-13.405169,3582.4 -71.847538,-13.405155,3582.8 -71.847539,-13.405147,3583 -71.847546,-13.405145,3583 -71.847552,-13.405120,3583.2 -71.847551,-13.405086,3583.8 -71.847554,-13.405064,3584 -71.847559,-13.405051,3584.4 -71.847560,-13.405025,3584.6 -71.847558,-13.405018,3584.6 -71.847568,-13.404998,3585 -71.847568,-13.404990,3585.4 -71.847567,-13.404991,3585.2 -71.847565,-13.404988,3585.4 -71.847565,-13.404975,3585.6 -71.847568,-13.404966,3585.8 -71.847567,-13.404959,3585.8 -71.847563,-13.404949,3586.2 -71.847571,-13.404904,3587.2 -71.847573,-13.404882,3587.6 -71.847572,-13.404875,3587.6 -71.847567,-13.404867,3588 -71.847566,-13.404857,3588.4 -71.847574,-13.404844,3588.6 -71.847576,-13.404842,3588.6 -71.847577,-13.404843,3588.6 -71.847579,-13.404828,3588.8 -71.847576,-13.404816,3589 -71.847568,-13.404800,3589.4 -71.847565,-13.404788,3589.6 -71.847541,-13.404758,3590.2 -71.847532,-13.404741,3590.6 -71.847530,-13.404727,3591 -71.847520,-13.404715,3591.2 -71.847516,-13.404707,3591.6 -71.847505,-13.404692,3592.4 -71.847505,-13.404689,3592.4 -71.847507,-13.404687,3592.6 -71.847506,-13.404686,3592.6 -71.847511,-13.404683,3592.8 -71.847514,-13.404677,3593 -71.847514,-13.404673,3593 -71.847510,-13.404667,3593.2 -71.847509,-13.404648,3594 -71.847504,-13.404639,3594.2 -71.847504,-13.404633,3594.4 -71.847507,-13.404627,3594.4 -71.847522,-13.404632,3594.8 -71.847539,-13.404631,3595.2 -71.847544,-13.404616,3595.4 -71.847543,-13.404605,3595.6 -71.847539,-13.404596,3595.8 -71.847539,-13.404588,3595.8 -71.847542,-13.404584,3596.4 -71.847539,-13.404581,3596.2 -71.847537,-13.404581,3596 -71.847537,-13.404580,3596 -71.847539,-13.404584,3596 -71.847541,-13.404583,3596 -71.847539,-13.404578,3596 -71.847537,-13.404562,3596 -71.847532,-13.404550,3596 -71.847532,-13.404542,3596.2 -71.847538,-13.404534,3596.4 -71.847542,-13.404533,3596.6 -71.847550,-13.404522,3596.8 -71.847539,-13.404506,3597.6 -71.847539,-13.404497,3598 -71.847543,-13.404488,3598.4 -71.847540,-13.404477,3599 -71.847539,-13.404464,3599.4 -71.847536,-13.404460,3599.4 -71.847531,-13.404444,3599.6 -71.847531,-13.404418,3600.4 -71.847533,-13.404406,3600.8 -71.847531,-13.404396,3601 -71.847528,-13.404390,3601 -71.847526,-13.404378,3601.2 -71.847528,-13.404366,3601.6 -71.847521,-13.404341,3602.4 -71.847521,-13.404328,3602.8 -71.847518,-13.404319,3603.2 -71.847520,-13.404318,3603.4 -71.847521,-13.404320,3603.4 -71.847538,-13.404315,3603.6 -71.847564,-13.404297,3604.2 -71.847586,-13.404299,3604.6 -71.847593,-13.404286,3604.6 -71.847596,-13.404274,3604.8 -71.847602,-13.404267,3605 -71.847619,-13.404256,3605.2 -71.847647,-13.404234,3605.4 -71.847668,-13.404224,3605.4 -71.847681,-13.404212,3605.4 -71.847696,-13.404184,3605.6 -71.847708,-13.404176,3605.6 -71.847731,-13.404165,3606 -71.847740,-13.404154,3606 -71.847742,-13.404149,3606 -71.847770,-13.404126,3606.6 -71.847774,-13.404125,3606.8 -71.847794,-13.404109,3607 -71.847808,-13.404093,3607 -71.847814,-13.404083,3607.2 -71.847820,-13.404069,3607.4 -71.847826,-13.404046,3608 -71.847838,-13.404040,3608.2 -71.847851,-13.404036,3608.6 -71.847853,-13.404033,3608.6 -71.847853,-13.404024,3609 -71.847855,-13.404020,3609.2 -71.847859,-13.404019,3609.4 -71.847888,-13.403995,3610.2 -71.847905,-13.403987,3610.6 -71.847911,-13.403987,3610.6 -71.847918,-13.403980,3610.8 -71.847919,-13.403973,3611 -71.847923,-13.403966,3611 -71.847925,-13.403953,3611.2 -71.847930,-13.403945,3611.6 -71.847936,-13.403920,3612.2 -71.847939,-13.403915,3612.2 -71.847948,-13.403907,3612.4 -71.847941,-13.403881,3612.6 -71.847933,-13.403866,3612.8 -71.847932,-13.403860,3612.8 -71.847932,-13.403852,3612.8 -71.847929,-13.403838,3613 -71.847931,-13.403828,3613 -71.847931,-13.403815,3613 -71.847928,-13.403800,3613.2 -71.847925,-13.403755,3613.6 -71.847922,-13.403744,3613.8 -71.847927,-13.403732,3614 -71.847928,-13.403714,3614 -71.847926,-13.403699,3614 -71.847924,-13.403693,3614.2 -71.847920,-13.403688,3614.2 -71.847918,-13.403661,3614.2 -71.847919,-13.403645,3614.4 -71.847928,-13.403614,3614.6 -71.847933,-13.403604,3614.6 -71.847938,-13.403599,3614.8 -71.847941,-13.403593,3615 -71.847960,-13.403575,3615.2 -71.847981,-13.403566,3615.4 -71.847989,-13.403566,3615.4 -71.848005,-13.403572,3615.4 -71.848026,-13.403571,3615.4 -71.848033,-13.403572,3615.4 -71.848061,-13.403580,3615.4 -71.848080,-13.403579,3615.4 -71.848087,-13.403574,3615.4 -71.848088,-13.403557,3615.8 -71.848085,-13.403550,3615.8 -71.848086,-13.403542,3615.8 -71.848089,-13.403539,3615.8 -71.848091,-13.403540,3615.8 -71.848091,-13.403537,3615.8 -71.848089,-13.403538,3615.6 -71.848087,-13.403536,3615.6 -71.848084,-13.403536,3615.4 -71.848077,-13.403539,3615 -71.848076,-13.403547,3615.4 -71.848077,-13.403546,3615.4 -71.848076,-13.403545,3615.6 -71.848072,-13.403553,3616.6 -71.848073,-13.403563,3616.4 -71.848076,-13.403567,3615.8 -71.848074,-13.403571,3616 -71.848069,-13.403573,3616 -71.848069,-13.403575,3616 -71.848092,-13.403585,3616.2 -71.848111,-13.403597,3616.2 -71.848121,-13.403610,3616.2 -71.848134,-13.403623,3616.4 -71.848148,-13.403648,3616.4 -71.848160,-13.403657,3616.8 -71.848174,-13.403675,3617.2 -71.848178,-13.403676,3617.2 -71.848201,-13.403696,3617.6 -71.848200,-13.403697,3617.6 -71.848206,-13.403706,3617.6 -71.848220,-13.403716,3617.8 -71.848224,-13.403722,3617.8 -71.848226,-13.403730,3618 -71.848240,-13.403747,3618.4 -71.848248,-13.403754,3618.4 -71.848263,-13.403775,3618.8 -71.848293,-13.403804,3619.2 -71.848306,-13.403814,3619.4 -71.848317,-13.403820,3619.8 -71.848322,-13.403821,3619.8 -71.848331,-13.403831,3620.2 -71.848330,-13.403832,3620.2 -71.848333,-13.403831,3620 -71.848336,-13.403842,3620 -71.848345,-13.403859,3620 -71.848361,-13.403871,3620.2 -71.848368,-13.403872,3620.2 -71.848382,-13.403870,3620.2 -71.848397,-13.403876,3620.6 -71.848401,-13.403871,3620.6 -71.848404,-13.403861,3620.8 -71.848399,-13.403842,3620.8 -71.848399,-13.403830,3621 -71.848403,-13.403813,3621.2 -71.848402,-13.403805,3621.2 -71.848404,-13.403795,3621.4 -71.848409,-13.403794,3621.4 -71.848414,-13.403795,3621.6 -71.848421,-13.403800,3621.8 -71.848429,-13.403809,3622 -71.848439,-13.403816,3622.4 -71.848450,-13.403836,3622.6 -71.848457,-13.403846,3623 -71.848464,-13.403852,3623.2 -71.848472,-13.403852,3623.4 -71.848482,-13.403845,3623.8 -71.848481,-13.403838,3623.8 -71.848483,-13.403831,3623.8 -71.848486,-13.403828,3623.8 -71.848494,-13.403826,3624.2 -71.848498,-13.403826,3624.2 -71.848504,-13.403830,3624.2 -71.848519,-13.403843,3624.4 -71.848525,-13.403850,3624.4 -71.848535,-13.403867,3624.6 -71.848542,-13.403887,3624.8 -71.848556,-13.403915,3625.2 -71.848562,-13.403933,3625.4 -71.848568,-13.403941,3625.6 -71.848581,-13.403968,3625.6 -71.848610,-13.404010,3625.2 -71.848622,-13.404023,3625.2 -71.848628,-13.404041,3625.2 -71.848644,-13.404058,3625 -71.848652,-13.404076,3624.8 -71.848666,-13.404093,3624.8 -71.848673,-13.404107,3625 -71.848680,-13.404129,3624.6 -71.848682,-13.404147,3624.6 -71.848679,-13.404164,3624.6 -71.848669,-13.404172,3624.6 -71.848669,-13.404177,3624.4 -71.848671,-13.404173,3624.4 -71.848678,-13.404168,3624.4 -71.848683,-13.404160,3624.2 -71.848694,-13.404154,3624 -71.848695,-13.404143,3623.8 -71.848689,-13.404101,3624 -71.848692,-13.404073,3624.2 -71.848689,-13.404061,3624.4 -71.848684,-13.404050,3624.4 -71.848673,-13.404035,3624.6 -71.848645,-13.404007,3625 -71.848597,-13.403944,3625.2 -71.848586,-13.403925,3625.4 -71.848573,-13.403907,3625.4 -71.848565,-13.403881,3625.6 -71.848563,-13.403868,3625.6 -71.848553,-13.403852,3625.6 -71.848545,-13.403829,3625.8 -71.848539,-13.403803,3625.8 -71.848533,-13.403792,3625.8 -71.848514,-13.403767,3625.8 -71.848502,-13.403741,3626.2 -71.848477,-13.403703,3626.4 -71.848452,-13.403658,3626.4 -71.848436,-13.403623,3626.4 -71.848407,-13.403585,3626.4 -71.848393,-13.403559,3626.2 -71.848380,-13.403539,3626 -71.848366,-13.403508,3626 -71.848348,-13.403478,3626.2 -71.848341,-13.403460,3626 -71.848338,-13.403455,3626 -71.848336,-13.403457,3626.2 -71.848342,-13.403461,3626 -71.848343,-13.403458,3626 -71.848336,-13.403450,3626 -71.848323,-13.403427,3626.2 -71.848318,-13.403415,3626.2 -71.848304,-13.403368,3626.2 -71.848297,-13.403338,3626.4 -71.848285,-13.403305,3626.2 -71.848274,-13.403286,3626 -71.848268,-13.403267,3625.8 -71.848255,-13.403247,3625.4 -71.848246,-13.403193,3624.4 -71.848244,-13.403155,3624 -71.848249,-13.403150,3623.8 -71.848253,-13.403150,3623.8 -71.848251,-13.403149,3623.8 -71.848253,-13.403150,3623.8 -71.848258,-13.403139,3624.4 -71.848257,-13.403124,3625 -71.848254,-13.403119,3625.4 -71.848251,-13.403093,3626.6 -71.848247,-13.403089,3627 -71.848247,-13.403082,3627.2 -71.848244,-13.403073,3627.8 -71.848244,-13.403056,3628.6 -71.848240,-13.403037,3629.2 -71.848236,-13.403031,3629.4 -71.848232,-13.403020,3630 -71.848227,-13.402998,3631.2 -71.848232,-13.402998,3631.2 -71.848232,-13.402986,3631 -71.848236,-13.402978,3631.2 -71.848236,-13.402956,3631.4 -71.848253,-13.402936,3631.8 -71.848253,-13.402923,3631.8 -71.848255,-13.402916,3632 -71.848248,-13.402901,3632 -71.848244,-13.402864,3632.2 -71.848246,-13.402854,3632.2 -71.848250,-13.402850,3632.4 -71.848261,-13.402847,3632.4 -71.848272,-13.402836,3632.6 -71.848275,-13.402836,3632.6 -71.848279,-13.402832,3632.6 -71.848282,-13.402828,3632.8 -71.848282,-13.402818,3632.8 -71.848266,-13.402795,3633 -71.848260,-13.402778,3633 -71.848248,-13.402757,3633.4 -71.848246,-13.402756,3633.4 -71.848254,-13.402750,3632.6 -71.848256,-13.402751,3632.6 -71.848255,-13.402752,3632.6 -71.848249,-13.402744,3632.4 -71.848246,-13.402737,3632.6 -71.848246,-13.402728,3633 -71.848249,-13.402718,3633.2 -71.848249,-13.402711,3633.2 -71.848240,-13.402694,3633.4 -71.848236,-13.402679,3633.8 -71.848227,-13.402666,3634.4 -71.848228,-13.402665,3634.4 -71.848232,-13.402669,3634.8 -71.848236,-13.402669,3635.2 -71.848245,-13.402677,3636 -71.848252,-13.402672,3636.4 -71.848244,-13.402652,3636.8 -71.848241,-13.402640,3637 -71.848236,-13.402631,3637.2 -71.848236,-13.402619,3637.4 -71.848223,-13.402610,3637.6 -71.848226,-13.402609,3637.8 -71.848245,-13.402628,3638.2 -71.848259,-13.402637,3638.6 -71.848267,-13.402645,3639 -71.848277,-13.402650,3639.4 -71.848283,-13.402659,3640 -71.848288,-13.402661,3640 -71.848294,-13.402661,3640 -71.848309,-13.402668,3640.2 -71.848314,-13.402666,3640.4 -71.848316,-13.402663,3640.4 -71.848317,-13.402641,3640.6 -71.848315,-13.402626,3640.6 -71.848307,-13.402612,3640.8 -71.848306,-13.402604,3641 -71.848307,-13.402601,3641.2 -71.848306,-13.402601,3641.2 -71.848310,-13.402596,3641.4 -71.848310,-13.402590,3641.4 -71.848304,-13.402581,3641.6 -71.848290,-13.402571,3641.8 -71.848286,-13.402566,3641.8 -71.848277,-13.402506,3642.6 -71.848277,-13.402497,3642.6 -71.848270,-13.402476,3643 -71.848270,-13.402466,3643.2 -71.848268,-13.402460,3643.2 -71.848272,-13.402440,3643.6 -71.848275,-13.402433,3643.6 -71.848275,-13.402413,3644 -71.848272,-13.402401,3644.2 -71.848275,-13.402392,3644.6 -71.848281,-13.402382,3644.8 -71.848283,-13.402374,3645 -71.848282,-13.402363,3645.4 -71.848288,-13.402346,3645.8 -71.848294,-13.402336,3646.2 -71.848302,-13.402334,3646.6 -71.848303,-13.402331,3646.6 -71.848312,-13.402321,3646.8 -71.848338,-13.402301,3647.6 -71.848342,-13.402293,3647.8 -71.848343,-13.402287,3648 -71.848344,-13.402288,3648 -71.848347,-13.402287,3648 -71.848348,-13.402283,3648 -71.848356,-13.402286,3648 -71.848355,-13.402285,3648 -71.848349,-13.402293,3648.2 -71.848350,-13.402299,3647.8 -71.848354,-13.402295,3647.4 -71.848358,-13.402294,3647.2 -71.848357,-13.402294,3647.4 -71.848360,-13.402288,3647.6 -71.848376,-13.402275,3648.6 -71.848379,-13.402271,3648.8 -71.848383,-13.402257,3649.6 -71.848388,-13.402250,3650 -71.848388,-13.402246,3650.2 -71.848393,-13.402236,3650.6 -71.848408,-13.402216,3651.6 -71.848424,-13.402212,3652 -71.848438,-13.402203,3652.4 -71.848441,-13.402204,3652.4 -71.848456,-13.402190,3652.6 -71.848468,-13.402147,3652.8 -71.848472,-13.402148,3653 -71.848470,-13.402147,3653 -71.848472,-13.402147,3653 -71.848480,-13.402141,3653 -71.848486,-13.402141,3653.2 -71.848496,-13.402151,3653.2 -71.848497,-13.402158,3653.2 -71.848503,-13.402169,3653.2 -71.848505,-13.402182,3653.4 -71.848500,-13.402192,3653.4 -71.848480,-13.402216,3653.6 -71.848471,-13.402242,3653.8 -71.848471,-13.402253,3654 -71.848481,-13.402265,3654.4 -71.848483,-13.402278,3654.8 -71.848487,-13.402283,3655.2 -71.848484,-13.402284,3655.2 -71.848486,-13.402287,3655.2 -71.848496,-13.402292,3655.4 -71.848508,-13.402272,3655.6 -71.848512,-13.402269,3655.6 -71.848518,-13.402260,3655.8 -71.848540,-13.402244,3656.4 -71.848542,-13.402244,3656.6 -71.848545,-13.402247,3656.8 -71.848547,-13.402252,3657 -71.848551,-13.402254,3657.2 -71.848555,-13.402260,3657.6 -71.848553,-13.402272,3657.8 -71.848555,-13.402276,3658 -71.848559,-13.402279,3658 -71.848567,-13.402281,3658.4 -71.848569,-13.402285,3658.8 -71.848574,-13.402271,3659 -71.848574,-13.402263,3659.2 -71.848582,-13.402241,3659.2 -71.848587,-13.402220,3659.6 -71.848583,-13.402205,3660 -71.848584,-13.402203,3660 -71.848597,-13.402200,3660.4 -71.848599,-13.402198,3660.4 -71.848604,-13.402199,3660.6 -71.848606,-13.402201,3660.8 -71.848610,-13.402213,3661 -71.848610,-13.402223,3661.2 -71.848605,-13.402245,3661.6 -71.848610,-13.402268,3662.2 -71.848615,-13.402275,3662.4 -71.848619,-13.402279,3662.6 -71.848621,-13.402279,3662.6 -71.848622,-13.402283,3662.6 -71.848627,-13.402282,3663 -71.848630,-13.402278,3663.2 -71.848631,-13.402271,3663.4 -71.848633,-13.402269,3663.6 -71.848632,-13.402268,3663.8 -71.848633,-13.402259,3665.8 -71.848632,-13.402260,3665.8 -71.848632,-13.402258,3666 -71.848628,-13.402254,3667.2 -71.848637,-13.402254,3667 -71.848640,-13.402237,3668 -71.848651,-13.402235,3668.2 -71.848654,-13.402227,3668.4 -71.848657,-13.402224,3668.4 -71.848664,-13.402209,3668.8 -71.848666,-13.402209,3668.8 -71.848669,-13.402204,3668.8 -71.848669,-13.402201,3668.8 -71.848672,-13.402196,3668.8 -71.848677,-13.402191,3668.8 -71.848683,-13.402188,3669 -71.848684,-13.402179,3669 -71.848681,-13.402175,3669.2 -71.848681,-13.402172,3669.2 -71.848688,-13.402160,3669.4 -71.848692,-13.402157,3669.6 -71.848696,-13.402157,3669.6 -71.848706,-13.402166,3669.6 -71.848715,-13.402165,3669.6 -71.848719,-13.402160,3669.8 -71.848719,-13.402146,3669.8 -71.848724,-13.402135,3670 -71.848729,-13.402128,3670 -71.848732,-13.402129,3670.2 -71.848734,-13.402127,3670.2 -71.848741,-13.402117,3670.4 -71.848738,-13.402113,3671 -71.848743,-13.402115,3671.2 -71.848745,-13.402120,3671.2 -71.848751,-13.402127,3671.4 -71.848772,-13.402147,3672 -71.848777,-13.402154,3672.2 -71.848781,-13.402155,3672.4 -71.848790,-13.402147,3673 -71.848795,-13.402134,3673.4 -71.848816,-13.402124,3674.2 -71.848814,-13.402120,3674.2 -71.848815,-13.402112,3674.4 -71.848830,-13.402097,3674.8 -71.848840,-13.402111,3675.4 -71.848847,-13.402116,3675.8 -71.848851,-13.402139,3676.4 -71.848853,-13.402142,3676.4 -71.848861,-13.402141,3676.6 -71.848863,-13.402120,3677.2 -71.848872,-13.402109,3677.6 -71.848872,-13.402104,3678 -71.848876,-13.402100,3678.2 -71.848886,-13.402082,3678.8 -71.848902,-13.402073,3679.2 -71.848910,-13.402088,3679.6 -71.848918,-13.402094,3680 -71.848924,-13.402101,3680.2 -71.848928,-13.402103,3680.4 -71.848932,-13.402101,3680.6 -71.848939,-13.402092,3681 -71.848944,-13.402074,3681.6 -71.848948,-13.402066,3681.8 -71.848955,-13.402059,3682.4 -71.848959,-13.402060,3682.8 -71.848968,-13.402067,3683.2 -71.848968,-13.402073,3683.4 -71.848966,-13.402077,3683.4 -71.848968,-13.402083,3684 -71.848978,-13.402077,3684.4 -71.848988,-13.402061,3684.8 -71.848990,-13.402053,3684.8 -71.848989,-13.402046,3685.4 -71.848993,-13.402052,3685.8 -71.848993,-13.402055,3686 -71.848996,-13.402054,3686.2 -71.849004,-13.402055,3687.8 -71.849012,-13.402047,3690.2 -71.849012,-13.402044,3691 -71.849005,-13.402049,3690.6 -71.849010,-13.402045,3690.6 -71.849011,-13.402037,3690.6 -71.849017,-13.402035,3690.6 -71.849023,-13.402028,3690.6 -71.849028,-13.402026,3690.8 -71.849032,-13.402022,3690.8 -71.849039,-13.402027,3691 -71.849035,-13.402025,3691 -71.849033,-13.402017,3691 -71.849035,-13.402003,3691 -71.849046,-13.401978,3691.2 -71.849051,-13.401972,3691.2 -71.849052,-13.401959,3691.4 -71.849049,-13.401945,3691.6 -71.849046,-13.401940,3691.8 -71.849041,-13.401936,3691.8 -71.849032,-13.401915,3692.2 -71.849033,-13.401915,3692.2 -71.849031,-13.401917,3692.2 -71.849042,-13.401920,3692.4 -71.849060,-13.401928,3692.6 -71.849074,-13.401931,3692.8 -71.849090,-13.401937,3693.2 -71.849107,-13.401947,3693.4 -71.849117,-13.401955,3693.6 -71.849130,-13.401960,3693.8 -71.849159,-13.401966,3694.6 -71.849162,-13.401966,3694.6 -71.849163,-13.401963,3694.8 -71.849162,-13.401965,3695 -71.849164,-13.401969,3695.4 -71.849162,-13.401972,3695.8 -71.849164,-13.401971,3696.4 -71.849174,-13.401978,3696.6 -71.849185,-13.401988,3697 -71.849194,-13.401999,3697.2 -71.849205,-13.402007,3697.6 -71.849208,-13.402007,3697.8 -71.849220,-13.402013,3698.2 -71.849244,-13.402001,3698.4 -71.849262,-13.401984,3698.6 -71.849266,-13.401962,3698.8 -71.849274,-13.401953,3698.8 -71.849273,-13.401952,3698.8 -71.849280,-13.401949,3698.8 -71.849279,-13.401934,3699 -71.849274,-13.401920,3699 -71.849273,-13.401900,3699 -71.849260,-13.401864,3699.2 -71.849258,-13.401850,3699.2 -71.849248,-13.401839,3699.6 -71.849236,-13.401829,3699.8 -71.849236,-13.401805,3700.2 -71.849240,-13.401790,3700.4 -71.849241,-13.401768,3701 -71.849237,-13.401757,3701.2 -71.849233,-13.401724,3701.8 -71.849228,-13.401714,3701.8 -71.849227,-13.401708,3702 -71.849220,-13.401701,3702.8 -71.849224,-13.401689,3703 -71.849223,-13.401685,3703 -71.849225,-13.401680,3703 -71.849234,-13.401671,3703.4 -71.849238,-13.401662,3703.8 -71.849237,-13.401649,3704 -71.849241,-13.401633,3704.6 -71.849245,-13.401626,3704.8 -71.849255,-13.401622,3705.2 -71.849259,-13.401616,3705.4 -71.849260,-13.401609,3705.6 -71.849264,-13.401601,3706 -71.849264,-13.401597,3706.2 -71.849272,-13.401598,3706.8 -71.849282,-13.401577,3707.2 -71.849285,-13.401566,3707.4 -71.849287,-13.401537,3708 -71.849282,-13.401518,3708.6 -71.849281,-13.401502,3709 -71.849287,-13.401485,3709.6 -71.849292,-13.401482,3709.8 -71.849296,-13.401465,3710.4 -71.849294,-13.401452,3710.6 -71.849287,-13.401441,3711.2 -71.849304,-13.401436,3712 -71.849317,-13.401434,3712.2 -71.849323,-13.401430,3712.6 -71.849327,-13.401422,3712.8 -71.849326,-13.401413,3713.2 -71.849321,-13.401402,3713.4 -71.849319,-13.401391,3713.8 -71.849321,-13.401389,3714.2 -71.849320,-13.401391,3714.4 -71.849315,-13.401386,3714.8 -71.849315,-13.401382,3714.8 -71.849312,-13.401377,3715.2 -71.849312,-13.401380,3715.4 -71.849313,-13.401374,3715.6 -71.849318,-13.401370,3715.8 -71.849336,-13.401368,3716.2 -71.849346,-13.401372,3716.6 -71.849348,-13.401377,3716.4 -71.849360,-13.401381,3716.6 -71.849371,-13.401389,3716.6 -71.849389,-13.401394,3716.8 -71.849401,-13.401393,3717 -71.849412,-13.401397,3717.4 -71.849423,-13.401390,3717.6 -71.849428,-13.401382,3717.8 -71.849437,-13.401373,3718.2 -71.849442,-13.401371,3718.2 -71.849454,-13.401376,3718.6 -71.849459,-13.401376,3718.8 -71.849468,-13.401372,3719 -71.849482,-13.401360,3719.4 -71.849498,-13.401327,3720.6 -71.849513,-13.401317,3721.2 -71.849528,-13.401297,3722 -71.849533,-13.401286,3722.4 -71.849547,-13.401271,3722.8 -71.849554,-13.401258,3723 -71.849559,-13.401239,3723.4 -71.849565,-13.401227,3723.6 -71.849571,-13.401224,3723.6 -71.849573,-13.401220,3723.8 -71.849578,-13.401217,3724 -71.849583,-13.401221,3724.2 -71.849583,-13.401226,3724.6 -71.849583,-13.401220,3725.4 -71.849598,-13.401210,3725.6 -71.849620,-13.401201,3726 -71.849624,-13.401198,3726 -71.849633,-13.401197,3726.2 -71.849647,-13.401189,3726.4 -71.849652,-13.401188,3726.6 -71.849664,-13.401178,3727.4 -71.849666,-13.401171,3728 -71.849676,-13.401158,3727.4 -71.849693,-13.401147,3727.6 -71.849714,-13.401129,3728 -71.849719,-13.401117,3728 -71.849730,-13.401109,3728.4 -71.849744,-13.401085,3728.6 -71.849746,-13.401054,3729.2 -71.849743,-13.401041,3729.6 -71.849733,-13.401019,3730.6 -71.849738,-13.401016,3730.8 -71.849736,-13.401004,3731 -71.849723,-13.400986,3731.4 -71.849719,-13.400978,3731.4 -71.849708,-13.400973,3731.6 -71.849697,-13.400965,3731.6 -71.849690,-13.400954,3731.6 -71.849665,-13.400927,3731.6 -71.849662,-13.400911,3731.4 -71.849663,-13.400903,3731.6 -71.849658,-13.400895,3731.4 -71.849652,-13.400889,3731.4 -71.849627,-13.400851,3731.4 -71.849620,-13.400836,3731.2 -71.849614,-13.400815,3731.2 -71.849601,-13.400798,3731 -71.849588,-13.400776,3731 -71.849576,-13.400751,3730.8 -71.849569,-13.400725,3730.6 -71.849568,-13.400702,3730.2 -71.849568,-13.400698,3730.2 -71.849571,-13.400695,3730 -71.849571,-13.400692,3730.4 -71.849574,-13.400687,3730.6 -71.849573,-13.400688,3730.6 -71.849575,-13.400689,3730.6 -71.849579,-13.400703,3730.6 -71.849581,-13.400717,3730.6 -71.849586,-13.400724,3730.8 -71.849606,-13.400772,3731 -71.849615,-13.400803,3731.2 -71.849632,-13.400836,3731.6 -71.849651,-13.400896,3731.8 -71.849655,-13.400901,3731.8 -71.849663,-13.400918,3732 -71.849663,-13.400934,3732.2 -71.849665,-13.400941,3732.2 -71.849696,-13.400979,3732.6 -71.849706,-13.400994,3732.6 -71.849728,-13.401010,3733 -71.849745,-13.401025,3733.2 -71.849754,-13.401016,3733.6 -71.849767,-13.401011,3733.8 -71.849772,-13.401005,3733.8 -71.849792,-13.401001,3734.2 -71.849797,-13.400998,3734.2 -71.849809,-13.400995,3734.2 -71.849818,-13.400989,3734 -71.849821,-13.400986,3734 -71.849821,-13.400984,3734 -71.849833,-13.400985,3735.4 -71.849837,-13.400981,3736.6 -71.849843,-13.400979,3737.2 -71.849845,-13.400976,3737 -71.849840,-13.400962,3736.2 -71.849835,-13.400955,3736.4 -71.849830,-13.400943,3736.4 -71.849809,-13.400927,3736 -71.849794,-13.400924,3736 -71.849781,-13.400917,3735.8 -71.849752,-13.400890,3736 -71.849745,-13.400878,3736.2 -71.849744,-13.400872,3736.4 -71.849744,-13.400855,3736.6 -71.849755,-13.400828,3737.4 -71.849754,-13.400822,3737.6 -71.849761,-13.400815,3737.8 -71.849759,-13.400816,3737.8 -71.849762,-13.400812,3738 -71.849762,-13.400778,3738 -71.849764,-13.400777,3738 -71.849765,-13.400775,3738 -71.849764,-13.400776,3738 -71.849764,-13.400775,3738.2 -71.849778,-13.400765,3738.4 -71.849786,-13.400751,3738.6 -71.849798,-13.400739,3738.8 -71.849807,-13.400724,3739 -71.849817,-13.400713,3739.2 -71.849848,-13.400723,3739.6 -71.849861,-13.400724,3739.8 -71.849865,-13.400720,3739.8 -71.849867,-13.400713,3740 -71.849870,-13.400692,3740.2 -71.849877,-13.400684,3740.4 -71.849884,-13.400681,3740.6 -71.849900,-13.400690,3740.8 -71.849911,-13.400690,3741 -71.849931,-13.400696,3741.6 -71.849938,-13.400696,3741.8 -71.849948,-13.400692,3742 -71.849955,-13.400692,3743 -71.849955,-13.400694,3743.4 -71.849957,-13.400694,3743.4 -71.849957,-13.400699,3743.8 -71.849960,-13.400693,3744 -71.849981,-13.400685,3744.4 -71.849988,-13.400678,3744.6 -71.849992,-13.400667,3745 -71.850000,-13.400658,3745.6 -71.850004,-13.400649,3746.2 -71.850019,-13.400636,3747.2 -71.850037,-13.400616,3748.4 -71.850038,-13.400608,3748.8 -71.850046,-13.400594,3749.6 -71.850069,-13.400570,3750.8 -71.850077,-13.400547,3751.6 -71.850075,-13.400544,3751.8 -71.850077,-13.400531,3752.2 -71.850089,-13.400534,3752.8 -71.850096,-13.400541,3753 -71.850108,-13.400557,3753.6 -71.850117,-13.400574,3754 -71.850129,-13.400584,3754.4 -71.850143,-13.400589,3754.8 -71.850162,-13.400605,3755.4 -71.850167,-13.400606,3755.6 -71.850170,-13.400611,3755.8 -71.850191,-13.400614,3756.6 -71.850203,-13.400607,3757 -71.850211,-13.400598,3757 -71.850213,-13.400593,3757 -71.850213,-13.400562,3757.2 -71.850223,-13.400556,3757.2 -71.850227,-13.400556,3757.2 -71.850237,-13.400563,3757.4 -71.850241,-13.400564,3757.6 -71.850244,-13.400560,3757.6 -71.850246,-13.400540,3757.8 -71.850249,-13.400534,3757.8 -71.850253,-13.400529,3757.8 -71.850260,-13.400526,3758 -71.850256,-13.400526,3758 -71.850258,-13.400526,3758.2 -71.850256,-13.400527,3758.2 -71.850267,-13.400520,3758.2 -71.850278,-13.400517,3758.2 -71.850292,-13.400516,3758.4 -71.850296,-13.400521,3758.6 -71.850298,-13.400521,3758.6 -71.850306,-13.400515,3758.6 -71.850308,-13.400511,3758.6 -71.850313,-13.400509,3758.8 -71.850329,-13.400517,3758.8 -71.850333,-13.400517,3759 -71.850337,-13.400512,3759 -71.850339,-13.400512,3759.2 -71.850340,-13.400515,3759.2 -71.850339,-13.400514,3759.2 -71.850340,-13.400515,3759.2 -71.850344,-13.400509,3759.4 -71.850348,-13.400508,3759.4 -71.850349,-13.400512,3759.4 -71.850362,-13.400520,3759.6 -71.850392,-13.400520,3759.8 -71.850408,-13.400525,3760 -71.850408,-13.400523,3760 -71.850405,-13.400522,3760.2 -71.850404,-13.400519,3760.2 -71.850406,-13.400521,3760.2 -71.850403,-13.400517,3760.2 -71.850400,-13.400515,3760.2 -71.850399,-13.400516,3760.2 -71.850401,-13.400514,3760.2 -71.850400,-13.400513,3760.2 -71.850398,-13.400512,3760.2 -71.850383,-13.400514,3760.2 -71.850362,-13.400511,3760.2 -71.850341,-13.400516,3760.4 -71.850331,-13.400516,3760.2 -71.850326,-13.400513,3760.2 -71.850305,-13.400518,3760.2 -71.850300,-13.400516,3760 -71.850286,-13.400503,3760 -71.850276,-13.400498,3759.8 -71.850267,-13.400501,3759.8 -71.850261,-13.400509,3760 -71.850258,-13.400519,3760 -71.850259,-13.400545,3759.8 -71.850256,-13.400567,3759.8 -71.850257,-13.400584,3759.6 -71.850255,-13.400595,3759.6 -71.850257,-13.400604,3759.4 -71.850262,-13.400612,3759.2 -71.850278,-13.400626,3759.2 -71.850283,-13.400633,3759.2 -71.850289,-13.400638,3759 -71.850314,-13.400676,3758.4 -71.850316,-13.400691,3758.2 -71.850318,-13.400695,3758 -71.850318,-13.400703,3758 -71.850333,-13.400755,3757.2 -71.850333,-13.400766,3757 -71.850340,-13.400791,3757 -71.850341,-13.400803,3757 -71.850338,-13.400818,3756.8 -71.850340,-13.400836,3756.6 -71.850347,-13.400843,3756.6 -71.850346,-13.400846,3756.6 -71.850347,-13.400842,3756.4 -71.850381,-13.400854,3756.6 -71.850395,-13.400863,3756.6 -71.850408,-13.400884,3756.8 -71.850421,-13.400914,3756.8 -71.850438,-13.400939,3757 -71.850448,-13.400958,3757.2 -71.850467,-13.400981,3757.4 -71.850478,-13.400990,3757.6 -71.850497,-13.400999,3758 -71.850505,-13.401007,3758.4 -71.850505,-13.401012,3758.4 -71.850502,-13.401015,3758.6 -71.850496,-13.401029,3759 -71.850488,-13.401039,3759.2 -71.850487,-13.401050,3759.6 -71.850494,-13.401080,3760.4 -71.850495,-13.401092,3760.8 -71.850505,-13.401106,3761.6 -71.850501,-13.401108,3762.2 -71.850507,-13.401112,3762.6 -71.850520,-13.401144,3763 -71.850519,-13.401158,3763.2 -71.850532,-13.401215,3764 -71.850528,-13.401243,3764.4 -71.850529,-13.401257,3764.6 -71.850533,-13.401264,3764.8 -71.850538,-13.401279,3765 -71.850551,-13.401325,3765.8 -71.850552,-13.401321,3766.4 -71.850556,-13.401323,3766.4 -71.850555,-13.401317,3766.4 -71.850558,-13.401291,3766.4 -71.850565,-13.401269,3766.6 -71.850569,-13.401262,3766.8 -71.850590,-13.401190,3767.2 -71.850596,-13.401179,3767.4 -71.850599,-13.401177,3767.4 -71.850603,-13.401156,3767.4 -71.850612,-13.401156,3767.4 -71.850632,-13.401172,3767.6 -71.850632,-13.401177,3767.8 -71.850641,-13.401194,3768.4 -71.850639,-13.401194,3768.4 -71.850647,-13.401175,3768.6 -71.850652,-13.401168,3768.8 -71.850659,-13.401162,3768.8 -71.850666,-13.401162,3769.2 -71.850665,-13.401164,3769.2 -71.850660,-13.401165,3769.4 -71.850662,-13.401168,3769.6 -71.850665,-13.401168,3769.8 -71.850660,-13.401169,3769.6 -71.850658,-13.401165,3770.2 -71.850661,-13.401164,3771 -71.850660,-13.401163,3771 -71.850677,-13.401174,3771.2 -71.850679,-13.401174,3771.2 -71.850680,-13.401177,3771.2 -71.850688,-13.401184,3771.4 -71.850707,-13.401195,3771.6 -71.850711,-13.401200,3771.6 -71.850720,-13.401206,3771.8 -71.850740,-13.401203,3772.2 -71.850764,-13.401205,3773 -71.850778,-13.401200,3773.4 -71.850782,-13.401201,3773.6 -71.850786,-13.401190,3773.8 -71.850793,-13.401182,3774 -71.850815,-13.401175,3774.2 -71.850835,-13.401174,3774.8 -71.850840,-13.401188,3775 -71.850850,-13.401193,3775.2 -71.850858,-13.401187,3775.4 -71.850867,-13.401166,3775.8 -71.850875,-13.401156,3776 -71.850884,-13.401148,3776.4 -71.850890,-13.401148,3776.4 -71.850899,-13.401162,3777 -71.850896,-13.401168,3777.2 -71.850897,-13.401172,3777.2 -71.850911,-13.401180,3777.6 -71.850920,-13.401182,3778 -71.850927,-13.401173,3778 -71.850942,-13.401160,3778.4 -71.850949,-13.401150,3778.4 -71.850955,-13.401149,3778.6 -71.850967,-13.401141,3778.8 -71.850987,-13.401104,3779.4 -71.851009,-13.401103,3779.4 -71.851009,-13.401101,3779.6 -71.851026,-13.401093,3780 -71.851035,-13.401082,3780.4 -71.851039,-13.401086,3780.8 -71.851041,-13.401092,3781.2 -71.851041,-13.401099,3781.4 -71.851036,-13.401124,3781.8 -71.851036,-13.401137,3781.8 -71.851039,-13.401150,3782.4 -71.851059,-13.401165,3782.6 -71.851071,-13.401166,3782.8 -71.851081,-13.401161,3782.8 -71.851076,-13.401164,3784 -71.851075,-13.401163,3784.6 -71.851076,-13.401164,3784.6 -71.851075,-13.401165,3785 -71.851080,-13.401167,3785.2 -71.851088,-13.401174,3785.8 -71.851089,-13.401184,3786 -71.851093,-13.401192,3786 -71.851116,-13.401199,3787 -71.851118,-13.401202,3787.2 -71.851124,-13.401203,3787.2 -71.851130,-13.401207,3787.6 -71.851136,-13.401212,3787.8 -71.851142,-13.401222,3788 -71.851145,-13.401224,3788.2 -71.851142,-13.401230,3788.4 -71.851161,-13.401236,3788.8 -71.851166,-13.401235,3788.8 -71.851174,-13.401226,3789 -71.851180,-13.401216,3789 -71.851190,-13.401209,3789.2 -71.851202,-13.401222,3789.6 -71.851201,-13.401221,3789.6 -71.851203,-13.401229,3789.4 -71.851213,-13.401236,3789.6 -71.851217,-13.401235,3789.6 -71.851220,-13.401231,3789.6 -71.851230,-13.401211,3789.8 -71.851230,-13.401205,3790 -71.851234,-13.401193,3790 -71.851236,-13.401191,3790.2 -71.851250,-13.401186,3790.6 -71.851277,-13.401169,3790.8 -71.851293,-13.401155,3791 -71.851318,-13.401140,3791.2 -71.851336,-13.401123,3792.8 -71.851338,-13.401123,3792.8 -71.851335,-13.401122,3793.4 -71.851343,-13.401116,3793.4 -71.851353,-13.401099,3793.4 -71.851359,-13.401094,3793.6 -71.851366,-13.401082,3793.4 -71.851380,-13.401065,3793.6 -71.851394,-13.401055,3793.6 -71.851409,-13.401033,3793.8 -71.851435,-13.401004,3794 -71.851437,-13.401000,3794 -71.851447,-13.400993,3794.2 -71.851454,-13.400985,3794.4 -71.851471,-13.400971,3794.8 -71.851475,-13.400966,3794.8 -71.851477,-13.400957,3795 -71.851479,-13.400956,3795 -71.851479,-13.400952,3795.4 -71.851485,-13.400947,3795.6 -71.851487,-13.400942,3795.6 -71.851502,-13.400923,3796 -71.851508,-13.400909,3796.2 -71.851507,-13.400907,3796.4 -71.851508,-13.400909,3796.4 -71.851515,-13.400903,3796.6 -71.851538,-13.400880,3797 -71.851540,-13.400877,3797 -71.851539,-13.400876,3797.2 -71.851542,-13.400874,3797.8 -71.851544,-13.400870,3798.2 -71.851541,-13.400873,3798.8 -71.851541,-13.400879,3798.8 -71.851537,-13.400876,3799 -71.851538,-13.400877,3798.8 -71.851544,-13.400871,3798.6 -71.851549,-13.400857,3798.8 -71.851549,-13.400846,3799 -71.851551,-13.400843,3799.2 -71.851551,-13.400867,3800 -71.851556,-13.400897,3800.2 -71.851567,-13.400910,3800.6 -71.851574,-13.400911,3801 -71.851576,-13.400916,3801 -71.851583,-13.400922,3801.2 -71.851589,-13.400944,3801.8 -71.851597,-13.400954,3802 -71.851597,-13.400956,3802.2 -71.851594,-13.400959,3802.4 -71.851592,-13.400958,3802.6 -71.851596,-13.400956,3803 -71.851600,-13.400957,3803 -71.851598,-13.400957,3803 -71.851601,-13.400949,3803.2 -71.851606,-13.400946,3803.2 -71.851606,-13.400943,3803.2 -71.851620,-13.400929,3803.8 -71.851626,-13.400919,3804.2 -71.851630,-13.400918,3804.2 -71.851633,-13.400918,3804.4 -71.851640,-13.400926,3804.6 -71.851648,-13.400931,3805 -71.851656,-13.400933,3805.4 -71.851666,-13.400940,3805.6 -71.851672,-13.400942,3806 -71.851691,-13.400905,3807 -71.851693,-13.400890,3807.4 -71.851695,-13.400882,3807.8 -71.851697,-13.400881,3808 -71.851706,-13.400879,3808.2 -71.851716,-13.400884,3808.8 -71.851726,-13.400882,3809.2 -71.851736,-13.400891,3809.6 -71.851746,-13.400896,3810.2 -71.851750,-13.400895,3810.6 -71.851749,-13.400894,3810.8 -71.851740,-13.400895,3811.8 -71.851740,-13.400893,3812.4 -71.851743,-13.400895,3812.4 -71.851750,-13.400892,3812.2 -71.851753,-13.400889,3812.4 -71.851752,-13.400888,3812.4 -71.851749,-13.400892,3812.8 -71.851751,-13.400897,3813 -71.851754,-13.400898,3813.2 -71.851754,-13.400896,3814 -71.851755,-13.400898,3814 -71.851750,-13.400900,3814 -71.851749,-13.400902,3814 -71.851761,-13.400901,3814 -71.851765,-13.400898,3814.2 -71.851766,-13.400899,3814.2 -71.851766,-13.400897,3814.2 -71.851769,-13.400894,3814.2 -71.851772,-13.400896,3814.2 -71.851760,-13.400871,3813.8 -71.851755,-13.400846,3814 -71.851750,-13.400830,3814.4 -71.851753,-13.400824,3814.4 -71.851756,-13.400823,3813.8 -71.851757,-13.400826,3813.8 -71.851773,-13.400819,3814 -71.851776,-13.400815,3814.2 -71.851777,-13.400804,3814.2 -71.851783,-13.400781,3814.4 -71.851783,-13.400767,3814.6 -71.851787,-13.400757,3814.6 -71.851805,-13.400740,3815 -71.851807,-13.400736,3815 -71.851822,-13.400728,3815.4 -71.851828,-13.400726,3815.6 -71.851829,-13.400727,3815.6 -71.851827,-13.400728,3815.8 -71.851834,-13.400725,3816 -71.851852,-13.400712,3816.4 -71.851863,-13.400697,3816.8 -71.851868,-13.400696,3816.8 -71.851875,-13.400691,3817 -71.851886,-13.400667,3817.6 -71.851889,-13.400645,3818 -71.851896,-13.400624,3818.4 -71.851896,-13.400593,3818.8 -71.851898,-13.400583,3819.2 -71.851901,-13.400578,3819.4 -71.851912,-13.400580,3820 -71.851903,-13.400589,3820.6 -71.851905,-13.400588,3820.8 -71.851902,-13.400579,3820.6 -71.851890,-13.400553,3820.6 -71.851889,-13.400547,3820.4 -71.851893,-13.400520,3820.4 -71.851889,-13.400502,3820.4 -71.851882,-13.400484,3820.4 -71.851878,-13.400458,3820.4 -71.851871,-13.400437,3820.8 -71.851864,-13.400379,3821.6 -71.851857,-13.400345,3822.2 -71.851856,-13.400328,3822.4 -71.851853,-13.400318,3822.6 -71.851856,-13.400300,3822.8 -71.851856,-13.400284,3823.4 -71.851854,-13.400276,3823.6 -71.851850,-13.400264,3823.8 -71.851846,-13.400262,3824 -71.851840,-13.400262,3824.2 -71.851836,-13.400264,3824.8 -71.851832,-13.400261,3825.2 -71.851824,-13.400246,3826.2 -71.851822,-13.400235,3826.4 -71.851825,-13.400228,3826.4 -71.851826,-13.400214,3826.8 -71.851816,-13.400197,3826.8 -71.851807,-13.400168,3827.4 -71.851809,-13.400159,3827.4 -71.851812,-13.400155,3827.6 -71.851813,-13.400143,3827.8 -71.851807,-13.400108,3828.6 -71.851813,-13.400093,3828.8 -71.851813,-13.400078,3829.2 -71.851818,-13.400058,3829.6 -71.851818,-13.400039,3830 -71.851823,-13.400015,3830.6 -71.851824,-13.400011,3830.8 -71.851826,-13.400011,3830.8 -71.851825,-13.400012,3830.6 -71.851829,-13.400014,3830.6 -71.851830,-13.400013,3830.6 -71.851827,-13.399994,3830.8 -71.851828,-13.399959,3831 -71.851821,-13.399902,3832.2 -71.851824,-13.399863,3832.8 -71.851821,-13.399844,3833 -71.851824,-13.399834,3833.2 -71.851822,-13.399815,3833.4 -71.851826,-13.399804,3833.4 -71.851827,-13.399791,3833.6 -71.851821,-13.399769,3833.8 -71.851819,-13.399748,3834.2 -71.851820,-13.399741,3834.2 -71.851817,-13.399722,3834.6 -71.851818,-13.399712,3834.8 -71.851815,-13.399696,3835.2 -71.851818,-13.399686,3835.6 -71.851817,-13.399655,3836.2 -71.851825,-13.399627,3836.8 -71.851828,-13.399621,3837 -71.851828,-13.399604,3837.2 -71.851825,-13.399584,3837.8 -71.851831,-13.399559,3838.4 -71.851828,-13.399546,3838.8 -71.851823,-13.399534,3839.2 -71.851826,-13.399527,3839.2 -71.851826,-13.399522,3839.2 -71.851825,-13.399517,3839.4 -71.851822,-13.399513,3839.4 -71.851820,-13.399502,3839.8 -71.851824,-13.399492,3840 -71.851830,-13.399484,3840 -71.851834,-13.399475,3840.2 -71.851833,-13.399465,3840.4 -71.851831,-13.399461,3840.6 -71.851841,-13.399448,3841.2 -71.851844,-13.399436,3841.4 -71.851849,-13.399425,3841.6 -71.851847,-13.399409,3841.8 -71.851848,-13.399394,3842 -71.851845,-13.399376,3842.2 -71.851842,-13.399374,3842.4 -71.851840,-13.399376,3842.6 -71.851842,-13.399350,3843 -71.851847,-13.399332,3843.2 -71.851844,-13.399319,3843.2 -71.851850,-13.399307,3843.6 -71.851852,-13.399279,3844 -71.851855,-13.399269,3844.2 -71.851860,-13.399260,3844.4 -71.851871,-13.399249,3844.6 -71.851879,-13.399235,3844.8 -71.851884,-13.399199,3845.2 -71.851879,-13.399179,3845.6 -71.851880,-13.399178,3845.6 -71.851889,-13.399182,3845.8 -71.851888,-13.399183,3845.6 -71.851894,-13.399184,3845 -71.851892,-13.399184,3845.4 -71.851895,-13.399184,3845.6 -71.851897,-13.399181,3846 -71.851901,-13.399182,3845 -71.851899,-13.399181,3845.2 -71.851905,-13.399180,3845.2 -71.851900,-13.399181,3845.8 -71.851907,-13.399153,3845.6 -71.851915,-13.399130,3845.8 -71.851924,-13.399115,3845.8 -71.851929,-13.399098,3845.8 -71.851932,-13.399076,3846.2 -71.851931,-13.399069,3846.2 -71.851945,-13.399039,3846.8 -71.851947,-13.399031,3846.8 -71.851957,-13.399015,3846.8 -71.851966,-13.398993,3847 -71.851966,-13.398975,3847.2 -71.851972,-13.398962,3847.2 -71.851972,-13.398956,3847.4 -71.851978,-13.398939,3847.4 -71.851988,-13.398893,3847.6 -71.851987,-13.398885,3847.6 -71.851988,-13.398876,3847.6 -71.851983,-13.398844,3847.8 -71.851987,-13.398816,3848 -71.852000,-13.398775,3848.2 -71.852005,-13.398716,3848.4 -71.852002,-13.398698,3848.6 -71.851997,-13.398683,3848.6 -71.851996,-13.398665,3849 -71.851989,-13.398650,3849 -71.851982,-13.398619,3849.4 -71.851988,-13.398602,3849.4 -71.851996,-13.398587,3849.6 -71.851995,-13.398575,3849.8 -71.851985,-13.398550,3850 -71.851978,-13.398522,3850.2 -71.851983,-13.398484,3850.4 -71.851986,-13.398482,3850.2 -71.851986,-13.398480,3850.2 -71.851968,-13.398435,3850.4 -71.851958,-13.398389,3850.8 -71.851944,-13.398363,3851 -71.851936,-13.398353,3851 -71.851917,-13.398320,3851.2 -71.851915,-13.398312,3851.2 -71.851897,-13.398279,3851.6 -71.851888,-13.398240,3852 -71.851888,-13.398232,3852 -71.851885,-13.398217,3852 -71.851879,-13.398193,3852.4 -71.851874,-13.398180,3852.4 -71.851873,-13.398171,3852.4 -71.851871,-13.398166,3852.4 -71.851858,-13.398149,3852.6 -71.851858,-13.398145,3852.6 -71.851864,-13.398146,3852.8 -71.851847,-13.398128,3853.2 -71.851843,-13.398117,3853.2 -71.851836,-13.398106,3853.2 -71.851831,-13.398089,3853.4 -71.851819,-13.398064,3853.4 -71.851815,-13.398049,3853.6 -71.851808,-13.398035,3853.6 -71.851780,-13.398013,3853.8 -71.851773,-13.398000,3853.8 -71.851775,-13.397996,3853.8 -71.851778,-13.397997,3853.8 -71.851784,-13.397994,3854 -71.851789,-13.397995,3854 -71.851790,-13.397998,3854 -71.851785,-13.398004,3854 -71.851783,-13.398003,3854 -71.851783,-13.398000,3854.2 -71.851772,-13.397995,3854.4 -71.851755,-13.397974,3854.4 -71.851752,-13.397968,3854.4 -71.851740,-13.397958,3854.6 -71.851736,-13.397951,3854.6 -71.851712,-13.397925,3855 -71.851711,-13.397912,3855.2 -71.851693,-13.397874,3855.8 -71.851686,-13.397851,3856 -71.851670,-13.397824,3856.6 -71.851672,-13.397809,3856.8 -71.851668,-13.397799,3857.2 -71.851662,-13.397788,3857.4 -71.851653,-13.397777,3857.6 -71.851635,-13.397740,3858.2 -71.851618,-13.397718,3858.4 -71.851608,-13.397698,3858.6 -71.851608,-13.397670,3859 -71.851605,-13.397651,3859.4 -71.851605,-13.397633,3860 -71.851607,-13.397624,3860.2 -71.851610,-13.397627,3860.6 -71.851606,-13.397617,3860.6 -71.851610,-13.397564,3860.8 -71.851613,-13.397551,3860.8 -71.851619,-13.397539,3861 -71.851621,-13.397525,3861.2 -71.851624,-13.397519,3861.4 -71.851638,-13.397502,3861.8 -71.851642,-13.397484,3862.2 -71.851646,-13.397476,3862.4 -71.851652,-13.397455,3862.8 -71.851651,-13.397452,3863 -71.851661,-13.397428,3863.4 -71.851662,-13.397412,3863.6 -71.851667,-13.397406,3863.8 -71.851673,-13.397392,3864 -71.851677,-13.397388,3864 -71.851682,-13.397371,3864.4 -71.851681,-13.397367,3864.4 -71.851696,-13.397345,3864.8 -71.851696,-13.397342,3865 -71.851702,-13.397332,3865.2 -71.851704,-13.397323,3865.2 -71.851705,-13.397324,3865.4 -71.851707,-13.397313,3865.4 -71.851710,-13.397313,3865.6 -71.851713,-13.397310,3865.6 -71.851712,-13.397311,3865.4 -71.851720,-13.397309,3865.6 -71.851722,-13.397311,3865.6 -71.851721,-13.397313,3865.6 -71.851724,-13.397315,3865.6 -71.851732,-13.397316,3865.8 -71.851735,-13.397309,3866.2 -71.851736,-13.397313,3866.2 -71.851744,-13.397321,3866.4 -71.851742,-13.397325,3866.4 -71.851743,-13.397336,3866.6 -71.851742,-13.397335,3866.4 -71.851741,-13.397343,3866.6 -71.851744,-13.397343,3866.6 -71.851746,-13.397345,3866.6 -71.851747,-13.397342,3866.6 -71.851745,-13.397345,3866.6 -71.851746,-13.397348,3866.6 -71.851732,-13.397360,3866.8 -71.851728,-13.397372,3867 -71.851722,-13.397379,3867 -71.851720,-13.397376,3867 -71.851720,-13.397372,3867 -71.851725,-13.397362,3867 -71.851725,-13.397356,3867.2 -71.851717,-13.397325,3873.4 -71.851721,-13.397322,3873.2 -71.851721,-13.397309,3873.2 -71.851730,-13.397301,3873.4 -71.851731,-13.397297,3873.4 -71.851734,-13.397294,3873.4 -71.851737,-13.397293,3873.4 -71.851742,-13.397287,3873.6 -71.851753,-13.397279,3873.8 -71.851750,-13.397274,3873.8 -71.851750,-13.397267,3874 -71.851752,-13.397265,3874 -71.851749,-13.397255,3874 -71.851748,-13.397256,3874 -71.851749,-13.397257,3874 -71.851751,-13.397250,3874 -71.851753,-13.397249,3874 -71.851752,-13.397247,3874 -71.851755,-13.397241,3874 -71.851756,-13.397233,3874.2 -71.851754,-13.397230,3874.2 -71.851753,-13.397219,3874.2 -71.851753,-13.397220,3874.2 -71.851753,-13.397201,3874.2 -71.851757,-13.397196,3874.2 -71.851759,-13.397183,3874.2 -71.851764,-13.397170,3874.2 -71.851764,-13.397144,3874.4 -71.851759,-13.397140,3874.4 -71.851758,-13.397137,3874.4 -71.851754,-13.397135,3874.4 -71.851753,-13.397131,3874.4 -71.851747,-13.397124,3874.4 -71.851735,-13.397115,3874.4 -71.851718,-13.397112,3874.4 -71.851705,-13.397116,3874.4 -71.851692,-13.397112,3874.4 -71.851686,-13.397108,3874.4 -71.851679,-13.397102,3874.4 -71.851669,-13.397089,3874.4 -71.851660,-13.397082,3874.4 -71.851645,-13.397060,3874.4 -71.851639,-13.397040,3874.4 -71.851639,-13.397033,3874.4 -71.851635,-13.397024,3874.4 -71.851636,-13.397013,3874.4 -71.851640,-13.397001,3874.4 -71.851640,-13.396992,3874.4 -71.851638,-13.396984,3874.6 -71.851639,-13.396972,3874.6 -71.851638,-13.396955,3874.8 -71.851635,-13.396946,3875 -71.851638,-13.396936,3875 -71.851632,-13.396927,3875 -71.851630,-13.396907,3875.6 -71.851632,-13.396895,3875.8 -71.851631,-13.396887,3876 -71.851619,-13.396854,3876.8 -71.851617,-13.396845,3877.2 -71.851617,-13.396835,3877.4 -71.851611,-13.396822,3877.6 -71.851607,-13.396817,3877.8 -71.851604,-13.396807,3877.8 -71.851605,-13.396809,3877.8 -71.851604,-13.396807,3877.8 -71.851605,-13.396801,3878 -71.851597,-13.396790,3878 -71.851595,-13.396778,3878 -71.851595,-13.396764,3878 -71.851591,-13.396757,3878 -71.851589,-13.396749,3878.2 -71.851590,-13.396741,3878.4 -71.851586,-13.396732,3878.4 -71.851584,-13.396715,3878.4 -71.851579,-13.396703,3878.6 -71.851580,-13.396700,3878.6 -71.851573,-13.396682,3879 -71.851564,-13.396671,3879 -71.851564,-13.396644,3879.4 -71.851557,-13.396637,3879.4 -71.851556,-13.396634,3879.6 -71.851549,-13.396628,3880 -71.851550,-13.396620,3880 -71.851546,-13.396616,3880 -71.851540,-13.396614,3880 -71.851533,-13.396605,3880 -71.851525,-13.396601,3880 -71.851517,-13.396600,3880.2 -71.851507,-13.396595,3880.2 -71.851501,-13.396588,3880.4 -71.851499,-13.396581,3880.4 -71.851504,-13.396580,3880.4 -71.851505,-13.396566,3880.4 -71.851511,-13.396547,3880.6 -71.851520,-13.396538,3880.6 -71.851530,-13.396534,3880.8 -71.851539,-13.396533,3881 -71.851535,-13.396537,3881.6 -71.851538,-13.396543,3882 -71.851542,-13.396542,3882 -71.851552,-13.396519,3882.2 -71.851554,-13.396510,3882.8 -71.851565,-13.396497,3883 -71.851576,-13.396495,3883.2 -71.851590,-13.396498,3883.6 -71.851600,-13.396496,3883.8 -71.851603,-13.396494,3884 -71.851616,-13.396494,3884.2 -71.851633,-13.396503,3884.8 -71.851657,-13.396508,3885.4 -71.851674,-13.396516,3886.2 -71.851671,-13.396517,3886.2 -71.851672,-13.396512,3886.2 -71.851664,-13.396466,3887 -71.851665,-13.396458,3887.2 -71.851662,-13.396444,3887.4 -71.851658,-13.396442,3887.4 -71.851652,-13.396443,3888 -71.851648,-13.396446,3888.8 -71.851641,-13.396445,3889.6 -71.851641,-13.396448,3889.6 -71.851638,-13.396452,3889.8 -71.851642,-13.396447,3890 -71.851637,-13.396439,3890.6 -71.851640,-13.396442,3890.4 -71.851649,-13.396444,3890.2 -71.851652,-13.396443,3890.2 -71.851660,-13.396444,3890.2 -71.851668,-13.396452,3892 -71.851672,-13.396451,3892.2 -71.851683,-13.396455,3892.4 -71.851699,-13.396465,3892.8 -71.851704,-13.396465,3892.8 -71.851707,-13.396463,3893 -71.851712,-13.396452,3893 -71.851712,-13.396435,3893.2 -71.851715,-13.396434,3893.2 -71.851718,-13.396435,3893.2 -71.851735,-13.396445,3893.6 -71.851744,-13.396446,3894 -71.851747,-13.396444,3894 -71.851750,-13.396437,3894.2 -71.851750,-13.396424,3894.2 -71.851748,-13.396414,3894.4 -71.851748,-13.396406,3894.4 -71.851751,-13.396396,3894.6 -71.851750,-13.396382,3894.6 -71.851758,-13.396361,3895 -71.851764,-13.396360,3895.2 -71.851760,-13.396362,3895.6 -71.851767,-13.396368,3896 -71.851783,-13.396375,3896.2 -71.851792,-13.396376,3896.4 -71.851800,-13.396371,3896.4 -71.851802,-13.396366,3896.6 -71.851803,-13.396350,3896.8 -71.851809,-13.396346,3896.8 -71.851814,-13.396346,3897 -71.851820,-13.396343,3897.4 -71.851818,-13.396343,3898 -71.851825,-13.396342,3898.2 -71.851856,-13.396363,3899 -71.851865,-13.396352,3899.2 -71.851868,-13.396345,3899.4 -71.851874,-13.396339,3899.4 -71.851877,-13.396338,3899.6 -71.851881,-13.396341,3899.6 -71.851892,-13.396355,3900.2 -71.851899,-13.396358,3900.4 -71.851902,-13.396357,3900.4 -71.851903,-13.396334,3900.8 -71.851905,-13.396323,3901.2 -71.851914,-13.396321,3901.6 -71.851916,-13.396318,3901.4 -71.851918,-13.396313,3901.4 -71.851917,-13.396298,3901.6 -71.851919,-13.396297,3901.6 -71.851922,-13.396298,3901.6 -71.851930,-13.396308,3901.8 -71.851940,-13.396317,3902.2 -71.851949,-13.396323,3902.6 -71.851966,-13.396322,3903 -71.851972,-13.396319,3903.2 -71.851975,-13.396321,3903.8 -71.851975,-13.396318,3904.6 -71.851986,-13.396311,3904.8 -71.851991,-13.396306,3904.8 -71.851993,-13.396306,3905 -71.851992,-13.396308,3905 -71.851996,-13.396312,3905.2 -71.852000,-13.396320,3905.4 -71.852005,-13.396338,3905.8 -71.852009,-13.396346,3906 -71.852025,-13.396369,3906.8 -71.852034,-13.396390,3907.6 -71.852037,-13.396393,3907.8 -71.852044,-13.396416,3908.6 -71.852052,-13.396422,3909 -71.852055,-13.396427,3909.2 -71.852057,-13.396435,3909.6 -71.852057,-13.396444,3909.6 -71.852061,-13.396448,3909.6 -71.852067,-13.396448,3909.8 -71.852083,-13.396443,3910 -71.852102,-13.396442,3910 -71.852109,-13.396434,3910.2 -71.852113,-13.396423,3910.4 -71.852117,-13.396418,3910.8 -71.852127,-13.396420,3911.2 -71.852138,-13.396413,3911.2 -71.852142,-13.396404,3911.4 -71.852143,-13.396395,3911.4 -71.852148,-13.396390,3911.6 -71.852153,-13.396391,3911.6 -71.852172,-13.396387,3911.6 -71.852206,-13.396375,3911.6 -71.852213,-13.396370,3911.6 -71.852221,-13.396371,3911.6 -71.852224,-13.396374,3911.6 -71.852232,-13.396369,3911.8 -71.852241,-13.396360,3911.8 -71.852248,-13.396349,3912 -71.852250,-13.396350,3912.2 -71.852250,-13.396353,3912.2 -71.852258,-13.396322,3912.6 -71.852261,-13.396316,3912.6 -71.852270,-13.396306,3912.8 -71.852281,-13.396295,3913 -71.852293,-13.396293,3913.2 -71.852302,-13.396290,3913.4 -71.852306,-13.396287,3913.4 -71.852308,-13.396282,3913.6 -71.852309,-13.396271,3913.8 -71.852331,-13.396238,3914.8 -71.852332,-13.396237,3914.8 -71.852344,-13.396239,3915 -71.852349,-13.396237,3915.2 -71.852354,-13.396227,3915.6 -71.852352,-13.396226,3915.8 -71.852353,-13.396219,3916.2 -71.852361,-13.396218,3916.6 -71.852365,-13.396212,3916.8 -71.852371,-13.396215,3917 -71.852375,-13.396214,3917 -71.852379,-13.396208,3917.2 -71.852383,-13.396197,3917.6 -71.852384,-13.396199,3918.4 -71.852387,-13.396195,3918.6 -71.852397,-13.396190,3919 -71.852406,-13.396181,3919.2 -71.852412,-13.396159,3919.8 -71.852413,-13.396160,3919.8 -71.852418,-13.396156,3920.2 -71.852425,-13.396155,3920.4 -71.852428,-13.396153,3920.6 -71.852433,-13.396144,3920.8 -71.852440,-13.396139,3921 -71.852451,-13.396121,3921.6 -71.852454,-13.396086,3922.8 -71.852450,-13.396051,3923.8 -71.852458,-13.396035,3924 -71.852482,-13.396026,3924.6 -71.852484,-13.396024,3924.8 -71.852486,-13.396026,3925 -71.852490,-13.396026,3924.8 -71.852496,-13.396023,3925 -71.852501,-13.396024,3925.2 -71.852504,-13.396022,3925.4 -71.852503,-13.396020,3925.8 -71.852505,-13.396019,3926 -71.852505,-13.395985,3926.8 -71.852489,-13.395957,3927.4 -71.852490,-13.395952,3927.4 -71.852488,-13.395930,3927.6 -71.852490,-13.395925,3927.8 -71.852488,-13.395915,3927.8 -71.852489,-13.395911,3927.8 -71.852487,-13.395884,3928.2 -71.852485,-13.395889,3928.6 -71.852487,-13.395898,3928.8 -71.852491,-13.395906,3929 -71.852500,-13.395918,3929.4 -71.852505,-13.395923,3929.4 -71.852512,-13.395927,3929.6 -71.852512,-13.395932,3930 -71.852510,-13.395926,3929.4 -71.852512,-13.395928,3929.2 -71.852513,-13.395927,3929.2 -71.852512,-13.395926,3929 -71.852510,-13.395927,3929 -71.852508,-13.395929,3929 -71.852509,-13.395931,3929.2 -71.852548,-13.395951,3930.2 -71.852565,-13.395971,3930.8 -71.852583,-13.395989,3931.2 -71.852596,-13.395999,3931.6 -71.852601,-13.396000,3931.8 -71.852603,-13.395999,3931.6 -71.852602,-13.395997,3931.8 -71.852609,-13.395997,3931.8 -71.852621,-13.396005,3932.2 -71.852631,-13.396017,3932.6 -71.852640,-13.396021,3932.8 -71.852653,-13.396022,3933 -71.852663,-13.396027,3933.2 -71.852673,-13.396028,3933.6 -71.852678,-13.396026,3933.8 -71.852676,-13.396019,3934.6 -71.852699,-13.396029,3935 -71.852709,-13.396031,3935.2 -71.852717,-13.396037,3935.4 -71.852734,-13.396043,3935.8 -71.852754,-13.396057,3936.4 -71.852766,-13.396069,3936.6 -71.852772,-13.396072,3936.6 -71.852783,-13.396082,3937 -71.852795,-13.396088,3937.2 -71.852803,-13.396094,3937.6 -71.852811,-13.396097,3937.8 -71.852822,-13.396105,3938.2 -71.852830,-13.396115,3938.6 -71.852837,-13.396120,3938.8 -71.852851,-13.396126,3939.4 -71.852861,-13.396141,3939.8 -71.852869,-13.396146,3940 -71.852884,-13.396149,3940.4 -71.852887,-13.396147,3940.4 -71.852888,-13.396149,3940.4 -71.852904,-13.396153,3940.6 -71.852914,-13.396160,3940.6 -71.852918,-13.396165,3940.6 -71.852944,-13.396182,3941.6 -71.852941,-13.396183,3941.8 -71.852943,-13.396181,3942 -71.852946,-13.396184,3942.2 -71.852954,-13.396185,3942.6 -71.852968,-13.396179,3943 -71.852980,-13.396150,3943.8 -71.852982,-13.396135,3944.4 -71.852992,-13.396116,3945 -71.852990,-13.396119,3944.8 -71.852995,-13.396122,3945 -71.852995,-13.396124,3945 -71.853002,-13.396131,3945 -71.853005,-13.396138,3945 -71.853004,-13.396143,3945.2 -71.853013,-13.396146,3945.2 -71.853016,-13.396149,3945.2 -71.853021,-13.396155,3945.4 -71.853025,-13.396167,3945.6 -71.853040,-13.396185,3945.6 -71.853046,-13.396190,3945.8 -71.853056,-13.396193,3945.8 -71.853066,-13.396199,3946 -71.853070,-13.396200,3946.2 -71.853070,-13.396197,3946.4 -71.853073,-13.396197,3946.6 -71.853085,-13.396204,3946.6 -71.853100,-13.396218,3947 -71.853118,-13.396238,3947.6 -71.853125,-13.396250,3947.6 -71.853140,-13.396266,3948 -71.853147,-13.396283,3948.6 -71.853160,-13.396294,3949 -71.853181,-13.396328,3949.6 -71.853185,-13.396368,3950.4 -71.853190,-13.396389,3950.6 -71.853196,-13.396429,3951.2 -71.853196,-13.396472,3952 -71.853201,-13.396494,3952.6 -71.853199,-13.396520,3953 -71.853209,-13.396545,3953.6 -71.853212,-13.396559,3953.8 -71.853227,-13.396605,3954.6 -71.853231,-13.396623,3955 -71.853236,-13.396631,3955.2 -71.853239,-13.396632,3955 -71.853246,-13.396660,3955.2 -71.853243,-13.396675,3955.4 -71.853245,-13.396695,3955.4 -71.853247,-13.396701,3955.6 -71.853247,-13.396730,3955.8 -71.853253,-13.396765,3956 -71.853256,-13.396773,3956 -71.853258,-13.396778,3956.2 -71.853261,-13.396781,3956.2 -71.853265,-13.396782,3956.2 -71.853273,-13.396791,3956.4 -71.853276,-13.396796,3956.4 -71.853279,-13.396807,3956.6 -71.853286,-13.396817,3956.8 -71.853294,-13.396817,3957 -71.853312,-13.396825,3957.2 -71.853325,-13.396838,3957.6 -71.853329,-13.396839,3957.8 -71.853335,-13.396850,3958.2 -71.853346,-13.396860,3958.4 -71.853352,-13.396868,3958.4 -71.853359,-13.396871,3958.6 -71.853363,-13.396869,3958.8 -71.853363,-13.396876,3959 -71.853361,-13.396878,3959.2 -71.853362,-13.396877,3959.2 -71.853363,-13.396879,3959 -71.853371,-13.396872,3959 -71.853372,-13.396869,3959.2 -71.853374,-13.396870,3959.2 -71.853371,-13.396875,3959.2 -71.853372,-13.396881,3959.4 -71.853379,-13.396879,3960 -71.853390,-13.396869,3960 -71.853393,-13.396865,3960 -71.853401,-13.396840,3960.2 -71.853404,-13.396837,3960 -71.853401,-13.396834,3959 -71.853406,-13.396822,3959.2 -71.853410,-13.396817,3959.4 -71.853431,-13.396817,3960 -71.853432,-13.396819,3960 -71.853443,-13.396817,3960.2 -71.853454,-13.396809,3960.6 -71.853459,-13.396804,3960.6 -71.853462,-13.396798,3960.8 -71.853464,-13.396798,3961 -71.853470,-13.396792,3961.4 -71.853479,-13.396772,3962 -71.853492,-13.396767,3962.4 -71.853503,-13.396766,3962.8 -71.853506,-13.396767,3963 -71.853506,-13.396745,3963.4 -71.853518,-13.396738,3964 -71.853522,-13.396730,3964.2 -71.853528,-13.396723,3964.6 -71.853530,-13.396704,3965 -71.853540,-13.396700,3965.4 -71.853548,-13.396706,3965.8 -71.853558,-13.396704,3966.2 -71.853562,-13.396709,3966.4 -71.853572,-13.396711,3966.8 -71.853577,-13.396702,3967 -71.853581,-13.396701,3967 -71.853592,-13.396704,3967.4 -71.853601,-13.396714,3967.8 -71.853604,-13.396713,3967.8 -71.853612,-13.396708,3968.2 -71.853622,-13.396698,3968.8 -71.853626,-13.396682,3969.8 -71.853629,-13.396678,3970.6 -71.853628,-13.396675,3971 -71.853633,-13.396673,3971.4 -71.853630,-13.396676,3972 -71.853632,-13.396677,3972.2 -71.853631,-13.396677,3972 -71.853634,-13.396672,3972 -71.853641,-13.396667,3972.2 -71.853647,-13.396673,3972.4 -71.853653,-13.396684,3972.6 -71.853656,-13.396686,3972.6 -71.853664,-13.396685,3972.8 -71.853666,-13.396682,3973 -71.853667,-13.396674,3973.2 -71.853672,-13.396669,3973.2 -71.853689,-13.396659,3973.4 -71.853707,-13.396641,3974 -71.853713,-13.396639,3974 -71.853719,-13.396634,3974.2 -71.853722,-13.396627,3974.2 -71.853721,-13.396623,3974.2 -71.853718,-13.396622,3974.4 -71.853725,-13.396619,3974.6 -71.853737,-13.396617,3974.6 -71.853761,-13.396605,3975.2 -71.853783,-13.396584,3975.8 -71.853795,-13.396565,3976 -71.853812,-13.396547,3976.4 -71.853822,-13.396533,3976.6 -71.853829,-13.396527,3976.8 -71.853837,-13.396526,3977 -71.853845,-13.396520,3977.4 -71.853853,-13.396505,3977.8 -71.853855,-13.396494,3978.4 -71.853866,-13.396493,3978.8 -71.853863,-13.396495,3979 -71.853864,-13.396497,3979 -71.853872,-13.396495,3979.4 -71.853877,-13.396486,3979.6 -71.853892,-13.396478,3979.8 -71.853899,-13.396476,3980 -71.853908,-13.396464,3980.2 -71.853910,-13.396464,3980.2 -71.853921,-13.396451,3980.8 -71.853925,-13.396443,3980.8 -71.853928,-13.396431,3981.2 -71.853934,-13.396420,3981.4 -71.853937,-13.396418,3981.6 -71.853943,-13.396418,3981.8 -71.853949,-13.396422,3981.8 -71.853954,-13.396429,3982 -71.853958,-13.396430,3982.2 -71.853966,-13.396428,3982.4 -71.853968,-13.396429,3983 -71.853976,-13.396425,3983.4 -71.853984,-13.396425,3983.8 -71.854004,-13.396417,3984.4 -71.854008,-13.396418,3984.6 -71.854006,-13.396418,3984.6 -71.854007,-13.396420,3984.6 -71.854007,-13.396418,3984.6 -71.854030,-13.396408,3985 -71.854040,-13.396408,3985 -71.854050,-13.396416,3985.2 -71.854062,-13.396418,3985.4 -71.854067,-13.396417,3985.4 -71.854075,-13.396412,3985.6 -71.854079,-13.396413,3985.8 -71.854092,-13.396406,3986 -71.854098,-13.396408,3986.4 -71.854121,-13.396407,3986.8 -71.854122,-13.396409,3986.8 -71.854124,-13.396408,3986.8 -71.854122,-13.396407,3987 -71.854131,-13.396407,3987 -71.854141,-13.396416,3987 -71.854140,-13.396414,3987 -71.854149,-13.396418,3987 -71.854160,-13.396420,3987 -71.854164,-13.396425,3987.2 -71.854190,-13.396426,3987.4 -71.854192,-13.396428,3987.4 -71.854203,-13.396431,3987.4 -71.854208,-13.396432,3987.4 -71.854212,-13.396431,3987.4 -71.854219,-13.396433,3987.4 -71.854225,-13.396435,3987.4 -71.854240,-13.396444,3987.4 -71.854259,-13.396451,3987.4 -71.854269,-13.396457,3987.6 -71.854271,-13.396456,3987.6 -71.854274,-13.396459,3987.6 -71.854314,-13.396468,3988.2 -71.854312,-13.396468,3988.2 -71.854314,-13.396472,3988.2 -71.854314,-13.396470,3988.2 -71.854317,-13.396469,3988.2 -71.854340,-13.396468,3988.2 -71.854361,-13.396470,3988.4 -71.854412,-13.396486,3988.6 -71.854413,-13.396496,3988.8 -71.854412,-13.396495,3988.6 -71.854415,-13.396498,3988.8 -71.854432,-13.396500,3989 -71.854438,-13.396503,3989 -71.854453,-13.396506,3989.2 -71.854471,-13.396512,3989.6 -71.854491,-13.396513,3990.2 -71.854500,-13.396510,3990.6 -71.854506,-13.396511,3990.8 -71.854515,-13.396509,3991.2 -71.854517,-13.396506,3991.4 -71.854512,-13.396496,3991.8 -71.854512,-13.396487,3992 -71.854507,-13.396473,3992.6 -71.854511,-13.396469,3993 -71.854516,-13.396469,3993.4 -71.854515,-13.396465,3994 -71.854519,-13.396464,3994.4 -71.854537,-13.396468,3995 -71.854548,-13.396473,3995.4 -71.854554,-13.396474,3995.6 -71.854561,-13.396472,3996 -71.854564,-13.396466,3996.4 -71.854557,-13.396458,3997 -71.854557,-13.396454,3997.2 -71.854555,-13.396451,3997.4 -71.854553,-13.396443,3997.6 -71.854554,-13.396424,3998.6 -71.854553,-13.396418,3998.8 -71.854547,-13.396408,3999.2 -71.854545,-13.396391,3999.8 -71.854573,-13.396391,4001.6 -71.854583,-13.396387,4002.2 -71.854587,-13.396388,4002.6 -71.854592,-13.396386,4003.4 -71.854604,-13.396385,4004.2 -71.854620,-13.396389,4005.2 -71.854631,-13.396389,4006 -71.854637,-13.396385,4006.8 -71.854653,-13.396385,4007.6 -71.854665,-13.396389,4008.4 -71.854671,-13.396386,4008.8 -71.854676,-13.396386,4009.4 -71.854682,-13.396389,4009.8 -71.854697,-13.396389,4011 -71.854703,-13.396393,4011.2 -71.854704,-13.396392,4011.4 -71.854711,-13.396395,4011.8 -71.854715,-13.396400,4011.8 -71.854737,-13.396410,4012.8 -71.854739,-13.396414,4013 -71.854746,-13.396416,4013.2 -71.854760,-13.396424,4013.6 -71.854763,-13.396423,4013.6 -71.854761,-13.396414,4013.6 -71.854762,-13.396407,4014 -71.854766,-13.396400,4014 -71.854766,-13.396397,4014.2 -71.854770,-13.396389,4014.4 -71.854774,-13.396386,4014.4 -71.854779,-13.396378,4014.8 -71.854787,-13.396378,4015 -71.854796,-13.396381,4015.4 -71.854803,-13.396384,4015.4 -71.854812,-13.396392,4015.8 -71.854822,-13.396395,4016 -71.854824,-13.396400,4016 -71.854829,-13.396402,4016.2 -71.854838,-13.396402,4016.4 -71.854845,-13.396398,4016.6 -71.854854,-13.396378,4017 -71.854854,-13.396373,4017 -71.854857,-13.396365,4017.2 -71.854856,-13.396360,4017.4 -71.854856,-13.396362,4017.6 -71.854858,-13.396363,4017.6 -71.854865,-13.396347,4017.8 -71.854864,-13.396337,4017.8 -71.854867,-13.396335,4018 -71.854871,-13.396338,4017.8 -71.854882,-13.396331,4017.8 -71.854886,-13.396326,4017.8 -71.854893,-13.396309,4018.2 -71.854895,-13.396309,4018.4 -71.854897,-13.396313,4018.4 -71.854904,-13.396318,4018.4 -71.854907,-13.396325,4018.6 -71.854909,-13.396325,4018.6 -71.854918,-13.396314,4019 -71.854919,-13.396316,4019 -71.854914,-13.396313,4019.2 -71.854912,-13.396315,4019.2 -71.854916,-13.396315,4019.4 -71.854923,-13.396318,4019.6 -71.854936,-13.396320,4020 -71.854941,-13.396319,4020.2 -71.854945,-13.396315,4020.6 -71.854949,-13.396306,4020.8 -71.854952,-13.396303,4021 -71.854955,-13.396296,4021 -71.854955,-13.396291,4021.2 -71.854966,-13.396281,4022 -71.854979,-13.396278,4022.6 -71.854990,-13.396278,4023 -71.854999,-13.396281,4023.4 -71.855000,-13.396285,4024.4 -71.854999,-13.396284,4024.6 -71.855009,-13.396286,4024.6 -71.855033,-13.396301,4024.8 -71.855036,-13.396302,4024.8 -71.855041,-13.396301,4024.8 -71.855046,-13.396297,4024.8 -71.855054,-13.396284,4025 -71.855059,-13.396281,4025 -71.855062,-13.396277,4025.2 -71.855064,-13.396274,4025.2 -71.855064,-13.396270,4025.2 -71.855067,-13.396267,4025.2 -71.855069,-13.396261,4025.4 -71.855068,-13.396259,4025.6 -71.855074,-13.396255,4025.6 -71.855077,-13.396250,4025.6 -71.855082,-13.396246,4025.6 -71.855092,-13.396256,4025.6 -71.855094,-13.396253,4025.6 -71.855097,-13.396221,4025.8 -71.855096,-13.396216,4025.8 -71.855090,-13.396207,4026 -71.855089,-13.396203,4026 -71.855089,-13.396201,4026 -71.855091,-13.396199,4026.2 -71.855091,-13.396202,4026.4 -71.855091,-13.396200,4026.6 -71.855094,-13.396197,4026.8 -71.855091,-13.396200,4027.2 -71.855092,-13.396202,4027.6 -71.855087,-13.396200,4028.2 -71.855086,-13.396198,4028.6 -71.855084,-13.396199,4029 -71.855082,-13.396195,4029.2 -71.855085,-13.396198,4029.8 -71.855089,-13.396199,4029.6 -71.855095,-13.396193,4029.6 -71.855128,-13.396196,4029.8 -71.855171,-13.396193,4030.4 -71.855180,-13.396194,4030.4 -71.855195,-13.396197,4030.6 -71.855208,-13.396208,4030.8 -71.855218,-13.396213,4031 -71.855226,-13.396215,4031 -71.855242,-13.396224,4031.2 -71.855275,-13.396239,4031.6 -71.855289,-13.396251,4031.8 -71.855299,-13.396257,4032 -71.855319,-13.396279,4032 -71.855359,-13.396318,4032.6 -71.855373,-13.396337,4033 -71.855387,-13.396352,4033 -71.855394,-13.396367,4033.2 -71.855408,-13.396387,4033.4 -71.855413,-13.396392,4033.4 -71.855440,-13.396410,4034.2 -71.855459,-13.396435,4034.6 -71.855495,-13.396466,4035 -71.855510,-13.396473,4035.2 -71.855533,-13.396488,4035.4 -71.855549,-13.396494,4035.6 -71.855571,-13.396505,4036.2 -71.855581,-13.396513,4036.4 -71.855588,-13.396516,4036.8 -71.855586,-13.396517,4037 -71.855587,-13.396520,4037 -71.855586,-13.396519,4037 -71.855592,-13.396523,4037.2 -71.855609,-13.396530,4037.6 -71.855627,-13.396541,4038 -71.855653,-13.396570,4038.6 -71.855662,-13.396584,4038.8 -71.855685,-13.396602,4039.2 -71.855693,-13.396611,4039.4 -71.855728,-13.396640,4040 -71.855753,-13.396669,4040.4 -71.855782,-13.396691,4040.4 -71.855803,-13.396711,4040.6 -71.855806,-13.396711,4040.8 -71.855805,-13.396710,4040.6 -71.855826,-13.396725,4041 -71.855839,-13.396732,4041.2 -71.855840,-13.396736,4041.4 -71.855840,-13.396735,4041.4 -71.855848,-13.396745,4041.8 -71.855857,-13.396753,4042.2 -71.855860,-13.396754,4042.2 -71.855859,-13.396754,4042.2 -71.855860,-13.396756,4042.2 -71.855865,-13.396762,4042.2 -71.855880,-13.396776,4042.4 -71.855890,-13.396789,4042.6 -71.855935,-13.396835,4042.8 -71.855979,-13.396864,4043.4 -71.855988,-13.396868,4043.4 -71.856024,-13.396895,4043.8 -71.856047,-13.396908,4043.8 -71.856063,-13.396920,4044 -71.856104,-13.396937,4044.4 -71.856103,-13.396938,4044.4 -71.856104,-13.396937,4044.4 -71.856103,-13.396938,4044.4 -71.856104,-13.396937,4044.6 -71.856108,-13.396940,4044.6 -71.856130,-13.396948,4044.8 -71.856145,-13.396958,4045 -71.856185,-13.396977,4045.2 -71.856202,-13.396987,4045.2 -71.856218,-13.396993,4045.4 -71.856232,-13.397002,4045.6 -71.856256,-13.397012,4046 -71.856260,-13.397016,4046 -71.856267,-13.397017,4046 -71.856276,-13.397022,4046 -71.856309,-13.397059,4046.6 -71.856318,-13.397066,4046.6 -71.856325,-13.397074,4046.8 -71.856356,-13.397096,4047 -71.856411,-13.397120,4046.2 -71.856426,-13.397124,4046 -71.856443,-13.397141,4045.4 -71.856456,-13.397151,4045.2 -71.856496,-13.397168,4045 -71.856503,-13.397174,4045 -71.856503,-13.397177,4045 -71.856506,-13.397177,4045 -71.856524,-13.397187,4045.4 -71.856539,-13.397192,4045.8 -71.856547,-13.397200,4045.8 -71.856566,-13.397210,4046 -71.856591,-13.397226,4046.4 -71.856617,-13.397237,4047 -71.856633,-13.397253,4047.2 -71.856636,-13.397263,4047.2 -71.856639,-13.397284,4047.6 -71.856648,-13.397297,4047.8 -71.856656,-13.397290,4047.8 -71.856661,-13.397288,4048 -71.856670,-13.397288,4048.2 -71.856670,-13.397290,4048.4 -71.856676,-13.397292,4048.4 -71.856683,-13.397286,4048.6 -71.856685,-13.397287,4048.6 -71.856685,-13.397285,4048.6 -71.856688,-13.397283,4048.8 -71.856690,-13.397279,4048.8 -71.856689,-13.397255,4049 -71.856692,-13.397242,4049.2 -71.856689,-13.397239,4049 -71.856691,-13.397237,4049 -71.856692,-13.397232,4049 -71.856703,-13.397224,4049.2 -71.856721,-13.397230,4049.4 -71.856738,-13.397233,4049.4 -71.856744,-13.397233,4049.4 -71.856759,-13.397229,4049.8 -71.856768,-13.397229,4049.8 -71.856774,-13.397232,4050 -71.856788,-13.397233,4050 -71.856800,-13.397240,4050.2 -71.856810,-13.397242,4050.4 -71.856819,-13.397240,4050.8 -71.856824,-13.397235,4050.8 -71.856835,-13.397231,4051 -71.856841,-13.397233,4051 -71.856870,-13.397235,4051.6 -71.856886,-13.397242,4051.8 -71.856894,-13.397248,4052 -71.856903,-13.397250,4052.4 -71.856914,-13.397256,4052.4 -71.856934,-13.397255,4053 -71.856948,-13.397249,4053.4 -71.856950,-13.397250,4053.4 -71.856949,-13.397252,4053.6 -71.856963,-13.397246,4053.8 -71.856970,-13.397239,4054.2 -71.856992,-13.397233,4054.6 -71.856997,-13.397233,4054.6 -71.857002,-13.397230,4054.6 -71.857013,-13.397231,4055.2 -71.857018,-13.397227,4055.4 -71.857036,-13.397226,4056.2 -71.857061,-13.397234,4057.4 -71.857068,-13.397240,4057.6 -71.857073,-13.397247,4058 -71.857076,-13.397248,4058 -71.857083,-13.397236,4058.6 -71.857087,-13.397232,4058.8 -71.857093,-13.397233,4059 -71.857102,-13.397231,4059.4 -71.857110,-13.397219,4059.8 -71.857114,-13.397209,4060.2 -71.857114,-13.397204,4060.6 -71.857118,-13.397204,4060.8 -71.857124,-13.397201,4061.4 -71.857125,-13.397205,4061.6 -71.857129,-13.397204,4062 -71.857132,-13.397209,4062.4 -71.857133,-13.397216,4063 -71.857132,-13.397223,4063.6 -71.857136,-13.397223,4063.4 -71.857138,-13.397228,4063.6 -71.857145,-13.397227,4064.2 -71.857149,-13.397232,4064.4 -71.857151,-13.397238,4064.4 -71.857157,-13.397243,4065 -71.857157,-13.397249,4065.8 -71.857158,-13.397245,4066 -71.857166,-13.397242,4066 -71.857178,-13.397247,4066 -71.857185,-13.397247,4066.4 -71.857194,-13.397251,4067.2 -71.857203,-13.397247,4067.6 -71.857212,-13.397246,4068 -71.857215,-13.397244,4068 -71.857216,-13.397245,4068.2 -71.857217,-13.397243,4068.2 -71.857224,-13.397246,4068.4 -71.857233,-13.397247,4068.6 -71.857244,-13.397254,4069.2 -71.857247,-13.397252,4069.2 -71.857248,-13.397247,4069.2 -71.857251,-13.397245,4069.4 -71.857251,-13.397246,4069.4 -71.857254,-13.397245,4069.4 -71.857265,-13.397251,4069.4 -71.857277,-13.397263,4069.6 -71.857292,-13.397285,4070 -71.857291,-13.397286,4070 -71.857293,-13.397290,4070 -71.857289,-13.397299,4070.2 -71.857296,-13.397305,4070.4 -71.857296,-13.397317,4071 -71.857303,-13.397322,4071.2 -71.857305,-13.397337,4071.6 -71.857304,-13.397344,4071.6 -71.857316,-13.397348,4071.8 -71.857323,-13.397353,4072 -71.857328,-13.397352,4072 -71.857330,-13.397355,4072.2 -71.857340,-13.397359,4073 -71.857342,-13.397363,4073 -71.857352,-13.397372,4073.6 -71.857354,-13.397384,4074.2 -71.857360,-13.397394,4074.8 -71.857359,-13.397395,4074.8 -71.857359,-13.397391,4075.2 -71.857371,-13.397392,4075 -71.857378,-13.397399,4075 -71.857393,-13.397406,4075 -71.857411,-13.397409,4074.8 -71.857431,-13.397408,4075 -71.857448,-13.397404,4075 -71.857487,-13.397418,4075.4 -71.857538,-13.397429,4075.6 -71.857554,-13.397440,4075.8 -71.857604,-13.397458,4076.2 -71.857627,-13.397476,4076 -71.857637,-13.397478,4075.8 -71.857642,-13.397487,4075.8 -71.857662,-13.397503,4075.4 -71.857685,-13.397507,4075.2 -71.857733,-13.397532,4075.2 -71.857769,-13.397546,4074.8 -71.857777,-13.397557,4074.8 -71.857786,-13.397564,4074.8 -71.857825,-13.397578,4075 -71.857829,-13.397586,4075 -71.857829,-13.397584,4075 -71.857828,-13.397586,4075 -71.857829,-13.397579,4075.2 -71.857829,-13.397582,4075.2 -71.857880,-13.397598,4075.8 -71.857898,-13.397614,4076.2 -71.857920,-13.397618,4076.4 -71.857935,-13.397626,4076.8 -71.857940,-13.397627,4076.8 -71.857957,-13.397627,4077.2 -71.857985,-13.397620,4077.8 -71.857992,-13.397627,4078 -71.858020,-13.397631,4078.8 -71.858019,-13.397633,4078.8 -71.858021,-13.397631,4079 -71.858026,-13.397632,4079 -71.858032,-13.397630,4079.2 -71.858039,-13.397631,4079.4 -71.858059,-13.397626,4079.6 -71.858064,-13.397627,4079.8 -71.858075,-13.397633,4079.8 -71.858080,-13.397639,4080 -71.858089,-13.397642,4080 -71.858101,-13.397651,4080.2 -71.858126,-13.397664,4080.4 -71.858149,-13.397685,4080.6 -71.858152,-13.397691,4080.6 -71.858158,-13.397696,4080.8 -71.858161,-13.397704,4080.8 -71.858161,-13.397702,4080.8 -71.858168,-13.397706,4080.6 -71.858177,-13.397714,4080.4 -71.858184,-13.397718,4080.2 -71.858190,-13.397725,4080 -71.858192,-13.397734,4079.8 -71.858202,-13.397751,4079.6 -71.858218,-13.397769,4079.6 -71.858224,-13.397778,4079.4 -71.858237,-13.397791,4079.4 -71.858238,-13.397798,4079.4 -71.858228,-13.397826,4079.2 -71.858223,-13.397836,4079.2 -71.858217,-13.397843,4079 -71.858209,-13.397862,4079.2 -71.858208,-13.397884,4079.4 -71.858204,-13.397905,4079.2 -71.858181,-13.397929,4079.6 -71.858174,-13.397942,4080 -71.858170,-13.397956,4080.2 -71.858170,-13.397982,4080.4 -71.858176,-13.398003,4080.8 -71.858178,-13.398018,4081 -71.858178,-13.398031,4081.4 -71.858176,-13.398037,4081.6 -71.858169,-13.398048,4081.8 -71.858140,-13.398063,4082.2 -71.858126,-13.398072,4082.6 -71.858125,-13.398077,4082.2 -71.858117,-13.398083,4082.2 -71.858115,-13.398087,4082.2 -71.858097,-13.398105,4082 -71.858091,-13.398107,4082 -71.858088,-13.398110,4082 -71.858084,-13.398122,4082.2 -71.858080,-13.398128,4082.4 -71.858068,-13.398185,4083.8 -71.858058,-13.398211,4084.2 -71.858054,-13.398217,4084.4 -71.858054,-13.398223,4084.6 -71.858058,-13.398240,4084.6 -71.858056,-13.398249,4084.8 -71.858057,-13.398257,4084.8 -71.858061,-13.398267,4085 -71.858069,-13.398313,4085.2 -71.858070,-13.398334,4085.4 -71.858077,-13.398349,4085.6 -71.858073,-13.398365,4085.8 -71.858083,-13.398418,4086 -71.858083,-13.398426,4086 -71.858088,-13.398441,4086.2 -71.858104,-13.398477,4086.6 -71.858103,-13.398481,4086.6 -71.858107,-13.398487,4086.8 -71.858108,-13.398492,4086.6 -71.858117,-13.398503,4086.6 -71.858121,-13.398506,4086.6 -71.858126,-13.398507,4086.6 -71.858129,-13.398511,4086.6 -71.858133,-13.398524,4086.4 -71.858135,-13.398541,4086.4 -71.858134,-13.398556,4086.4 -71.858138,-13.398567,4086.4 -71.858137,-13.398579,4086.2 -71.858146,-13.398593,4086.2 -71.858148,-13.398600,4086.4 -71.858154,-13.398607,4086.4 -71.858148,-13.398614,4086.4 -71.858147,-13.398618,4086.4 -71.858140,-13.398664,4086.8 -71.858134,-13.398675,4087 -71.858136,-13.398677,4087.2 -71.858136,-13.398681,4087.2 -71.858133,-13.398698,4087.6 -71.858126,-13.398711,4088 -71.858126,-13.398714,4088.2 -71.858122,-13.398718,4088.4 -71.858120,-13.398718,4088.4 -71.858123,-13.398734,4088.4 -71.858134,-13.398745,4088.6 -71.858134,-13.398756,4088.6 -71.858137,-13.398761,4088.6 -71.858136,-13.398770,4089 -71.858139,-13.398776,4089 -71.858137,-13.398779,4089.2 -71.858138,-13.398787,4089.6 -71.858149,-13.398809,4090 -71.858158,-13.398817,4090.2 -71.858168,-13.398807,4084.77 -71.858207,-13.398832,4086.26 -71.858247,-13.398865,4088.35 -71.858275,-13.398904,4090.15 -71.858295,-13.398948,4091.82 -71.858283,-13.398994,4092.95 -71.858282,-13.399044,4094.11 -71.858318,-13.399075,4095.82 -71.858339,-13.399028,4095.51 -71.858386,-13.399055,4097.22 -71.858392,-13.399101,4098.20 -71.858379,-13.399154,4100.11 -71.858353,-13.399193,4101.49 -71.858363,-13.399241,4102.92 -71.858374,-13.399298,4104.87 -71.858392,-13.399342,4106.82 -71.858443,-13.399396,4109.76 -71.858461,-13.399439,4112.15 -71.858473,-13.399485,4114.33 -71.858453,-13.399534,4115.48 -71.858501,-13.399553,4117.89 -71.858556,-13.399572,4120.42 -71.858563,-13.399560,4113.8 -71.858561,-13.399561,4113.8 -71.858562,-13.399560,4113.8 -71.858561,-13.399560,4114 -71.858573,-13.399556,4114.2 -71.858574,-13.399557,4114 -71.858572,-13.399558,4114 -71.858576,-13.399559,4114.2 -71.858587,-13.399572,4114.8 -71.858592,-13.399575,4115 -71.858599,-13.399577,4115.4 -71.858611,-13.399575,4116 -71.858615,-13.399576,4116.4 -71.858618,-13.399579,4116.6 -71.858615,-13.399589,4116.8 -71.858617,-13.399593,4116.8 -71.858628,-13.399598,4117.2 -71.858631,-13.399597,4117.4 -71.858631,-13.399595,4117.6 -71.858633,-13.399595,4117.6 -71.858635,-13.399607,4117.8 -71.858628,-13.399633,4118.6 -71.858629,-13.399632,4118.8 -71.858629,-13.399636,4119 -71.858632,-13.399641,4119.2 -71.858640,-13.399648,4119.8 -71.858649,-13.399659,4120.6 -71.858653,-13.399671,4121.2 -71.858650,-13.399686,4122 -71.858650,-13.399692,4122.4 -71.858653,-13.399699,4123.4 -71.858653,-13.399706,4123.6 -71.858665,-13.399723,4124 -71.858673,-13.399743,4124.6 -71.858674,-13.399749,4124.8 -71.858681,-13.399759,4125 -71.858682,-13.399770,4125.4 -71.858689,-13.399788,4126.2 -71.858708,-13.399810,4127.6 -71.858717,-13.399816,4128.2 -71.858720,-13.399816,4128.6 -71.858729,-13.399828,4129.4 -71.858740,-13.399834,4130 -71.858760,-13.399857,4131.8 -71.858767,-13.399862,4132 -71.858768,-13.399861,4132 -71.858771,-13.399863,4132.2 -71.858775,-13.399867,4132.2 -71.858784,-13.399871,4132.2 -71.858785,-13.399877,4132.2 -71.858792,-13.399887,4132.4 -71.858793,-13.399886,4132.4 -71.858797,-13.399890,4132.8 -71.858806,-13.399891,4133.2 -71.858824,-13.399907,4134.2 -71.858825,-13.399906,4134.4 -71.858835,-13.399917,4134.6 -71.858837,-13.399923,4134.8 -71.858843,-13.399931,4135 -71.858852,-13.399938,4135.2 -71.858855,-13.399943,4135.4 -71.858855,-13.399950,4135.8 -71.858863,-13.399964,4136 -71.858864,-13.399970,4136 -71.858870,-13.399984,4136.2 -71.858870,-13.400006,4137 -71.858873,-13.400009,4137.2 -71.858878,-13.400009,4137.4 -71.858877,-13.400014,4137.4 -71.858885,-13.400029,4138 -71.858885,-13.400036,4138 -71.858888,-13.400047,4138.4 -71.858888,-13.400069,4139.2 -71.858891,-13.400081,4139.6 -71.858898,-13.400088,4140 -71.858907,-13.400107,4140.6 -71.858910,-13.400125,4140.8 -71.858911,-13.400124,4140.6 -71.858910,-13.400126,4140.6 -71.858911,-13.400124,4140.6 -71.858910,-13.400126,4140.6 -71.858911,-13.400125,4140.6 -71.858910,-13.400126,4140.6 -71.858911,-13.400125,4140.6 -71.858910,-13.400126,4140.6 -71.858911,-13.400125,4140.6 -71.858910,-13.400125,4140.6 -71.858913,-13.400130,4140.8 -71.858915,-13.400144,4141 -71.858919,-13.400151,4141.2 -71.858924,-13.400155,4141.4 -71.858931,-13.400157,4141.6 -71.858938,-13.400163,4141.8 -71.858949,-13.400168,4142 -71.858951,-13.400172,4142.2 -71.858955,-13.400175,4142.4 -71.858955,-13.400179,4142.4 -71.858968,-13.400185,4142.8 -71.858979,-13.400201,4143.6 -71.858988,-13.400207,4144.4 -71.858994,-13.400217,4144.6 -71.859002,-13.400220,4145.2 -71.859004,-13.400216,4145.4 -71.859007,-13.400214,4145.6 -71.859017,-13.400211,4146.6 -71.859024,-13.400211,4146.8 -71.859025,-13.400214,4147 -71.859026,-13.400212,4147 -71.859032,-13.400218,4147.2 -71.859034,-13.400228,4147.4 -71.859033,-13.400229,4147.6 -71.859034,-13.400228,4147.6 -71.859033,-13.400229,4147.6 -71.859034,-13.400228,4147.6 -71.859033,-13.400229,4147.6 -71.859034,-13.400228,4147.6 -71.859039,-13.400236,4147.6 -71.859046,-13.400250,4147.8 -71.859052,-13.400254,4147.8 -71.859056,-13.400263,4148 -71.859059,-13.400266,4148 -71.859060,-13.400275,4148.2 -71.859066,-13.400285,4148.6 -71.859070,-13.400286,4148.8 -71.859074,-13.400291,4149.2 -71.859083,-13.400294,4149.2 -71.859092,-13.400300,4149.4 -71.859091,-13.400301,4149.4 -71.859092,-13.400300,4149.4 -71.859091,-13.400301,4149.4 -71.859092,-13.400300,4149.4 -71.859096,-13.400301,4149.4 -71.859096,-13.400303,4149.4 -71.859097,-13.400302,4149.6 -71.859096,-13.400304,4149.4 -71.859097,-13.400318,4149.8 -71.859100,-13.400322,4150 -71.859130,-13.400331,4150.4 -71.859136,-13.400337,4150.6 -71.859152,-13.400340,4151 -71.859160,-13.400350,4151.2 -71.859166,-13.400351,4151.4 -71.859165,-13.400353,4151.2 -71.859167,-13.400356,4151.4 -71.859171,-13.400358,4151.6 -71.859176,-13.400369,4152.2 -71.859178,-13.400383,4152.4 -71.859181,-13.400386,4152.4 -71.859185,-13.400387,4152.6 -71.859192,-13.400394,4152.8 -71.859193,-13.400405,4153.2 -71.859191,-13.400425,4154.2 -71.859193,-13.400427,4154.2 -71.859196,-13.400437,4154.4 -71.859201,-13.400444,4154.8 -71.859203,-13.400450,4155.2 -71.859206,-13.400452,4155.4 -71.859205,-13.400455,4155.8 -71.859214,-13.400463,4156 -71.859230,-13.400498,4157.2 -71.859235,-13.400502,4157.4 -71.859247,-13.400498,4158 -71.859245,-13.400501,4158.4 -71.859248,-13.400499,4158.6 -71.859252,-13.400503,4158.6 -71.859264,-13.400501,4158.8 -71.859268,-13.400504,4159 -71.859273,-13.400515,4159.6 -71.859294,-13.400512,4160.2 -71.859300,-13.400506,4160.2 -71.859299,-13.400508,4160.4 -71.859300,-13.400507,4160.2 -71.859299,-13.400507,4160.4 -71.859315,-13.400521,4160.8 -71.859334,-13.400532,4161.4 -71.859340,-13.400544,4161.8 -71.859348,-13.400570,4162.4 -71.859353,-13.400578,4162.8 -71.859364,-13.400582,4163.4 -71.859365,-13.400585,4163.6 -71.859359,-13.400567,4163.4 -71.859360,-13.400566,4163.6 -71.859358,-13.400566,4163.6 -71.859360,-13.400562,4163.6 -71.859356,-13.400530,4163.8 -71.859358,-13.400522,4164 -71.859360,-13.400522,4164.2 -71.859358,-13.400522,4164.2 -71.859359,-13.400498,4163.8 -71.859356,-13.400493,4163.6 -71.859357,-13.400485,4163.6 -71.859350,-13.400449,4163.2 -71.859342,-13.400434,4163 -71.859342,-13.400416,4163 -71.859345,-13.400408,4163 -71.859355,-13.400400,4163.4 -71.859352,-13.400401,4163.2 -71.859355,-13.400394,4163.2 -71.859359,-13.400390,4163.2 -71.859359,-13.400386,4163.2 -71.859364,-13.400384,4163.4 -71.859363,-13.400381,4163.4 -71.859365,-13.400382,4163.6 -71.859355,-13.400393,4163.4 -71.859352,-13.400404,4163.4 -71.859344,-13.400411,4163.2 -71.859341,-13.400418,4163.2 -71.859340,-13.400426,4163.2 -71.859348,-13.400447,4163.4 -71.859353,-13.400472,4163.4 -71.859351,-13.400480,4163.6 -71.859354,-13.400495,4164.2 -71.859350,-13.400503,4164.4 -71.859347,-13.400533,4165.2 -71.859355,-13.400554,4166 -71.859355,-13.400559,4167 -71.859354,-13.400558,4167 -71.859353,-13.400560,4167 -71.859354,-13.400587,4167 -71.859349,-13.400592,4166.8 -71.859355,-13.400638,4167 -71.859357,-13.400640,4167.2 -71.859356,-13.400645,4167.4 -71.859359,-13.400655,4167.8 -71.859354,-13.400656,4168 -71.859349,-13.400660,4168.2 -71.859342,-13.400670,4168.6 -71.859342,-13.400677,4168.8 -71.859349,-13.400706,4169.6 -71.859346,-13.400724,4170 -71.859340,-13.400745,4170.8 -71.859338,-13.400768,4171.4 -71.859345,-13.400788,4171.6 -71.859368,-13.400817,4172 -71.859375,-13.400831,4172.2 -71.859387,-13.400875,4172.8 -71.859385,-13.400895,4172.8 -71.859397,-13.400939,4173.6 -71.859397,-13.400956,4173.8 -71.859394,-13.400999,4174.2 -71.859389,-13.401037,4174.4 -71.859385,-13.401055,4174.6 -71.859374,-13.401077,4174.8 -71.859364,-13.401104,4175 -71.859337,-13.401142,4175.6 -71.859334,-13.401157,4176 -71.859334,-13.401171,4176.8 -71.859338,-13.401174,4177 -71.859341,-13.401174,4177.2 -71.859338,-13.401176,4177.2 -71.859342,-13.401176,4177 -71.859349,-13.401173,4177 -71.859358,-13.401176,4176.8 -71.859379,-13.401178,4177 -71.859399,-13.401182,4176.8 -71.859399,-13.401184,4176.8 -71.859411,-13.401182,4176.6 -71.859416,-13.401183,4176.4 -71.859462,-13.401212,4175.2 -71.859469,-13.401231,4175 -71.859469,-13.401252,4174.2 -71.859497,-13.401268,4172.8 -71.859523,-13.401305,4171 -71.859525,-13.401318,4170.8 -71.859541,-13.401376,4170 -71.859541,-13.401378,4170 -71.859539,-13.401379,4169.8 -71.859547,-13.401383,4170 -71.859548,-13.401386,4170 -71.859551,-13.401388,4170 -71.859549,-13.401401,4169.8 -71.859566,-13.401429,4169.6 -71.859573,-13.401446,4169.4 -71.859587,-13.401465,4169 -71.859591,-13.401475,4168.8 -71.859590,-13.401478,4168.8 -71.859591,-13.401476,4168.8 -71.859601,-13.401485,4168 -71.859626,-13.401497,4167.4 -71.859633,-13.401500,4167.4 -71.859649,-13.401503,4167.2 -71.859656,-13.401509,4167.4 -71.859666,-13.401511,4167.4 -71.859674,-13.401515,4167.4 -71.859695,-13.401528,4167.4 -71.859707,-13.401540,4167.6 -71.859713,-13.401552,4167.6 -71.859724,-13.401584,4168.2 -71.859735,-13.401598,4168.4 -71.859739,-13.401601,4168.6 -71.859740,-13.401616,4168.8 -71.859737,-13.401626,4169 -71.859740,-13.401620,4169.2 -71.859743,-13.401605,4169.4 -71.859749,-13.401604,4169.4 -71.859759,-13.401577,4169.8 -71.859764,-13.401578,4169.8 -71.859766,-13.401580,4170 -71.859776,-13.401581,4170.4 -71.859783,-13.401590,4170.6 -71.859791,-13.401590,4170.8 -71.859794,-13.401585,4171 -71.859795,-13.401581,4171 -71.859794,-13.401577,4171.2 -71.859796,-13.401571,4171.2 -71.859800,-13.401566,4171.4 -71.859811,-13.401563,4171.6 -71.859813,-13.401564,4171.6 -71.859815,-13.401561,4171.6 -71.859834,-13.401549,4171.6 -71.859839,-13.401542,4171.6 -71.859848,-13.401535,4171.6 -71.859851,-13.401530,4171.6 -71.859862,-13.401526,4171.6 -71.859866,-13.401517,4171.4 -71.859874,-13.401508,4171.4 -71.859911,-13.401478,4171.2 -71.859919,-13.401473,4171.2 -71.859922,-13.401473,4171.2 -71.859925,-13.401469,4171.2 -71.859931,-13.401466,4171.2 -71.859953,-13.401464,4171.2 -71.859960,-13.401467,4171.2 -71.859982,-13.401455,4170.2 -71.859994,-13.401445,4170 -71.860006,-13.401420,4169.2 -71.860011,-13.401414,4169 -71.860016,-13.401398,4168.6 -71.860015,-13.401389,4168.4 -71.860018,-13.401380,4168.2 -71.860026,-13.401364,4167.8 -71.860040,-13.401345,4167.6 -71.860052,-13.401325,4167.2 -71.860058,-13.401306,4167 -71.860078,-13.401281,4166.8 -71.860087,-13.401273,4166.8 -71.860103,-13.401251,4167 -71.860110,-13.401248,4167 -71.860148,-13.401224,4167.4 -71.860164,-13.401223,4167.4 -71.860174,-13.401220,4167.6 -71.860188,-13.401213,4167.8 -71.860223,-13.401217,4168 -71.860232,-13.401220,4168 -71.860249,-13.401229,4168 -71.860264,-13.401229,4168.2 -71.860266,-13.401242,4168.4 -71.860265,-13.401244,4168.4 -71.860259,-13.401245,4168.4 -71.860261,-13.401247,4168.4 -71.860262,-13.401253,4168.2 -71.860262,-13.401264,4168.2 -71.860264,-13.401271,4168.2 -71.860263,-13.401273,4168.2 -71.860261,-13.401272,4168 -71.860258,-13.401266,4168 -71.860258,-13.401267,4168 -71.860260,-13.401262,4168 -71.860258,-13.401252,4168.2 -71.860260,-13.401253,4168.2 -71.860257,-13.401253,4168.2 -71.860257,-13.401248,4168 -71.860260,-13.401247,4167.8 -71.860259,-13.401251,4167.6 -71.860260,-13.401248,4167.4 -71.860259,-13.401249,4167.2 -71.860259,-13.401246,4166.6 -71.860257,-13.401247,4166.6 -71.860259,-13.401247,4166.2 -71.860258,-13.401245,4166.4 -71.860259,-13.401247,4165.6 -71.860257,-13.401246,4165.6 -71.860261,-13.401248,4165.2 -71.860260,-13.401244,4165.4 -71.860259,-13.401245,4165.4 -71.860263,-13.401247,4165.4 -71.860265,-13.401246,4165.4 -71.860267,-13.401248,4165.4 -71.860267,-13.401247,4165.4 -71.860269,-13.401248,4165.6 -71.860271,-13.401246,4165.6 -71.860270,-13.401245,4165.6 -71.860273,-13.401247,4165.8 -71.860271,-13.401246,4165.8 -71.860272,-13.401248,4165.4 -71.860272,-13.401247,4165.8 -71.860269,-13.401248,4165.6</coordinates>
      </LineString>
      <styleUrl>#lineStyle1</styleUrl>
    </Placemark>
    <Style id="lineStyle1">
      <LineStyle>
        <color>aaff0000</color>
        <width>2</width>
      </LineStyle>
    </Style>
  </Document>
</kml>
