<?xml version="1.0" encoding="UTF-8"?>
<kml xmlns="http://www.opengis.net/kml/2.2">
<Document>
<Placemark>
<name>Jose Collas (-47)</name>
<LineString>
<coordinates>-71.850632,-13.421085,2991.2 -71.850643,-13.421068,2989.2 -71.850654,-13.421084,2989.4 -71.850632,-13.421085,2988 -71.850623,-13.421057,2987.4 -71.850678,-13.420884,2989.2 -71.850672,-13.420804,2990 -71.850715,-13.420735,2990.6 -71.850777,-13.420709,2989.8 -71.850895,-13.420691,2988.8 -71.851040,-13.420616,2988 -71.851143,-13.420591,2987.2 -71.851221,-13.420547,2986.8 -71.851299,-13.420532,2986.2 -71.851333,-13.420511,2986 -71.851333,-13.420461,2985.8 -71.851279,-13.420286,2984 -71.851239,-13.420222,2983.2 -71.851222,-13.420144,2982.6 -71.851107,-13.419898,2983.4 -71.851069,-13.419746,2986.4 -71.851007,-13.419631,2987.6 -71.850971,-13.419516,2987.2 -71.850933,-13.419461,2987.6 -71.850917,-13.419367,2988.6 -71.850941,-13.419239,2989.4 -71.851040,-13.419017,2992.2 -71.851132,-13.418728,2992.6 -71.851210,-13.418561,2993.4 -71.851236,-13.418578,2994.4 -71.851288,-13.418465,2993.8 -71.851366,-13.418395,2994.6 -71.851378,-13.418364,2995 -71.851372,-13.418314,2995.8 -71.851309,-13.418179,2997.8 -71.851233,-13.418119,2999.4 -71.851154,-13.418107,3000.4 -71.851022,-13.418122,3002 -71.851001,-13.418051,3002.6 -71.850958,-13.418034,3003.2 -71.850934,-13.417986,3004.4 -71.850895,-13.417965,3005.2 -71.850795,-13.418004,3006.6 -71.850728,-13.418004,3007.4 -71.850671,-13.418084,3008.6 -71.850585,-13.418107,3010.2 -71.850533,-13.418152,3011.6 -71.850451,-13.418276,3015 -71.850384,-13.418242,3015.6 -71.850328,-13.418135,3017.8 -71.850283,-13.418124,3019.2 -71.850193,-13.418037,3022.6 -71.850142,-13.418061,3023.6 -71.850109,-13.418059,3024.2 -71.850060,-13.417978,3025.4 -71.850031,-13.417851,3028.4 -71.850048,-13.417799,3030 -71.850115,-13.417728,3034.2 -71.849923,-13.417737,3037.8 -71.849931,-13.417711,3039 -71.849981,-13.417663,3042.4 -71.849982,-13.417649,3043.2 -71.849958,-13.417633,3044 -71.849783,-13.417705,3048.2 -71.849749,-13.417701,3048.6 -71.849736,-13.417683,3049.4 -71.849762,-13.417674,3050 -71.849762,-13.417630,3052.2 -71.849811,-13.417552,3055.4 -71.849927,-13.417550,3059.6 -71.850017,-13.417493,3064.2 -71.850040,-13.417509,3066.6 -71.850054,-13.417500,3067.8 -71.849956,-13.417434,3071 -71.849927,-13.417428,3072 -71.849883,-13.417444,3073.6 -71.849864,-13.417429,3074.4 -71.849789,-13.417428,3075.6 -71.849648,-13.417383,3078.6 -71.849579,-13.417393,3079 -71.849558,-13.417379,3079.2 -71.849531,-13.417390,3079.6 -71.849477,-13.417351,3080.6 -71.849406,-13.417382,3081.4 -71.849304,-13.417318,3083 -71.849304,-13.417277,3084.8 -71.849317,-13.417269,3085.8 -71.849498,-13.417211,3097.2 -71.849517,-13.417194,3099.2 -71.849560,-13.417222,3117.4 -71.849590,-13.417219,3127.2 -71.849479,-13.417154,3125.4 -71.849432,-13.417098,3124.4 -71.849377,-13.417071,3123.8 -71.849322,-13.417008,3123.2 -71.849263,-13.416973,3123.2 -71.849194,-13.416980,3123 -71.849172,-13.416945,3123.6 -71.849140,-13.416979,3123.8 -71.849120,-13.416978,3123.8 -71.849114,-13.416919,3124.6 -71.849134,-13.416886,3124.8 -71.849129,-13.416861,3125.2 -71.849087,-13.416889,3125.6 -71.849057,-13.416878,3125.8 -71.849069,-13.416835,3126 -71.849100,-13.416803,3126.6 -71.849092,-13.416746,3127.2 -71.849124,-13.416646,3129 -71.849113,-13.416630,3129.2 -71.849063,-13.416647,3129.6 -71.849058,-13.416617,3130.4 -71.849076,-13.416567,3132.2 -71.849046,-13.416504,3133.2 -71.849064,-13.416480,3133.6 -71.849116,-13.416483,3134.8 -71.849154,-13.416510,3136 -71.849167,-13.416505,3136.6 -71.849149,-13.416412,3137.6 -71.848989,-13.416354,3140.8 -71.848916,-13.416377,3142.4 -71.848799,-13.416493,3146 -71.848731,-13.416590,3148.8 -71.848610,-13.416687,3153.2 -71.848582,-13.416681,3154.2 -71.848590,-13.416578,3159.2 -71.848562,-13.416505,3161 -71.848557,-13.416421,3164.6 -71.848598,-13.416275,3171.2 -71.848712,-13.416102,3178.2 -71.848685,-13.415939,3183.2 -71.848700,-13.415886,3184.4 -71.848603,-13.415869,3186.2 -71.848556,-13.415908,3187 -71.848548,-13.415935,3187.6 -71.848524,-13.415939,3188.2 -71.848497,-13.415922,3189.6 -71.848481,-13.415855,3194.6 -71.848453,-13.415841,3196.8 -71.848432,-13.415786,3202 -71.848299,-13.415754,3209 -71.848283,-13.415776,3210.2 -71.848266,-13.415772,3211 -71.848266,-13.415669,3216.6 -71.848283,-13.415632,3218 -71.848274,-13.415547,3221.8 -71.848247,-13.415504,3224 -71.848239,-13.415447,3226 -71.848190,-13.415349,3229.8 -71.848145,-13.415205,3234 -71.848109,-13.415177,3235.4 -71.848088,-13.415134,3236.6 -71.848049,-13.414949,3240.6 -71.848040,-13.414783,3244.6 -71.848004,-13.414686,3246.8 -71.848002,-13.414636,3248.6 -71.847932,-13.414484,3252.2 -71.847922,-13.414294,3255 -71.847867,-13.414119,3259 -71.847867,-13.414068,3260.2 -71.847829,-13.413915,3263 -71.847826,-13.413856,3265.2 -71.847841,-13.413850,3265.4 -71.847822,-13.413799,3265.8 -71.847840,-13.413737,3266.4 -71.847805,-13.413628,3266.8 -71.847803,-13.413518,3268.2 -71.847795,-13.413529,3268.4 -71.847781,-13.413491,3268.4 -71.847787,-13.413342,3269.2 -71.847771,-13.413278,3270.2 -71.847747,-13.413244,3271 -71.847775,-13.413079,3275 -71.847742,-13.412992,3277.2 -71.847695,-13.412924,3278.8 -71.847657,-13.412943,3279.4 -71.847560,-13.412884,3281.6 -71.847550,-13.412823,3283.6 -71.847494,-13.412718,3288.4 -71.847466,-13.412702,3289.4 -71.847487,-13.412709,3289.8 -71.847492,-13.412689,3290.2 -71.847486,-13.412710,3290.4 -71.847456,-13.412723,3291 -71.847480,-13.412723,3291 -71.847471,-13.412689,3291.6 -71.847486,-13.412674,3295.8 -71.847476,-13.412703,3301.8 -71.847492,-13.412714,3303 -71.847485,-13.412698,3303 -71.847468,-13.412720,3301.8 -71.847449,-13.412712,3300.4 -71.847447,-13.412744,3301 -71.847451,-13.412767,3300.6 -71.847477,-13.412782,3300.8 -71.847471,-13.412709,3299.6 -71.847482,-13.412722,3300.4 -71.847473,-13.412710,3302.2 -71.847494,-13.412701,3302 -71.847477,-13.412702,3302 -71.847480,-13.412680,3302.6 -71.847494,-13.412681,3300.6 -71.847493,-13.412634,3300.6 -71.847517,-13.412584,3300.6 -71.847526,-13.412469,3301.4 -71.847572,-13.412419,3302.4 -71.847576,-13.412391,3302.6 -71.847548,-13.412357,3303 -71.847514,-13.412235,3304.8 -71.847524,-13.412147,3306 -71.847511,-13.412084,3307.6 -71.847444,-13.412032,3310 -71.847443,-13.411944,3311 -71.847506,-13.411916,3312.6 -71.847611,-13.411925,3314.8 -71.847744,-13.411878,3318.4 -71.847784,-13.411848,3320 -71.847722,-13.411812,3321.6 -71.847775,-13.411790,3323.2 -71.847826,-13.411792,3324.2 -71.847838,-13.411764,3325.2 -71.847672,-13.411627,3329.4 -71.847592,-13.411600,3330.8 -71.847442,-13.411484,3332.6 -71.847400,-13.411474,3333 -71.847389,-13.411487,3333.2 -71.847452,-13.411463,3335.4 -71.847692,-13.411437,3346 -71.847908,-13.411371,3353.6 -71.847763,-13.411249,3357.6 -71.847599,-13.411171,3367.8 -71.847506,-13.411089,3378.6 -71.847382,-13.411066,3378.6 -71.847313,-13.411034,3379.2 -71.847229,-13.410970,3380.4 -71.847392,-13.410941,3389.6 -71.847429,-13.410971,3392.2 -71.847506,-13.410985,3394.2 -71.847672,-13.410922,3400 -71.847720,-13.410934,3402 -71.847718,-13.410909,3403 -71.847696,-13.410892,3403.8 -71.847711,-13.410882,3406.2 -71.847761,-13.410897,3407.8 -71.847802,-13.410943,3409.6 -71.847913,-13.411006,3413.4 -71.847919,-13.410920,3414.4 -71.847994,-13.410988,3417.2 -71.848036,-13.410968,3423.2 -71.848044,-13.410983,3430.6 -71.848027,-13.410960,3430.8 -71.848041,-13.410940,3431.4 -71.848033,-13.410895,3432.6 -71.848009,-13.410875,3432.6 -71.848036,-13.410801,3433.2 -71.847997,-13.410783,3434 -71.848017,-13.410762,3434.4 -71.848062,-13.410749,3435.2 -71.848070,-13.410687,3436 -71.848097,-13.410662,3436.4 -71.848103,-13.410616,3436.8 -71.848062,-13.410619,3437 -71.848023,-13.410647,3438.2 -71.848003,-13.410626,3439.2 -71.848000,-13.410532,3443 -71.847936,-13.410557,3445 -71.847896,-13.410551,3446.2 -71.847881,-13.410521,3448 -71.847895,-13.410486,3449.4 -71.847888,-13.410468,3450.2 -71.847866,-13.410439,3452 -71.847806,-13.410423,3453.6 -71.847790,-13.410400,3454.8 -71.847822,-13.410351,3456.6 -71.847764,-13.410345,3458 -71.847761,-13.410318,3458.8 -71.847718,-13.410310,3459.8 -71.847677,-13.410281,3461.2 -71.847674,-13.410251,3462.2 -71.847642,-13.410228,3463.4 -71.847647,-13.410176,3464.6 -71.847602,-13.410126,3466.4 -71.847616,-13.410080,3467.8 -71.847578,-13.410056,3468.8 -71.847589,-13.409964,3471.8 -71.847501,-13.409926,3473.2 -71.847503,-13.409891,3474.2 -71.847463,-13.409845,3476.4 -71.847334,-13.409758,3480 -71.847227,-13.409733,3482 -71.847075,-13.409662,3487 -71.847084,-13.409643,3487.8 -71.847231,-13.409554,3491.2 -71.847253,-13.409513,3492.2 -71.847245,-13.409494,3492.8 -71.847280,-13.409444,3494.2 -71.847263,-13.409406,3495.4 -71.847294,-13.409375,3496.6 -71.847343,-13.409354,3498 -71.847338,-13.409288,3499.6 -71.847362,-13.409298,3500.6 -71.847365,-13.409271,3501 -71.847329,-13.409223,3502.4 -71.847330,-13.409177,3503.8 -71.847341,-13.409173,3504.2 -71.847320,-13.409084,3506 -71.847293,-13.409059,3507.8 -71.847302,-13.409057,3508 -71.847291,-13.408994,3509.2 -71.847252,-13.408926,3510.6 -71.847229,-13.408636,3519 -71.847218,-13.408638,3519.2 -71.847217,-13.408682,3519.4 -71.847190,-13.408721,3519.8 -71.847208,-13.408704,3520.8 -71.847217,-13.408636,3521.2 -71.847252,-13.408591,3522.6 -71.847250,-13.408558,3523.2 -71.847284,-13.408542,3524.6 -71.847291,-13.408511,3525.6 -71.847258,-13.408452,3527.4 -71.847279,-13.408439,3528.4 -71.847265,-13.408400,3529.2 -71.847281,-13.408369,3530.2 -71.847237,-13.408326,3531.4 -71.847349,-13.408305,3534.4 -71.847489,-13.408202,3540 -71.847496,-13.408152,3541.6 -71.847482,-13.408087,3542 -71.847495,-13.408041,3542.4 -71.847494,-13.407928,3543.8 -71.847570,-13.407723,3546 -71.847609,-13.407671,3546.6 -71.847585,-13.407629,3547.2 -71.847696,-13.407342,3550.4 -71.847692,-13.407165,3554.2 -71.847682,-13.407155,3554.4 -71.847652,-13.407162,3554.8 -71.847634,-13.407129,3555.8 -71.847583,-13.407097,3557.4 -71.847544,-13.407038,3559.4 -71.847544,-13.406957,3561 -71.847513,-13.406915,3561.6 -71.847558,-13.406770,3563.2 -71.847539,-13.406721,3563.8 -71.847568,-13.406642,3564.8 -71.847593,-13.406153,3570.6 -71.847623,-13.406091,3571 -71.847667,-13.405836,3572.8 -71.847695,-13.405817,3575 -71.847672,-13.405795,3575.2 -71.847652,-13.405800,3575 -71.847634,-13.405766,3575 -71.847600,-13.405642,3575 -71.847554,-13.405561,3574.8 -71.847530,-13.405429,3574.6 -71.847559,-13.405369,3575.4 -71.847532,-13.405280,3578 -71.847557,-13.405238,3579.4 -71.847538,-13.405155,3582.8 -71.847568,-13.404998,3585 -71.847566,-13.404857,3588.4 -71.847579,-13.404828,3588.8 -71.847505,-13.404692,3592.4 -71.847507,-13.404627,3594.4 -71.847539,-13.404631,3595.2 -71.847544,-13.404616,3595.4 -71.847532,-13.404542,3596.2 -71.847550,-13.404522,3596.8 -71.847518,-13.404319,3603.2 -71.847586,-13.404299,3604.6 -71.847602,-13.404267,3605 -71.847794,-13.404109,3607 -71.847826,-13.404046,3608 -71.847918,-13.403980,3610.8 -71.847948,-13.403907,3612.4 -71.847922,-13.403744,3613.8 -71.847928,-13.403614,3614.6 -71.847981,-13.403566,3615.4 -71.848080,-13.403579,3615.4 -71.848084,-13.403536,3615.4 -71.848069,-13.403575,3616 -71.848111,-13.403597,3616.2 -71.848361,-13.403871,3620.2 -71.848401,-13.403871,3620.6 -71.848409,-13.403794,3621.4 -71.848464,-13.403852,3623.2 -71.848494,-13.403826,3624.2 -71.848519,-13.403843,3624.4 -71.848581,-13.403968,3625.6 -71.848673,-13.404107,3625 -71.848682,-13.404147,3624.6 -71.848669,-13.404177,3624.4 -71.848694,-13.404154,3624 -71.848684,-13.404050,3624.4 -71.848573,-13.403907,3625.4 -71.848539,-13.403803,3625.8 -71.848336,-13.403457,3626.2 -71.848255,-13.403247,3625.4 -71.848244,-13.403155,3624 -71.848257,-13.403124,3625 -71.848227,-13.402998,3631.2 -71.848253,-13.402936,3631.8 -71.848246,-13.402854,3632.2 -71.848282,-13.402818,3632.8 -71.848246,-13.402756,3633.4 -71.848256,-13.402751,3632.6 -71.848249,-13.402711,3633.2 -71.848227,-13.402666,3634.4 -71.848252,-13.402672,3636.4 -71.848223,-13.402610,3637.6 -71.848283,-13.402659,3640 -71.848316,-13.402663,3640.4 -71.848310,-13.402590,3641.4 -71.848286,-13.402566,3641.8 -71.848268,-13.402460,3643.2 -71.848288,-13.402346,3645.8 -71.848343,-13.402287,3648 -71.848356,-13.402286,3648 -71.848350,-13.402299,3647.8 -71.848376,-13.402275,3648.6 -71.848408,-13.402216,3651.6 -71.848456,-13.402190,3652.6 -71.848480,-13.402141,3653 -71.848505,-13.402182,3653.4 -71.848471,-13.402242,3653.8 -71.848486,-13.402287,3655.2 -71.848496,-13.402292,3655.4 -71.848540,-13.402244,3656.4 -71.848569,-13.402285,3658.8 -71.848583,-13.402205,3660 -71.848599,-13.402198,3660.4 -71.848610,-13.402268,3662.2 -71.848627,-13.402282,3663 -71.848628,-13.402254,3667.2 -71.848683,-13.402188,3669 -71.848688,-13.402160,3669.4 -71.848715,-13.402165,3669.6 -71.848738,-13.402113,3671 -71.848781,-13.402155,3672.4 -71.848830,-13.402097,3674.8 -71.848861,-13.402141,3676.6 -71.848886,-13.402082,3678.8 -71.848902,-13.402073,3679.2 -71.848928,-13.402103,3680.4 -71.848955,-13.402059,3682.4 -71.848968,-13.402083,3684 -71.848989,-13.402046,3685.4 -71.849004,-13.402055,3687.8 -71.849011,-13.402037,3690.6 -71.849039,-13.402027,3691 -71.849052,-13.401959,3691.4 -71.849032,-13.401915,3692.2 -71.849163,-13.401963,3694.8 -71.849220,-13.402013,3698.2 -71.849262,-13.401984,3698.6 -71.849279,-13.401934,3699 -71.849258,-13.401850,3699.2 -71.849236,-13.401829,3699.8 -71.849241,-13.401768,3701 -71.849220,-13.401701,3702.8 -71.849241,-13.401633,3704.6 -71.849285,-13.401566,3707.4 -71.849281,-13.401502,3709 -71.849296,-13.401465,3710.4 -71.849287,-13.401441,3711.2 -71.849327,-13.401422,3712.8 -71.849313,-13.401374,3715.6 -71.849336,-13.401368,3716.2 -71.849412,-13.401397,3717.4 -71.849437,-13.401373,3718.2 -71.849468,-13.401372,3719 -71.849547,-13.401271,3722.8 -71.849565,-13.401227,3723.6 -71.849652,-13.401188,3726.6 -71.849744,-13.401085,3728.6 -71.849736,-13.401004,3731 -71.849665,-13.400927,3731.6 -71.849663,-13.400903,3731.6 -71.849576,-13.400751,3730.8 -71.849574,-13.400687,3730.6 -71.849665,-13.400941,3732.2 -71.849745,-13.401025,3733.2 -71.849845,-13.400976,3737 -71.849830,-13.400943,3736.4 -71.849781,-13.400917,3735.8 -71.849744,-13.400872,3736.4 -71.849762,-13.400778,3738 -71.849817,-13.400713,3739.2 -71.849861,-13.400724,3739.8 -71.849884,-13.400681,3740.6 -71.849957,-13.400699,3743.8 -71.849981,-13.400685,3744.4 -71.850069,-13.400570,3750.8 -71.850077,-13.400531,3752.2 -71.850129,-13.400584,3754.4 -71.850191,-13.400614,3756.6 -71.850211,-13.400598,3757 -71.850213,-13.400562,3757.2 -71.850241,-13.400564,3757.6 -71.850267,-13.400520,3758.2 -71.850348,-13.400508,3759.4 -71.850408,-13.400525,3760 -71.850400,-13.400513,3760.2 -71.850305,-13.400518,3760.2 -71.850267,-13.400501,3759.8 -71.850255,-13.400595,3759.6 -71.850314,-13.400676,3758.4 -71.850346,-13.400846,3756.6 -71.850395,-13.400863,3756.6 -71.850448,-13.400958,3757.2 -71.850505,-13.401007,3758.4 -71.850487,-13.401050,3759.6 -71.850520,-13.401144,3763 -71.850529,-13.401257,3764.6 -71.850551,-13.401325,3765.8 -71.850603,-13.401156,3767.4 -71.850632,-13.401172,3767.6 -71.850639,-13.401194,3768.4 -71.850666,-13.401162,3769.2 -71.850660,-13.401169,3769.6 -71.850720,-13.401206,3771.8 -71.850782,-13.401201,3773.6 -71.850815,-13.401175,3774.2 -71.850835,-13.401174,3774.8 -71.850850,-13.401193,3775.2 -71.850884,-13.401148,3776.4 -71.850920,-13.401182,3778 -71.850987,-13.401104,3779.4 -71.851035,-13.401082,3780.4 -71.851039,-13.401150,3782.4 -71.851059,-13.401165,3782.6 -71.851081,-13.401161,3782.8 -71.851093,-13.401192,3786 -71.851130,-13.401207,3787.6 -71.851142,-13.401230,3788.4 -71.851166,-13.401235,3788.8 -71.851190,-13.401209,3789.2 -71.851213,-13.401236,3789.6 -71.851234,-13.401193,3790 -71.851338,-13.401123,3792.8 -71.851471,-13.400971,3794.8 -71.851507,-13.400907,3796.4 -71.851544,-13.400870,3798.2 -71.851541,-13.400879,3798.8 -71.851551,-13.400843,3799.2 -71.851556,-13.400897,3800.2 -71.851583,-13.400922,3801.2 -71.851594,-13.400959,3802.4 -71.851630,-13.400918,3804.2 -71.851672,-13.400942,3806 -71.851697,-13.400881,3808 -71.851752,-13.400888,3812.4 -71.851749,-13.400902,3814 -71.851772,-13.400896,3814.2 -71.851750,-13.400830,3814.4 -71.851776,-13.400815,3814.2 -71.851787,-13.400757,3814.6 -71.851875,-13.400691,3817 -71.851898,-13.400583,3819.2 -71.851912,-13.400580,3820 -71.851903,-13.400589,3820.6 -71.851890,-13.400553,3820.6 -71.851854,-13.400276,3823.6 -71.851824,-13.400246,3826.2 -71.851807,-13.400168,3827.4 -71.851830,-13.400013,3830.6 -71.851815,-13.399696,3835.2 -71.851831,-13.399559,3838.4 -71.851820,-13.399502,3839.8 -71.851849,-13.399425,3841.6 -71.851844,-13.399319,3843.2 -71.851855,-13.399269,3844.2 -71.851879,-13.399235,3844.8 -71.851879,-13.399179,3845.6 -71.851905,-13.399180,3845.2 -71.851931,-13.399069,3846.2 -71.851966,-13.398993,3847 -71.852005,-13.398716,3848.4 -71.851982,-13.398619,3849.4 -71.851996,-13.398587,3849.6 -71.851978,-13.398522,3850.2 -71.851986,-13.398480,3850.2 -71.851958,-13.398389,3850.8 -71.851897,-13.398279,3851.6 -71.851864,-13.398146,3852.8 -71.851808,-13.398035,3853.6 -71.851773,-13.398000,3853.8 -71.851789,-13.397995,3854 -71.851785,-13.398004,3854 -71.851772,-13.397995,3854.4 -71.851712,-13.397925,3855 -71.851668,-13.397799,3857.2 -71.851608,-13.397698,3858.6 -71.851610,-13.397564,3860.8 -71.851662,-13.397412,3863.6 -71.851707,-13.397313,3865.4 -71.851735,-13.397309,3866.2 -71.851746,-13.397348,3866.6 -71.851722,-13.397379,3867 -71.851717,-13.397325,3873.4 -71.851753,-13.397279,3873.8 -71.851764,-13.397144,3874.4 -71.851735,-13.397115,3874.4 -71.851686,-13.397108,3874.4 -71.851645,-13.397060,3874.4 -71.851631,-13.396887,3876 -71.851564,-13.396644,3879.4 -71.851499,-13.396581,3880.4 -71.851511,-13.396547,3880.6 -71.851530,-13.396534,3880.8 -71.851542,-13.396542,3882 -71.851565,-13.396497,3883 -71.851616,-13.396494,3884.2 -71.851674,-13.396516,3886.2 -71.851662,-13.396444,3887.4 -71.851638,-13.396452,3889.8 -71.851637,-13.396439,3890.6 -71.851699,-13.396465,3892.8 -71.851712,-13.396435,3893.2 -71.851744,-13.396446,3894 -71.851758,-13.396361,3895 -71.851792,-13.396376,3896.4 -71.851809,-13.396346,3896.8 -71.851825,-13.396342,3898.2 -71.851856,-13.396363,3899 -71.851877,-13.396338,3899.6 -71.851902,-13.396357,3900.4 -71.851919,-13.396297,3901.6 -71.851949,-13.396323,3902.6 -71.851993,-13.396306,3905 -71.852061,-13.396448,3909.6 -71.852102,-13.396442,3910 -71.852148,-13.396390,3911.6 -71.852232,-13.396369,3911.8 -71.852270,-13.396306,3912.8 -71.852306,-13.396287,3913.4 -71.852331,-13.396238,3914.8 -71.852375,-13.396214,3917 -71.852440,-13.396139,3921 -71.852458,-13.396035,3924 -71.852504,-13.396022,3925.4 -71.852487,-13.395884,3928.2 -71.852509,-13.395931,3929.2 -71.852596,-13.395999,3931.6 -71.852734,-13.396043,3935.8 -71.852861,-13.396141,3939.8 -71.852904,-13.396153,3940.6 -71.852941,-13.396183,3941.8 -71.852968,-13.396179,3943 -71.852992,-13.396116,3945 -71.853040,-13.396185,3945.6 -71.853085,-13.396204,3946.6 -71.853118,-13.396238,3947.6 -71.853181,-13.396328,3949.6 -71.853199,-13.396520,3953 -71.853246,-13.396660,3955.2 -71.853256,-13.396773,3956 -71.853286,-13.396817,3956.8 -71.853312,-13.396825,3957.2 -71.853363,-13.396879,3959 -71.853390,-13.396869,3960 -71.853410,-13.396817,3959.4 -71.853443,-13.396817,3960.2 -71.853479,-13.396772,3962 -71.853506,-13.396767,3963 -71.853530,-13.396704,3965 -71.853572,-13.396711,3966.8 -71.853581,-13.396701,3967 -71.853604,-13.396713,3967.8 -71.853641,-13.396667,3972.2 -71.853664,-13.396685,3972.8 -71.853718,-13.396622,3974.4 -71.853783,-13.396584,3975.8 -71.853855,-13.396494,3978.4 -71.853899,-13.396476,3980 -71.853937,-13.396418,3981.6 -71.853958,-13.396430,3982.2 -71.854030,-13.396408,3985 -71.854062,-13.396418,3985.4 -71.854131,-13.396407,3987 -71.854314,-13.396472,3988.2 -71.854361,-13.396470,3988.4 -71.854412,-13.396486,3988.6 -71.854415,-13.396498,3988.8 -71.854506,-13.396511,3990.8 -71.854517,-13.396506,3991.4 -71.854515,-13.396465,3994 -71.854564,-13.396466,3996.4 -71.854545,-13.396391,3999.8 -71.854697,-13.396389,4011 -71.854760,-13.396424,4013.6 -71.854779,-13.396378,4014.8 -71.854838,-13.396402,4016.4 -71.854864,-13.396337,4017.8 -71.854893,-13.396309,4018.2 -71.854907,-13.396325,4018.6 -71.854914,-13.396313,4019.2 -71.854941,-13.396319,4020.2 -71.854979,-13.396278,4022.6 -71.855041,-13.396301,4024.8 -71.855077,-13.396250,4025.6 -71.855094,-13.396253,4025.6 -71.855094,-13.396197,4026.8 -71.855082,-13.396195,4029.2 -71.855180,-13.396194,4030.4 -71.855299,-13.396257,4032 -71.855459,-13.396435,4034.6 -71.855627,-13.396541,4038 -71.855935,-13.396835,4042.8 -71.856063,-13.396920,4044 -71.856276,-13.397022,4046 -71.856356,-13.397096,4047 -71.856617,-13.397237,4047 -71.856648,-13.397297,4047.8 -71.856685,-13.397287,4048.6 -71.856689,-13.397239,4049 -71.856703,-13.397224,4049.2 -71.856810,-13.397242,4050.4 -71.856870,-13.397235,4051.6 -71.856914,-13.397256,4052.4 -71.857036,-13.397226,4056.2 -71.857076,-13.397248,4058 -71.857124,-13.397201,4061.4 -71.857157,-13.397249,4065.8 -71.857265,-13.397251,4069.4 -71.857292,-13.397285,4070 -71.857304,-13.397344,4071.6 -71.857340,-13.397359,4073 -71.857359,-13.397395,4074.8 -71.857538,-13.397429,4075.6 -71.857662,-13.397503,4075.4 -71.857898,-13.397614,4076.2 -71.857940,-13.397627,4076.8 -71.858064,-13.397627,4079.8 -71.858126,-13.397664,4080.4 -71.858190,-13.397725,4080 -71.858238,-13.397798,4079.4 -71.858204,-13.397905,4079.2 -71.858170,-13.397956,4080.2 -71.858176,-13.398037,4081.6 -71.858088,-13.398110,4082 -71.858054,-13.398217,4084.4 -71.858083,-13.398426,4086 -71.858108,-13.398492,4086.6 -71.858129,-13.398511,4086.6 -71.858137,-13.398579,4086.2 -71.858154,-13.398607,4086.4 -71.858120,-13.398718,4088.4 -71.858161,-13.398824,4090.4 -71.858096,-13.399166,4095 -71.858073,-13.399224,4096 -71.858090,-13.399247,4096.6 -71.858080,-13.399279,4096.8 -71.858099,-13.399291,4097 -71.858069,-13.399374,4098.2 -71.858074,-13.399355,4098.2 -71.858101,-13.399356,4098.2 -71.858157,-13.399438,4098.6 -71.858184,-13.399421,4099.2 -71.858218,-13.399425,4099.6 -71.858232,-13.399463,4100.6 -71.858261,-13.399469,4101.4 -71.858287,-13.399457,4102.2 -71.858312,-13.399477,4102.8 -71.858371,-13.399586,4104.8 -71.858368,-13.399676,4105 -71.858388,-13.399616,4106.2 -71.858416,-13.399619,4107.2 -71.858470,-13.399570,4108.6 -71.858489,-13.399583,4110 -71.858529,-13.399568,4112.2 -71.858546,-13.399580,4113 -71.858573,-13.399556,4114.2 -71.858615,-13.399576,4116.4 -71.858617,-13.399593,4116.8 -71.858633,-13.399595,4117.6 -71.858628,-13.399633,4118.6 -71.858649,-13.399659,4120.6 -71.858653,-13.399706,4123.6 -71.858689,-13.399788,4126.2 -71.858855,-13.399943,4135.4 -71.858919,-13.400151,4141.2 -71.858994,-13.400217,4144.6 -71.859026,-13.400212,4147 -71.859100,-13.400322,4150 -71.859166,-13.400351,4151.4 -71.859230,-13.400498,4157.2 -71.859264,-13.400501,4158.8 -71.859273,-13.400515,4159.6 -71.859300,-13.400506,4160.2 -71.859334,-13.400532,4161.4 -71.859365,-13.400585,4163.6 -71.859342,-13.400434,4163 -71.859365,-13.400382,4163.6 -71.859340,-13.400426,4163.2 -71.859353,-13.400472,4163.4 -71.859359,-13.400655,4167.8 -71.859342,-13.400670,4168.6 -71.859338,-13.400768,4171.4 -71.859375,-13.400831,4172.2 -71.859397,-13.400956,4173.8 -71.859385,-13.401055,4174.6 -71.859334,-13.401171,4176.8 -71.859416,-13.401183,4176.4 -71.859462,-13.401212,4175.2 -71.859469,-13.401252,4174.2 -71.859523,-13.401305,4171 -71.859539,-13.401379,4169.8 -71.859590,-13.401478,4168.8 -71.859707,-13.401540,4167.6 -71.859739,-13.401601,4168.6 -71.859737,-13.401626,4169 -71.859759,-13.401577,4169.8 -71.859791,-13.401590,4170.8 -71.859800,-13.401566,4171.4 -71.859911,-13.401478,4171.2 -71.859994,-13.401445,4170 -71.860058,-13.401306,4167 -71.860103,-13.401251,4167 -71.860188,-13.401213,4167.8 -71.860264,-13.401229,4168.2 -71.860263,-13.401273,4168.2 -71.860257,-13.401246,4165.6 -71.860269,-13.401248,4165.6</coordinates>
</LineString>
</Placemark>
<Placemark>
<name>Jose Collas (-47)-0</name>
<description>
&lt;table&gt;
&lt;tr&gt;&lt;td&gt;Longitude: -71.850632&lt;/td&gt;&lt;/tr&gt;
&lt;tr&gt;&lt;td&gt;Latitude: -13.421085&lt;/td&gt;&lt;/tr&gt;
&lt;tr&gt;&lt;td&gt;Altitude: 2991.2 m&lt;/td&gt;&lt;/tr&gt;
&lt;tr&gt;&lt;td&gt;Time: 2026-04-27T11:38:28Z&lt;/td&gt;&lt;/tr&gt;
&lt;/table&gt;
</description>
<Point>
<coordinates>-71.850632,-13.421085,2991.2</coordinates>
</Point>
</Placemark>
<Placemark>
<name>Jose Collas (-47)-1</name>
<description>
&lt;table&gt;
&lt;tr&gt;&lt;td&gt;Longitude: -71.850643&lt;/td&gt;&lt;/tr&gt;
&lt;tr&gt;&lt;td&gt;Latitude: -13.421068&lt;/td&gt;&lt;/tr&gt;
&lt;tr&gt;&lt;td&gt;Altitude: 2989.2 m&lt;/td&gt;&lt;/tr&gt;
&lt;tr&gt;&lt;td&gt;Time: 2026-04-27T11:40:01Z&lt;/td&gt;&lt;/tr&gt;
&lt;/table&gt;
</description>
<Point>
<coordinates>-71.850643,-13.421068,2989.2</coordinates>
</Point>
</Placemark>
<Placemark>
<name>Jose Collas (-47)-2</name>
<description>
&lt;table&gt;
&lt;tr&gt;&lt;td&gt;Longitude: -71.850654&lt;/td&gt;&lt;/tr&gt;
&lt;tr&gt;&lt;td&gt;Latitude: -13.421084&lt;/td&gt;&lt;/tr&gt;
&lt;tr&gt;&lt;td&gt;Altitude: 2989.4 m&lt;/td&gt;&lt;/tr&gt;
&lt;tr&gt;&lt;td&gt;Time: 2026-04-27T11:40:27Z&lt;/td&gt;&lt;/tr&gt;
&lt;/table&gt;
</description>
<Point>
<coordinates>-71.850654,-13.421084,2989.4</coordinates>
</Point>
</Placemark>
<Placemark>
<name>Jose Collas (-47)-3</name>
<description>
&lt;table&gt;
&lt;tr&gt;&lt;td&gt;Longitude: -71.850632&lt;/td&gt;&lt;/tr&gt;
&lt;tr&gt;&lt;td&gt;Latitude: -13.421085&lt;/td&gt;&lt;/tr&gt;
&lt;tr&gt;&lt;td&gt;Altitude: 2988 m&lt;/td&gt;&lt;/tr&gt;
&lt;tr&gt;&lt;td&gt;Time: 2026-04-27T11:40:56Z&lt;/td&gt;&lt;/tr&gt;
&lt;/table&gt;
</description>
<Point>
<coordinates>-71.850632,-13.421085,2988</coordinates>
</Point>
</Placemark>
<Placemark>
<name>Jose Collas (-47)-4</name>
<description>
&lt;table&gt;
&lt;tr&gt;&lt;td&gt;Longitude: -71.850623&lt;/td&gt;&lt;/tr&gt;
&lt;tr&gt;&lt;td&gt;Latitude: -13.421057&lt;/td&gt;&lt;/tr&gt;
&lt;tr&gt;&lt;td&gt;Altitude: 2987.4 m&lt;/td&gt;&lt;/tr&gt;
&lt;tr&gt;&lt;td&gt;Time: 2026-04-27T11:41:00Z&lt;/td&gt;&lt;/tr&gt;
&lt;/table&gt;
</description>
<Point>
<coordinates>-71.850623,-13.421057,2987.4</coordinates>
</Point>
</Placemark>
<Placemark>
<name>Jose Collas (-47)-5</name>
<description>
&lt;table&gt;
&lt;tr&gt;&lt;td&gt;Longitude: -71.850678&lt;/td&gt;&lt;/tr&gt;
&lt;tr&gt;&lt;td&gt;Latitude: -13.420884&lt;/td&gt;&lt;/tr&gt;
&lt;tr&gt;&lt;td&gt;Altitude: 2989.2 m&lt;/td&gt;&lt;/tr&gt;
&lt;tr&gt;&lt;td&gt;Time: 2026-04-27T11:41:12Z&lt;/td&gt;&lt;/tr&gt;
&lt;/table&gt;
</description>
<Point>
<coordinates>-71.850678,-13.420884,2989.2</coordinates>
</Point>
</Placemark>
<Placemark>
<name>Jose Collas (-47)-6</name>
<description>
&lt;table&gt;
&lt;tr&gt;&lt;td&gt;Longitude: -71.850672&lt;/td&gt;&lt;/tr&gt;
&lt;tr&gt;&lt;td&gt;Latitude: -13.420804&lt;/td&gt;&lt;/tr&gt;
&lt;tr&gt;&lt;td&gt;Altitude: 2990 m&lt;/td&gt;&lt;/tr&gt;
&lt;tr&gt;&lt;td&gt;Time: 2026-04-27T11:41:19Z&lt;/td&gt;&lt;/tr&gt;
&lt;/table&gt;
</description>
<Point>
<coordinates>-71.850672,-13.420804,2990</coordinates>
</Point>
</Placemark>
<Placemark>
<name>Jose Collas (-47)-7</name>
<description>
&lt;table&gt;
&lt;tr&gt;&lt;td&gt;Longitude: -71.850715&lt;/td&gt;&lt;/tr&gt;
&lt;tr&gt;&lt;td&gt;Latitude: -13.420735&lt;/td&gt;&lt;/tr&gt;
&lt;tr&gt;&lt;td&gt;Altitude: 2990.6 m&lt;/td&gt;&lt;/tr&gt;
&lt;tr&gt;&lt;td&gt;Time: 2026-04-27T11:41:25Z&lt;/td&gt;&lt;/tr&gt;
&lt;/table&gt;
</description>
<Point>
<coordinates>-71.850715,-13.420735,2990.6</coordinates>
</Point>
</Placemark>
<Placemark>
<name>Jose Collas (-47)-8</name>
<description>
&lt;table&gt;
&lt;tr&gt;&lt;td&gt;Longitude: -71.850777&lt;/td&gt;&lt;/tr&gt;
&lt;tr&gt;&lt;td&gt;Latitude: -13.420709&lt;/td&gt;&lt;/tr&gt;
&lt;tr&gt;&lt;td&gt;Altitude: 2989.8 m&lt;/td&gt;&lt;/tr&gt;
&lt;tr&gt;&lt;td&gt;Time: 2026-04-27T11:41:31Z&lt;/td&gt;&lt;/tr&gt;
&lt;/table&gt;
</description>
<Point>
<coordinates>-71.850777,-13.420709,2989.8</coordinates>
</Point>
</Placemark>
<Placemark>
<name>Jose Collas (-47)-9</name>
<description>
&lt;table&gt;
&lt;tr&gt;&lt;td&gt;Longitude: -71.850895&lt;/td&gt;&lt;/tr&gt;
&lt;tr&gt;&lt;td&gt;Latitude: -13.420691&lt;/td&gt;&lt;/tr&gt;
&lt;tr&gt;&lt;td&gt;Altitude: 2988.8 m&lt;/td&gt;&lt;/tr&gt;
&lt;tr&gt;&lt;td&gt;Time: 2026-04-27T11:41:39Z&lt;/td&gt;&lt;/tr&gt;
&lt;/table&gt;
</description>
<Point>
<coordinates>-71.850895,-13.420691,2988.8</coordinates>
</Point>
</Placemark>
<Placemark>
<name>Jose Collas (-47)-10</name>
<description>
&lt;table&gt;
&lt;tr&gt;&lt;td&gt;Longitude: -71.851040&lt;/td&gt;&lt;/tr&gt;
&lt;tr&gt;&lt;td&gt;Latitude: -13.420616&lt;/td&gt;&lt;/tr&gt;
&lt;tr&gt;&lt;td&gt;Altitude: 2988 m&lt;/td&gt;&lt;/tr&gt;
&lt;tr&gt;&lt;td&gt;Time: 2026-04-27T11:41:49Z&lt;/td&gt;&lt;/tr&gt;
&lt;/table&gt;
</description>
<Point>
<coordinates>-71.851040,-13.420616,2988</coordinates>
</Point>
</Placemark>
<Placemark>
<name>Jose Collas (-47)-11</name>
<description>
&lt;table&gt;
&lt;tr&gt;&lt;td&gt;Longitude: -71.851143&lt;/td&gt;&lt;/tr&gt;
&lt;tr&gt;&lt;td&gt;Latitude: -13.420591&lt;/td&gt;&lt;/tr&gt;
&lt;tr&gt;&lt;td&gt;Altitude: 2987.2 m&lt;/td&gt;&lt;/tr&gt;
&lt;tr&gt;&lt;td&gt;Time: 2026-04-27T11:41:57Z&lt;/td&gt;&lt;/tr&gt;
&lt;/table&gt;
</description>
<Point>
<coordinates>-71.851143,-13.420591,2987.2</coordinates>
</Point>
</Placemark>
<Placemark>
<name>Jose Collas (-47)-12</name>
<description>
&lt;table&gt;
&lt;tr&gt;&lt;td&gt;Longitude: -71.851221&lt;/td&gt;&lt;/tr&gt;
&lt;tr&gt;&lt;td&gt;Latitude: -13.420547&lt;/td&gt;&lt;/tr&gt;
&lt;tr&gt;&lt;td&gt;Altitude: 2986.8 m&lt;/td&gt;&lt;/tr&gt;
&lt;tr&gt;&lt;td&gt;Time: 2026-04-27T11:42:05Z&lt;/td&gt;&lt;/tr&gt;
&lt;/table&gt;
</description>
<Point>
<coordinates>-71.851221,-13.420547,2986.8</coordinates>
</Point>
</Placemark>
<Placemark>
<name>Jose Collas (-47)-13</name>
<description>
&lt;table&gt;
&lt;tr&gt;&lt;td&gt;Longitude: -71.851299&lt;/td&gt;&lt;/tr&gt;
&lt;tr&gt;&lt;td&gt;Latitude: -13.420532&lt;/td&gt;&lt;/tr&gt;
&lt;tr&gt;&lt;td&gt;Altitude: 2986.2 m&lt;/td&gt;&lt;/tr&gt;
&lt;tr&gt;&lt;td&gt;Time: 2026-04-27T11:42:10Z&lt;/td&gt;&lt;/tr&gt;
&lt;/table&gt;
</description>
<Point>
<coordinates>-71.851299,-13.420532,2986.2</coordinates>
</Point>
</Placemark>
<Placemark>
<name>Jose Collas (-47)-14</name>
<description>
&lt;table&gt;
&lt;tr&gt;&lt;td&gt;Longitude: -71.851333&lt;/td&gt;&lt;/tr&gt;
&lt;tr&gt;&lt;td&gt;Latitude: -13.420511&lt;/td&gt;&lt;/tr&gt;
&lt;tr&gt;&lt;td&gt;Altitude: 2986 m&lt;/td&gt;&lt;/tr&gt;
&lt;tr&gt;&lt;td&gt;Time: 2026-04-27T11:42:12Z&lt;/td&gt;&lt;/tr&gt;
&lt;/table&gt;
</description>
<Point>
<coordinates>-71.851333,-13.420511,2986</coordinates>
</Point>
</Placemark>
<Placemark>
<name>Jose Collas (-47)-15</name>
<description>
&lt;table&gt;
&lt;tr&gt;&lt;td&gt;Longitude: -71.851333&lt;/td&gt;&lt;/tr&gt;
&lt;tr&gt;&lt;td&gt;Latitude: -13.420461&lt;/td&gt;&lt;/tr&gt;
&lt;tr&gt;&lt;td&gt;Altitude: 2985.8 m&lt;/td&gt;&lt;/tr&gt;
&lt;tr&gt;&lt;td&gt;Time: 2026-04-27T11:42:15Z&lt;/td&gt;&lt;/tr&gt;
&lt;/table&gt;
</description>
<Point>
<coordinates>-71.851333,-13.420461,2985.8</coordinates>
</Point>
</Placemark>
<Placemark>
<name>Jose Collas (-47)-16</name>
<description>
&lt;table&gt;
&lt;tr&gt;&lt;td&gt;Longitude: -71.851279&lt;/td&gt;&lt;/tr&gt;
&lt;tr&gt;&lt;td&gt;Latitude: -13.420286&lt;/td&gt;&lt;/tr&gt;
&lt;tr&gt;&lt;td&gt;Altitude: 2984 m&lt;/td&gt;&lt;/tr&gt;
&lt;tr&gt;&lt;td&gt;Time: 2026-04-27T11:42:25Z&lt;/td&gt;&lt;/tr&gt;
&lt;/table&gt;
</description>
<Point>
<coordinates>-71.851279,-13.420286,2984</coordinates>
</Point>
</Placemark>
<Placemark>
<name>Jose Collas (-47)-17</name>
<description>
&lt;table&gt;
&lt;tr&gt;&lt;td&gt;Longitude: -71.851239&lt;/td&gt;&lt;/tr&gt;
&lt;tr&gt;&lt;td&gt;Latitude: -13.420222&lt;/td&gt;&lt;/tr&gt;
&lt;tr&gt;&lt;td&gt;Altitude: 2983.2 m&lt;/td&gt;&lt;/tr&gt;
&lt;tr&gt;&lt;td&gt;Time: 2026-04-27T11:42:30Z&lt;/td&gt;&lt;/tr&gt;
&lt;/table&gt;
</description>
<Point>
<coordinates>-71.851239,-13.420222,2983.2</coordinates>
</Point>
</Placemark>
<Placemark>
<name>Jose Collas (-47)-18</name>
<description>
&lt;table&gt;
&lt;tr&gt;&lt;td&gt;Longitude: -71.851222&lt;/td&gt;&lt;/tr&gt;
&lt;tr&gt;&lt;td&gt;Latitude: -13.420144&lt;/td&gt;&lt;/tr&gt;
&lt;tr&gt;&lt;td&gt;Altitude: 2982.6 m&lt;/td&gt;&lt;/tr&gt;
&lt;tr&gt;&lt;td&gt;Time: 2026-04-27T11:42:34Z&lt;/td&gt;&lt;/tr&gt;
&lt;/table&gt;
</description>
<Point>
<coordinates>-71.851222,-13.420144,2982.6</coordinates>
</Point>
</Placemark>
<Placemark>
<name>Jose Collas (-47)-19</name>
<description>
&lt;table&gt;
&lt;tr&gt;&lt;td&gt;Longitude: -71.851107&lt;/td&gt;&lt;/tr&gt;
&lt;tr&gt;&lt;td&gt;Latitude: -13.419898&lt;/td&gt;&lt;/tr&gt;
&lt;tr&gt;&lt;td&gt;Altitude: 2983.4 m&lt;/td&gt;&lt;/tr&gt;
&lt;tr&gt;&lt;td&gt;Time: 2026-04-27T11:42:53Z&lt;/td&gt;&lt;/tr&gt;
&lt;/table&gt;
</description>
<Point>
<coordinates>-71.851107,-13.419898,2983.4</coordinates>
</Point>
</Placemark>
<Placemark>
<name>Jose Collas (-47)-20</name>
<description>
&lt;table&gt;
&lt;tr&gt;&lt;td&gt;Longitude: -71.851069&lt;/td&gt;&lt;/tr&gt;
&lt;tr&gt;&lt;td&gt;Latitude: -13.419746&lt;/td&gt;&lt;/tr&gt;
&lt;tr&gt;&lt;td&gt;Altitude: 2986.4 m&lt;/td&gt;&lt;/tr&gt;
&lt;tr&gt;&lt;td&gt;Time: 2026-04-27T11:43:05Z&lt;/td&gt;&lt;/tr&gt;
&lt;/table&gt;
</description>
<Point>
<coordinates>-71.851069,-13.419746,2986.4</coordinates>
</Point>
</Placemark>
<Placemark>
<name>Jose Collas (-47)-21</name>
<description>
&lt;table&gt;
&lt;tr&gt;&lt;td&gt;Longitude: -71.851007&lt;/td&gt;&lt;/tr&gt;
&lt;tr&gt;&lt;td&gt;Latitude: -13.419631&lt;/td&gt;&lt;/tr&gt;
&lt;tr&gt;&lt;td&gt;Altitude: 2987.6 m&lt;/td&gt;&lt;/tr&gt;
&lt;tr&gt;&lt;td&gt;Time: 2026-04-27T11:43:14Z&lt;/td&gt;&lt;/tr&gt;
&lt;/table&gt;
</description>
<Point>
<coordinates>-71.851007,-13.419631,2987.6</coordinates>
</Point>
</Placemark>
<Placemark>
<name>Jose Collas (-47)-22</name>
<description>
&lt;table&gt;
&lt;tr&gt;&lt;td&gt;Longitude: -71.850971&lt;/td&gt;&lt;/tr&gt;
&lt;tr&gt;&lt;td&gt;Latitude: -13.419516&lt;/td&gt;&lt;/tr&gt;
&lt;tr&gt;&lt;td&gt;Altitude: 2987.2 m&lt;/td&gt;&lt;/tr&gt;
&lt;tr&gt;&lt;td&gt;Time: 2026-04-27T11:43:26Z&lt;/td&gt;&lt;/tr&gt;
&lt;/table&gt;
</description>
<Point>
<coordinates>-71.850971,-13.419516,2987.2</coordinates>
</Point>
</Placemark>
<Placemark>
<name>Jose Collas (-47)-23</name>
<description>
&lt;table&gt;
&lt;tr&gt;&lt;td&gt;Longitude: -71.850933&lt;/td&gt;&lt;/tr&gt;
&lt;tr&gt;&lt;td&gt;Latitude: -13.419461&lt;/td&gt;&lt;/tr&gt;
&lt;tr&gt;&lt;td&gt;Altitude: 2987.6 m&lt;/td&gt;&lt;/tr&gt;
&lt;tr&gt;&lt;td&gt;Time: 2026-04-27T11:43:33Z&lt;/td&gt;&lt;/tr&gt;
&lt;/table&gt;
</description>
<Point>
<coordinates>-71.850933,-13.419461,2987.6</coordinates>
</Point>
</Placemark>
<Placemark>
<name>Jose Collas (-47)-24</name>
<description>
&lt;table&gt;
&lt;tr&gt;&lt;td&gt;Longitude: -71.850917&lt;/td&gt;&lt;/tr&gt;
&lt;tr&gt;&lt;td&gt;Latitude: -13.419367&lt;/td&gt;&lt;/tr&gt;
&lt;tr&gt;&lt;td&gt;Altitude: 2988.6 m&lt;/td&gt;&lt;/tr&gt;
&lt;tr&gt;&lt;td&gt;Time: 2026-04-27T11:43:44Z&lt;/td&gt;&lt;/tr&gt;
&lt;/table&gt;
</description>
<Point>
<coordinates>-71.850917,-13.419367,2988.6</coordinates>
</Point>
</Placemark>
<Placemark>
<name>Jose Collas (-47)-25</name>
<description>
&lt;table&gt;
&lt;tr&gt;&lt;td&gt;Longitude: -71.850941&lt;/td&gt;&lt;/tr&gt;
&lt;tr&gt;&lt;td&gt;Latitude: -13.419239&lt;/td&gt;&lt;/tr&gt;
&lt;tr&gt;&lt;td&gt;Altitude: 2989.4 m&lt;/td&gt;&lt;/tr&gt;
&lt;tr&gt;&lt;td&gt;Time: 2026-04-27T11:43:56Z&lt;/td&gt;&lt;/tr&gt;
&lt;/table&gt;
</description>
<Point>
<coordinates>-71.850941,-13.419239,2989.4</coordinates>
</Point>
</Placemark>
<Placemark>
<name>Jose Collas (-47)-26</name>
<description>
&lt;table&gt;
&lt;tr&gt;&lt;td&gt;Longitude: -71.851040&lt;/td&gt;&lt;/tr&gt;
&lt;tr&gt;&lt;td&gt;Latitude: -13.419017&lt;/td&gt;&lt;/tr&gt;
&lt;tr&gt;&lt;td&gt;Altitude: 2992.2 m&lt;/td&gt;&lt;/tr&gt;
&lt;tr&gt;&lt;td&gt;Time: 2026-04-27T11:44:18Z&lt;/td&gt;&lt;/tr&gt;
&lt;/table&gt;
</description>
<Point>
<coordinates>-71.851040,-13.419017,2992.2</coordinates>
</Point>
</Placemark>
<Placemark>
<name>Jose Collas (-47)-27</name>
<description>
&lt;table&gt;
&lt;tr&gt;&lt;td&gt;Longitude: -71.851132&lt;/td&gt;&lt;/tr&gt;
&lt;tr&gt;&lt;td&gt;Latitude: -13.418728&lt;/td&gt;&lt;/tr&gt;
&lt;tr&gt;&lt;td&gt;Altitude: 2992.6 m&lt;/td&gt;&lt;/tr&gt;
&lt;tr&gt;&lt;td&gt;Time: 2026-04-27T11:44:43Z&lt;/td&gt;&lt;/tr&gt;
&lt;/table&gt;
</description>
<Point>
<coordinates>-71.851132,-13.418728,2992.6</coordinates>
</Point>
</Placemark>
<Placemark>
<name>Jose Collas (-47)-28</name>
<description>
&lt;table&gt;
&lt;tr&gt;&lt;td&gt;Longitude: -71.851210&lt;/td&gt;&lt;/tr&gt;
&lt;tr&gt;&lt;td&gt;Latitude: -13.418561&lt;/td&gt;&lt;/tr&gt;
&lt;tr&gt;&lt;td&gt;Altitude: 2993.4 m&lt;/td&gt;&lt;/tr&gt;
&lt;tr&gt;&lt;td&gt;Time: 2026-04-27T11:44:58Z&lt;/td&gt;&lt;/tr&gt;
&lt;/table&gt;
</description>
<Point>
<coordinates>-71.851210,-13.418561,2993.4</coordinates>
</Point>
</Placemark>
<Placemark>
<name>Jose Collas (-47)-29</name>
<description>
&lt;table&gt;
&lt;tr&gt;&lt;td&gt;Longitude: -71.851236&lt;/td&gt;&lt;/tr&gt;
&lt;tr&gt;&lt;td&gt;Latitude: -13.418578&lt;/td&gt;&lt;/tr&gt;
&lt;tr&gt;&lt;td&gt;Altitude: 2994.4 m&lt;/td&gt;&lt;/tr&gt;
&lt;tr&gt;&lt;td&gt;Time: 2026-04-27T11:46:31Z&lt;/td&gt;&lt;/tr&gt;
&lt;/table&gt;
</description>
<Point>
<coordinates>-71.851236,-13.418578,2994.4</coordinates>
</Point>
</Placemark>
<Placemark>
<name>Jose Collas (-47)-30</name>
<description>
&lt;table&gt;
&lt;tr&gt;&lt;td&gt;Longitude: -71.851288&lt;/td&gt;&lt;/tr&gt;
&lt;tr&gt;&lt;td&gt;Latitude: -13.418465&lt;/td&gt;&lt;/tr&gt;
&lt;tr&gt;&lt;td&gt;Altitude: 2993.8 m&lt;/td&gt;&lt;/tr&gt;
&lt;tr&gt;&lt;td&gt;Time: 2026-04-27T11:46:42Z&lt;/td&gt;&lt;/tr&gt;
&lt;/table&gt;
</description>
<Point>
<coordinates>-71.851288,-13.418465,2993.8</coordinates>
</Point>
</Placemark>
<Placemark>
<name>Jose Collas (-47)-31</name>
<description>
&lt;table&gt;
&lt;tr&gt;&lt;td&gt;Longitude: -71.851366&lt;/td&gt;&lt;/tr&gt;
&lt;tr&gt;&lt;td&gt;Latitude: -13.418395&lt;/td&gt;&lt;/tr&gt;
&lt;tr&gt;&lt;td&gt;Altitude: 2994.6 m&lt;/td&gt;&lt;/tr&gt;
&lt;tr&gt;&lt;td&gt;Time: 2026-04-27T11:46:50Z&lt;/td&gt;&lt;/tr&gt;
&lt;/table&gt;
</description>
<Point>
<coordinates>-71.851366,-13.418395,2994.6</coordinates>
</Point>
</Placemark>
<Placemark>
<name>Jose Collas (-47)-32</name>
<description>
&lt;table&gt;
&lt;tr&gt;&lt;td&gt;Longitude: -71.851378&lt;/td&gt;&lt;/tr&gt;
&lt;tr&gt;&lt;td&gt;Latitude: -13.418364&lt;/td&gt;&lt;/tr&gt;
&lt;tr&gt;&lt;td&gt;Altitude: 2995 m&lt;/td&gt;&lt;/tr&gt;
&lt;tr&gt;&lt;td&gt;Time: 2026-04-27T11:46:55Z&lt;/td&gt;&lt;/tr&gt;
&lt;/table&gt;
</description>
<Point>
<coordinates>-71.851378,-13.418364,2995</coordinates>
</Point>
</Placemark>
<Placemark>
<name>Jose Collas (-47)-33</name>
<description>
&lt;table&gt;
&lt;tr&gt;&lt;td&gt;Longitude: -71.851372&lt;/td&gt;&lt;/tr&gt;
&lt;tr&gt;&lt;td&gt;Latitude: -13.418314&lt;/td&gt;&lt;/tr&gt;
&lt;tr&gt;&lt;td&gt;Altitude: 2995.8 m&lt;/td&gt;&lt;/tr&gt;
&lt;tr&gt;&lt;td&gt;Time: 2026-04-27T11:47:03Z&lt;/td&gt;&lt;/tr&gt;
&lt;/table&gt;
</description>
<Point>
<coordinates>-71.851372,-13.418314,2995.8</coordinates>
</Point>
</Placemark>
<Placemark>
<name>Jose Collas (-47)-34</name>
<description>
&lt;table&gt;
&lt;tr&gt;&lt;td&gt;Longitude: -71.851309&lt;/td&gt;&lt;/tr&gt;
&lt;tr&gt;&lt;td&gt;Latitude: -13.418179&lt;/td&gt;&lt;/tr&gt;
&lt;tr&gt;&lt;td&gt;Altitude: 2997.8 m&lt;/td&gt;&lt;/tr&gt;
&lt;tr&gt;&lt;td&gt;Time: 2026-04-27T11:47:26Z&lt;/td&gt;&lt;/tr&gt;
&lt;/table&gt;
</description>
<Point>
<coordinates>-71.851309,-13.418179,2997.8</coordinates>
</Point>
</Placemark>
<Placemark>
<name>Jose Collas (-47)-35</name>
<description>
&lt;table&gt;
&lt;tr&gt;&lt;td&gt;Longitude: -71.851233&lt;/td&gt;&lt;/tr&gt;
&lt;tr&gt;&lt;td&gt;Latitude: -13.418119&lt;/td&gt;&lt;/tr&gt;
&lt;tr&gt;&lt;td&gt;Altitude: 2999.4 m&lt;/td&gt;&lt;/tr&gt;
&lt;tr&gt;&lt;td&gt;Time: 2026-04-27T11:47:43Z&lt;/td&gt;&lt;/tr&gt;
&lt;/table&gt;
</description>
<Point>
<coordinates>-71.851233,-13.418119,2999.4</coordinates>
</Point>
</Placemark>
<Placemark>
<name>Jose Collas (-47)-36</name>
<description>
&lt;table&gt;
&lt;tr&gt;&lt;td&gt;Longitude: -71.851154&lt;/td&gt;&lt;/tr&gt;
&lt;tr&gt;&lt;td&gt;Latitude: -13.418107&lt;/td&gt;&lt;/tr&gt;
&lt;tr&gt;&lt;td&gt;Altitude: 3000.4 m&lt;/td&gt;&lt;/tr&gt;
&lt;tr&gt;&lt;td&gt;Time: 2026-04-27T11:47:58Z&lt;/td&gt;&lt;/tr&gt;
&lt;/table&gt;
</description>
<Point>
<coordinates>-71.851154,-13.418107,3000.4</coordinates>
</Point>
</Placemark>
<Placemark>
<name>Jose Collas (-47)-37</name>
<description>
&lt;table&gt;
&lt;tr&gt;&lt;td&gt;Longitude: -71.851022&lt;/td&gt;&lt;/tr&gt;
&lt;tr&gt;&lt;td&gt;Latitude: -13.418122&lt;/td&gt;&lt;/tr&gt;
&lt;tr&gt;&lt;td&gt;Altitude: 3002 m&lt;/td&gt;&lt;/tr&gt;
&lt;tr&gt;&lt;td&gt;Time: 2026-04-27T11:48:17Z&lt;/td&gt;&lt;/tr&gt;
&lt;/table&gt;
</description>
<Point>
<coordinates>-71.851022,-13.418122,3002</coordinates>
</Point>
</Placemark>
<Placemark>
<name>Jose Collas (-47)-38</name>
<description>
&lt;table&gt;
&lt;tr&gt;&lt;td&gt;Longitude: -71.851001&lt;/td&gt;&lt;/tr&gt;
&lt;tr&gt;&lt;td&gt;Latitude: -13.418051&lt;/td&gt;&lt;/tr&gt;
&lt;tr&gt;&lt;td&gt;Altitude: 3002.6 m&lt;/td&gt;&lt;/tr&gt;
&lt;tr&gt;&lt;td&gt;Time: 2026-04-27T11:48:43Z&lt;/td&gt;&lt;/tr&gt;
&lt;/table&gt;
</description>
<Point>
<coordinates>-71.851001,-13.418051,3002.6</coordinates>
</Point>
</Placemark>
<Placemark>
<name>Jose Collas (-47)-39</name>
<description>
&lt;table&gt;
&lt;tr&gt;&lt;td&gt;Longitude: -71.850958&lt;/td&gt;&lt;/tr&gt;
&lt;tr&gt;&lt;td&gt;Latitude: -13.418034&lt;/td&gt;&lt;/tr&gt;
&lt;tr&gt;&lt;td&gt;Altitude: 3003.2 m&lt;/td&gt;&lt;/tr&gt;
&lt;tr&gt;&lt;td&gt;Time: 2026-04-27T11:48:57Z&lt;/td&gt;&lt;/tr&gt;
&lt;/table&gt;
</description>
<Point>
<coordinates>-71.850958,-13.418034,3003.2</coordinates>
</Point>
</Placemark>
<Placemark>
<name>Jose Collas (-47)-40</name>
<description>
&lt;table&gt;
&lt;tr&gt;&lt;td&gt;Longitude: -71.850934&lt;/td&gt;&lt;/tr&gt;
&lt;tr&gt;&lt;td&gt;Latitude: -13.417986&lt;/td&gt;&lt;/tr&gt;
&lt;tr&gt;&lt;td&gt;Altitude: 3004.4 m&lt;/td&gt;&lt;/tr&gt;
&lt;tr&gt;&lt;td&gt;Time: 2026-04-27T11:49:11Z&lt;/td&gt;&lt;/tr&gt;
&lt;/table&gt;
</description>
<Point>
<coordinates>-71.850934,-13.417986,3004.4</coordinates>
</Point>
</Placemark>
<Placemark>
<name>Jose Collas (-47)-41</name>
<description>
&lt;table&gt;
&lt;tr&gt;&lt;td&gt;Longitude: -71.850895&lt;/td&gt;&lt;/tr&gt;
&lt;tr&gt;&lt;td&gt;Latitude: -13.417965&lt;/td&gt;&lt;/tr&gt;
&lt;tr&gt;&lt;td&gt;Altitude: 3005.2 m&lt;/td&gt;&lt;/tr&gt;
&lt;tr&gt;&lt;td&gt;Time: 2026-04-27T11:49:18Z&lt;/td&gt;&lt;/tr&gt;
&lt;/table&gt;
</description>
<Point>
<coordinates>-71.850895,-13.417965,3005.2</coordinates>
</Point>
</Placemark>
<Placemark>
<name>Jose Collas (-47)-42</name>
<description>
&lt;table&gt;
&lt;tr&gt;&lt;td&gt;Longitude: -71.850795&lt;/td&gt;&lt;/tr&gt;
&lt;tr&gt;&lt;td&gt;Latitude: -13.418004&lt;/td&gt;&lt;/tr&gt;
&lt;tr&gt;&lt;td&gt;Altitude: 3006.6 m&lt;/td&gt;&lt;/tr&gt;
&lt;tr&gt;&lt;td&gt;Time: 2026-04-27T11:49:41Z&lt;/td&gt;&lt;/tr&gt;
&lt;/table&gt;
</description>
<Point>
<coordinates>-71.850795,-13.418004,3006.6</coordinates>
</Point>
</Placemark>
<Placemark>
<name>Jose Collas (-47)-43</name>
<description>
&lt;table&gt;
&lt;tr&gt;&lt;td&gt;Longitude: -71.850728&lt;/td&gt;&lt;/tr&gt;
&lt;tr&gt;&lt;td&gt;Latitude: -13.418004&lt;/td&gt;&lt;/tr&gt;
&lt;tr&gt;&lt;td&gt;Altitude: 3007.4 m&lt;/td&gt;&lt;/tr&gt;
&lt;tr&gt;&lt;td&gt;Time: 2026-04-27T11:49:57Z&lt;/td&gt;&lt;/tr&gt;
&lt;/table&gt;
</description>
<Point>
<coordinates>-71.850728,-13.418004,3007.4</coordinates>
</Point>
</Placemark>
<Placemark>
<name>Jose Collas (-47)-44</name>
<description>
&lt;table&gt;
&lt;tr&gt;&lt;td&gt;Longitude: -71.850671&lt;/td&gt;&lt;/tr&gt;
&lt;tr&gt;&lt;td&gt;Latitude: -13.418084&lt;/td&gt;&lt;/tr&gt;
&lt;tr&gt;&lt;td&gt;Altitude: 3008.6 m&lt;/td&gt;&lt;/tr&gt;
&lt;tr&gt;&lt;td&gt;Time: 2026-04-27T11:50:13Z&lt;/td&gt;&lt;/tr&gt;
&lt;/table&gt;
</description>
<Point>
<coordinates>-71.850671,-13.418084,3008.6</coordinates>
</Point>
</Placemark>
<Placemark>
<name>Jose Collas (-47)-45</name>
<description>
&lt;table&gt;
&lt;tr&gt;&lt;td&gt;Longitude: -71.850585&lt;/td&gt;&lt;/tr&gt;
&lt;tr&gt;&lt;td&gt;Latitude: -13.418107&lt;/td&gt;&lt;/tr&gt;
&lt;tr&gt;&lt;td&gt;Altitude: 3010.2 m&lt;/td&gt;&lt;/tr&gt;
&lt;tr&gt;&lt;td&gt;Time: 2026-04-27T11:50:31Z&lt;/td&gt;&lt;/tr&gt;
&lt;/table&gt;
</description>
<Point>
<coordinates>-71.850585,-13.418107,3010.2</coordinates>
</Point>
</Placemark>
<Placemark>
<name>Jose Collas (-47)-46</name>
<description>
&lt;table&gt;
&lt;tr&gt;&lt;td&gt;Longitude: -71.850533&lt;/td&gt;&lt;/tr&gt;
&lt;tr&gt;&lt;td&gt;Latitude: -13.418152&lt;/td&gt;&lt;/tr&gt;
&lt;tr&gt;&lt;td&gt;Altitude: 3011.6 m&lt;/td&gt;&lt;/tr&gt;
&lt;tr&gt;&lt;td&gt;Time: 2026-04-27T11:50:43Z&lt;/td&gt;&lt;/tr&gt;
&lt;/table&gt;
</description>
<Point>
<coordinates>-71.850533,-13.418152,3011.6</coordinates>
</Point>
</Placemark>
<Placemark>
<name>Jose Collas (-47)-47</name>
<description>
&lt;table&gt;
&lt;tr&gt;&lt;td&gt;Longitude: -71.850451&lt;/td&gt;&lt;/tr&gt;
&lt;tr&gt;&lt;td&gt;Latitude: -13.418276&lt;/td&gt;&lt;/tr&gt;
&lt;tr&gt;&lt;td&gt;Altitude: 3015 m&lt;/td&gt;&lt;/tr&gt;
&lt;tr&gt;&lt;td&gt;Time: 2026-04-27T11:51:22Z&lt;/td&gt;&lt;/tr&gt;
&lt;/table&gt;
</description>
<Point>
<coordinates>-71.850451,-13.418276,3015</coordinates>
</Point>
</Placemark>
<Placemark>
<name>Jose Collas (-47)-48</name>
<description>
&lt;table&gt;
&lt;tr&gt;&lt;td&gt;Longitude: -71.850384&lt;/td&gt;&lt;/tr&gt;
&lt;tr&gt;&lt;td&gt;Latitude: -13.418242&lt;/td&gt;&lt;/tr&gt;
&lt;tr&gt;&lt;td&gt;Altitude: 3015.6 m&lt;/td&gt;&lt;/tr&gt;
&lt;tr&gt;&lt;td&gt;Time: 2026-04-27T11:51:43Z&lt;/td&gt;&lt;/tr&gt;
&lt;/table&gt;
</description>
<Point>
<coordinates>-71.850384,-13.418242,3015.6</coordinates>
</Point>
</Placemark>
<Placemark>
<name>Jose Collas (-47)-49</name>
<description>
&lt;table&gt;
&lt;tr&gt;&lt;td&gt;Longitude: -71.850328&lt;/td&gt;&lt;/tr&gt;
&lt;tr&gt;&lt;td&gt;Latitude: -13.418135&lt;/td&gt;&lt;/tr&gt;
&lt;tr&gt;&lt;td&gt;Altitude: 3017.8 m&lt;/td&gt;&lt;/tr&gt;
&lt;tr&gt;&lt;td&gt;Time: 2026-04-27T11:52:10Z&lt;/td&gt;&lt;/tr&gt;
&lt;/table&gt;
</description>
<Point>
<coordinates>-71.850328,-13.418135,3017.8</coordinates>
</Point>
</Placemark>
<Placemark>
<name>Jose Collas (-47)-50</name>
<description>
&lt;table&gt;
&lt;tr&gt;&lt;td&gt;Longitude: -71.850283&lt;/td&gt;&lt;/tr&gt;
&lt;tr&gt;&lt;td&gt;Latitude: -13.418124&lt;/td&gt;&lt;/tr&gt;
&lt;tr&gt;&lt;td&gt;Altitude: 3019.2 m&lt;/td&gt;&lt;/tr&gt;
&lt;tr&gt;&lt;td&gt;Time: 2026-04-27T11:52:22Z&lt;/td&gt;&lt;/tr&gt;
&lt;/table&gt;
</description>
<Point>
<coordinates>-71.850283,-13.418124,3019.2</coordinates>
</Point>
</Placemark>
<Placemark>
<name>Jose Collas (-47)-51</name>
<description>
&lt;table&gt;
&lt;tr&gt;&lt;td&gt;Longitude: -71.850193&lt;/td&gt;&lt;/tr&gt;
&lt;tr&gt;&lt;td&gt;Latitude: -13.418037&lt;/td&gt;&lt;/tr&gt;
&lt;tr&gt;&lt;td&gt;Altitude: 3022.6 m&lt;/td&gt;&lt;/tr&gt;
&lt;tr&gt;&lt;td&gt;Time: 2026-04-27T11:52:56Z&lt;/td&gt;&lt;/tr&gt;
&lt;/table&gt;
</description>
<Point>
<coordinates>-71.850193,-13.418037,3022.6</coordinates>
</Point>
</Placemark>
<Placemark>
<name>Jose Collas (-47)-52</name>
<description>
&lt;table&gt;
&lt;tr&gt;&lt;td&gt;Longitude: -71.850142&lt;/td&gt;&lt;/tr&gt;
&lt;tr&gt;&lt;td&gt;Latitude: -13.418061&lt;/td&gt;&lt;/tr&gt;
&lt;tr&gt;&lt;td&gt;Altitude: 3023.6 m&lt;/td&gt;&lt;/tr&gt;
&lt;tr&gt;&lt;td&gt;Time: 2026-04-27T11:53:10Z&lt;/td&gt;&lt;/tr&gt;
&lt;/table&gt;
</description>
<Point>
<coordinates>-71.850142,-13.418061,3023.6</coordinates>
</Point>
</Placemark>
<Placemark>
<name>Jose Collas (-47)-53</name>
<description>
&lt;table&gt;
&lt;tr&gt;&lt;td&gt;Longitude: -71.850109&lt;/td&gt;&lt;/tr&gt;
&lt;tr&gt;&lt;td&gt;Latitude: -13.418059&lt;/td&gt;&lt;/tr&gt;
&lt;tr&gt;&lt;td&gt;Altitude: 3024.2 m&lt;/td&gt;&lt;/tr&gt;
&lt;tr&gt;&lt;td&gt;Time: 2026-04-27T11:53:17Z&lt;/td&gt;&lt;/tr&gt;
&lt;/table&gt;
</description>
<Point>
<coordinates>-71.850109,-13.418059,3024.2</coordinates>
</Point>
</Placemark>
<Placemark>
<name>Jose Collas (-47)-54</name>
<description>
&lt;table&gt;
&lt;tr&gt;&lt;td&gt;Longitude: -71.850060&lt;/td&gt;&lt;/tr&gt;
&lt;tr&gt;&lt;td&gt;Latitude: -13.417978&lt;/td&gt;&lt;/tr&gt;
&lt;tr&gt;&lt;td&gt;Altitude: 3025.4 m&lt;/td&gt;&lt;/tr&gt;
&lt;tr&gt;&lt;td&gt;Time: 2026-04-27T11:53:46Z&lt;/td&gt;&lt;/tr&gt;
&lt;/table&gt;
</description>
<Point>
<coordinates>-71.850060,-13.417978,3025.4</coordinates>
</Point>
</Placemark>
<Placemark>
<name>Jose Collas (-47)-55</name>
<description>
&lt;table&gt;
&lt;tr&gt;&lt;td&gt;Longitude: -71.850031&lt;/td&gt;&lt;/tr&gt;
&lt;tr&gt;&lt;td&gt;Latitude: -13.417851&lt;/td&gt;&lt;/tr&gt;
&lt;tr&gt;&lt;td&gt;Altitude: 3028.4 m&lt;/td&gt;&lt;/tr&gt;
&lt;tr&gt;&lt;td&gt;Time: 2026-04-27T11:54:38Z&lt;/td&gt;&lt;/tr&gt;
&lt;/table&gt;
</description>
<Point>
<coordinates>-71.850031,-13.417851,3028.4</coordinates>
</Point>
</Placemark>
<Placemark>
<name>Jose Collas (-47)-56</name>
<description>
&lt;table&gt;
&lt;tr&gt;&lt;td&gt;Longitude: -71.850048&lt;/td&gt;&lt;/tr&gt;
&lt;tr&gt;&lt;td&gt;Latitude: -13.417799&lt;/td&gt;&lt;/tr&gt;
&lt;tr&gt;&lt;td&gt;Altitude: 3030 m&lt;/td&gt;&lt;/tr&gt;
&lt;tr&gt;&lt;td&gt;Time: 2026-04-27T11:54:55Z&lt;/td&gt;&lt;/tr&gt;
&lt;/table&gt;
</description>
<Point>
<coordinates>-71.850048,-13.417799,3030</coordinates>
</Point>
</Placemark>
<Placemark>
<name>Jose Collas (-47)-57</name>
<description>
&lt;table&gt;
&lt;tr&gt;&lt;td&gt;Longitude: -71.850115&lt;/td&gt;&lt;/tr&gt;
&lt;tr&gt;&lt;td&gt;Latitude: -13.417728&lt;/td&gt;&lt;/tr&gt;
&lt;tr&gt;&lt;td&gt;Altitude: 3034.2 m&lt;/td&gt;&lt;/tr&gt;
&lt;tr&gt;&lt;td&gt;Time: 2026-04-27T11:55:15Z&lt;/td&gt;&lt;/tr&gt;
&lt;/table&gt;
</description>
<Point>
<coordinates>-71.850115,-13.417728,3034.2</coordinates>
</Point>
</Placemark>
<Placemark>
<name>Jose Collas (-47)-58</name>
<description>
&lt;table&gt;
&lt;tr&gt;&lt;td&gt;Longitude: -71.849923&lt;/td&gt;&lt;/tr&gt;
&lt;tr&gt;&lt;td&gt;Latitude: -13.417737&lt;/td&gt;&lt;/tr&gt;
&lt;tr&gt;&lt;td&gt;Altitude: 3037.8 m&lt;/td&gt;&lt;/tr&gt;
&lt;tr&gt;&lt;td&gt;Time: 2026-04-27T11:56:14Z&lt;/td&gt;&lt;/tr&gt;
&lt;/table&gt;
</description>
<Point>
<coordinates>-71.849923,-13.417737,3037.8</coordinates>
</Point>
</Placemark>
<Placemark>
<name>Jose Collas (-47)-59</name>
<description>
&lt;table&gt;
&lt;tr&gt;&lt;td&gt;Longitude: -71.849931&lt;/td&gt;&lt;/tr&gt;
&lt;tr&gt;&lt;td&gt;Latitude: -13.417711&lt;/td&gt;&lt;/tr&gt;
&lt;tr&gt;&lt;td&gt;Altitude: 3039 m&lt;/td&gt;&lt;/tr&gt;
&lt;tr&gt;&lt;td&gt;Time: 2026-04-27T11:56:24Z&lt;/td&gt;&lt;/tr&gt;
&lt;/table&gt;
</description>
<Point>
<coordinates>-71.849931,-13.417711,3039</coordinates>
</Point>
</Placemark>
<Placemark>
<name>Jose Collas (-47)-60</name>
<description>
&lt;table&gt;
&lt;tr&gt;&lt;td&gt;Longitude: -71.849981&lt;/td&gt;&lt;/tr&gt;
&lt;tr&gt;&lt;td&gt;Latitude: -13.417663&lt;/td&gt;&lt;/tr&gt;
&lt;tr&gt;&lt;td&gt;Altitude: 3042.4 m&lt;/td&gt;&lt;/tr&gt;
&lt;tr&gt;&lt;td&gt;Time: 2026-04-27T11:56:37Z&lt;/td&gt;&lt;/tr&gt;
&lt;/table&gt;
</description>
<Point>
<coordinates>-71.849981,-13.417663,3042.4</coordinates>
</Point>
</Placemark>
<Placemark>
<name>Jose Collas (-47)-61</name>
<description>
&lt;table&gt;
&lt;tr&gt;&lt;td&gt;Longitude: -71.849982&lt;/td&gt;&lt;/tr&gt;
&lt;tr&gt;&lt;td&gt;Latitude: -13.417649&lt;/td&gt;&lt;/tr&gt;
&lt;tr&gt;&lt;td&gt;Altitude: 3043.2 m&lt;/td&gt;&lt;/tr&gt;
&lt;tr&gt;&lt;td&gt;Time: 2026-04-27T11:56:40Z&lt;/td&gt;&lt;/tr&gt;
&lt;/table&gt;
</description>
<Point>
<coordinates>-71.849982,-13.417649,3043.2</coordinates>
</Point>
</Placemark>
<Placemark>
<name>Jose Collas (-47)-62</name>
<description>
&lt;table&gt;
&lt;tr&gt;&lt;td&gt;Longitude: -71.849958&lt;/td&gt;&lt;/tr&gt;
&lt;tr&gt;&lt;td&gt;Latitude: -13.417633&lt;/td&gt;&lt;/tr&gt;
&lt;tr&gt;&lt;td&gt;Altitude: 3044 m&lt;/td&gt;&lt;/tr&gt;
&lt;tr&gt;&lt;td&gt;Time: 2026-04-27T11:56:45Z&lt;/td&gt;&lt;/tr&gt;
&lt;/table&gt;
</description>
<Point>
<coordinates>-71.849958,-13.417633,3044</coordinates>
</Point>
</Placemark>
<Placemark>
<name>Jose Collas (-47)-63</name>
<description>
&lt;table&gt;
&lt;tr&gt;&lt;td&gt;Longitude: -71.849783&lt;/td&gt;&lt;/tr&gt;
&lt;tr&gt;&lt;td&gt;Latitude: -13.417705&lt;/td&gt;&lt;/tr&gt;
&lt;tr&gt;&lt;td&gt;Altitude: 3048.2 m&lt;/td&gt;&lt;/tr&gt;
&lt;tr&gt;&lt;td&gt;Time: 2026-04-27T11:57:26Z&lt;/td&gt;&lt;/tr&gt;
&lt;/table&gt;
</description>
<Point>
<coordinates>-71.849783,-13.417705,3048.2</coordinates>
</Point>
</Placemark>
<Placemark>
<name>Jose Collas (-47)-64</name>
<description>
&lt;table&gt;
&lt;tr&gt;&lt;td&gt;Longitude: -71.849749&lt;/td&gt;&lt;/tr&gt;
&lt;tr&gt;&lt;td&gt;Latitude: -13.417701&lt;/td&gt;&lt;/tr&gt;
&lt;tr&gt;&lt;td&gt;Altitude: 3048.6 m&lt;/td&gt;&lt;/tr&gt;
&lt;tr&gt;&lt;td&gt;Time: 2026-04-27T11:57:34Z&lt;/td&gt;&lt;/tr&gt;
&lt;/table&gt;
</description>
<Point>
<coordinates>-71.849749,-13.417701,3048.6</coordinates>
</Point>
</Placemark>
<Placemark>
<name>Jose Collas (-47)-65</name>
<description>
&lt;table&gt;
&lt;tr&gt;&lt;td&gt;Longitude: -71.849736&lt;/td&gt;&lt;/tr&gt;
&lt;tr&gt;&lt;td&gt;Latitude: -13.417683&lt;/td&gt;&lt;/tr&gt;
&lt;tr&gt;&lt;td&gt;Altitude: 3049.4 m&lt;/td&gt;&lt;/tr&gt;
&lt;tr&gt;&lt;td&gt;Time: 2026-04-27T11:57:46Z&lt;/td&gt;&lt;/tr&gt;
&lt;/table&gt;
</description>
<Point>
<coordinates>-71.849736,-13.417683,3049.4</coordinates>
</Point>
</Placemark>
<Placemark>
<name>Jose Collas (-47)-66</name>
<description>
&lt;table&gt;
&lt;tr&gt;&lt;td&gt;Longitude: -71.849762&lt;/td&gt;&lt;/tr&gt;
&lt;tr&gt;&lt;td&gt;Latitude: -13.417674&lt;/td&gt;&lt;/tr&gt;
&lt;tr&gt;&lt;td&gt;Altitude: 3050 m&lt;/td&gt;&lt;/tr&gt;
&lt;tr&gt;&lt;td&gt;Time: 2026-04-27T11:57:53Z&lt;/td&gt;&lt;/tr&gt;
&lt;/table&gt;
</description>
<Point>
<coordinates>-71.849762,-13.417674,3050</coordinates>
</Point>
</Placemark>
<Placemark>
<name>Jose Collas (-47)-67</name>
<description>
&lt;table&gt;
&lt;tr&gt;&lt;td&gt;Longitude: -71.849762&lt;/td&gt;&lt;/tr&gt;
&lt;tr&gt;&lt;td&gt;Latitude: -13.417630&lt;/td&gt;&lt;/tr&gt;
&lt;tr&gt;&lt;td&gt;Altitude: 3052.2 m&lt;/td&gt;&lt;/tr&gt;
&lt;tr&gt;&lt;td&gt;Time: 2026-04-27T11:58:07Z&lt;/td&gt;&lt;/tr&gt;
&lt;/table&gt;
</description>
<Point>
<coordinates>-71.849762,-13.417630,3052.2</coordinates>
</Point>
</Placemark>
<Placemark>
<name>Jose Collas (-47)-68</name>
<description>
&lt;table&gt;
&lt;tr&gt;&lt;td&gt;Longitude: -71.849811&lt;/td&gt;&lt;/tr&gt;
&lt;tr&gt;&lt;td&gt;Latitude: -13.417552&lt;/td&gt;&lt;/tr&gt;
&lt;tr&gt;&lt;td&gt;Altitude: 3055.4 m&lt;/td&gt;&lt;/tr&gt;
&lt;tr&gt;&lt;td&gt;Time: 2026-04-27T11:58:33Z&lt;/td&gt;&lt;/tr&gt;
&lt;/table&gt;
</description>
<Point>
<coordinates>-71.849811,-13.417552,3055.4</coordinates>
</Point>
</Placemark>
<Placemark>
<name>Jose Collas (-47)-69</name>
<description>
&lt;table&gt;
&lt;tr&gt;&lt;td&gt;Longitude: -71.849927&lt;/td&gt;&lt;/tr&gt;
&lt;tr&gt;&lt;td&gt;Latitude: -13.417550&lt;/td&gt;&lt;/tr&gt;
&lt;tr&gt;&lt;td&gt;Altitude: 3059.6 m&lt;/td&gt;&lt;/tr&gt;
&lt;tr&gt;&lt;td&gt;Time: 2026-04-27T11:58:54Z&lt;/td&gt;&lt;/tr&gt;
&lt;/table&gt;
</description>
<Point>
<coordinates>-71.849927,-13.417550,3059.6</coordinates>
</Point>
</Placemark>
<Placemark>
<name>Jose Collas (-47)-70</name>
<description>
&lt;table&gt;
&lt;tr&gt;&lt;td&gt;Longitude: -71.850017&lt;/td&gt;&lt;/tr&gt;
&lt;tr&gt;&lt;td&gt;Latitude: -13.417493&lt;/td&gt;&lt;/tr&gt;
&lt;tr&gt;&lt;td&gt;Altitude: 3064.2 m&lt;/td&gt;&lt;/tr&gt;
&lt;tr&gt;&lt;td&gt;Time: 2026-04-27T11:59:33Z&lt;/td&gt;&lt;/tr&gt;
&lt;/table&gt;
</description>
<Point>
<coordinates>-71.850017,-13.417493,3064.2</coordinates>
</Point>
</Placemark>
<Placemark>
<name>Jose Collas (-47)-71</name>
<description>
&lt;table&gt;
&lt;tr&gt;&lt;td&gt;Longitude: -71.850040&lt;/td&gt;&lt;/tr&gt;
&lt;tr&gt;&lt;td&gt;Latitude: -13.417509&lt;/td&gt;&lt;/tr&gt;
&lt;tr&gt;&lt;td&gt;Altitude: 3066.6 m&lt;/td&gt;&lt;/tr&gt;
&lt;tr&gt;&lt;td&gt;Time: 2026-04-27T11:59:37Z&lt;/td&gt;&lt;/tr&gt;
&lt;/table&gt;
</description>
<Point>
<coordinates>-71.850040,-13.417509,3066.6</coordinates>
</Point>
</Placemark>
<Placemark>
<name>Jose Collas (-47)-72</name>
<description>
&lt;table&gt;
&lt;tr&gt;&lt;td&gt;Longitude: -71.850054&lt;/td&gt;&lt;/tr&gt;
&lt;tr&gt;&lt;td&gt;Latitude: -13.417500&lt;/td&gt;&lt;/tr&gt;
&lt;tr&gt;&lt;td&gt;Altitude: 3067.8 m&lt;/td&gt;&lt;/tr&gt;
&lt;tr&gt;&lt;td&gt;Time: 2026-04-27T11:59:44Z&lt;/td&gt;&lt;/tr&gt;
&lt;/table&gt;
</description>
<Point>
<coordinates>-71.850054,-13.417500,3067.8</coordinates>
</Point>
</Placemark>
<Placemark>
<name>Jose Collas (-47)-73</name>
<description>
&lt;table&gt;
&lt;tr&gt;&lt;td&gt;Longitude: -71.849956&lt;/td&gt;&lt;/tr&gt;
&lt;tr&gt;&lt;td&gt;Latitude: -13.417434&lt;/td&gt;&lt;/tr&gt;
&lt;tr&gt;&lt;td&gt;Altitude: 3071 m&lt;/td&gt;&lt;/tr&gt;
&lt;tr&gt;&lt;td&gt;Time: 2026-04-27T12:00:07Z&lt;/td&gt;&lt;/tr&gt;
&lt;/table&gt;
</description>
<Point>
<coordinates>-71.849956,-13.417434,3071</coordinates>
</Point>
</Placemark>
<Placemark>
<name>Jose Collas (-47)-74</name>
<description>
&lt;table&gt;
&lt;tr&gt;&lt;td&gt;Longitude: -71.849927&lt;/td&gt;&lt;/tr&gt;
&lt;tr&gt;&lt;td&gt;Latitude: -13.417428&lt;/td&gt;&lt;/tr&gt;
&lt;tr&gt;&lt;td&gt;Altitude: 3072 m&lt;/td&gt;&lt;/tr&gt;
&lt;tr&gt;&lt;td&gt;Time: 2026-04-27T12:00:13Z&lt;/td&gt;&lt;/tr&gt;
&lt;/table&gt;
</description>
<Point>
<coordinates>-71.849927,-13.417428,3072</coordinates>
</Point>
</Placemark>
<Placemark>
<name>Jose Collas (-47)-75</name>
<description>
&lt;table&gt;
&lt;tr&gt;&lt;td&gt;Longitude: -71.849883&lt;/td&gt;&lt;/tr&gt;
&lt;tr&gt;&lt;td&gt;Latitude: -13.417444&lt;/td&gt;&lt;/tr&gt;
&lt;tr&gt;&lt;td&gt;Altitude: 3073.6 m&lt;/td&gt;&lt;/tr&gt;
&lt;tr&gt;&lt;td&gt;Time: 2026-04-27T12:00:24Z&lt;/td&gt;&lt;/tr&gt;
&lt;/table&gt;
</description>
<Point>
<coordinates>-71.849883,-13.417444,3073.6</coordinates>
</Point>
</Placemark>
<Placemark>
<name>Jose Collas (-47)-76</name>
<description>
&lt;table&gt;
&lt;tr&gt;&lt;td&gt;Longitude: -71.849864&lt;/td&gt;&lt;/tr&gt;
&lt;tr&gt;&lt;td&gt;Latitude: -13.417429&lt;/td&gt;&lt;/tr&gt;
&lt;tr&gt;&lt;td&gt;Altitude: 3074.4 m&lt;/td&gt;&lt;/tr&gt;
&lt;tr&gt;&lt;td&gt;Time: 2026-04-27T12:00:34Z&lt;/td&gt;&lt;/tr&gt;
&lt;/table&gt;
</description>
<Point>
<coordinates>-71.849864,-13.417429,3074.4</coordinates>
</Point>
</Placemark>
<Placemark>
<name>Jose Collas (-47)-77</name>
<description>
&lt;table&gt;
&lt;tr&gt;&lt;td&gt;Longitude: -71.849789&lt;/td&gt;&lt;/tr&gt;
&lt;tr&gt;&lt;td&gt;Latitude: -13.417428&lt;/td&gt;&lt;/tr&gt;
&lt;tr&gt;&lt;td&gt;Altitude: 3075.6 m&lt;/td&gt;&lt;/tr&gt;
&lt;tr&gt;&lt;td&gt;Time: 2026-04-27T12:00:51Z&lt;/td&gt;&lt;/tr&gt;
&lt;/table&gt;
</description>
<Point>
<coordinates>-71.849789,-13.417428,3075.6</coordinates>
</Point>
</Placemark>
<Placemark>
<name>Jose Collas (-47)-78</name>
<description>
&lt;table&gt;
&lt;tr&gt;&lt;td&gt;Longitude: -71.849648&lt;/td&gt;&lt;/tr&gt;
&lt;tr&gt;&lt;td&gt;Latitude: -13.417383&lt;/td&gt;&lt;/tr&gt;
&lt;tr&gt;&lt;td&gt;Altitude: 3078.6 m&lt;/td&gt;&lt;/tr&gt;
&lt;tr&gt;&lt;td&gt;Time: 2026-04-27T12:01:31Z&lt;/td&gt;&lt;/tr&gt;
&lt;/table&gt;
</description>
<Point>
<coordinates>-71.849648,-13.417383,3078.6</coordinates>
</Point>
</Placemark>
<Placemark>
<name>Jose Collas (-47)-79</name>
<description>
&lt;table&gt;
&lt;tr&gt;&lt;td&gt;Longitude: -71.849579&lt;/td&gt;&lt;/tr&gt;
&lt;tr&gt;&lt;td&gt;Latitude: -13.417393&lt;/td&gt;&lt;/tr&gt;
&lt;tr&gt;&lt;td&gt;Altitude: 3079 m&lt;/td&gt;&lt;/tr&gt;
&lt;tr&gt;&lt;td&gt;Time: 2026-04-27T12:01:48Z&lt;/td&gt;&lt;/tr&gt;
&lt;/table&gt;
</description>
<Point>
<coordinates>-71.849579,-13.417393,3079</coordinates>
</Point>
</Placemark>
<Placemark>
<name>Jose Collas (-47)-80</name>
<description>
&lt;table&gt;
&lt;tr&gt;&lt;td&gt;Longitude: -71.849558&lt;/td&gt;&lt;/tr&gt;
&lt;tr&gt;&lt;td&gt;Latitude: -13.417379&lt;/td&gt;&lt;/tr&gt;
&lt;tr&gt;&lt;td&gt;Altitude: 3079.2 m&lt;/td&gt;&lt;/tr&gt;
&lt;tr&gt;&lt;td&gt;Time: 2026-04-27T12:01:53Z&lt;/td&gt;&lt;/tr&gt;
&lt;/table&gt;
</description>
<Point>
<coordinates>-71.849558,-13.417379,3079.2</coordinates>
</Point>
</Placemark>
<Placemark>
<name>Jose Collas (-47)-81</name>
<description>
&lt;table&gt;
&lt;tr&gt;&lt;td&gt;Longitude: -71.849531&lt;/td&gt;&lt;/tr&gt;
&lt;tr&gt;&lt;td&gt;Latitude: -13.417390&lt;/td&gt;&lt;/tr&gt;
&lt;tr&gt;&lt;td&gt;Altitude: 3079.6 m&lt;/td&gt;&lt;/tr&gt;
&lt;tr&gt;&lt;td&gt;Time: 2026-04-27T12:01:59Z&lt;/td&gt;&lt;/tr&gt;
&lt;/table&gt;
</description>
<Point>
<coordinates>-71.849531,-13.417390,3079.6</coordinates>
</Point>
</Placemark>
<Placemark>
<name>Jose Collas (-47)-82</name>
<description>
&lt;table&gt;
&lt;tr&gt;&lt;td&gt;Longitude: -71.849477&lt;/td&gt;&lt;/tr&gt;
&lt;tr&gt;&lt;td&gt;Latitude: -13.417351&lt;/td&gt;&lt;/tr&gt;
&lt;tr&gt;&lt;td&gt;Altitude: 3080.6 m&lt;/td&gt;&lt;/tr&gt;
&lt;tr&gt;&lt;td&gt;Time: 2026-04-27T12:02:22Z&lt;/td&gt;&lt;/tr&gt;
&lt;/table&gt;
</description>
<Point>
<coordinates>-71.849477,-13.417351,3080.6</coordinates>
</Point>
</Placemark>
<Placemark>
<name>Jose Collas (-47)-83</name>
<description>
&lt;table&gt;
&lt;tr&gt;&lt;td&gt;Longitude: -71.849406&lt;/td&gt;&lt;/tr&gt;
&lt;tr&gt;&lt;td&gt;Latitude: -13.417382&lt;/td&gt;&lt;/tr&gt;
&lt;tr&gt;&lt;td&gt;Altitude: 3081.4 m&lt;/td&gt;&lt;/tr&gt;
&lt;tr&gt;&lt;td&gt;Time: 2026-04-27T12:02:43Z&lt;/td&gt;&lt;/tr&gt;
&lt;/table&gt;
</description>
<Point>
<coordinates>-71.849406,-13.417382,3081.4</coordinates>
</Point>
</Placemark>
<Placemark>
<name>Jose Collas (-47)-84</name>
<description>
&lt;table&gt;
&lt;tr&gt;&lt;td&gt;Longitude: -71.849304&lt;/td&gt;&lt;/tr&gt;
&lt;tr&gt;&lt;td&gt;Latitude: -13.417318&lt;/td&gt;&lt;/tr&gt;
&lt;tr&gt;&lt;td&gt;Altitude: 3083 m&lt;/td&gt;&lt;/tr&gt;
&lt;tr&gt;&lt;td&gt;Time: 2026-04-27T12:03:30Z&lt;/td&gt;&lt;/tr&gt;
&lt;/table&gt;
</description>
<Point>
<coordinates>-71.849304,-13.417318,3083</coordinates>
</Point>
</Placemark>
<Placemark>
<name>Jose Collas (-47)-85</name>
<description>
&lt;table&gt;
&lt;tr&gt;&lt;td&gt;Longitude: -71.849304&lt;/td&gt;&lt;/tr&gt;
&lt;tr&gt;&lt;td&gt;Latitude: -13.417277&lt;/td&gt;&lt;/tr&gt;
&lt;tr&gt;&lt;td&gt;Altitude: 3084.8 m&lt;/td&gt;&lt;/tr&gt;
&lt;tr&gt;&lt;td&gt;Time: 2026-04-27T12:04:33Z&lt;/td&gt;&lt;/tr&gt;
&lt;/table&gt;
</description>
<Point>
<coordinates>-71.849304,-13.417277,3084.8</coordinates>
</Point>
</Placemark>
<Placemark>
<name>Jose Collas (-47)-86</name>
<description>
&lt;table&gt;
&lt;tr&gt;&lt;td&gt;Longitude: -71.849317&lt;/td&gt;&lt;/tr&gt;
&lt;tr&gt;&lt;td&gt;Latitude: -13.417269&lt;/td&gt;&lt;/tr&gt;
&lt;tr&gt;&lt;td&gt;Altitude: 3085.8 m&lt;/td&gt;&lt;/tr&gt;
&lt;tr&gt;&lt;td&gt;Time: 2026-04-27T12:04:35Z&lt;/td&gt;&lt;/tr&gt;
&lt;/table&gt;
</description>
<Point>
<coordinates>-71.849317,-13.417269,3085.8</coordinates>
</Point>
</Placemark>
<Placemark>
<name>Jose Collas (-47)-87</name>
<description>
&lt;table&gt;
&lt;tr&gt;&lt;td&gt;Longitude: -71.849498&lt;/td&gt;&lt;/tr&gt;
&lt;tr&gt;&lt;td&gt;Latitude: -13.417211&lt;/td&gt;&lt;/tr&gt;
&lt;tr&gt;&lt;td&gt;Altitude: 3097.2 m&lt;/td&gt;&lt;/tr&gt;
&lt;tr&gt;&lt;td&gt;Time: 2026-04-27T12:05:33Z&lt;/td&gt;&lt;/tr&gt;
&lt;/table&gt;
</description>
<Point>
<coordinates>-71.849498,-13.417211,3097.2</coordinates>
</Point>
</Placemark>
<Placemark>
<name>Jose Collas (-47)-88</name>
<description>
&lt;table&gt;
&lt;tr&gt;&lt;td&gt;Longitude: -71.849517&lt;/td&gt;&lt;/tr&gt;
&lt;tr&gt;&lt;td&gt;Latitude: -13.417194&lt;/td&gt;&lt;/tr&gt;
&lt;tr&gt;&lt;td&gt;Altitude: 3099.2 m&lt;/td&gt;&lt;/tr&gt;
&lt;tr&gt;&lt;td&gt;Time: 2026-04-27T12:07:26Z&lt;/td&gt;&lt;/tr&gt;
&lt;/table&gt;
</description>
<Point>
<coordinates>-71.849517,-13.417194,3099.2</coordinates>
</Point>
</Placemark>
<Placemark>
<name>Jose Collas (-47)-89</name>
<description>
&lt;table&gt;
&lt;tr&gt;&lt;td&gt;Longitude: -71.849560&lt;/td&gt;&lt;/tr&gt;
&lt;tr&gt;&lt;td&gt;Latitude: -13.417222&lt;/td&gt;&lt;/tr&gt;
&lt;tr&gt;&lt;td&gt;Altitude: 3117.4 m&lt;/td&gt;&lt;/tr&gt;
&lt;tr&gt;&lt;td&gt;Time: 2026-04-27T12:09:58Z&lt;/td&gt;&lt;/tr&gt;
&lt;/table&gt;
</description>
<Point>
<coordinates>-71.849560,-13.417222,3117.4</coordinates>
</Point>
</Placemark>
<Placemark>
<name>Jose Collas (-47)-90</name>
<description>
&lt;table&gt;
&lt;tr&gt;&lt;td&gt;Longitude: -71.849590&lt;/td&gt;&lt;/tr&gt;
&lt;tr&gt;&lt;td&gt;Latitude: -13.417219&lt;/td&gt;&lt;/tr&gt;
&lt;tr&gt;&lt;td&gt;Altitude: 3127.2 m&lt;/td&gt;&lt;/tr&gt;
&lt;tr&gt;&lt;td&gt;Time: 2026-04-27T12:10:36Z&lt;/td&gt;&lt;/tr&gt;
&lt;/table&gt;
</description>
<Point>
<coordinates>-71.849590,-13.417219,3127.2</coordinates>
</Point>
</Placemark>
<Placemark>
<name>Jose Collas (-47)-91</name>
<description>
&lt;table&gt;
&lt;tr&gt;&lt;td&gt;Longitude: -71.849479&lt;/td&gt;&lt;/tr&gt;
&lt;tr&gt;&lt;td&gt;Latitude: -13.417154&lt;/td&gt;&lt;/tr&gt;
&lt;tr&gt;&lt;td&gt;Altitude: 3125.4 m&lt;/td&gt;&lt;/tr&gt;
&lt;tr&gt;&lt;td&gt;Time: 2026-04-27T12:11:15Z&lt;/td&gt;&lt;/tr&gt;
&lt;/table&gt;
</description>
<Point>
<coordinates>-71.849479,-13.417154,3125.4</coordinates>
</Point>
</Placemark>
<Placemark>
<name>Jose Collas (-47)-92</name>
<description>
&lt;table&gt;
&lt;tr&gt;&lt;td&gt;Longitude: -71.849432&lt;/td&gt;&lt;/tr&gt;
&lt;tr&gt;&lt;td&gt;Latitude: -13.417098&lt;/td&gt;&lt;/tr&gt;
&lt;tr&gt;&lt;td&gt;Altitude: 3124.4 m&lt;/td&gt;&lt;/tr&gt;
&lt;tr&gt;&lt;td&gt;Time: 2026-04-27T12:11:32Z&lt;/td&gt;&lt;/tr&gt;
&lt;/table&gt;
</description>
<Point>
<coordinates>-71.849432,-13.417098,3124.4</coordinates>
</Point>
</Placemark>
<Placemark>
<name>Jose Collas (-47)-93</name>
<description>
&lt;table&gt;
&lt;tr&gt;&lt;td&gt;Longitude: -71.849377&lt;/td&gt;&lt;/tr&gt;
&lt;tr&gt;&lt;td&gt;Latitude: -13.417071&lt;/td&gt;&lt;/tr&gt;
&lt;tr&gt;&lt;td&gt;Altitude: 3123.8 m&lt;/td&gt;&lt;/tr&gt;
&lt;tr&gt;&lt;td&gt;Time: 2026-04-27T12:11:48Z&lt;/td&gt;&lt;/tr&gt;
&lt;/table&gt;
</description>
<Point>
<coordinates>-71.849377,-13.417071,3123.8</coordinates>
</Point>
</Placemark>
<Placemark>
<name>Jose Collas (-47)-94</name>
<description>
&lt;table&gt;
&lt;tr&gt;&lt;td&gt;Longitude: -71.849322&lt;/td&gt;&lt;/tr&gt;
&lt;tr&gt;&lt;td&gt;Latitude: -13.417008&lt;/td&gt;&lt;/tr&gt;
&lt;tr&gt;&lt;td&gt;Altitude: 3123.2 m&lt;/td&gt;&lt;/tr&gt;
&lt;tr&gt;&lt;td&gt;Time: 2026-04-27T12:12:09Z&lt;/td&gt;&lt;/tr&gt;
&lt;/table&gt;
</description>
<Point>
<coordinates>-71.849322,-13.417008,3123.2</coordinates>
</Point>
</Placemark>
<Placemark>
<name>Jose Collas (-47)-95</name>
<description>
&lt;table&gt;
&lt;tr&gt;&lt;td&gt;Longitude: -71.849263&lt;/td&gt;&lt;/tr&gt;
&lt;tr&gt;&lt;td&gt;Latitude: -13.416973&lt;/td&gt;&lt;/tr&gt;
&lt;tr&gt;&lt;td&gt;Altitude: 3123.2 m&lt;/td&gt;&lt;/tr&gt;
&lt;tr&gt;&lt;td&gt;Time: 2026-04-27T12:12:22Z&lt;/td&gt;&lt;/tr&gt;
&lt;/table&gt;
</description>
<Point>
<coordinates>-71.849263,-13.416973,3123.2</coordinates>
</Point>
</Placemark>
<Placemark>
<name>Jose Collas (-47)-96</name>
<description>
&lt;table&gt;
&lt;tr&gt;&lt;td&gt;Longitude: -71.849194&lt;/td&gt;&lt;/tr&gt;
&lt;tr&gt;&lt;td&gt;Latitude: -13.416980&lt;/td&gt;&lt;/tr&gt;
&lt;tr&gt;&lt;td&gt;Altitude: 3123 m&lt;/td&gt;&lt;/tr&gt;
&lt;tr&gt;&lt;td&gt;Time: 2026-04-27T12:12:38Z&lt;/td&gt;&lt;/tr&gt;
&lt;/table&gt;
</description>
<Point>
<coordinates>-71.849194,-13.416980,3123</coordinates>
</Point>
</Placemark>
<Placemark>
<name>Jose Collas (-47)-97</name>
<description>
&lt;table&gt;
&lt;tr&gt;&lt;td&gt;Longitude: -71.849172&lt;/td&gt;&lt;/tr&gt;
&lt;tr&gt;&lt;td&gt;Latitude: -13.416945&lt;/td&gt;&lt;/tr&gt;
&lt;tr&gt;&lt;td&gt;Altitude: 3123.6 m&lt;/td&gt;&lt;/tr&gt;
&lt;tr&gt;&lt;td&gt;Time: 2026-04-27T12:12:51Z&lt;/td&gt;&lt;/tr&gt;
&lt;/table&gt;
</description>
<Point>
<coordinates>-71.849172,-13.416945,3123.6</coordinates>
</Point>
</Placemark>
<Placemark>
<name>Jose Collas (-47)-98</name>
<description>
&lt;table&gt;
&lt;tr&gt;&lt;td&gt;Longitude: -71.849140&lt;/td&gt;&lt;/tr&gt;
&lt;tr&gt;&lt;td&gt;Latitude: -13.416979&lt;/td&gt;&lt;/tr&gt;
&lt;tr&gt;&lt;td&gt;Altitude: 3123.8 m&lt;/td&gt;&lt;/tr&gt;
&lt;tr&gt;&lt;td&gt;Time: 2026-04-27T12:13:05Z&lt;/td&gt;&lt;/tr&gt;
&lt;/table&gt;
</description>
<Point>
<coordinates>-71.849140,-13.416979,3123.8</coordinates>
</Point>
</Placemark>
<Placemark>
<name>Jose Collas (-47)-99</name>
<description>
&lt;table&gt;
&lt;tr&gt;&lt;td&gt;Longitude: -71.849120&lt;/td&gt;&lt;/tr&gt;
&lt;tr&gt;&lt;td&gt;Latitude: -13.416978&lt;/td&gt;&lt;/tr&gt;
&lt;tr&gt;&lt;td&gt;Altitude: 3123.8 m&lt;/td&gt;&lt;/tr&gt;
&lt;tr&gt;&lt;td&gt;Time: 2026-04-27T12:13:09Z&lt;/td&gt;&lt;/tr&gt;
&lt;/table&gt;
</description>
<Point>
<coordinates>-71.849120,-13.416978,3123.8</coordinates>
</Point>
</Placemark>
<Placemark>
<name>Jose Collas (-47)-100</name>
<description>
&lt;table&gt;
&lt;tr&gt;&lt;td&gt;Longitude: -71.849114&lt;/td&gt;&lt;/tr&gt;
&lt;tr&gt;&lt;td&gt;Latitude: -13.416919&lt;/td&gt;&lt;/tr&gt;
&lt;tr&gt;&lt;td&gt;Altitude: 3124.6 m&lt;/td&gt;&lt;/tr&gt;
&lt;tr&gt;&lt;td&gt;Time: 2026-04-27T12:13:28Z&lt;/td&gt;&lt;/tr&gt;
&lt;/table&gt;
</description>
<Point>
<coordinates>-71.849114,-13.416919,3124.6</coordinates>
</Point>
</Placemark>
<Placemark>
<name>Jose Collas (-47)-101</name>
<description>
&lt;table&gt;
&lt;tr&gt;&lt;td&gt;Longitude: -71.849134&lt;/td&gt;&lt;/tr&gt;
&lt;tr&gt;&lt;td&gt;Latitude: -13.416886&lt;/td&gt;&lt;/tr&gt;
&lt;tr&gt;&lt;td&gt;Altitude: 3124.8 m&lt;/td&gt;&lt;/tr&gt;
&lt;tr&gt;&lt;td&gt;Time: 2026-04-27T12:13:36Z&lt;/td&gt;&lt;/tr&gt;
&lt;/table&gt;
</description>
<Point>
<coordinates>-71.849134,-13.416886,3124.8</coordinates>
</Point>
</Placemark>
<Placemark>
<name>Jose Collas (-47)-102</name>
<description>
&lt;table&gt;
&lt;tr&gt;&lt;td&gt;Longitude: -71.849129&lt;/td&gt;&lt;/tr&gt;
&lt;tr&gt;&lt;td&gt;Latitude: -13.416861&lt;/td&gt;&lt;/tr&gt;
&lt;tr&gt;&lt;td&gt;Altitude: 3125.2 m&lt;/td&gt;&lt;/tr&gt;
&lt;tr&gt;&lt;td&gt;Time: 2026-04-27T12:13:43Z&lt;/td&gt;&lt;/tr&gt;
&lt;/table&gt;
</description>
<Point>
<coordinates>-71.849129,-13.416861,3125.2</coordinates>
</Point>
</Placemark>
<Placemark>
<name>Jose Collas (-47)-103</name>
<description>
&lt;table&gt;
&lt;tr&gt;&lt;td&gt;Longitude: -71.849087&lt;/td&gt;&lt;/tr&gt;
&lt;tr&gt;&lt;td&gt;Latitude: -13.416889&lt;/td&gt;&lt;/tr&gt;
&lt;tr&gt;&lt;td&gt;Altitude: 3125.6 m&lt;/td&gt;&lt;/tr&gt;
&lt;tr&gt;&lt;td&gt;Time: 2026-04-27T12:13:59Z&lt;/td&gt;&lt;/tr&gt;
&lt;/table&gt;
</description>
<Point>
<coordinates>-71.849087,-13.416889,3125.6</coordinates>
</Point>
</Placemark>
<Placemark>
<name>Jose Collas (-47)-104</name>
<description>
&lt;table&gt;
&lt;tr&gt;&lt;td&gt;Longitude: -71.849057&lt;/td&gt;&lt;/tr&gt;
&lt;tr&gt;&lt;td&gt;Latitude: -13.416878&lt;/td&gt;&lt;/tr&gt;
&lt;tr&gt;&lt;td&gt;Altitude: 3125.8 m&lt;/td&gt;&lt;/tr&gt;
&lt;tr&gt;&lt;td&gt;Time: 2026-04-27T12:14:05Z&lt;/td&gt;&lt;/tr&gt;
&lt;/table&gt;
</description>
<Point>
<coordinates>-71.849057,-13.416878,3125.8</coordinates>
</Point>
</Placemark>
<Placemark>
<name>Jose Collas (-47)-105</name>
<description>
&lt;table&gt;
&lt;tr&gt;&lt;td&gt;Longitude: -71.849069&lt;/td&gt;&lt;/tr&gt;
&lt;tr&gt;&lt;td&gt;Latitude: -13.416835&lt;/td&gt;&lt;/tr&gt;
&lt;tr&gt;&lt;td&gt;Altitude: 3126 m&lt;/td&gt;&lt;/tr&gt;
&lt;tr&gt;&lt;td&gt;Time: 2026-04-27T12:14:17Z&lt;/td&gt;&lt;/tr&gt;
&lt;/table&gt;
</description>
<Point>
<coordinates>-71.849069,-13.416835,3126</coordinates>
</Point>
</Placemark>
<Placemark>
<name>Jose Collas (-47)-106</name>
<description>
&lt;table&gt;
&lt;tr&gt;&lt;td&gt;Longitude: -71.849100&lt;/td&gt;&lt;/tr&gt;
&lt;tr&gt;&lt;td&gt;Latitude: -13.416803&lt;/td&gt;&lt;/tr&gt;
&lt;tr&gt;&lt;td&gt;Altitude: 3126.6 m&lt;/td&gt;&lt;/tr&gt;
&lt;tr&gt;&lt;td&gt;Time: 2026-04-27T12:14:29Z&lt;/td&gt;&lt;/tr&gt;
&lt;/table&gt;
</description>
<Point>
<coordinates>-71.849100,-13.416803,3126.6</coordinates>
</Point>
</Placemark>
<Placemark>
<name>Jose Collas (-47)-107</name>
<description>
&lt;table&gt;
&lt;tr&gt;&lt;td&gt;Longitude: -71.849092&lt;/td&gt;&lt;/tr&gt;
&lt;tr&gt;&lt;td&gt;Latitude: -13.416746&lt;/td&gt;&lt;/tr&gt;
&lt;tr&gt;&lt;td&gt;Altitude: 3127.2 m&lt;/td&gt;&lt;/tr&gt;
&lt;tr&gt;&lt;td&gt;Time: 2026-04-27T12:14:50Z&lt;/td&gt;&lt;/tr&gt;
&lt;/table&gt;
</description>
<Point>
<coordinates>-71.849092,-13.416746,3127.2</coordinates>
</Point>
</Placemark>
<Placemark>
<name>Jose Collas (-47)-108</name>
<description>
&lt;table&gt;
&lt;tr&gt;&lt;td&gt;Longitude: -71.849124&lt;/td&gt;&lt;/tr&gt;
&lt;tr&gt;&lt;td&gt;Latitude: -13.416646&lt;/td&gt;&lt;/tr&gt;
&lt;tr&gt;&lt;td&gt;Altitude: 3129 m&lt;/td&gt;&lt;/tr&gt;
&lt;tr&gt;&lt;td&gt;Time: 2026-04-27T12:15:18Z&lt;/td&gt;&lt;/tr&gt;
&lt;/table&gt;
</description>
<Point>
<coordinates>-71.849124,-13.416646,3129</coordinates>
</Point>
</Placemark>
<Placemark>
<name>Jose Collas (-47)-109</name>
<description>
&lt;table&gt;
&lt;tr&gt;&lt;td&gt;Longitude: -71.849113&lt;/td&gt;&lt;/tr&gt;
&lt;tr&gt;&lt;td&gt;Latitude: -13.416630&lt;/td&gt;&lt;/tr&gt;
&lt;tr&gt;&lt;td&gt;Altitude: 3129.2 m&lt;/td&gt;&lt;/tr&gt;
&lt;tr&gt;&lt;td&gt;Time: 2026-04-27T12:15:28Z&lt;/td&gt;&lt;/tr&gt;
&lt;/table&gt;
</description>
<Point>
<coordinates>-71.849113,-13.416630,3129.2</coordinates>
</Point>
</Placemark>
<Placemark>
<name>Jose Collas (-47)-110</name>
<description>
&lt;table&gt;
&lt;tr&gt;&lt;td&gt;Longitude: -71.849063&lt;/td&gt;&lt;/tr&gt;
&lt;tr&gt;&lt;td&gt;Latitude: -13.416647&lt;/td&gt;&lt;/tr&gt;
&lt;tr&gt;&lt;td&gt;Altitude: 3129.6 m&lt;/td&gt;&lt;/tr&gt;
&lt;tr&gt;&lt;td&gt;Time: 2026-04-27T12:15:52Z&lt;/td&gt;&lt;/tr&gt;
&lt;/table&gt;
</description>
<Point>
<coordinates>-71.849063,-13.416647,3129.6</coordinates>
</Point>
</Placemark>
<Placemark>
<name>Jose Collas (-47)-111</name>
<description>
&lt;table&gt;
&lt;tr&gt;&lt;td&gt;Longitude: -71.849058&lt;/td&gt;&lt;/tr&gt;
&lt;tr&gt;&lt;td&gt;Latitude: -13.416617&lt;/td&gt;&lt;/tr&gt;
&lt;tr&gt;&lt;td&gt;Altitude: 3130.4 m&lt;/td&gt;&lt;/tr&gt;
&lt;tr&gt;&lt;td&gt;Time: 2026-04-27T12:15:59Z&lt;/td&gt;&lt;/tr&gt;
&lt;/table&gt;
</description>
<Point>
<coordinates>-71.849058,-13.416617,3130.4</coordinates>
</Point>
</Placemark>
<Placemark>
<name>Jose Collas (-47)-112</name>
<description>
&lt;table&gt;
&lt;tr&gt;&lt;td&gt;Longitude: -71.849076&lt;/td&gt;&lt;/tr&gt;
&lt;tr&gt;&lt;td&gt;Latitude: -13.416567&lt;/td&gt;&lt;/tr&gt;
&lt;tr&gt;&lt;td&gt;Altitude: 3132.2 m&lt;/td&gt;&lt;/tr&gt;
&lt;tr&gt;&lt;td&gt;Time: 2026-04-27T12:16:14Z&lt;/td&gt;&lt;/tr&gt;
&lt;/table&gt;
</description>
<Point>
<coordinates>-71.849076,-13.416567,3132.2</coordinates>
</Point>
</Placemark>
<Placemark>
<name>Jose Collas (-47)-113</name>
<description>
&lt;table&gt;
&lt;tr&gt;&lt;td&gt;Longitude: -71.849046&lt;/td&gt;&lt;/tr&gt;
&lt;tr&gt;&lt;td&gt;Latitude: -13.416504&lt;/td&gt;&lt;/tr&gt;
&lt;tr&gt;&lt;td&gt;Altitude: 3133.2 m&lt;/td&gt;&lt;/tr&gt;
&lt;tr&gt;&lt;td&gt;Time: 2026-04-27T12:16:39Z&lt;/td&gt;&lt;/tr&gt;
&lt;/table&gt;
</description>
<Point>
<coordinates>-71.849046,-13.416504,3133.2</coordinates>
</Point>
</Placemark>
<Placemark>
<name>Jose Collas (-47)-114</name>
<description>
&lt;table&gt;
&lt;tr&gt;&lt;td&gt;Longitude: -71.849064&lt;/td&gt;&lt;/tr&gt;
&lt;tr&gt;&lt;td&gt;Latitude: -13.416480&lt;/td&gt;&lt;/tr&gt;
&lt;tr&gt;&lt;td&gt;Altitude: 3133.6 m&lt;/td&gt;&lt;/tr&gt;
&lt;tr&gt;&lt;td&gt;Time: 2026-04-27T12:16:53Z&lt;/td&gt;&lt;/tr&gt;
&lt;/table&gt;
</description>
<Point>
<coordinates>-71.849064,-13.416480,3133.6</coordinates>
</Point>
</Placemark>
<Placemark>
<name>Jose Collas (-47)-115</name>
<description>
&lt;table&gt;
&lt;tr&gt;&lt;td&gt;Longitude: -71.849116&lt;/td&gt;&lt;/tr&gt;
&lt;tr&gt;&lt;td&gt;Latitude: -13.416483&lt;/td&gt;&lt;/tr&gt;
&lt;tr&gt;&lt;td&gt;Altitude: 3134.8 m&lt;/td&gt;&lt;/tr&gt;
&lt;tr&gt;&lt;td&gt;Time: 2026-04-27T12:17:03Z&lt;/td&gt;&lt;/tr&gt;
&lt;/table&gt;
</description>
<Point>
<coordinates>-71.849116,-13.416483,3134.8</coordinates>
</Point>
</Placemark>
<Placemark>
<name>Jose Collas (-47)-116</name>
<description>
&lt;table&gt;
&lt;tr&gt;&lt;td&gt;Longitude: -71.849154&lt;/td&gt;&lt;/tr&gt;
&lt;tr&gt;&lt;td&gt;Latitude: -13.416510&lt;/td&gt;&lt;/tr&gt;
&lt;tr&gt;&lt;td&gt;Altitude: 3136 m&lt;/td&gt;&lt;/tr&gt;
&lt;tr&gt;&lt;td&gt;Time: 2026-04-27T12:17:10Z&lt;/td&gt;&lt;/tr&gt;
&lt;/table&gt;
</description>
<Point>
<coordinates>-71.849154,-13.416510,3136</coordinates>
</Point>
</Placemark>
<Placemark>
<name>Jose Collas (-47)-117</name>
<description>
&lt;table&gt;
&lt;tr&gt;&lt;td&gt;Longitude: -71.849167&lt;/td&gt;&lt;/tr&gt;
&lt;tr&gt;&lt;td&gt;Latitude: -13.416505&lt;/td&gt;&lt;/tr&gt;
&lt;tr&gt;&lt;td&gt;Altitude: 3136.6 m&lt;/td&gt;&lt;/tr&gt;
&lt;tr&gt;&lt;td&gt;Time: 2026-04-27T12:17:16Z&lt;/td&gt;&lt;/tr&gt;
&lt;/table&gt;
</description>
<Point>
<coordinates>-71.849167,-13.416505,3136.6</coordinates>
</Point>
</Placemark>
<Placemark>
<name>Jose Collas (-47)-118</name>
<description>
&lt;table&gt;
&lt;tr&gt;&lt;td&gt;Longitude: -71.849149&lt;/td&gt;&lt;/tr&gt;
&lt;tr&gt;&lt;td&gt;Latitude: -13.416412&lt;/td&gt;&lt;/tr&gt;
&lt;tr&gt;&lt;td&gt;Altitude: 3137.6 m&lt;/td&gt;&lt;/tr&gt;
&lt;tr&gt;&lt;td&gt;Time: 2026-04-27T12:17:37Z&lt;/td&gt;&lt;/tr&gt;
&lt;/table&gt;
</description>
<Point>
<coordinates>-71.849149,-13.416412,3137.6</coordinates>
</Point>
</Placemark>
<Placemark>
<name>Jose Collas (-47)-119</name>
<description>
&lt;table&gt;
&lt;tr&gt;&lt;td&gt;Longitude: -71.848989&lt;/td&gt;&lt;/tr&gt;
&lt;tr&gt;&lt;td&gt;Latitude: -13.416354&lt;/td&gt;&lt;/tr&gt;
&lt;tr&gt;&lt;td&gt;Altitude: 3140.8 m&lt;/td&gt;&lt;/tr&gt;
&lt;tr&gt;&lt;td&gt;Time: 2026-04-27T12:18:07Z&lt;/td&gt;&lt;/tr&gt;
&lt;/table&gt;
</description>
<Point>
<coordinates>-71.848989,-13.416354,3140.8</coordinates>
</Point>
</Placemark>
<Placemark>
<name>Jose Collas (-47)-120</name>
<description>
&lt;table&gt;
&lt;tr&gt;&lt;td&gt;Longitude: -71.848916&lt;/td&gt;&lt;/tr&gt;
&lt;tr&gt;&lt;td&gt;Latitude: -13.416377&lt;/td&gt;&lt;/tr&gt;
&lt;tr&gt;&lt;td&gt;Altitude: 3142.4 m&lt;/td&gt;&lt;/tr&gt;
&lt;tr&gt;&lt;td&gt;Time: 2026-04-27T12:18:24Z&lt;/td&gt;&lt;/tr&gt;
&lt;/table&gt;
</description>
<Point>
<coordinates>-71.848916,-13.416377,3142.4</coordinates>
</Point>
</Placemark>
<Placemark>
<name>Jose Collas (-47)-121</name>
<description>
&lt;table&gt;
&lt;tr&gt;&lt;td&gt;Longitude: -71.848799&lt;/td&gt;&lt;/tr&gt;
&lt;tr&gt;&lt;td&gt;Latitude: -13.416493&lt;/td&gt;&lt;/tr&gt;
&lt;tr&gt;&lt;td&gt;Altitude: 3146 m&lt;/td&gt;&lt;/tr&gt;
&lt;tr&gt;&lt;td&gt;Time: 2026-04-27T12:18:56Z&lt;/td&gt;&lt;/tr&gt;
&lt;/table&gt;
</description>
<Point>
<coordinates>-71.848799,-13.416493,3146</coordinates>
</Point>
</Placemark>
<Placemark>
<name>Jose Collas (-47)-122</name>
<description>
&lt;table&gt;
&lt;tr&gt;&lt;td&gt;Longitude: -71.848731&lt;/td&gt;&lt;/tr&gt;
&lt;tr&gt;&lt;td&gt;Latitude: -13.416590&lt;/td&gt;&lt;/tr&gt;
&lt;tr&gt;&lt;td&gt;Altitude: 3148.8 m&lt;/td&gt;&lt;/tr&gt;
&lt;tr&gt;&lt;td&gt;Time: 2026-04-27T12:19:27Z&lt;/td&gt;&lt;/tr&gt;
&lt;/table&gt;
</description>
<Point>
<coordinates>-71.848731,-13.416590,3148.8</coordinates>
</Point>
</Placemark>
<Placemark>
<name>Jose Collas (-47)-123</name>
<description>
&lt;table&gt;
&lt;tr&gt;&lt;td&gt;Longitude: -71.848610&lt;/td&gt;&lt;/tr&gt;
&lt;tr&gt;&lt;td&gt;Latitude: -13.416687&lt;/td&gt;&lt;/tr&gt;
&lt;tr&gt;&lt;td&gt;Altitude: 3153.2 m&lt;/td&gt;&lt;/tr&gt;
&lt;tr&gt;&lt;td&gt;Time: 2026-04-27T12:20:07Z&lt;/td&gt;&lt;/tr&gt;
&lt;/table&gt;
</description>
<Point>
<coordinates>-71.848610,-13.416687,3153.2</coordinates>
</Point>
</Placemark>
<Placemark>
<name>Jose Collas (-47)-124</name>
<description>
&lt;table&gt;
&lt;tr&gt;&lt;td&gt;Longitude: -71.848582&lt;/td&gt;&lt;/tr&gt;
&lt;tr&gt;&lt;td&gt;Latitude: -13.416681&lt;/td&gt;&lt;/tr&gt;
&lt;tr&gt;&lt;td&gt;Altitude: 3154.2 m&lt;/td&gt;&lt;/tr&gt;
&lt;tr&gt;&lt;td&gt;Time: 2026-04-27T12:20:11Z&lt;/td&gt;&lt;/tr&gt;
&lt;/table&gt;
</description>
<Point>
<coordinates>-71.848582,-13.416681,3154.2</coordinates>
</Point>
</Placemark>
<Placemark>
<name>Jose Collas (-47)-125</name>
<description>
&lt;table&gt;
&lt;tr&gt;&lt;td&gt;Longitude: -71.848590&lt;/td&gt;&lt;/tr&gt;
&lt;tr&gt;&lt;td&gt;Latitude: -13.416578&lt;/td&gt;&lt;/tr&gt;
&lt;tr&gt;&lt;td&gt;Altitude: 3159.2 m&lt;/td&gt;&lt;/tr&gt;
&lt;tr&gt;&lt;td&gt;Time: 2026-04-27T12:20:36Z&lt;/td&gt;&lt;/tr&gt;
&lt;/table&gt;
</description>
<Point>
<coordinates>-71.848590,-13.416578,3159.2</coordinates>
</Point>
</Placemark>
<Placemark>
<name>Jose Collas (-47)-126</name>
<description>
&lt;table&gt;
&lt;tr&gt;&lt;td&gt;Longitude: -71.848562&lt;/td&gt;&lt;/tr&gt;
&lt;tr&gt;&lt;td&gt;Latitude: -13.416505&lt;/td&gt;&lt;/tr&gt;
&lt;tr&gt;&lt;td&gt;Altitude: 3161 m&lt;/td&gt;&lt;/tr&gt;
&lt;tr&gt;&lt;td&gt;Time: 2026-04-27T12:20:58Z&lt;/td&gt;&lt;/tr&gt;
&lt;/table&gt;
</description>
<Point>
<coordinates>-71.848562,-13.416505,3161</coordinates>
</Point>
</Placemark>
<Placemark>
<name>Jose Collas (-47)-127</name>
<description>
&lt;table&gt;
&lt;tr&gt;&lt;td&gt;Longitude: -71.848557&lt;/td&gt;&lt;/tr&gt;
&lt;tr&gt;&lt;td&gt;Latitude: -13.416421&lt;/td&gt;&lt;/tr&gt;
&lt;tr&gt;&lt;td&gt;Altitude: 3164.6 m&lt;/td&gt;&lt;/tr&gt;
&lt;tr&gt;&lt;td&gt;Time: 2026-04-27T12:21:28Z&lt;/td&gt;&lt;/tr&gt;
&lt;/table&gt;
</description>
<Point>
<coordinates>-71.848557,-13.416421,3164.6</coordinates>
</Point>
</Placemark>
<Placemark>
<name>Jose Collas (-47)-128</name>
<description>
&lt;table&gt;
&lt;tr&gt;&lt;td&gt;Longitude: -71.848598&lt;/td&gt;&lt;/tr&gt;
&lt;tr&gt;&lt;td&gt;Latitude: -13.416275&lt;/td&gt;&lt;/tr&gt;
&lt;tr&gt;&lt;td&gt;Altitude: 3171.2 m&lt;/td&gt;&lt;/tr&gt;
&lt;tr&gt;&lt;td&gt;Time: 2026-04-27T12:22:01Z&lt;/td&gt;&lt;/tr&gt;
&lt;/table&gt;
</description>
<Point>
<coordinates>-71.848598,-13.416275,3171.2</coordinates>
</Point>
</Placemark>
<Placemark>
<name>Jose Collas (-47)-129</name>
<description>
&lt;table&gt;
&lt;tr&gt;&lt;td&gt;Longitude: -71.848712&lt;/td&gt;&lt;/tr&gt;
&lt;tr&gt;&lt;td&gt;Latitude: -13.416102&lt;/td&gt;&lt;/tr&gt;
&lt;tr&gt;&lt;td&gt;Altitude: 3178.2 m&lt;/td&gt;&lt;/tr&gt;
&lt;tr&gt;&lt;td&gt;Time: 2026-04-27T12:22:53Z&lt;/td&gt;&lt;/tr&gt;
&lt;/table&gt;
</description>
<Point>
<coordinates>-71.848712,-13.416102,3178.2</coordinates>
</Point>
</Placemark>
<Placemark>
<name>Jose Collas (-47)-130</name>
<description>
&lt;table&gt;
&lt;tr&gt;&lt;td&gt;Longitude: -71.848685&lt;/td&gt;&lt;/tr&gt;
&lt;tr&gt;&lt;td&gt;Latitude: -13.415939&lt;/td&gt;&lt;/tr&gt;
&lt;tr&gt;&lt;td&gt;Altitude: 3183.2 m&lt;/td&gt;&lt;/tr&gt;
&lt;tr&gt;&lt;td&gt;Time: 2026-04-27T12:23:35Z&lt;/td&gt;&lt;/tr&gt;
&lt;/table&gt;
</description>
<Point>
<coordinates>-71.848685,-13.415939,3183.2</coordinates>
</Point>
</Placemark>
<Placemark>
<name>Jose Collas (-47)-131</name>
<description>
&lt;table&gt;
&lt;tr&gt;&lt;td&gt;Longitude: -71.848700&lt;/td&gt;&lt;/tr&gt;
&lt;tr&gt;&lt;td&gt;Latitude: -13.415886&lt;/td&gt;&lt;/tr&gt;
&lt;tr&gt;&lt;td&gt;Altitude: 3184.4 m&lt;/td&gt;&lt;/tr&gt;
&lt;tr&gt;&lt;td&gt;Time: 2026-04-27T12:23:50Z&lt;/td&gt;&lt;/tr&gt;
&lt;/table&gt;
</description>
<Point>
<coordinates>-71.848700,-13.415886,3184.4</coordinates>
</Point>
</Placemark>
<Placemark>
<name>Jose Collas (-47)-132</name>
<description>
&lt;table&gt;
&lt;tr&gt;&lt;td&gt;Longitude: -71.848603&lt;/td&gt;&lt;/tr&gt;
&lt;tr&gt;&lt;td&gt;Latitude: -13.415869&lt;/td&gt;&lt;/tr&gt;
&lt;tr&gt;&lt;td&gt;Altitude: 3186.2 m&lt;/td&gt;&lt;/tr&gt;
&lt;tr&gt;&lt;td&gt;Time: 2026-04-27T12:24:24Z&lt;/td&gt;&lt;/tr&gt;
&lt;/table&gt;
</description>
<Point>
<coordinates>-71.848603,-13.415869,3186.2</coordinates>
</Point>
</Placemark>
<Placemark>
<name>Jose Collas (-47)-133</name>
<description>
&lt;table&gt;
&lt;tr&gt;&lt;td&gt;Longitude: -71.848556&lt;/td&gt;&lt;/tr&gt;
&lt;tr&gt;&lt;td&gt;Latitude: -13.415908&lt;/td&gt;&lt;/tr&gt;
&lt;tr&gt;&lt;td&gt;Altitude: 3187 m&lt;/td&gt;&lt;/tr&gt;
&lt;tr&gt;&lt;td&gt;Time: 2026-04-27T12:24:40Z&lt;/td&gt;&lt;/tr&gt;
&lt;/table&gt;
</description>
<Point>
<coordinates>-71.848556,-13.415908,3187</coordinates>
</Point>
</Placemark>
<Placemark>
<name>Jose Collas (-47)-134</name>
<description>
&lt;table&gt;
&lt;tr&gt;&lt;td&gt;Longitude: -71.848548&lt;/td&gt;&lt;/tr&gt;
&lt;tr&gt;&lt;td&gt;Latitude: -13.415935&lt;/td&gt;&lt;/tr&gt;
&lt;tr&gt;&lt;td&gt;Altitude: 3187.6 m&lt;/td&gt;&lt;/tr&gt;
&lt;tr&gt;&lt;td&gt;Time: 2026-04-27T12:24:46Z&lt;/td&gt;&lt;/tr&gt;
&lt;/table&gt;
</description>
<Point>
<coordinates>-71.848548,-13.415935,3187.6</coordinates>
</Point>
</Placemark>
<Placemark>
<name>Jose Collas (-47)-135</name>
<description>
&lt;table&gt;
&lt;tr&gt;&lt;td&gt;Longitude: -71.848524&lt;/td&gt;&lt;/tr&gt;
&lt;tr&gt;&lt;td&gt;Latitude: -13.415939&lt;/td&gt;&lt;/tr&gt;
&lt;tr&gt;&lt;td&gt;Altitude: 3188.2 m&lt;/td&gt;&lt;/tr&gt;
&lt;tr&gt;&lt;td&gt;Time: 2026-04-27T12:24:50Z&lt;/td&gt;&lt;/tr&gt;
&lt;/table&gt;
</description>
<Point>
<coordinates>-71.848524,-13.415939,3188.2</coordinates>
</Point>
</Placemark>
<Placemark>
<name>Jose Collas (-47)-136</name>
<description>
&lt;table&gt;
&lt;tr&gt;&lt;td&gt;Longitude: -71.848497&lt;/td&gt;&lt;/tr&gt;
&lt;tr&gt;&lt;td&gt;Latitude: -13.415922&lt;/td&gt;&lt;/tr&gt;
&lt;tr&gt;&lt;td&gt;Altitude: 3189.6 m&lt;/td&gt;&lt;/tr&gt;
&lt;tr&gt;&lt;td&gt;Time: 2026-04-27T12:24:58Z&lt;/td&gt;&lt;/tr&gt;
&lt;/table&gt;
</description>
<Point>
<coordinates>-71.848497,-13.415922,3189.6</coordinates>
</Point>
</Placemark>
<Placemark>
<name>Jose Collas (-47)-137</name>
<description>
&lt;table&gt;
&lt;tr&gt;&lt;td&gt;Longitude: -71.848481&lt;/td&gt;&lt;/tr&gt;
&lt;tr&gt;&lt;td&gt;Latitude: -13.415855&lt;/td&gt;&lt;/tr&gt;
&lt;tr&gt;&lt;td&gt;Altitude: 3194.6 m&lt;/td&gt;&lt;/tr&gt;
&lt;tr&gt;&lt;td&gt;Time: 2026-04-27T12:25:19Z&lt;/td&gt;&lt;/tr&gt;
&lt;/table&gt;
</description>
<Point>
<coordinates>-71.848481,-13.415855,3194.6</coordinates>
</Point>
</Placemark>
<Placemark>
<name>Jose Collas (-47)-138</name>
<description>
&lt;table&gt;
&lt;tr&gt;&lt;td&gt;Longitude: -71.848453&lt;/td&gt;&lt;/tr&gt;
&lt;tr&gt;&lt;td&gt;Latitude: -13.415841&lt;/td&gt;&lt;/tr&gt;
&lt;tr&gt;&lt;td&gt;Altitude: 3196.8 m&lt;/td&gt;&lt;/tr&gt;
&lt;tr&gt;&lt;td&gt;Time: 2026-04-27T12:25:28Z&lt;/td&gt;&lt;/tr&gt;
&lt;/table&gt;
</description>
<Point>
<coordinates>-71.848453,-13.415841,3196.8</coordinates>
</Point>
</Placemark>
<Placemark>
<name>Jose Collas (-47)-139</name>
<description>
&lt;table&gt;
&lt;tr&gt;&lt;td&gt;Longitude: -71.848432&lt;/td&gt;&lt;/tr&gt;
&lt;tr&gt;&lt;td&gt;Latitude: -13.415786&lt;/td&gt;&lt;/tr&gt;
&lt;tr&gt;&lt;td&gt;Altitude: 3202 m&lt;/td&gt;&lt;/tr&gt;
&lt;tr&gt;&lt;td&gt;Time: 2026-04-27T12:25:49Z&lt;/td&gt;&lt;/tr&gt;
&lt;/table&gt;
</description>
<Point>
<coordinates>-71.848432,-13.415786,3202</coordinates>
</Point>
</Placemark>
<Placemark>
<name>Jose Collas (-47)-140</name>
<description>
&lt;table&gt;
&lt;tr&gt;&lt;td&gt;Longitude: -71.848299&lt;/td&gt;&lt;/tr&gt;
&lt;tr&gt;&lt;td&gt;Latitude: -13.415754&lt;/td&gt;&lt;/tr&gt;
&lt;tr&gt;&lt;td&gt;Altitude: 3209 m&lt;/td&gt;&lt;/tr&gt;
&lt;tr&gt;&lt;td&gt;Time: 2026-04-27T12:26:31Z&lt;/td&gt;&lt;/tr&gt;
&lt;/table&gt;
</description>
<Point>
<coordinates>-71.848299,-13.415754,3209</coordinates>
</Point>
</Placemark>
<Placemark>
<name>Jose Collas (-47)-141</name>
<description>
&lt;table&gt;
&lt;tr&gt;&lt;td&gt;Longitude: -71.848283&lt;/td&gt;&lt;/tr&gt;
&lt;tr&gt;&lt;td&gt;Latitude: -13.415776&lt;/td&gt;&lt;/tr&gt;
&lt;tr&gt;&lt;td&gt;Altitude: 3210.2 m&lt;/td&gt;&lt;/tr&gt;
&lt;tr&gt;&lt;td&gt;Time: 2026-04-27T12:26:40Z&lt;/td&gt;&lt;/tr&gt;
&lt;/table&gt;
</description>
<Point>
<coordinates>-71.848283,-13.415776,3210.2</coordinates>
</Point>
</Placemark>
<Placemark>
<name>Jose Collas (-47)-142</name>
<description>
&lt;table&gt;
&lt;tr&gt;&lt;td&gt;Longitude: -71.848266&lt;/td&gt;&lt;/tr&gt;
&lt;tr&gt;&lt;td&gt;Latitude: -13.415772&lt;/td&gt;&lt;/tr&gt;
&lt;tr&gt;&lt;td&gt;Altitude: 3211 m&lt;/td&gt;&lt;/tr&gt;
&lt;tr&gt;&lt;td&gt;Time: 2026-04-27T12:26:44Z&lt;/td&gt;&lt;/tr&gt;
&lt;/table&gt;
</description>
<Point>
<coordinates>-71.848266,-13.415772,3211</coordinates>
</Point>
</Placemark>
<Placemark>
<name>Jose Collas (-47)-143</name>
<description>
&lt;table&gt;
&lt;tr&gt;&lt;td&gt;Longitude: -71.848266&lt;/td&gt;&lt;/tr&gt;
&lt;tr&gt;&lt;td&gt;Latitude: -13.415669&lt;/td&gt;&lt;/tr&gt;
&lt;tr&gt;&lt;td&gt;Altitude: 3216.6 m&lt;/td&gt;&lt;/tr&gt;
&lt;tr&gt;&lt;td&gt;Time: 2026-04-27T12:27:09Z&lt;/td&gt;&lt;/tr&gt;
&lt;/table&gt;
</description>
<Point>
<coordinates>-71.848266,-13.415669,3216.6</coordinates>
</Point>
</Placemark>
<Placemark>
<name>Jose Collas (-47)-144</name>
<description>
&lt;table&gt;
&lt;tr&gt;&lt;td&gt;Longitude: -71.848283&lt;/td&gt;&lt;/tr&gt;
&lt;tr&gt;&lt;td&gt;Latitude: -13.415632&lt;/td&gt;&lt;/tr&gt;
&lt;tr&gt;&lt;td&gt;Altitude: 3218 m&lt;/td&gt;&lt;/tr&gt;
&lt;tr&gt;&lt;td&gt;Time: 2026-04-27T12:27:16Z&lt;/td&gt;&lt;/tr&gt;
&lt;/table&gt;
</description>
<Point>
<coordinates>-71.848283,-13.415632,3218</coordinates>
</Point>
</Placemark>
<Placemark>
<name>Jose Collas (-47)-145</name>
<description>
&lt;table&gt;
&lt;tr&gt;&lt;td&gt;Longitude: -71.848274&lt;/td&gt;&lt;/tr&gt;
&lt;tr&gt;&lt;td&gt;Latitude: -13.415547&lt;/td&gt;&lt;/tr&gt;
&lt;tr&gt;&lt;td&gt;Altitude: 3221.8 m&lt;/td&gt;&lt;/tr&gt;
&lt;tr&gt;&lt;td&gt;Time: 2026-04-27T12:27:37Z&lt;/td&gt;&lt;/tr&gt;
&lt;/table&gt;
</description>
<Point>
<coordinates>-71.848274,-13.415547,3221.8</coordinates>
</Point>
</Placemark>
<Placemark>
<name>Jose Collas (-47)-146</name>
<description>
&lt;table&gt;
&lt;tr&gt;&lt;td&gt;Longitude: -71.848247&lt;/td&gt;&lt;/tr&gt;
&lt;tr&gt;&lt;td&gt;Latitude: -13.415504&lt;/td&gt;&lt;/tr&gt;
&lt;tr&gt;&lt;td&gt;Altitude: 3224 m&lt;/td&gt;&lt;/tr&gt;
&lt;tr&gt;&lt;td&gt;Time: 2026-04-27T12:27:51Z&lt;/td&gt;&lt;/tr&gt;
&lt;/table&gt;
</description>
<Point>
<coordinates>-71.848247,-13.415504,3224</coordinates>
</Point>
</Placemark>
<Placemark>
<name>Jose Collas (-47)-147</name>
<description>
&lt;table&gt;
&lt;tr&gt;&lt;td&gt;Longitude: -71.848239&lt;/td&gt;&lt;/tr&gt;
&lt;tr&gt;&lt;td&gt;Latitude: -13.415447&lt;/td&gt;&lt;/tr&gt;
&lt;tr&gt;&lt;td&gt;Altitude: 3226 m&lt;/td&gt;&lt;/tr&gt;
&lt;tr&gt;&lt;td&gt;Time: 2026-04-27T12:28:05Z&lt;/td&gt;&lt;/tr&gt;
&lt;/table&gt;
</description>
<Point>
<coordinates>-71.848239,-13.415447,3226</coordinates>
</Point>
</Placemark>
<Placemark>
<name>Jose Collas (-47)-148</name>
<description>
&lt;table&gt;
&lt;tr&gt;&lt;td&gt;Longitude: -71.848190&lt;/td&gt;&lt;/tr&gt;
&lt;tr&gt;&lt;td&gt;Latitude: -13.415349&lt;/td&gt;&lt;/tr&gt;
&lt;tr&gt;&lt;td&gt;Altitude: 3229.8 m&lt;/td&gt;&lt;/tr&gt;
&lt;tr&gt;&lt;td&gt;Time: 2026-04-27T12:28:32Z&lt;/td&gt;&lt;/tr&gt;
&lt;/table&gt;
</description>
<Point>
<coordinates>-71.848190,-13.415349,3229.8</coordinates>
</Point>
</Placemark>
<Placemark>
<name>Jose Collas (-47)-149</name>
<description>
&lt;table&gt;
&lt;tr&gt;&lt;td&gt;Longitude: -71.848145&lt;/td&gt;&lt;/tr&gt;
&lt;tr&gt;&lt;td&gt;Latitude: -13.415205&lt;/td&gt;&lt;/tr&gt;
&lt;tr&gt;&lt;td&gt;Altitude: 3234 m&lt;/td&gt;&lt;/tr&gt;
&lt;tr&gt;&lt;td&gt;Time: 2026-04-27T12:29:12Z&lt;/td&gt;&lt;/tr&gt;
&lt;/table&gt;
</description>
<Point>
<coordinates>-71.848145,-13.415205,3234</coordinates>
</Point>
</Placemark>
<Placemark>
<name>Jose Collas (-47)-150</name>
<description>
&lt;table&gt;
&lt;tr&gt;&lt;td&gt;Longitude: -71.848109&lt;/td&gt;&lt;/tr&gt;
&lt;tr&gt;&lt;td&gt;Latitude: -13.415177&lt;/td&gt;&lt;/tr&gt;
&lt;tr&gt;&lt;td&gt;Altitude: 3235.4 m&lt;/td&gt;&lt;/tr&gt;
&lt;tr&gt;&lt;td&gt;Time: 2026-04-27T12:29:28Z&lt;/td&gt;&lt;/tr&gt;
&lt;/table&gt;
</description>
<Point>
<coordinates>-71.848109,-13.415177,3235.4</coordinates>
</Point>
</Placemark>
<Placemark>
<name>Jose Collas (-47)-151</name>
<description>
&lt;table&gt;
&lt;tr&gt;&lt;td&gt;Longitude: -71.848088&lt;/td&gt;&lt;/tr&gt;
&lt;tr&gt;&lt;td&gt;Latitude: -13.415134&lt;/td&gt;&lt;/tr&gt;
&lt;tr&gt;&lt;td&gt;Altitude: 3236.6 m&lt;/td&gt;&lt;/tr&gt;
&lt;tr&gt;&lt;td&gt;Time: 2026-04-27T12:29:38Z&lt;/td&gt;&lt;/tr&gt;
&lt;/table&gt;
</description>
<Point>
<coordinates>-71.848088,-13.415134,3236.6</coordinates>
</Point>
</Placemark>
<Placemark>
<name>Jose Collas (-47)-152</name>
<description>
&lt;table&gt;
&lt;tr&gt;&lt;td&gt;Longitude: -71.848049&lt;/td&gt;&lt;/tr&gt;
&lt;tr&gt;&lt;td&gt;Latitude: -13.414949&lt;/td&gt;&lt;/tr&gt;
&lt;tr&gt;&lt;td&gt;Altitude: 3240.6 m&lt;/td&gt;&lt;/tr&gt;
&lt;tr&gt;&lt;td&gt;Time: 2026-04-27T12:30:15Z&lt;/td&gt;&lt;/tr&gt;
&lt;/table&gt;
</description>
<Point>
<coordinates>-71.848049,-13.414949,3240.6</coordinates>
</Point>
</Placemark>
<Placemark>
<name>Jose Collas (-47)-153</name>
<description>
&lt;table&gt;
&lt;tr&gt;&lt;td&gt;Longitude: -71.848040&lt;/td&gt;&lt;/tr&gt;
&lt;tr&gt;&lt;td&gt;Latitude: -13.414783&lt;/td&gt;&lt;/tr&gt;
&lt;tr&gt;&lt;td&gt;Altitude: 3244.6 m&lt;/td&gt;&lt;/tr&gt;
&lt;tr&gt;&lt;td&gt;Time: 2026-04-27T12:30:49Z&lt;/td&gt;&lt;/tr&gt;
&lt;/table&gt;
</description>
<Point>
<coordinates>-71.848040,-13.414783,3244.6</coordinates>
</Point>
</Placemark>
<Placemark>
<name>Jose Collas (-47)-154</name>
<description>
&lt;table&gt;
&lt;tr&gt;&lt;td&gt;Longitude: -71.848004&lt;/td&gt;&lt;/tr&gt;
&lt;tr&gt;&lt;td&gt;Latitude: -13.414686&lt;/td&gt;&lt;/tr&gt;
&lt;tr&gt;&lt;td&gt;Altitude: 3246.8 m&lt;/td&gt;&lt;/tr&gt;
&lt;tr&gt;&lt;td&gt;Time: 2026-04-27T12:31:05Z&lt;/td&gt;&lt;/tr&gt;
&lt;/table&gt;
</description>
<Point>
<coordinates>-71.848004,-13.414686,3246.8</coordinates>
</Point>
</Placemark>
<Placemark>
<name>Jose Collas (-47)-155</name>
<description>
&lt;table&gt;
&lt;tr&gt;&lt;td&gt;Longitude: -71.848002&lt;/td&gt;&lt;/tr&gt;
&lt;tr&gt;&lt;td&gt;Latitude: -13.414636&lt;/td&gt;&lt;/tr&gt;
&lt;tr&gt;&lt;td&gt;Altitude: 3248.6 m&lt;/td&gt;&lt;/tr&gt;
&lt;tr&gt;&lt;td&gt;Time: 2026-04-27T12:31:15Z&lt;/td&gt;&lt;/tr&gt;
&lt;/table&gt;
</description>
<Point>
<coordinates>-71.848002,-13.414636,3248.6</coordinates>
</Point>
</Placemark>
<Placemark>
<name>Jose Collas (-47)-156</name>
<description>
&lt;table&gt;
&lt;tr&gt;&lt;td&gt;Longitude: -71.847932&lt;/td&gt;&lt;/tr&gt;
&lt;tr&gt;&lt;td&gt;Latitude: -13.414484&lt;/td&gt;&lt;/tr&gt;
&lt;tr&gt;&lt;td&gt;Altitude: 3252.2 m&lt;/td&gt;&lt;/tr&gt;
&lt;tr&gt;&lt;td&gt;Time: 2026-04-27T12:31:43Z&lt;/td&gt;&lt;/tr&gt;
&lt;/table&gt;
</description>
<Point>
<coordinates>-71.847932,-13.414484,3252.2</coordinates>
</Point>
</Placemark>
<Placemark>
<name>Jose Collas (-47)-157</name>
<description>
&lt;table&gt;
&lt;tr&gt;&lt;td&gt;Longitude: -71.847922&lt;/td&gt;&lt;/tr&gt;
&lt;tr&gt;&lt;td&gt;Latitude: -13.414294&lt;/td&gt;&lt;/tr&gt;
&lt;tr&gt;&lt;td&gt;Altitude: 3255 m&lt;/td&gt;&lt;/tr&gt;
&lt;tr&gt;&lt;td&gt;Time: 2026-04-27T12:32:15Z&lt;/td&gt;&lt;/tr&gt;
&lt;/table&gt;
</description>
<Point>
<coordinates>-71.847922,-13.414294,3255</coordinates>
</Point>
</Placemark>
<Placemark>
<name>Jose Collas (-47)-158</name>
<description>
&lt;table&gt;
&lt;tr&gt;&lt;td&gt;Longitude: -71.847867&lt;/td&gt;&lt;/tr&gt;
&lt;tr&gt;&lt;td&gt;Latitude: -13.414119&lt;/td&gt;&lt;/tr&gt;
&lt;tr&gt;&lt;td&gt;Altitude: 3259 m&lt;/td&gt;&lt;/tr&gt;
&lt;tr&gt;&lt;td&gt;Time: 2026-04-27T12:32:43Z&lt;/td&gt;&lt;/tr&gt;
&lt;/table&gt;
</description>
<Point>
<coordinates>-71.847867,-13.414119,3259</coordinates>
</Point>
</Placemark>
<Placemark>
<name>Jose Collas (-47)-159</name>
<description>
&lt;table&gt;
&lt;tr&gt;&lt;td&gt;Longitude: -71.847867&lt;/td&gt;&lt;/tr&gt;
&lt;tr&gt;&lt;td&gt;Latitude: -13.414068&lt;/td&gt;&lt;/tr&gt;
&lt;tr&gt;&lt;td&gt;Altitude: 3260.2 m&lt;/td&gt;&lt;/tr&gt;
&lt;tr&gt;&lt;td&gt;Time: 2026-04-27T12:32:51Z&lt;/td&gt;&lt;/tr&gt;
&lt;/table&gt;
</description>
<Point>
<coordinates>-71.847867,-13.414068,3260.2</coordinates>
</Point>
</Placemark>
<Placemark>
<name>Jose Collas (-47)-160</name>
<description>
&lt;table&gt;
&lt;tr&gt;&lt;td&gt;Longitude: -71.847829&lt;/td&gt;&lt;/tr&gt;
&lt;tr&gt;&lt;td&gt;Latitude: -13.413915&lt;/td&gt;&lt;/tr&gt;
&lt;tr&gt;&lt;td&gt;Altitude: 3263 m&lt;/td&gt;&lt;/tr&gt;
&lt;tr&gt;&lt;td&gt;Time: 2026-04-27T12:33:15Z&lt;/td&gt;&lt;/tr&gt;
&lt;/table&gt;
</description>
<Point>
<coordinates>-71.847829,-13.413915,3263</coordinates>
</Point>
</Placemark>
<Placemark>
<name>Jose Collas (-47)-161</name>
<description>
&lt;table&gt;
&lt;tr&gt;&lt;td&gt;Longitude: -71.847826&lt;/td&gt;&lt;/tr&gt;
&lt;tr&gt;&lt;td&gt;Latitude: -13.413856&lt;/td&gt;&lt;/tr&gt;
&lt;tr&gt;&lt;td&gt;Altitude: 3265.2 m&lt;/td&gt;&lt;/tr&gt;
&lt;tr&gt;&lt;td&gt;Time: 2026-04-27T12:33:30Z&lt;/td&gt;&lt;/tr&gt;
&lt;/table&gt;
</description>
<Point>
<coordinates>-71.847826,-13.413856,3265.2</coordinates>
</Point>
</Placemark>
<Placemark>
<name>Jose Collas (-47)-162</name>
<description>
&lt;table&gt;
&lt;tr&gt;&lt;td&gt;Longitude: -71.847841&lt;/td&gt;&lt;/tr&gt;
&lt;tr&gt;&lt;td&gt;Latitude: -13.413850&lt;/td&gt;&lt;/tr&gt;
&lt;tr&gt;&lt;td&gt;Altitude: 3265.4 m&lt;/td&gt;&lt;/tr&gt;
&lt;tr&gt;&lt;td&gt;Time: 2026-04-27T12:33:35Z&lt;/td&gt;&lt;/tr&gt;
&lt;/table&gt;
</description>
<Point>
<coordinates>-71.847841,-13.413850,3265.4</coordinates>
</Point>
</Placemark>
<Placemark>
<name>Jose Collas (-47)-163</name>
<description>
&lt;table&gt;
&lt;tr&gt;&lt;td&gt;Longitude: -71.847822&lt;/td&gt;&lt;/tr&gt;
&lt;tr&gt;&lt;td&gt;Latitude: -13.413799&lt;/td&gt;&lt;/tr&gt;
&lt;tr&gt;&lt;td&gt;Altitude: 3265.8 m&lt;/td&gt;&lt;/tr&gt;
&lt;tr&gt;&lt;td&gt;Time: 2026-04-27T12:33:43Z&lt;/td&gt;&lt;/tr&gt;
&lt;/table&gt;
</description>
<Point>
<coordinates>-71.847822,-13.413799,3265.8</coordinates>
</Point>
</Placemark>
<Placemark>
<name>Jose Collas (-47)-164</name>
<description>
&lt;table&gt;
&lt;tr&gt;&lt;td&gt;Longitude: -71.847840&lt;/td&gt;&lt;/tr&gt;
&lt;tr&gt;&lt;td&gt;Latitude: -13.413737&lt;/td&gt;&lt;/tr&gt;
&lt;tr&gt;&lt;td&gt;Altitude: 3266.4 m&lt;/td&gt;&lt;/tr&gt;
&lt;tr&gt;&lt;td&gt;Time: 2026-04-27T12:33:52Z&lt;/td&gt;&lt;/tr&gt;
&lt;/table&gt;
</description>
<Point>
<coordinates>-71.847840,-13.413737,3266.4</coordinates>
</Point>
</Placemark>
<Placemark>
<name>Jose Collas (-47)-165</name>
<description>
&lt;table&gt;
&lt;tr&gt;&lt;td&gt;Longitude: -71.847805&lt;/td&gt;&lt;/tr&gt;
&lt;tr&gt;&lt;td&gt;Latitude: -13.413628&lt;/td&gt;&lt;/tr&gt;
&lt;tr&gt;&lt;td&gt;Altitude: 3266.8 m&lt;/td&gt;&lt;/tr&gt;
&lt;tr&gt;&lt;td&gt;Time: 2026-04-27T12:34:12Z&lt;/td&gt;&lt;/tr&gt;
&lt;/table&gt;
</description>
<Point>
<coordinates>-71.847805,-13.413628,3266.8</coordinates>
</Point>
</Placemark>
<Placemark>
<name>Jose Collas (-47)-166</name>
<description>
&lt;table&gt;
&lt;tr&gt;&lt;td&gt;Longitude: -71.847803&lt;/td&gt;&lt;/tr&gt;
&lt;tr&gt;&lt;td&gt;Latitude: -13.413518&lt;/td&gt;&lt;/tr&gt;
&lt;tr&gt;&lt;td&gt;Altitude: 3268.2 m&lt;/td&gt;&lt;/tr&gt;
&lt;tr&gt;&lt;td&gt;Time: 2026-04-27T12:34:37Z&lt;/td&gt;&lt;/tr&gt;
&lt;/table&gt;
</description>
<Point>
<coordinates>-71.847803,-13.413518,3268.2</coordinates>
</Point>
</Placemark>
<Placemark>
<name>Jose Collas (-47)-167</name>
<description>
&lt;table&gt;
&lt;tr&gt;&lt;td&gt;Longitude: -71.847795&lt;/td&gt;&lt;/tr&gt;
&lt;tr&gt;&lt;td&gt;Latitude: -13.413529&lt;/td&gt;&lt;/tr&gt;
&lt;tr&gt;&lt;td&gt;Altitude: 3268.4 m&lt;/td&gt;&lt;/tr&gt;
&lt;tr&gt;&lt;td&gt;Time: 2026-04-27T12:34:54Z&lt;/td&gt;&lt;/tr&gt;
&lt;/table&gt;
</description>
<Point>
<coordinates>-71.847795,-13.413529,3268.4</coordinates>
</Point>
</Placemark>
<Placemark>
<name>Jose Collas (-47)-168</name>
<description>
&lt;table&gt;
&lt;tr&gt;&lt;td&gt;Longitude: -71.847781&lt;/td&gt;&lt;/tr&gt;
&lt;tr&gt;&lt;td&gt;Latitude: -13.413491&lt;/td&gt;&lt;/tr&gt;
&lt;tr&gt;&lt;td&gt;Altitude: 3268.4 m&lt;/td&gt;&lt;/tr&gt;
&lt;tr&gt;&lt;td&gt;Time: 2026-04-27T12:35:05Z&lt;/td&gt;&lt;/tr&gt;
&lt;/table&gt;
</description>
<Point>
<coordinates>-71.847781,-13.413491,3268.4</coordinates>
</Point>
</Placemark>
<Placemark>
<name>Jose Collas (-47)-169</name>
<description>
&lt;table&gt;
&lt;tr&gt;&lt;td&gt;Longitude: -71.847787&lt;/td&gt;&lt;/tr&gt;
&lt;tr&gt;&lt;td&gt;Latitude: -13.413342&lt;/td&gt;&lt;/tr&gt;
&lt;tr&gt;&lt;td&gt;Altitude: 3269.2 m&lt;/td&gt;&lt;/tr&gt;
&lt;tr&gt;&lt;td&gt;Time: 2026-04-27T12:35:37Z&lt;/td&gt;&lt;/tr&gt;
&lt;/table&gt;
</description>
<Point>
<coordinates>-71.847787,-13.413342,3269.2</coordinates>
</Point>
</Placemark>
<Placemark>
<name>Jose Collas (-47)-170</name>
<description>
&lt;table&gt;
&lt;tr&gt;&lt;td&gt;Longitude: -71.847771&lt;/td&gt;&lt;/tr&gt;
&lt;tr&gt;&lt;td&gt;Latitude: -13.413278&lt;/td&gt;&lt;/tr&gt;
&lt;tr&gt;&lt;td&gt;Altitude: 3270.2 m&lt;/td&gt;&lt;/tr&gt;
&lt;tr&gt;&lt;td&gt;Time: 2026-04-27T12:36:01Z&lt;/td&gt;&lt;/tr&gt;
&lt;/table&gt;
</description>
<Point>
<coordinates>-71.847771,-13.413278,3270.2</coordinates>
</Point>
</Placemark>
<Placemark>
<name>Jose Collas (-47)-171</name>
<description>
&lt;table&gt;
&lt;tr&gt;&lt;td&gt;Longitude: -71.847747&lt;/td&gt;&lt;/tr&gt;
&lt;tr&gt;&lt;td&gt;Latitude: -13.413244&lt;/td&gt;&lt;/tr&gt;
&lt;tr&gt;&lt;td&gt;Altitude: 3271 m&lt;/td&gt;&lt;/tr&gt;
&lt;tr&gt;&lt;td&gt;Time: 2026-04-27T12:36:15Z&lt;/td&gt;&lt;/tr&gt;
&lt;/table&gt;
</description>
<Point>
<coordinates>-71.847747,-13.413244,3271</coordinates>
</Point>
</Placemark>
<Placemark>
<name>Jose Collas (-47)-172</name>
<description>
&lt;table&gt;
&lt;tr&gt;&lt;td&gt;Longitude: -71.847775&lt;/td&gt;&lt;/tr&gt;
&lt;tr&gt;&lt;td&gt;Latitude: -13.413079&lt;/td&gt;&lt;/tr&gt;
&lt;tr&gt;&lt;td&gt;Altitude: 3275 m&lt;/td&gt;&lt;/tr&gt;
&lt;tr&gt;&lt;td&gt;Time: 2026-04-27T12:36:50Z&lt;/td&gt;&lt;/tr&gt;
&lt;/table&gt;
</description>
<Point>
<coordinates>-71.847775,-13.413079,3275</coordinates>
</Point>
</Placemark>
<Placemark>
<name>Jose Collas (-47)-173</name>
<description>
&lt;table&gt;
&lt;tr&gt;&lt;td&gt;Longitude: -71.847742&lt;/td&gt;&lt;/tr&gt;
&lt;tr&gt;&lt;td&gt;Latitude: -13.412992&lt;/td&gt;&lt;/tr&gt;
&lt;tr&gt;&lt;td&gt;Altitude: 3277.2 m&lt;/td&gt;&lt;/tr&gt;
&lt;tr&gt;&lt;td&gt;Time: 2026-04-27T12:37:26Z&lt;/td&gt;&lt;/tr&gt;
&lt;/table&gt;
</description>
<Point>
<coordinates>-71.847742,-13.412992,3277.2</coordinates>
</Point>
</Placemark>
<Placemark>
<name>Jose Collas (-47)-174</name>
<description>
&lt;table&gt;
&lt;tr&gt;&lt;td&gt;Longitude: -71.847695&lt;/td&gt;&lt;/tr&gt;
&lt;tr&gt;&lt;td&gt;Latitude: -13.412924&lt;/td&gt;&lt;/tr&gt;
&lt;tr&gt;&lt;td&gt;Altitude: 3278.8 m&lt;/td&gt;&lt;/tr&gt;
&lt;tr&gt;&lt;td&gt;Time: 2026-04-27T12:37:50Z&lt;/td&gt;&lt;/tr&gt;
&lt;/table&gt;
</description>
<Point>
<coordinates>-71.847695,-13.412924,3278.8</coordinates>
</Point>
</Placemark>
<Placemark>
<name>Jose Collas (-47)-175</name>
<description>
&lt;table&gt;
&lt;tr&gt;&lt;td&gt;Longitude: -71.847657&lt;/td&gt;&lt;/tr&gt;
&lt;tr&gt;&lt;td&gt;Latitude: -13.412943&lt;/td&gt;&lt;/tr&gt;
&lt;tr&gt;&lt;td&gt;Altitude: 3279.4 m&lt;/td&gt;&lt;/tr&gt;
&lt;tr&gt;&lt;td&gt;Time: 2026-04-27T12:38:00Z&lt;/td&gt;&lt;/tr&gt;
&lt;/table&gt;
</description>
<Point>
<coordinates>-71.847657,-13.412943,3279.4</coordinates>
</Point>
</Placemark>
<Placemark>
<name>Jose Collas (-47)-176</name>
<description>
&lt;table&gt;
&lt;tr&gt;&lt;td&gt;Longitude: -71.847560&lt;/td&gt;&lt;/tr&gt;
&lt;tr&gt;&lt;td&gt;Latitude: -13.412884&lt;/td&gt;&lt;/tr&gt;
&lt;tr&gt;&lt;td&gt;Altitude: 3281.6 m&lt;/td&gt;&lt;/tr&gt;
&lt;tr&gt;&lt;td&gt;Time: 2026-04-27T12:38:25Z&lt;/td&gt;&lt;/tr&gt;
&lt;/table&gt;
</description>
<Point>
<coordinates>-71.847560,-13.412884,3281.6</coordinates>
</Point>
</Placemark>
<Placemark>
<name>Jose Collas (-47)-177</name>
<description>
&lt;table&gt;
&lt;tr&gt;&lt;td&gt;Longitude: -71.847550&lt;/td&gt;&lt;/tr&gt;
&lt;tr&gt;&lt;td&gt;Latitude: -13.412823&lt;/td&gt;&lt;/tr&gt;
&lt;tr&gt;&lt;td&gt;Altitude: 3283.6 m&lt;/td&gt;&lt;/tr&gt;
&lt;tr&gt;&lt;td&gt;Time: 2026-04-27T12:38:37Z&lt;/td&gt;&lt;/tr&gt;
&lt;/table&gt;
</description>
<Point>
<coordinates>-71.847550,-13.412823,3283.6</coordinates>
</Point>
</Placemark>
<Placemark>
<name>Jose Collas (-47)-178</name>
<description>
&lt;table&gt;
&lt;tr&gt;&lt;td&gt;Longitude: -71.847494&lt;/td&gt;&lt;/tr&gt;
&lt;tr&gt;&lt;td&gt;Latitude: -13.412718&lt;/td&gt;&lt;/tr&gt;
&lt;tr&gt;&lt;td&gt;Altitude: 3288.4 m&lt;/td&gt;&lt;/tr&gt;
&lt;tr&gt;&lt;td&gt;Time: 2026-04-27T12:39:04Z&lt;/td&gt;&lt;/tr&gt;
&lt;/table&gt;
</description>
<Point>
<coordinates>-71.847494,-13.412718,3288.4</coordinates>
</Point>
</Placemark>
<Placemark>
<name>Jose Collas (-47)-179</name>
<description>
&lt;table&gt;
&lt;tr&gt;&lt;td&gt;Longitude: -71.847466&lt;/td&gt;&lt;/tr&gt;
&lt;tr&gt;&lt;td&gt;Latitude: -13.412702&lt;/td&gt;&lt;/tr&gt;
&lt;tr&gt;&lt;td&gt;Altitude: 3289.4 m&lt;/td&gt;&lt;/tr&gt;
&lt;tr&gt;&lt;td&gt;Time: 2026-04-27T12:39:15Z&lt;/td&gt;&lt;/tr&gt;
&lt;/table&gt;
</description>
<Point>
<coordinates>-71.847466,-13.412702,3289.4</coordinates>
</Point>
</Placemark>
<Placemark>
<name>Jose Collas (-47)-180</name>
<description>
&lt;table&gt;
&lt;tr&gt;&lt;td&gt;Longitude: -71.847487&lt;/td&gt;&lt;/tr&gt;
&lt;tr&gt;&lt;td&gt;Latitude: -13.412709&lt;/td&gt;&lt;/tr&gt;
&lt;tr&gt;&lt;td&gt;Altitude: 3289.8 m&lt;/td&gt;&lt;/tr&gt;
&lt;tr&gt;&lt;td&gt;Time: 2026-04-27T12:39:32Z&lt;/td&gt;&lt;/tr&gt;
&lt;/table&gt;
</description>
<Point>
<coordinates>-71.847487,-13.412709,3289.8</coordinates>
</Point>
</Placemark>
<Placemark>
<name>Jose Collas (-47)-181</name>
<description>
&lt;table&gt;
&lt;tr&gt;&lt;td&gt;Longitude: -71.847492&lt;/td&gt;&lt;/tr&gt;
&lt;tr&gt;&lt;td&gt;Latitude: -13.412689&lt;/td&gt;&lt;/tr&gt;
&lt;tr&gt;&lt;td&gt;Altitude: 3290.2 m&lt;/td&gt;&lt;/tr&gt;
&lt;tr&gt;&lt;td&gt;Time: 2026-04-27T12:39:44Z&lt;/td&gt;&lt;/tr&gt;
&lt;/table&gt;
</description>
<Point>
<coordinates>-71.847492,-13.412689,3290.2</coordinates>
</Point>
</Placemark>
<Placemark>
<name>Jose Collas (-47)-182</name>
<description>
&lt;table&gt;
&lt;tr&gt;&lt;td&gt;Longitude: -71.847486&lt;/td&gt;&lt;/tr&gt;
&lt;tr&gt;&lt;td&gt;Latitude: -13.412710&lt;/td&gt;&lt;/tr&gt;
&lt;tr&gt;&lt;td&gt;Altitude: 3290.4 m&lt;/td&gt;&lt;/tr&gt;
&lt;tr&gt;&lt;td&gt;Time: 2026-04-27T12:39:48Z&lt;/td&gt;&lt;/tr&gt;
&lt;/table&gt;
</description>
<Point>
<coordinates>-71.847486,-13.412710,3290.4</coordinates>
</Point>
</Placemark>
<Placemark>
<name>Jose Collas (-47)-183</name>
<description>
&lt;table&gt;
&lt;tr&gt;&lt;td&gt;Longitude: -71.847456&lt;/td&gt;&lt;/tr&gt;
&lt;tr&gt;&lt;td&gt;Latitude: -13.412723&lt;/td&gt;&lt;/tr&gt;
&lt;tr&gt;&lt;td&gt;Altitude: 3291 m&lt;/td&gt;&lt;/tr&gt;
&lt;tr&gt;&lt;td&gt;Time: 2026-04-27T12:40:20Z&lt;/td&gt;&lt;/tr&gt;
&lt;/table&gt;
</description>
<Point>
<coordinates>-71.847456,-13.412723,3291</coordinates>
</Point>
</Placemark>
<Placemark>
<name>Jose Collas (-47)-184</name>
<description>
&lt;table&gt;
&lt;tr&gt;&lt;td&gt;Longitude: -71.847480&lt;/td&gt;&lt;/tr&gt;
&lt;tr&gt;&lt;td&gt;Latitude: -13.412723&lt;/td&gt;&lt;/tr&gt;
&lt;tr&gt;&lt;td&gt;Altitude: 3291 m&lt;/td&gt;&lt;/tr&gt;
&lt;tr&gt;&lt;td&gt;Time: 2026-04-27T12:40:22Z&lt;/td&gt;&lt;/tr&gt;
&lt;/table&gt;
</description>
<Point>
<coordinates>-71.847480,-13.412723,3291</coordinates>
</Point>
</Placemark>
<Placemark>
<name>Jose Collas (-47)-185</name>
<description>
&lt;table&gt;
&lt;tr&gt;&lt;td&gt;Longitude: -71.847471&lt;/td&gt;&lt;/tr&gt;
&lt;tr&gt;&lt;td&gt;Latitude: -13.412689&lt;/td&gt;&lt;/tr&gt;
&lt;tr&gt;&lt;td&gt;Altitude: 3291.6 m&lt;/td&gt;&lt;/tr&gt;
&lt;tr&gt;&lt;td&gt;Time: 2026-04-27T12:40:39Z&lt;/td&gt;&lt;/tr&gt;
&lt;/table&gt;
</description>
<Point>
<coordinates>-71.847471,-13.412689,3291.6</coordinates>
</Point>
</Placemark>
<Placemark>
<name>Jose Collas (-47)-186</name>
<description>
&lt;table&gt;
&lt;tr&gt;&lt;td&gt;Longitude: -71.847486&lt;/td&gt;&lt;/tr&gt;
&lt;tr&gt;&lt;td&gt;Latitude: -13.412674&lt;/td&gt;&lt;/tr&gt;
&lt;tr&gt;&lt;td&gt;Altitude: 3295.8 m&lt;/td&gt;&lt;/tr&gt;
&lt;tr&gt;&lt;td&gt;Time: 2026-04-27T12:42:16Z&lt;/td&gt;&lt;/tr&gt;
&lt;/table&gt;
</description>
<Point>
<coordinates>-71.847486,-13.412674,3295.8</coordinates>
</Point>
</Placemark>
<Placemark>
<name>Jose Collas (-47)-187</name>
<description>
&lt;table&gt;
&lt;tr&gt;&lt;td&gt;Longitude: -71.847476&lt;/td&gt;&lt;/tr&gt;
&lt;tr&gt;&lt;td&gt;Latitude: -13.412703&lt;/td&gt;&lt;/tr&gt;
&lt;tr&gt;&lt;td&gt;Altitude: 3301.8 m&lt;/td&gt;&lt;/tr&gt;
&lt;tr&gt;&lt;td&gt;Time: 2026-04-27T12:42:43Z&lt;/td&gt;&lt;/tr&gt;
&lt;/table&gt;
</description>
<Point>
<coordinates>-71.847476,-13.412703,3301.8</coordinates>
</Point>
</Placemark>
<Placemark>
<name>Jose Collas (-47)-188</name>
<description>
&lt;table&gt;
&lt;tr&gt;&lt;td&gt;Longitude: -71.847492&lt;/td&gt;&lt;/tr&gt;
&lt;tr&gt;&lt;td&gt;Latitude: -13.412714&lt;/td&gt;&lt;/tr&gt;
&lt;tr&gt;&lt;td&gt;Altitude: 3303 m&lt;/td&gt;&lt;/tr&gt;
&lt;tr&gt;&lt;td&gt;Time: 2026-04-27T12:42:55Z&lt;/td&gt;&lt;/tr&gt;
&lt;/table&gt;
</description>
<Point>
<coordinates>-71.847492,-13.412714,3303</coordinates>
</Point>
</Placemark>
<Placemark>
<name>Jose Collas (-47)-189</name>
<description>
&lt;table&gt;
&lt;tr&gt;&lt;td&gt;Longitude: -71.847485&lt;/td&gt;&lt;/tr&gt;
&lt;tr&gt;&lt;td&gt;Latitude: -13.412698&lt;/td&gt;&lt;/tr&gt;
&lt;tr&gt;&lt;td&gt;Altitude: 3303 m&lt;/td&gt;&lt;/tr&gt;
&lt;tr&gt;&lt;td&gt;Time: 2026-04-27T12:43:36Z&lt;/td&gt;&lt;/tr&gt;
&lt;/table&gt;
</description>
<Point>
<coordinates>-71.847485,-13.412698,3303</coordinates>
</Point>
</Placemark>
<Placemark>
<name>Jose Collas (-47)-190</name>
<description>
&lt;table&gt;
&lt;tr&gt;&lt;td&gt;Longitude: -71.847468&lt;/td&gt;&lt;/tr&gt;
&lt;tr&gt;&lt;td&gt;Latitude: -13.412720&lt;/td&gt;&lt;/tr&gt;
&lt;tr&gt;&lt;td&gt;Altitude: 3301.8 m&lt;/td&gt;&lt;/tr&gt;
&lt;tr&gt;&lt;td&gt;Time: 2026-04-27T12:44:07Z&lt;/td&gt;&lt;/tr&gt;
&lt;/table&gt;
</description>
<Point>
<coordinates>-71.847468,-13.412720,3301.8</coordinates>
</Point>
</Placemark>
<Placemark>
<name>Jose Collas (-47)-191</name>
<description>
&lt;table&gt;
&lt;tr&gt;&lt;td&gt;Longitude: -71.847449&lt;/td&gt;&lt;/tr&gt;
&lt;tr&gt;&lt;td&gt;Latitude: -13.412712&lt;/td&gt;&lt;/tr&gt;
&lt;tr&gt;&lt;td&gt;Altitude: 3300.4 m&lt;/td&gt;&lt;/tr&gt;
&lt;tr&gt;&lt;td&gt;Time: 2026-04-27T12:44:22Z&lt;/td&gt;&lt;/tr&gt;
&lt;/table&gt;
</description>
<Point>
<coordinates>-71.847449,-13.412712,3300.4</coordinates>
</Point>
</Placemark>
<Placemark>
<name>Jose Collas (-47)-192</name>
<description>
&lt;table&gt;
&lt;tr&gt;&lt;td&gt;Longitude: -71.847447&lt;/td&gt;&lt;/tr&gt;
&lt;tr&gt;&lt;td&gt;Latitude: -13.412744&lt;/td&gt;&lt;/tr&gt;
&lt;tr&gt;&lt;td&gt;Altitude: 3301 m&lt;/td&gt;&lt;/tr&gt;
&lt;tr&gt;&lt;td&gt;Time: 2026-04-27T12:44:26Z&lt;/td&gt;&lt;/tr&gt;
&lt;/table&gt;
</description>
<Point>
<coordinates>-71.847447,-13.412744,3301</coordinates>
</Point>
</Placemark>
<Placemark>
<name>Jose Collas (-47)-193</name>
<description>
&lt;table&gt;
&lt;tr&gt;&lt;td&gt;Longitude: -71.847451&lt;/td&gt;&lt;/tr&gt;
&lt;tr&gt;&lt;td&gt;Latitude: -13.412767&lt;/td&gt;&lt;/tr&gt;
&lt;tr&gt;&lt;td&gt;Altitude: 3300.6 m&lt;/td&gt;&lt;/tr&gt;
&lt;tr&gt;&lt;td&gt;Time: 2026-04-27T12:44:29Z&lt;/td&gt;&lt;/tr&gt;
&lt;/table&gt;
</description>
<Point>
<coordinates>-71.847451,-13.412767,3300.6</coordinates>
</Point>
</Placemark>
<Placemark>
<name>Jose Collas (-47)-194</name>
<description>
&lt;table&gt;
&lt;tr&gt;&lt;td&gt;Longitude: -71.847477&lt;/td&gt;&lt;/tr&gt;
&lt;tr&gt;&lt;td&gt;Latitude: -13.412782&lt;/td&gt;&lt;/tr&gt;
&lt;tr&gt;&lt;td&gt;Altitude: 3300.8 m&lt;/td&gt;&lt;/tr&gt;
&lt;tr&gt;&lt;td&gt;Time: 2026-04-27T12:45:19Z&lt;/td&gt;&lt;/tr&gt;
&lt;/table&gt;
</description>
<Point>
<coordinates>-71.847477,-13.412782,3300.8</coordinates>
</Point>
</Placemark>
<Placemark>
<name>Jose Collas (-47)-195</name>
<description>
&lt;table&gt;
&lt;tr&gt;&lt;td&gt;Longitude: -71.847471&lt;/td&gt;&lt;/tr&gt;
&lt;tr&gt;&lt;td&gt;Latitude: -13.412709&lt;/td&gt;&lt;/tr&gt;
&lt;tr&gt;&lt;td&gt;Altitude: 3299.6 m&lt;/td&gt;&lt;/tr&gt;
&lt;tr&gt;&lt;td&gt;Time: 2026-04-27T12:47:15Z&lt;/td&gt;&lt;/tr&gt;
&lt;/table&gt;
</description>
<Point>
<coordinates>-71.847471,-13.412709,3299.6</coordinates>
</Point>
</Placemark>
<Placemark>
<name>Jose Collas (-47)-196</name>
<description>
&lt;table&gt;
&lt;tr&gt;&lt;td&gt;Longitude: -71.847482&lt;/td&gt;&lt;/tr&gt;
&lt;tr&gt;&lt;td&gt;Latitude: -13.412722&lt;/td&gt;&lt;/tr&gt;
&lt;tr&gt;&lt;td&gt;Altitude: 3300.4 m&lt;/td&gt;&lt;/tr&gt;
&lt;tr&gt;&lt;td&gt;Time: 2026-04-27T12:48:47Z&lt;/td&gt;&lt;/tr&gt;
&lt;/table&gt;
</description>
<Point>
<coordinates>-71.847482,-13.412722,3300.4</coordinates>
</Point>
</Placemark>
<Placemark>
<name>Jose Collas (-47)-197</name>
<description>
&lt;table&gt;
&lt;tr&gt;&lt;td&gt;Longitude: -71.847473&lt;/td&gt;&lt;/tr&gt;
&lt;tr&gt;&lt;td&gt;Latitude: -13.412710&lt;/td&gt;&lt;/tr&gt;
&lt;tr&gt;&lt;td&gt;Altitude: 3302.2 m&lt;/td&gt;&lt;/tr&gt;
&lt;tr&gt;&lt;td&gt;Time: 2026-04-27T12:50:08Z&lt;/td&gt;&lt;/tr&gt;
&lt;/table&gt;
</description>
<Point>
<coordinates>-71.847473,-13.412710,3302.2</coordinates>
</Point>
</Placemark>
<Placemark>
<name>Jose Collas (-47)-198</name>
<description>
&lt;table&gt;
&lt;tr&gt;&lt;td&gt;Longitude: -71.847494&lt;/td&gt;&lt;/tr&gt;
&lt;tr&gt;&lt;td&gt;Latitude: -13.412701&lt;/td&gt;&lt;/tr&gt;
&lt;tr&gt;&lt;td&gt;Altitude: 3302 m&lt;/td&gt;&lt;/tr&gt;
&lt;tr&gt;&lt;td&gt;Time: 2026-04-27T12:50:17Z&lt;/td&gt;&lt;/tr&gt;
&lt;/table&gt;
</description>
<Point>
<coordinates>-71.847494,-13.412701,3302</coordinates>
</Point>
</Placemark>
<Placemark>
<name>Jose Collas (-47)-199</name>
<description>
&lt;table&gt;
&lt;tr&gt;&lt;td&gt;Longitude: -71.847477&lt;/td&gt;&lt;/tr&gt;
&lt;tr&gt;&lt;td&gt;Latitude: -13.412702&lt;/td&gt;&lt;/tr&gt;
&lt;tr&gt;&lt;td&gt;Altitude: 3302 m&lt;/td&gt;&lt;/tr&gt;
&lt;tr&gt;&lt;td&gt;Time: 2026-04-27T12:50:39Z&lt;/td&gt;&lt;/tr&gt;
&lt;/table&gt;
</description>
<Point>
<coordinates>-71.847477,-13.412702,3302</coordinates>
</Point>
</Placemark>
<Placemark>
<name>Jose Collas (-47)-200</name>
<description>
&lt;table&gt;
&lt;tr&gt;&lt;td&gt;Longitude: -71.847480&lt;/td&gt;&lt;/tr&gt;
&lt;tr&gt;&lt;td&gt;Latitude: -13.412680&lt;/td&gt;&lt;/tr&gt;
&lt;tr&gt;&lt;td&gt;Altitude: 3302.6 m&lt;/td&gt;&lt;/tr&gt;
&lt;tr&gt;&lt;td&gt;Time: 2026-04-27T12:51:14Z&lt;/td&gt;&lt;/tr&gt;
&lt;/table&gt;
</description>
<Point>
<coordinates>-71.847480,-13.412680,3302.6</coordinates>
</Point>
</Placemark>
<Placemark>
<name>Jose Collas (-47)-201</name>
<description>
&lt;table&gt;
&lt;tr&gt;&lt;td&gt;Longitude: -71.847494&lt;/td&gt;&lt;/tr&gt;
&lt;tr&gt;&lt;td&gt;Latitude: -13.412681&lt;/td&gt;&lt;/tr&gt;
&lt;tr&gt;&lt;td&gt;Altitude: 3300.6 m&lt;/td&gt;&lt;/tr&gt;
&lt;tr&gt;&lt;td&gt;Time: 2026-04-27T12:52:25Z&lt;/td&gt;&lt;/tr&gt;
&lt;/table&gt;
</description>
<Point>
<coordinates>-71.847494,-13.412681,3300.6</coordinates>
</Point>
</Placemark>
<Placemark>
<name>Jose Collas (-47)-202</name>
<description>
&lt;table&gt;
&lt;tr&gt;&lt;td&gt;Longitude: -71.847493&lt;/td&gt;&lt;/tr&gt;
&lt;tr&gt;&lt;td&gt;Latitude: -13.412634&lt;/td&gt;&lt;/tr&gt;
&lt;tr&gt;&lt;td&gt;Altitude: 3300.6 m&lt;/td&gt;&lt;/tr&gt;
&lt;tr&gt;&lt;td&gt;Time: 2026-04-27T12:52:32Z&lt;/td&gt;&lt;/tr&gt;
&lt;/table&gt;
</description>
<Point>
<coordinates>-71.847493,-13.412634,3300.6</coordinates>
</Point>
</Placemark>
<Placemark>
<name>Jose Collas (-47)-203</name>
<description>
&lt;table&gt;
&lt;tr&gt;&lt;td&gt;Longitude: -71.847517&lt;/td&gt;&lt;/tr&gt;
&lt;tr&gt;&lt;td&gt;Latitude: -13.412584&lt;/td&gt;&lt;/tr&gt;
&lt;tr&gt;&lt;td&gt;Altitude: 3300.6 m&lt;/td&gt;&lt;/tr&gt;
&lt;tr&gt;&lt;td&gt;Time: 2026-04-27T12:52:42Z&lt;/td&gt;&lt;/tr&gt;
&lt;/table&gt;
</description>
<Point>
<coordinates>-71.847517,-13.412584,3300.6</coordinates>
</Point>
</Placemark>
<Placemark>
<name>Jose Collas (-47)-204</name>
<description>
&lt;table&gt;
&lt;tr&gt;&lt;td&gt;Longitude: -71.847526&lt;/td&gt;&lt;/tr&gt;
&lt;tr&gt;&lt;td&gt;Latitude: -13.412469&lt;/td&gt;&lt;/tr&gt;
&lt;tr&gt;&lt;td&gt;Altitude: 3301.4 m&lt;/td&gt;&lt;/tr&gt;
&lt;tr&gt;&lt;td&gt;Time: 2026-04-27T12:53:03Z&lt;/td&gt;&lt;/tr&gt;
&lt;/table&gt;
</description>
<Point>
<coordinates>-71.847526,-13.412469,3301.4</coordinates>
</Point>
</Placemark>
<Placemark>
<name>Jose Collas (-47)-205</name>
<description>
&lt;table&gt;
&lt;tr&gt;&lt;td&gt;Longitude: -71.847572&lt;/td&gt;&lt;/tr&gt;
&lt;tr&gt;&lt;td&gt;Latitude: -13.412419&lt;/td&gt;&lt;/tr&gt;
&lt;tr&gt;&lt;td&gt;Altitude: 3302.4 m&lt;/td&gt;&lt;/tr&gt;
&lt;tr&gt;&lt;td&gt;Time: 2026-04-27T12:53:29Z&lt;/td&gt;&lt;/tr&gt;
&lt;/table&gt;
</description>
<Point>
<coordinates>-71.847572,-13.412419,3302.4</coordinates>
</Point>
</Placemark>
<Placemark>
<name>Jose Collas (-47)-206</name>
<description>
&lt;table&gt;
&lt;tr&gt;&lt;td&gt;Longitude: -71.847576&lt;/td&gt;&lt;/tr&gt;
&lt;tr&gt;&lt;td&gt;Latitude: -13.412391&lt;/td&gt;&lt;/tr&gt;
&lt;tr&gt;&lt;td&gt;Altitude: 3302.6 m&lt;/td&gt;&lt;/tr&gt;
&lt;tr&gt;&lt;td&gt;Time: 2026-04-27T12:53:36Z&lt;/td&gt;&lt;/tr&gt;
&lt;/table&gt;
</description>
<Point>
<coordinates>-71.847576,-13.412391,3302.6</coordinates>
</Point>
</Placemark>
<Placemark>
<name>Jose Collas (-47)-207</name>
<description>
&lt;table&gt;
&lt;tr&gt;&lt;td&gt;Longitude: -71.847548&lt;/td&gt;&lt;/tr&gt;
&lt;tr&gt;&lt;td&gt;Latitude: -13.412357&lt;/td&gt;&lt;/tr&gt;
&lt;tr&gt;&lt;td&gt;Altitude: 3303 m&lt;/td&gt;&lt;/tr&gt;
&lt;tr&gt;&lt;td&gt;Time: 2026-04-27T12:53:49Z&lt;/td&gt;&lt;/tr&gt;
&lt;/table&gt;
</description>
<Point>
<coordinates>-71.847548,-13.412357,3303</coordinates>
</Point>
</Placemark>
<Placemark>
<name>Jose Collas (-47)-208</name>
<description>
&lt;table&gt;
&lt;tr&gt;&lt;td&gt;Longitude: -71.847514&lt;/td&gt;&lt;/tr&gt;
&lt;tr&gt;&lt;td&gt;Latitude: -13.412235&lt;/td&gt;&lt;/tr&gt;
&lt;tr&gt;&lt;td&gt;Altitude: 3304.8 m&lt;/td&gt;&lt;/tr&gt;
&lt;tr&gt;&lt;td&gt;Time: 2026-04-27T12:54:25Z&lt;/td&gt;&lt;/tr&gt;
&lt;/table&gt;
</description>
<Point>
<coordinates>-71.847514,-13.412235,3304.8</coordinates>
</Point>
</Placemark>
<Placemark>
<name>Jose Collas (-47)-209</name>
<description>
&lt;table&gt;
&lt;tr&gt;&lt;td&gt;Longitude: -71.847524&lt;/td&gt;&lt;/tr&gt;
&lt;tr&gt;&lt;td&gt;Latitude: -13.412147&lt;/td&gt;&lt;/tr&gt;
&lt;tr&gt;&lt;td&gt;Altitude: 3306 m&lt;/td&gt;&lt;/tr&gt;
&lt;tr&gt;&lt;td&gt;Time: 2026-04-27T12:54:49Z&lt;/td&gt;&lt;/tr&gt;
&lt;/table&gt;
</description>
<Point>
<coordinates>-71.847524,-13.412147,3306</coordinates>
</Point>
</Placemark>
<Placemark>
<name>Jose Collas (-47)-210</name>
<description>
&lt;table&gt;
&lt;tr&gt;&lt;td&gt;Longitude: -71.847511&lt;/td&gt;&lt;/tr&gt;
&lt;tr&gt;&lt;td&gt;Latitude: -13.412084&lt;/td&gt;&lt;/tr&gt;
&lt;tr&gt;&lt;td&gt;Altitude: 3307.6 m&lt;/td&gt;&lt;/tr&gt;
&lt;tr&gt;&lt;td&gt;Time: 2026-04-27T12:55:08Z&lt;/td&gt;&lt;/tr&gt;
&lt;/table&gt;
</description>
<Point>
<coordinates>-71.847511,-13.412084,3307.6</coordinates>
</Point>
</Placemark>
<Placemark>
<name>Jose Collas (-47)-211</name>
<description>
&lt;table&gt;
&lt;tr&gt;&lt;td&gt;Longitude: -71.847444&lt;/td&gt;&lt;/tr&gt;
&lt;tr&gt;&lt;td&gt;Latitude: -13.412032&lt;/td&gt;&lt;/tr&gt;
&lt;tr&gt;&lt;td&gt;Altitude: 3310 m&lt;/td&gt;&lt;/tr&gt;
&lt;tr&gt;&lt;td&gt;Time: 2026-04-27T12:55:31Z&lt;/td&gt;&lt;/tr&gt;
&lt;/table&gt;
</description>
<Point>
<coordinates>-71.847444,-13.412032,3310</coordinates>
</Point>
</Placemark>
<Placemark>
<name>Jose Collas (-47)-212</name>
<description>
&lt;table&gt;
&lt;tr&gt;&lt;td&gt;Longitude: -71.847443&lt;/td&gt;&lt;/tr&gt;
&lt;tr&gt;&lt;td&gt;Latitude: -13.411944&lt;/td&gt;&lt;/tr&gt;
&lt;tr&gt;&lt;td&gt;Altitude: 3311 m&lt;/td&gt;&lt;/tr&gt;
&lt;tr&gt;&lt;td&gt;Time: 2026-04-27T12:55:56Z&lt;/td&gt;&lt;/tr&gt;
&lt;/table&gt;
</description>
<Point>
<coordinates>-71.847443,-13.411944,3311</coordinates>
</Point>
</Placemark>
<Placemark>
<name>Jose Collas (-47)-213</name>
<description>
&lt;table&gt;
&lt;tr&gt;&lt;td&gt;Longitude: -71.847506&lt;/td&gt;&lt;/tr&gt;
&lt;tr&gt;&lt;td&gt;Latitude: -13.411916&lt;/td&gt;&lt;/tr&gt;
&lt;tr&gt;&lt;td&gt;Altitude: 3312.6 m&lt;/td&gt;&lt;/tr&gt;
&lt;tr&gt;&lt;td&gt;Time: 2026-04-27T12:56:21Z&lt;/td&gt;&lt;/tr&gt;
&lt;/table&gt;
</description>
<Point>
<coordinates>-71.847506,-13.411916,3312.6</coordinates>
</Point>
</Placemark>
<Placemark>
<name>Jose Collas (-47)-214</name>
<description>
&lt;table&gt;
&lt;tr&gt;&lt;td&gt;Longitude: -71.847611&lt;/td&gt;&lt;/tr&gt;
&lt;tr&gt;&lt;td&gt;Latitude: -13.411925&lt;/td&gt;&lt;/tr&gt;
&lt;tr&gt;&lt;td&gt;Altitude: 3314.8 m&lt;/td&gt;&lt;/tr&gt;
&lt;tr&gt;&lt;td&gt;Time: 2026-04-27T12:56:48Z&lt;/td&gt;&lt;/tr&gt;
&lt;/table&gt;
</description>
<Point>
<coordinates>-71.847611,-13.411925,3314.8</coordinates>
</Point>
</Placemark>
<Placemark>
<name>Jose Collas (-47)-215</name>
<description>
&lt;table&gt;
&lt;tr&gt;&lt;td&gt;Longitude: -71.847744&lt;/td&gt;&lt;/tr&gt;
&lt;tr&gt;&lt;td&gt;Latitude: -13.411878&lt;/td&gt;&lt;/tr&gt;
&lt;tr&gt;&lt;td&gt;Altitude: 3318.4 m&lt;/td&gt;&lt;/tr&gt;
&lt;tr&gt;&lt;td&gt;Time: 2026-04-27T12:57:22Z&lt;/td&gt;&lt;/tr&gt;
&lt;/table&gt;
</description>
<Point>
<coordinates>-71.847744,-13.411878,3318.4</coordinates>
</Point>
</Placemark>
<Placemark>
<name>Jose Collas (-47)-216</name>
<description>
&lt;table&gt;
&lt;tr&gt;&lt;td&gt;Longitude: -71.847784&lt;/td&gt;&lt;/tr&gt;
&lt;tr&gt;&lt;td&gt;Latitude: -13.411848&lt;/td&gt;&lt;/tr&gt;
&lt;tr&gt;&lt;td&gt;Altitude: 3320 m&lt;/td&gt;&lt;/tr&gt;
&lt;tr&gt;&lt;td&gt;Time: 2026-04-27T12:57:38Z&lt;/td&gt;&lt;/tr&gt;
&lt;/table&gt;
</description>
<Point>
<coordinates>-71.847784,-13.411848,3320</coordinates>
</Point>
</Placemark>
<Placemark>
<name>Jose Collas (-47)-217</name>
<description>
&lt;table&gt;
&lt;tr&gt;&lt;td&gt;Longitude: -71.847722&lt;/td&gt;&lt;/tr&gt;
&lt;tr&gt;&lt;td&gt;Latitude: -13.411812&lt;/td&gt;&lt;/tr&gt;
&lt;tr&gt;&lt;td&gt;Altitude: 3321.6 m&lt;/td&gt;&lt;/tr&gt;
&lt;tr&gt;&lt;td&gt;Time: 2026-04-27T12:58:11Z&lt;/td&gt;&lt;/tr&gt;
&lt;/table&gt;
</description>
<Point>
<coordinates>-71.847722,-13.411812,3321.6</coordinates>
</Point>
</Placemark>
<Placemark>
<name>Jose Collas (-47)-218</name>
<description>
&lt;table&gt;
&lt;tr&gt;&lt;td&gt;Longitude: -71.847775&lt;/td&gt;&lt;/tr&gt;
&lt;tr&gt;&lt;td&gt;Latitude: -13.411790&lt;/td&gt;&lt;/tr&gt;
&lt;tr&gt;&lt;td&gt;Altitude: 3323.2 m&lt;/td&gt;&lt;/tr&gt;
&lt;tr&gt;&lt;td&gt;Time: 2026-04-27T12:58:35Z&lt;/td&gt;&lt;/tr&gt;
&lt;/table&gt;
</description>
<Point>
<coordinates>-71.847775,-13.411790,3323.2</coordinates>
</Point>
</Placemark>
<Placemark>
<name>Jose Collas (-47)-219</name>
<description>
&lt;table&gt;
&lt;tr&gt;&lt;td&gt;Longitude: -71.847826&lt;/td&gt;&lt;/tr&gt;
&lt;tr&gt;&lt;td&gt;Latitude: -13.411792&lt;/td&gt;&lt;/tr&gt;
&lt;tr&gt;&lt;td&gt;Altitude: 3324.2 m&lt;/td&gt;&lt;/tr&gt;
&lt;tr&gt;&lt;td&gt;Time: 2026-04-27T12:58:55Z&lt;/td&gt;&lt;/tr&gt;
&lt;/table&gt;
</description>
<Point>
<coordinates>-71.847826,-13.411792,3324.2</coordinates>
</Point>
</Placemark>
<Placemark>
<name>Jose Collas (-47)-220</name>
<description>
&lt;table&gt;
&lt;tr&gt;&lt;td&gt;Longitude: -71.847838&lt;/td&gt;&lt;/tr&gt;
&lt;tr&gt;&lt;td&gt;Latitude: -13.411764&lt;/td&gt;&lt;/tr&gt;
&lt;tr&gt;&lt;td&gt;Altitude: 3325.2 m&lt;/td&gt;&lt;/tr&gt;
&lt;tr&gt;&lt;td&gt;Time: 2026-04-27T12:59:05Z&lt;/td&gt;&lt;/tr&gt;
&lt;/table&gt;
</description>
<Point>
<coordinates>-71.847838,-13.411764,3325.2</coordinates>
</Point>
</Placemark>
<Placemark>
<name>Jose Collas (-47)-221</name>
<description>
&lt;table&gt;
&lt;tr&gt;&lt;td&gt;Longitude: -71.847672&lt;/td&gt;&lt;/tr&gt;
&lt;tr&gt;&lt;td&gt;Latitude: -13.411627&lt;/td&gt;&lt;/tr&gt;
&lt;tr&gt;&lt;td&gt;Altitude: 3329.4 m&lt;/td&gt;&lt;/tr&gt;
&lt;tr&gt;&lt;td&gt;Time: 2026-04-27T12:59:46Z&lt;/td&gt;&lt;/tr&gt;
&lt;/table&gt;
</description>
<Point>
<coordinates>-71.847672,-13.411627,3329.4</coordinates>
</Point>
</Placemark>
<Placemark>
<name>Jose Collas (-47)-222</name>
<description>
&lt;table&gt;
&lt;tr&gt;&lt;td&gt;Longitude: -71.847592&lt;/td&gt;&lt;/tr&gt;
&lt;tr&gt;&lt;td&gt;Latitude: -13.411600&lt;/td&gt;&lt;/tr&gt;
&lt;tr&gt;&lt;td&gt;Altitude: 3330.8 m&lt;/td&gt;&lt;/tr&gt;
&lt;tr&gt;&lt;td&gt;Time: 2026-04-27T13:00:04Z&lt;/td&gt;&lt;/tr&gt;
&lt;/table&gt;
</description>
<Point>
<coordinates>-71.847592,-13.411600,3330.8</coordinates>
</Point>
</Placemark>
<Placemark>
<name>Jose Collas (-47)-223</name>
<description>
&lt;table&gt;
&lt;tr&gt;&lt;td&gt;Longitude: -71.847442&lt;/td&gt;&lt;/tr&gt;
&lt;tr&gt;&lt;td&gt;Latitude: -13.411484&lt;/td&gt;&lt;/tr&gt;
&lt;tr&gt;&lt;td&gt;Altitude: 3332.6 m&lt;/td&gt;&lt;/tr&gt;
&lt;tr&gt;&lt;td&gt;Time: 2026-04-27T13:01:00Z&lt;/td&gt;&lt;/tr&gt;
&lt;/table&gt;
</description>
<Point>
<coordinates>-71.847442,-13.411484,3332.6</coordinates>
</Point>
</Placemark>
<Placemark>
<name>Jose Collas (-47)-224</name>
<description>
&lt;table&gt;
&lt;tr&gt;&lt;td&gt;Longitude: -71.847400&lt;/td&gt;&lt;/tr&gt;
&lt;tr&gt;&lt;td&gt;Latitude: -13.411474&lt;/td&gt;&lt;/tr&gt;
&lt;tr&gt;&lt;td&gt;Altitude: 3333 m&lt;/td&gt;&lt;/tr&gt;
&lt;tr&gt;&lt;td&gt;Time: 2026-04-27T13:01:24Z&lt;/td&gt;&lt;/tr&gt;
&lt;/table&gt;
</description>
<Point>
<coordinates>-71.847400,-13.411474,3333</coordinates>
</Point>
</Placemark>
<Placemark>
<name>Jose Collas (-47)-225</name>
<description>
&lt;table&gt;
&lt;tr&gt;&lt;td&gt;Longitude: -71.847389&lt;/td&gt;&lt;/tr&gt;
&lt;tr&gt;&lt;td&gt;Latitude: -13.411487&lt;/td&gt;&lt;/tr&gt;
&lt;tr&gt;&lt;td&gt;Altitude: 3333.2 m&lt;/td&gt;&lt;/tr&gt;
&lt;tr&gt;&lt;td&gt;Time: 2026-04-27T13:02:10Z&lt;/td&gt;&lt;/tr&gt;
&lt;/table&gt;
</description>
<Point>
<coordinates>-71.847389,-13.411487,3333.2</coordinates>
</Point>
</Placemark>
<Placemark>
<name>Jose Collas (-47)-226</name>
<description>
&lt;table&gt;
&lt;tr&gt;&lt;td&gt;Longitude: -71.847452&lt;/td&gt;&lt;/tr&gt;
&lt;tr&gt;&lt;td&gt;Latitude: -13.411463&lt;/td&gt;&lt;/tr&gt;
&lt;tr&gt;&lt;td&gt;Altitude: 3335.4 m&lt;/td&gt;&lt;/tr&gt;
&lt;tr&gt;&lt;td&gt;Time: 2026-04-27T13:02:58Z&lt;/td&gt;&lt;/tr&gt;
&lt;/table&gt;
</description>
<Point>
<coordinates>-71.847452,-13.411463,3335.4</coordinates>
</Point>
</Placemark>
<Placemark>
<name>Jose Collas (-47)-227</name>
<description>
&lt;table&gt;
&lt;tr&gt;&lt;td&gt;Longitude: -71.847692&lt;/td&gt;&lt;/tr&gt;
&lt;tr&gt;&lt;td&gt;Latitude: -13.411437&lt;/td&gt;&lt;/tr&gt;
&lt;tr&gt;&lt;td&gt;Altitude: 3346 m&lt;/td&gt;&lt;/tr&gt;
&lt;tr&gt;&lt;td&gt;Time: 2026-04-27T13:03:57Z&lt;/td&gt;&lt;/tr&gt;
&lt;/table&gt;
</description>
<Point>
<coordinates>-71.847692,-13.411437,3346</coordinates>
</Point>
</Placemark>
<Placemark>
<name>Jose Collas (-47)-228</name>
<description>
&lt;table&gt;
&lt;tr&gt;&lt;td&gt;Longitude: -71.847908&lt;/td&gt;&lt;/tr&gt;
&lt;tr&gt;&lt;td&gt;Latitude: -13.411371&lt;/td&gt;&lt;/tr&gt;
&lt;tr&gt;&lt;td&gt;Altitude: 3353.6 m&lt;/td&gt;&lt;/tr&gt;
&lt;tr&gt;&lt;td&gt;Time: 2026-04-27T13:05:00Z&lt;/td&gt;&lt;/tr&gt;
&lt;/table&gt;
</description>
<Point>
<coordinates>-71.847908,-13.411371,3353.6</coordinates>
</Point>
</Placemark>
<Placemark>
<name>Jose Collas (-47)-229</name>
<description>
&lt;table&gt;
&lt;tr&gt;&lt;td&gt;Longitude: -71.847763&lt;/td&gt;&lt;/tr&gt;
&lt;tr&gt;&lt;td&gt;Latitude: -13.411249&lt;/td&gt;&lt;/tr&gt;
&lt;tr&gt;&lt;td&gt;Altitude: 3357.6 m&lt;/td&gt;&lt;/tr&gt;
&lt;tr&gt;&lt;td&gt;Time: 2026-04-27T13:06:01Z&lt;/td&gt;&lt;/tr&gt;
&lt;/table&gt;
</description>
<Point>
<coordinates>-71.847763,-13.411249,3357.6</coordinates>
</Point>
</Placemark>
<Placemark>
<name>Jose Collas (-47)-230</name>
<description>
&lt;table&gt;
&lt;tr&gt;&lt;td&gt;Longitude: -71.847599&lt;/td&gt;&lt;/tr&gt;
&lt;tr&gt;&lt;td&gt;Latitude: -13.411171&lt;/td&gt;&lt;/tr&gt;
&lt;tr&gt;&lt;td&gt;Altitude: 3367.8 m&lt;/td&gt;&lt;/tr&gt;
&lt;tr&gt;&lt;td&gt;Time: 2026-04-27T13:06:44Z&lt;/td&gt;&lt;/tr&gt;
&lt;/table&gt;
</description>
<Point>
<coordinates>-71.847599,-13.411171,3367.8</coordinates>
</Point>
</Placemark>
<Placemark>
<name>Jose Collas (-47)-231</name>
<description>
&lt;table&gt;
&lt;tr&gt;&lt;td&gt;Longitude: -71.847506&lt;/td&gt;&lt;/tr&gt;
&lt;tr&gt;&lt;td&gt;Latitude: -13.411089&lt;/td&gt;&lt;/tr&gt;
&lt;tr&gt;&lt;td&gt;Altitude: 3378.6 m&lt;/td&gt;&lt;/tr&gt;
&lt;tr&gt;&lt;td&gt;Time: 2026-04-27T13:07:17Z&lt;/td&gt;&lt;/tr&gt;
&lt;/table&gt;
</description>
<Point>
<coordinates>-71.847506,-13.411089,3378.6</coordinates>
</Point>
</Placemark>
<Placemark>
<name>Jose Collas (-47)-232</name>
<description>
&lt;table&gt;
&lt;tr&gt;&lt;td&gt;Longitude: -71.847382&lt;/td&gt;&lt;/tr&gt;
&lt;tr&gt;&lt;td&gt;Latitude: -13.411066&lt;/td&gt;&lt;/tr&gt;
&lt;tr&gt;&lt;td&gt;Altitude: 3378.6 m&lt;/td&gt;&lt;/tr&gt;
&lt;tr&gt;&lt;td&gt;Time: 2026-04-27T13:07:55Z&lt;/td&gt;&lt;/tr&gt;
&lt;/table&gt;
</description>
<Point>
<coordinates>-71.847382,-13.411066,3378.6</coordinates>
</Point>
</Placemark>
<Placemark>
<name>Jose Collas (-47)-233</name>
<description>
&lt;table&gt;
&lt;tr&gt;&lt;td&gt;Longitude: -71.847313&lt;/td&gt;&lt;/tr&gt;
&lt;tr&gt;&lt;td&gt;Latitude: -13.411034&lt;/td&gt;&lt;/tr&gt;
&lt;tr&gt;&lt;td&gt;Altitude: 3379.2 m&lt;/td&gt;&lt;/tr&gt;
&lt;tr&gt;&lt;td&gt;Time: 2026-04-27T13:08:43Z&lt;/td&gt;&lt;/tr&gt;
&lt;/table&gt;
</description>
<Point>
<coordinates>-71.847313,-13.411034,3379.2</coordinates>
</Point>
</Placemark>
<Placemark>
<name>Jose Collas (-47)-234</name>
<description>
&lt;table&gt;
&lt;tr&gt;&lt;td&gt;Longitude: -71.847229&lt;/td&gt;&lt;/tr&gt;
&lt;tr&gt;&lt;td&gt;Latitude: -13.410970&lt;/td&gt;&lt;/tr&gt;
&lt;tr&gt;&lt;td&gt;Altitude: 3380.4 m&lt;/td&gt;&lt;/tr&gt;
&lt;tr&gt;&lt;td&gt;Time: 2026-04-27T13:09:19Z&lt;/td&gt;&lt;/tr&gt;
&lt;/table&gt;
</description>
<Point>
<coordinates>-71.847229,-13.410970,3380.4</coordinates>
</Point>
</Placemark>
<Placemark>
<name>Jose Collas (-47)-235</name>
<description>
&lt;table&gt;
&lt;tr&gt;&lt;td&gt;Longitude: -71.847392&lt;/td&gt;&lt;/tr&gt;
&lt;tr&gt;&lt;td&gt;Latitude: -13.410941&lt;/td&gt;&lt;/tr&gt;
&lt;tr&gt;&lt;td&gt;Altitude: 3389.6 m&lt;/td&gt;&lt;/tr&gt;
&lt;tr&gt;&lt;td&gt;Time: 2026-04-27T13:10:28Z&lt;/td&gt;&lt;/tr&gt;
&lt;/table&gt;
</description>
<Point>
<coordinates>-71.847392,-13.410941,3389.6</coordinates>
</Point>
</Placemark>
<Placemark>
<name>Jose Collas (-47)-236</name>
<description>
&lt;table&gt;
&lt;tr&gt;&lt;td&gt;Longitude: -71.847429&lt;/td&gt;&lt;/tr&gt;
&lt;tr&gt;&lt;td&gt;Latitude: -13.410971&lt;/td&gt;&lt;/tr&gt;
&lt;tr&gt;&lt;td&gt;Altitude: 3392.2 m&lt;/td&gt;&lt;/tr&gt;
&lt;tr&gt;&lt;td&gt;Time: 2026-04-27T13:10:40Z&lt;/td&gt;&lt;/tr&gt;
&lt;/table&gt;
</description>
<Point>
<coordinates>-71.847429,-13.410971,3392.2</coordinates>
</Point>
</Placemark>
<Placemark>
<name>Jose Collas (-47)-237</name>
<description>
&lt;table&gt;
&lt;tr&gt;&lt;td&gt;Longitude: -71.847506&lt;/td&gt;&lt;/tr&gt;
&lt;tr&gt;&lt;td&gt;Latitude: -13.410985&lt;/td&gt;&lt;/tr&gt;
&lt;tr&gt;&lt;td&gt;Altitude: 3394.2 m&lt;/td&gt;&lt;/tr&gt;
&lt;tr&gt;&lt;td&gt;Time: 2026-04-27T13:11:05Z&lt;/td&gt;&lt;/tr&gt;
&lt;/table&gt;
</description>
<Point>
<coordinates>-71.847506,-13.410985,3394.2</coordinates>
</Point>
</Placemark>
<Placemark>
<name>Jose Collas (-47)-238</name>
<description>
&lt;table&gt;
&lt;tr&gt;&lt;td&gt;Longitude: -71.847672&lt;/td&gt;&lt;/tr&gt;
&lt;tr&gt;&lt;td&gt;Latitude: -13.410922&lt;/td&gt;&lt;/tr&gt;
&lt;tr&gt;&lt;td&gt;Altitude: 3400 m&lt;/td&gt;&lt;/tr&gt;
&lt;tr&gt;&lt;td&gt;Time: 2026-04-27T13:11:43Z&lt;/td&gt;&lt;/tr&gt;
&lt;/table&gt;
</description>
<Point>
<coordinates>-71.847672,-13.410922,3400</coordinates>
</Point>
</Placemark>
<Placemark>
<name>Jose Collas (-47)-239</name>
<description>
&lt;table&gt;
&lt;tr&gt;&lt;td&gt;Longitude: -71.847720&lt;/td&gt;&lt;/tr&gt;
&lt;tr&gt;&lt;td&gt;Latitude: -13.410934&lt;/td&gt;&lt;/tr&gt;
&lt;tr&gt;&lt;td&gt;Altitude: 3402 m&lt;/td&gt;&lt;/tr&gt;
&lt;tr&gt;&lt;td&gt;Time: 2026-04-27T13:11:57Z&lt;/td&gt;&lt;/tr&gt;
&lt;/table&gt;
</description>
<Point>
<coordinates>-71.847720,-13.410934,3402</coordinates>
</Point>
</Placemark>
<Placemark>
<name>Jose Collas (-47)-240</name>
<description>
&lt;table&gt;
&lt;tr&gt;&lt;td&gt;Longitude: -71.847718&lt;/td&gt;&lt;/tr&gt;
&lt;tr&gt;&lt;td&gt;Latitude: -13.410909&lt;/td&gt;&lt;/tr&gt;
&lt;tr&gt;&lt;td&gt;Altitude: 3403 m&lt;/td&gt;&lt;/tr&gt;
&lt;tr&gt;&lt;td&gt;Time: 2026-04-27T13:13:06Z&lt;/td&gt;&lt;/tr&gt;
&lt;/table&gt;
</description>
<Point>
<coordinates>-71.847718,-13.410909,3403</coordinates>
</Point>
</Placemark>
<Placemark>
<name>Jose Collas (-47)-241</name>
<description>
&lt;table&gt;
&lt;tr&gt;&lt;td&gt;Longitude: -71.847696&lt;/td&gt;&lt;/tr&gt;
&lt;tr&gt;&lt;td&gt;Latitude: -13.410892&lt;/td&gt;&lt;/tr&gt;
&lt;tr&gt;&lt;td&gt;Altitude: 3403.8 m&lt;/td&gt;&lt;/tr&gt;
&lt;tr&gt;&lt;td&gt;Time: 2026-04-27T13:13:44Z&lt;/td&gt;&lt;/tr&gt;
&lt;/table&gt;
</description>
<Point>
<coordinates>-71.847696,-13.410892,3403.8</coordinates>
</Point>
</Placemark>
<Placemark>
<name>Jose Collas (-47)-242</name>
<description>
&lt;table&gt;
&lt;tr&gt;&lt;td&gt;Longitude: -71.847711&lt;/td&gt;&lt;/tr&gt;
&lt;tr&gt;&lt;td&gt;Latitude: -13.410882&lt;/td&gt;&lt;/tr&gt;
&lt;tr&gt;&lt;td&gt;Altitude: 3406.2 m&lt;/td&gt;&lt;/tr&gt;
&lt;tr&gt;&lt;td&gt;Time: 2026-04-27T13:14:04Z&lt;/td&gt;&lt;/tr&gt;
&lt;/table&gt;
</description>
<Point>
<coordinates>-71.847711,-13.410882,3406.2</coordinates>
</Point>
</Placemark>
<Placemark>
<name>Jose Collas (-47)-243</name>
<description>
&lt;table&gt;
&lt;tr&gt;&lt;td&gt;Longitude: -71.847761&lt;/td&gt;&lt;/tr&gt;
&lt;tr&gt;&lt;td&gt;Latitude: -13.410897&lt;/td&gt;&lt;/tr&gt;
&lt;tr&gt;&lt;td&gt;Altitude: 3407.8 m&lt;/td&gt;&lt;/tr&gt;
&lt;tr&gt;&lt;td&gt;Time: 2026-04-27T13:14:21Z&lt;/td&gt;&lt;/tr&gt;
&lt;/table&gt;
</description>
<Point>
<coordinates>-71.847761,-13.410897,3407.8</coordinates>
</Point>
</Placemark>
<Placemark>
<name>Jose Collas (-47)-244</name>
<description>
&lt;table&gt;
&lt;tr&gt;&lt;td&gt;Longitude: -71.847802&lt;/td&gt;&lt;/tr&gt;
&lt;tr&gt;&lt;td&gt;Latitude: -13.410943&lt;/td&gt;&lt;/tr&gt;
&lt;tr&gt;&lt;td&gt;Altitude: 3409.6 m&lt;/td&gt;&lt;/tr&gt;
&lt;tr&gt;&lt;td&gt;Time: 2026-04-27T13:14:34Z&lt;/td&gt;&lt;/tr&gt;
&lt;/table&gt;
</description>
<Point>
<coordinates>-71.847802,-13.410943,3409.6</coordinates>
</Point>
</Placemark>
<Placemark>
<name>Jose Collas (-47)-245</name>
<description>
&lt;table&gt;
&lt;tr&gt;&lt;td&gt;Longitude: -71.847913&lt;/td&gt;&lt;/tr&gt;
&lt;tr&gt;&lt;td&gt;Latitude: -13.411006&lt;/td&gt;&lt;/tr&gt;
&lt;tr&gt;&lt;td&gt;Altitude: 3413.4 m&lt;/td&gt;&lt;/tr&gt;
&lt;tr&gt;&lt;td&gt;Time: 2026-04-27T13:15:23Z&lt;/td&gt;&lt;/tr&gt;
&lt;/table&gt;
</description>
<Point>
<coordinates>-71.847913,-13.411006,3413.4</coordinates>
</Point>
</Placemark>
<Placemark>
<name>Jose Collas (-47)-246</name>
<description>
&lt;table&gt;
&lt;tr&gt;&lt;td&gt;Longitude: -71.847919&lt;/td&gt;&lt;/tr&gt;
&lt;tr&gt;&lt;td&gt;Latitude: -13.410920&lt;/td&gt;&lt;/tr&gt;
&lt;tr&gt;&lt;td&gt;Altitude: 3414.4 m&lt;/td&gt;&lt;/tr&gt;
&lt;tr&gt;&lt;td&gt;Time: 2026-04-27T13:15:46Z&lt;/td&gt;&lt;/tr&gt;
&lt;/table&gt;
</description>
<Point>
<coordinates>-71.847919,-13.410920,3414.4</coordinates>
</Point>
</Placemark>
<Placemark>
<name>Jose Collas (-47)-247</name>
<description>
&lt;table&gt;
&lt;tr&gt;&lt;td&gt;Longitude: -71.847994&lt;/td&gt;&lt;/tr&gt;
&lt;tr&gt;&lt;td&gt;Latitude: -13.410988&lt;/td&gt;&lt;/tr&gt;
&lt;tr&gt;&lt;td&gt;Altitude: 3417.2 m&lt;/td&gt;&lt;/tr&gt;
&lt;tr&gt;&lt;td&gt;Time: 2026-04-27T13:16:11Z&lt;/td&gt;&lt;/tr&gt;
&lt;/table&gt;
</description>
<Point>
<coordinates>-71.847994,-13.410988,3417.2</coordinates>
</Point>
</Placemark>
<Placemark>
<name>Jose Collas (-47)-248</name>
<description>
&lt;table&gt;
&lt;tr&gt;&lt;td&gt;Longitude: -71.848036&lt;/td&gt;&lt;/tr&gt;
&lt;tr&gt;&lt;td&gt;Latitude: -13.410968&lt;/td&gt;&lt;/tr&gt;
&lt;tr&gt;&lt;td&gt;Altitude: 3423.2 m&lt;/td&gt;&lt;/tr&gt;
&lt;tr&gt;&lt;td&gt;Time: 2026-04-27T13:17:37Z&lt;/td&gt;&lt;/tr&gt;
&lt;/table&gt;
</description>
<Point>
<coordinates>-71.848036,-13.410968,3423.2</coordinates>
</Point>
</Placemark>
<Placemark>
<name>Jose Collas (-47)-249</name>
<description>
&lt;table&gt;
&lt;tr&gt;&lt;td&gt;Longitude: -71.848044&lt;/td&gt;&lt;/tr&gt;
&lt;tr&gt;&lt;td&gt;Latitude: -13.410983&lt;/td&gt;&lt;/tr&gt;
&lt;tr&gt;&lt;td&gt;Altitude: 3430.6 m&lt;/td&gt;&lt;/tr&gt;
&lt;tr&gt;&lt;td&gt;Time: 2026-04-27T13:19:06Z&lt;/td&gt;&lt;/tr&gt;
&lt;/table&gt;
</description>
<Point>
<coordinates>-71.848044,-13.410983,3430.6</coordinates>
</Point>
</Placemark>
<Placemark>
<name>Jose Collas (-47)-250</name>
<description>
&lt;table&gt;
&lt;tr&gt;&lt;td&gt;Longitude: -71.848027&lt;/td&gt;&lt;/tr&gt;
&lt;tr&gt;&lt;td&gt;Latitude: -13.410960&lt;/td&gt;&lt;/tr&gt;
&lt;tr&gt;&lt;td&gt;Altitude: 3430.8 m&lt;/td&gt;&lt;/tr&gt;
&lt;tr&gt;&lt;td&gt;Time: 2026-04-27T13:20:08Z&lt;/td&gt;&lt;/tr&gt;
&lt;/table&gt;
</description>
<Point>
<coordinates>-71.848027,-13.410960,3430.8</coordinates>
</Point>
</Placemark>
<Placemark>
<name>Jose Collas (-47)-251</name>
<description>
&lt;table&gt;
&lt;tr&gt;&lt;td&gt;Longitude: -71.848041&lt;/td&gt;&lt;/tr&gt;
&lt;tr&gt;&lt;td&gt;Latitude: -13.410940&lt;/td&gt;&lt;/tr&gt;
&lt;tr&gt;&lt;td&gt;Altitude: 3431.4 m&lt;/td&gt;&lt;/tr&gt;
&lt;tr&gt;&lt;td&gt;Time: 2026-04-27T13:20:16Z&lt;/td&gt;&lt;/tr&gt;
&lt;/table&gt;
</description>
<Point>
<coordinates>-71.848041,-13.410940,3431.4</coordinates>
</Point>
</Placemark>
<Placemark>
<name>Jose Collas (-47)-252</name>
<description>
&lt;table&gt;
&lt;tr&gt;&lt;td&gt;Longitude: -71.848033&lt;/td&gt;&lt;/tr&gt;
&lt;tr&gt;&lt;td&gt;Latitude: -13.410895&lt;/td&gt;&lt;/tr&gt;
&lt;tr&gt;&lt;td&gt;Altitude: 3432.6 m&lt;/td&gt;&lt;/tr&gt;
&lt;tr&gt;&lt;td&gt;Time: 2026-04-27T13:20:37Z&lt;/td&gt;&lt;/tr&gt;
&lt;/table&gt;
</description>
<Point>
<coordinates>-71.848033,-13.410895,3432.6</coordinates>
</Point>
</Placemark>
<Placemark>
<name>Jose Collas (-47)-253</name>
<description>
&lt;table&gt;
&lt;tr&gt;&lt;td&gt;Longitude: -71.848009&lt;/td&gt;&lt;/tr&gt;
&lt;tr&gt;&lt;td&gt;Latitude: -13.410875&lt;/td&gt;&lt;/tr&gt;
&lt;tr&gt;&lt;td&gt;Altitude: 3432.6 m&lt;/td&gt;&lt;/tr&gt;
&lt;tr&gt;&lt;td&gt;Time: 2026-04-27T13:20:48Z&lt;/td&gt;&lt;/tr&gt;
&lt;/table&gt;
</description>
<Point>
<coordinates>-71.848009,-13.410875,3432.6</coordinates>
</Point>
</Placemark>
<Placemark>
<name>Jose Collas (-47)-254</name>
<description>
&lt;table&gt;
&lt;tr&gt;&lt;td&gt;Longitude: -71.848036&lt;/td&gt;&lt;/tr&gt;
&lt;tr&gt;&lt;td&gt;Latitude: -13.410801&lt;/td&gt;&lt;/tr&gt;
&lt;tr&gt;&lt;td&gt;Altitude: 3433.2 m&lt;/td&gt;&lt;/tr&gt;
&lt;tr&gt;&lt;td&gt;Time: 2026-04-27T13:21:18Z&lt;/td&gt;&lt;/tr&gt;
&lt;/table&gt;
</description>
<Point>
<coordinates>-71.848036,-13.410801,3433.2</coordinates>
</Point>
</Placemark>
<Placemark>
<name>Jose Collas (-47)-255</name>
<description>
&lt;table&gt;
&lt;tr&gt;&lt;td&gt;Longitude: -71.847997&lt;/td&gt;&lt;/tr&gt;
&lt;tr&gt;&lt;td&gt;Latitude: -13.410783&lt;/td&gt;&lt;/tr&gt;
&lt;tr&gt;&lt;td&gt;Altitude: 3434 m&lt;/td&gt;&lt;/tr&gt;
&lt;tr&gt;&lt;td&gt;Time: 2026-04-27T13:21:31Z&lt;/td&gt;&lt;/tr&gt;
&lt;/table&gt;
</description>
<Point>
<coordinates>-71.847997,-13.410783,3434</coordinates>
</Point>
</Placemark>
<Placemark>
<name>Jose Collas (-47)-256</name>
<description>
&lt;table&gt;
&lt;tr&gt;&lt;td&gt;Longitude: -71.848017&lt;/td&gt;&lt;/tr&gt;
&lt;tr&gt;&lt;td&gt;Latitude: -13.410762&lt;/td&gt;&lt;/tr&gt;
&lt;tr&gt;&lt;td&gt;Altitude: 3434.4 m&lt;/td&gt;&lt;/tr&gt;
&lt;tr&gt;&lt;td&gt;Time: 2026-04-27T13:21:40Z&lt;/td&gt;&lt;/tr&gt;
&lt;/table&gt;
</description>
<Point>
<coordinates>-71.848017,-13.410762,3434.4</coordinates>
</Point>
</Placemark>
<Placemark>
<name>Jose Collas (-47)-257</name>
<description>
&lt;table&gt;
&lt;tr&gt;&lt;td&gt;Longitude: -71.848062&lt;/td&gt;&lt;/tr&gt;
&lt;tr&gt;&lt;td&gt;Latitude: -13.410749&lt;/td&gt;&lt;/tr&gt;
&lt;tr&gt;&lt;td&gt;Altitude: 3435.2 m&lt;/td&gt;&lt;/tr&gt;
&lt;tr&gt;&lt;td&gt;Time: 2026-04-27T13:21:54Z&lt;/td&gt;&lt;/tr&gt;
&lt;/table&gt;
</description>
<Point>
<coordinates>-71.848062,-13.410749,3435.2</coordinates>
</Point>
</Placemark>
<Placemark>
<name>Jose Collas (-47)-258</name>
<description>
&lt;table&gt;
&lt;tr&gt;&lt;td&gt;Longitude: -71.848070&lt;/td&gt;&lt;/tr&gt;
&lt;tr&gt;&lt;td&gt;Latitude: -13.410687&lt;/td&gt;&lt;/tr&gt;
&lt;tr&gt;&lt;td&gt;Altitude: 3436 m&lt;/td&gt;&lt;/tr&gt;
&lt;tr&gt;&lt;td&gt;Time: 2026-04-27T13:22:17Z&lt;/td&gt;&lt;/tr&gt;
&lt;/table&gt;
</description>
<Point>
<coordinates>-71.848070,-13.410687,3436</coordinates>
</Point>
</Placemark>
<Placemark>
<name>Jose Collas (-47)-259</name>
<description>
&lt;table&gt;
&lt;tr&gt;&lt;td&gt;Longitude: -71.848097&lt;/td&gt;&lt;/tr&gt;
&lt;tr&gt;&lt;td&gt;Latitude: -13.410662&lt;/td&gt;&lt;/tr&gt;
&lt;tr&gt;&lt;td&gt;Altitude: 3436.4 m&lt;/td&gt;&lt;/tr&gt;
&lt;tr&gt;&lt;td&gt;Time: 2026-04-27T13:22:28Z&lt;/td&gt;&lt;/tr&gt;
&lt;/table&gt;
</description>
<Point>
<coordinates>-71.848097,-13.410662,3436.4</coordinates>
</Point>
</Placemark>
<Placemark>
<name>Jose Collas (-47)-260</name>
<description>
&lt;table&gt;
&lt;tr&gt;&lt;td&gt;Longitude: -71.848103&lt;/td&gt;&lt;/tr&gt;
&lt;tr&gt;&lt;td&gt;Latitude: -13.410616&lt;/td&gt;&lt;/tr&gt;
&lt;tr&gt;&lt;td&gt;Altitude: 3436.8 m&lt;/td&gt;&lt;/tr&gt;
&lt;tr&gt;&lt;td&gt;Time: 2026-04-27T13:22:58Z&lt;/td&gt;&lt;/tr&gt;
&lt;/table&gt;
</description>
<Point>
<coordinates>-71.848103,-13.410616,3436.8</coordinates>
</Point>
</Placemark>
<Placemark>
<name>Jose Collas (-47)-261</name>
<description>
&lt;table&gt;
&lt;tr&gt;&lt;td&gt;Longitude: -71.848062&lt;/td&gt;&lt;/tr&gt;
&lt;tr&gt;&lt;td&gt;Latitude: -13.410619&lt;/td&gt;&lt;/tr&gt;
&lt;tr&gt;&lt;td&gt;Altitude: 3437 m&lt;/td&gt;&lt;/tr&gt;
&lt;tr&gt;&lt;td&gt;Time: 2026-04-27T13:23:56Z&lt;/td&gt;&lt;/tr&gt;
&lt;/table&gt;
</description>
<Point>
<coordinates>-71.848062,-13.410619,3437</coordinates>
</Point>
</Placemark>
<Placemark>
<name>Jose Collas (-47)-262</name>
<description>
&lt;table&gt;
&lt;tr&gt;&lt;td&gt;Longitude: -71.848023&lt;/td&gt;&lt;/tr&gt;
&lt;tr&gt;&lt;td&gt;Latitude: -13.410647&lt;/td&gt;&lt;/tr&gt;
&lt;tr&gt;&lt;td&gt;Altitude: 3438.2 m&lt;/td&gt;&lt;/tr&gt;
&lt;tr&gt;&lt;td&gt;Time: 2026-04-27T13:24:08Z&lt;/td&gt;&lt;/tr&gt;
&lt;/table&gt;
</description>
<Point>
<coordinates>-71.848023,-13.410647,3438.2</coordinates>
</Point>
</Placemark>
<Placemark>
<name>Jose Collas (-47)-263</name>
<description>
&lt;table&gt;
&lt;tr&gt;&lt;td&gt;Longitude: -71.848003&lt;/td&gt;&lt;/tr&gt;
&lt;tr&gt;&lt;td&gt;Latitude: -13.410626&lt;/td&gt;&lt;/tr&gt;
&lt;tr&gt;&lt;td&gt;Altitude: 3439.2 m&lt;/td&gt;&lt;/tr&gt;
&lt;tr&gt;&lt;td&gt;Time: 2026-04-27T13:24:16Z&lt;/td&gt;&lt;/tr&gt;
&lt;/table&gt;
</description>
<Point>
<coordinates>-71.848003,-13.410626,3439.2</coordinates>
</Point>
</Placemark>
<Placemark>
<name>Jose Collas (-47)-264</name>
<description>
&lt;table&gt;
&lt;tr&gt;&lt;td&gt;Longitude: -71.848000&lt;/td&gt;&lt;/tr&gt;
&lt;tr&gt;&lt;td&gt;Latitude: -13.410532&lt;/td&gt;&lt;/tr&gt;
&lt;tr&gt;&lt;td&gt;Altitude: 3443 m&lt;/td&gt;&lt;/tr&gt;
&lt;tr&gt;&lt;td&gt;Time: 2026-04-27T13:24:38Z&lt;/td&gt;&lt;/tr&gt;
&lt;/table&gt;
</description>
<Point>
<coordinates>-71.848000,-13.410532,3443</coordinates>
</Point>
</Placemark>
<Placemark>
<name>Jose Collas (-47)-265</name>
<description>
&lt;table&gt;
&lt;tr&gt;&lt;td&gt;Longitude: -71.847936&lt;/td&gt;&lt;/tr&gt;
&lt;tr&gt;&lt;td&gt;Latitude: -13.410557&lt;/td&gt;&lt;/tr&gt;
&lt;tr&gt;&lt;td&gt;Altitude: 3445 m&lt;/td&gt;&lt;/tr&gt;
&lt;tr&gt;&lt;td&gt;Time: 2026-04-27T13:24:49Z&lt;/td&gt;&lt;/tr&gt;
&lt;/table&gt;
</description>
<Point>
<coordinates>-71.847936,-13.410557,3445</coordinates>
</Point>
</Placemark>
<Placemark>
<name>Jose Collas (-47)-266</name>
<description>
&lt;table&gt;
&lt;tr&gt;&lt;td&gt;Longitude: -71.847896&lt;/td&gt;&lt;/tr&gt;
&lt;tr&gt;&lt;td&gt;Latitude: -13.410551&lt;/td&gt;&lt;/tr&gt;
&lt;tr&gt;&lt;td&gt;Altitude: 3446.2 m&lt;/td&gt;&lt;/tr&gt;
&lt;tr&gt;&lt;td&gt;Time: 2026-04-27T13:25:00Z&lt;/td&gt;&lt;/tr&gt;
&lt;/table&gt;
</description>
<Point>
<coordinates>-71.847896,-13.410551,3446.2</coordinates>
</Point>
</Placemark>
<Placemark>
<name>Jose Collas (-47)-267</name>
<description>
&lt;table&gt;
&lt;tr&gt;&lt;td&gt;Longitude: -71.847881&lt;/td&gt;&lt;/tr&gt;
&lt;tr&gt;&lt;td&gt;Latitude: -13.410521&lt;/td&gt;&lt;/tr&gt;
&lt;tr&gt;&lt;td&gt;Altitude: 3448 m&lt;/td&gt;&lt;/tr&gt;
&lt;tr&gt;&lt;td&gt;Time: 2026-04-27T13:25:13Z&lt;/td&gt;&lt;/tr&gt;
&lt;/table&gt;
</description>
<Point>
<coordinates>-71.847881,-13.410521,3448</coordinates>
</Point>
</Placemark>
<Placemark>
<name>Jose Collas (-47)-268</name>
<description>
&lt;table&gt;
&lt;tr&gt;&lt;td&gt;Longitude: -71.847895&lt;/td&gt;&lt;/tr&gt;
&lt;tr&gt;&lt;td&gt;Latitude: -13.410486&lt;/td&gt;&lt;/tr&gt;
&lt;tr&gt;&lt;td&gt;Altitude: 3449.4 m&lt;/td&gt;&lt;/tr&gt;
&lt;tr&gt;&lt;td&gt;Time: 2026-04-27T13:25:23Z&lt;/td&gt;&lt;/tr&gt;
&lt;/table&gt;
</description>
<Point>
<coordinates>-71.847895,-13.410486,3449.4</coordinates>
</Point>
</Placemark>
<Placemark>
<name>Jose Collas (-47)-269</name>
<description>
&lt;table&gt;
&lt;tr&gt;&lt;td&gt;Longitude: -71.847888&lt;/td&gt;&lt;/tr&gt;
&lt;tr&gt;&lt;td&gt;Latitude: -13.410468&lt;/td&gt;&lt;/tr&gt;
&lt;tr&gt;&lt;td&gt;Altitude: 3450.2 m&lt;/td&gt;&lt;/tr&gt;
&lt;tr&gt;&lt;td&gt;Time: 2026-04-27T13:25:28Z&lt;/td&gt;&lt;/tr&gt;
&lt;/table&gt;
</description>
<Point>
<coordinates>-71.847888,-13.410468,3450.2</coordinates>
</Point>
</Placemark>
<Placemark>
<name>Jose Collas (-47)-270</name>
<description>
&lt;table&gt;
&lt;tr&gt;&lt;td&gt;Longitude: -71.847866&lt;/td&gt;&lt;/tr&gt;
&lt;tr&gt;&lt;td&gt;Latitude: -13.410439&lt;/td&gt;&lt;/tr&gt;
&lt;tr&gt;&lt;td&gt;Altitude: 3452 m&lt;/td&gt;&lt;/tr&gt;
&lt;tr&gt;&lt;td&gt;Time: 2026-04-27T13:25:38Z&lt;/td&gt;&lt;/tr&gt;
&lt;/table&gt;
</description>
<Point>
<coordinates>-71.847866,-13.410439,3452</coordinates>
</Point>
</Placemark>
<Placemark>
<name>Jose Collas (-47)-271</name>
<description>
&lt;table&gt;
&lt;tr&gt;&lt;td&gt;Longitude: -71.847806&lt;/td&gt;&lt;/tr&gt;
&lt;tr&gt;&lt;td&gt;Latitude: -13.410423&lt;/td&gt;&lt;/tr&gt;
&lt;tr&gt;&lt;td&gt;Altitude: 3453.6 m&lt;/td&gt;&lt;/tr&gt;
&lt;tr&gt;&lt;td&gt;Time: 2026-04-27T13:25:52Z&lt;/td&gt;&lt;/tr&gt;
&lt;/table&gt;
</description>
<Point>
<coordinates>-71.847806,-13.410423,3453.6</coordinates>
</Point>
</Placemark>
<Placemark>
<name>Jose Collas (-47)-272</name>
<description>
&lt;table&gt;
&lt;tr&gt;&lt;td&gt;Longitude: -71.847790&lt;/td&gt;&lt;/tr&gt;
&lt;tr&gt;&lt;td&gt;Latitude: -13.410400&lt;/td&gt;&lt;/tr&gt;
&lt;tr&gt;&lt;td&gt;Altitude: 3454.8 m&lt;/td&gt;&lt;/tr&gt;
&lt;tr&gt;&lt;td&gt;Time: 2026-04-27T13:25:59Z&lt;/td&gt;&lt;/tr&gt;
&lt;/table&gt;
</description>
<Point>
<coordinates>-71.847790,-13.410400,3454.8</coordinates>
</Point>
</Placemark>
<Placemark>
<name>Jose Collas (-47)-273</name>
<description>
&lt;table&gt;
&lt;tr&gt;&lt;td&gt;Longitude: -71.847822&lt;/td&gt;&lt;/tr&gt;
&lt;tr&gt;&lt;td&gt;Latitude: -13.410351&lt;/td&gt;&lt;/tr&gt;
&lt;tr&gt;&lt;td&gt;Altitude: 3456.6 m&lt;/td&gt;&lt;/tr&gt;
&lt;tr&gt;&lt;td&gt;Time: 2026-04-27T13:26:13Z&lt;/td&gt;&lt;/tr&gt;
&lt;/table&gt;
</description>
<Point>
<coordinates>-71.847822,-13.410351,3456.6</coordinates>
</Point>
</Placemark>
<Placemark>
<name>Jose Collas (-47)-274</name>
<description>
&lt;table&gt;
&lt;tr&gt;&lt;td&gt;Longitude: -71.847764&lt;/td&gt;&lt;/tr&gt;
&lt;tr&gt;&lt;td&gt;Latitude: -13.410345&lt;/td&gt;&lt;/tr&gt;
&lt;tr&gt;&lt;td&gt;Altitude: 3458 m&lt;/td&gt;&lt;/tr&gt;
&lt;tr&gt;&lt;td&gt;Time: 2026-04-27T13:26:25Z&lt;/td&gt;&lt;/tr&gt;
&lt;/table&gt;
</description>
<Point>
<coordinates>-71.847764,-13.410345,3458</coordinates>
</Point>
</Placemark>
<Placemark>
<name>Jose Collas (-47)-275</name>
<description>
&lt;table&gt;
&lt;tr&gt;&lt;td&gt;Longitude: -71.847761&lt;/td&gt;&lt;/tr&gt;
&lt;tr&gt;&lt;td&gt;Latitude: -13.410318&lt;/td&gt;&lt;/tr&gt;
&lt;tr&gt;&lt;td&gt;Altitude: 3458.8 m&lt;/td&gt;&lt;/tr&gt;
&lt;tr&gt;&lt;td&gt;Time: 2026-04-27T13:26:33Z&lt;/td&gt;&lt;/tr&gt;
&lt;/table&gt;
</description>
<Point>
<coordinates>-71.847761,-13.410318,3458.8</coordinates>
</Point>
</Placemark>
<Placemark>
<name>Jose Collas (-47)-276</name>
<description>
&lt;table&gt;
&lt;tr&gt;&lt;td&gt;Longitude: -71.847718&lt;/td&gt;&lt;/tr&gt;
&lt;tr&gt;&lt;td&gt;Latitude: -13.410310&lt;/td&gt;&lt;/tr&gt;
&lt;tr&gt;&lt;td&gt;Altitude: 3459.8 m&lt;/td&gt;&lt;/tr&gt;
&lt;tr&gt;&lt;td&gt;Time: 2026-04-27T13:26:42Z&lt;/td&gt;&lt;/tr&gt;
&lt;/table&gt;
</description>
<Point>
<coordinates>-71.847718,-13.410310,3459.8</coordinates>
</Point>
</Placemark>
<Placemark>
<name>Jose Collas (-47)-277</name>
<description>
&lt;table&gt;
&lt;tr&gt;&lt;td&gt;Longitude: -71.847677&lt;/td&gt;&lt;/tr&gt;
&lt;tr&gt;&lt;td&gt;Latitude: -13.410281&lt;/td&gt;&lt;/tr&gt;
&lt;tr&gt;&lt;td&gt;Altitude: 3461.2 m&lt;/td&gt;&lt;/tr&gt;
&lt;tr&gt;&lt;td&gt;Time: 2026-04-27T13:26:57Z&lt;/td&gt;&lt;/tr&gt;
&lt;/table&gt;
</description>
<Point>
<coordinates>-71.847677,-13.410281,3461.2</coordinates>
</Point>
</Placemark>
<Placemark>
<name>Jose Collas (-47)-278</name>
<description>
&lt;table&gt;
&lt;tr&gt;&lt;td&gt;Longitude: -71.847674&lt;/td&gt;&lt;/tr&gt;
&lt;tr&gt;&lt;td&gt;Latitude: -13.410251&lt;/td&gt;&lt;/tr&gt;
&lt;tr&gt;&lt;td&gt;Altitude: 3462.2 m&lt;/td&gt;&lt;/tr&gt;
&lt;tr&gt;&lt;td&gt;Time: 2026-04-27T13:27:15Z&lt;/td&gt;&lt;/tr&gt;
&lt;/table&gt;
</description>
<Point>
<coordinates>-71.847674,-13.410251,3462.2</coordinates>
</Point>
</Placemark>
<Placemark>
<name>Jose Collas (-47)-279</name>
<description>
&lt;table&gt;
&lt;tr&gt;&lt;td&gt;Longitude: -71.847642&lt;/td&gt;&lt;/tr&gt;
&lt;tr&gt;&lt;td&gt;Latitude: -13.410228&lt;/td&gt;&lt;/tr&gt;
&lt;tr&gt;&lt;td&gt;Altitude: 3463.4 m&lt;/td&gt;&lt;/tr&gt;
&lt;tr&gt;&lt;td&gt;Time: 2026-04-27T13:27:25Z&lt;/td&gt;&lt;/tr&gt;
&lt;/table&gt;
</description>
<Point>
<coordinates>-71.847642,-13.410228,3463.4</coordinates>
</Point>
</Placemark>
<Placemark>
<name>Jose Collas (-47)-280</name>
<description>
&lt;table&gt;
&lt;tr&gt;&lt;td&gt;Longitude: -71.847647&lt;/td&gt;&lt;/tr&gt;
&lt;tr&gt;&lt;td&gt;Latitude: -13.410176&lt;/td&gt;&lt;/tr&gt;
&lt;tr&gt;&lt;td&gt;Altitude: 3464.6 m&lt;/td&gt;&lt;/tr&gt;
&lt;tr&gt;&lt;td&gt;Time: 2026-04-27T13:27:39Z&lt;/td&gt;&lt;/tr&gt;
&lt;/table&gt;
</description>
<Point>
<coordinates>-71.847647,-13.410176,3464.6</coordinates>
</Point>
</Placemark>
<Placemark>
<name>Jose Collas (-47)-281</name>
<description>
&lt;table&gt;
&lt;tr&gt;&lt;td&gt;Longitude: -71.847602&lt;/td&gt;&lt;/tr&gt;
&lt;tr&gt;&lt;td&gt;Latitude: -13.410126&lt;/td&gt;&lt;/tr&gt;
&lt;tr&gt;&lt;td&gt;Altitude: 3466.4 m&lt;/td&gt;&lt;/tr&gt;
&lt;tr&gt;&lt;td&gt;Time: 2026-04-27T13:28:00Z&lt;/td&gt;&lt;/tr&gt;
&lt;/table&gt;
</description>
<Point>
<coordinates>-71.847602,-13.410126,3466.4</coordinates>
</Point>
</Placemark>
<Placemark>
<name>Jose Collas (-47)-282</name>
<description>
&lt;table&gt;
&lt;tr&gt;&lt;td&gt;Longitude: -71.847616&lt;/td&gt;&lt;/tr&gt;
&lt;tr&gt;&lt;td&gt;Latitude: -13.410080&lt;/td&gt;&lt;/tr&gt;
&lt;tr&gt;&lt;td&gt;Altitude: 3467.8 m&lt;/td&gt;&lt;/tr&gt;
&lt;tr&gt;&lt;td&gt;Time: 2026-04-27T13:28:18Z&lt;/td&gt;&lt;/tr&gt;
&lt;/table&gt;
</description>
<Point>
<coordinates>-71.847616,-13.410080,3467.8</coordinates>
</Point>
</Placemark>
<Placemark>
<name>Jose Collas (-47)-283</name>
<description>
&lt;table&gt;
&lt;tr&gt;&lt;td&gt;Longitude: -71.847578&lt;/td&gt;&lt;/tr&gt;
&lt;tr&gt;&lt;td&gt;Latitude: -13.410056&lt;/td&gt;&lt;/tr&gt;
&lt;tr&gt;&lt;td&gt;Altitude: 3468.8 m&lt;/td&gt;&lt;/tr&gt;
&lt;tr&gt;&lt;td&gt;Time: 2026-04-27T13:28:35Z&lt;/td&gt;&lt;/tr&gt;
&lt;/table&gt;
</description>
<Point>
<coordinates>-71.847578,-13.410056,3468.8</coordinates>
</Point>
</Placemark>
<Placemark>
<name>Jose Collas (-47)-284</name>
<description>
&lt;table&gt;
&lt;tr&gt;&lt;td&gt;Longitude: -71.847589&lt;/td&gt;&lt;/tr&gt;
&lt;tr&gt;&lt;td&gt;Latitude: -13.409964&lt;/td&gt;&lt;/tr&gt;
&lt;tr&gt;&lt;td&gt;Altitude: 3471.8 m&lt;/td&gt;&lt;/tr&gt;
&lt;tr&gt;&lt;td&gt;Time: 2026-04-27T13:29:05Z&lt;/td&gt;&lt;/tr&gt;
&lt;/table&gt;
</description>
<Point>
<coordinates>-71.847589,-13.409964,3471.8</coordinates>
</Point>
</Placemark>
<Placemark>
<name>Jose Collas (-47)-285</name>
<description>
&lt;table&gt;
&lt;tr&gt;&lt;td&gt;Longitude: -71.847501&lt;/td&gt;&lt;/tr&gt;
&lt;tr&gt;&lt;td&gt;Latitude: -13.409926&lt;/td&gt;&lt;/tr&gt;
&lt;tr&gt;&lt;td&gt;Altitude: 3473.2 m&lt;/td&gt;&lt;/tr&gt;
&lt;tr&gt;&lt;td&gt;Time: 2026-04-27T13:29:22Z&lt;/td&gt;&lt;/tr&gt;
&lt;/table&gt;
</description>
<Point>
<coordinates>-71.847501,-13.409926,3473.2</coordinates>
</Point>
</Placemark>
<Placemark>
<name>Jose Collas (-47)-286</name>
<description>
&lt;table&gt;
&lt;tr&gt;&lt;td&gt;Longitude: -71.847503&lt;/td&gt;&lt;/tr&gt;
&lt;tr&gt;&lt;td&gt;Latitude: -13.409891&lt;/td&gt;&lt;/tr&gt;
&lt;tr&gt;&lt;td&gt;Altitude: 3474.2 m&lt;/td&gt;&lt;/tr&gt;
&lt;tr&gt;&lt;td&gt;Time: 2026-04-27T13:29:32Z&lt;/td&gt;&lt;/tr&gt;
&lt;/table&gt;
</description>
<Point>
<coordinates>-71.847503,-13.409891,3474.2</coordinates>
</Point>
</Placemark>
<Placemark>
<name>Jose Collas (-47)-287</name>
<description>
&lt;table&gt;
&lt;tr&gt;&lt;td&gt;Longitude: -71.847463&lt;/td&gt;&lt;/tr&gt;
&lt;tr&gt;&lt;td&gt;Latitude: -13.409845&lt;/td&gt;&lt;/tr&gt;
&lt;tr&gt;&lt;td&gt;Altitude: 3476.4 m&lt;/td&gt;&lt;/tr&gt;
&lt;tr&gt;&lt;td&gt;Time: 2026-04-27T13:29:56Z&lt;/td&gt;&lt;/tr&gt;
&lt;/table&gt;
</description>
<Point>
<coordinates>-71.847463,-13.409845,3476.4</coordinates>
</Point>
</Placemark>
<Placemark>
<name>Jose Collas (-47)-288</name>
<description>
&lt;table&gt;
&lt;tr&gt;&lt;td&gt;Longitude: -71.847334&lt;/td&gt;&lt;/tr&gt;
&lt;tr&gt;&lt;td&gt;Latitude: -13.409758&lt;/td&gt;&lt;/tr&gt;
&lt;tr&gt;&lt;td&gt;Altitude: 3480 m&lt;/td&gt;&lt;/tr&gt;
&lt;tr&gt;&lt;td&gt;Time: 2026-04-27T13:30:31Z&lt;/td&gt;&lt;/tr&gt;
&lt;/table&gt;
</description>
<Point>
<coordinates>-71.847334,-13.409758,3480</coordinates>
</Point>
</Placemark>
<Placemark>
<name>Jose Collas (-47)-289</name>
<description>
&lt;table&gt;
&lt;tr&gt;&lt;td&gt;Longitude: -71.847227&lt;/td&gt;&lt;/tr&gt;
&lt;tr&gt;&lt;td&gt;Latitude: -13.409733&lt;/td&gt;&lt;/tr&gt;
&lt;tr&gt;&lt;td&gt;Altitude: 3482 m&lt;/td&gt;&lt;/tr&gt;
&lt;tr&gt;&lt;td&gt;Time: 2026-04-27T13:30:48Z&lt;/td&gt;&lt;/tr&gt;
&lt;/table&gt;
</description>
<Point>
<coordinates>-71.847227,-13.409733,3482</coordinates>
</Point>
</Placemark>
<Placemark>
<name>Jose Collas (-47)-290</name>
<description>
&lt;table&gt;
&lt;tr&gt;&lt;td&gt;Longitude: -71.847075&lt;/td&gt;&lt;/tr&gt;
&lt;tr&gt;&lt;td&gt;Latitude: -13.409662&lt;/td&gt;&lt;/tr&gt;
&lt;tr&gt;&lt;td&gt;Altitude: 3487 m&lt;/td&gt;&lt;/tr&gt;
&lt;tr&gt;&lt;td&gt;Time: 2026-04-27T13:31:19Z&lt;/td&gt;&lt;/tr&gt;
&lt;/table&gt;
</description>
<Point>
<coordinates>-71.847075,-13.409662,3487</coordinates>
</Point>
</Placemark>
<Placemark>
<name>Jose Collas (-47)-291</name>
<description>
&lt;table&gt;
&lt;tr&gt;&lt;td&gt;Longitude: -71.847084&lt;/td&gt;&lt;/tr&gt;
&lt;tr&gt;&lt;td&gt;Latitude: -13.409643&lt;/td&gt;&lt;/tr&gt;
&lt;tr&gt;&lt;td&gt;Altitude: 3487.8 m&lt;/td&gt;&lt;/tr&gt;
&lt;tr&gt;&lt;td&gt;Time: 2026-04-27T13:31:24Z&lt;/td&gt;&lt;/tr&gt;
&lt;/table&gt;
</description>
<Point>
<coordinates>-71.847084,-13.409643,3487.8</coordinates>
</Point>
</Placemark>
<Placemark>
<name>Jose Collas (-47)-292</name>
<description>
&lt;table&gt;
&lt;tr&gt;&lt;td&gt;Longitude: -71.847231&lt;/td&gt;&lt;/tr&gt;
&lt;tr&gt;&lt;td&gt;Latitude: -13.409554&lt;/td&gt;&lt;/tr&gt;
&lt;tr&gt;&lt;td&gt;Altitude: 3491.2 m&lt;/td&gt;&lt;/tr&gt;
&lt;tr&gt;&lt;td&gt;Time: 2026-04-27T13:31:54Z&lt;/td&gt;&lt;/tr&gt;
&lt;/table&gt;
</description>
<Point>
<coordinates>-71.847231,-13.409554,3491.2</coordinates>
</Point>
</Placemark>
<Placemark>
<name>Jose Collas (-47)-293</name>
<description>
&lt;table&gt;
&lt;tr&gt;&lt;td&gt;Longitude: -71.847253&lt;/td&gt;&lt;/tr&gt;
&lt;tr&gt;&lt;td&gt;Latitude: -13.409513&lt;/td&gt;&lt;/tr&gt;
&lt;tr&gt;&lt;td&gt;Altitude: 3492.2 m&lt;/td&gt;&lt;/tr&gt;
&lt;tr&gt;&lt;td&gt;Time: 2026-04-27T13:32:04Z&lt;/td&gt;&lt;/tr&gt;
&lt;/table&gt;
</description>
<Point>
<coordinates>-71.847253,-13.409513,3492.2</coordinates>
</Point>
</Placemark>
<Placemark>
<name>Jose Collas (-47)-294</name>
<description>
&lt;table&gt;
&lt;tr&gt;&lt;td&gt;Longitude: -71.847245&lt;/td&gt;&lt;/tr&gt;
&lt;tr&gt;&lt;td&gt;Latitude: -13.409494&lt;/td&gt;&lt;/tr&gt;
&lt;tr&gt;&lt;td&gt;Altitude: 3492.8 m&lt;/td&gt;&lt;/tr&gt;
&lt;tr&gt;&lt;td&gt;Time: 2026-04-27T13:32:11Z&lt;/td&gt;&lt;/tr&gt;
&lt;/table&gt;
</description>
<Point>
<coordinates>-71.847245,-13.409494,3492.8</coordinates>
</Point>
</Placemark>
<Placemark>
<name>Jose Collas (-47)-295</name>
<description>
&lt;table&gt;
&lt;tr&gt;&lt;td&gt;Longitude: -71.847280&lt;/td&gt;&lt;/tr&gt;
&lt;tr&gt;&lt;td&gt;Latitude: -13.409444&lt;/td&gt;&lt;/tr&gt;
&lt;tr&gt;&lt;td&gt;Altitude: 3494.2 m&lt;/td&gt;&lt;/tr&gt;
&lt;tr&gt;&lt;td&gt;Time: 2026-04-27T13:32:28Z&lt;/td&gt;&lt;/tr&gt;
&lt;/table&gt;
</description>
<Point>
<coordinates>-71.847280,-13.409444,3494.2</coordinates>
</Point>
</Placemark>
<Placemark>
<name>Jose Collas (-47)-296</name>
<description>
&lt;table&gt;
&lt;tr&gt;&lt;td&gt;Longitude: -71.847263&lt;/td&gt;&lt;/tr&gt;
&lt;tr&gt;&lt;td&gt;Latitude: -13.409406&lt;/td&gt;&lt;/tr&gt;
&lt;tr&gt;&lt;td&gt;Altitude: 3495.4 m&lt;/td&gt;&lt;/tr&gt;
&lt;tr&gt;&lt;td&gt;Time: 2026-04-27T13:32:38Z&lt;/td&gt;&lt;/tr&gt;
&lt;/table&gt;
</description>
<Point>
<coordinates>-71.847263,-13.409406,3495.4</coordinates>
</Point>
</Placemark>
<Placemark>
<name>Jose Collas (-47)-297</name>
<description>
&lt;table&gt;
&lt;tr&gt;&lt;td&gt;Longitude: -71.847294&lt;/td&gt;&lt;/tr&gt;
&lt;tr&gt;&lt;td&gt;Latitude: -13.409375&lt;/td&gt;&lt;/tr&gt;
&lt;tr&gt;&lt;td&gt;Altitude: 3496.6 m&lt;/td&gt;&lt;/tr&gt;
&lt;tr&gt;&lt;td&gt;Time: 2026-04-27T13:32:47Z&lt;/td&gt;&lt;/tr&gt;
&lt;/table&gt;
</description>
<Point>
<coordinates>-71.847294,-13.409375,3496.6</coordinates>
</Point>
</Placemark>
<Placemark>
<name>Jose Collas (-47)-298</name>
<description>
&lt;table&gt;
&lt;tr&gt;&lt;td&gt;Longitude: -71.847343&lt;/td&gt;&lt;/tr&gt;
&lt;tr&gt;&lt;td&gt;Latitude: -13.409354&lt;/td&gt;&lt;/tr&gt;
&lt;tr&gt;&lt;td&gt;Altitude: 3498 m&lt;/td&gt;&lt;/tr&gt;
&lt;tr&gt;&lt;td&gt;Time: 2026-04-27T13:32:57Z&lt;/td&gt;&lt;/tr&gt;
&lt;/table&gt;
</description>
<Point>
<coordinates>-71.847343,-13.409354,3498</coordinates>
</Point>
</Placemark>
<Placemark>
<name>Jose Collas (-47)-299</name>
<description>
&lt;table&gt;
&lt;tr&gt;&lt;td&gt;Longitude: -71.847338&lt;/td&gt;&lt;/tr&gt;
&lt;tr&gt;&lt;td&gt;Latitude: -13.409288&lt;/td&gt;&lt;/tr&gt;
&lt;tr&gt;&lt;td&gt;Altitude: 3499.6 m&lt;/td&gt;&lt;/tr&gt;
&lt;tr&gt;&lt;td&gt;Time: 2026-04-27T13:33:33Z&lt;/td&gt;&lt;/tr&gt;
&lt;/table&gt;
</description>
<Point>
<coordinates>-71.847338,-13.409288,3499.6</coordinates>
</Point>
</Placemark>
<Placemark>
<name>Jose Collas (-47)-300</name>
<description>
&lt;table&gt;
&lt;tr&gt;&lt;td&gt;Longitude: -71.847362&lt;/td&gt;&lt;/tr&gt;
&lt;tr&gt;&lt;td&gt;Latitude: -13.409298&lt;/td&gt;&lt;/tr&gt;
&lt;tr&gt;&lt;td&gt;Altitude: 3500.6 m&lt;/td&gt;&lt;/tr&gt;
&lt;tr&gt;&lt;td&gt;Time: 2026-04-27T13:34:13Z&lt;/td&gt;&lt;/tr&gt;
&lt;/table&gt;
</description>
<Point>
<coordinates>-71.847362,-13.409298,3500.6</coordinates>
</Point>
</Placemark>
<Placemark>
<name>Jose Collas (-47)-301</name>
<description>
&lt;table&gt;
&lt;tr&gt;&lt;td&gt;Longitude: -71.847365&lt;/td&gt;&lt;/tr&gt;
&lt;tr&gt;&lt;td&gt;Latitude: -13.409271&lt;/td&gt;&lt;/tr&gt;
&lt;tr&gt;&lt;td&gt;Altitude: 3501 m&lt;/td&gt;&lt;/tr&gt;
&lt;tr&gt;&lt;td&gt;Time: 2026-04-27T13:34:21Z&lt;/td&gt;&lt;/tr&gt;
&lt;/table&gt;
</description>
<Point>
<coordinates>-71.847365,-13.409271,3501</coordinates>
</Point>
</Placemark>
<Placemark>
<name>Jose Collas (-47)-302</name>
<description>
&lt;table&gt;
&lt;tr&gt;&lt;td&gt;Longitude: -71.847329&lt;/td&gt;&lt;/tr&gt;
&lt;tr&gt;&lt;td&gt;Latitude: -13.409223&lt;/td&gt;&lt;/tr&gt;
&lt;tr&gt;&lt;td&gt;Altitude: 3502.4 m&lt;/td&gt;&lt;/tr&gt;
&lt;tr&gt;&lt;td&gt;Time: 2026-04-27T13:34:33Z&lt;/td&gt;&lt;/tr&gt;
&lt;/table&gt;
</description>
<Point>
<coordinates>-71.847329,-13.409223,3502.4</coordinates>
</Point>
</Placemark>
<Placemark>
<name>Jose Collas (-47)-303</name>
<description>
&lt;table&gt;
&lt;tr&gt;&lt;td&gt;Longitude: -71.847330&lt;/td&gt;&lt;/tr&gt;
&lt;tr&gt;&lt;td&gt;Latitude: -13.409177&lt;/td&gt;&lt;/tr&gt;
&lt;tr&gt;&lt;td&gt;Altitude: 3503.8 m&lt;/td&gt;&lt;/tr&gt;
&lt;tr&gt;&lt;td&gt;Time: 2026-04-27T13:34:43Z&lt;/td&gt;&lt;/tr&gt;
&lt;/table&gt;
</description>
<Point>
<coordinates>-71.847330,-13.409177,3503.8</coordinates>
</Point>
</Placemark>
<Placemark>
<name>Jose Collas (-47)-304</name>
<description>
&lt;table&gt;
&lt;tr&gt;&lt;td&gt;Longitude: -71.847341&lt;/td&gt;&lt;/tr&gt;
&lt;tr&gt;&lt;td&gt;Latitude: -13.409173&lt;/td&gt;&lt;/tr&gt;
&lt;tr&gt;&lt;td&gt;Altitude: 3504.2 m&lt;/td&gt;&lt;/tr&gt;
&lt;tr&gt;&lt;td&gt;Time: 2026-04-27T13:34:52Z&lt;/td&gt;&lt;/tr&gt;
&lt;/table&gt;
</description>
<Point>
<coordinates>-71.847341,-13.409173,3504.2</coordinates>
</Point>
</Placemark>
<Placemark>
<name>Jose Collas (-47)-305</name>
<description>
&lt;table&gt;
&lt;tr&gt;&lt;td&gt;Longitude: -71.847320&lt;/td&gt;&lt;/tr&gt;
&lt;tr&gt;&lt;td&gt;Latitude: -13.409084&lt;/td&gt;&lt;/tr&gt;
&lt;tr&gt;&lt;td&gt;Altitude: 3506 m&lt;/td&gt;&lt;/tr&gt;
&lt;tr&gt;&lt;td&gt;Time: 2026-04-27T13:35:17Z&lt;/td&gt;&lt;/tr&gt;
&lt;/table&gt;
</description>
<Point>
<coordinates>-71.847320,-13.409084,3506</coordinates>
</Point>
</Placemark>
<Placemark>
<name>Jose Collas (-47)-306</name>
<description>
&lt;table&gt;
&lt;tr&gt;&lt;td&gt;Longitude: -71.847293&lt;/td&gt;&lt;/tr&gt;
&lt;tr&gt;&lt;td&gt;Latitude: -13.409059&lt;/td&gt;&lt;/tr&gt;
&lt;tr&gt;&lt;td&gt;Altitude: 3507.8 m&lt;/td&gt;&lt;/tr&gt;
&lt;tr&gt;&lt;td&gt;Time: 2026-04-27T13:35:54Z&lt;/td&gt;&lt;/tr&gt;
&lt;/table&gt;
</description>
<Point>
<coordinates>-71.847293,-13.409059,3507.8</coordinates>
</Point>
</Placemark>
<Placemark>
<name>Jose Collas (-47)-307</name>
<description>
&lt;table&gt;
&lt;tr&gt;&lt;td&gt;Longitude: -71.847302&lt;/td&gt;&lt;/tr&gt;
&lt;tr&gt;&lt;td&gt;Latitude: -13.409057&lt;/td&gt;&lt;/tr&gt;
&lt;tr&gt;&lt;td&gt;Altitude: 3508 m&lt;/td&gt;&lt;/tr&gt;
&lt;tr&gt;&lt;td&gt;Time: 2026-04-27T13:36:05Z&lt;/td&gt;&lt;/tr&gt;
&lt;/table&gt;
</description>
<Point>
<coordinates>-71.847302,-13.409057,3508</coordinates>
</Point>
</Placemark>
<Placemark>
<name>Jose Collas (-47)-308</name>
<description>
&lt;table&gt;
&lt;tr&gt;&lt;td&gt;Longitude: -71.847291&lt;/td&gt;&lt;/tr&gt;
&lt;tr&gt;&lt;td&gt;Latitude: -13.408994&lt;/td&gt;&lt;/tr&gt;
&lt;tr&gt;&lt;td&gt;Altitude: 3509.2 m&lt;/td&gt;&lt;/tr&gt;
&lt;tr&gt;&lt;td&gt;Time: 2026-04-27T13:36:23Z&lt;/td&gt;&lt;/tr&gt;
&lt;/table&gt;
</description>
<Point>
<coordinates>-71.847291,-13.408994,3509.2</coordinates>
</Point>
</Placemark>
<Placemark>
<name>Jose Collas (-47)-309</name>
<description>
&lt;table&gt;
&lt;tr&gt;&lt;td&gt;Longitude: -71.847252&lt;/td&gt;&lt;/tr&gt;
&lt;tr&gt;&lt;td&gt;Latitude: -13.408926&lt;/td&gt;&lt;/tr&gt;
&lt;tr&gt;&lt;td&gt;Altitude: 3510.6 m&lt;/td&gt;&lt;/tr&gt;
&lt;tr&gt;&lt;td&gt;Time: 2026-04-27T13:36:36Z&lt;/td&gt;&lt;/tr&gt;
&lt;/table&gt;
</description>
<Point>
<coordinates>-71.847252,-13.408926,3510.6</coordinates>
</Point>
</Placemark>
<Placemark>
<name>Jose Collas (-47)-310</name>
<description>
&lt;table&gt;
&lt;tr&gt;&lt;td&gt;Longitude: -71.847229&lt;/td&gt;&lt;/tr&gt;
&lt;tr&gt;&lt;td&gt;Latitude: -13.408636&lt;/td&gt;&lt;/tr&gt;
&lt;tr&gt;&lt;td&gt;Altitude: 3519 m&lt;/td&gt;&lt;/tr&gt;
&lt;tr&gt;&lt;td&gt;Time: 2026-04-27T13:37:45Z&lt;/td&gt;&lt;/tr&gt;
&lt;/table&gt;
</description>
<Point>
<coordinates>-71.847229,-13.408636,3519</coordinates>
</Point>
</Placemark>
<Placemark>
<name>Jose Collas (-47)-311</name>
<description>
&lt;table&gt;
&lt;tr&gt;&lt;td&gt;Longitude: -71.847218&lt;/td&gt;&lt;/tr&gt;
&lt;tr&gt;&lt;td&gt;Latitude: -13.408638&lt;/td&gt;&lt;/tr&gt;
&lt;tr&gt;&lt;td&gt;Altitude: 3519.2 m&lt;/td&gt;&lt;/tr&gt;
&lt;tr&gt;&lt;td&gt;Time: 2026-04-27T13:37:56Z&lt;/td&gt;&lt;/tr&gt;
&lt;/table&gt;
</description>
<Point>
<coordinates>-71.847218,-13.408638,3519.2</coordinates>
</Point>
</Placemark>
<Placemark>
<name>Jose Collas (-47)-312</name>
<description>
&lt;table&gt;
&lt;tr&gt;&lt;td&gt;Longitude: -71.847217&lt;/td&gt;&lt;/tr&gt;
&lt;tr&gt;&lt;td&gt;Latitude: -13.408682&lt;/td&gt;&lt;/tr&gt;
&lt;tr&gt;&lt;td&gt;Altitude: 3519.4 m&lt;/td&gt;&lt;/tr&gt;
&lt;tr&gt;&lt;td&gt;Time: 2026-04-27T13:38:03Z&lt;/td&gt;&lt;/tr&gt;
&lt;/table&gt;
</description>
<Point>
<coordinates>-71.847217,-13.408682,3519.4</coordinates>
</Point>
</Placemark>
<Placemark>
<name>Jose Collas (-47)-313</name>
<description>
&lt;table&gt;
&lt;tr&gt;&lt;td&gt;Longitude: -71.847190&lt;/td&gt;&lt;/tr&gt;
&lt;tr&gt;&lt;td&gt;Latitude: -13.408721&lt;/td&gt;&lt;/tr&gt;
&lt;tr&gt;&lt;td&gt;Altitude: 3519.8 m&lt;/td&gt;&lt;/tr&gt;
&lt;tr&gt;&lt;td&gt;Time: 2026-04-27T13:38:24Z&lt;/td&gt;&lt;/tr&gt;
&lt;/table&gt;
</description>
<Point>
<coordinates>-71.847190,-13.408721,3519.8</coordinates>
</Point>
</Placemark>
<Placemark>
<name>Jose Collas (-47)-314</name>
<description>
&lt;table&gt;
&lt;tr&gt;&lt;td&gt;Longitude: -71.847208&lt;/td&gt;&lt;/tr&gt;
&lt;tr&gt;&lt;td&gt;Latitude: -13.408704&lt;/td&gt;&lt;/tr&gt;
&lt;tr&gt;&lt;td&gt;Altitude: 3520.8 m&lt;/td&gt;&lt;/tr&gt;
&lt;tr&gt;&lt;td&gt;Time: 2026-04-27T13:39:40Z&lt;/td&gt;&lt;/tr&gt;
&lt;/table&gt;
</description>
<Point>
<coordinates>-71.847208,-13.408704,3520.8</coordinates>
</Point>
</Placemark>
<Placemark>
<name>Jose Collas (-47)-315</name>
<description>
&lt;table&gt;
&lt;tr&gt;&lt;td&gt;Longitude: -71.847217&lt;/td&gt;&lt;/tr&gt;
&lt;tr&gt;&lt;td&gt;Latitude: -13.408636&lt;/td&gt;&lt;/tr&gt;
&lt;tr&gt;&lt;td&gt;Altitude: 3521.2 m&lt;/td&gt;&lt;/tr&gt;
&lt;tr&gt;&lt;td&gt;Time: 2026-04-27T13:39:53Z&lt;/td&gt;&lt;/tr&gt;
&lt;/table&gt;
</description>
<Point>
<coordinates>-71.847217,-13.408636,3521.2</coordinates>
</Point>
</Placemark>
<Placemark>
<name>Jose Collas (-47)-316</name>
<description>
&lt;table&gt;
&lt;tr&gt;&lt;td&gt;Longitude: -71.847252&lt;/td&gt;&lt;/tr&gt;
&lt;tr&gt;&lt;td&gt;Latitude: -13.408591&lt;/td&gt;&lt;/tr&gt;
&lt;tr&gt;&lt;td&gt;Altitude: 3522.6 m&lt;/td&gt;&lt;/tr&gt;
&lt;tr&gt;&lt;td&gt;Time: 2026-04-27T13:40:07Z&lt;/td&gt;&lt;/tr&gt;
&lt;/table&gt;
</description>
<Point>
<coordinates>-71.847252,-13.408591,3522.6</coordinates>
</Point>
</Placemark>
<Placemark>
<name>Jose Collas (-47)-317</name>
<description>
&lt;table&gt;
&lt;tr&gt;&lt;td&gt;Longitude: -71.847250&lt;/td&gt;&lt;/tr&gt;
&lt;tr&gt;&lt;td&gt;Latitude: -13.408558&lt;/td&gt;&lt;/tr&gt;
&lt;tr&gt;&lt;td&gt;Altitude: 3523.2 m&lt;/td&gt;&lt;/tr&gt;
&lt;tr&gt;&lt;td&gt;Time: 2026-04-27T13:40:14Z&lt;/td&gt;&lt;/tr&gt;
&lt;/table&gt;
</description>
<Point>
<coordinates>-71.847250,-13.408558,3523.2</coordinates>
</Point>
</Placemark>
<Placemark>
<name>Jose Collas (-47)-318</name>
<description>
&lt;table&gt;
&lt;tr&gt;&lt;td&gt;Longitude: -71.847284&lt;/td&gt;&lt;/tr&gt;
&lt;tr&gt;&lt;td&gt;Latitude: -13.408542&lt;/td&gt;&lt;/tr&gt;
&lt;tr&gt;&lt;td&gt;Altitude: 3524.6 m&lt;/td&gt;&lt;/tr&gt;
&lt;tr&gt;&lt;td&gt;Time: 2026-04-27T13:40:24Z&lt;/td&gt;&lt;/tr&gt;
&lt;/table&gt;
</description>
<Point>
<coordinates>-71.847284,-13.408542,3524.6</coordinates>
</Point>
</Placemark>
<Placemark>
<name>Jose Collas (-47)-319</name>
<description>
&lt;table&gt;
&lt;tr&gt;&lt;td&gt;Longitude: -71.847291&lt;/td&gt;&lt;/tr&gt;
&lt;tr&gt;&lt;td&gt;Latitude: -13.408511&lt;/td&gt;&lt;/tr&gt;
&lt;tr&gt;&lt;td&gt;Altitude: 3525.6 m&lt;/td&gt;&lt;/tr&gt;
&lt;tr&gt;&lt;td&gt;Time: 2026-04-27T13:40:31Z&lt;/td&gt;&lt;/tr&gt;
&lt;/table&gt;
</description>
<Point>
<coordinates>-71.847291,-13.408511,3525.6</coordinates>
</Point>
</Placemark>
<Placemark>
<name>Jose Collas (-47)-320</name>
<description>
&lt;table&gt;
&lt;tr&gt;&lt;td&gt;Longitude: -71.847258&lt;/td&gt;&lt;/tr&gt;
&lt;tr&gt;&lt;td&gt;Latitude: -13.408452&lt;/td&gt;&lt;/tr&gt;
&lt;tr&gt;&lt;td&gt;Altitude: 3527.4 m&lt;/td&gt;&lt;/tr&gt;
&lt;tr&gt;&lt;td&gt;Time: 2026-04-27T13:40:48Z&lt;/td&gt;&lt;/tr&gt;
&lt;/table&gt;
</description>
<Point>
<coordinates>-71.847258,-13.408452,3527.4</coordinates>
</Point>
</Placemark>
<Placemark>
<name>Jose Collas (-47)-321</name>
<description>
&lt;table&gt;
&lt;tr&gt;&lt;td&gt;Longitude: -71.847279&lt;/td&gt;&lt;/tr&gt;
&lt;tr&gt;&lt;td&gt;Latitude: -13.408439&lt;/td&gt;&lt;/tr&gt;
&lt;tr&gt;&lt;td&gt;Altitude: 3528.4 m&lt;/td&gt;&lt;/tr&gt;
&lt;tr&gt;&lt;td&gt;Time: 2026-04-27T13:40:58Z&lt;/td&gt;&lt;/tr&gt;
&lt;/table&gt;
</description>
<Point>
<coordinates>-71.847279,-13.408439,3528.4</coordinates>
</Point>
</Placemark>
<Placemark>
<name>Jose Collas (-47)-322</name>
<description>
&lt;table&gt;
&lt;tr&gt;&lt;td&gt;Longitude: -71.847265&lt;/td&gt;&lt;/tr&gt;
&lt;tr&gt;&lt;td&gt;Latitude: -13.408400&lt;/td&gt;&lt;/tr&gt;
&lt;tr&gt;&lt;td&gt;Altitude: 3529.2 m&lt;/td&gt;&lt;/tr&gt;
&lt;tr&gt;&lt;td&gt;Time: 2026-04-27T13:41:10Z&lt;/td&gt;&lt;/tr&gt;
&lt;/table&gt;
</description>
<Point>
<coordinates>-71.847265,-13.408400,3529.2</coordinates>
</Point>
</Placemark>
<Placemark>
<name>Jose Collas (-47)-323</name>
<description>
&lt;table&gt;
&lt;tr&gt;&lt;td&gt;Longitude: -71.847281&lt;/td&gt;&lt;/tr&gt;
&lt;tr&gt;&lt;td&gt;Latitude: -13.408369&lt;/td&gt;&lt;/tr&gt;
&lt;tr&gt;&lt;td&gt;Altitude: 3530.2 m&lt;/td&gt;&lt;/tr&gt;
&lt;tr&gt;&lt;td&gt;Time: 2026-04-27T13:41:21Z&lt;/td&gt;&lt;/tr&gt;
&lt;/table&gt;
</description>
<Point>
<coordinates>-71.847281,-13.408369,3530.2</coordinates>
</Point>
</Placemark>
<Placemark>
<name>Jose Collas (-47)-324</name>
<description>
&lt;table&gt;
&lt;tr&gt;&lt;td&gt;Longitude: -71.847237&lt;/td&gt;&lt;/tr&gt;
&lt;tr&gt;&lt;td&gt;Latitude: -13.408326&lt;/td&gt;&lt;/tr&gt;
&lt;tr&gt;&lt;td&gt;Altitude: 3531.4 m&lt;/td&gt;&lt;/tr&gt;
&lt;tr&gt;&lt;td&gt;Time: 2026-04-27T13:41:34Z&lt;/td&gt;&lt;/tr&gt;
&lt;/table&gt;
</description>
<Point>
<coordinates>-71.847237,-13.408326,3531.4</coordinates>
</Point>
</Placemark>
<Placemark>
<name>Jose Collas (-47)-325</name>
<description>
&lt;table&gt;
&lt;tr&gt;&lt;td&gt;Longitude: -71.847349&lt;/td&gt;&lt;/tr&gt;
&lt;tr&gt;&lt;td&gt;Latitude: -13.408305&lt;/td&gt;&lt;/tr&gt;
&lt;tr&gt;&lt;td&gt;Altitude: 3534.4 m&lt;/td&gt;&lt;/tr&gt;
&lt;tr&gt;&lt;td&gt;Time: 2026-04-27T13:41:53Z&lt;/td&gt;&lt;/tr&gt;
&lt;/table&gt;
</description>
<Point>
<coordinates>-71.847349,-13.408305,3534.4</coordinates>
</Point>
</Placemark>
<Placemark>
<name>Jose Collas (-47)-326</name>
<description>
&lt;table&gt;
&lt;tr&gt;&lt;td&gt;Longitude: -71.847489&lt;/td&gt;&lt;/tr&gt;
&lt;tr&gt;&lt;td&gt;Latitude: -13.408202&lt;/td&gt;&lt;/tr&gt;
&lt;tr&gt;&lt;td&gt;Altitude: 3540 m&lt;/td&gt;&lt;/tr&gt;
&lt;tr&gt;&lt;td&gt;Time: 2026-04-27T13:42:21Z&lt;/td&gt;&lt;/tr&gt;
&lt;/table&gt;
</description>
<Point>
<coordinates>-71.847489,-13.408202,3540</coordinates>
</Point>
</Placemark>
<Placemark>
<name>Jose Collas (-47)-327</name>
<description>
&lt;table&gt;
&lt;tr&gt;&lt;td&gt;Longitude: -71.847496&lt;/td&gt;&lt;/tr&gt;
&lt;tr&gt;&lt;td&gt;Latitude: -13.408152&lt;/td&gt;&lt;/tr&gt;
&lt;tr&gt;&lt;td&gt;Altitude: 3541.6 m&lt;/td&gt;&lt;/tr&gt;
&lt;tr&gt;&lt;td&gt;Time: 2026-04-27T13:42:31Z&lt;/td&gt;&lt;/tr&gt;
&lt;/table&gt;
</description>
<Point>
<coordinates>-71.847496,-13.408152,3541.6</coordinates>
</Point>
</Placemark>
<Placemark>
<name>Jose Collas (-47)-328</name>
<description>
&lt;table&gt;
&lt;tr&gt;&lt;td&gt;Longitude: -71.847482&lt;/td&gt;&lt;/tr&gt;
&lt;tr&gt;&lt;td&gt;Latitude: -13.408087&lt;/td&gt;&lt;/tr&gt;
&lt;tr&gt;&lt;td&gt;Altitude: 3542 m&lt;/td&gt;&lt;/tr&gt;
&lt;tr&gt;&lt;td&gt;Time: 2026-04-27T13:42:43Z&lt;/td&gt;&lt;/tr&gt;
&lt;/table&gt;
</description>
<Point>
<coordinates>-71.847482,-13.408087,3542</coordinates>
</Point>
</Placemark>
<Placemark>
<name>Jose Collas (-47)-329</name>
<description>
&lt;table&gt;
&lt;tr&gt;&lt;td&gt;Longitude: -71.847495&lt;/td&gt;&lt;/tr&gt;
&lt;tr&gt;&lt;td&gt;Latitude: -13.408041&lt;/td&gt;&lt;/tr&gt;
&lt;tr&gt;&lt;td&gt;Altitude: 3542.4 m&lt;/td&gt;&lt;/tr&gt;
&lt;tr&gt;&lt;td&gt;Time: 2026-04-27T13:42:50Z&lt;/td&gt;&lt;/tr&gt;
&lt;/table&gt;
</description>
<Point>
<coordinates>-71.847495,-13.408041,3542.4</coordinates>
</Point>
</Placemark>
<Placemark>
<name>Jose Collas (-47)-330</name>
<description>
&lt;table&gt;
&lt;tr&gt;&lt;td&gt;Longitude: -71.847494&lt;/td&gt;&lt;/tr&gt;
&lt;tr&gt;&lt;td&gt;Latitude: -13.407928&lt;/td&gt;&lt;/tr&gt;
&lt;tr&gt;&lt;td&gt;Altitude: 3543.8 m&lt;/td&gt;&lt;/tr&gt;
&lt;tr&gt;&lt;td&gt;Time: 2026-04-27T13:43:12Z&lt;/td&gt;&lt;/tr&gt;
&lt;/table&gt;
</description>
<Point>
<coordinates>-71.847494,-13.407928,3543.8</coordinates>
</Point>
</Placemark>
<Placemark>
<name>Jose Collas (-47)-331</name>
<description>
&lt;table&gt;
&lt;tr&gt;&lt;td&gt;Longitude: -71.847570&lt;/td&gt;&lt;/tr&gt;
&lt;tr&gt;&lt;td&gt;Latitude: -13.407723&lt;/td&gt;&lt;/tr&gt;
&lt;tr&gt;&lt;td&gt;Altitude: 3546 m&lt;/td&gt;&lt;/tr&gt;
&lt;tr&gt;&lt;td&gt;Time: 2026-04-27T13:43:49Z&lt;/td&gt;&lt;/tr&gt;
&lt;/table&gt;
</description>
<Point>
<coordinates>-71.847570,-13.407723,3546</coordinates>
</Point>
</Placemark>
<Placemark>
<name>Jose Collas (-47)-332</name>
<description>
&lt;table&gt;
&lt;tr&gt;&lt;td&gt;Longitude: -71.847609&lt;/td&gt;&lt;/tr&gt;
&lt;tr&gt;&lt;td&gt;Latitude: -13.407671&lt;/td&gt;&lt;/tr&gt;
&lt;tr&gt;&lt;td&gt;Altitude: 3546.6 m&lt;/td&gt;&lt;/tr&gt;
&lt;tr&gt;&lt;td&gt;Time: 2026-04-27T13:44:01Z&lt;/td&gt;&lt;/tr&gt;
&lt;/table&gt;
</description>
<Point>
<coordinates>-71.847609,-13.407671,3546.6</coordinates>
</Point>
</Placemark>
<Placemark>
<name>Jose Collas (-47)-333</name>
<description>
&lt;table&gt;
&lt;tr&gt;&lt;td&gt;Longitude: -71.847585&lt;/td&gt;&lt;/tr&gt;
&lt;tr&gt;&lt;td&gt;Latitude: -13.407629&lt;/td&gt;&lt;/tr&gt;
&lt;tr&gt;&lt;td&gt;Altitude: 3547.2 m&lt;/td&gt;&lt;/tr&gt;
&lt;tr&gt;&lt;td&gt;Time: 2026-04-27T13:44:16Z&lt;/td&gt;&lt;/tr&gt;
&lt;/table&gt;
</description>
<Point>
<coordinates>-71.847585,-13.407629,3547.2</coordinates>
</Point>
</Placemark>
<Placemark>
<name>Jose Collas (-47)-334</name>
<description>
&lt;table&gt;
&lt;tr&gt;&lt;td&gt;Longitude: -71.847696&lt;/td&gt;&lt;/tr&gt;
&lt;tr&gt;&lt;td&gt;Latitude: -13.407342&lt;/td&gt;&lt;/tr&gt;
&lt;tr&gt;&lt;td&gt;Altitude: 3550.4 m&lt;/td&gt;&lt;/tr&gt;
&lt;tr&gt;&lt;td&gt;Time: 2026-04-27T13:45:21Z&lt;/td&gt;&lt;/tr&gt;
&lt;/table&gt;
</description>
<Point>
<coordinates>-71.847696,-13.407342,3550.4</coordinates>
</Point>
</Placemark>
<Placemark>
<name>Jose Collas (-47)-335</name>
<description>
&lt;table&gt;
&lt;tr&gt;&lt;td&gt;Longitude: -71.847692&lt;/td&gt;&lt;/tr&gt;
&lt;tr&gt;&lt;td&gt;Latitude: -13.407165&lt;/td&gt;&lt;/tr&gt;
&lt;tr&gt;&lt;td&gt;Altitude: 3554.2 m&lt;/td&gt;&lt;/tr&gt;
&lt;tr&gt;&lt;td&gt;Time: 2026-04-27T13:46:13Z&lt;/td&gt;&lt;/tr&gt;
&lt;/table&gt;
</description>
<Point>
<coordinates>-71.847692,-13.407165,3554.2</coordinates>
</Point>
</Placemark>
<Placemark>
<name>Jose Collas (-47)-336</name>
<description>
&lt;table&gt;
&lt;tr&gt;&lt;td&gt;Longitude: -71.847682&lt;/td&gt;&lt;/tr&gt;
&lt;tr&gt;&lt;td&gt;Latitude: -13.407155&lt;/td&gt;&lt;/tr&gt;
&lt;tr&gt;&lt;td&gt;Altitude: 3554.4 m&lt;/td&gt;&lt;/tr&gt;
&lt;tr&gt;&lt;td&gt;Time: 2026-04-27T13:46:16Z&lt;/td&gt;&lt;/tr&gt;
&lt;/table&gt;
</description>
<Point>
<coordinates>-71.847682,-13.407155,3554.4</coordinates>
</Point>
</Placemark>
<Placemark>
<name>Jose Collas (-47)-337</name>
<description>
&lt;table&gt;
&lt;tr&gt;&lt;td&gt;Longitude: -71.847652&lt;/td&gt;&lt;/tr&gt;
&lt;tr&gt;&lt;td&gt;Latitude: -13.407162&lt;/td&gt;&lt;/tr&gt;
&lt;tr&gt;&lt;td&gt;Altitude: 3554.8 m&lt;/td&gt;&lt;/tr&gt;
&lt;tr&gt;&lt;td&gt;Time: 2026-04-27T13:46:22Z&lt;/td&gt;&lt;/tr&gt;
&lt;/table&gt;
</description>
<Point>
<coordinates>-71.847652,-13.407162,3554.8</coordinates>
</Point>
</Placemark>
<Placemark>
<name>Jose Collas (-47)-338</name>
<description>
&lt;table&gt;
&lt;tr&gt;&lt;td&gt;Longitude: -71.847634&lt;/td&gt;&lt;/tr&gt;
&lt;tr&gt;&lt;td&gt;Latitude: -13.407129&lt;/td&gt;&lt;/tr&gt;
&lt;tr&gt;&lt;td&gt;Altitude: 3555.8 m&lt;/td&gt;&lt;/tr&gt;
&lt;tr&gt;&lt;td&gt;Time: 2026-04-27T13:46:31Z&lt;/td&gt;&lt;/tr&gt;
&lt;/table&gt;
</description>
<Point>
<coordinates>-71.847634,-13.407129,3555.8</coordinates>
</Point>
</Placemark>
<Placemark>
<name>Jose Collas (-47)-339</name>
<description>
&lt;table&gt;
&lt;tr&gt;&lt;td&gt;Longitude: -71.847583&lt;/td&gt;&lt;/tr&gt;
&lt;tr&gt;&lt;td&gt;Latitude: -13.407097&lt;/td&gt;&lt;/tr&gt;
&lt;tr&gt;&lt;td&gt;Altitude: 3557.4 m&lt;/td&gt;&lt;/tr&gt;
&lt;tr&gt;&lt;td&gt;Time: 2026-04-27T13:46:44Z&lt;/td&gt;&lt;/tr&gt;
&lt;/table&gt;
</description>
<Point>
<coordinates>-71.847583,-13.407097,3557.4</coordinates>
</Point>
</Placemark>
<Placemark>
<name>Jose Collas (-47)-340</name>
<description>
&lt;table&gt;
&lt;tr&gt;&lt;td&gt;Longitude: -71.847544&lt;/td&gt;&lt;/tr&gt;
&lt;tr&gt;&lt;td&gt;Latitude: -13.407038&lt;/td&gt;&lt;/tr&gt;
&lt;tr&gt;&lt;td&gt;Altitude: 3559.4 m&lt;/td&gt;&lt;/tr&gt;
&lt;tr&gt;&lt;td&gt;Time: 2026-04-27T13:46:58Z&lt;/td&gt;&lt;/tr&gt;
&lt;/table&gt;
</description>
<Point>
<coordinates>-71.847544,-13.407038,3559.4</coordinates>
</Point>
</Placemark>
<Placemark>
<name>Jose Collas (-47)-341</name>
<description>
&lt;table&gt;
&lt;tr&gt;&lt;td&gt;Longitude: -71.847544&lt;/td&gt;&lt;/tr&gt;
&lt;tr&gt;&lt;td&gt;Latitude: -13.406957&lt;/td&gt;&lt;/tr&gt;
&lt;tr&gt;&lt;td&gt;Altitude: 3561 m&lt;/td&gt;&lt;/tr&gt;
&lt;tr&gt;&lt;td&gt;Time: 2026-04-27T13:47:20Z&lt;/td&gt;&lt;/tr&gt;
&lt;/table&gt;
</description>
<Point>
<coordinates>-71.847544,-13.406957,3561</coordinates>
</Point>
</Placemark>
<Placemark>
<name>Jose Collas (-47)-342</name>
<description>
&lt;table&gt;
&lt;tr&gt;&lt;td&gt;Longitude: -71.847513&lt;/td&gt;&lt;/tr&gt;
&lt;tr&gt;&lt;td&gt;Latitude: -13.406915&lt;/td&gt;&lt;/tr&gt;
&lt;tr&gt;&lt;td&gt;Altitude: 3561.6 m&lt;/td&gt;&lt;/tr&gt;
&lt;tr&gt;&lt;td&gt;Time: 2026-04-27T13:47:29Z&lt;/td&gt;&lt;/tr&gt;
&lt;/table&gt;
</description>
<Point>
<coordinates>-71.847513,-13.406915,3561.6</coordinates>
</Point>
</Placemark>
<Placemark>
<name>Jose Collas (-47)-343</name>
<description>
&lt;table&gt;
&lt;tr&gt;&lt;td&gt;Longitude: -71.847558&lt;/td&gt;&lt;/tr&gt;
&lt;tr&gt;&lt;td&gt;Latitude: -13.406770&lt;/td&gt;&lt;/tr&gt;
&lt;tr&gt;&lt;td&gt;Altitude: 3563.2 m&lt;/td&gt;&lt;/tr&gt;
&lt;tr&gt;&lt;td&gt;Time: 2026-04-27T13:47:51Z&lt;/td&gt;&lt;/tr&gt;
&lt;/table&gt;
</description>
<Point>
<coordinates>-71.847558,-13.406770,3563.2</coordinates>
</Point>
</Placemark>
<Placemark>
<name>Jose Collas (-47)-344</name>
<description>
&lt;table&gt;
&lt;tr&gt;&lt;td&gt;Longitude: -71.847539&lt;/td&gt;&lt;/tr&gt;
&lt;tr&gt;&lt;td&gt;Latitude: -13.406721&lt;/td&gt;&lt;/tr&gt;
&lt;tr&gt;&lt;td&gt;Altitude: 3563.8 m&lt;/td&gt;&lt;/tr&gt;
&lt;tr&gt;&lt;td&gt;Time: 2026-04-27T13:48:00Z&lt;/td&gt;&lt;/tr&gt;
&lt;/table&gt;
</description>
<Point>
<coordinates>-71.847539,-13.406721,3563.8</coordinates>
</Point>
</Placemark>
<Placemark>
<name>Jose Collas (-47)-345</name>
<description>
&lt;table&gt;
&lt;tr&gt;&lt;td&gt;Longitude: -71.847568&lt;/td&gt;&lt;/tr&gt;
&lt;tr&gt;&lt;td&gt;Latitude: -13.406642&lt;/td&gt;&lt;/tr&gt;
&lt;tr&gt;&lt;td&gt;Altitude: 3564.8 m&lt;/td&gt;&lt;/tr&gt;
&lt;tr&gt;&lt;td&gt;Time: 2026-04-27T13:48:10Z&lt;/td&gt;&lt;/tr&gt;
&lt;/table&gt;
</description>
<Point>
<coordinates>-71.847568,-13.406642,3564.8</coordinates>
</Point>
</Placemark>
<Placemark>
<name>Jose Collas (-47)-346</name>
<description>
&lt;table&gt;
&lt;tr&gt;&lt;td&gt;Longitude: -71.847593&lt;/td&gt;&lt;/tr&gt;
&lt;tr&gt;&lt;td&gt;Latitude: -13.406153&lt;/td&gt;&lt;/tr&gt;
&lt;tr&gt;&lt;td&gt;Altitude: 3570.6 m&lt;/td&gt;&lt;/tr&gt;
&lt;tr&gt;&lt;td&gt;Time: 2026-04-27T13:49:27Z&lt;/td&gt;&lt;/tr&gt;
&lt;/table&gt;
</description>
<Point>
<coordinates>-71.847593,-13.406153,3570.6</coordinates>
</Point>
</Placemark>
<Placemark>
<name>Jose Collas (-47)-347</name>
<description>
&lt;table&gt;
&lt;tr&gt;&lt;td&gt;Longitude: -71.847623&lt;/td&gt;&lt;/tr&gt;
&lt;tr&gt;&lt;td&gt;Latitude: -13.406091&lt;/td&gt;&lt;/tr&gt;
&lt;tr&gt;&lt;td&gt;Altitude: 3571 m&lt;/td&gt;&lt;/tr&gt;
&lt;tr&gt;&lt;td&gt;Time: 2026-04-27T13:49:35Z&lt;/td&gt;&lt;/tr&gt;
&lt;/table&gt;
</description>
<Point>
<coordinates>-71.847623,-13.406091,3571</coordinates>
</Point>
</Placemark>
<Placemark>
<name>Jose Collas (-47)-348</name>
<description>
&lt;table&gt;
&lt;tr&gt;&lt;td&gt;Longitude: -71.847667&lt;/td&gt;&lt;/tr&gt;
&lt;tr&gt;&lt;td&gt;Latitude: -13.405836&lt;/td&gt;&lt;/tr&gt;
&lt;tr&gt;&lt;td&gt;Altitude: 3572.8 m&lt;/td&gt;&lt;/tr&gt;
&lt;tr&gt;&lt;td&gt;Time: 2026-04-27T13:50:09Z&lt;/td&gt;&lt;/tr&gt;
&lt;/table&gt;
</description>
<Point>
<coordinates>-71.847667,-13.405836,3572.8</coordinates>
</Point>
</Placemark>
<Placemark>
<name>Jose Collas (-47)-349</name>
<description>
&lt;table&gt;
&lt;tr&gt;&lt;td&gt;Longitude: -71.847695&lt;/td&gt;&lt;/tr&gt;
&lt;tr&gt;&lt;td&gt;Latitude: -13.405817&lt;/td&gt;&lt;/tr&gt;
&lt;tr&gt;&lt;td&gt;Altitude: 3575 m&lt;/td&gt;&lt;/tr&gt;
&lt;tr&gt;&lt;td&gt;Time: 2026-04-27T13:50:33Z&lt;/td&gt;&lt;/tr&gt;
&lt;/table&gt;
</description>
<Point>
<coordinates>-71.847695,-13.405817,3575</coordinates>
</Point>
</Placemark>
<Placemark>
<name>Jose Collas (-47)-350</name>
<description>
&lt;table&gt;
&lt;tr&gt;&lt;td&gt;Longitude: -71.847672&lt;/td&gt;&lt;/tr&gt;
&lt;tr&gt;&lt;td&gt;Latitude: -13.405795&lt;/td&gt;&lt;/tr&gt;
&lt;tr&gt;&lt;td&gt;Altitude: 3575.2 m&lt;/td&gt;&lt;/tr&gt;
&lt;tr&gt;&lt;td&gt;Time: 2026-04-27T13:51:05Z&lt;/td&gt;&lt;/tr&gt;
&lt;/table&gt;
</description>
<Point>
<coordinates>-71.847672,-13.405795,3575.2</coordinates>
</Point>
</Placemark>
<Placemark>
<name>Jose Collas (-47)-351</name>
<description>
&lt;table&gt;
&lt;tr&gt;&lt;td&gt;Longitude: -71.847652&lt;/td&gt;&lt;/tr&gt;
&lt;tr&gt;&lt;td&gt;Latitude: -13.405800&lt;/td&gt;&lt;/tr&gt;
&lt;tr&gt;&lt;td&gt;Altitude: 3575 m&lt;/td&gt;&lt;/tr&gt;
&lt;tr&gt;&lt;td&gt;Time: 2026-04-27T13:51:21Z&lt;/td&gt;&lt;/tr&gt;
&lt;/table&gt;
</description>
<Point>
<coordinates>-71.847652,-13.405800,3575</coordinates>
</Point>
</Placemark>
<Placemark>
<name>Jose Collas (-47)-352</name>
<description>
&lt;table&gt;
&lt;tr&gt;&lt;td&gt;Longitude: -71.847634&lt;/td&gt;&lt;/tr&gt;
&lt;tr&gt;&lt;td&gt;Latitude: -13.405766&lt;/td&gt;&lt;/tr&gt;
&lt;tr&gt;&lt;td&gt;Altitude: 3575 m&lt;/td&gt;&lt;/tr&gt;
&lt;tr&gt;&lt;td&gt;Time: 2026-04-27T13:51:32Z&lt;/td&gt;&lt;/tr&gt;
&lt;/table&gt;
</description>
<Point>
<coordinates>-71.847634,-13.405766,3575</coordinates>
</Point>
</Placemark>
<Placemark>
<name>Jose Collas (-47)-353</name>
<description>
&lt;table&gt;
&lt;tr&gt;&lt;td&gt;Longitude: -71.847600&lt;/td&gt;&lt;/tr&gt;
&lt;tr&gt;&lt;td&gt;Latitude: -13.405642&lt;/td&gt;&lt;/tr&gt;
&lt;tr&gt;&lt;td&gt;Altitude: 3575 m&lt;/td&gt;&lt;/tr&gt;
&lt;tr&gt;&lt;td&gt;Time: 2026-04-27T13:51:52Z&lt;/td&gt;&lt;/tr&gt;
&lt;/table&gt;
</description>
<Point>
<coordinates>-71.847600,-13.405642,3575</coordinates>
</Point>
</Placemark>
<Placemark>
<name>Jose Collas (-47)-354</name>
<description>
&lt;table&gt;
&lt;tr&gt;&lt;td&gt;Longitude: -71.847554&lt;/td&gt;&lt;/tr&gt;
&lt;tr&gt;&lt;td&gt;Latitude: -13.405561&lt;/td&gt;&lt;/tr&gt;
&lt;tr&gt;&lt;td&gt;Altitude: 3574.8 m&lt;/td&gt;&lt;/tr&gt;
&lt;tr&gt;&lt;td&gt;Time: 2026-04-27T13:52:06Z&lt;/td&gt;&lt;/tr&gt;
&lt;/table&gt;
</description>
<Point>
<coordinates>-71.847554,-13.405561,3574.8</coordinates>
</Point>
</Placemark>
<Placemark>
<name>Jose Collas (-47)-355</name>
<description>
&lt;table&gt;
&lt;tr&gt;&lt;td&gt;Longitude: -71.847530&lt;/td&gt;&lt;/tr&gt;
&lt;tr&gt;&lt;td&gt;Latitude: -13.405429&lt;/td&gt;&lt;/tr&gt;
&lt;tr&gt;&lt;td&gt;Altitude: 3574.6 m&lt;/td&gt;&lt;/tr&gt;
&lt;tr&gt;&lt;td&gt;Time: 2026-04-27T13:52:26Z&lt;/td&gt;&lt;/tr&gt;
&lt;/table&gt;
</description>
<Point>
<coordinates>-71.847530,-13.405429,3574.6</coordinates>
</Point>
</Placemark>
<Placemark>
<name>Jose Collas (-47)-356</name>
<description>
&lt;table&gt;
&lt;tr&gt;&lt;td&gt;Longitude: -71.847559&lt;/td&gt;&lt;/tr&gt;
&lt;tr&gt;&lt;td&gt;Latitude: -13.405369&lt;/td&gt;&lt;/tr&gt;
&lt;tr&gt;&lt;td&gt;Altitude: 3575.4 m&lt;/td&gt;&lt;/tr&gt;
&lt;tr&gt;&lt;td&gt;Time: 2026-04-27T13:52:39Z&lt;/td&gt;&lt;/tr&gt;
&lt;/table&gt;
</description>
<Point>
<coordinates>-71.847559,-13.405369,3575.4</coordinates>
</Point>
</Placemark>
<Placemark>
<name>Jose Collas (-47)-357</name>
<description>
&lt;table&gt;
&lt;tr&gt;&lt;td&gt;Longitude: -71.847532&lt;/td&gt;&lt;/tr&gt;
&lt;tr&gt;&lt;td&gt;Latitude: -13.405280&lt;/td&gt;&lt;/tr&gt;
&lt;tr&gt;&lt;td&gt;Altitude: 3578 m&lt;/td&gt;&lt;/tr&gt;
&lt;tr&gt;&lt;td&gt;Time: 2026-04-27T13:52:56Z&lt;/td&gt;&lt;/tr&gt;
&lt;/table&gt;
</description>
<Point>
<coordinates>-71.847532,-13.405280,3578</coordinates>
</Point>
</Placemark>
<Placemark>
<name>Jose Collas (-47)-358</name>
<description>
&lt;table&gt;
&lt;tr&gt;&lt;td&gt;Longitude: -71.847557&lt;/td&gt;&lt;/tr&gt;
&lt;tr&gt;&lt;td&gt;Latitude: -13.405238&lt;/td&gt;&lt;/tr&gt;
&lt;tr&gt;&lt;td&gt;Altitude: 3579.4 m&lt;/td&gt;&lt;/tr&gt;
&lt;tr&gt;&lt;td&gt;Time: 2026-04-27T13:53:06Z&lt;/td&gt;&lt;/tr&gt;
&lt;/table&gt;
</description>
<Point>
<coordinates>-71.847557,-13.405238,3579.4</coordinates>
</Point>
</Placemark>
<Placemark>
<name>Jose Collas (-47)-359</name>
<description>
&lt;table&gt;
&lt;tr&gt;&lt;td&gt;Longitude: -71.847538&lt;/td&gt;&lt;/tr&gt;
&lt;tr&gt;&lt;td&gt;Latitude: -13.405155&lt;/td&gt;&lt;/tr&gt;
&lt;tr&gt;&lt;td&gt;Altitude: 3582.8 m&lt;/td&gt;&lt;/tr&gt;
&lt;tr&gt;&lt;td&gt;Time: 2026-04-27T13:53:43Z&lt;/td&gt;&lt;/tr&gt;
&lt;/table&gt;
</description>
<Point>
<coordinates>-71.847538,-13.405155,3582.8</coordinates>
</Point>
</Placemark>
<Placemark>
<name>Jose Collas (-47)-360</name>
<description>
&lt;table&gt;
&lt;tr&gt;&lt;td&gt;Longitude: -71.847568&lt;/td&gt;&lt;/tr&gt;
&lt;tr&gt;&lt;td&gt;Latitude: -13.404998&lt;/td&gt;&lt;/tr&gt;
&lt;tr&gt;&lt;td&gt;Altitude: 3585 m&lt;/td&gt;&lt;/tr&gt;
&lt;tr&gt;&lt;td&gt;Time: 2026-04-27T13:54:18Z&lt;/td&gt;&lt;/tr&gt;
&lt;/table&gt;
</description>
<Point>
<coordinates>-71.847568,-13.404998,3585</coordinates>
</Point>
</Placemark>
<Placemark>
<name>Jose Collas (-47)-361</name>
<description>
&lt;table&gt;
&lt;tr&gt;&lt;td&gt;Longitude: -71.847566&lt;/td&gt;&lt;/tr&gt;
&lt;tr&gt;&lt;td&gt;Latitude: -13.404857&lt;/td&gt;&lt;/tr&gt;
&lt;tr&gt;&lt;td&gt;Altitude: 3588.4 m&lt;/td&gt;&lt;/tr&gt;
&lt;tr&gt;&lt;td&gt;Time: 2026-04-27T13:54:45Z&lt;/td&gt;&lt;/tr&gt;
&lt;/table&gt;
</description>
<Point>
<coordinates>-71.847566,-13.404857,3588.4</coordinates>
</Point>
</Placemark>
<Placemark>
<name>Jose Collas (-47)-362</name>
<description>
&lt;table&gt;
&lt;tr&gt;&lt;td&gt;Longitude: -71.847579&lt;/td&gt;&lt;/tr&gt;
&lt;tr&gt;&lt;td&gt;Latitude: -13.404828&lt;/td&gt;&lt;/tr&gt;
&lt;tr&gt;&lt;td&gt;Altitude: 3588.8 m&lt;/td&gt;&lt;/tr&gt;
&lt;tr&gt;&lt;td&gt;Time: 2026-04-27T13:54:56Z&lt;/td&gt;&lt;/tr&gt;
&lt;/table&gt;
</description>
<Point>
<coordinates>-71.847579,-13.404828,3588.8</coordinates>
</Point>
</Placemark>
<Placemark>
<name>Jose Collas (-47)-363</name>
<description>
&lt;table&gt;
&lt;tr&gt;&lt;td&gt;Longitude: -71.847505&lt;/td&gt;&lt;/tr&gt;
&lt;tr&gt;&lt;td&gt;Latitude: -13.404692&lt;/td&gt;&lt;/tr&gt;
&lt;tr&gt;&lt;td&gt;Altitude: 3592.4 m&lt;/td&gt;&lt;/tr&gt;
&lt;tr&gt;&lt;td&gt;Time: 2026-04-27T13:55:27Z&lt;/td&gt;&lt;/tr&gt;
&lt;/table&gt;
</description>
<Point>
<coordinates>-71.847505,-13.404692,3592.4</coordinates>
</Point>
</Placemark>
<Placemark>
<name>Jose Collas (-47)-364</name>
<description>
&lt;table&gt;
&lt;tr&gt;&lt;td&gt;Longitude: -71.847507&lt;/td&gt;&lt;/tr&gt;
&lt;tr&gt;&lt;td&gt;Latitude: -13.404627&lt;/td&gt;&lt;/tr&gt;
&lt;tr&gt;&lt;td&gt;Altitude: 3594.4 m&lt;/td&gt;&lt;/tr&gt;
&lt;tr&gt;&lt;td&gt;Time: 2026-04-27T13:55:51Z&lt;/td&gt;&lt;/tr&gt;
&lt;/table&gt;
</description>
<Point>
<coordinates>-71.847507,-13.404627,3594.4</coordinates>
</Point>
</Placemark>
<Placemark>
<name>Jose Collas (-47)-365</name>
<description>
&lt;table&gt;
&lt;tr&gt;&lt;td&gt;Longitude: -71.847539&lt;/td&gt;&lt;/tr&gt;
&lt;tr&gt;&lt;td&gt;Latitude: -13.404631&lt;/td&gt;&lt;/tr&gt;
&lt;tr&gt;&lt;td&gt;Altitude: 3595.2 m&lt;/td&gt;&lt;/tr&gt;
&lt;tr&gt;&lt;td&gt;Time: 2026-04-27T13:55:57Z&lt;/td&gt;&lt;/tr&gt;
&lt;/table&gt;
</description>
<Point>
<coordinates>-71.847539,-13.404631,3595.2</coordinates>
</Point>
</Placemark>
<Placemark>
<name>Jose Collas (-47)-366</name>
<description>
&lt;table&gt;
&lt;tr&gt;&lt;td&gt;Longitude: -71.847544&lt;/td&gt;&lt;/tr&gt;
&lt;tr&gt;&lt;td&gt;Latitude: -13.404616&lt;/td&gt;&lt;/tr&gt;
&lt;tr&gt;&lt;td&gt;Altitude: 3595.4 m&lt;/td&gt;&lt;/tr&gt;
&lt;tr&gt;&lt;td&gt;Time: 2026-04-27T13:56:00Z&lt;/td&gt;&lt;/tr&gt;
&lt;/table&gt;
</description>
<Point>
<coordinates>-71.847544,-13.404616,3595.4</coordinates>
</Point>
</Placemark>
<Placemark>
<name>Jose Collas (-47)-367</name>
<description>
&lt;table&gt;
&lt;tr&gt;&lt;td&gt;Longitude: -71.847532&lt;/td&gt;&lt;/tr&gt;
&lt;tr&gt;&lt;td&gt;Latitude: -13.404542&lt;/td&gt;&lt;/tr&gt;
&lt;tr&gt;&lt;td&gt;Altitude: 3596.2 m&lt;/td&gt;&lt;/tr&gt;
&lt;tr&gt;&lt;td&gt;Time: 2026-04-27T13:56:37Z&lt;/td&gt;&lt;/tr&gt;
&lt;/table&gt;
</description>
<Point>
<coordinates>-71.847532,-13.404542,3596.2</coordinates>
</Point>
</Placemark>
<Placemark>
<name>Jose Collas (-47)-368</name>
<description>
&lt;table&gt;
&lt;tr&gt;&lt;td&gt;Longitude: -71.847550&lt;/td&gt;&lt;/tr&gt;
&lt;tr&gt;&lt;td&gt;Latitude: -13.404522&lt;/td&gt;&lt;/tr&gt;
&lt;tr&gt;&lt;td&gt;Altitude: 3596.8 m&lt;/td&gt;&lt;/tr&gt;
&lt;tr&gt;&lt;td&gt;Time: 2026-04-27T13:56:43Z&lt;/td&gt;&lt;/tr&gt;
&lt;/table&gt;
</description>
<Point>
<coordinates>-71.847550,-13.404522,3596.8</coordinates>
</Point>
</Placemark>
<Placemark>
<name>Jose Collas (-47)-369</name>
<description>
&lt;table&gt;
&lt;tr&gt;&lt;td&gt;Longitude: -71.847518&lt;/td&gt;&lt;/tr&gt;
&lt;tr&gt;&lt;td&gt;Latitude: -13.404319&lt;/td&gt;&lt;/tr&gt;
&lt;tr&gt;&lt;td&gt;Altitude: 3603.2 m&lt;/td&gt;&lt;/tr&gt;
&lt;tr&gt;&lt;td&gt;Time: 2026-04-27T13:57:30Z&lt;/td&gt;&lt;/tr&gt;
&lt;/table&gt;
</description>
<Point>
<coordinates>-71.847518,-13.404319,3603.2</coordinates>
</Point>
</Placemark>
<Placemark>
<name>Jose Collas (-47)-370</name>
<description>
&lt;table&gt;
&lt;tr&gt;&lt;td&gt;Longitude: -71.847586&lt;/td&gt;&lt;/tr&gt;
&lt;tr&gt;&lt;td&gt;Latitude: -13.404299&lt;/td&gt;&lt;/tr&gt;
&lt;tr&gt;&lt;td&gt;Altitude: 3604.6 m&lt;/td&gt;&lt;/tr&gt;
&lt;tr&gt;&lt;td&gt;Time: 2026-04-27T13:57:45Z&lt;/td&gt;&lt;/tr&gt;
&lt;/table&gt;
</description>
<Point>
<coordinates>-71.847586,-13.404299,3604.6</coordinates>
</Point>
</Placemark>
<Placemark>
<name>Jose Collas (-47)-371</name>
<description>
&lt;table&gt;
&lt;tr&gt;&lt;td&gt;Longitude: -71.847602&lt;/td&gt;&lt;/tr&gt;
&lt;tr&gt;&lt;td&gt;Latitude: -13.404267&lt;/td&gt;&lt;/tr&gt;
&lt;tr&gt;&lt;td&gt;Altitude: 3605 m&lt;/td&gt;&lt;/tr&gt;
&lt;tr&gt;&lt;td&gt;Time: 2026-04-27T13:57:50Z&lt;/td&gt;&lt;/tr&gt;
&lt;/table&gt;
</description>
<Point>
<coordinates>-71.847602,-13.404267,3605</coordinates>
</Point>
</Placemark>
<Placemark>
<name>Jose Collas (-47)-372</name>
<description>
&lt;table&gt;
&lt;tr&gt;&lt;td&gt;Longitude: -71.847794&lt;/td&gt;&lt;/tr&gt;
&lt;tr&gt;&lt;td&gt;Latitude: -13.404109&lt;/td&gt;&lt;/tr&gt;
&lt;tr&gt;&lt;td&gt;Altitude: 3607 m&lt;/td&gt;&lt;/tr&gt;
&lt;tr&gt;&lt;td&gt;Time: 2026-04-27T13:58:24Z&lt;/td&gt;&lt;/tr&gt;
&lt;/table&gt;
</description>
<Point>
<coordinates>-71.847794,-13.404109,3607</coordinates>
</Point>
</Placemark>
<Placemark>
<name>Jose Collas (-47)-373</name>
<description>
&lt;table&gt;
&lt;tr&gt;&lt;td&gt;Longitude: -71.847826&lt;/td&gt;&lt;/tr&gt;
&lt;tr&gt;&lt;td&gt;Latitude: -13.404046&lt;/td&gt;&lt;/tr&gt;
&lt;tr&gt;&lt;td&gt;Altitude: 3608 m&lt;/td&gt;&lt;/tr&gt;
&lt;tr&gt;&lt;td&gt;Time: 2026-04-27T13:58:38Z&lt;/td&gt;&lt;/tr&gt;
&lt;/table&gt;
</description>
<Point>
<coordinates>-71.847826,-13.404046,3608</coordinates>
</Point>
</Placemark>
<Placemark>
<name>Jose Collas (-47)-374</name>
<description>
&lt;table&gt;
&lt;tr&gt;&lt;td&gt;Longitude: -71.847918&lt;/td&gt;&lt;/tr&gt;
&lt;tr&gt;&lt;td&gt;Latitude: -13.403980&lt;/td&gt;&lt;/tr&gt;
&lt;tr&gt;&lt;td&gt;Altitude: 3610.8 m&lt;/td&gt;&lt;/tr&gt;
&lt;tr&gt;&lt;td&gt;Time: 2026-04-27T13:59:02Z&lt;/td&gt;&lt;/tr&gt;
&lt;/table&gt;
</description>
<Point>
<coordinates>-71.847918,-13.403980,3610.8</coordinates>
</Point>
</Placemark>
<Placemark>
<name>Jose Collas (-47)-375</name>
<description>
&lt;table&gt;
&lt;tr&gt;&lt;td&gt;Longitude: -71.847948&lt;/td&gt;&lt;/tr&gt;
&lt;tr&gt;&lt;td&gt;Latitude: -13.403907&lt;/td&gt;&lt;/tr&gt;
&lt;tr&gt;&lt;td&gt;Altitude: 3612.4 m&lt;/td&gt;&lt;/tr&gt;
&lt;tr&gt;&lt;td&gt;Time: 2026-04-27T13:59:22Z&lt;/td&gt;&lt;/tr&gt;
&lt;/table&gt;
</description>
<Point>
<coordinates>-71.847948,-13.403907,3612.4</coordinates>
</Point>
</Placemark>
<Placemark>
<name>Jose Collas (-47)-376</name>
<description>
&lt;table&gt;
&lt;tr&gt;&lt;td&gt;Longitude: -71.847922&lt;/td&gt;&lt;/tr&gt;
&lt;tr&gt;&lt;td&gt;Latitude: -13.403744&lt;/td&gt;&lt;/tr&gt;
&lt;tr&gt;&lt;td&gt;Altitude: 3613.8 m&lt;/td&gt;&lt;/tr&gt;
&lt;tr&gt;&lt;td&gt;Time: 2026-04-27T13:59:45Z&lt;/td&gt;&lt;/tr&gt;
&lt;/table&gt;
</description>
<Point>
<coordinates>-71.847922,-13.403744,3613.8</coordinates>
</Point>
</Placemark>
<Placemark>
<name>Jose Collas (-47)-377</name>
<description>
&lt;table&gt;
&lt;tr&gt;&lt;td&gt;Longitude: -71.847928&lt;/td&gt;&lt;/tr&gt;
&lt;tr&gt;&lt;td&gt;Latitude: -13.403614&lt;/td&gt;&lt;/tr&gt;
&lt;tr&gt;&lt;td&gt;Altitude: 3614.6 m&lt;/td&gt;&lt;/tr&gt;
&lt;tr&gt;&lt;td&gt;Time: 2026-04-27T14:00:15Z&lt;/td&gt;&lt;/tr&gt;
&lt;/table&gt;
</description>
<Point>
<coordinates>-71.847928,-13.403614,3614.6</coordinates>
</Point>
</Placemark>
<Placemark>
<name>Jose Collas (-47)-378</name>
<description>
&lt;table&gt;
&lt;tr&gt;&lt;td&gt;Longitude: -71.847981&lt;/td&gt;&lt;/tr&gt;
&lt;tr&gt;&lt;td&gt;Latitude: -13.403566&lt;/td&gt;&lt;/tr&gt;
&lt;tr&gt;&lt;td&gt;Altitude: 3615.4 m&lt;/td&gt;&lt;/tr&gt;
&lt;tr&gt;&lt;td&gt;Time: 2026-04-27T14:00:25Z&lt;/td&gt;&lt;/tr&gt;
&lt;/table&gt;
</description>
<Point>
<coordinates>-71.847981,-13.403566,3615.4</coordinates>
</Point>
</Placemark>
<Placemark>
<name>Jose Collas (-47)-379</name>
<description>
&lt;table&gt;
&lt;tr&gt;&lt;td&gt;Longitude: -71.848080&lt;/td&gt;&lt;/tr&gt;
&lt;tr&gt;&lt;td&gt;Latitude: -13.403579&lt;/td&gt;&lt;/tr&gt;
&lt;tr&gt;&lt;td&gt;Altitude: 3615.4 m&lt;/td&gt;&lt;/tr&gt;
&lt;tr&gt;&lt;td&gt;Time: 2026-04-27T14:00:41Z&lt;/td&gt;&lt;/tr&gt;
&lt;/table&gt;
</description>
<Point>
<coordinates>-71.848080,-13.403579,3615.4</coordinates>
</Point>
</Placemark>
<Placemark>
<name>Jose Collas (-47)-380</name>
<description>
&lt;table&gt;
&lt;tr&gt;&lt;td&gt;Longitude: -71.848084&lt;/td&gt;&lt;/tr&gt;
&lt;tr&gt;&lt;td&gt;Latitude: -13.403536&lt;/td&gt;&lt;/tr&gt;
&lt;tr&gt;&lt;td&gt;Altitude: 3615.4 m&lt;/td&gt;&lt;/tr&gt;
&lt;tr&gt;&lt;td&gt;Time: 2026-04-27T14:01:05Z&lt;/td&gt;&lt;/tr&gt;
&lt;/table&gt;
</description>
<Point>
<coordinates>-71.848084,-13.403536,3615.4</coordinates>
</Point>
</Placemark>
<Placemark>
<name>Jose Collas (-47)-381</name>
<description>
&lt;table&gt;
&lt;tr&gt;&lt;td&gt;Longitude: -71.848069&lt;/td&gt;&lt;/tr&gt;
&lt;tr&gt;&lt;td&gt;Latitude: -13.403575&lt;/td&gt;&lt;/tr&gt;
&lt;tr&gt;&lt;td&gt;Altitude: 3616 m&lt;/td&gt;&lt;/tr&gt;
&lt;tr&gt;&lt;td&gt;Time: 2026-04-27T14:02:14Z&lt;/td&gt;&lt;/tr&gt;
&lt;/table&gt;
</description>
<Point>
<coordinates>-71.848069,-13.403575,3616</coordinates>
</Point>
</Placemark>
<Placemark>
<name>Jose Collas (-47)-382</name>
<description>
&lt;table&gt;
&lt;tr&gt;&lt;td&gt;Longitude: -71.848111&lt;/td&gt;&lt;/tr&gt;
&lt;tr&gt;&lt;td&gt;Latitude: -13.403597&lt;/td&gt;&lt;/tr&gt;
&lt;tr&gt;&lt;td&gt;Altitude: 3616.2 m&lt;/td&gt;&lt;/tr&gt;
&lt;tr&gt;&lt;td&gt;Time: 2026-04-27T14:02:27Z&lt;/td&gt;&lt;/tr&gt;
&lt;/table&gt;
</description>
<Point>
<coordinates>-71.848111,-13.403597,3616.2</coordinates>
</Point>
</Placemark>
<Placemark>
<name>Jose Collas (-47)-383</name>
<description>
&lt;table&gt;
&lt;tr&gt;&lt;td&gt;Longitude: -71.848361&lt;/td&gt;&lt;/tr&gt;
&lt;tr&gt;&lt;td&gt;Latitude: -13.403871&lt;/td&gt;&lt;/tr&gt;
&lt;tr&gt;&lt;td&gt;Altitude: 3620.2 m&lt;/td&gt;&lt;/tr&gt;
&lt;tr&gt;&lt;td&gt;Time: 2026-04-27T14:03:44Z&lt;/td&gt;&lt;/tr&gt;
&lt;/table&gt;
</description>
<Point>
<coordinates>-71.848361,-13.403871,3620.2</coordinates>
</Point>
</Placemark>
<Placemark>
<name>Jose Collas (-47)-384</name>
<description>
&lt;table&gt;
&lt;tr&gt;&lt;td&gt;Longitude: -71.848401&lt;/td&gt;&lt;/tr&gt;
&lt;tr&gt;&lt;td&gt;Latitude: -13.403871&lt;/td&gt;&lt;/tr&gt;
&lt;tr&gt;&lt;td&gt;Altitude: 3620.6 m&lt;/td&gt;&lt;/tr&gt;
&lt;tr&gt;&lt;td&gt;Time: 2026-04-27T14:03:52Z&lt;/td&gt;&lt;/tr&gt;
&lt;/table&gt;
</description>
<Point>
<coordinates>-71.848401,-13.403871,3620.6</coordinates>
</Point>
</Placemark>
<Placemark>
<name>Jose Collas (-47)-385</name>
<description>
&lt;table&gt;
&lt;tr&gt;&lt;td&gt;Longitude: -71.848409&lt;/td&gt;&lt;/tr&gt;
&lt;tr&gt;&lt;td&gt;Latitude: -13.403794&lt;/td&gt;&lt;/tr&gt;
&lt;tr&gt;&lt;td&gt;Altitude: 3621.4 m&lt;/td&gt;&lt;/tr&gt;
&lt;tr&gt;&lt;td&gt;Time: 2026-04-27T14:04:06Z&lt;/td&gt;&lt;/tr&gt;
&lt;/table&gt;
</description>
<Point>
<coordinates>-71.848409,-13.403794,3621.4</coordinates>
</Point>
</Placemark>
<Placemark>
<name>Jose Collas (-47)-386</name>
<description>
&lt;table&gt;
&lt;tr&gt;&lt;td&gt;Longitude: -71.848464&lt;/td&gt;&lt;/tr&gt;
&lt;tr&gt;&lt;td&gt;Latitude: -13.403852&lt;/td&gt;&lt;/tr&gt;
&lt;tr&gt;&lt;td&gt;Altitude: 3623.2 m&lt;/td&gt;&lt;/tr&gt;
&lt;tr&gt;&lt;td&gt;Time: 2026-04-27T14:04:27Z&lt;/td&gt;&lt;/tr&gt;
&lt;/table&gt;
</description>
<Point>
<coordinates>-71.848464,-13.403852,3623.2</coordinates>
</Point>
</Placemark>
<Placemark>
<name>Jose Collas (-47)-387</name>
<description>
&lt;table&gt;
&lt;tr&gt;&lt;td&gt;Longitude: -71.848494&lt;/td&gt;&lt;/tr&gt;
&lt;tr&gt;&lt;td&gt;Latitude: -13.403826&lt;/td&gt;&lt;/tr&gt;
&lt;tr&gt;&lt;td&gt;Altitude: 3624.2 m&lt;/td&gt;&lt;/tr&gt;
&lt;tr&gt;&lt;td&gt;Time: 2026-04-27T14:04:42Z&lt;/td&gt;&lt;/tr&gt;
&lt;/table&gt;
</description>
<Point>
<coordinates>-71.848494,-13.403826,3624.2</coordinates>
</Point>
</Placemark>
<Placemark>
<name>Jose Collas (-47)-388</name>
<description>
&lt;table&gt;
&lt;tr&gt;&lt;td&gt;Longitude: -71.848519&lt;/td&gt;&lt;/tr&gt;
&lt;tr&gt;&lt;td&gt;Latitude: -13.403843&lt;/td&gt;&lt;/tr&gt;
&lt;tr&gt;&lt;td&gt;Altitude: 3624.4 m&lt;/td&gt;&lt;/tr&gt;
&lt;tr&gt;&lt;td&gt;Time: 2026-04-27T14:04:46Z&lt;/td&gt;&lt;/tr&gt;
&lt;/table&gt;
</description>
<Point>
<coordinates>-71.848519,-13.403843,3624.4</coordinates>
</Point>
</Placemark>
<Placemark>
<name>Jose Collas (-47)-389</name>
<description>
&lt;table&gt;
&lt;tr&gt;&lt;td&gt;Longitude: -71.848581&lt;/td&gt;&lt;/tr&gt;
&lt;tr&gt;&lt;td&gt;Latitude: -13.403968&lt;/td&gt;&lt;/tr&gt;
&lt;tr&gt;&lt;td&gt;Altitude: 3625.6 m&lt;/td&gt;&lt;/tr&gt;
&lt;tr&gt;&lt;td&gt;Time: 2026-04-27T14:05:00Z&lt;/td&gt;&lt;/tr&gt;
&lt;/table&gt;
</description>
<Point>
<coordinates>-71.848581,-13.403968,3625.6</coordinates>
</Point>
</Placemark>
<Placemark>
<name>Jose Collas (-47)-390</name>
<description>
&lt;table&gt;
&lt;tr&gt;&lt;td&gt;Longitude: -71.848673&lt;/td&gt;&lt;/tr&gt;
&lt;tr&gt;&lt;td&gt;Latitude: -13.404107&lt;/td&gt;&lt;/tr&gt;
&lt;tr&gt;&lt;td&gt;Altitude: 3625 m&lt;/td&gt;&lt;/tr&gt;
&lt;tr&gt;&lt;td&gt;Time: 2026-04-27T14:05:17Z&lt;/td&gt;&lt;/tr&gt;
&lt;/table&gt;
</description>
<Point>
<coordinates>-71.848673,-13.404107,3625</coordinates>
</Point>
</Placemark>
<Placemark>
<name>Jose Collas (-47)-391</name>
<description>
&lt;table&gt;
&lt;tr&gt;&lt;td&gt;Longitude: -71.848682&lt;/td&gt;&lt;/tr&gt;
&lt;tr&gt;&lt;td&gt;Latitude: -13.404147&lt;/td&gt;&lt;/tr&gt;
&lt;tr&gt;&lt;td&gt;Altitude: 3624.6 m&lt;/td&gt;&lt;/tr&gt;
&lt;tr&gt;&lt;td&gt;Time: 2026-04-27T14:05:21Z&lt;/td&gt;&lt;/tr&gt;
&lt;/table&gt;
</description>
<Point>
<coordinates>-71.848682,-13.404147,3624.6</coordinates>
</Point>
</Placemark>
<Placemark>
<name>Jose Collas (-47)-392</name>
<description>
&lt;table&gt;
&lt;tr&gt;&lt;td&gt;Longitude: -71.848669&lt;/td&gt;&lt;/tr&gt;
&lt;tr&gt;&lt;td&gt;Latitude: -13.404177&lt;/td&gt;&lt;/tr&gt;
&lt;tr&gt;&lt;td&gt;Altitude: 3624.4 m&lt;/td&gt;&lt;/tr&gt;
&lt;tr&gt;&lt;td&gt;Time: 2026-04-27T14:05:41Z&lt;/td&gt;&lt;/tr&gt;
&lt;/table&gt;
</description>
<Point>
<coordinates>-71.848669,-13.404177,3624.4</coordinates>
</Point>
</Placemark>
<Placemark>
<name>Jose Collas (-47)-393</name>
<description>
&lt;table&gt;
&lt;tr&gt;&lt;td&gt;Longitude: -71.848694&lt;/td&gt;&lt;/tr&gt;
&lt;tr&gt;&lt;td&gt;Latitude: -13.404154&lt;/td&gt;&lt;/tr&gt;
&lt;tr&gt;&lt;td&gt;Altitude: 3624 m&lt;/td&gt;&lt;/tr&gt;
&lt;tr&gt;&lt;td&gt;Time: 2026-04-27T14:06:05Z&lt;/td&gt;&lt;/tr&gt;
&lt;/table&gt;
</description>
<Point>
<coordinates>-71.848694,-13.404154,3624</coordinates>
</Point>
</Placemark>
<Placemark>
<name>Jose Collas (-47)-394</name>
<description>
&lt;table&gt;
&lt;tr&gt;&lt;td&gt;Longitude: -71.848684&lt;/td&gt;&lt;/tr&gt;
&lt;tr&gt;&lt;td&gt;Latitude: -13.404050&lt;/td&gt;&lt;/tr&gt;
&lt;tr&gt;&lt;td&gt;Altitude: 3624.4 m&lt;/td&gt;&lt;/tr&gt;
&lt;tr&gt;&lt;td&gt;Time: 2026-04-27T14:06:16Z&lt;/td&gt;&lt;/tr&gt;
&lt;/table&gt;
</description>
<Point>
<coordinates>-71.848684,-13.404050,3624.4</coordinates>
</Point>
</Placemark>
<Placemark>
<name>Jose Collas (-47)-395</name>
<description>
&lt;table&gt;
&lt;tr&gt;&lt;td&gt;Longitude: -71.848573&lt;/td&gt;&lt;/tr&gt;
&lt;tr&gt;&lt;td&gt;Latitude: -13.403907&lt;/td&gt;&lt;/tr&gt;
&lt;tr&gt;&lt;td&gt;Altitude: 3625.4 m&lt;/td&gt;&lt;/tr&gt;
&lt;tr&gt;&lt;td&gt;Time: 2026-04-27T14:06:33Z&lt;/td&gt;&lt;/tr&gt;
&lt;/table&gt;
</description>
<Point>
<coordinates>-71.848573,-13.403907,3625.4</coordinates>
</Point>
</Placemark>
<Placemark>
<name>Jose Collas (-47)-396</name>
<description>
&lt;table&gt;
&lt;tr&gt;&lt;td&gt;Longitude: -71.848539&lt;/td&gt;&lt;/tr&gt;
&lt;tr&gt;&lt;td&gt;Latitude: -13.403803&lt;/td&gt;&lt;/tr&gt;
&lt;tr&gt;&lt;td&gt;Altitude: 3625.8 m&lt;/td&gt;&lt;/tr&gt;
&lt;tr&gt;&lt;td&gt;Time: 2026-04-27T14:06:44Z&lt;/td&gt;&lt;/tr&gt;
&lt;/table&gt;
</description>
<Point>
<coordinates>-71.848539,-13.403803,3625.8</coordinates>
</Point>
</Placemark>
<Placemark>
<name>Jose Collas (-47)-397</name>
<description>
&lt;table&gt;
&lt;tr&gt;&lt;td&gt;Longitude: -71.848336&lt;/td&gt;&lt;/tr&gt;
&lt;tr&gt;&lt;td&gt;Latitude: -13.403457&lt;/td&gt;&lt;/tr&gt;
&lt;tr&gt;&lt;td&gt;Altitude: 3626.2 m&lt;/td&gt;&lt;/tr&gt;
&lt;tr&gt;&lt;td&gt;Time: 2026-04-27T14:07:25Z&lt;/td&gt;&lt;/tr&gt;
&lt;/table&gt;
</description>
<Point>
<coordinates>-71.848336,-13.403457,3626.2</coordinates>
</Point>
</Placemark>
<Placemark>
<name>Jose Collas (-47)-398</name>
<description>
&lt;table&gt;
&lt;tr&gt;&lt;td&gt;Longitude: -71.848255&lt;/td&gt;&lt;/tr&gt;
&lt;tr&gt;&lt;td&gt;Latitude: -13.403247&lt;/td&gt;&lt;/tr&gt;
&lt;tr&gt;&lt;td&gt;Altitude: 3625.4 m&lt;/td&gt;&lt;/tr&gt;
&lt;tr&gt;&lt;td&gt;Time: 2026-04-27T14:07:56Z&lt;/td&gt;&lt;/tr&gt;
&lt;/table&gt;
</description>
<Point>
<coordinates>-71.848255,-13.403247,3625.4</coordinates>
</Point>
</Placemark>
<Placemark>
<name>Jose Collas (-47)-399</name>
<description>
&lt;table&gt;
&lt;tr&gt;&lt;td&gt;Longitude: -71.848244&lt;/td&gt;&lt;/tr&gt;
&lt;tr&gt;&lt;td&gt;Latitude: -13.403155&lt;/td&gt;&lt;/tr&gt;
&lt;tr&gt;&lt;td&gt;Altitude: 3624 m&lt;/td&gt;&lt;/tr&gt;
&lt;tr&gt;&lt;td&gt;Time: 2026-04-27T14:08:05Z&lt;/td&gt;&lt;/tr&gt;
&lt;/table&gt;
</description>
<Point>
<coordinates>-71.848244,-13.403155,3624</coordinates>
</Point>
</Placemark>
<Placemark>
<name>Jose Collas (-47)-400</name>
<description>
&lt;table&gt;
&lt;tr&gt;&lt;td&gt;Longitude: -71.848257&lt;/td&gt;&lt;/tr&gt;
&lt;tr&gt;&lt;td&gt;Latitude: -13.403124&lt;/td&gt;&lt;/tr&gt;
&lt;tr&gt;&lt;td&gt;Altitude: 3625 m&lt;/td&gt;&lt;/tr&gt;
&lt;tr&gt;&lt;td&gt;Time: 2026-04-27T14:08:16Z&lt;/td&gt;&lt;/tr&gt;
&lt;/table&gt;
</description>
<Point>
<coordinates>-71.848257,-13.403124,3625</coordinates>
</Point>
</Placemark>
<Placemark>
<name>Jose Collas (-47)-401</name>
<description>
&lt;table&gt;
&lt;tr&gt;&lt;td&gt;Longitude: -71.848227&lt;/td&gt;&lt;/tr&gt;
&lt;tr&gt;&lt;td&gt;Latitude: -13.402998&lt;/td&gt;&lt;/tr&gt;
&lt;tr&gt;&lt;td&gt;Altitude: 3631.2 m&lt;/td&gt;&lt;/tr&gt;
&lt;tr&gt;&lt;td&gt;Time: 2026-04-27T14:08:42Z&lt;/td&gt;&lt;/tr&gt;
&lt;/table&gt;
</description>
<Point>
<coordinates>-71.848227,-13.402998,3631.2</coordinates>
</Point>
</Placemark>
<Placemark>
<name>Jose Collas (-47)-402</name>
<description>
&lt;table&gt;
&lt;tr&gt;&lt;td&gt;Longitude: -71.848253&lt;/td&gt;&lt;/tr&gt;
&lt;tr&gt;&lt;td&gt;Latitude: -13.402936&lt;/td&gt;&lt;/tr&gt;
&lt;tr&gt;&lt;td&gt;Altitude: 3631.8 m&lt;/td&gt;&lt;/tr&gt;
&lt;tr&gt;&lt;td&gt;Time: 2026-04-27T14:09:17Z&lt;/td&gt;&lt;/tr&gt;
&lt;/table&gt;
</description>
<Point>
<coordinates>-71.848253,-13.402936,3631.8</coordinates>
</Point>
</Placemark>
<Placemark>
<name>Jose Collas (-47)-403</name>
<description>
&lt;table&gt;
&lt;tr&gt;&lt;td&gt;Longitude: -71.848246&lt;/td&gt;&lt;/tr&gt;
&lt;tr&gt;&lt;td&gt;Latitude: -13.402854&lt;/td&gt;&lt;/tr&gt;
&lt;tr&gt;&lt;td&gt;Altitude: 3632.2 m&lt;/td&gt;&lt;/tr&gt;
&lt;tr&gt;&lt;td&gt;Time: 2026-04-27T14:09:32Z&lt;/td&gt;&lt;/tr&gt;
&lt;/table&gt;
</description>
<Point>
<coordinates>-71.848246,-13.402854,3632.2</coordinates>
</Point>
</Placemark>
<Placemark>
<name>Jose Collas (-47)-404</name>
<description>
&lt;table&gt;
&lt;tr&gt;&lt;td&gt;Longitude: -71.848282&lt;/td&gt;&lt;/tr&gt;
&lt;tr&gt;&lt;td&gt;Latitude: -13.402818&lt;/td&gt;&lt;/tr&gt;
&lt;tr&gt;&lt;td&gt;Altitude: 3632.8 m&lt;/td&gt;&lt;/tr&gt;
&lt;tr&gt;&lt;td&gt;Time: 2026-04-27T14:09:45Z&lt;/td&gt;&lt;/tr&gt;
&lt;/table&gt;
</description>
<Point>
<coordinates>-71.848282,-13.402818,3632.8</coordinates>
</Point>
</Placemark>
<Placemark>
<name>Jose Collas (-47)-405</name>
<description>
&lt;table&gt;
&lt;tr&gt;&lt;td&gt;Longitude: -71.848246&lt;/td&gt;&lt;/tr&gt;
&lt;tr&gt;&lt;td&gt;Latitude: -13.402756&lt;/td&gt;&lt;/tr&gt;
&lt;tr&gt;&lt;td&gt;Altitude: 3633.4 m&lt;/td&gt;&lt;/tr&gt;
&lt;tr&gt;&lt;td&gt;Time: 2026-04-27T14:10:00Z&lt;/td&gt;&lt;/tr&gt;
&lt;/table&gt;
</description>
<Point>
<coordinates>-71.848246,-13.402756,3633.4</coordinates>
</Point>
</Placemark>
<Placemark>
<name>Jose Collas (-47)-406</name>
<description>
&lt;table&gt;
&lt;tr&gt;&lt;td&gt;Longitude: -71.848256&lt;/td&gt;&lt;/tr&gt;
&lt;tr&gt;&lt;td&gt;Latitude: -13.402751&lt;/td&gt;&lt;/tr&gt;
&lt;tr&gt;&lt;td&gt;Altitude: 3632.6 m&lt;/td&gt;&lt;/tr&gt;
&lt;tr&gt;&lt;td&gt;Time: 2026-04-27T14:10:24Z&lt;/td&gt;&lt;/tr&gt;
&lt;/table&gt;
</description>
<Point>
<coordinates>-71.848256,-13.402751,3632.6</coordinates>
</Point>
</Placemark>
<Placemark>
<name>Jose Collas (-47)-407</name>
<description>
&lt;table&gt;
&lt;tr&gt;&lt;td&gt;Longitude: -71.848249&lt;/td&gt;&lt;/tr&gt;
&lt;tr&gt;&lt;td&gt;Latitude: -13.402711&lt;/td&gt;&lt;/tr&gt;
&lt;tr&gt;&lt;td&gt;Altitude: 3633.2 m&lt;/td&gt;&lt;/tr&gt;
&lt;tr&gt;&lt;td&gt;Time: 2026-04-27T14:10:32Z&lt;/td&gt;&lt;/tr&gt;
&lt;/table&gt;
</description>
<Point>
<coordinates>-71.848249,-13.402711,3633.2</coordinates>
</Point>
</Placemark>
<Placemark>
<name>Jose Collas (-47)-408</name>
<description>
&lt;table&gt;
&lt;tr&gt;&lt;td&gt;Longitude: -71.848227&lt;/td&gt;&lt;/tr&gt;
&lt;tr&gt;&lt;td&gt;Latitude: -13.402666&lt;/td&gt;&lt;/tr&gt;
&lt;tr&gt;&lt;td&gt;Altitude: 3634.4 m&lt;/td&gt;&lt;/tr&gt;
&lt;tr&gt;&lt;td&gt;Time: 2026-04-27T14:10:42Z&lt;/td&gt;&lt;/tr&gt;
&lt;/table&gt;
</description>
<Point>
<coordinates>-71.848227,-13.402666,3634.4</coordinates>
</Point>
</Placemark>
<Placemark>
<name>Jose Collas (-47)-409</name>
<description>
&lt;table&gt;
&lt;tr&gt;&lt;td&gt;Longitude: -71.848252&lt;/td&gt;&lt;/tr&gt;
&lt;tr&gt;&lt;td&gt;Latitude: -13.402672&lt;/td&gt;&lt;/tr&gt;
&lt;tr&gt;&lt;td&gt;Altitude: 3636.4 m&lt;/td&gt;&lt;/tr&gt;
&lt;tr&gt;&lt;td&gt;Time: 2026-04-27T14:10:54Z&lt;/td&gt;&lt;/tr&gt;
&lt;/table&gt;
</description>
<Point>
<coordinates>-71.848252,-13.402672,3636.4</coordinates>
</Point>
</Placemark>
<Placemark>
<name>Jose Collas (-47)-410</name>
<description>
&lt;table&gt;
&lt;tr&gt;&lt;td&gt;Longitude: -71.848223&lt;/td&gt;&lt;/tr&gt;
&lt;tr&gt;&lt;td&gt;Latitude: -13.402610&lt;/td&gt;&lt;/tr&gt;
&lt;tr&gt;&lt;td&gt;Altitude: 3637.6 m&lt;/td&gt;&lt;/tr&gt;
&lt;tr&gt;&lt;td&gt;Time: 2026-04-27T14:11:06Z&lt;/td&gt;&lt;/tr&gt;
&lt;/table&gt;
</description>
<Point>
<coordinates>-71.848223,-13.402610,3637.6</coordinates>
</Point>
</Placemark>
<Placemark>
<name>Jose Collas (-47)-411</name>
<description>
&lt;table&gt;
&lt;tr&gt;&lt;td&gt;Longitude: -71.848283&lt;/td&gt;&lt;/tr&gt;
&lt;tr&gt;&lt;td&gt;Latitude: -13.402659&lt;/td&gt;&lt;/tr&gt;
&lt;tr&gt;&lt;td&gt;Altitude: 3640 m&lt;/td&gt;&lt;/tr&gt;
&lt;tr&gt;&lt;td&gt;Time: 2026-04-27T14:11:28Z&lt;/td&gt;&lt;/tr&gt;
&lt;/table&gt;
</description>
<Point>
<coordinates>-71.848283,-13.402659,3640</coordinates>
</Point>
</Placemark>
<Placemark>
<name>Jose Collas (-47)-412</name>
<description>
&lt;table&gt;
&lt;tr&gt;&lt;td&gt;Longitude: -71.848316&lt;/td&gt;&lt;/tr&gt;
&lt;tr&gt;&lt;td&gt;Latitude: -13.402663&lt;/td&gt;&lt;/tr&gt;
&lt;tr&gt;&lt;td&gt;Altitude: 3640.4 m&lt;/td&gt;&lt;/tr&gt;
&lt;tr&gt;&lt;td&gt;Time: 2026-04-27T14:11:35Z&lt;/td&gt;&lt;/tr&gt;
&lt;/table&gt;
</description>
<Point>
<coordinates>-71.848316,-13.402663,3640.4</coordinates>
</Point>
</Placemark>
<Placemark>
<name>Jose Collas (-47)-413</name>
<description>
&lt;table&gt;
&lt;tr&gt;&lt;td&gt;Longitude: -71.848310&lt;/td&gt;&lt;/tr&gt;
&lt;tr&gt;&lt;td&gt;Latitude: -13.402590&lt;/td&gt;&lt;/tr&gt;
&lt;tr&gt;&lt;td&gt;Altitude: 3641.4 m&lt;/td&gt;&lt;/tr&gt;
&lt;tr&gt;&lt;td&gt;Time: 2026-04-27T14:11:53Z&lt;/td&gt;&lt;/tr&gt;
&lt;/table&gt;
</description>
<Point>
<coordinates>-71.848310,-13.402590,3641.4</coordinates>
</Point>
</Placemark>
<Placemark>
<name>Jose Collas (-47)-414</name>
<description>
&lt;table&gt;
&lt;tr&gt;&lt;td&gt;Longitude: -71.848286&lt;/td&gt;&lt;/tr&gt;
&lt;tr&gt;&lt;td&gt;Latitude: -13.402566&lt;/td&gt;&lt;/tr&gt;
&lt;tr&gt;&lt;td&gt;Altitude: 3641.8 m&lt;/td&gt;&lt;/tr&gt;
&lt;tr&gt;&lt;td&gt;Time: 2026-04-27T14:11:58Z&lt;/td&gt;&lt;/tr&gt;
&lt;/table&gt;
</description>
<Point>
<coordinates>-71.848286,-13.402566,3641.8</coordinates>
</Point>
</Placemark>
<Placemark>
<name>Jose Collas (-47)-415</name>
<description>
&lt;table&gt;
&lt;tr&gt;&lt;td&gt;Longitude: -71.848268&lt;/td&gt;&lt;/tr&gt;
&lt;tr&gt;&lt;td&gt;Latitude: -13.402460&lt;/td&gt;&lt;/tr&gt;
&lt;tr&gt;&lt;td&gt;Altitude: 3643.2 m&lt;/td&gt;&lt;/tr&gt;
&lt;tr&gt;&lt;td&gt;Time: 2026-04-27T14:12:11Z&lt;/td&gt;&lt;/tr&gt;
&lt;/table&gt;
</description>
<Point>
<coordinates>-71.848268,-13.402460,3643.2</coordinates>
</Point>
</Placemark>
<Placemark>
<name>Jose Collas (-47)-416</name>
<description>
&lt;table&gt;
&lt;tr&gt;&lt;td&gt;Longitude: -71.848288&lt;/td&gt;&lt;/tr&gt;
&lt;tr&gt;&lt;td&gt;Latitude: -13.402346&lt;/td&gt;&lt;/tr&gt;
&lt;tr&gt;&lt;td&gt;Altitude: 3645.8 m&lt;/td&gt;&lt;/tr&gt;
&lt;tr&gt;&lt;td&gt;Time: 2026-04-27T14:12:32Z&lt;/td&gt;&lt;/tr&gt;
&lt;/table&gt;
</description>
<Point>
<coordinates>-71.848288,-13.402346,3645.8</coordinates>
</Point>
</Placemark>
<Placemark>
<name>Jose Collas (-47)-417</name>
<description>
&lt;table&gt;
&lt;tr&gt;&lt;td&gt;Longitude: -71.848343&lt;/td&gt;&lt;/tr&gt;
&lt;tr&gt;&lt;td&gt;Latitude: -13.402287&lt;/td&gt;&lt;/tr&gt;
&lt;tr&gt;&lt;td&gt;Altitude: 3648 m&lt;/td&gt;&lt;/tr&gt;
&lt;tr&gt;&lt;td&gt;Time: 2026-04-27T14:12:57Z&lt;/td&gt;&lt;/tr&gt;
&lt;/table&gt;
</description>
<Point>
<coordinates>-71.848343,-13.402287,3648</coordinates>
</Point>
</Placemark>
<Placemark>
<name>Jose Collas (-47)-418</name>
<description>
&lt;table&gt;
&lt;tr&gt;&lt;td&gt;Longitude: -71.848356&lt;/td&gt;&lt;/tr&gt;
&lt;tr&gt;&lt;td&gt;Latitude: -13.402286&lt;/td&gt;&lt;/tr&gt;
&lt;tr&gt;&lt;td&gt;Altitude: 3648 m&lt;/td&gt;&lt;/tr&gt;
&lt;tr&gt;&lt;td&gt;Time: 2026-04-27T14:13:27Z&lt;/td&gt;&lt;/tr&gt;
&lt;/table&gt;
</description>
<Point>
<coordinates>-71.848356,-13.402286,3648</coordinates>
</Point>
</Placemark>
<Placemark>
<name>Jose Collas (-47)-419</name>
<description>
&lt;table&gt;
&lt;tr&gt;&lt;td&gt;Longitude: -71.848350&lt;/td&gt;&lt;/tr&gt;
&lt;tr&gt;&lt;td&gt;Latitude: -13.402299&lt;/td&gt;&lt;/tr&gt;
&lt;tr&gt;&lt;td&gt;Altitude: 3647.8 m&lt;/td&gt;&lt;/tr&gt;
&lt;tr&gt;&lt;td&gt;Time: 2026-04-27T14:14:12Z&lt;/td&gt;&lt;/tr&gt;
&lt;/table&gt;
</description>
<Point>
<coordinates>-71.848350,-13.402299,3647.8</coordinates>
</Point>
</Placemark>
<Placemark>
<name>Jose Collas (-47)-420</name>
<description>
&lt;table&gt;
&lt;tr&gt;&lt;td&gt;Longitude: -71.848376&lt;/td&gt;&lt;/tr&gt;
&lt;tr&gt;&lt;td&gt;Latitude: -13.402275&lt;/td&gt;&lt;/tr&gt;
&lt;tr&gt;&lt;td&gt;Altitude: 3648.6 m&lt;/td&gt;&lt;/tr&gt;
&lt;tr&gt;&lt;td&gt;Time: 2026-04-27T14:14:20Z&lt;/td&gt;&lt;/tr&gt;
&lt;/table&gt;
</description>
<Point>
<coordinates>-71.848376,-13.402275,3648.6</coordinates>
</Point>
</Placemark>
<Placemark>
<name>Jose Collas (-47)-421</name>
<description>
&lt;table&gt;
&lt;tr&gt;&lt;td&gt;Longitude: -71.848408&lt;/td&gt;&lt;/tr&gt;
&lt;tr&gt;&lt;td&gt;Latitude: -13.402216&lt;/td&gt;&lt;/tr&gt;
&lt;tr&gt;&lt;td&gt;Altitude: 3651.6 m&lt;/td&gt;&lt;/tr&gt;
&lt;tr&gt;&lt;td&gt;Time: 2026-04-27T14:14:35Z&lt;/td&gt;&lt;/tr&gt;
&lt;/table&gt;
</description>
<Point>
<coordinates>-71.848408,-13.402216,3651.6</coordinates>
</Point>
</Placemark>
<Placemark>
<name>Jose Collas (-47)-422</name>
<description>
&lt;table&gt;
&lt;tr&gt;&lt;td&gt;Longitude: -71.848456&lt;/td&gt;&lt;/tr&gt;
&lt;tr&gt;&lt;td&gt;Latitude: -13.402190&lt;/td&gt;&lt;/tr&gt;
&lt;tr&gt;&lt;td&gt;Altitude: 3652.6 m&lt;/td&gt;&lt;/tr&gt;
&lt;tr&gt;&lt;td&gt;Time: 2026-04-27T14:14:53Z&lt;/td&gt;&lt;/tr&gt;
&lt;/table&gt;
</description>
<Point>
<coordinates>-71.848456,-13.402190,3652.6</coordinates>
</Point>
</Placemark>
<Placemark>
<name>Jose Collas (-47)-423</name>
<description>
&lt;table&gt;
&lt;tr&gt;&lt;td&gt;Longitude: -71.848480&lt;/td&gt;&lt;/tr&gt;
&lt;tr&gt;&lt;td&gt;Latitude: -13.402141&lt;/td&gt;&lt;/tr&gt;
&lt;tr&gt;&lt;td&gt;Altitude: 3653 m&lt;/td&gt;&lt;/tr&gt;
&lt;tr&gt;&lt;td&gt;Time: 2026-04-27T14:15:13Z&lt;/td&gt;&lt;/tr&gt;
&lt;/table&gt;
</description>
<Point>
<coordinates>-71.848480,-13.402141,3653</coordinates>
</Point>
</Placemark>
<Placemark>
<name>Jose Collas (-47)-424</name>
<description>
&lt;table&gt;
&lt;tr&gt;&lt;td&gt;Longitude: -71.848505&lt;/td&gt;&lt;/tr&gt;
&lt;tr&gt;&lt;td&gt;Latitude: -13.402182&lt;/td&gt;&lt;/tr&gt;
&lt;tr&gt;&lt;td&gt;Altitude: 3653.4 m&lt;/td&gt;&lt;/tr&gt;
&lt;tr&gt;&lt;td&gt;Time: 2026-04-27T14:15:27Z&lt;/td&gt;&lt;/tr&gt;
&lt;/table&gt;
</description>
<Point>
<coordinates>-71.848505,-13.402182,3653.4</coordinates>
</Point>
</Placemark>
<Placemark>
<name>Jose Collas (-47)-425</name>
<description>
&lt;table&gt;
&lt;tr&gt;&lt;td&gt;Longitude: -71.848471&lt;/td&gt;&lt;/tr&gt;
&lt;tr&gt;&lt;td&gt;Latitude: -13.402242&lt;/td&gt;&lt;/tr&gt;
&lt;tr&gt;&lt;td&gt;Altitude: 3653.8 m&lt;/td&gt;&lt;/tr&gt;
&lt;tr&gt;&lt;td&gt;Time: 2026-04-27T14:15:37Z&lt;/td&gt;&lt;/tr&gt;
&lt;/table&gt;
</description>
<Point>
<coordinates>-71.848471,-13.402242,3653.8</coordinates>
</Point>
</Placemark>
<Placemark>
<name>Jose Collas (-47)-426</name>
<description>
&lt;table&gt;
&lt;tr&gt;&lt;td&gt;Longitude: -71.848486&lt;/td&gt;&lt;/tr&gt;
&lt;tr&gt;&lt;td&gt;Latitude: -13.402287&lt;/td&gt;&lt;/tr&gt;
&lt;tr&gt;&lt;td&gt;Altitude: 3655.2 m&lt;/td&gt;&lt;/tr&gt;
&lt;tr&gt;&lt;td&gt;Time: 2026-04-27T14:15:54Z&lt;/td&gt;&lt;/tr&gt;
&lt;/table&gt;
</description>
<Point>
<coordinates>-71.848486,-13.402287,3655.2</coordinates>
</Point>
</Placemark>
<Placemark>
<name>Jose Collas (-47)-427</name>
<description>
&lt;table&gt;
&lt;tr&gt;&lt;td&gt;Longitude: -71.848496&lt;/td&gt;&lt;/tr&gt;
&lt;tr&gt;&lt;td&gt;Latitude: -13.402292&lt;/td&gt;&lt;/tr&gt;
&lt;tr&gt;&lt;td&gt;Altitude: 3655.4 m&lt;/td&gt;&lt;/tr&gt;
&lt;tr&gt;&lt;td&gt;Time: 2026-04-27T14:15:56Z&lt;/td&gt;&lt;/tr&gt;
&lt;/table&gt;
</description>
<Point>
<coordinates>-71.848496,-13.402292,3655.4</coordinates>
</Point>
</Placemark>
<Placemark>
<name>Jose Collas (-47)-428</name>
<description>
&lt;table&gt;
&lt;tr&gt;&lt;td&gt;Longitude: -71.848540&lt;/td&gt;&lt;/tr&gt;
&lt;tr&gt;&lt;td&gt;Latitude: -13.402244&lt;/td&gt;&lt;/tr&gt;
&lt;tr&gt;&lt;td&gt;Altitude: 3656.4 m&lt;/td&gt;&lt;/tr&gt;
&lt;tr&gt;&lt;td&gt;Time: 2026-04-27T14:16:11Z&lt;/td&gt;&lt;/tr&gt;
&lt;/table&gt;
</description>
<Point>
<coordinates>-71.848540,-13.402244,3656.4</coordinates>
</Point>
</Placemark>
<Placemark>
<name>Jose Collas (-47)-429</name>
<description>
&lt;table&gt;
&lt;tr&gt;&lt;td&gt;Longitude: -71.848569&lt;/td&gt;&lt;/tr&gt;
&lt;tr&gt;&lt;td&gt;Latitude: -13.402285&lt;/td&gt;&lt;/tr&gt;
&lt;tr&gt;&lt;td&gt;Altitude: 3658.8 m&lt;/td&gt;&lt;/tr&gt;
&lt;tr&gt;&lt;td&gt;Time: 2026-04-27T14:16:36Z&lt;/td&gt;&lt;/tr&gt;
&lt;/table&gt;
</description>
<Point>
<coordinates>-71.848569,-13.402285,3658.8</coordinates>
</Point>
</Placemark>
<Placemark>
<name>Jose Collas (-47)-430</name>
<description>
&lt;table&gt;
&lt;tr&gt;&lt;td&gt;Longitude: -71.848583&lt;/td&gt;&lt;/tr&gt;
&lt;tr&gt;&lt;td&gt;Latitude: -13.402205&lt;/td&gt;&lt;/tr&gt;
&lt;tr&gt;&lt;td&gt;Altitude: 3660 m&lt;/td&gt;&lt;/tr&gt;
&lt;tr&gt;&lt;td&gt;Time: 2026-04-27T14:16:54Z&lt;/td&gt;&lt;/tr&gt;
&lt;/table&gt;
</description>
<Point>
<coordinates>-71.848583,-13.402205,3660</coordinates>
</Point>
</Placemark>
<Placemark>
<name>Jose Collas (-47)-431</name>
<description>
&lt;table&gt;
&lt;tr&gt;&lt;td&gt;Longitude: -71.848599&lt;/td&gt;&lt;/tr&gt;
&lt;tr&gt;&lt;td&gt;Latitude: -13.402198&lt;/td&gt;&lt;/tr&gt;
&lt;tr&gt;&lt;td&gt;Altitude: 3660.4 m&lt;/td&gt;&lt;/tr&gt;
&lt;tr&gt;&lt;td&gt;Time: 2026-04-27T14:16:59Z&lt;/td&gt;&lt;/tr&gt;
&lt;/table&gt;
</description>
<Point>
<coordinates>-71.848599,-13.402198,3660.4</coordinates>
</Point>
</Placemark>
<Placemark>
<name>Jose Collas (-47)-432</name>
<description>
&lt;table&gt;
&lt;tr&gt;&lt;td&gt;Longitude: -71.848610&lt;/td&gt;&lt;/tr&gt;
&lt;tr&gt;&lt;td&gt;Latitude: -13.402268&lt;/td&gt;&lt;/tr&gt;
&lt;tr&gt;&lt;td&gt;Altitude: 3662.2 m&lt;/td&gt;&lt;/tr&gt;
&lt;tr&gt;&lt;td&gt;Time: 2026-04-27T14:17:12Z&lt;/td&gt;&lt;/tr&gt;
&lt;/table&gt;
</description>
<Point>
<coordinates>-71.848610,-13.402268,3662.2</coordinates>
</Point>
</Placemark>
<Placemark>
<name>Jose Collas (-47)-433</name>
<description>
&lt;table&gt;
&lt;tr&gt;&lt;td&gt;Longitude: -71.848627&lt;/td&gt;&lt;/tr&gt;
&lt;tr&gt;&lt;td&gt;Latitude: -13.402282&lt;/td&gt;&lt;/tr&gt;
&lt;tr&gt;&lt;td&gt;Altitude: 3663 m&lt;/td&gt;&lt;/tr&gt;
&lt;tr&gt;&lt;td&gt;Time: 2026-04-27T14:17:38Z&lt;/td&gt;&lt;/tr&gt;
&lt;/table&gt;
</description>
<Point>
<coordinates>-71.848627,-13.402282,3663</coordinates>
</Point>
</Placemark>
<Placemark>
<name>Jose Collas (-47)-434</name>
<description>
&lt;table&gt;
&lt;tr&gt;&lt;td&gt;Longitude: -71.848628&lt;/td&gt;&lt;/tr&gt;
&lt;tr&gt;&lt;td&gt;Latitude: -13.402254&lt;/td&gt;&lt;/tr&gt;
&lt;tr&gt;&lt;td&gt;Altitude: 3667.2 m&lt;/td&gt;&lt;/tr&gt;
&lt;tr&gt;&lt;td&gt;Time: 2026-04-27T14:18:26Z&lt;/td&gt;&lt;/tr&gt;
&lt;/table&gt;
</description>
<Point>
<coordinates>-71.848628,-13.402254,3667.2</coordinates>
</Point>
</Placemark>
<Placemark>
<name>Jose Collas (-47)-435</name>
<description>
&lt;table&gt;
&lt;tr&gt;&lt;td&gt;Longitude: -71.848683&lt;/td&gt;&lt;/tr&gt;
&lt;tr&gt;&lt;td&gt;Latitude: -13.402188&lt;/td&gt;&lt;/tr&gt;
&lt;tr&gt;&lt;td&gt;Altitude: 3669 m&lt;/td&gt;&lt;/tr&gt;
&lt;tr&gt;&lt;td&gt;Time: 2026-04-27T14:19:03Z&lt;/td&gt;&lt;/tr&gt;
&lt;/table&gt;
</description>
<Point>
<coordinates>-71.848683,-13.402188,3669</coordinates>
</Point>
</Placemark>
<Placemark>
<name>Jose Collas (-47)-436</name>
<description>
&lt;table&gt;
&lt;tr&gt;&lt;td&gt;Longitude: -71.848688&lt;/td&gt;&lt;/tr&gt;
&lt;tr&gt;&lt;td&gt;Latitude: -13.402160&lt;/td&gt;&lt;/tr&gt;
&lt;tr&gt;&lt;td&gt;Altitude: 3669.4 m&lt;/td&gt;&lt;/tr&gt;
&lt;tr&gt;&lt;td&gt;Time: 2026-04-27T14:19:12Z&lt;/td&gt;&lt;/tr&gt;
&lt;/table&gt;
</description>
<Point>
<coordinates>-71.848688,-13.402160,3669.4</coordinates>
</Point>
</Placemark>
<Placemark>
<name>Jose Collas (-47)-437</name>
<description>
&lt;table&gt;
&lt;tr&gt;&lt;td&gt;Longitude: -71.848715&lt;/td&gt;&lt;/tr&gt;
&lt;tr&gt;&lt;td&gt;Latitude: -13.402165&lt;/td&gt;&lt;/tr&gt;
&lt;tr&gt;&lt;td&gt;Altitude: 3669.6 m&lt;/td&gt;&lt;/tr&gt;
&lt;tr&gt;&lt;td&gt;Time: 2026-04-27T14:19:23Z&lt;/td&gt;&lt;/tr&gt;
&lt;/table&gt;
</description>
<Point>
<coordinates>-71.848715,-13.402165,3669.6</coordinates>
</Point>
</Placemark>
<Placemark>
<name>Jose Collas (-47)-438</name>
<description>
&lt;table&gt;
&lt;tr&gt;&lt;td&gt;Longitude: -71.848738&lt;/td&gt;&lt;/tr&gt;
&lt;tr&gt;&lt;td&gt;Latitude: -13.402113&lt;/td&gt;&lt;/tr&gt;
&lt;tr&gt;&lt;td&gt;Altitude: 3671 m&lt;/td&gt;&lt;/tr&gt;
&lt;tr&gt;&lt;td&gt;Time: 2026-04-27T14:19:50Z&lt;/td&gt;&lt;/tr&gt;
&lt;/table&gt;
</description>
<Point>
<coordinates>-71.848738,-13.402113,3671</coordinates>
</Point>
</Placemark>
<Placemark>
<name>Jose Collas (-47)-439</name>
<description>
&lt;table&gt;
&lt;tr&gt;&lt;td&gt;Longitude: -71.848781&lt;/td&gt;&lt;/tr&gt;
&lt;tr&gt;&lt;td&gt;Latitude: -13.402155&lt;/td&gt;&lt;/tr&gt;
&lt;tr&gt;&lt;td&gt;Altitude: 3672.4 m&lt;/td&gt;&lt;/tr&gt;
&lt;tr&gt;&lt;td&gt;Time: 2026-04-27T14:20:09Z&lt;/td&gt;&lt;/tr&gt;
&lt;/table&gt;
</description>
<Point>
<coordinates>-71.848781,-13.402155,3672.4</coordinates>
</Point>
</Placemark>
<Placemark>
<name>Jose Collas (-47)-440</name>
<description>
&lt;table&gt;
&lt;tr&gt;&lt;td&gt;Longitude: -71.848830&lt;/td&gt;&lt;/tr&gt;
&lt;tr&gt;&lt;td&gt;Latitude: -13.402097&lt;/td&gt;&lt;/tr&gt;
&lt;tr&gt;&lt;td&gt;Altitude: 3674.8 m&lt;/td&gt;&lt;/tr&gt;
&lt;tr&gt;&lt;td&gt;Time: 2026-04-27T14:20:36Z&lt;/td&gt;&lt;/tr&gt;
&lt;/table&gt;
</description>
<Point>
<coordinates>-71.848830,-13.402097,3674.8</coordinates>
</Point>
</Placemark>
<Placemark>
<name>Jose Collas (-47)-441</name>
<description>
&lt;table&gt;
&lt;tr&gt;&lt;td&gt;Longitude: -71.848861&lt;/td&gt;&lt;/tr&gt;
&lt;tr&gt;&lt;td&gt;Latitude: -13.402141&lt;/td&gt;&lt;/tr&gt;
&lt;tr&gt;&lt;td&gt;Altitude: 3676.6 m&lt;/td&gt;&lt;/tr&gt;
&lt;tr&gt;&lt;td&gt;Time: 2026-04-27T14:20:52Z&lt;/td&gt;&lt;/tr&gt;
&lt;/table&gt;
</description>
<Point>
<coordinates>-71.848861,-13.402141,3676.6</coordinates>
</Point>
</Placemark>
<Placemark>
<name>Jose Collas (-47)-442</name>
<description>
&lt;table&gt;
&lt;tr&gt;&lt;td&gt;Longitude: -71.848886&lt;/td&gt;&lt;/tr&gt;
&lt;tr&gt;&lt;td&gt;Latitude: -13.402082&lt;/td&gt;&lt;/tr&gt;
&lt;tr&gt;&lt;td&gt;Altitude: 3678.8 m&lt;/td&gt;&lt;/tr&gt;
&lt;tr&gt;&lt;td&gt;Time: 2026-04-27T14:21:21Z&lt;/td&gt;&lt;/tr&gt;
&lt;/table&gt;
</description>
<Point>
<coordinates>-71.848886,-13.402082,3678.8</coordinates>
</Point>
</Placemark>
<Placemark>
<name>Jose Collas (-47)-443</name>
<description>
&lt;table&gt;
&lt;tr&gt;&lt;td&gt;Longitude: -71.848902&lt;/td&gt;&lt;/tr&gt;
&lt;tr&gt;&lt;td&gt;Latitude: -13.402073&lt;/td&gt;&lt;/tr&gt;
&lt;tr&gt;&lt;td&gt;Altitude: 3679.2 m&lt;/td&gt;&lt;/tr&gt;
&lt;tr&gt;&lt;td&gt;Time: 2026-04-27T14:21:25Z&lt;/td&gt;&lt;/tr&gt;
&lt;/table&gt;
</description>
<Point>
<coordinates>-71.848902,-13.402073,3679.2</coordinates>
</Point>
</Placemark>
<Placemark>
<name>Jose Collas (-47)-444</name>
<description>
&lt;table&gt;
&lt;tr&gt;&lt;td&gt;Longitude: -71.848928&lt;/td&gt;&lt;/tr&gt;
&lt;tr&gt;&lt;td&gt;Latitude: -13.402103&lt;/td&gt;&lt;/tr&gt;
&lt;tr&gt;&lt;td&gt;Altitude: 3680.4 m&lt;/td&gt;&lt;/tr&gt;
&lt;tr&gt;&lt;td&gt;Time: 2026-04-27T14:21:35Z&lt;/td&gt;&lt;/tr&gt;
&lt;/table&gt;
</description>
<Point>
<coordinates>-71.848928,-13.402103,3680.4</coordinates>
</Point>
</Placemark>
<Placemark>
<name>Jose Collas (-47)-445</name>
<description>
&lt;table&gt;
&lt;tr&gt;&lt;td&gt;Longitude: -71.848955&lt;/td&gt;&lt;/tr&gt;
&lt;tr&gt;&lt;td&gt;Latitude: -13.402059&lt;/td&gt;&lt;/tr&gt;
&lt;tr&gt;&lt;td&gt;Altitude: 3682.4 m&lt;/td&gt;&lt;/tr&gt;
&lt;tr&gt;&lt;td&gt;Time: 2026-04-27T14:21:47Z&lt;/td&gt;&lt;/tr&gt;
&lt;/table&gt;
</description>
<Point>
<coordinates>-71.848955,-13.402059,3682.4</coordinates>
</Point>
</Placemark>
<Placemark>
<name>Jose Collas (-47)-446</name>
<description>
&lt;table&gt;
&lt;tr&gt;&lt;td&gt;Longitude: -71.848968&lt;/td&gt;&lt;/tr&gt;
&lt;tr&gt;&lt;td&gt;Latitude: -13.402083&lt;/td&gt;&lt;/tr&gt;
&lt;tr&gt;&lt;td&gt;Altitude: 3684 m&lt;/td&gt;&lt;/tr&gt;
&lt;tr&gt;&lt;td&gt;Time: 2026-04-27T14:22:03Z&lt;/td&gt;&lt;/tr&gt;
&lt;/table&gt;
</description>
<Point>
<coordinates>-71.848968,-13.402083,3684</coordinates>
</Point>
</Placemark>
<Placemark>
<name>Jose Collas (-47)-447</name>
<description>
&lt;table&gt;
&lt;tr&gt;&lt;td&gt;Longitude: -71.848989&lt;/td&gt;&lt;/tr&gt;
&lt;tr&gt;&lt;td&gt;Latitude: -13.402046&lt;/td&gt;&lt;/tr&gt;
&lt;tr&gt;&lt;td&gt;Altitude: 3685.4 m&lt;/td&gt;&lt;/tr&gt;
&lt;tr&gt;&lt;td&gt;Time: 2026-04-27T14:22:18Z&lt;/td&gt;&lt;/tr&gt;
&lt;/table&gt;
</description>
<Point>
<coordinates>-71.848989,-13.402046,3685.4</coordinates>
</Point>
</Placemark>
<Placemark>
<name>Jose Collas (-47)-448</name>
<description>
&lt;table&gt;
&lt;tr&gt;&lt;td&gt;Longitude: -71.849004&lt;/td&gt;&lt;/tr&gt;
&lt;tr&gt;&lt;td&gt;Latitude: -13.402055&lt;/td&gt;&lt;/tr&gt;
&lt;tr&gt;&lt;td&gt;Altitude: 3687.8 m&lt;/td&gt;&lt;/tr&gt;
&lt;tr&gt;&lt;td&gt;Time: 2026-04-27T14:22:43Z&lt;/td&gt;&lt;/tr&gt;
&lt;/table&gt;
</description>
<Point>
<coordinates>-71.849004,-13.402055,3687.8</coordinates>
</Point>
</Placemark>
<Placemark>
<name>Jose Collas (-47)-449</name>
<description>
&lt;table&gt;
&lt;tr&gt;&lt;td&gt;Longitude: -71.849011&lt;/td&gt;&lt;/tr&gt;
&lt;tr&gt;&lt;td&gt;Latitude: -13.402037&lt;/td&gt;&lt;/tr&gt;
&lt;tr&gt;&lt;td&gt;Altitude: 3690.6 m&lt;/td&gt;&lt;/tr&gt;
&lt;tr&gt;&lt;td&gt;Time: 2026-04-27T14:23:14Z&lt;/td&gt;&lt;/tr&gt;
&lt;/table&gt;
</description>
<Point>
<coordinates>-71.849011,-13.402037,3690.6</coordinates>
</Point>
</Placemark>
<Placemark>
<name>Jose Collas (-47)-450</name>
<description>
&lt;table&gt;
&lt;tr&gt;&lt;td&gt;Longitude: -71.849039&lt;/td&gt;&lt;/tr&gt;
&lt;tr&gt;&lt;td&gt;Latitude: -13.402027&lt;/td&gt;&lt;/tr&gt;
&lt;tr&gt;&lt;td&gt;Altitude: 3691 m&lt;/td&gt;&lt;/tr&gt;
&lt;tr&gt;&lt;td&gt;Time: 2026-04-27T14:23:37Z&lt;/td&gt;&lt;/tr&gt;
&lt;/table&gt;
</description>
<Point>
<coordinates>-71.849039,-13.402027,3691</coordinates>
</Point>
</Placemark>
<Placemark>
<name>Jose Collas (-47)-451</name>
<description>
&lt;table&gt;
&lt;tr&gt;&lt;td&gt;Longitude: -71.849052&lt;/td&gt;&lt;/tr&gt;
&lt;tr&gt;&lt;td&gt;Latitude: -13.401959&lt;/td&gt;&lt;/tr&gt;
&lt;tr&gt;&lt;td&gt;Altitude: 3691.4 m&lt;/td&gt;&lt;/tr&gt;
&lt;tr&gt;&lt;td&gt;Time: 2026-04-27T14:24:01Z&lt;/td&gt;&lt;/tr&gt;
&lt;/table&gt;
</description>
<Point>
<coordinates>-71.849052,-13.401959,3691.4</coordinates>
</Point>
</Placemark>
<Placemark>
<name>Jose Collas (-47)-452</name>
<description>
&lt;table&gt;
&lt;tr&gt;&lt;td&gt;Longitude: -71.849032&lt;/td&gt;&lt;/tr&gt;
&lt;tr&gt;&lt;td&gt;Latitude: -13.401915&lt;/td&gt;&lt;/tr&gt;
&lt;tr&gt;&lt;td&gt;Altitude: 3692.2 m&lt;/td&gt;&lt;/tr&gt;
&lt;tr&gt;&lt;td&gt;Time: 2026-04-27T14:24:12Z&lt;/td&gt;&lt;/tr&gt;
&lt;/table&gt;
</description>
<Point>
<coordinates>-71.849032,-13.401915,3692.2</coordinates>
</Point>
</Placemark>
<Placemark>
<name>Jose Collas (-47)-453</name>
<description>
&lt;table&gt;
&lt;tr&gt;&lt;td&gt;Longitude: -71.849163&lt;/td&gt;&lt;/tr&gt;
&lt;tr&gt;&lt;td&gt;Latitude: -13.401963&lt;/td&gt;&lt;/tr&gt;
&lt;tr&gt;&lt;td&gt;Altitude: 3694.8 m&lt;/td&gt;&lt;/tr&gt;
&lt;tr&gt;&lt;td&gt;Time: 2026-04-27T14:25:10Z&lt;/td&gt;&lt;/tr&gt;
&lt;/table&gt;
</description>
<Point>
<coordinates>-71.849163,-13.401963,3694.8</coordinates>
</Point>
</Placemark>
<Placemark>
<name>Jose Collas (-47)-454</name>
<description>
&lt;table&gt;
&lt;tr&gt;&lt;td&gt;Longitude: -71.849220&lt;/td&gt;&lt;/tr&gt;
&lt;tr&gt;&lt;td&gt;Latitude: -13.402013&lt;/td&gt;&lt;/tr&gt;
&lt;tr&gt;&lt;td&gt;Altitude: 3698.2 m&lt;/td&gt;&lt;/tr&gt;
&lt;tr&gt;&lt;td&gt;Time: 2026-04-27T14:25:40Z&lt;/td&gt;&lt;/tr&gt;
&lt;/table&gt;
</description>
<Point>
<coordinates>-71.849220,-13.402013,3698.2</coordinates>
</Point>
</Placemark>
<Placemark>
<name>Jose Collas (-47)-455</name>
<description>
&lt;table&gt;
&lt;tr&gt;&lt;td&gt;Longitude: -71.849262&lt;/td&gt;&lt;/tr&gt;
&lt;tr&gt;&lt;td&gt;Latitude: -13.401984&lt;/td&gt;&lt;/tr&gt;
&lt;tr&gt;&lt;td&gt;Altitude: 3698.6 m&lt;/td&gt;&lt;/tr&gt;
&lt;tr&gt;&lt;td&gt;Time: 2026-04-27T14:25:55Z&lt;/td&gt;&lt;/tr&gt;
&lt;/table&gt;
</description>
<Point>
<coordinates>-71.849262,-13.401984,3698.6</coordinates>
</Point>
</Placemark>
<Placemark>
<name>Jose Collas (-47)-456</name>
<description>
&lt;table&gt;
&lt;tr&gt;&lt;td&gt;Longitude: -71.849279&lt;/td&gt;&lt;/tr&gt;
&lt;tr&gt;&lt;td&gt;Latitude: -13.401934&lt;/td&gt;&lt;/tr&gt;
&lt;tr&gt;&lt;td&gt;Altitude: 3699 m&lt;/td&gt;&lt;/tr&gt;
&lt;tr&gt;&lt;td&gt;Time: 2026-04-27T14:26:12Z&lt;/td&gt;&lt;/tr&gt;
&lt;/table&gt;
</description>
<Point>
<coordinates>-71.849279,-13.401934,3699</coordinates>
</Point>
</Placemark>
<Placemark>
<name>Jose Collas (-47)-457</name>
<description>
&lt;table&gt;
&lt;tr&gt;&lt;td&gt;Longitude: -71.849258&lt;/td&gt;&lt;/tr&gt;
&lt;tr&gt;&lt;td&gt;Latitude: -13.401850&lt;/td&gt;&lt;/tr&gt;
&lt;tr&gt;&lt;td&gt;Altitude: 3699.2 m&lt;/td&gt;&lt;/tr&gt;
&lt;tr&gt;&lt;td&gt;Time: 2026-04-27T14:26:25Z&lt;/td&gt;&lt;/tr&gt;
&lt;/table&gt;
</description>
<Point>
<coordinates>-71.849258,-13.401850,3699.2</coordinates>
</Point>
</Placemark>
<Placemark>
<name>Jose Collas (-47)-458</name>
<description>
&lt;table&gt;
&lt;tr&gt;&lt;td&gt;Longitude: -71.849236&lt;/td&gt;&lt;/tr&gt;
&lt;tr&gt;&lt;td&gt;Latitude: -13.401829&lt;/td&gt;&lt;/tr&gt;
&lt;tr&gt;&lt;td&gt;Altitude: 3699.8 m&lt;/td&gt;&lt;/tr&gt;
&lt;tr&gt;&lt;td&gt;Time: 2026-04-27T14:26:32Z&lt;/td&gt;&lt;/tr&gt;
&lt;/table&gt;
</description>
<Point>
<coordinates>-71.849236,-13.401829,3699.8</coordinates>
</Point>
</Placemark>
<Placemark>
<name>Jose Collas (-47)-459</name>
<description>
&lt;table&gt;
&lt;tr&gt;&lt;td&gt;Longitude: -71.849241&lt;/td&gt;&lt;/tr&gt;
&lt;tr&gt;&lt;td&gt;Latitude: -13.401768&lt;/td&gt;&lt;/tr&gt;
&lt;tr&gt;&lt;td&gt;Altitude: 3701 m&lt;/td&gt;&lt;/tr&gt;
&lt;tr&gt;&lt;td&gt;Time: 2026-04-27T14:26:49Z&lt;/td&gt;&lt;/tr&gt;
&lt;/table&gt;
</description>
<Point>
<coordinates>-71.849241,-13.401768,3701</coordinates>
</Point>
</Placemark>
<Placemark>
<name>Jose Collas (-47)-460</name>
<description>
&lt;table&gt;
&lt;tr&gt;&lt;td&gt;Longitude: -71.849220&lt;/td&gt;&lt;/tr&gt;
&lt;tr&gt;&lt;td&gt;Latitude: -13.401701&lt;/td&gt;&lt;/tr&gt;
&lt;tr&gt;&lt;td&gt;Altitude: 3702.8 m&lt;/td&gt;&lt;/tr&gt;
&lt;tr&gt;&lt;td&gt;Time: 2026-04-27T14:27:10Z&lt;/td&gt;&lt;/tr&gt;
&lt;/table&gt;
</description>
<Point>
<coordinates>-71.849220,-13.401701,3702.8</coordinates>
</Point>
</Placemark>
<Placemark>
<name>Jose Collas (-47)-461</name>
<description>
&lt;table&gt;
&lt;tr&gt;&lt;td&gt;Longitude: -71.849241&lt;/td&gt;&lt;/tr&gt;
&lt;tr&gt;&lt;td&gt;Latitude: -13.401633&lt;/td&gt;&lt;/tr&gt;
&lt;tr&gt;&lt;td&gt;Altitude: 3704.6 m&lt;/td&gt;&lt;/tr&gt;
&lt;tr&gt;&lt;td&gt;Time: 2026-04-27T14:27:28Z&lt;/td&gt;&lt;/tr&gt;
&lt;/table&gt;
</description>
<Point>
<coordinates>-71.849241,-13.401633,3704.6</coordinates>
</Point>
</Placemark>
<Placemark>
<name>Jose Collas (-47)-462</name>
<description>
&lt;table&gt;
&lt;tr&gt;&lt;td&gt;Longitude: -71.849285&lt;/td&gt;&lt;/tr&gt;
&lt;tr&gt;&lt;td&gt;Latitude: -13.401566&lt;/td&gt;&lt;/tr&gt;
&lt;tr&gt;&lt;td&gt;Altitude: 3707.4 m&lt;/td&gt;&lt;/tr&gt;
&lt;tr&gt;&lt;td&gt;Time: 2026-04-27T14:28:15Z&lt;/td&gt;&lt;/tr&gt;
&lt;/table&gt;
</description>
<Point>
<coordinates>-71.849285,-13.401566,3707.4</coordinates>
</Point>
</Placemark>
<Placemark>
<name>Jose Collas (-47)-463</name>
<description>
&lt;table&gt;
&lt;tr&gt;&lt;td&gt;Longitude: -71.849281&lt;/td&gt;&lt;/tr&gt;
&lt;tr&gt;&lt;td&gt;Latitude: -13.401502&lt;/td&gt;&lt;/tr&gt;
&lt;tr&gt;&lt;td&gt;Altitude: 3709 m&lt;/td&gt;&lt;/tr&gt;
&lt;tr&gt;&lt;td&gt;Time: 2026-04-27T14:28:27Z&lt;/td&gt;&lt;/tr&gt;
&lt;/table&gt;
</description>
<Point>
<coordinates>-71.849281,-13.401502,3709</coordinates>
</Point>
</Placemark>
<Placemark>
<name>Jose Collas (-47)-464</name>
<description>
&lt;table&gt;
&lt;tr&gt;&lt;td&gt;Longitude: -71.849296&lt;/td&gt;&lt;/tr&gt;
&lt;tr&gt;&lt;td&gt;Latitude: -13.401465&lt;/td&gt;&lt;/tr&gt;
&lt;tr&gt;&lt;td&gt;Altitude: 3710.4 m&lt;/td&gt;&lt;/tr&gt;
&lt;tr&gt;&lt;td&gt;Time: 2026-04-27T14:28:37Z&lt;/td&gt;&lt;/tr&gt;
&lt;/table&gt;
</description>
<Point>
<coordinates>-71.849296,-13.401465,3710.4</coordinates>
</Point>
</Placemark>
<Placemark>
<name>Jose Collas (-47)-465</name>
<description>
&lt;table&gt;
&lt;tr&gt;&lt;td&gt;Longitude: -71.849287&lt;/td&gt;&lt;/tr&gt;
&lt;tr&gt;&lt;td&gt;Latitude: -13.401441&lt;/td&gt;&lt;/tr&gt;
&lt;tr&gt;&lt;td&gt;Altitude: 3711.2 m&lt;/td&gt;&lt;/tr&gt;
&lt;tr&gt;&lt;td&gt;Time: 2026-04-27T14:28:44Z&lt;/td&gt;&lt;/tr&gt;
&lt;/table&gt;
</description>
<Point>
<coordinates>-71.849287,-13.401441,3711.2</coordinates>
</Point>
</Placemark>
<Placemark>
<name>Jose Collas (-47)-466</name>
<description>
&lt;table&gt;
&lt;tr&gt;&lt;td&gt;Longitude: -71.849327&lt;/td&gt;&lt;/tr&gt;
&lt;tr&gt;&lt;td&gt;Latitude: -13.401422&lt;/td&gt;&lt;/tr&gt;
&lt;tr&gt;&lt;td&gt;Altitude: 3712.8 m&lt;/td&gt;&lt;/tr&gt;
&lt;tr&gt;&lt;td&gt;Time: 2026-04-27T14:28:58Z&lt;/td&gt;&lt;/tr&gt;
&lt;/table&gt;
</description>
<Point>
<coordinates>-71.849327,-13.401422,3712.8</coordinates>
</Point>
</Placemark>
<Placemark>
<name>Jose Collas (-47)-467</name>
<description>
&lt;table&gt;
&lt;tr&gt;&lt;td&gt;Longitude: -71.849313&lt;/td&gt;&lt;/tr&gt;
&lt;tr&gt;&lt;td&gt;Latitude: -13.401374&lt;/td&gt;&lt;/tr&gt;
&lt;tr&gt;&lt;td&gt;Altitude: 3715.6 m&lt;/td&gt;&lt;/tr&gt;
&lt;tr&gt;&lt;td&gt;Time: 2026-04-27T14:29:31Z&lt;/td&gt;&lt;/tr&gt;
&lt;/table&gt;
</description>
<Point>
<coordinates>-71.849313,-13.401374,3715.6</coordinates>
</Point>
</Placemark>
<Placemark>
<name>Jose Collas (-47)-468</name>
<description>
&lt;table&gt;
&lt;tr&gt;&lt;td&gt;Longitude: -71.849336&lt;/td&gt;&lt;/tr&gt;
&lt;tr&gt;&lt;td&gt;Latitude: -13.401368&lt;/td&gt;&lt;/tr&gt;
&lt;tr&gt;&lt;td&gt;Altitude: 3716.2 m&lt;/td&gt;&lt;/tr&gt;
&lt;tr&gt;&lt;td&gt;Time: 2026-04-27T14:29:35Z&lt;/td&gt;&lt;/tr&gt;
&lt;/table&gt;
</description>
<Point>
<coordinates>-71.849336,-13.401368,3716.2</coordinates>
</Point>
</Placemark>
<Placemark>
<name>Jose Collas (-47)-469</name>
<description>
&lt;table&gt;
&lt;tr&gt;&lt;td&gt;Longitude: -71.849412&lt;/td&gt;&lt;/tr&gt;
&lt;tr&gt;&lt;td&gt;Latitude: -13.401397&lt;/td&gt;&lt;/tr&gt;
&lt;tr&gt;&lt;td&gt;Altitude: 3717.4 m&lt;/td&gt;&lt;/tr&gt;
&lt;tr&gt;&lt;td&gt;Time: 2026-04-27T14:29:57Z&lt;/td&gt;&lt;/tr&gt;
&lt;/table&gt;
</description>
<Point>
<coordinates>-71.849412,-13.401397,3717.4</coordinates>
</Point>
</Placemark>
<Placemark>
<name>Jose Collas (-47)-470</name>
<description>
&lt;table&gt;
&lt;tr&gt;&lt;td&gt;Longitude: -71.849437&lt;/td&gt;&lt;/tr&gt;
&lt;tr&gt;&lt;td&gt;Latitude: -13.401373&lt;/td&gt;&lt;/tr&gt;
&lt;tr&gt;&lt;td&gt;Altitude: 3718.2 m&lt;/td&gt;&lt;/tr&gt;
&lt;tr&gt;&lt;td&gt;Time: 2026-04-27T14:30:05Z&lt;/td&gt;&lt;/tr&gt;
&lt;/table&gt;
</description>
<Point>
<coordinates>-71.849437,-13.401373,3718.2</coordinates>
</Point>
</Placemark>
<Placemark>
<name>Jose Collas (-47)-471</name>
<description>
&lt;table&gt;
&lt;tr&gt;&lt;td&gt;Longitude: -71.849468&lt;/td&gt;&lt;/tr&gt;
&lt;tr&gt;&lt;td&gt;Latitude: -13.401372&lt;/td&gt;&lt;/tr&gt;
&lt;tr&gt;&lt;td&gt;Altitude: 3719 m&lt;/td&gt;&lt;/tr&gt;
&lt;tr&gt;&lt;td&gt;Time: 2026-04-27T14:30:12Z&lt;/td&gt;&lt;/tr&gt;
&lt;/table&gt;
</description>
<Point>
<coordinates>-71.849468,-13.401372,3719</coordinates>
</Point>
</Placemark>
<Placemark>
<name>Jose Collas (-47)-472</name>
<description>
&lt;table&gt;
&lt;tr&gt;&lt;td&gt;Longitude: -71.849547&lt;/td&gt;&lt;/tr&gt;
&lt;tr&gt;&lt;td&gt;Latitude: -13.401271&lt;/td&gt;&lt;/tr&gt;
&lt;tr&gt;&lt;td&gt;Altitude: 3722.8 m&lt;/td&gt;&lt;/tr&gt;
&lt;tr&gt;&lt;td&gt;Time: 2026-04-27T14:30:40Z&lt;/td&gt;&lt;/tr&gt;
&lt;/table&gt;
</description>
<Point>
<coordinates>-71.849547,-13.401271,3722.8</coordinates>
</Point>
</Placemark>
<Placemark>
<name>Jose Collas (-47)-473</name>
<description>
&lt;table&gt;
&lt;tr&gt;&lt;td&gt;Longitude: -71.849565&lt;/td&gt;&lt;/tr&gt;
&lt;tr&gt;&lt;td&gt;Latitude: -13.401227&lt;/td&gt;&lt;/tr&gt;
&lt;tr&gt;&lt;td&gt;Altitude: 3723.6 m&lt;/td&gt;&lt;/tr&gt;
&lt;tr&gt;&lt;td&gt;Time: 2026-04-27T14:30:48Z&lt;/td&gt;&lt;/tr&gt;
&lt;/table&gt;
</description>
<Point>
<coordinates>-71.849565,-13.401227,3723.6</coordinates>
</Point>
</Placemark>
<Placemark>
<name>Jose Collas (-47)-474</name>
<description>
&lt;table&gt;
&lt;tr&gt;&lt;td&gt;Longitude: -71.849652&lt;/td&gt;&lt;/tr&gt;
&lt;tr&gt;&lt;td&gt;Latitude: -13.401188&lt;/td&gt;&lt;/tr&gt;
&lt;tr&gt;&lt;td&gt;Altitude: 3726.6 m&lt;/td&gt;&lt;/tr&gt;
&lt;tr&gt;&lt;td&gt;Time: 2026-04-27T14:31:33Z&lt;/td&gt;&lt;/tr&gt;
&lt;/table&gt;
</description>
<Point>
<coordinates>-71.849652,-13.401188,3726.6</coordinates>
</Point>
</Placemark>
<Placemark>
<name>Jose Collas (-47)-475</name>
<description>
&lt;table&gt;
&lt;tr&gt;&lt;td&gt;Longitude: -71.849744&lt;/td&gt;&lt;/tr&gt;
&lt;tr&gt;&lt;td&gt;Latitude: -13.401085&lt;/td&gt;&lt;/tr&gt;
&lt;tr&gt;&lt;td&gt;Altitude: 3728.6 m&lt;/td&gt;&lt;/tr&gt;
&lt;tr&gt;&lt;td&gt;Time: 2026-04-27T14:32:22Z&lt;/td&gt;&lt;/tr&gt;
&lt;/table&gt;
</description>
<Point>
<coordinates>-71.849744,-13.401085,3728.6</coordinates>
</Point>
</Placemark>
<Placemark>
<name>Jose Collas (-47)-476</name>
<description>
&lt;table&gt;
&lt;tr&gt;&lt;td&gt;Longitude: -71.849736&lt;/td&gt;&lt;/tr&gt;
&lt;tr&gt;&lt;td&gt;Latitude: -13.401004&lt;/td&gt;&lt;/tr&gt;
&lt;tr&gt;&lt;td&gt;Altitude: 3731 m&lt;/td&gt;&lt;/tr&gt;
&lt;tr&gt;&lt;td&gt;Time: 2026-04-27T14:32:59Z&lt;/td&gt;&lt;/tr&gt;
&lt;/table&gt;
</description>
<Point>
<coordinates>-71.849736,-13.401004,3731</coordinates>
</Point>
</Placemark>
<Placemark>
<name>Jose Collas (-47)-477</name>
<description>
&lt;table&gt;
&lt;tr&gt;&lt;td&gt;Longitude: -71.849665&lt;/td&gt;&lt;/tr&gt;
&lt;tr&gt;&lt;td&gt;Latitude: -13.400927&lt;/td&gt;&lt;/tr&gt;
&lt;tr&gt;&lt;td&gt;Altitude: 3731.6 m&lt;/td&gt;&lt;/tr&gt;
&lt;tr&gt;&lt;td&gt;Time: 2026-04-27T14:33:14Z&lt;/td&gt;&lt;/tr&gt;
&lt;/table&gt;
</description>
<Point>
<coordinates>-71.849665,-13.400927,3731.6</coordinates>
</Point>
</Placemark>
<Placemark>
<name>Jose Collas (-47)-478</name>
<description>
&lt;table&gt;
&lt;tr&gt;&lt;td&gt;Longitude: -71.849663&lt;/td&gt;&lt;/tr&gt;
&lt;tr&gt;&lt;td&gt;Latitude: -13.400903&lt;/td&gt;&lt;/tr&gt;
&lt;tr&gt;&lt;td&gt;Altitude: 3731.6 m&lt;/td&gt;&lt;/tr&gt;
&lt;tr&gt;&lt;td&gt;Time: 2026-04-27T14:33:17Z&lt;/td&gt;&lt;/tr&gt;
&lt;/table&gt;
</description>
<Point>
<coordinates>-71.849663,-13.400903,3731.6</coordinates>
</Point>
</Placemark>
<Placemark>
<name>Jose Collas (-47)-479</name>
<description>
&lt;table&gt;
&lt;tr&gt;&lt;td&gt;Longitude: -71.849576&lt;/td&gt;&lt;/tr&gt;
&lt;tr&gt;&lt;td&gt;Latitude: -13.400751&lt;/td&gt;&lt;/tr&gt;
&lt;tr&gt;&lt;td&gt;Altitude: 3730.8 m&lt;/td&gt;&lt;/tr&gt;
&lt;tr&gt;&lt;td&gt;Time: 2026-04-27T14:33:38Z&lt;/td&gt;&lt;/tr&gt;
&lt;/table&gt;
</description>
<Point>
<coordinates>-71.849576,-13.400751,3730.8</coordinates>
</Point>
</Placemark>
<Placemark>
<name>Jose Collas (-47)-480</name>
<description>
&lt;table&gt;
&lt;tr&gt;&lt;td&gt;Longitude: -71.849574&lt;/td&gt;&lt;/tr&gt;
&lt;tr&gt;&lt;td&gt;Latitude: -13.400687&lt;/td&gt;&lt;/tr&gt;
&lt;tr&gt;&lt;td&gt;Altitude: 3730.6 m&lt;/td&gt;&lt;/tr&gt;
&lt;tr&gt;&lt;td&gt;Time: 2026-04-27T14:33:56Z&lt;/td&gt;&lt;/tr&gt;
&lt;/table&gt;
</description>
<Point>
<coordinates>-71.849574,-13.400687,3730.6</coordinates>
</Point>
</Placemark>
<Placemark>
<name>Jose Collas (-47)-481</name>
<description>
&lt;table&gt;
&lt;tr&gt;&lt;td&gt;Longitude: -71.849665&lt;/td&gt;&lt;/tr&gt;
&lt;tr&gt;&lt;td&gt;Latitude: -13.400941&lt;/td&gt;&lt;/tr&gt;
&lt;tr&gt;&lt;td&gt;Altitude: 3732.2 m&lt;/td&gt;&lt;/tr&gt;
&lt;tr&gt;&lt;td&gt;Time: 2026-04-27T14:34:31Z&lt;/td&gt;&lt;/tr&gt;
&lt;/table&gt;
</description>
<Point>
<coordinates>-71.849665,-13.400941,3732.2</coordinates>
</Point>
</Placemark>
<Placemark>
<name>Jose Collas (-47)-482</name>
<description>
&lt;table&gt;
&lt;tr&gt;&lt;td&gt;Longitude: -71.849745&lt;/td&gt;&lt;/tr&gt;
&lt;tr&gt;&lt;td&gt;Latitude: -13.401025&lt;/td&gt;&lt;/tr&gt;
&lt;tr&gt;&lt;td&gt;Altitude: 3733.2 m&lt;/td&gt;&lt;/tr&gt;
&lt;tr&gt;&lt;td&gt;Time: 2026-04-27T14:34:47Z&lt;/td&gt;&lt;/tr&gt;
&lt;/table&gt;
</description>
<Point>
<coordinates>-71.849745,-13.401025,3733.2</coordinates>
</Point>
</Placemark>
<Placemark>
<name>Jose Collas (-47)-483</name>
<description>
&lt;table&gt;
&lt;tr&gt;&lt;td&gt;Longitude: -71.849845&lt;/td&gt;&lt;/tr&gt;
&lt;tr&gt;&lt;td&gt;Latitude: -13.400976&lt;/td&gt;&lt;/tr&gt;
&lt;tr&gt;&lt;td&gt;Altitude: 3737 m&lt;/td&gt;&lt;/tr&gt;
&lt;tr&gt;&lt;td&gt;Time: 2026-04-27T14:35:51Z&lt;/td&gt;&lt;/tr&gt;
&lt;/table&gt;
</description>
<Point>
<coordinates>-71.849845,-13.400976,3737</coordinates>
</Point>
</Placemark>
<Placemark>
<name>Jose Collas (-47)-484</name>
<description>
&lt;table&gt;
&lt;tr&gt;&lt;td&gt;Longitude: -71.849830&lt;/td&gt;&lt;/tr&gt;
&lt;tr&gt;&lt;td&gt;Latitude: -13.400943&lt;/td&gt;&lt;/tr&gt;
&lt;tr&gt;&lt;td&gt;Altitude: 3736.4 m&lt;/td&gt;&lt;/tr&gt;
&lt;tr&gt;&lt;td&gt;Time: 2026-04-27T14:35:58Z&lt;/td&gt;&lt;/tr&gt;
&lt;/table&gt;
</description>
<Point>
<coordinates>-71.849830,-13.400943,3736.4</coordinates>
</Point>
</Placemark>
<Placemark>
<name>Jose Collas (-47)-485</name>
<description>
&lt;table&gt;
&lt;tr&gt;&lt;td&gt;Longitude: -71.849781&lt;/td&gt;&lt;/tr&gt;
&lt;tr&gt;&lt;td&gt;Latitude: -13.400917&lt;/td&gt;&lt;/tr&gt;
&lt;tr&gt;&lt;td&gt;Altitude: 3735.8 m&lt;/td&gt;&lt;/tr&gt;
&lt;tr&gt;&lt;td&gt;Time: 2026-04-27T14:36:05Z&lt;/td&gt;&lt;/tr&gt;
&lt;/table&gt;
</description>
<Point>
<coordinates>-71.849781,-13.400917,3735.8</coordinates>
</Point>
</Placemark>
<Placemark>
<name>Jose Collas (-47)-486</name>
<description>
&lt;table&gt;
&lt;tr&gt;&lt;td&gt;Longitude: -71.849744&lt;/td&gt;&lt;/tr&gt;
&lt;tr&gt;&lt;td&gt;Latitude: -13.400872&lt;/td&gt;&lt;/tr&gt;
&lt;tr&gt;&lt;td&gt;Altitude: 3736.4 m&lt;/td&gt;&lt;/tr&gt;
&lt;tr&gt;&lt;td&gt;Time: 2026-04-27T14:36:12Z&lt;/td&gt;&lt;/tr&gt;
&lt;/table&gt;
</description>
<Point>
<coordinates>-71.849744,-13.400872,3736.4</coordinates>
</Point>
</Placemark>
<Placemark>
<name>Jose Collas (-47)-487</name>
<description>
&lt;table&gt;
&lt;tr&gt;&lt;td&gt;Longitude: -71.849762&lt;/td&gt;&lt;/tr&gt;
&lt;tr&gt;&lt;td&gt;Latitude: -13.400778&lt;/td&gt;&lt;/tr&gt;
&lt;tr&gt;&lt;td&gt;Altitude: 3738 m&lt;/td&gt;&lt;/tr&gt;
&lt;tr&gt;&lt;td&gt;Time: 2026-04-27T14:36:34Z&lt;/td&gt;&lt;/tr&gt;
&lt;/table&gt;
</description>
<Point>
<coordinates>-71.849762,-13.400778,3738</coordinates>
</Point>
</Placemark>
<Placemark>
<name>Jose Collas (-47)-488</name>
<description>
&lt;table&gt;
&lt;tr&gt;&lt;td&gt;Longitude: -71.849817&lt;/td&gt;&lt;/tr&gt;
&lt;tr&gt;&lt;td&gt;Latitude: -13.400713&lt;/td&gt;&lt;/tr&gt;
&lt;tr&gt;&lt;td&gt;Altitude: 3739.2 m&lt;/td&gt;&lt;/tr&gt;
&lt;tr&gt;&lt;td&gt;Time: 2026-04-27T14:37:04Z&lt;/td&gt;&lt;/tr&gt;
&lt;/table&gt;
</description>
<Point>
<coordinates>-71.849817,-13.400713,3739.2</coordinates>
</Point>
</Placemark>
<Placemark>
<name>Jose Collas (-47)-489</name>
<description>
&lt;table&gt;
&lt;tr&gt;&lt;td&gt;Longitude: -71.849861&lt;/td&gt;&lt;/tr&gt;
&lt;tr&gt;&lt;td&gt;Latitude: -13.400724&lt;/td&gt;&lt;/tr&gt;
&lt;tr&gt;&lt;td&gt;Altitude: 3739.8 m&lt;/td&gt;&lt;/tr&gt;
&lt;tr&gt;&lt;td&gt;Time: 2026-04-27T14:37:11Z&lt;/td&gt;&lt;/tr&gt;
&lt;/table&gt;
</description>
<Point>
<coordinates>-71.849861,-13.400724,3739.8</coordinates>
</Point>
</Placemark>
<Placemark>
<name>Jose Collas (-47)-490</name>
<description>
&lt;table&gt;
&lt;tr&gt;&lt;td&gt;Longitude: -71.849884&lt;/td&gt;&lt;/tr&gt;
&lt;tr&gt;&lt;td&gt;Latitude: -13.400681&lt;/td&gt;&lt;/tr&gt;
&lt;tr&gt;&lt;td&gt;Altitude: 3740.6 m&lt;/td&gt;&lt;/tr&gt;
&lt;tr&gt;&lt;td&gt;Time: 2026-04-27T14:37:20Z&lt;/td&gt;&lt;/tr&gt;
&lt;/table&gt;
</description>
<Point>
<coordinates>-71.849884,-13.400681,3740.6</coordinates>
</Point>
</Placemark>
<Placemark>
<name>Jose Collas (-47)-491</name>
<description>
&lt;table&gt;
&lt;tr&gt;&lt;td&gt;Longitude: -71.849957&lt;/td&gt;&lt;/tr&gt;
&lt;tr&gt;&lt;td&gt;Latitude: -13.400699&lt;/td&gt;&lt;/tr&gt;
&lt;tr&gt;&lt;td&gt;Altitude: 3743.8 m&lt;/td&gt;&lt;/tr&gt;
&lt;tr&gt;&lt;td&gt;Time: 2026-04-27T14:37:58Z&lt;/td&gt;&lt;/tr&gt;
&lt;/table&gt;
</description>
<Point>
<coordinates>-71.849957,-13.400699,3743.8</coordinates>
</Point>
</Placemark>
<Placemark>
<name>Jose Collas (-47)-492</name>
<description>
&lt;table&gt;
&lt;tr&gt;&lt;td&gt;Longitude: -71.849981&lt;/td&gt;&lt;/tr&gt;
&lt;tr&gt;&lt;td&gt;Latitude: -13.400685&lt;/td&gt;&lt;/tr&gt;
&lt;tr&gt;&lt;td&gt;Altitude: 3744.4 m&lt;/td&gt;&lt;/tr&gt;
&lt;tr&gt;&lt;td&gt;Time: 2026-04-27T14:38:03Z&lt;/td&gt;&lt;/tr&gt;
&lt;/table&gt;
</description>
<Point>
<coordinates>-71.849981,-13.400685,3744.4</coordinates>
</Point>
</Placemark>
<Placemark>
<name>Jose Collas (-47)-493</name>
<description>
&lt;table&gt;
&lt;tr&gt;&lt;td&gt;Longitude: -71.850069&lt;/td&gt;&lt;/tr&gt;
&lt;tr&gt;&lt;td&gt;Latitude: -13.400570&lt;/td&gt;&lt;/tr&gt;
&lt;tr&gt;&lt;td&gt;Altitude: 3750.8 m&lt;/td&gt;&lt;/tr&gt;
&lt;tr&gt;&lt;td&gt;Time: 2026-04-27T14:38:34Z&lt;/td&gt;&lt;/tr&gt;
&lt;/table&gt;
</description>
<Point>
<coordinates>-71.850069,-13.400570,3750.8</coordinates>
</Point>
</Placemark>
<Placemark>
<name>Jose Collas (-47)-494</name>
<description>
&lt;table&gt;
&lt;tr&gt;&lt;td&gt;Longitude: -71.850077&lt;/td&gt;&lt;/tr&gt;
&lt;tr&gt;&lt;td&gt;Latitude: -13.400531&lt;/td&gt;&lt;/tr&gt;
&lt;tr&gt;&lt;td&gt;Altitude: 3752.2 m&lt;/td&gt;&lt;/tr&gt;
&lt;tr&gt;&lt;td&gt;Time: 2026-04-27T14:38:43Z&lt;/td&gt;&lt;/tr&gt;
&lt;/table&gt;
</description>
<Point>
<coordinates>-71.850077,-13.400531,3752.2</coordinates>
</Point>
</Placemark>
<Placemark>
<name>Jose Collas (-47)-495</name>
<description>
&lt;table&gt;
&lt;tr&gt;&lt;td&gt;Longitude: -71.850129&lt;/td&gt;&lt;/tr&gt;
&lt;tr&gt;&lt;td&gt;Latitude: -13.400584&lt;/td&gt;&lt;/tr&gt;
&lt;tr&gt;&lt;td&gt;Altitude: 3754.4 m&lt;/td&gt;&lt;/tr&gt;
&lt;tr&gt;&lt;td&gt;Time: 2026-04-27T14:39:00Z&lt;/td&gt;&lt;/tr&gt;
&lt;/table&gt;
</description>
<Point>
<coordinates>-71.850129,-13.400584,3754.4</coordinates>
</Point>
</Placemark>
<Placemark>
<name>Jose Collas (-47)-496</name>
<description>
&lt;table&gt;
&lt;tr&gt;&lt;td&gt;Longitude: -71.850191&lt;/td&gt;&lt;/tr&gt;
&lt;tr&gt;&lt;td&gt;Latitude: -13.400614&lt;/td&gt;&lt;/tr&gt;
&lt;tr&gt;&lt;td&gt;Altitude: 3756.6 m&lt;/td&gt;&lt;/tr&gt;
&lt;tr&gt;&lt;td&gt;Time: 2026-04-27T14:39:15Z&lt;/td&gt;&lt;/tr&gt;
&lt;/table&gt;
</description>
<Point>
<coordinates>-71.850191,-13.400614,3756.6</coordinates>
</Point>
</Placemark>
<Placemark>
<name>Jose Collas (-47)-497</name>
<description>
&lt;table&gt;
&lt;tr&gt;&lt;td&gt;Longitude: -71.850211&lt;/td&gt;&lt;/tr&gt;
&lt;tr&gt;&lt;td&gt;Latitude: -13.400598&lt;/td&gt;&lt;/tr&gt;
&lt;tr&gt;&lt;td&gt;Altitude: 3757 m&lt;/td&gt;&lt;/tr&gt;
&lt;tr&gt;&lt;td&gt;Time: 2026-04-27T14:39:32Z&lt;/td&gt;&lt;/tr&gt;
&lt;/table&gt;
</description>
<Point>
<coordinates>-71.850211,-13.400598,3757</coordinates>
</Point>
</Placemark>
<Placemark>
<name>Jose Collas (-47)-498</name>
<description>
&lt;table&gt;
&lt;tr&gt;&lt;td&gt;Longitude: -71.850213&lt;/td&gt;&lt;/tr&gt;
&lt;tr&gt;&lt;td&gt;Latitude: -13.400562&lt;/td&gt;&lt;/tr&gt;
&lt;tr&gt;&lt;td&gt;Altitude: 3757.2 m&lt;/td&gt;&lt;/tr&gt;
&lt;tr&gt;&lt;td&gt;Time: 2026-04-27T14:39:38Z&lt;/td&gt;&lt;/tr&gt;
&lt;/table&gt;
</description>
<Point>
<coordinates>-71.850213,-13.400562,3757.2</coordinates>
</Point>
</Placemark>
<Placemark>
<name>Jose Collas (-47)-499</name>
<description>
&lt;table&gt;
&lt;tr&gt;&lt;td&gt;Longitude: -71.850241&lt;/td&gt;&lt;/tr&gt;
&lt;tr&gt;&lt;td&gt;Latitude: -13.400564&lt;/td&gt;&lt;/tr&gt;
&lt;tr&gt;&lt;td&gt;Altitude: 3757.6 m&lt;/td&gt;&lt;/tr&gt;
&lt;tr&gt;&lt;td&gt;Time: 2026-04-27T14:39:45Z&lt;/td&gt;&lt;/tr&gt;
&lt;/table&gt;
</description>
<Point>
<coordinates>-71.850241,-13.400564,3757.6</coordinates>
</Point>
</Placemark>
<Placemark>
<name>Jose Collas (-47)-500</name>
<description>
&lt;table&gt;
&lt;tr&gt;&lt;td&gt;Longitude: -71.850267&lt;/td&gt;&lt;/tr&gt;
&lt;tr&gt;&lt;td&gt;Latitude: -13.400520&lt;/td&gt;&lt;/tr&gt;
&lt;tr&gt;&lt;td&gt;Altitude: 3758.2 m&lt;/td&gt;&lt;/tr&gt;
&lt;tr&gt;&lt;td&gt;Time: 2026-04-27T14:40:05Z&lt;/td&gt;&lt;/tr&gt;
&lt;/table&gt;
</description>
<Point>
<coordinates>-71.850267,-13.400520,3758.2</coordinates>
</Point>
</Placemark>
<Placemark>
<name>Jose Collas (-47)-501</name>
<description>
&lt;table&gt;
&lt;tr&gt;&lt;td&gt;Longitude: -71.850348&lt;/td&gt;&lt;/tr&gt;
&lt;tr&gt;&lt;td&gt;Latitude: -13.400508&lt;/td&gt;&lt;/tr&gt;
&lt;tr&gt;&lt;td&gt;Altitude: 3759.4 m&lt;/td&gt;&lt;/tr&gt;
&lt;tr&gt;&lt;td&gt;Time: 2026-04-27T14:40:43Z&lt;/td&gt;&lt;/tr&gt;
&lt;/table&gt;
</description>
<Point>
<coordinates>-71.850348,-13.400508,3759.4</coordinates>
</Point>
</Placemark>
<Placemark>
<name>Jose Collas (-47)-502</name>
<description>
&lt;table&gt;
&lt;tr&gt;&lt;td&gt;Longitude: -71.850408&lt;/td&gt;&lt;/tr&gt;
&lt;tr&gt;&lt;td&gt;Latitude: -13.400525&lt;/td&gt;&lt;/tr&gt;
&lt;tr&gt;&lt;td&gt;Altitude: 3760 m&lt;/td&gt;&lt;/tr&gt;
&lt;tr&gt;&lt;td&gt;Time: 2026-04-27T14:40:53Z&lt;/td&gt;&lt;/tr&gt;
&lt;/table&gt;
</description>
<Point>
<coordinates>-71.850408,-13.400525,3760</coordinates>
</Point>
</Placemark>
<Placemark>
<name>Jose Collas (-47)-503</name>
<description>
&lt;table&gt;
&lt;tr&gt;&lt;td&gt;Longitude: -71.850400&lt;/td&gt;&lt;/tr&gt;
&lt;tr&gt;&lt;td&gt;Latitude: -13.400513&lt;/td&gt;&lt;/tr&gt;
&lt;tr&gt;&lt;td&gt;Altitude: 3760.2 m&lt;/td&gt;&lt;/tr&gt;
&lt;tr&gt;&lt;td&gt;Time: 2026-04-27T14:41:09Z&lt;/td&gt;&lt;/tr&gt;
&lt;/table&gt;
</description>
<Point>
<coordinates>-71.850400,-13.400513,3760.2</coordinates>
</Point>
</Placemark>
<Placemark>
<name>Jose Collas (-47)-504</name>
<description>
&lt;table&gt;
&lt;tr&gt;&lt;td&gt;Longitude: -71.850305&lt;/td&gt;&lt;/tr&gt;
&lt;tr&gt;&lt;td&gt;Latitude: -13.400518&lt;/td&gt;&lt;/tr&gt;
&lt;tr&gt;&lt;td&gt;Altitude: 3760.2 m&lt;/td&gt;&lt;/tr&gt;
&lt;tr&gt;&lt;td&gt;Time: 2026-04-27T14:41:22Z&lt;/td&gt;&lt;/tr&gt;
&lt;/table&gt;
</description>
<Point>
<coordinates>-71.850305,-13.400518,3760.2</coordinates>
</Point>
</Placemark>
<Placemark>
<name>Jose Collas (-47)-505</name>
<description>
&lt;table&gt;
&lt;tr&gt;&lt;td&gt;Longitude: -71.850267&lt;/td&gt;&lt;/tr&gt;
&lt;tr&gt;&lt;td&gt;Latitude: -13.400501&lt;/td&gt;&lt;/tr&gt;
&lt;tr&gt;&lt;td&gt;Altitude: 3759.8 m&lt;/td&gt;&lt;/tr&gt;
&lt;tr&gt;&lt;td&gt;Time: 2026-04-27T14:41:28Z&lt;/td&gt;&lt;/tr&gt;
&lt;/table&gt;
</description>
<Point>
<coordinates>-71.850267,-13.400501,3759.8</coordinates>
</Point>
</Placemark>
<Placemark>
<name>Jose Collas (-47)-506</name>
<description>
&lt;table&gt;
&lt;tr&gt;&lt;td&gt;Longitude: -71.850255&lt;/td&gt;&lt;/tr&gt;
&lt;tr&gt;&lt;td&gt;Latitude: -13.400595&lt;/td&gt;&lt;/tr&gt;
&lt;tr&gt;&lt;td&gt;Altitude: 3759.6 m&lt;/td&gt;&lt;/tr&gt;
&lt;tr&gt;&lt;td&gt;Time: 2026-04-27T14:41:41Z&lt;/td&gt;&lt;/tr&gt;
&lt;/table&gt;
</description>
<Point>
<coordinates>-71.850255,-13.400595,3759.6</coordinates>
</Point>
</Placemark>
<Placemark>
<name>Jose Collas (-47)-507</name>
<description>
&lt;table&gt;
&lt;tr&gt;&lt;td&gt;Longitude: -71.850314&lt;/td&gt;&lt;/tr&gt;
&lt;tr&gt;&lt;td&gt;Latitude: -13.400676&lt;/td&gt;&lt;/tr&gt;
&lt;tr&gt;&lt;td&gt;Altitude: 3758.4 m&lt;/td&gt;&lt;/tr&gt;
&lt;tr&gt;&lt;td&gt;Time: 2026-04-27T14:42:00Z&lt;/td&gt;&lt;/tr&gt;
&lt;/table&gt;
</description>
<Point>
<coordinates>-71.850314,-13.400676,3758.4</coordinates>
</Point>
</Placemark>
<Placemark>
<name>Jose Collas (-47)-508</name>
<description>
&lt;table&gt;
&lt;tr&gt;&lt;td&gt;Longitude: -71.850346&lt;/td&gt;&lt;/tr&gt;
&lt;tr&gt;&lt;td&gt;Latitude: -13.400846&lt;/td&gt;&lt;/tr&gt;
&lt;tr&gt;&lt;td&gt;Altitude: 3756.6 m&lt;/td&gt;&lt;/tr&gt;
&lt;tr&gt;&lt;td&gt;Time: 2026-04-27T14:42:23Z&lt;/td&gt;&lt;/tr&gt;
&lt;/table&gt;
</description>
<Point>
<coordinates>-71.850346,-13.400846,3756.6</coordinates>
</Point>
</Placemark>
<Placemark>
<name>Jose Collas (-47)-509</name>
<description>
&lt;table&gt;
&lt;tr&gt;&lt;td&gt;Longitude: -71.850395&lt;/td&gt;&lt;/tr&gt;
&lt;tr&gt;&lt;td&gt;Latitude: -13.400863&lt;/td&gt;&lt;/tr&gt;
&lt;tr&gt;&lt;td&gt;Altitude: 3756.6 m&lt;/td&gt;&lt;/tr&gt;
&lt;tr&gt;&lt;td&gt;Time: 2026-04-27T14:42:57Z&lt;/td&gt;&lt;/tr&gt;
&lt;/table&gt;
</description>
<Point>
<coordinates>-71.850395,-13.400863,3756.6</coordinates>
</Point>
</Placemark>
<Placemark>
<name>Jose Collas (-47)-510</name>
<description>
&lt;table&gt;
&lt;tr&gt;&lt;td&gt;Longitude: -71.850448&lt;/td&gt;&lt;/tr&gt;
&lt;tr&gt;&lt;td&gt;Latitude: -13.400958&lt;/td&gt;&lt;/tr&gt;
&lt;tr&gt;&lt;td&gt;Altitude: 3757.2 m&lt;/td&gt;&lt;/tr&gt;
&lt;tr&gt;&lt;td&gt;Time: 2026-04-27T14:43:15Z&lt;/td&gt;&lt;/tr&gt;
&lt;/table&gt;
</description>
<Point>
<coordinates>-71.850448,-13.400958,3757.2</coordinates>
</Point>
</Placemark>
<Placemark>
<name>Jose Collas (-47)-511</name>
<description>
&lt;table&gt;
&lt;tr&gt;&lt;td&gt;Longitude: -71.850505&lt;/td&gt;&lt;/tr&gt;
&lt;tr&gt;&lt;td&gt;Latitude: -13.401007&lt;/td&gt;&lt;/tr&gt;
&lt;tr&gt;&lt;td&gt;Altitude: 3758.4 m&lt;/td&gt;&lt;/tr&gt;
&lt;tr&gt;&lt;td&gt;Time: 2026-04-27T14:43:33Z&lt;/td&gt;&lt;/tr&gt;
&lt;/table&gt;
</description>
<Point>
<coordinates>-71.850505,-13.401007,3758.4</coordinates>
</Point>
</Placemark>
<Placemark>
<name>Jose Collas (-47)-512</name>
<description>
&lt;table&gt;
&lt;tr&gt;&lt;td&gt;Longitude: -71.850487&lt;/td&gt;&lt;/tr&gt;
&lt;tr&gt;&lt;td&gt;Latitude: -13.401050&lt;/td&gt;&lt;/tr&gt;
&lt;tr&gt;&lt;td&gt;Altitude: 3759.6 m&lt;/td&gt;&lt;/tr&gt;
&lt;tr&gt;&lt;td&gt;Time: 2026-04-27T14:43:44Z&lt;/td&gt;&lt;/tr&gt;
&lt;/table&gt;
</description>
<Point>
<coordinates>-71.850487,-13.401050,3759.6</coordinates>
</Point>
</Placemark>
<Placemark>
<name>Jose Collas (-47)-513</name>
<description>
&lt;table&gt;
&lt;tr&gt;&lt;td&gt;Longitude: -71.850520&lt;/td&gt;&lt;/tr&gt;
&lt;tr&gt;&lt;td&gt;Latitude: -13.401144&lt;/td&gt;&lt;/tr&gt;
&lt;tr&gt;&lt;td&gt;Altitude: 3763 m&lt;/td&gt;&lt;/tr&gt;
&lt;tr&gt;&lt;td&gt;Time: 2026-04-27T14:44:15Z&lt;/td&gt;&lt;/tr&gt;
&lt;/table&gt;
</description>
<Point>
<coordinates>-71.850520,-13.401144,3763</coordinates>
</Point>
</Placemark>
<Placemark>
<name>Jose Collas (-47)-514</name>
<description>
&lt;table&gt;
&lt;tr&gt;&lt;td&gt;Longitude: -71.850529&lt;/td&gt;&lt;/tr&gt;
&lt;tr&gt;&lt;td&gt;Latitude: -13.401257&lt;/td&gt;&lt;/tr&gt;
&lt;tr&gt;&lt;td&gt;Altitude: 3764.6 m&lt;/td&gt;&lt;/tr&gt;
&lt;tr&gt;&lt;td&gt;Time: 2026-04-27T14:44:32Z&lt;/td&gt;&lt;/tr&gt;
&lt;/table&gt;
</description>
<Point>
<coordinates>-71.850529,-13.401257,3764.6</coordinates>
</Point>
</Placemark>
<Placemark>
<name>Jose Collas (-47)-515</name>
<description>
&lt;table&gt;
&lt;tr&gt;&lt;td&gt;Longitude: -71.850551&lt;/td&gt;&lt;/tr&gt;
&lt;tr&gt;&lt;td&gt;Latitude: -13.401325&lt;/td&gt;&lt;/tr&gt;
&lt;tr&gt;&lt;td&gt;Altitude: 3765.8 m&lt;/td&gt;&lt;/tr&gt;
&lt;tr&gt;&lt;td&gt;Time: 2026-04-27T14:44:49Z&lt;/td&gt;&lt;/tr&gt;
&lt;/table&gt;
</description>
<Point>
<coordinates>-71.850551,-13.401325,3765.8</coordinates>
</Point>
</Placemark>
<Placemark>
<name>Jose Collas (-47)-516</name>
<description>
&lt;table&gt;
&lt;tr&gt;&lt;td&gt;Longitude: -71.850603&lt;/td&gt;&lt;/tr&gt;
&lt;tr&gt;&lt;td&gt;Latitude: -13.401156&lt;/td&gt;&lt;/tr&gt;
&lt;tr&gt;&lt;td&gt;Altitude: 3767.4 m&lt;/td&gt;&lt;/tr&gt;
&lt;tr&gt;&lt;td&gt;Time: 2026-04-27T14:45:32Z&lt;/td&gt;&lt;/tr&gt;
&lt;/table&gt;
</description>
<Point>
<coordinates>-71.850603,-13.401156,3767.4</coordinates>
</Point>
</Placemark>
<Placemark>
<name>Jose Collas (-47)-517</name>
<description>
&lt;table&gt;
&lt;tr&gt;&lt;td&gt;Longitude: -71.850632&lt;/td&gt;&lt;/tr&gt;
&lt;tr&gt;&lt;td&gt;Latitude: -13.401172&lt;/td&gt;&lt;/tr&gt;
&lt;tr&gt;&lt;td&gt;Altitude: 3767.6 m&lt;/td&gt;&lt;/tr&gt;
&lt;tr&gt;&lt;td&gt;Time: 2026-04-27T14:45:40Z&lt;/td&gt;&lt;/tr&gt;
&lt;/table&gt;
</description>
<Point>
<coordinates>-71.850632,-13.401172,3767.6</coordinates>
</Point>
</Placemark>
<Placemark>
<name>Jose Collas (-47)-518</name>
<description>
&lt;table&gt;
&lt;tr&gt;&lt;td&gt;Longitude: -71.850639&lt;/td&gt;&lt;/tr&gt;
&lt;tr&gt;&lt;td&gt;Latitude: -13.401194&lt;/td&gt;&lt;/tr&gt;
&lt;tr&gt;&lt;td&gt;Altitude: 3768.4 m&lt;/td&gt;&lt;/tr&gt;
&lt;tr&gt;&lt;td&gt;Time: 2026-04-27T14:45:54Z&lt;/td&gt;&lt;/tr&gt;
&lt;/table&gt;
</description>
<Point>
<coordinates>-71.850639,-13.401194,3768.4</coordinates>
</Point>
</Placemark>
<Placemark>
<name>Jose Collas (-47)-519</name>
<description>
&lt;table&gt;
&lt;tr&gt;&lt;td&gt;Longitude: -71.850666&lt;/td&gt;&lt;/tr&gt;
&lt;tr&gt;&lt;td&gt;Latitude: -13.401162&lt;/td&gt;&lt;/tr&gt;
&lt;tr&gt;&lt;td&gt;Altitude: 3769.2 m&lt;/td&gt;&lt;/tr&gt;
&lt;tr&gt;&lt;td&gt;Time: 2026-04-27T14:46:10Z&lt;/td&gt;&lt;/tr&gt;
&lt;/table&gt;
</description>
<Point>
<coordinates>-71.850666,-13.401162,3769.2</coordinates>
</Point>
</Placemark>
<Placemark>
<name>Jose Collas (-47)-520</name>
<description>
&lt;table&gt;
&lt;tr&gt;&lt;td&gt;Longitude: -71.850660&lt;/td&gt;&lt;/tr&gt;
&lt;tr&gt;&lt;td&gt;Latitude: -13.401169&lt;/td&gt;&lt;/tr&gt;
&lt;tr&gt;&lt;td&gt;Altitude: 3769.6 m&lt;/td&gt;&lt;/tr&gt;
&lt;tr&gt;&lt;td&gt;Time: 2026-04-27T14:46:49Z&lt;/td&gt;&lt;/tr&gt;
&lt;/table&gt;
</description>
<Point>
<coordinates>-71.850660,-13.401169,3769.6</coordinates>
</Point>
</Placemark>
<Placemark>
<name>Jose Collas (-47)-521</name>
<description>
&lt;table&gt;
&lt;tr&gt;&lt;td&gt;Longitude: -71.850720&lt;/td&gt;&lt;/tr&gt;
&lt;tr&gt;&lt;td&gt;Latitude: -13.401206&lt;/td&gt;&lt;/tr&gt;
&lt;tr&gt;&lt;td&gt;Altitude: 3771.8 m&lt;/td&gt;&lt;/tr&gt;
&lt;tr&gt;&lt;td&gt;Time: 2026-04-27T14:47:30Z&lt;/td&gt;&lt;/tr&gt;
&lt;/table&gt;
</description>
<Point>
<coordinates>-71.850720,-13.401206,3771.8</coordinates>
</Point>
</Placemark>
<Placemark>
<name>Jose Collas (-47)-522</name>
<description>
&lt;table&gt;
&lt;tr&gt;&lt;td&gt;Longitude: -71.850782&lt;/td&gt;&lt;/tr&gt;
&lt;tr&gt;&lt;td&gt;Latitude: -13.401201&lt;/td&gt;&lt;/tr&gt;
&lt;tr&gt;&lt;td&gt;Altitude: 3773.6 m&lt;/td&gt;&lt;/tr&gt;
&lt;tr&gt;&lt;td&gt;Time: 2026-04-27T14:47:49Z&lt;/td&gt;&lt;/tr&gt;
&lt;/table&gt;
</description>
<Point>
<coordinates>-71.850782,-13.401201,3773.6</coordinates>
</Point>
</Placemark>
<Placemark>
<name>Jose Collas (-47)-523</name>
<description>
&lt;table&gt;
&lt;tr&gt;&lt;td&gt;Longitude: -71.850815&lt;/td&gt;&lt;/tr&gt;
&lt;tr&gt;&lt;td&gt;Latitude: -13.401175&lt;/td&gt;&lt;/tr&gt;
&lt;tr&gt;&lt;td&gt;Altitude: 3774.2 m&lt;/td&gt;&lt;/tr&gt;
&lt;tr&gt;&lt;td&gt;Time: 2026-04-27T14:47:58Z&lt;/td&gt;&lt;/tr&gt;
&lt;/table&gt;
</description>
<Point>
<coordinates>-71.850815,-13.401175,3774.2</coordinates>
</Point>
</Placemark>
<Placemark>
<name>Jose Collas (-47)-524</name>
<description>
&lt;table&gt;
&lt;tr&gt;&lt;td&gt;Longitude: -71.850835&lt;/td&gt;&lt;/tr&gt;
&lt;tr&gt;&lt;td&gt;Latitude: -13.401174&lt;/td&gt;&lt;/tr&gt;
&lt;tr&gt;&lt;td&gt;Altitude: 3774.8 m&lt;/td&gt;&lt;/tr&gt;
&lt;tr&gt;&lt;td&gt;Time: 2026-04-27T14:48:05Z&lt;/td&gt;&lt;/tr&gt;
&lt;/table&gt;
</description>
<Point>
<coordinates>-71.850835,-13.401174,3774.8</coordinates>
</Point>
</Placemark>
<Placemark>
<name>Jose Collas (-47)-525</name>
<description>
&lt;table&gt;
&lt;tr&gt;&lt;td&gt;Longitude: -71.850850&lt;/td&gt;&lt;/tr&gt;
&lt;tr&gt;&lt;td&gt;Latitude: -13.401193&lt;/td&gt;&lt;/tr&gt;
&lt;tr&gt;&lt;td&gt;Altitude: 3775.2 m&lt;/td&gt;&lt;/tr&gt;
&lt;tr&gt;&lt;td&gt;Time: 2026-04-27T14:48:11Z&lt;/td&gt;&lt;/tr&gt;
&lt;/table&gt;
</description>
<Point>
<coordinates>-71.850850,-13.401193,3775.2</coordinates>
</Point>
</Placemark>
<Placemark>
<name>Jose Collas (-47)-526</name>
<description>
&lt;table&gt;
&lt;tr&gt;&lt;td&gt;Longitude: -71.850884&lt;/td&gt;&lt;/tr&gt;
&lt;tr&gt;&lt;td&gt;Latitude: -13.401148&lt;/td&gt;&lt;/tr&gt;
&lt;tr&gt;&lt;td&gt;Altitude: 3776.4 m&lt;/td&gt;&lt;/tr&gt;
&lt;tr&gt;&lt;td&gt;Time: 2026-04-27T14:48:23Z&lt;/td&gt;&lt;/tr&gt;
&lt;/table&gt;
</description>
<Point>
<coordinates>-71.850884,-13.401148,3776.4</coordinates>
</Point>
</Placemark>
<Placemark>
<name>Jose Collas (-47)-527</name>
<description>
&lt;table&gt;
&lt;tr&gt;&lt;td&gt;Longitude: -71.850920&lt;/td&gt;&lt;/tr&gt;
&lt;tr&gt;&lt;td&gt;Latitude: -13.401182&lt;/td&gt;&lt;/tr&gt;
&lt;tr&gt;&lt;td&gt;Altitude: 3778 m&lt;/td&gt;&lt;/tr&gt;
&lt;tr&gt;&lt;td&gt;Time: 2026-04-27T14:48:50Z&lt;/td&gt;&lt;/tr&gt;
&lt;/table&gt;
</description>
<Point>
<coordinates>-71.850920,-13.401182,3778</coordinates>
</Point>
</Placemark>
<Placemark>
<name>Jose Collas (-47)-528</name>
<description>
&lt;table&gt;
&lt;tr&gt;&lt;td&gt;Longitude: -71.850987&lt;/td&gt;&lt;/tr&gt;
&lt;tr&gt;&lt;td&gt;Latitude: -13.401104&lt;/td&gt;&lt;/tr&gt;
&lt;tr&gt;&lt;td&gt;Altitude: 3779.4 m&lt;/td&gt;&lt;/tr&gt;
&lt;tr&gt;&lt;td&gt;Time: 2026-04-27T14:49:07Z&lt;/td&gt;&lt;/tr&gt;
&lt;/table&gt;
</description>
<Point>
<coordinates>-71.850987,-13.401104,3779.4</coordinates>
</Point>
</Placemark>
<Placemark>
<name>Jose Collas (-47)-529</name>
<description>
&lt;table&gt;
&lt;tr&gt;&lt;td&gt;Longitude: -71.851035&lt;/td&gt;&lt;/tr&gt;
&lt;tr&gt;&lt;td&gt;Latitude: -13.401082&lt;/td&gt;&lt;/tr&gt;
&lt;tr&gt;&lt;td&gt;Altitude: 3780.4 m&lt;/td&gt;&lt;/tr&gt;
&lt;tr&gt;&lt;td&gt;Time: 2026-04-27T14:49:31Z&lt;/td&gt;&lt;/tr&gt;
&lt;/table&gt;
</description>
<Point>
<coordinates>-71.851035,-13.401082,3780.4</coordinates>
</Point>
</Placemark>
<Placemark>
<name>Jose Collas (-47)-530</name>
<description>
&lt;table&gt;
&lt;tr&gt;&lt;td&gt;Longitude: -71.851039&lt;/td&gt;&lt;/tr&gt;
&lt;tr&gt;&lt;td&gt;Latitude: -13.401150&lt;/td&gt;&lt;/tr&gt;
&lt;tr&gt;&lt;td&gt;Altitude: 3782.4 m&lt;/td&gt;&lt;/tr&gt;
&lt;tr&gt;&lt;td&gt;Time: 2026-04-27T14:49:48Z&lt;/td&gt;&lt;/tr&gt;
&lt;/table&gt;
</description>
<Point>
<coordinates>-71.851039,-13.401150,3782.4</coordinates>
</Point>
</Placemark>
<Placemark>
<name>Jose Collas (-47)-531</name>
<description>
&lt;table&gt;
&lt;tr&gt;&lt;td&gt;Longitude: -71.851059&lt;/td&gt;&lt;/tr&gt;
&lt;tr&gt;&lt;td&gt;Latitude: -13.401165&lt;/td&gt;&lt;/tr&gt;
&lt;tr&gt;&lt;td&gt;Altitude: 3782.6 m&lt;/td&gt;&lt;/tr&gt;
&lt;tr&gt;&lt;td&gt;Time: 2026-04-27T14:49:53Z&lt;/td&gt;&lt;/tr&gt;
&lt;/table&gt;
</description>
<Point>
<coordinates>-71.851059,-13.401165,3782.6</coordinates>
</Point>
</Placemark>
<Placemark>
<name>Jose Collas (-47)-532</name>
<description>
&lt;table&gt;
&lt;tr&gt;&lt;td&gt;Longitude: -71.851081&lt;/td&gt;&lt;/tr&gt;
&lt;tr&gt;&lt;td&gt;Latitude: -13.401161&lt;/td&gt;&lt;/tr&gt;
&lt;tr&gt;&lt;td&gt;Altitude: 3782.8 m&lt;/td&gt;&lt;/tr&gt;
&lt;tr&gt;&lt;td&gt;Time: 2026-04-27T14:50:07Z&lt;/td&gt;&lt;/tr&gt;
&lt;/table&gt;
</description>
<Point>
<coordinates>-71.851081,-13.401161,3782.8</coordinates>
</Point>
</Placemark>
<Placemark>
<name>Jose Collas (-47)-533</name>
<description>
&lt;table&gt;
&lt;tr&gt;&lt;td&gt;Longitude: -71.851093&lt;/td&gt;&lt;/tr&gt;
&lt;tr&gt;&lt;td&gt;Latitude: -13.401192&lt;/td&gt;&lt;/tr&gt;
&lt;tr&gt;&lt;td&gt;Altitude: 3786 m&lt;/td&gt;&lt;/tr&gt;
&lt;tr&gt;&lt;td&gt;Time: 2026-04-27T14:50:44Z&lt;/td&gt;&lt;/tr&gt;
&lt;/table&gt;
</description>
<Point>
<coordinates>-71.851093,-13.401192,3786</coordinates>
</Point>
</Placemark>
<Placemark>
<name>Jose Collas (-47)-534</name>
<description>
&lt;table&gt;
&lt;tr&gt;&lt;td&gt;Longitude: -71.851130&lt;/td&gt;&lt;/tr&gt;
&lt;tr&gt;&lt;td&gt;Latitude: -13.401207&lt;/td&gt;&lt;/tr&gt;
&lt;tr&gt;&lt;td&gt;Altitude: 3787.6 m&lt;/td&gt;&lt;/tr&gt;
&lt;tr&gt;&lt;td&gt;Time: 2026-04-27T14:50:57Z&lt;/td&gt;&lt;/tr&gt;
&lt;/table&gt;
</description>
<Point>
<coordinates>-71.851130,-13.401207,3787.6</coordinates>
</Point>
</Placemark>
<Placemark>
<name>Jose Collas (-47)-535</name>
<description>
&lt;table&gt;
&lt;tr&gt;&lt;td&gt;Longitude: -71.851142&lt;/td&gt;&lt;/tr&gt;
&lt;tr&gt;&lt;td&gt;Latitude: -13.401230&lt;/td&gt;&lt;/tr&gt;
&lt;tr&gt;&lt;td&gt;Altitude: 3788.4 m&lt;/td&gt;&lt;/tr&gt;
&lt;tr&gt;&lt;td&gt;Time: 2026-04-27T14:51:11Z&lt;/td&gt;&lt;/tr&gt;
&lt;/table&gt;
</description>
<Point>
<coordinates>-71.851142,-13.401230,3788.4</coordinates>
</Point>
</Placemark>
<Placemark>
<name>Jose Collas (-47)-536</name>
<description>
&lt;table&gt;
&lt;tr&gt;&lt;td&gt;Longitude: -71.851166&lt;/td&gt;&lt;/tr&gt;
&lt;tr&gt;&lt;td&gt;Latitude: -13.401235&lt;/td&gt;&lt;/tr&gt;
&lt;tr&gt;&lt;td&gt;Altitude: 3788.8 m&lt;/td&gt;&lt;/tr&gt;
&lt;tr&gt;&lt;td&gt;Time: 2026-04-27T14:51:17Z&lt;/td&gt;&lt;/tr&gt;
&lt;/table&gt;
</description>
<Point>
<coordinates>-71.851166,-13.401235,3788.8</coordinates>
</Point>
</Placemark>
<Placemark>
<name>Jose Collas (-47)-537</name>
<description>
&lt;table&gt;
&lt;tr&gt;&lt;td&gt;Longitude: -71.851190&lt;/td&gt;&lt;/tr&gt;
&lt;tr&gt;&lt;td&gt;Latitude: -13.401209&lt;/td&gt;&lt;/tr&gt;
&lt;tr&gt;&lt;td&gt;Altitude: 3789.2 m&lt;/td&gt;&lt;/tr&gt;
&lt;tr&gt;&lt;td&gt;Time: 2026-04-27T14:51:23Z&lt;/td&gt;&lt;/tr&gt;
&lt;/table&gt;
</description>
<Point>
<coordinates>-71.851190,-13.401209,3789.2</coordinates>
</Point>
</Placemark>
<Placemark>
<name>Jose Collas (-47)-538</name>
<description>
&lt;table&gt;
&lt;tr&gt;&lt;td&gt;Longitude: -71.851213&lt;/td&gt;&lt;/tr&gt;
&lt;tr&gt;&lt;td&gt;Latitude: -13.401236&lt;/td&gt;&lt;/tr&gt;
&lt;tr&gt;&lt;td&gt;Altitude: 3789.6 m&lt;/td&gt;&lt;/tr&gt;
&lt;tr&gt;&lt;td&gt;Time: 2026-04-27T14:51:41Z&lt;/td&gt;&lt;/tr&gt;
&lt;/table&gt;
</description>
<Point>
<coordinates>-71.851213,-13.401236,3789.6</coordinates>
</Point>
</Placemark>
<Placemark>
<name>Jose Collas (-47)-539</name>
<description>
&lt;table&gt;
&lt;tr&gt;&lt;td&gt;Longitude: -71.851234&lt;/td&gt;&lt;/tr&gt;
&lt;tr&gt;&lt;td&gt;Latitude: -13.401193&lt;/td&gt;&lt;/tr&gt;
&lt;tr&gt;&lt;td&gt;Altitude: 3790 m&lt;/td&gt;&lt;/tr&gt;
&lt;tr&gt;&lt;td&gt;Time: 2026-04-27T14:51:51Z&lt;/td&gt;&lt;/tr&gt;
&lt;/table&gt;
</description>
<Point>
<coordinates>-71.851234,-13.401193,3790</coordinates>
</Point>
</Placemark>
<Placemark>
<name>Jose Collas (-47)-540</name>
<description>
&lt;table&gt;
&lt;tr&gt;&lt;td&gt;Longitude: -71.851338&lt;/td&gt;&lt;/tr&gt;
&lt;tr&gt;&lt;td&gt;Latitude: -13.401123&lt;/td&gt;&lt;/tr&gt;
&lt;tr&gt;&lt;td&gt;Altitude: 3792.8 m&lt;/td&gt;&lt;/tr&gt;
&lt;tr&gt;&lt;td&gt;Time: 2026-04-27T14:52:40Z&lt;/td&gt;&lt;/tr&gt;
&lt;/table&gt;
</description>
<Point>
<coordinates>-71.851338,-13.401123,3792.8</coordinates>
</Point>
</Placemark>
<Placemark>
<name>Jose Collas (-47)-541</name>
<description>
&lt;table&gt;
&lt;tr&gt;&lt;td&gt;Longitude: -71.851471&lt;/td&gt;&lt;/tr&gt;
&lt;tr&gt;&lt;td&gt;Latitude: -13.400971&lt;/td&gt;&lt;/tr&gt;
&lt;tr&gt;&lt;td&gt;Altitude: 3794.8 m&lt;/td&gt;&lt;/tr&gt;
&lt;tr&gt;&lt;td&gt;Time: 2026-04-27T14:53:21Z&lt;/td&gt;&lt;/tr&gt;
&lt;/table&gt;
</description>
<Point>
<coordinates>-71.851471,-13.400971,3794.8</coordinates>
</Point>
</Placemark>
<Placemark>
<name>Jose Collas (-47)-542</name>
<description>
&lt;table&gt;
&lt;tr&gt;&lt;td&gt;Longitude: -71.851507&lt;/td&gt;&lt;/tr&gt;
&lt;tr&gt;&lt;td&gt;Latitude: -13.400907&lt;/td&gt;&lt;/tr&gt;
&lt;tr&gt;&lt;td&gt;Altitude: 3796.4 m&lt;/td&gt;&lt;/tr&gt;
&lt;tr&gt;&lt;td&gt;Time: 2026-04-27T14:53:40Z&lt;/td&gt;&lt;/tr&gt;
&lt;/table&gt;
</description>
<Point>
<coordinates>-71.851507,-13.400907,3796.4</coordinates>
</Point>
</Placemark>
<Placemark>
<name>Jose Collas (-47)-543</name>
<description>
&lt;table&gt;
&lt;tr&gt;&lt;td&gt;Longitude: -71.851544&lt;/td&gt;&lt;/tr&gt;
&lt;tr&gt;&lt;td&gt;Latitude: -13.400870&lt;/td&gt;&lt;/tr&gt;
&lt;tr&gt;&lt;td&gt;Altitude: 3798.2 m&lt;/td&gt;&lt;/tr&gt;
&lt;tr&gt;&lt;td&gt;Time: 2026-04-27T14:54:08Z&lt;/td&gt;&lt;/tr&gt;
&lt;/table&gt;
</description>
<Point>
<coordinates>-71.851544,-13.400870,3798.2</coordinates>
</Point>
</Placemark>
<Placemark>
<name>Jose Collas (-47)-544</name>
<description>
&lt;table&gt;
&lt;tr&gt;&lt;td&gt;Longitude: -71.851541&lt;/td&gt;&lt;/tr&gt;
&lt;tr&gt;&lt;td&gt;Latitude: -13.400879&lt;/td&gt;&lt;/tr&gt;
&lt;tr&gt;&lt;td&gt;Altitude: 3798.8 m&lt;/td&gt;&lt;/tr&gt;
&lt;tr&gt;&lt;td&gt;Time: 2026-04-27T14:54:20Z&lt;/td&gt;&lt;/tr&gt;
&lt;/table&gt;
</description>
<Point>
<coordinates>-71.851541,-13.400879,3798.8</coordinates>
</Point>
</Placemark>
<Placemark>
<name>Jose Collas (-47)-545</name>
<description>
&lt;table&gt;
&lt;tr&gt;&lt;td&gt;Longitude: -71.851551&lt;/td&gt;&lt;/tr&gt;
&lt;tr&gt;&lt;td&gt;Latitude: -13.400843&lt;/td&gt;&lt;/tr&gt;
&lt;tr&gt;&lt;td&gt;Altitude: 3799.2 m&lt;/td&gt;&lt;/tr&gt;
&lt;tr&gt;&lt;td&gt;Time: 2026-04-27T14:54:39Z&lt;/td&gt;&lt;/tr&gt;
&lt;/table&gt;
</description>
<Point>
<coordinates>-71.851551,-13.400843,3799.2</coordinates>
</Point>
</Placemark>
<Placemark>
<name>Jose Collas (-47)-546</name>
<description>
&lt;table&gt;
&lt;tr&gt;&lt;td&gt;Longitude: -71.851556&lt;/td&gt;&lt;/tr&gt;
&lt;tr&gt;&lt;td&gt;Latitude: -13.400897&lt;/td&gt;&lt;/tr&gt;
&lt;tr&gt;&lt;td&gt;Altitude: 3800.2 m&lt;/td&gt;&lt;/tr&gt;
&lt;tr&gt;&lt;td&gt;Time: 2026-04-27T14:54:55Z&lt;/td&gt;&lt;/tr&gt;
&lt;/table&gt;
</description>
<Point>
<coordinates>-71.851556,-13.400897,3800.2</coordinates>
</Point>
</Placemark>
<Placemark>
<name>Jose Collas (-47)-547</name>
<description>
&lt;table&gt;
&lt;tr&gt;&lt;td&gt;Longitude: -71.851583&lt;/td&gt;&lt;/tr&gt;
&lt;tr&gt;&lt;td&gt;Latitude: -13.400922&lt;/td&gt;&lt;/tr&gt;
&lt;tr&gt;&lt;td&gt;Altitude: 3801.2 m&lt;/td&gt;&lt;/tr&gt;
&lt;tr&gt;&lt;td&gt;Time: 2026-04-27T14:55:05Z&lt;/td&gt;&lt;/tr&gt;
&lt;/table&gt;
</description>
<Point>
<coordinates>-71.851583,-13.400922,3801.2</coordinates>
</Point>
</Placemark>
<Placemark>
<name>Jose Collas (-47)-548</name>
<description>
&lt;table&gt;
&lt;tr&gt;&lt;td&gt;Longitude: -71.851594&lt;/td&gt;&lt;/tr&gt;
&lt;tr&gt;&lt;td&gt;Latitude: -13.400959&lt;/td&gt;&lt;/tr&gt;
&lt;tr&gt;&lt;td&gt;Altitude: 3802.4 m&lt;/td&gt;&lt;/tr&gt;
&lt;tr&gt;&lt;td&gt;Time: 2026-04-27T14:55:21Z&lt;/td&gt;&lt;/tr&gt;
&lt;/table&gt;
</description>
<Point>
<coordinates>-71.851594,-13.400959,3802.4</coordinates>
</Point>
</Placemark>
<Placemark>
<name>Jose Collas (-47)-549</name>
<description>
&lt;table&gt;
&lt;tr&gt;&lt;td&gt;Longitude: -71.851630&lt;/td&gt;&lt;/tr&gt;
&lt;tr&gt;&lt;td&gt;Latitude: -13.400918&lt;/td&gt;&lt;/tr&gt;
&lt;tr&gt;&lt;td&gt;Altitude: 3804.2 m&lt;/td&gt;&lt;/tr&gt;
&lt;tr&gt;&lt;td&gt;Time: 2026-04-27T14:55:50Z&lt;/td&gt;&lt;/tr&gt;
&lt;/table&gt;
</description>
<Point>
<coordinates>-71.851630,-13.400918,3804.2</coordinates>
</Point>
</Placemark>
<Placemark>
<name>Jose Collas (-47)-550</name>
<description>
&lt;table&gt;
&lt;tr&gt;&lt;td&gt;Longitude: -71.851672&lt;/td&gt;&lt;/tr&gt;
&lt;tr&gt;&lt;td&gt;Latitude: -13.400942&lt;/td&gt;&lt;/tr&gt;
&lt;tr&gt;&lt;td&gt;Altitude: 3806 m&lt;/td&gt;&lt;/tr&gt;
&lt;tr&gt;&lt;td&gt;Time: 2026-04-27T14:56:01Z&lt;/td&gt;&lt;/tr&gt;
&lt;/table&gt;
</description>
<Point>
<coordinates>-71.851672,-13.400942,3806</coordinates>
</Point>
</Placemark>
<Placemark>
<name>Jose Collas (-47)-551</name>
<description>
&lt;table&gt;
&lt;tr&gt;&lt;td&gt;Longitude: -71.851697&lt;/td&gt;&lt;/tr&gt;
&lt;tr&gt;&lt;td&gt;Latitude: -13.400881&lt;/td&gt;&lt;/tr&gt;
&lt;tr&gt;&lt;td&gt;Altitude: 3808 m&lt;/td&gt;&lt;/tr&gt;
&lt;tr&gt;&lt;td&gt;Time: 2026-04-27T14:56:15Z&lt;/td&gt;&lt;/tr&gt;
&lt;/table&gt;
</description>
<Point>
<coordinates>-71.851697,-13.400881,3808</coordinates>
</Point>
</Placemark>
<Placemark>
<name>Jose Collas (-47)-552</name>
<description>
&lt;table&gt;
&lt;tr&gt;&lt;td&gt;Longitude: -71.851752&lt;/td&gt;&lt;/tr&gt;
&lt;tr&gt;&lt;td&gt;Latitude: -13.400888&lt;/td&gt;&lt;/tr&gt;
&lt;tr&gt;&lt;td&gt;Altitude: 3812.4 m&lt;/td&gt;&lt;/tr&gt;
&lt;tr&gt;&lt;td&gt;Time: 2026-04-27T14:57:03Z&lt;/td&gt;&lt;/tr&gt;
&lt;/table&gt;
</description>
<Point>
<coordinates>-71.851752,-13.400888,3812.4</coordinates>
</Point>
</Placemark>
<Placemark>
<name>Jose Collas (-47)-553</name>
<description>
&lt;table&gt;
&lt;tr&gt;&lt;td&gt;Longitude: -71.851749&lt;/td&gt;&lt;/tr&gt;
&lt;tr&gt;&lt;td&gt;Latitude: -13.400902&lt;/td&gt;&lt;/tr&gt;
&lt;tr&gt;&lt;td&gt;Altitude: 3814 m&lt;/td&gt;&lt;/tr&gt;
&lt;tr&gt;&lt;td&gt;Time: 2026-04-27T14:57:42Z&lt;/td&gt;&lt;/tr&gt;
&lt;/table&gt;
</description>
<Point>
<coordinates>-71.851749,-13.400902,3814</coordinates>
</Point>
</Placemark>
<Placemark>
<name>Jose Collas (-47)-554</name>
<description>
&lt;table&gt;
&lt;tr&gt;&lt;td&gt;Longitude: -71.851772&lt;/td&gt;&lt;/tr&gt;
&lt;tr&gt;&lt;td&gt;Latitude: -13.400896&lt;/td&gt;&lt;/tr&gt;
&lt;tr&gt;&lt;td&gt;Altitude: 3814.2 m&lt;/td&gt;&lt;/tr&gt;
&lt;tr&gt;&lt;td&gt;Time: 2026-04-27T14:58:04Z&lt;/td&gt;&lt;/tr&gt;
&lt;/table&gt;
</description>
<Point>
<coordinates>-71.851772,-13.400896,3814.2</coordinates>
</Point>
</Placemark>
<Placemark>
<name>Jose Collas (-47)-555</name>
<description>
&lt;table&gt;
&lt;tr&gt;&lt;td&gt;Longitude: -71.851750&lt;/td&gt;&lt;/tr&gt;
&lt;tr&gt;&lt;td&gt;Latitude: -13.400830&lt;/td&gt;&lt;/tr&gt;
&lt;tr&gt;&lt;td&gt;Altitude: 3814.4 m&lt;/td&gt;&lt;/tr&gt;
&lt;tr&gt;&lt;td&gt;Time: 2026-04-27T14:58:14Z&lt;/td&gt;&lt;/tr&gt;
&lt;/table&gt;
</description>
<Point>
<coordinates>-71.851750,-13.400830,3814.4</coordinates>
</Point>
</Placemark>
<Placemark>
<name>Jose Collas (-47)-556</name>
<description>
&lt;table&gt;
&lt;tr&gt;&lt;td&gt;Longitude: -71.851776&lt;/td&gt;&lt;/tr&gt;
&lt;tr&gt;&lt;td&gt;Latitude: -13.400815&lt;/td&gt;&lt;/tr&gt;
&lt;tr&gt;&lt;td&gt;Altitude: 3814.2 m&lt;/td&gt;&lt;/tr&gt;
&lt;tr&gt;&lt;td&gt;Time: 2026-04-27T14:58:33Z&lt;/td&gt;&lt;/tr&gt;
&lt;/table&gt;
</description>
<Point>
<coordinates>-71.851776,-13.400815,3814.2</coordinates>
</Point>
</Placemark>
<Placemark>
<name>Jose Collas (-47)-557</name>
<description>
&lt;table&gt;
&lt;tr&gt;&lt;td&gt;Longitude: -71.851787&lt;/td&gt;&lt;/tr&gt;
&lt;tr&gt;&lt;td&gt;Latitude: -13.400757&lt;/td&gt;&lt;/tr&gt;
&lt;tr&gt;&lt;td&gt;Altitude: 3814.6 m&lt;/td&gt;&lt;/tr&gt;
&lt;tr&gt;&lt;td&gt;Time: 2026-04-27T14:58:43Z&lt;/td&gt;&lt;/tr&gt;
&lt;/table&gt;
</description>
<Point>
<coordinates>-71.851787,-13.400757,3814.6</coordinates>
</Point>
</Placemark>
<Placemark>
<name>Jose Collas (-47)-558</name>
<description>
&lt;table&gt;
&lt;tr&gt;&lt;td&gt;Longitude: -71.851875&lt;/td&gt;&lt;/tr&gt;
&lt;tr&gt;&lt;td&gt;Latitude: -13.400691&lt;/td&gt;&lt;/tr&gt;
&lt;tr&gt;&lt;td&gt;Altitude: 3817 m&lt;/td&gt;&lt;/tr&gt;
&lt;tr&gt;&lt;td&gt;Time: 2026-04-27T14:59:09Z&lt;/td&gt;&lt;/tr&gt;
&lt;/table&gt;
</description>
<Point>
<coordinates>-71.851875,-13.400691,3817</coordinates>
</Point>
</Placemark>
<Placemark>
<name>Jose Collas (-47)-559</name>
<description>
&lt;table&gt;
&lt;tr&gt;&lt;td&gt;Longitude: -71.851898&lt;/td&gt;&lt;/tr&gt;
&lt;tr&gt;&lt;td&gt;Latitude: -13.400583&lt;/td&gt;&lt;/tr&gt;
&lt;tr&gt;&lt;td&gt;Altitude: 3819.2 m&lt;/td&gt;&lt;/tr&gt;
&lt;tr&gt;&lt;td&gt;Time: 2026-04-27T14:59:28Z&lt;/td&gt;&lt;/tr&gt;
&lt;/table&gt;
</description>
<Point>
<coordinates>-71.851898,-13.400583,3819.2</coordinates>
</Point>
</Placemark>
<Placemark>
<name>Jose Collas (-47)-560</name>
<description>
&lt;table&gt;
&lt;tr&gt;&lt;td&gt;Longitude: -71.851912&lt;/td&gt;&lt;/tr&gt;
&lt;tr&gt;&lt;td&gt;Latitude: -13.400580&lt;/td&gt;&lt;/tr&gt;
&lt;tr&gt;&lt;td&gt;Altitude: 3820 m&lt;/td&gt;&lt;/tr&gt;
&lt;tr&gt;&lt;td&gt;Time: 2026-04-27T14:59:35Z&lt;/td&gt;&lt;/tr&gt;
&lt;/table&gt;
</description>
<Point>
<coordinates>-71.851912,-13.400580,3820</coordinates>
</Point>
</Placemark>
<Placemark>
<name>Jose Collas (-47)-561</name>
<description>
&lt;table&gt;
&lt;tr&gt;&lt;td&gt;Longitude: -71.851903&lt;/td&gt;&lt;/tr&gt;
&lt;tr&gt;&lt;td&gt;Latitude: -13.400589&lt;/td&gt;&lt;/tr&gt;
&lt;tr&gt;&lt;td&gt;Altitude: 3820.6 m&lt;/td&gt;&lt;/tr&gt;
&lt;tr&gt;&lt;td&gt;Time: 2026-04-27T15:00:03Z&lt;/td&gt;&lt;/tr&gt;
&lt;/table&gt;
</description>
<Point>
<coordinates>-71.851903,-13.400589,3820.6</coordinates>
</Point>
</Placemark>
<Placemark>
<name>Jose Collas (-47)-562</name>
<description>
&lt;table&gt;
&lt;tr&gt;&lt;td&gt;Longitude: -71.851890&lt;/td&gt;&lt;/tr&gt;
&lt;tr&gt;&lt;td&gt;Latitude: -13.400553&lt;/td&gt;&lt;/tr&gt;
&lt;tr&gt;&lt;td&gt;Altitude: 3820.6 m&lt;/td&gt;&lt;/tr&gt;
&lt;tr&gt;&lt;td&gt;Time: 2026-04-27T15:00:09Z&lt;/td&gt;&lt;/tr&gt;
&lt;/table&gt;
</description>
<Point>
<coordinates>-71.851890,-13.400553,3820.6</coordinates>
</Point>
</Placemark>
<Placemark>
<name>Jose Collas (-47)-563</name>
<description>
&lt;table&gt;
&lt;tr&gt;&lt;td&gt;Longitude: -71.851854&lt;/td&gt;&lt;/tr&gt;
&lt;tr&gt;&lt;td&gt;Latitude: -13.400276&lt;/td&gt;&lt;/tr&gt;
&lt;tr&gt;&lt;td&gt;Altitude: 3823.6 m&lt;/td&gt;&lt;/tr&gt;
&lt;tr&gt;&lt;td&gt;Time: 2026-04-27T15:00:52Z&lt;/td&gt;&lt;/tr&gt;
&lt;/table&gt;
</description>
<Point>
<coordinates>-71.851854,-13.400276,3823.6</coordinates>
</Point>
</Placemark>
<Placemark>
<name>Jose Collas (-47)-564</name>
<description>
&lt;table&gt;
&lt;tr&gt;&lt;td&gt;Longitude: -71.851824&lt;/td&gt;&lt;/tr&gt;
&lt;tr&gt;&lt;td&gt;Latitude: -13.400246&lt;/td&gt;&lt;/tr&gt;
&lt;tr&gt;&lt;td&gt;Altitude: 3826.2 m&lt;/td&gt;&lt;/tr&gt;
&lt;tr&gt;&lt;td&gt;Time: 2026-04-27T15:01:19Z&lt;/td&gt;&lt;/tr&gt;
&lt;/table&gt;
</description>
<Point>
<coordinates>-71.851824,-13.400246,3826.2</coordinates>
</Point>
</Placemark>
<Placemark>
<name>Jose Collas (-47)-565</name>
<description>
&lt;table&gt;
&lt;tr&gt;&lt;td&gt;Longitude: -71.851807&lt;/td&gt;&lt;/tr&gt;
&lt;tr&gt;&lt;td&gt;Latitude: -13.400168&lt;/td&gt;&lt;/tr&gt;
&lt;tr&gt;&lt;td&gt;Altitude: 3827.4 m&lt;/td&gt;&lt;/tr&gt;
&lt;tr&gt;&lt;td&gt;Time: 2026-04-27T15:01:36Z&lt;/td&gt;&lt;/tr&gt;
&lt;/table&gt;
</description>
<Point>
<coordinates>-71.851807,-13.400168,3827.4</coordinates>
</Point>
</Placemark>
<Placemark>
<name>Jose Collas (-47)-566</name>
<description>
&lt;table&gt;
&lt;tr&gt;&lt;td&gt;Longitude: -71.851830&lt;/td&gt;&lt;/tr&gt;
&lt;tr&gt;&lt;td&gt;Latitude: -13.400013&lt;/td&gt;&lt;/tr&gt;
&lt;tr&gt;&lt;td&gt;Altitude: 3830.6 m&lt;/td&gt;&lt;/tr&gt;
&lt;tr&gt;&lt;td&gt;Time: 2026-04-27T15:02:31Z&lt;/td&gt;&lt;/tr&gt;
&lt;/table&gt;
</description>
<Point>
<coordinates>-71.851830,-13.400013,3830.6</coordinates>
</Point>
</Placemark>
<Placemark>
<name>Jose Collas (-47)-567</name>
<description>
&lt;table&gt;
&lt;tr&gt;&lt;td&gt;Longitude: -71.851815&lt;/td&gt;&lt;/tr&gt;
&lt;tr&gt;&lt;td&gt;Latitude: -13.399696&lt;/td&gt;&lt;/tr&gt;
&lt;tr&gt;&lt;td&gt;Altitude: 3835.2 m&lt;/td&gt;&lt;/tr&gt;
&lt;tr&gt;&lt;td&gt;Time: 2026-04-27T15:03:23Z&lt;/td&gt;&lt;/tr&gt;
&lt;/table&gt;
</description>
<Point>
<coordinates>-71.851815,-13.399696,3835.2</coordinates>
</Point>
</Placemark>
<Placemark>
<name>Jose Collas (-47)-568</name>
<description>
&lt;table&gt;
&lt;tr&gt;&lt;td&gt;Longitude: -71.851831&lt;/td&gt;&lt;/tr&gt;
&lt;tr&gt;&lt;td&gt;Latitude: -13.399559&lt;/td&gt;&lt;/tr&gt;
&lt;tr&gt;&lt;td&gt;Altitude: 3838.4 m&lt;/td&gt;&lt;/tr&gt;
&lt;tr&gt;&lt;td&gt;Time: 2026-04-27T15:03:50Z&lt;/td&gt;&lt;/tr&gt;
&lt;/table&gt;
</description>
<Point>
<coordinates>-71.851831,-13.399559,3838.4</coordinates>
</Point>
</Placemark>
<Placemark>
<name>Jose Collas (-47)-569</name>
<description>
&lt;table&gt;
&lt;tr&gt;&lt;td&gt;Longitude: -71.851820&lt;/td&gt;&lt;/tr&gt;
&lt;tr&gt;&lt;td&gt;Latitude: -13.399502&lt;/td&gt;&lt;/tr&gt;
&lt;tr&gt;&lt;td&gt;Altitude: 3839.8 m&lt;/td&gt;&lt;/tr&gt;
&lt;tr&gt;&lt;td&gt;Time: 2026-04-27T15:04:03Z&lt;/td&gt;&lt;/tr&gt;
&lt;/table&gt;
</description>
<Point>
<coordinates>-71.851820,-13.399502,3839.8</coordinates>
</Point>
</Placemark>
<Placemark>
<name>Jose Collas (-47)-570</name>
<description>
&lt;table&gt;
&lt;tr&gt;&lt;td&gt;Longitude: -71.851849&lt;/td&gt;&lt;/tr&gt;
&lt;tr&gt;&lt;td&gt;Latitude: -13.399425&lt;/td&gt;&lt;/tr&gt;
&lt;tr&gt;&lt;td&gt;Altitude: 3841.6 m&lt;/td&gt;&lt;/tr&gt;
&lt;tr&gt;&lt;td&gt;Time: 2026-04-27T15:04:21Z&lt;/td&gt;&lt;/tr&gt;
&lt;/table&gt;
</description>
<Point>
<coordinates>-71.851849,-13.399425,3841.6</coordinates>
</Point>
</Placemark>
<Placemark>
<name>Jose Collas (-47)-571</name>
<description>
&lt;table&gt;
&lt;tr&gt;&lt;td&gt;Longitude: -71.851844&lt;/td&gt;&lt;/tr&gt;
&lt;tr&gt;&lt;td&gt;Latitude: -13.399319&lt;/td&gt;&lt;/tr&gt;
&lt;tr&gt;&lt;td&gt;Altitude: 3843.2 m&lt;/td&gt;&lt;/tr&gt;
&lt;tr&gt;&lt;td&gt;Time: 2026-04-27T15:04:46Z&lt;/td&gt;&lt;/tr&gt;
&lt;/table&gt;
</description>
<Point>
<coordinates>-71.851844,-13.399319,3843.2</coordinates>
</Point>
</Placemark>
<Placemark>
<name>Jose Collas (-47)-572</name>
<description>
&lt;table&gt;
&lt;tr&gt;&lt;td&gt;Longitude: -71.851855&lt;/td&gt;&lt;/tr&gt;
&lt;tr&gt;&lt;td&gt;Latitude: -13.399269&lt;/td&gt;&lt;/tr&gt;
&lt;tr&gt;&lt;td&gt;Altitude: 3844.2 m&lt;/td&gt;&lt;/tr&gt;
&lt;tr&gt;&lt;td&gt;Time: 2026-04-27T15:04:55Z&lt;/td&gt;&lt;/tr&gt;
&lt;/table&gt;
</description>
<Point>
<coordinates>-71.851855,-13.399269,3844.2</coordinates>
</Point>
</Placemark>
<Placemark>
<name>Jose Collas (-47)-573</name>
<description>
&lt;table&gt;
&lt;tr&gt;&lt;td&gt;Longitude: -71.851879&lt;/td&gt;&lt;/tr&gt;
&lt;tr&gt;&lt;td&gt;Latitude: -13.399235&lt;/td&gt;&lt;/tr&gt;
&lt;tr&gt;&lt;td&gt;Altitude: 3844.8 m&lt;/td&gt;&lt;/tr&gt;
&lt;tr&gt;&lt;td&gt;Time: 2026-04-27T15:05:01Z&lt;/td&gt;&lt;/tr&gt;
&lt;/table&gt;
</description>
<Point>
<coordinates>-71.851879,-13.399235,3844.8</coordinates>
</Point>
</Placemark>
<Placemark>
<name>Jose Collas (-47)-574</name>
<description>
&lt;table&gt;
&lt;tr&gt;&lt;td&gt;Longitude: -71.851879&lt;/td&gt;&lt;/tr&gt;
&lt;tr&gt;&lt;td&gt;Latitude: -13.399179&lt;/td&gt;&lt;/tr&gt;
&lt;tr&gt;&lt;td&gt;Altitude: 3845.6 m&lt;/td&gt;&lt;/tr&gt;
&lt;tr&gt;&lt;td&gt;Time: 2026-04-27T15:05:09Z&lt;/td&gt;&lt;/tr&gt;
&lt;/table&gt;
</description>
<Point>
<coordinates>-71.851879,-13.399179,3845.6</coordinates>
</Point>
</Placemark>
<Placemark>
<name>Jose Collas (-47)-575</name>
<description>
&lt;table&gt;
&lt;tr&gt;&lt;td&gt;Longitude: -71.851905&lt;/td&gt;&lt;/tr&gt;
&lt;tr&gt;&lt;td&gt;Latitude: -13.399180&lt;/td&gt;&lt;/tr&gt;
&lt;tr&gt;&lt;td&gt;Altitude: 3845.2 m&lt;/td&gt;&lt;/tr&gt;
&lt;tr&gt;&lt;td&gt;Time: 2026-04-27T15:06:08Z&lt;/td&gt;&lt;/tr&gt;
&lt;/table&gt;
</description>
<Point>
<coordinates>-71.851905,-13.399180,3845.2</coordinates>
</Point>
</Placemark>
<Placemark>
<name>Jose Collas (-47)-576</name>
<description>
&lt;table&gt;
&lt;tr&gt;&lt;td&gt;Longitude: -71.851931&lt;/td&gt;&lt;/tr&gt;
&lt;tr&gt;&lt;td&gt;Latitude: -13.399069&lt;/td&gt;&lt;/tr&gt;
&lt;tr&gt;&lt;td&gt;Altitude: 3846.2 m&lt;/td&gt;&lt;/tr&gt;
&lt;tr&gt;&lt;td&gt;Time: 2026-04-27T15:06:29Z&lt;/td&gt;&lt;/tr&gt;
&lt;/table&gt;
</description>
<Point>
<coordinates>-71.851931,-13.399069,3846.2</coordinates>
</Point>
</Placemark>
<Placemark>
<name>Jose Collas (-47)-577</name>
<description>
&lt;table&gt;
&lt;tr&gt;&lt;td&gt;Longitude: -71.851966&lt;/td&gt;&lt;/tr&gt;
&lt;tr&gt;&lt;td&gt;Latitude: -13.398993&lt;/td&gt;&lt;/tr&gt;
&lt;tr&gt;&lt;td&gt;Altitude: 3847 m&lt;/td&gt;&lt;/tr&gt;
&lt;tr&gt;&lt;td&gt;Time: 2026-04-27T15:06:38Z&lt;/td&gt;&lt;/tr&gt;
&lt;/table&gt;
</description>
<Point>
<coordinates>-71.851966,-13.398993,3847</coordinates>
</Point>
</Placemark>
<Placemark>
<name>Jose Collas (-47)-578</name>
<description>
&lt;table&gt;
&lt;tr&gt;&lt;td&gt;Longitude: -71.852005&lt;/td&gt;&lt;/tr&gt;
&lt;tr&gt;&lt;td&gt;Latitude: -13.398716&lt;/td&gt;&lt;/tr&gt;
&lt;tr&gt;&lt;td&gt;Altitude: 3848.4 m&lt;/td&gt;&lt;/tr&gt;
&lt;tr&gt;&lt;td&gt;Time: 2026-04-27T15:07:11Z&lt;/td&gt;&lt;/tr&gt;
&lt;/table&gt;
</description>
<Point>
<coordinates>-71.852005,-13.398716,3848.4</coordinates>
</Point>
</Placemark>
<Placemark>
<name>Jose Collas (-47)-579</name>
<description>
&lt;table&gt;
&lt;tr&gt;&lt;td&gt;Longitude: -71.851982&lt;/td&gt;&lt;/tr&gt;
&lt;tr&gt;&lt;td&gt;Latitude: -13.398619&lt;/td&gt;&lt;/tr&gt;
&lt;tr&gt;&lt;td&gt;Altitude: 3849.4 m&lt;/td&gt;&lt;/tr&gt;
&lt;tr&gt;&lt;td&gt;Time: 2026-04-27T15:07:26Z&lt;/td&gt;&lt;/tr&gt;
&lt;/table&gt;
</description>
<Point>
<coordinates>-71.851982,-13.398619,3849.4</coordinates>
</Point>
</Placemark>
<Placemark>
<name>Jose Collas (-47)-580</name>
<description>
&lt;table&gt;
&lt;tr&gt;&lt;td&gt;Longitude: -71.851996&lt;/td&gt;&lt;/tr&gt;
&lt;tr&gt;&lt;td&gt;Latitude: -13.398587&lt;/td&gt;&lt;/tr&gt;
&lt;tr&gt;&lt;td&gt;Altitude: 3849.6 m&lt;/td&gt;&lt;/tr&gt;
&lt;tr&gt;&lt;td&gt;Time: 2026-04-27T15:07:31Z&lt;/td&gt;&lt;/tr&gt;
&lt;/table&gt;
</description>
<Point>
<coordinates>-71.851996,-13.398587,3849.6</coordinates>
</Point>
</Placemark>
<Placemark>
<name>Jose Collas (-47)-581</name>
<description>
&lt;table&gt;
&lt;tr&gt;&lt;td&gt;Longitude: -71.851978&lt;/td&gt;&lt;/tr&gt;
&lt;tr&gt;&lt;td&gt;Latitude: -13.398522&lt;/td&gt;&lt;/tr&gt;
&lt;tr&gt;&lt;td&gt;Altitude: 3850.2 m&lt;/td&gt;&lt;/tr&gt;
&lt;tr&gt;&lt;td&gt;Time: 2026-04-27T15:07:41Z&lt;/td&gt;&lt;/tr&gt;
&lt;/table&gt;
</description>
<Point>
<coordinates>-71.851978,-13.398522,3850.2</coordinates>
</Point>
</Placemark>
<Placemark>
<name>Jose Collas (-47)-582</name>
<description>
&lt;table&gt;
&lt;tr&gt;&lt;td&gt;Longitude: -71.851986&lt;/td&gt;&lt;/tr&gt;
&lt;tr&gt;&lt;td&gt;Latitude: -13.398480&lt;/td&gt;&lt;/tr&gt;
&lt;tr&gt;&lt;td&gt;Altitude: 3850.2 m&lt;/td&gt;&lt;/tr&gt;
&lt;tr&gt;&lt;td&gt;Time: 2026-04-27T15:08:08Z&lt;/td&gt;&lt;/tr&gt;
&lt;/table&gt;
</description>
<Point>
<coordinates>-71.851986,-13.398480,3850.2</coordinates>
</Point>
</Placemark>
<Placemark>
<name>Jose Collas (-47)-583</name>
<description>
&lt;table&gt;
&lt;tr&gt;&lt;td&gt;Longitude: -71.851958&lt;/td&gt;&lt;/tr&gt;
&lt;tr&gt;&lt;td&gt;Latitude: -13.398389&lt;/td&gt;&lt;/tr&gt;
&lt;tr&gt;&lt;td&gt;Altitude: 3850.8 m&lt;/td&gt;&lt;/tr&gt;
&lt;tr&gt;&lt;td&gt;Time: 2026-04-27T15:08:21Z&lt;/td&gt;&lt;/tr&gt;
&lt;/table&gt;
</description>
<Point>
<coordinates>-71.851958,-13.398389,3850.8</coordinates>
</Point>
</Placemark>
<Placemark>
<name>Jose Collas (-47)-584</name>
<description>
&lt;table&gt;
&lt;tr&gt;&lt;td&gt;Longitude: -71.851897&lt;/td&gt;&lt;/tr&gt;
&lt;tr&gt;&lt;td&gt;Latitude: -13.398279&lt;/td&gt;&lt;/tr&gt;
&lt;tr&gt;&lt;td&gt;Altitude: 3851.6 m&lt;/td&gt;&lt;/tr&gt;
&lt;tr&gt;&lt;td&gt;Time: 2026-04-27T15:08:37Z&lt;/td&gt;&lt;/tr&gt;
&lt;/table&gt;
</description>
<Point>
<coordinates>-71.851897,-13.398279,3851.6</coordinates>
</Point>
</Placemark>
<Placemark>
<name>Jose Collas (-47)-585</name>
<description>
&lt;table&gt;
&lt;tr&gt;&lt;td&gt;Longitude: -71.851864&lt;/td&gt;&lt;/tr&gt;
&lt;tr&gt;&lt;td&gt;Latitude: -13.398146&lt;/td&gt;&lt;/tr&gt;
&lt;tr&gt;&lt;td&gt;Altitude: 3852.8 m&lt;/td&gt;&lt;/tr&gt;
&lt;tr&gt;&lt;td&gt;Time: 2026-04-27T15:09:03Z&lt;/td&gt;&lt;/tr&gt;
&lt;/table&gt;
</description>
<Point>
<coordinates>-71.851864,-13.398146,3852.8</coordinates>
</Point>
</Placemark>
<Placemark>
<name>Jose Collas (-47)-586</name>
<description>
&lt;table&gt;
&lt;tr&gt;&lt;td&gt;Longitude: -71.851808&lt;/td&gt;&lt;/tr&gt;
&lt;tr&gt;&lt;td&gt;Latitude: -13.398035&lt;/td&gt;&lt;/tr&gt;
&lt;tr&gt;&lt;td&gt;Altitude: 3853.6 m&lt;/td&gt;&lt;/tr&gt;
&lt;tr&gt;&lt;td&gt;Time: 2026-04-27T15:09:25Z&lt;/td&gt;&lt;/tr&gt;
&lt;/table&gt;
</description>
<Point>
<coordinates>-71.851808,-13.398035,3853.6</coordinates>
</Point>
</Placemark>
<Placemark>
<name>Jose Collas (-47)-587</name>
<description>
&lt;table&gt;
&lt;tr&gt;&lt;td&gt;Longitude: -71.851773&lt;/td&gt;&lt;/tr&gt;
&lt;tr&gt;&lt;td&gt;Latitude: -13.398000&lt;/td&gt;&lt;/tr&gt;
&lt;tr&gt;&lt;td&gt;Altitude: 3853.8 m&lt;/td&gt;&lt;/tr&gt;
&lt;tr&gt;&lt;td&gt;Time: 2026-04-27T15:09:33Z&lt;/td&gt;&lt;/tr&gt;
&lt;/table&gt;
</description>
<Point>
<coordinates>-71.851773,-13.398000,3853.8</coordinates>
</Point>
</Placemark>
<Placemark>
<name>Jose Collas (-47)-588</name>
<description>
&lt;table&gt;
&lt;tr&gt;&lt;td&gt;Longitude: -71.851789&lt;/td&gt;&lt;/tr&gt;
&lt;tr&gt;&lt;td&gt;Latitude: -13.397995&lt;/td&gt;&lt;/tr&gt;
&lt;tr&gt;&lt;td&gt;Altitude: 3854 m&lt;/td&gt;&lt;/tr&gt;
&lt;tr&gt;&lt;td&gt;Time: 2026-04-27T15:09:50Z&lt;/td&gt;&lt;/tr&gt;
&lt;/table&gt;
</description>
<Point>
<coordinates>-71.851789,-13.397995,3854</coordinates>
</Point>
</Placemark>
<Placemark>
<name>Jose Collas (-47)-589</name>
<description>
&lt;table&gt;
&lt;tr&gt;&lt;td&gt;Longitude: -71.851785&lt;/td&gt;&lt;/tr&gt;
&lt;tr&gt;&lt;td&gt;Latitude: -13.398004&lt;/td&gt;&lt;/tr&gt;
&lt;tr&gt;&lt;td&gt;Altitude: 3854 m&lt;/td&gt;&lt;/tr&gt;
&lt;tr&gt;&lt;td&gt;Time: 2026-04-27T15:10:14Z&lt;/td&gt;&lt;/tr&gt;
&lt;/table&gt;
</description>
<Point>
<coordinates>-71.851785,-13.398004,3854</coordinates>
</Point>
</Placemark>
<Placemark>
<name>Jose Collas (-47)-590</name>
<description>
&lt;table&gt;
&lt;tr&gt;&lt;td&gt;Longitude: -71.851772&lt;/td&gt;&lt;/tr&gt;
&lt;tr&gt;&lt;td&gt;Latitude: -13.397995&lt;/td&gt;&lt;/tr&gt;
&lt;tr&gt;&lt;td&gt;Altitude: 3854.4 m&lt;/td&gt;&lt;/tr&gt;
&lt;tr&gt;&lt;td&gt;Time: 2026-04-27T15:10:23Z&lt;/td&gt;&lt;/tr&gt;
&lt;/table&gt;
</description>
<Point>
<coordinates>-71.851772,-13.397995,3854.4</coordinates>
</Point>
</Placemark>
<Placemark>
<name>Jose Collas (-47)-591</name>
<description>
&lt;table&gt;
&lt;tr&gt;&lt;td&gt;Longitude: -71.851712&lt;/td&gt;&lt;/tr&gt;
&lt;tr&gt;&lt;td&gt;Latitude: -13.397925&lt;/td&gt;&lt;/tr&gt;
&lt;tr&gt;&lt;td&gt;Altitude: 3855 m&lt;/td&gt;&lt;/tr&gt;
&lt;tr&gt;&lt;td&gt;Time: 2026-04-27T15:10:36Z&lt;/td&gt;&lt;/tr&gt;
&lt;/table&gt;
</description>
<Point>
<coordinates>-71.851712,-13.397925,3855</coordinates>
</Point>
</Placemark>
<Placemark>
<name>Jose Collas (-47)-592</name>
<description>
&lt;table&gt;
&lt;tr&gt;&lt;td&gt;Longitude: -71.851668&lt;/td&gt;&lt;/tr&gt;
&lt;tr&gt;&lt;td&gt;Latitude: -13.397799&lt;/td&gt;&lt;/tr&gt;
&lt;tr&gt;&lt;td&gt;Altitude: 3857.2 m&lt;/td&gt;&lt;/tr&gt;
&lt;tr&gt;&lt;td&gt;Time: 2026-04-27T15:10:58Z&lt;/td&gt;&lt;/tr&gt;
&lt;/table&gt;
</description>
<Point>
<coordinates>-71.851668,-13.397799,3857.2</coordinates>
</Point>
</Placemark>
<Placemark>
<name>Jose Collas (-47)-593</name>
<description>
&lt;table&gt;
&lt;tr&gt;&lt;td&gt;Longitude: -71.851608&lt;/td&gt;&lt;/tr&gt;
&lt;tr&gt;&lt;td&gt;Latitude: -13.397698&lt;/td&gt;&lt;/tr&gt;
&lt;tr&gt;&lt;td&gt;Altitude: 3858.6 m&lt;/td&gt;&lt;/tr&gt;
&lt;tr&gt;&lt;td&gt;Time: 2026-04-27T15:11:15Z&lt;/td&gt;&lt;/tr&gt;
&lt;/table&gt;
</description>
<Point>
<coordinates>-71.851608,-13.397698,3858.6</coordinates>
</Point>
</Placemark>
<Placemark>
<name>Jose Collas (-47)-594</name>
<description>
&lt;table&gt;
&lt;tr&gt;&lt;td&gt;Longitude: -71.851610&lt;/td&gt;&lt;/tr&gt;
&lt;tr&gt;&lt;td&gt;Latitude: -13.397564&lt;/td&gt;&lt;/tr&gt;
&lt;tr&gt;&lt;td&gt;Altitude: 3860.8 m&lt;/td&gt;&lt;/tr&gt;
&lt;tr&gt;&lt;td&gt;Time: 2026-04-27T15:11:46Z&lt;/td&gt;&lt;/tr&gt;
&lt;/table&gt;
</description>
<Point>
<coordinates>-71.851610,-13.397564,3860.8</coordinates>
</Point>
</Placemark>
<Placemark>
<name>Jose Collas (-47)-595</name>
<description>
&lt;table&gt;
&lt;tr&gt;&lt;td&gt;Longitude: -71.851662&lt;/td&gt;&lt;/tr&gt;
&lt;tr&gt;&lt;td&gt;Latitude: -13.397412&lt;/td&gt;&lt;/tr&gt;
&lt;tr&gt;&lt;td&gt;Altitude: 3863.6 m&lt;/td&gt;&lt;/tr&gt;
&lt;tr&gt;&lt;td&gt;Time: 2026-04-27T15:12:20Z&lt;/td&gt;&lt;/tr&gt;
&lt;/table&gt;
</description>
<Point>
<coordinates>-71.851662,-13.397412,3863.6</coordinates>
</Point>
</Placemark>
<Placemark>
<name>Jose Collas (-47)-596</name>
<description>
&lt;table&gt;
&lt;tr&gt;&lt;td&gt;Longitude: -71.851707&lt;/td&gt;&lt;/tr&gt;
&lt;tr&gt;&lt;td&gt;Latitude: -13.397313&lt;/td&gt;&lt;/tr&gt;
&lt;tr&gt;&lt;td&gt;Altitude: 3865.4 m&lt;/td&gt;&lt;/tr&gt;
&lt;tr&gt;&lt;td&gt;Time: 2026-04-27T15:12:51Z&lt;/td&gt;&lt;/tr&gt;
&lt;/table&gt;
</description>
<Point>
<coordinates>-71.851707,-13.397313,3865.4</coordinates>
</Point>
</Placemark>
<Placemark>
<name>Jose Collas (-47)-597</name>
<description>
&lt;table&gt;
&lt;tr&gt;&lt;td&gt;Longitude: -71.851735&lt;/td&gt;&lt;/tr&gt;
&lt;tr&gt;&lt;td&gt;Latitude: -13.397309&lt;/td&gt;&lt;/tr&gt;
&lt;tr&gt;&lt;td&gt;Altitude: 3866.2 m&lt;/td&gt;&lt;/tr&gt;
&lt;tr&gt;&lt;td&gt;Time: 2026-04-27T15:13:17Z&lt;/td&gt;&lt;/tr&gt;
&lt;/table&gt;
</description>
<Point>
<coordinates>-71.851735,-13.397309,3866.2</coordinates>
</Point>
</Placemark>
<Placemark>
<name>Jose Collas (-47)-598</name>
<description>
&lt;table&gt;
&lt;tr&gt;&lt;td&gt;Longitude: -71.851746&lt;/td&gt;&lt;/tr&gt;
&lt;tr&gt;&lt;td&gt;Latitude: -13.397348&lt;/td&gt;&lt;/tr&gt;
&lt;tr&gt;&lt;td&gt;Altitude: 3866.6 m&lt;/td&gt;&lt;/tr&gt;
&lt;tr&gt;&lt;td&gt;Time: 2026-04-27T15:14:01Z&lt;/td&gt;&lt;/tr&gt;
&lt;/table&gt;
</description>
<Point>
<coordinates>-71.851746,-13.397348,3866.6</coordinates>
</Point>
</Placemark>
<Placemark>
<name>Jose Collas (-47)-599</name>
<description>
&lt;table&gt;
&lt;tr&gt;&lt;td&gt;Longitude: -71.851722&lt;/td&gt;&lt;/tr&gt;
&lt;tr&gt;&lt;td&gt;Latitude: -13.397379&lt;/td&gt;&lt;/tr&gt;
&lt;tr&gt;&lt;td&gt;Altitude: 3867 m&lt;/td&gt;&lt;/tr&gt;
&lt;tr&gt;&lt;td&gt;Time: 2026-04-27T15:14:15Z&lt;/td&gt;&lt;/tr&gt;
&lt;/table&gt;
</description>
<Point>
<coordinates>-71.851722,-13.397379,3867</coordinates>
</Point>
</Placemark>
<Placemark>
<name>Jose Collas (-47)-600</name>
<description>
&lt;table&gt;
&lt;tr&gt;&lt;td&gt;Longitude: -71.851717&lt;/td&gt;&lt;/tr&gt;
&lt;tr&gt;&lt;td&gt;Latitude: -13.397325&lt;/td&gt;&lt;/tr&gt;
&lt;tr&gt;&lt;td&gt;Altitude: 3873.4 m&lt;/td&gt;&lt;/tr&gt;
&lt;tr&gt;&lt;td&gt;Time: 2026-04-27T15:14:51Z&lt;/td&gt;&lt;/tr&gt;
&lt;/table&gt;
</description>
<Point>
<coordinates>-71.851717,-13.397325,3873.4</coordinates>
</Point>
</Placemark>
<Placemark>
<name>Jose Collas (-47)-601</name>
<description>
&lt;table&gt;
&lt;tr&gt;&lt;td&gt;Longitude: -71.851753&lt;/td&gt;&lt;/tr&gt;
&lt;tr&gt;&lt;td&gt;Latitude: -13.397279&lt;/td&gt;&lt;/tr&gt;
&lt;tr&gt;&lt;td&gt;Altitude: 3873.8 m&lt;/td&gt;&lt;/tr&gt;
&lt;tr&gt;&lt;td&gt;Time: 2026-04-27T15:15:12Z&lt;/td&gt;&lt;/tr&gt;
&lt;/table&gt;
</description>
<Point>
<coordinates>-71.851753,-13.397279,3873.8</coordinates>
</Point>
</Placemark>
<Placemark>
<name>Jose Collas (-47)-602</name>
<description>
&lt;table&gt;
&lt;tr&gt;&lt;td&gt;Longitude: -71.851764&lt;/td&gt;&lt;/tr&gt;
&lt;tr&gt;&lt;td&gt;Latitude: -13.397144&lt;/td&gt;&lt;/tr&gt;
&lt;tr&gt;&lt;td&gt;Altitude: 3874.4 m&lt;/td&gt;&lt;/tr&gt;
&lt;tr&gt;&lt;td&gt;Time: 2026-04-27T15:16:07Z&lt;/td&gt;&lt;/tr&gt;
&lt;/table&gt;
</description>
<Point>
<coordinates>-71.851764,-13.397144,3874.4</coordinates>
</Point>
</Placemark>
<Placemark>
<name>Jose Collas (-47)-603</name>
<description>
&lt;table&gt;
&lt;tr&gt;&lt;td&gt;Longitude: -71.851735&lt;/td&gt;&lt;/tr&gt;
&lt;tr&gt;&lt;td&gt;Latitude: -13.397115&lt;/td&gt;&lt;/tr&gt;
&lt;tr&gt;&lt;td&gt;Altitude: 3874.4 m&lt;/td&gt;&lt;/tr&gt;
&lt;tr&gt;&lt;td&gt;Time: 2026-04-27T15:16:15Z&lt;/td&gt;&lt;/tr&gt;
&lt;/table&gt;
</description>
<Point>
<coordinates>-71.851735,-13.397115,3874.4</coordinates>
</Point>
</Placemark>
<Placemark>
<name>Jose Collas (-47)-604</name>
<description>
&lt;table&gt;
&lt;tr&gt;&lt;td&gt;Longitude: -71.851686&lt;/td&gt;&lt;/tr&gt;
&lt;tr&gt;&lt;td&gt;Latitude: -13.397108&lt;/td&gt;&lt;/tr&gt;
&lt;tr&gt;&lt;td&gt;Altitude: 3874.4 m&lt;/td&gt;&lt;/tr&gt;
&lt;tr&gt;&lt;td&gt;Time: 2026-04-27T15:16:23Z&lt;/td&gt;&lt;/tr&gt;
&lt;/table&gt;
</description>
<Point>
<coordinates>-71.851686,-13.397108,3874.4</coordinates>
</Point>
</Placemark>
<Placemark>
<name>Jose Collas (-47)-605</name>
<description>
&lt;table&gt;
&lt;tr&gt;&lt;td&gt;Longitude: -71.851645&lt;/td&gt;&lt;/tr&gt;
&lt;tr&gt;&lt;td&gt;Latitude: -13.397060&lt;/td&gt;&lt;/tr&gt;
&lt;tr&gt;&lt;td&gt;Altitude: 3874.4 m&lt;/td&gt;&lt;/tr&gt;
&lt;tr&gt;&lt;td&gt;Time: 2026-04-27T15:16:32Z&lt;/td&gt;&lt;/tr&gt;
&lt;/table&gt;
</description>
<Point>
<coordinates>-71.851645,-13.397060,3874.4</coordinates>
</Point>
</Placemark>
<Placemark>
<name>Jose Collas (-47)-606</name>
<description>
&lt;table&gt;
&lt;tr&gt;&lt;td&gt;Longitude: -71.851631&lt;/td&gt;&lt;/tr&gt;
&lt;tr&gt;&lt;td&gt;Latitude: -13.396887&lt;/td&gt;&lt;/tr&gt;
&lt;tr&gt;&lt;td&gt;Altitude: 3876 m&lt;/td&gt;&lt;/tr&gt;
&lt;tr&gt;&lt;td&gt;Time: 2026-04-27T15:17:07Z&lt;/td&gt;&lt;/tr&gt;
&lt;/table&gt;
</description>
<Point>
<coordinates>-71.851631,-13.396887,3876</coordinates>
</Point>
</Placemark>
<Placemark>
<name>Jose Collas (-47)-607</name>
<description>
&lt;table&gt;
&lt;tr&gt;&lt;td&gt;Longitude: -71.851564&lt;/td&gt;&lt;/tr&gt;
&lt;tr&gt;&lt;td&gt;Latitude: -13.396644&lt;/td&gt;&lt;/tr&gt;
&lt;tr&gt;&lt;td&gt;Altitude: 3879.4 m&lt;/td&gt;&lt;/tr&gt;
&lt;tr&gt;&lt;td&gt;Time: 2026-04-27T15:18:10Z&lt;/td&gt;&lt;/tr&gt;
&lt;/table&gt;
</description>
<Point>
<coordinates>-71.851564,-13.396644,3879.4</coordinates>
</Point>
</Placemark>
<Placemark>
<name>Jose Collas (-47)-608</name>
<description>
&lt;table&gt;
&lt;tr&gt;&lt;td&gt;Longitude: -71.851499&lt;/td&gt;&lt;/tr&gt;
&lt;tr&gt;&lt;td&gt;Latitude: -13.396581&lt;/td&gt;&lt;/tr&gt;
&lt;tr&gt;&lt;td&gt;Altitude: 3880.4 m&lt;/td&gt;&lt;/tr&gt;
&lt;tr&gt;&lt;td&gt;Time: 2026-04-27T15:18:34Z&lt;/td&gt;&lt;/tr&gt;
&lt;/table&gt;
</description>
<Point>
<coordinates>-71.851499,-13.396581,3880.4</coordinates>
</Point>
</Placemark>
<Placemark>
<name>Jose Collas (-47)-609</name>
<description>
&lt;table&gt;
&lt;tr&gt;&lt;td&gt;Longitude: -71.851511&lt;/td&gt;&lt;/tr&gt;
&lt;tr&gt;&lt;td&gt;Latitude: -13.396547&lt;/td&gt;&lt;/tr&gt;
&lt;tr&gt;&lt;td&gt;Altitude: 3880.6 m&lt;/td&gt;&lt;/tr&gt;
&lt;tr&gt;&lt;td&gt;Time: 2026-04-27T15:18:48Z&lt;/td&gt;&lt;/tr&gt;
&lt;/table&gt;
</description>
<Point>
<coordinates>-71.851511,-13.396547,3880.6</coordinates>
</Point>
</Placemark>
<Placemark>
<name>Jose Collas (-47)-610</name>
<description>
&lt;table&gt;
&lt;tr&gt;&lt;td&gt;Longitude: -71.851530&lt;/td&gt;&lt;/tr&gt;
&lt;tr&gt;&lt;td&gt;Latitude: -13.396534&lt;/td&gt;&lt;/tr&gt;
&lt;tr&gt;&lt;td&gt;Altitude: 3880.8 m&lt;/td&gt;&lt;/tr&gt;
&lt;tr&gt;&lt;td&gt;Time: 2026-04-27T15:18:52Z&lt;/td&gt;&lt;/tr&gt;
&lt;/table&gt;
</description>
<Point>
<coordinates>-71.851530,-13.396534,3880.8</coordinates>
</Point>
</Placemark>
<Placemark>
<name>Jose Collas (-47)-611</name>
<description>
&lt;table&gt;
&lt;tr&gt;&lt;td&gt;Longitude: -71.851542&lt;/td&gt;&lt;/tr&gt;
&lt;tr&gt;&lt;td&gt;Latitude: -13.396542&lt;/td&gt;&lt;/tr&gt;
&lt;tr&gt;&lt;td&gt;Altitude: 3882 m&lt;/td&gt;&lt;/tr&gt;
&lt;tr&gt;&lt;td&gt;Time: 2026-04-27T15:19:15Z&lt;/td&gt;&lt;/tr&gt;
&lt;/table&gt;
</description>
<Point>
<coordinates>-71.851542,-13.396542,3882</coordinates>
</Point>
</Placemark>
<Placemark>
<name>Jose Collas (-47)-612</name>
<description>
&lt;table&gt;
&lt;tr&gt;&lt;td&gt;Longitude: -71.851565&lt;/td&gt;&lt;/tr&gt;
&lt;tr&gt;&lt;td&gt;Latitude: -13.396497&lt;/td&gt;&lt;/tr&gt;
&lt;tr&gt;&lt;td&gt;Altitude: 3883 m&lt;/td&gt;&lt;/tr&gt;
&lt;tr&gt;&lt;td&gt;Time: 2026-04-27T15:19:28Z&lt;/td&gt;&lt;/tr&gt;
&lt;/table&gt;
</description>
<Point>
<coordinates>-71.851565,-13.396497,3883</coordinates>
</Point>
</Placemark>
<Placemark>
<name>Jose Collas (-47)-613</name>
<description>
&lt;table&gt;
&lt;tr&gt;&lt;td&gt;Longitude: -71.851616&lt;/td&gt;&lt;/tr&gt;
&lt;tr&gt;&lt;td&gt;Latitude: -13.396494&lt;/td&gt;&lt;/tr&gt;
&lt;tr&gt;&lt;td&gt;Altitude: 3884.2 m&lt;/td&gt;&lt;/tr&gt;
&lt;tr&gt;&lt;td&gt;Time: 2026-04-27T15:19:40Z&lt;/td&gt;&lt;/tr&gt;
&lt;/table&gt;
</description>
<Point>
<coordinates>-71.851616,-13.396494,3884.2</coordinates>
</Point>
</Placemark>
<Placemark>
<name>Jose Collas (-47)-614</name>
<description>
&lt;table&gt;
&lt;tr&gt;&lt;td&gt;Longitude: -71.851674&lt;/td&gt;&lt;/tr&gt;
&lt;tr&gt;&lt;td&gt;Latitude: -13.396516&lt;/td&gt;&lt;/tr&gt;
&lt;tr&gt;&lt;td&gt;Altitude: 3886.2 m&lt;/td&gt;&lt;/tr&gt;
&lt;tr&gt;&lt;td&gt;Time: 2026-04-27T15:19:56Z&lt;/td&gt;&lt;/tr&gt;
&lt;/table&gt;
</description>
<Point>
<coordinates>-71.851674,-13.396516,3886.2</coordinates>
</Point>
</Placemark>
<Placemark>
<name>Jose Collas (-47)-615</name>
<description>
&lt;table&gt;
&lt;tr&gt;&lt;td&gt;Longitude: -71.851662&lt;/td&gt;&lt;/tr&gt;
&lt;tr&gt;&lt;td&gt;Latitude: -13.396444&lt;/td&gt;&lt;/tr&gt;
&lt;tr&gt;&lt;td&gt;Altitude: 3887.4 m&lt;/td&gt;&lt;/tr&gt;
&lt;tr&gt;&lt;td&gt;Time: 2026-04-27T15:20:16Z&lt;/td&gt;&lt;/tr&gt;
&lt;/table&gt;
</description>
<Point>
<coordinates>-71.851662,-13.396444,3887.4</coordinates>
</Point>
</Placemark>
<Placemark>
<name>Jose Collas (-47)-616</name>
<description>
&lt;table&gt;
&lt;tr&gt;&lt;td&gt;Longitude: -71.851638&lt;/td&gt;&lt;/tr&gt;
&lt;tr&gt;&lt;td&gt;Latitude: -13.396452&lt;/td&gt;&lt;/tr&gt;
&lt;tr&gt;&lt;td&gt;Altitude: 3889.8 m&lt;/td&gt;&lt;/tr&gt;
&lt;tr&gt;&lt;td&gt;Time: 2026-04-27T15:20:45Z&lt;/td&gt;&lt;/tr&gt;
&lt;/table&gt;
</description>
<Point>
<coordinates>-71.851638,-13.396452,3889.8</coordinates>
</Point>
</Placemark>
<Placemark>
<name>Jose Collas (-47)-617</name>
<description>
&lt;table&gt;
&lt;tr&gt;&lt;td&gt;Longitude: -71.851637&lt;/td&gt;&lt;/tr&gt;
&lt;tr&gt;&lt;td&gt;Latitude: -13.396439&lt;/td&gt;&lt;/tr&gt;
&lt;tr&gt;&lt;td&gt;Altitude: 3890.6 m&lt;/td&gt;&lt;/tr&gt;
&lt;tr&gt;&lt;td&gt;Time: 2026-04-27T15:21:07Z&lt;/td&gt;&lt;/tr&gt;
&lt;/table&gt;
</description>
<Point>
<coordinates>-71.851637,-13.396439,3890.6</coordinates>
</Point>
</Placemark>
<Placemark>
<name>Jose Collas (-47)-618</name>
<description>
&lt;table&gt;
&lt;tr&gt;&lt;td&gt;Longitude: -71.851699&lt;/td&gt;&lt;/tr&gt;
&lt;tr&gt;&lt;td&gt;Latitude: -13.396465&lt;/td&gt;&lt;/tr&gt;
&lt;tr&gt;&lt;td&gt;Altitude: 3892.8 m&lt;/td&gt;&lt;/tr&gt;
&lt;tr&gt;&lt;td&gt;Time: 2026-04-27T15:22:00Z&lt;/td&gt;&lt;/tr&gt;
&lt;/table&gt;
</description>
<Point>
<coordinates>-71.851699,-13.396465,3892.8</coordinates>
</Point>
</Placemark>
<Placemark>
<name>Jose Collas (-47)-619</name>
<description>
&lt;table&gt;
&lt;tr&gt;&lt;td&gt;Longitude: -71.851712&lt;/td&gt;&lt;/tr&gt;
&lt;tr&gt;&lt;td&gt;Latitude: -13.396435&lt;/td&gt;&lt;/tr&gt;
&lt;tr&gt;&lt;td&gt;Altitude: 3893.2 m&lt;/td&gt;&lt;/tr&gt;
&lt;tr&gt;&lt;td&gt;Time: 2026-04-27T15:22:08Z&lt;/td&gt;&lt;/tr&gt;
&lt;/table&gt;
</description>
<Point>
<coordinates>-71.851712,-13.396435,3893.2</coordinates>
</Point>
</Placemark>
<Placemark>
<name>Jose Collas (-47)-620</name>
<description>
&lt;table&gt;
&lt;tr&gt;&lt;td&gt;Longitude: -71.851744&lt;/td&gt;&lt;/tr&gt;
&lt;tr&gt;&lt;td&gt;Latitude: -13.396446&lt;/td&gt;&lt;/tr&gt;
&lt;tr&gt;&lt;td&gt;Altitude: 3894 m&lt;/td&gt;&lt;/tr&gt;
&lt;tr&gt;&lt;td&gt;Time: 2026-04-27T15:22:20Z&lt;/td&gt;&lt;/tr&gt;
&lt;/table&gt;
</description>
<Point>
<coordinates>-71.851744,-13.396446,3894</coordinates>
</Point>
</Placemark>
<Placemark>
<name>Jose Collas (-47)-621</name>
<description>
&lt;table&gt;
&lt;tr&gt;&lt;td&gt;Longitude: -71.851758&lt;/td&gt;&lt;/tr&gt;
&lt;tr&gt;&lt;td&gt;Latitude: -13.396361&lt;/td&gt;&lt;/tr&gt;
&lt;tr&gt;&lt;td&gt;Altitude: 3895 m&lt;/td&gt;&lt;/tr&gt;
&lt;tr&gt;&lt;td&gt;Time: 2026-04-27T15:22:44Z&lt;/td&gt;&lt;/tr&gt;
&lt;/table&gt;
</description>
<Point>
<coordinates>-71.851758,-13.396361,3895</coordinates>
</Point>
</Placemark>
<Placemark>
<name>Jose Collas (-47)-622</name>
<description>
&lt;table&gt;
&lt;tr&gt;&lt;td&gt;Longitude: -71.851792&lt;/td&gt;&lt;/tr&gt;
&lt;tr&gt;&lt;td&gt;Latitude: -13.396376&lt;/td&gt;&lt;/tr&gt;
&lt;tr&gt;&lt;td&gt;Altitude: 3896.4 m&lt;/td&gt;&lt;/tr&gt;
&lt;tr&gt;&lt;td&gt;Time: 2026-04-27T15:23:02Z&lt;/td&gt;&lt;/tr&gt;
&lt;/table&gt;
</description>
<Point>
<coordinates>-71.851792,-13.396376,3896.4</coordinates>
</Point>
</Placemark>
<Placemark>
<name>Jose Collas (-47)-623</name>
<description>
&lt;table&gt;
&lt;tr&gt;&lt;td&gt;Longitude: -71.851809&lt;/td&gt;&lt;/tr&gt;
&lt;tr&gt;&lt;td&gt;Latitude: -13.396346&lt;/td&gt;&lt;/tr&gt;
&lt;tr&gt;&lt;td&gt;Altitude: 3896.8 m&lt;/td&gt;&lt;/tr&gt;
&lt;tr&gt;&lt;td&gt;Time: 2026-04-27T15:23:11Z&lt;/td&gt;&lt;/tr&gt;
&lt;/table&gt;
</description>
<Point>
<coordinates>-71.851809,-13.396346,3896.8</coordinates>
</Point>
</Placemark>
<Placemark>
<name>Jose Collas (-47)-624</name>
<description>
&lt;table&gt;
&lt;tr&gt;&lt;td&gt;Longitude: -71.851825&lt;/td&gt;&lt;/tr&gt;
&lt;tr&gt;&lt;td&gt;Latitude: -13.396342&lt;/td&gt;&lt;/tr&gt;
&lt;tr&gt;&lt;td&gt;Altitude: 3898.2 m&lt;/td&gt;&lt;/tr&gt;
&lt;tr&gt;&lt;td&gt;Time: 2026-04-27T15:23:30Z&lt;/td&gt;&lt;/tr&gt;
&lt;/table&gt;
</description>
<Point>
<coordinates>-71.851825,-13.396342,3898.2</coordinates>
</Point>
</Placemark>
<Placemark>
<name>Jose Collas (-47)-625</name>
<description>
&lt;table&gt;
&lt;tr&gt;&lt;td&gt;Longitude: -71.851856&lt;/td&gt;&lt;/tr&gt;
&lt;tr&gt;&lt;td&gt;Latitude: -13.396363&lt;/td&gt;&lt;/tr&gt;
&lt;tr&gt;&lt;td&gt;Altitude: 3899 m&lt;/td&gt;&lt;/tr&gt;
&lt;tr&gt;&lt;td&gt;Time: 2026-04-27T15:23:40Z&lt;/td&gt;&lt;/tr&gt;
&lt;/table&gt;
</description>
<Point>
<coordinates>-71.851856,-13.396363,3899</coordinates>
</Point>
</Placemark>
<Placemark>
<name>Jose Collas (-47)-626</name>
<description>
&lt;table&gt;
&lt;tr&gt;&lt;td&gt;Longitude: -71.851877&lt;/td&gt;&lt;/tr&gt;
&lt;tr&gt;&lt;td&gt;Latitude: -13.396338&lt;/td&gt;&lt;/tr&gt;
&lt;tr&gt;&lt;td&gt;Altitude: 3899.6 m&lt;/td&gt;&lt;/tr&gt;
&lt;tr&gt;&lt;td&gt;Time: 2026-04-27T15:23:49Z&lt;/td&gt;&lt;/tr&gt;
&lt;/table&gt;
</description>
<Point>
<coordinates>-71.851877,-13.396338,3899.6</coordinates>
</Point>
</Placemark>
<Placemark>
<name>Jose Collas (-47)-627</name>
<description>
&lt;table&gt;
&lt;tr&gt;&lt;td&gt;Longitude: -71.851902&lt;/td&gt;&lt;/tr&gt;
&lt;tr&gt;&lt;td&gt;Latitude: -13.396357&lt;/td&gt;&lt;/tr&gt;
&lt;tr&gt;&lt;td&gt;Altitude: 3900.4 m&lt;/td&gt;&lt;/tr&gt;
&lt;tr&gt;&lt;td&gt;Time: 2026-04-27T15:23:57Z&lt;/td&gt;&lt;/tr&gt;
&lt;/table&gt;
</description>
<Point>
<coordinates>-71.851902,-13.396357,3900.4</coordinates>
</Point>
</Placemark>
<Placemark>
<name>Jose Collas (-47)-628</name>
<description>
&lt;table&gt;
&lt;tr&gt;&lt;td&gt;Longitude: -71.851919&lt;/td&gt;&lt;/tr&gt;
&lt;tr&gt;&lt;td&gt;Latitude: -13.396297&lt;/td&gt;&lt;/tr&gt;
&lt;tr&gt;&lt;td&gt;Altitude: 3901.6 m&lt;/td&gt;&lt;/tr&gt;
&lt;tr&gt;&lt;td&gt;Time: 2026-04-27T15:24:21Z&lt;/td&gt;&lt;/tr&gt;
&lt;/table&gt;
</description>
<Point>
<coordinates>-71.851919,-13.396297,3901.6</coordinates>
</Point>
</Placemark>
<Placemark>
<name>Jose Collas (-47)-629</name>
<description>
&lt;table&gt;
&lt;tr&gt;&lt;td&gt;Longitude: -71.851949&lt;/td&gt;&lt;/tr&gt;
&lt;tr&gt;&lt;td&gt;Latitude: -13.396323&lt;/td&gt;&lt;/tr&gt;
&lt;tr&gt;&lt;td&gt;Altitude: 3902.6 m&lt;/td&gt;&lt;/tr&gt;
&lt;tr&gt;&lt;td&gt;Time: 2026-04-27T15:24:32Z&lt;/td&gt;&lt;/tr&gt;
&lt;/table&gt;
</description>
<Point>
<coordinates>-71.851949,-13.396323,3902.6</coordinates>
</Point>
</Placemark>
<Placemark>
<name>Jose Collas (-47)-630</name>
<description>
&lt;table&gt;
&lt;tr&gt;&lt;td&gt;Longitude: -71.851993&lt;/td&gt;&lt;/tr&gt;
&lt;tr&gt;&lt;td&gt;Latitude: -13.396306&lt;/td&gt;&lt;/tr&gt;
&lt;tr&gt;&lt;td&gt;Altitude: 3905 m&lt;/td&gt;&lt;/tr&gt;
&lt;tr&gt;&lt;td&gt;Time: 2026-04-27T15:25:04Z&lt;/td&gt;&lt;/tr&gt;
&lt;/table&gt;
</description>
<Point>
<coordinates>-71.851993,-13.396306,3905</coordinates>
</Point>
</Placemark>
<Placemark>
<name>Jose Collas (-47)-631</name>
<description>
&lt;table&gt;
&lt;tr&gt;&lt;td&gt;Longitude: -71.852061&lt;/td&gt;&lt;/tr&gt;
&lt;tr&gt;&lt;td&gt;Latitude: -13.396448&lt;/td&gt;&lt;/tr&gt;
&lt;tr&gt;&lt;td&gt;Altitude: 3909.6 m&lt;/td&gt;&lt;/tr&gt;
&lt;tr&gt;&lt;td&gt;Time: 2026-04-27T15:25:41Z&lt;/td&gt;&lt;/tr&gt;
&lt;/table&gt;
</description>
<Point>
<coordinates>-71.852061,-13.396448,3909.6</coordinates>
</Point>
</Placemark>
<Placemark>
<name>Jose Collas (-47)-632</name>
<description>
&lt;table&gt;
&lt;tr&gt;&lt;td&gt;Longitude: -71.852102&lt;/td&gt;&lt;/tr&gt;
&lt;tr&gt;&lt;td&gt;Latitude: -13.396442&lt;/td&gt;&lt;/tr&gt;
&lt;tr&gt;&lt;td&gt;Altitude: 3910 m&lt;/td&gt;&lt;/tr&gt;
&lt;tr&gt;&lt;td&gt;Time: 2026-04-27T15:25:51Z&lt;/td&gt;&lt;/tr&gt;
&lt;/table&gt;
</description>
<Point>
<coordinates>-71.852102,-13.396442,3910</coordinates>
</Point>
</Placemark>
<Placemark>
<name>Jose Collas (-47)-633</name>
<description>
&lt;table&gt;
&lt;tr&gt;&lt;td&gt;Longitude: -71.852148&lt;/td&gt;&lt;/tr&gt;
&lt;tr&gt;&lt;td&gt;Latitude: -13.396390&lt;/td&gt;&lt;/tr&gt;
&lt;tr&gt;&lt;td&gt;Altitude: 3911.6 m&lt;/td&gt;&lt;/tr&gt;
&lt;tr&gt;&lt;td&gt;Time: 2026-04-27T15:26:23Z&lt;/td&gt;&lt;/tr&gt;
&lt;/table&gt;
</description>
<Point>
<coordinates>-71.852148,-13.396390,3911.6</coordinates>
</Point>
</Placemark>
<Placemark>
<name>Jose Collas (-47)-634</name>
<description>
&lt;table&gt;
&lt;tr&gt;&lt;td&gt;Longitude: -71.852232&lt;/td&gt;&lt;/tr&gt;
&lt;tr&gt;&lt;td&gt;Latitude: -13.396369&lt;/td&gt;&lt;/tr&gt;
&lt;tr&gt;&lt;td&gt;Altitude: 3911.8 m&lt;/td&gt;&lt;/tr&gt;
&lt;tr&gt;&lt;td&gt;Time: 2026-04-27T15:27:11Z&lt;/td&gt;&lt;/tr&gt;
&lt;/table&gt;
</description>
<Point>
<coordinates>-71.852232,-13.396369,3911.8</coordinates>
</Point>
</Placemark>
<Placemark>
<name>Jose Collas (-47)-635</name>
<description>
&lt;table&gt;
&lt;tr&gt;&lt;td&gt;Longitude: -71.852270&lt;/td&gt;&lt;/tr&gt;
&lt;tr&gt;&lt;td&gt;Latitude: -13.396306&lt;/td&gt;&lt;/tr&gt;
&lt;tr&gt;&lt;td&gt;Altitude: 3912.8 m&lt;/td&gt;&lt;/tr&gt;
&lt;tr&gt;&lt;td&gt;Time: 2026-04-27T15:27:32Z&lt;/td&gt;&lt;/tr&gt;
&lt;/table&gt;
</description>
<Point>
<coordinates>-71.852270,-13.396306,3912.8</coordinates>
</Point>
</Placemark>
<Placemark>
<name>Jose Collas (-47)-636</name>
<description>
&lt;table&gt;
&lt;tr&gt;&lt;td&gt;Longitude: -71.852306&lt;/td&gt;&lt;/tr&gt;
&lt;tr&gt;&lt;td&gt;Latitude: -13.396287&lt;/td&gt;&lt;/tr&gt;
&lt;tr&gt;&lt;td&gt;Altitude: 3913.4 m&lt;/td&gt;&lt;/tr&gt;
&lt;tr&gt;&lt;td&gt;Time: 2026-04-27T15:27:40Z&lt;/td&gt;&lt;/tr&gt;
&lt;/table&gt;
</description>
<Point>
<coordinates>-71.852306,-13.396287,3913.4</coordinates>
</Point>
</Placemark>
<Placemark>
<name>Jose Collas (-47)-637</name>
<description>
&lt;table&gt;
&lt;tr&gt;&lt;td&gt;Longitude: -71.852331&lt;/td&gt;&lt;/tr&gt;
&lt;tr&gt;&lt;td&gt;Latitude: -13.396238&lt;/td&gt;&lt;/tr&gt;
&lt;tr&gt;&lt;td&gt;Altitude: 3914.8 m&lt;/td&gt;&lt;/tr&gt;
&lt;tr&gt;&lt;td&gt;Time: 2026-04-27T15:27:51Z&lt;/td&gt;&lt;/tr&gt;
&lt;/table&gt;
</description>
<Point>
<coordinates>-71.852331,-13.396238,3914.8</coordinates>
</Point>
</Placemark>
<Placemark>
<name>Jose Collas (-47)-638</name>
<description>
&lt;table&gt;
&lt;tr&gt;&lt;td&gt;Longitude: -71.852375&lt;/td&gt;&lt;/tr&gt;
&lt;tr&gt;&lt;td&gt;Latitude: -13.396214&lt;/td&gt;&lt;/tr&gt;
&lt;tr&gt;&lt;td&gt;Altitude: 3917 m&lt;/td&gt;&lt;/tr&gt;
&lt;tr&gt;&lt;td&gt;Time: 2026-04-27T15:28:17Z&lt;/td&gt;&lt;/tr&gt;
&lt;/table&gt;
</description>
<Point>
<coordinates>-71.852375,-13.396214,3917</coordinates>
</Point>
</Placemark>
<Placemark>
<name>Jose Collas (-47)-639</name>
<description>
&lt;table&gt;
&lt;tr&gt;&lt;td&gt;Longitude: -71.852440&lt;/td&gt;&lt;/tr&gt;
&lt;tr&gt;&lt;td&gt;Latitude: -13.396139&lt;/td&gt;&lt;/tr&gt;
&lt;tr&gt;&lt;td&gt;Altitude: 3921 m&lt;/td&gt;&lt;/tr&gt;
&lt;tr&gt;&lt;td&gt;Time: 2026-04-27T15:29:00Z&lt;/td&gt;&lt;/tr&gt;
&lt;/table&gt;
</description>
<Point>
<coordinates>-71.852440,-13.396139,3921</coordinates>
</Point>
</Placemark>
<Placemark>
<name>Jose Collas (-47)-640</name>
<description>
&lt;table&gt;
&lt;tr&gt;&lt;td&gt;Longitude: -71.852458&lt;/td&gt;&lt;/tr&gt;
&lt;tr&gt;&lt;td&gt;Latitude: -13.396035&lt;/td&gt;&lt;/tr&gt;
&lt;tr&gt;&lt;td&gt;Altitude: 3924 m&lt;/td&gt;&lt;/tr&gt;
&lt;tr&gt;&lt;td&gt;Time: 2026-04-27T15:29:24Z&lt;/td&gt;&lt;/tr&gt;
&lt;/table&gt;
</description>
<Point>
<coordinates>-71.852458,-13.396035,3924</coordinates>
</Point>
</Placemark>
<Placemark>
<name>Jose Collas (-47)-641</name>
<description>
&lt;table&gt;
&lt;tr&gt;&lt;td&gt;Longitude: -71.852504&lt;/td&gt;&lt;/tr&gt;
&lt;tr&gt;&lt;td&gt;Latitude: -13.396022&lt;/td&gt;&lt;/tr&gt;
&lt;tr&gt;&lt;td&gt;Altitude: 3925.4 m&lt;/td&gt;&lt;/tr&gt;
&lt;tr&gt;&lt;td&gt;Time: 2026-04-27T15:29:53Z&lt;/td&gt;&lt;/tr&gt;
&lt;/table&gt;
</description>
<Point>
<coordinates>-71.852504,-13.396022,3925.4</coordinates>
</Point>
</Placemark>
<Placemark>
<name>Jose Collas (-47)-642</name>
<description>
&lt;table&gt;
&lt;tr&gt;&lt;td&gt;Longitude: -71.852487&lt;/td&gt;&lt;/tr&gt;
&lt;tr&gt;&lt;td&gt;Latitude: -13.395884&lt;/td&gt;&lt;/tr&gt;
&lt;tr&gt;&lt;td&gt;Altitude: 3928.2 m&lt;/td&gt;&lt;/tr&gt;
&lt;tr&gt;&lt;td&gt;Time: 2026-04-27T15:30:25Z&lt;/td&gt;&lt;/tr&gt;
&lt;/table&gt;
</description>
<Point>
<coordinates>-71.852487,-13.395884,3928.2</coordinates>
</Point>
</Placemark>
<Placemark>
<name>Jose Collas (-47)-643</name>
<description>
&lt;table&gt;
&lt;tr&gt;&lt;td&gt;Longitude: -71.852509&lt;/td&gt;&lt;/tr&gt;
&lt;tr&gt;&lt;td&gt;Latitude: -13.395931&lt;/td&gt;&lt;/tr&gt;
&lt;tr&gt;&lt;td&gt;Altitude: 3929.2 m&lt;/td&gt;&lt;/tr&gt;
&lt;tr&gt;&lt;td&gt;Time: 2026-04-27T15:31:42Z&lt;/td&gt;&lt;/tr&gt;
&lt;/table&gt;
</description>
<Point>
<coordinates>-71.852509,-13.395931,3929.2</coordinates>
</Point>
</Placemark>
<Placemark>
<name>Jose Collas (-47)-644</name>
<description>
&lt;table&gt;
&lt;tr&gt;&lt;td&gt;Longitude: -71.852596&lt;/td&gt;&lt;/tr&gt;
&lt;tr&gt;&lt;td&gt;Latitude: -13.395999&lt;/td&gt;&lt;/tr&gt;
&lt;tr&gt;&lt;td&gt;Altitude: 3931.6 m&lt;/td&gt;&lt;/tr&gt;
&lt;tr&gt;&lt;td&gt;Time: 2026-04-27T15:32:01Z&lt;/td&gt;&lt;/tr&gt;
&lt;/table&gt;
</description>
<Point>
<coordinates>-71.852596,-13.395999,3931.6</coordinates>
</Point>
</Placemark>
<Placemark>
<name>Jose Collas (-47)-645</name>
<description>
&lt;table&gt;
&lt;tr&gt;&lt;td&gt;Longitude: -71.852734&lt;/td&gt;&lt;/tr&gt;
&lt;tr&gt;&lt;td&gt;Latitude: -13.396043&lt;/td&gt;&lt;/tr&gt;
&lt;tr&gt;&lt;td&gt;Altitude: 3935.8 m&lt;/td&gt;&lt;/tr&gt;
&lt;tr&gt;&lt;td&gt;Time: 2026-04-27T15:33:01Z&lt;/td&gt;&lt;/tr&gt;
&lt;/table&gt;
</description>
<Point>
<coordinates>-71.852734,-13.396043,3935.8</coordinates>
</Point>
</Placemark>
<Placemark>
<name>Jose Collas (-47)-646</name>
<description>
&lt;table&gt;
&lt;tr&gt;&lt;td&gt;Longitude: -71.852861&lt;/td&gt;&lt;/tr&gt;
&lt;tr&gt;&lt;td&gt;Latitude: -13.396141&lt;/td&gt;&lt;/tr&gt;
&lt;tr&gt;&lt;td&gt;Altitude: 3939.8 m&lt;/td&gt;&lt;/tr&gt;
&lt;tr&gt;&lt;td&gt;Time: 2026-04-27T15:33:35Z&lt;/td&gt;&lt;/tr&gt;
&lt;/table&gt;
</description>
<Point>
<coordinates>-71.852861,-13.396141,3939.8</coordinates>
</Point>
</Placemark>
<Placemark>
<name>Jose Collas (-47)-647</name>
<description>
&lt;table&gt;
&lt;tr&gt;&lt;td&gt;Longitude: -71.852904&lt;/td&gt;&lt;/tr&gt;
&lt;tr&gt;&lt;td&gt;Latitude: -13.396153&lt;/td&gt;&lt;/tr&gt;
&lt;tr&gt;&lt;td&gt;Altitude: 3940.6 m&lt;/td&gt;&lt;/tr&gt;
&lt;tr&gt;&lt;td&gt;Time: 2026-04-27T15:33:56Z&lt;/td&gt;&lt;/tr&gt;
&lt;/table&gt;
</description>
<Point>
<coordinates>-71.852904,-13.396153,3940.6</coordinates>
</Point>
</Placemark>
<Placemark>
<name>Jose Collas (-47)-648</name>
<description>
&lt;table&gt;
&lt;tr&gt;&lt;td&gt;Longitude: -71.852941&lt;/td&gt;&lt;/tr&gt;
&lt;tr&gt;&lt;td&gt;Latitude: -13.396183&lt;/td&gt;&lt;/tr&gt;
&lt;tr&gt;&lt;td&gt;Altitude: 3941.8 m&lt;/td&gt;&lt;/tr&gt;
&lt;tr&gt;&lt;td&gt;Time: 2026-04-27T15:34:17Z&lt;/td&gt;&lt;/tr&gt;
&lt;/table&gt;
</description>
<Point>
<coordinates>-71.852941,-13.396183,3941.8</coordinates>
</Point>
</Placemark>
<Placemark>
<name>Jose Collas (-47)-649</name>
<description>
&lt;table&gt;
&lt;tr&gt;&lt;td&gt;Longitude: -71.852968&lt;/td&gt;&lt;/tr&gt;
&lt;tr&gt;&lt;td&gt;Latitude: -13.396179&lt;/td&gt;&lt;/tr&gt;
&lt;tr&gt;&lt;td&gt;Altitude: 3943 m&lt;/td&gt;&lt;/tr&gt;
&lt;tr&gt;&lt;td&gt;Time: 2026-04-27T15:34:28Z&lt;/td&gt;&lt;/tr&gt;
&lt;/table&gt;
</description>
<Point>
<coordinates>-71.852968,-13.396179,3943</coordinates>
</Point>
</Placemark>
<Placemark>
<name>Jose Collas (-47)-650</name>
<description>
&lt;table&gt;
&lt;tr&gt;&lt;td&gt;Longitude: -71.852992&lt;/td&gt;&lt;/tr&gt;
&lt;tr&gt;&lt;td&gt;Latitude: -13.396116&lt;/td&gt;&lt;/tr&gt;
&lt;tr&gt;&lt;td&gt;Altitude: 3945 m&lt;/td&gt;&lt;/tr&gt;
&lt;tr&gt;&lt;td&gt;Time: 2026-04-27T15:34:43Z&lt;/td&gt;&lt;/tr&gt;
&lt;/table&gt;
</description>
<Point>
<coordinates>-71.852992,-13.396116,3945</coordinates>
</Point>
</Placemark>
<Placemark>
<name>Jose Collas (-47)-651</name>
<description>
&lt;table&gt;
&lt;tr&gt;&lt;td&gt;Longitude: -71.853040&lt;/td&gt;&lt;/tr&gt;
&lt;tr&gt;&lt;td&gt;Latitude: -13.396185&lt;/td&gt;&lt;/tr&gt;
&lt;tr&gt;&lt;td&gt;Altitude: 3945.6 m&lt;/td&gt;&lt;/tr&gt;
&lt;tr&gt;&lt;td&gt;Time: 2026-04-27T15:35:24Z&lt;/td&gt;&lt;/tr&gt;
&lt;/table&gt;
</description>
<Point>
<coordinates>-71.853040,-13.396185,3945.6</coordinates>
</Point>
</Placemark>
<Placemark>
<name>Jose Collas (-47)-652</name>
<description>
&lt;table&gt;
&lt;tr&gt;&lt;td&gt;Longitude: -71.853085&lt;/td&gt;&lt;/tr&gt;
&lt;tr&gt;&lt;td&gt;Latitude: -13.396204&lt;/td&gt;&lt;/tr&gt;
&lt;tr&gt;&lt;td&gt;Altitude: 3946.6 m&lt;/td&gt;&lt;/tr&gt;
&lt;tr&gt;&lt;td&gt;Time: 2026-04-27T15:35:44Z&lt;/td&gt;&lt;/tr&gt;
&lt;/table&gt;
</description>
<Point>
<coordinates>-71.853085,-13.396204,3946.6</coordinates>
</Point>
</Placemark>
<Placemark>
<name>Jose Collas (-47)-653</name>
<description>
&lt;table&gt;
&lt;tr&gt;&lt;td&gt;Longitude: -71.853118&lt;/td&gt;&lt;/tr&gt;
&lt;tr&gt;&lt;td&gt;Latitude: -13.396238&lt;/td&gt;&lt;/tr&gt;
&lt;tr&gt;&lt;td&gt;Altitude: 3947.6 m&lt;/td&gt;&lt;/tr&gt;
&lt;tr&gt;&lt;td&gt;Time: 2026-04-27T15:35:54Z&lt;/td&gt;&lt;/tr&gt;
&lt;/table&gt;
</description>
<Point>
<coordinates>-71.853118,-13.396238,3947.6</coordinates>
</Point>
</Placemark>
<Placemark>
<name>Jose Collas (-47)-654</name>
<description>
&lt;table&gt;
&lt;tr&gt;&lt;td&gt;Longitude: -71.853181&lt;/td&gt;&lt;/tr&gt;
&lt;tr&gt;&lt;td&gt;Latitude: -13.396328&lt;/td&gt;&lt;/tr&gt;
&lt;tr&gt;&lt;td&gt;Altitude: 3949.6 m&lt;/td&gt;&lt;/tr&gt;
&lt;tr&gt;&lt;td&gt;Time: 2026-04-27T15:36:19Z&lt;/td&gt;&lt;/tr&gt;
&lt;/table&gt;
</description>
<Point>
<coordinates>-71.853181,-13.396328,3949.6</coordinates>
</Point>
</Placemark>
<Placemark>
<name>Jose Collas (-47)-655</name>
<description>
&lt;table&gt;
&lt;tr&gt;&lt;td&gt;Longitude: -71.853199&lt;/td&gt;&lt;/tr&gt;
&lt;tr&gt;&lt;td&gt;Latitude: -13.396520&lt;/td&gt;&lt;/tr&gt;
&lt;tr&gt;&lt;td&gt;Altitude: 3953 m&lt;/td&gt;&lt;/tr&gt;
&lt;tr&gt;&lt;td&gt;Time: 2026-04-27T15:36:48Z&lt;/td&gt;&lt;/tr&gt;
&lt;/table&gt;
</description>
<Point>
<coordinates>-71.853199,-13.396520,3953</coordinates>
</Point>
</Placemark>
<Placemark>
<name>Jose Collas (-47)-656</name>
<description>
&lt;table&gt;
&lt;tr&gt;&lt;td&gt;Longitude: -71.853246&lt;/td&gt;&lt;/tr&gt;
&lt;tr&gt;&lt;td&gt;Latitude: -13.396660&lt;/td&gt;&lt;/tr&gt;
&lt;tr&gt;&lt;td&gt;Altitude: 3955.2 m&lt;/td&gt;&lt;/tr&gt;
&lt;tr&gt;&lt;td&gt;Time: 2026-04-27T15:37:19Z&lt;/td&gt;&lt;/tr&gt;
&lt;/table&gt;
</description>
<Point>
<coordinates>-71.853246,-13.396660,3955.2</coordinates>
</Point>
</Placemark>
<Placemark>
<name>Jose Collas (-47)-657</name>
<description>
&lt;table&gt;
&lt;tr&gt;&lt;td&gt;Longitude: -71.853256&lt;/td&gt;&lt;/tr&gt;
&lt;tr&gt;&lt;td&gt;Latitude: -13.396773&lt;/td&gt;&lt;/tr&gt;
&lt;tr&gt;&lt;td&gt;Altitude: 3956 m&lt;/td&gt;&lt;/tr&gt;
&lt;tr&gt;&lt;td&gt;Time: 2026-04-27T15:37:34Z&lt;/td&gt;&lt;/tr&gt;
&lt;/table&gt;
</description>
<Point>
<coordinates>-71.853256,-13.396773,3956</coordinates>
</Point>
</Placemark>
<Placemark>
<name>Jose Collas (-47)-658</name>
<description>
&lt;table&gt;
&lt;tr&gt;&lt;td&gt;Longitude: -71.853286&lt;/td&gt;&lt;/tr&gt;
&lt;tr&gt;&lt;td&gt;Latitude: -13.396817&lt;/td&gt;&lt;/tr&gt;
&lt;tr&gt;&lt;td&gt;Altitude: 3956.8 m&lt;/td&gt;&lt;/tr&gt;
&lt;tr&gt;&lt;td&gt;Time: 2026-04-27T15:37:47Z&lt;/td&gt;&lt;/tr&gt;
&lt;/table&gt;
</description>
<Point>
<coordinates>-71.853286,-13.396817,3956.8</coordinates>
</Point>
</Placemark>
<Placemark>
<name>Jose Collas (-47)-659</name>
<description>
&lt;table&gt;
&lt;tr&gt;&lt;td&gt;Longitude: -71.853312&lt;/td&gt;&lt;/tr&gt;
&lt;tr&gt;&lt;td&gt;Latitude: -13.396825&lt;/td&gt;&lt;/tr&gt;
&lt;tr&gt;&lt;td&gt;Altitude: 3957.2 m&lt;/td&gt;&lt;/tr&gt;
&lt;tr&gt;&lt;td&gt;Time: 2026-04-27T15:37:57Z&lt;/td&gt;&lt;/tr&gt;
&lt;/table&gt;
</description>
<Point>
<coordinates>-71.853312,-13.396825,3957.2</coordinates>
</Point>
</Placemark>
<Placemark>
<name>Jose Collas (-47)-660</name>
<description>
&lt;table&gt;
&lt;tr&gt;&lt;td&gt;Longitude: -71.853363&lt;/td&gt;&lt;/tr&gt;
&lt;tr&gt;&lt;td&gt;Latitude: -13.396879&lt;/td&gt;&lt;/tr&gt;
&lt;tr&gt;&lt;td&gt;Altitude: 3959 m&lt;/td&gt;&lt;/tr&gt;
&lt;tr&gt;&lt;td&gt;Time: 2026-04-27T15:38:35Z&lt;/td&gt;&lt;/tr&gt;
&lt;/table&gt;
</description>
<Point>
<coordinates>-71.853363,-13.396879,3959</coordinates>
</Point>
</Placemark>
<Placemark>
<name>Jose Collas (-47)-661</name>
<description>
&lt;table&gt;
&lt;tr&gt;&lt;td&gt;Longitude: -71.853390&lt;/td&gt;&lt;/tr&gt;
&lt;tr&gt;&lt;td&gt;Latitude: -13.396869&lt;/td&gt;&lt;/tr&gt;
&lt;tr&gt;&lt;td&gt;Altitude: 3960 m&lt;/td&gt;&lt;/tr&gt;
&lt;tr&gt;&lt;td&gt;Time: 2026-04-27T15:39:42Z&lt;/td&gt;&lt;/tr&gt;
&lt;/table&gt;
</description>
<Point>
<coordinates>-71.853390,-13.396869,3960</coordinates>
</Point>
</Placemark>
<Placemark>
<name>Jose Collas (-47)-662</name>
<description>
&lt;table&gt;
&lt;tr&gt;&lt;td&gt;Longitude: -71.853410&lt;/td&gt;&lt;/tr&gt;
&lt;tr&gt;&lt;td&gt;Latitude: -13.396817&lt;/td&gt;&lt;/tr&gt;
&lt;tr&gt;&lt;td&gt;Altitude: 3959.4 m&lt;/td&gt;&lt;/tr&gt;
&lt;tr&gt;&lt;td&gt;Time: 2026-04-27T15:40:24Z&lt;/td&gt;&lt;/tr&gt;
&lt;/table&gt;
</description>
<Point>
<coordinates>-71.853410,-13.396817,3959.4</coordinates>
</Point>
</Placemark>
<Placemark>
<name>Jose Collas (-47)-663</name>
<description>
&lt;table&gt;
&lt;tr&gt;&lt;td&gt;Longitude: -71.853443&lt;/td&gt;&lt;/tr&gt;
&lt;tr&gt;&lt;td&gt;Latitude: -13.396817&lt;/td&gt;&lt;/tr&gt;
&lt;tr&gt;&lt;td&gt;Altitude: 3960.2 m&lt;/td&gt;&lt;/tr&gt;
&lt;tr&gt;&lt;td&gt;Time: 2026-04-27T15:40:38Z&lt;/td&gt;&lt;/tr&gt;
&lt;/table&gt;
</description>
<Point>
<coordinates>-71.853443,-13.396817,3960.2</coordinates>
</Point>
</Placemark>
<Placemark>
<name>Jose Collas (-47)-664</name>
<description>
&lt;table&gt;
&lt;tr&gt;&lt;td&gt;Longitude: -71.853479&lt;/td&gt;&lt;/tr&gt;
&lt;tr&gt;&lt;td&gt;Latitude: -13.396772&lt;/td&gt;&lt;/tr&gt;
&lt;tr&gt;&lt;td&gt;Altitude: 3962 m&lt;/td&gt;&lt;/tr&gt;
&lt;tr&gt;&lt;td&gt;Time: 2026-04-27T15:40:55Z&lt;/td&gt;&lt;/tr&gt;
&lt;/table&gt;
</description>
<Point>
<coordinates>-71.853479,-13.396772,3962</coordinates>
</Point>
</Placemark>
<Placemark>
<name>Jose Collas (-47)-665</name>
<description>
&lt;table&gt;
&lt;tr&gt;&lt;td&gt;Longitude: -71.853506&lt;/td&gt;&lt;/tr&gt;
&lt;tr&gt;&lt;td&gt;Latitude: -13.396767&lt;/td&gt;&lt;/tr&gt;
&lt;tr&gt;&lt;td&gt;Altitude: 3963 m&lt;/td&gt;&lt;/tr&gt;
&lt;tr&gt;&lt;td&gt;Time: 2026-04-27T15:41:04Z&lt;/td&gt;&lt;/tr&gt;
&lt;/table&gt;
</description>
<Point>
<coordinates>-71.853506,-13.396767,3963</coordinates>
</Point>
</Placemark>
<Placemark>
<name>Jose Collas (-47)-666</name>
<description>
&lt;table&gt;
&lt;tr&gt;&lt;td&gt;Longitude: -71.853530&lt;/td&gt;&lt;/tr&gt;
&lt;tr&gt;&lt;td&gt;Latitude: -13.396704&lt;/td&gt;&lt;/tr&gt;
&lt;tr&gt;&lt;td&gt;Altitude: 3965 m&lt;/td&gt;&lt;/tr&gt;
&lt;tr&gt;&lt;td&gt;Time: 2026-04-27T15:41:20Z&lt;/td&gt;&lt;/tr&gt;
&lt;/table&gt;
</description>
<Point>
<coordinates>-71.853530,-13.396704,3965</coordinates>
</Point>
</Placemark>
<Placemark>
<name>Jose Collas (-47)-667</name>
<description>
&lt;table&gt;
&lt;tr&gt;&lt;td&gt;Longitude: -71.853572&lt;/td&gt;&lt;/tr&gt;
&lt;tr&gt;&lt;td&gt;Latitude: -13.396711&lt;/td&gt;&lt;/tr&gt;
&lt;tr&gt;&lt;td&gt;Altitude: 3966.8 m&lt;/td&gt;&lt;/tr&gt;
&lt;tr&gt;&lt;td&gt;Time: 2026-04-27T15:41:39Z&lt;/td&gt;&lt;/tr&gt;
&lt;/table&gt;
</description>
<Point>
<coordinates>-71.853572,-13.396711,3966.8</coordinates>
</Point>
</Placemark>
<Placemark>
<name>Jose Collas (-47)-668</name>
<description>
&lt;table&gt;
&lt;tr&gt;&lt;td&gt;Longitude: -71.853581&lt;/td&gt;&lt;/tr&gt;
&lt;tr&gt;&lt;td&gt;Latitude: -13.396701&lt;/td&gt;&lt;/tr&gt;
&lt;tr&gt;&lt;td&gt;Altitude: 3967 m&lt;/td&gt;&lt;/tr&gt;
&lt;tr&gt;&lt;td&gt;Time: 2026-04-27T15:41:46Z&lt;/td&gt;&lt;/tr&gt;
&lt;/table&gt;
</description>
<Point>
<coordinates>-71.853581,-13.396701,3967</coordinates>
</Point>
</Placemark>
<Placemark>
<name>Jose Collas (-47)-669</name>
<description>
&lt;table&gt;
&lt;tr&gt;&lt;td&gt;Longitude: -71.853604&lt;/td&gt;&lt;/tr&gt;
&lt;tr&gt;&lt;td&gt;Latitude: -13.396713&lt;/td&gt;&lt;/tr&gt;
&lt;tr&gt;&lt;td&gt;Altitude: 3967.8 m&lt;/td&gt;&lt;/tr&gt;
&lt;tr&gt;&lt;td&gt;Time: 2026-04-27T15:41:54Z&lt;/td&gt;&lt;/tr&gt;
&lt;/table&gt;
</description>
<Point>
<coordinates>-71.853604,-13.396713,3967.8</coordinates>
</Point>
</Placemark>
<Placemark>
<name>Jose Collas (-47)-670</name>
<description>
&lt;table&gt;
&lt;tr&gt;&lt;td&gt;Longitude: -71.853641&lt;/td&gt;&lt;/tr&gt;
&lt;tr&gt;&lt;td&gt;Latitude: -13.396667&lt;/td&gt;&lt;/tr&gt;
&lt;tr&gt;&lt;td&gt;Altitude: 3972.2 m&lt;/td&gt;&lt;/tr&gt;
&lt;tr&gt;&lt;td&gt;Time: 2026-04-27T15:43:10Z&lt;/td&gt;&lt;/tr&gt;
&lt;/table&gt;
</description>
<Point>
<coordinates>-71.853641,-13.396667,3972.2</coordinates>
</Point>
</Placemark>
<Placemark>
<name>Jose Collas (-47)-671</name>
<description>
&lt;table&gt;
&lt;tr&gt;&lt;td&gt;Longitude: -71.853664&lt;/td&gt;&lt;/tr&gt;
&lt;tr&gt;&lt;td&gt;Latitude: -13.396685&lt;/td&gt;&lt;/tr&gt;
&lt;tr&gt;&lt;td&gt;Altitude: 3972.8 m&lt;/td&gt;&lt;/tr&gt;
&lt;tr&gt;&lt;td&gt;Time: 2026-04-27T15:43:20Z&lt;/td&gt;&lt;/tr&gt;
&lt;/table&gt;
</description>
<Point>
<coordinates>-71.853664,-13.396685,3972.8</coordinates>
</Point>
</Placemark>
<Placemark>
<name>Jose Collas (-47)-672</name>
<description>
&lt;table&gt;
&lt;tr&gt;&lt;td&gt;Longitude: -71.853718&lt;/td&gt;&lt;/tr&gt;
&lt;tr&gt;&lt;td&gt;Latitude: -13.396622&lt;/td&gt;&lt;/tr&gt;
&lt;tr&gt;&lt;td&gt;Altitude: 3974.4 m&lt;/td&gt;&lt;/tr&gt;
&lt;tr&gt;&lt;td&gt;Time: 2026-04-27T15:43:47Z&lt;/td&gt;&lt;/tr&gt;
&lt;/table&gt;
</description>
<Point>
<coordinates>-71.853718,-13.396622,3974.4</coordinates>
</Point>
</Placemark>
<Placemark>
<name>Jose Collas (-47)-673</name>
<description>
&lt;table&gt;
&lt;tr&gt;&lt;td&gt;Longitude: -71.853783&lt;/td&gt;&lt;/tr&gt;
&lt;tr&gt;&lt;td&gt;Latitude: -13.396584&lt;/td&gt;&lt;/tr&gt;
&lt;tr&gt;&lt;td&gt;Altitude: 3975.8 m&lt;/td&gt;&lt;/tr&gt;
&lt;tr&gt;&lt;td&gt;Time: 2026-04-27T15:44:09Z&lt;/td&gt;&lt;/tr&gt;
&lt;/table&gt;
</description>
<Point>
<coordinates>-71.853783,-13.396584,3975.8</coordinates>
</Point>
</Placemark>
<Placemark>
<name>Jose Collas (-47)-674</name>
<description>
&lt;table&gt;
&lt;tr&gt;&lt;td&gt;Longitude: -71.853855&lt;/td&gt;&lt;/tr&gt;
&lt;tr&gt;&lt;td&gt;Latitude: -13.396494&lt;/td&gt;&lt;/tr&gt;
&lt;tr&gt;&lt;td&gt;Altitude: 3978.4 m&lt;/td&gt;&lt;/tr&gt;
&lt;tr&gt;&lt;td&gt;Time: 2026-04-27T15:44:36Z&lt;/td&gt;&lt;/tr&gt;
&lt;/table&gt;
</description>
<Point>
<coordinates>-71.853855,-13.396494,3978.4</coordinates>
</Point>
</Placemark>
<Placemark>
<name>Jose Collas (-47)-675</name>
<description>
&lt;table&gt;
&lt;tr&gt;&lt;td&gt;Longitude: -71.853899&lt;/td&gt;&lt;/tr&gt;
&lt;tr&gt;&lt;td&gt;Latitude: -13.396476&lt;/td&gt;&lt;/tr&gt;
&lt;tr&gt;&lt;td&gt;Altitude: 3980 m&lt;/td&gt;&lt;/tr&gt;
&lt;tr&gt;&lt;td&gt;Time: 2026-04-27T15:45:02Z&lt;/td&gt;&lt;/tr&gt;
&lt;/table&gt;
</description>
<Point>
<coordinates>-71.853899,-13.396476,3980</coordinates>
</Point>
</Placemark>
<Placemark>
<name>Jose Collas (-47)-676</name>
<description>
&lt;table&gt;
&lt;tr&gt;&lt;td&gt;Longitude: -71.853937&lt;/td&gt;&lt;/tr&gt;
&lt;tr&gt;&lt;td&gt;Latitude: -13.396418&lt;/td&gt;&lt;/tr&gt;
&lt;tr&gt;&lt;td&gt;Altitude: 3981.6 m&lt;/td&gt;&lt;/tr&gt;
&lt;tr&gt;&lt;td&gt;Time: 2026-04-27T15:45:17Z&lt;/td&gt;&lt;/tr&gt;
&lt;/table&gt;
</description>
<Point>
<coordinates>-71.853937,-13.396418,3981.6</coordinates>
</Point>
</Placemark>
<Placemark>
<name>Jose Collas (-47)-677</name>
<description>
&lt;table&gt;
&lt;tr&gt;&lt;td&gt;Longitude: -71.853958&lt;/td&gt;&lt;/tr&gt;
&lt;tr&gt;&lt;td&gt;Latitude: -13.396430&lt;/td&gt;&lt;/tr&gt;
&lt;tr&gt;&lt;td&gt;Altitude: 3982.2 m&lt;/td&gt;&lt;/tr&gt;
&lt;tr&gt;&lt;td&gt;Time: 2026-04-27T15:45:24Z&lt;/td&gt;&lt;/tr&gt;
&lt;/table&gt;
</description>
<Point>
<coordinates>-71.853958,-13.396430,3982.2</coordinates>
</Point>
</Placemark>
<Placemark>
<name>Jose Collas (-47)-678</name>
<description>
&lt;table&gt;
&lt;tr&gt;&lt;td&gt;Longitude: -71.854030&lt;/td&gt;&lt;/tr&gt;
&lt;tr&gt;&lt;td&gt;Latitude: -13.396408&lt;/td&gt;&lt;/tr&gt;
&lt;tr&gt;&lt;td&gt;Altitude: 3985 m&lt;/td&gt;&lt;/tr&gt;
&lt;tr&gt;&lt;td&gt;Time: 2026-04-27T15:46:07Z&lt;/td&gt;&lt;/tr&gt;
&lt;/table&gt;
</description>
<Point>
<coordinates>-71.854030,-13.396408,3985</coordinates>
</Point>
</Placemark>
<Placemark>
<name>Jose Collas (-47)-679</name>
<description>
&lt;table&gt;
&lt;tr&gt;&lt;td&gt;Longitude: -71.854062&lt;/td&gt;&lt;/tr&gt;
&lt;tr&gt;&lt;td&gt;Latitude: -13.396418&lt;/td&gt;&lt;/tr&gt;
&lt;tr&gt;&lt;td&gt;Altitude: 3985.4 m&lt;/td&gt;&lt;/tr&gt;
&lt;tr&gt;&lt;td&gt;Time: 2026-04-27T15:46:18Z&lt;/td&gt;&lt;/tr&gt;
&lt;/table&gt;
</description>
<Point>
<coordinates>-71.854062,-13.396418,3985.4</coordinates>
</Point>
</Placemark>
<Placemark>
<name>Jose Collas (-47)-680</name>
<description>
&lt;table&gt;
&lt;tr&gt;&lt;td&gt;Longitude: -71.854131&lt;/td&gt;&lt;/tr&gt;
&lt;tr&gt;&lt;td&gt;Latitude: -13.396407&lt;/td&gt;&lt;/tr&gt;
&lt;tr&gt;&lt;td&gt;Altitude: 3987 m&lt;/td&gt;&lt;/tr&gt;
&lt;tr&gt;&lt;td&gt;Time: 2026-04-27T15:46:54Z&lt;/td&gt;&lt;/tr&gt;
&lt;/table&gt;
</description>
<Point>
<coordinates>-71.854131,-13.396407,3987</coordinates>
</Point>
</Placemark>
<Placemark>
<name>Jose Collas (-47)-681</name>
<description>
&lt;table&gt;
&lt;tr&gt;&lt;td&gt;Longitude: -71.854314&lt;/td&gt;&lt;/tr&gt;
&lt;tr&gt;&lt;td&gt;Latitude: -13.396472&lt;/td&gt;&lt;/tr&gt;
&lt;tr&gt;&lt;td&gt;Altitude: 3988.2 m&lt;/td&gt;&lt;/tr&gt;
&lt;tr&gt;&lt;td&gt;Time: 2026-04-27T15:47:52Z&lt;/td&gt;&lt;/tr&gt;
&lt;/table&gt;
</description>
<Point>
<coordinates>-71.854314,-13.396472,3988.2</coordinates>
</Point>
</Placemark>
<Placemark>
<name>Jose Collas (-47)-682</name>
<description>
&lt;table&gt;
&lt;tr&gt;&lt;td&gt;Longitude: -71.854361&lt;/td&gt;&lt;/tr&gt;
&lt;tr&gt;&lt;td&gt;Latitude: -13.396470&lt;/td&gt;&lt;/tr&gt;
&lt;tr&gt;&lt;td&gt;Altitude: 3988.4 m&lt;/td&gt;&lt;/tr&gt;
&lt;tr&gt;&lt;td&gt;Time: 2026-04-27T15:48:06Z&lt;/td&gt;&lt;/tr&gt;
&lt;/table&gt;
</description>
<Point>
<coordinates>-71.854361,-13.396470,3988.4</coordinates>
</Point>
</Placemark>
<Placemark>
<name>Jose Collas (-47)-683</name>
<description>
&lt;table&gt;
&lt;tr&gt;&lt;td&gt;Longitude: -71.854412&lt;/td&gt;&lt;/tr&gt;
&lt;tr&gt;&lt;td&gt;Latitude: -13.396486&lt;/td&gt;&lt;/tr&gt;
&lt;tr&gt;&lt;td&gt;Altitude: 3988.6 m&lt;/td&gt;&lt;/tr&gt;
&lt;tr&gt;&lt;td&gt;Time: 2026-04-27T15:48:14Z&lt;/td&gt;&lt;/tr&gt;
&lt;/table&gt;
</description>
<Point>
<coordinates>-71.854412,-13.396486,3988.6</coordinates>
</Point>
</Placemark>
<Placemark>
<name>Jose Collas (-47)-684</name>
<description>
&lt;table&gt;
&lt;tr&gt;&lt;td&gt;Longitude: -71.854415&lt;/td&gt;&lt;/tr&gt;
&lt;tr&gt;&lt;td&gt;Latitude: -13.396498&lt;/td&gt;&lt;/tr&gt;
&lt;tr&gt;&lt;td&gt;Altitude: 3988.8 m&lt;/td&gt;&lt;/tr&gt;
&lt;tr&gt;&lt;td&gt;Time: 2026-04-27T15:48:28Z&lt;/td&gt;&lt;/tr&gt;
&lt;/table&gt;
</description>
<Point>
<coordinates>-71.854415,-13.396498,3988.8</coordinates>
</Point>
</Placemark>
<Placemark>
<name>Jose Collas (-47)-685</name>
<description>
&lt;table&gt;
&lt;tr&gt;&lt;td&gt;Longitude: -71.854506&lt;/td&gt;&lt;/tr&gt;
&lt;tr&gt;&lt;td&gt;Latitude: -13.396511&lt;/td&gt;&lt;/tr&gt;
&lt;tr&gt;&lt;td&gt;Altitude: 3990.8 m&lt;/td&gt;&lt;/tr&gt;
&lt;tr&gt;&lt;td&gt;Time: 2026-04-27T15:48:50Z&lt;/td&gt;&lt;/tr&gt;
&lt;/table&gt;
</description>
<Point>
<coordinates>-71.854506,-13.396511,3990.8</coordinates>
</Point>
</Placemark>
<Placemark>
<name>Jose Collas (-47)-686</name>
<description>
&lt;table&gt;
&lt;tr&gt;&lt;td&gt;Longitude: -71.854517&lt;/td&gt;&lt;/tr&gt;
&lt;tr&gt;&lt;td&gt;Latitude: -13.396506&lt;/td&gt;&lt;/tr&gt;
&lt;tr&gt;&lt;td&gt;Altitude: 3991.4 m&lt;/td&gt;&lt;/tr&gt;
&lt;tr&gt;&lt;td&gt;Time: 2026-04-27T15:48:54Z&lt;/td&gt;&lt;/tr&gt;
&lt;/table&gt;
</description>
<Point>
<coordinates>-71.854517,-13.396506,3991.4</coordinates>
</Point>
</Placemark>
<Placemark>
<name>Jose Collas (-47)-687</name>
<description>
&lt;table&gt;
&lt;tr&gt;&lt;td&gt;Longitude: -71.854515&lt;/td&gt;&lt;/tr&gt;
&lt;tr&gt;&lt;td&gt;Latitude: -13.396465&lt;/td&gt;&lt;/tr&gt;
&lt;tr&gt;&lt;td&gt;Altitude: 3994 m&lt;/td&gt;&lt;/tr&gt;
&lt;tr&gt;&lt;td&gt;Time: 2026-04-27T15:49:15Z&lt;/td&gt;&lt;/tr&gt;
&lt;/table&gt;
</description>
<Point>
<coordinates>-71.854515,-13.396465,3994</coordinates>
</Point>
</Placemark>
<Placemark>
<name>Jose Collas (-47)-688</name>
<description>
&lt;table&gt;
&lt;tr&gt;&lt;td&gt;Longitude: -71.854564&lt;/td&gt;&lt;/tr&gt;
&lt;tr&gt;&lt;td&gt;Latitude: -13.396466&lt;/td&gt;&lt;/tr&gt;
&lt;tr&gt;&lt;td&gt;Altitude: 3996.4 m&lt;/td&gt;&lt;/tr&gt;
&lt;tr&gt;&lt;td&gt;Time: 2026-04-27T15:49:29Z&lt;/td&gt;&lt;/tr&gt;
&lt;/table&gt;
</description>
<Point>
<coordinates>-71.854564,-13.396466,3996.4</coordinates>
</Point>
</Placemark>
<Placemark>
<name>Jose Collas (-47)-689</name>
<description>
&lt;table&gt;
&lt;tr&gt;&lt;td&gt;Longitude: -71.854545&lt;/td&gt;&lt;/tr&gt;
&lt;tr&gt;&lt;td&gt;Latitude: -13.396391&lt;/td&gt;&lt;/tr&gt;
&lt;tr&gt;&lt;td&gt;Altitude: 3999.8 m&lt;/td&gt;&lt;/tr&gt;
&lt;tr&gt;&lt;td&gt;Time: 2026-04-27T15:49:55Z&lt;/td&gt;&lt;/tr&gt;
&lt;/table&gt;
</description>
<Point>
<coordinates>-71.854545,-13.396391,3999.8</coordinates>
</Point>
</Placemark>
<Placemark>
<name>Jose Collas (-47)-690</name>
<description>
&lt;table&gt;
&lt;tr&gt;&lt;td&gt;Longitude: -71.854697&lt;/td&gt;&lt;/tr&gt;
&lt;tr&gt;&lt;td&gt;Latitude: -13.396389&lt;/td&gt;&lt;/tr&gt;
&lt;tr&gt;&lt;td&gt;Altitude: 4011 m&lt;/td&gt;&lt;/tr&gt;
&lt;tr&gt;&lt;td&gt;Time: 2026-04-27T15:51:09Z&lt;/td&gt;&lt;/tr&gt;
&lt;/table&gt;
</description>
<Point>
<coordinates>-71.854697,-13.396389,4011</coordinates>
</Point>
</Placemark>
<Placemark>
<name>Jose Collas (-47)-691</name>
<description>
&lt;table&gt;
&lt;tr&gt;&lt;td&gt;Longitude: -71.854760&lt;/td&gt;&lt;/tr&gt;
&lt;tr&gt;&lt;td&gt;Latitude: -13.396424&lt;/td&gt;&lt;/tr&gt;
&lt;tr&gt;&lt;td&gt;Altitude: 4013.6 m&lt;/td&gt;&lt;/tr&gt;
&lt;tr&gt;&lt;td&gt;Time: 2026-04-27T15:51:35Z&lt;/td&gt;&lt;/tr&gt;
&lt;/table&gt;
</description>
<Point>
<coordinates>-71.854760,-13.396424,4013.6</coordinates>
</Point>
</Placemark>
<Placemark>
<name>Jose Collas (-47)-692</name>
<description>
&lt;table&gt;
&lt;tr&gt;&lt;td&gt;Longitude: -71.854779&lt;/td&gt;&lt;/tr&gt;
&lt;tr&gt;&lt;td&gt;Latitude: -13.396378&lt;/td&gt;&lt;/tr&gt;
&lt;tr&gt;&lt;td&gt;Altitude: 4014.8 m&lt;/td&gt;&lt;/tr&gt;
&lt;tr&gt;&lt;td&gt;Time: 2026-04-27T15:51:51Z&lt;/td&gt;&lt;/tr&gt;
&lt;/table&gt;
</description>
<Point>
<coordinates>-71.854779,-13.396378,4014.8</coordinates>
</Point>
</Placemark>
<Placemark>
<name>Jose Collas (-47)-693</name>
<description>
&lt;table&gt;
&lt;tr&gt;&lt;td&gt;Longitude: -71.854838&lt;/td&gt;&lt;/tr&gt;
&lt;tr&gt;&lt;td&gt;Latitude: -13.396402&lt;/td&gt;&lt;/tr&gt;
&lt;tr&gt;&lt;td&gt;Altitude: 4016.4 m&lt;/td&gt;&lt;/tr&gt;
&lt;tr&gt;&lt;td&gt;Time: 2026-04-27T15:52:19Z&lt;/td&gt;&lt;/tr&gt;
&lt;/table&gt;
</description>
<Point>
<coordinates>-71.854838,-13.396402,4016.4</coordinates>
</Point>
</Placemark>
<Placemark>
<name>Jose Collas (-47)-694</name>
<description>
&lt;table&gt;
&lt;tr&gt;&lt;td&gt;Longitude: -71.854864&lt;/td&gt;&lt;/tr&gt;
&lt;tr&gt;&lt;td&gt;Latitude: -13.396337&lt;/td&gt;&lt;/tr&gt;
&lt;tr&gt;&lt;td&gt;Altitude: 4017.8 m&lt;/td&gt;&lt;/tr&gt;
&lt;tr&gt;&lt;td&gt;Time: 2026-04-27T15:52:49Z&lt;/td&gt;&lt;/tr&gt;
&lt;/table&gt;
</description>
<Point>
<coordinates>-71.854864,-13.396337,4017.8</coordinates>
</Point>
</Placemark>
<Placemark>
<name>Jose Collas (-47)-695</name>
<description>
&lt;table&gt;
&lt;tr&gt;&lt;td&gt;Longitude: -71.854893&lt;/td&gt;&lt;/tr&gt;
&lt;tr&gt;&lt;td&gt;Latitude: -13.396309&lt;/td&gt;&lt;/tr&gt;
&lt;tr&gt;&lt;td&gt;Altitude: 4018.2 m&lt;/td&gt;&lt;/tr&gt;
&lt;tr&gt;&lt;td&gt;Time: 2026-04-27T15:53:04Z&lt;/td&gt;&lt;/tr&gt;
&lt;/table&gt;
</description>
<Point>
<coordinates>-71.854893,-13.396309,4018.2</coordinates>
</Point>
</Placemark>
<Placemark>
<name>Jose Collas (-47)-696</name>
<description>
&lt;table&gt;
&lt;tr&gt;&lt;td&gt;Longitude: -71.854907&lt;/td&gt;&lt;/tr&gt;
&lt;tr&gt;&lt;td&gt;Latitude: -13.396325&lt;/td&gt;&lt;/tr&gt;
&lt;tr&gt;&lt;td&gt;Altitude: 4018.6 m&lt;/td&gt;&lt;/tr&gt;
&lt;tr&gt;&lt;td&gt;Time: 2026-04-27T15:53:10Z&lt;/td&gt;&lt;/tr&gt;
&lt;/table&gt;
</description>
<Point>
<coordinates>-71.854907,-13.396325,4018.6</coordinates>
</Point>
</Placemark>
<Placemark>
<name>Jose Collas (-47)-697</name>
<description>
&lt;table&gt;
&lt;tr&gt;&lt;td&gt;Longitude: -71.854914&lt;/td&gt;&lt;/tr&gt;
&lt;tr&gt;&lt;td&gt;Latitude: -13.396313&lt;/td&gt;&lt;/tr&gt;
&lt;tr&gt;&lt;td&gt;Altitude: 4019.2 m&lt;/td&gt;&lt;/tr&gt;
&lt;tr&gt;&lt;td&gt;Time: 2026-04-27T15:53:27Z&lt;/td&gt;&lt;/tr&gt;
&lt;/table&gt;
</description>
<Point>
<coordinates>-71.854914,-13.396313,4019.2</coordinates>
</Point>
</Placemark>
<Placemark>
<name>Jose Collas (-47)-698</name>
<description>
&lt;table&gt;
&lt;tr&gt;&lt;td&gt;Longitude: -71.854941&lt;/td&gt;&lt;/tr&gt;
&lt;tr&gt;&lt;td&gt;Latitude: -13.396319&lt;/td&gt;&lt;/tr&gt;
&lt;tr&gt;&lt;td&gt;Altitude: 4020.2 m&lt;/td&gt;&lt;/tr&gt;
&lt;tr&gt;&lt;td&gt;Time: 2026-04-27T15:53:39Z&lt;/td&gt;&lt;/tr&gt;
&lt;/table&gt;
</description>
<Point>
<coordinates>-71.854941,-13.396319,4020.2</coordinates>
</Point>
</Placemark>
<Placemark>
<name>Jose Collas (-47)-699</name>
<description>
&lt;table&gt;
&lt;tr&gt;&lt;td&gt;Longitude: -71.854979&lt;/td&gt;&lt;/tr&gt;
&lt;tr&gt;&lt;td&gt;Latitude: -13.396278&lt;/td&gt;&lt;/tr&gt;
&lt;tr&gt;&lt;td&gt;Altitude: 4022.6 m&lt;/td&gt;&lt;/tr&gt;
&lt;tr&gt;&lt;td&gt;Time: 2026-04-27T15:53:55Z&lt;/td&gt;&lt;/tr&gt;
&lt;/table&gt;
</description>
<Point>
<coordinates>-71.854979,-13.396278,4022.6</coordinates>
</Point>
</Placemark>
<Placemark>
<name>Jose Collas (-47)-700</name>
<description>
&lt;table&gt;
&lt;tr&gt;&lt;td&gt;Longitude: -71.855041&lt;/td&gt;&lt;/tr&gt;
&lt;tr&gt;&lt;td&gt;Latitude: -13.396301&lt;/td&gt;&lt;/tr&gt;
&lt;tr&gt;&lt;td&gt;Altitude: 4024.8 m&lt;/td&gt;&lt;/tr&gt;
&lt;tr&gt;&lt;td&gt;Time: 2026-04-27T15:54:25Z&lt;/td&gt;&lt;/tr&gt;
&lt;/table&gt;
</description>
<Point>
<coordinates>-71.855041,-13.396301,4024.8</coordinates>
</Point>
</Placemark>
<Placemark>
<name>Jose Collas (-47)-701</name>
<description>
&lt;table&gt;
&lt;tr&gt;&lt;td&gt;Longitude: -71.855077&lt;/td&gt;&lt;/tr&gt;
&lt;tr&gt;&lt;td&gt;Latitude: -13.396250&lt;/td&gt;&lt;/tr&gt;
&lt;tr&gt;&lt;td&gt;Altitude: 4025.6 m&lt;/td&gt;&lt;/tr&gt;
&lt;tr&gt;&lt;td&gt;Time: 2026-04-27T15:54:44Z&lt;/td&gt;&lt;/tr&gt;
&lt;/table&gt;
</description>
<Point>
<coordinates>-71.855077,-13.396250,4025.6</coordinates>
</Point>
</Placemark>
<Placemark>
<name>Jose Collas (-47)-702</name>
<description>
&lt;table&gt;
&lt;tr&gt;&lt;td&gt;Longitude: -71.855094&lt;/td&gt;&lt;/tr&gt;
&lt;tr&gt;&lt;td&gt;Latitude: -13.396253&lt;/td&gt;&lt;/tr&gt;
&lt;tr&gt;&lt;td&gt;Altitude: 4025.6 m&lt;/td&gt;&lt;/tr&gt;
&lt;tr&gt;&lt;td&gt;Time: 2026-04-27T15:54:57Z&lt;/td&gt;&lt;/tr&gt;
&lt;/table&gt;
</description>
<Point>
<coordinates>-71.855094,-13.396253,4025.6</coordinates>
</Point>
</Placemark>
<Placemark>
<name>Jose Collas (-47)-703</name>
<description>
&lt;table&gt;
&lt;tr&gt;&lt;td&gt;Longitude: -71.855094&lt;/td&gt;&lt;/tr&gt;
&lt;tr&gt;&lt;td&gt;Latitude: -13.396197&lt;/td&gt;&lt;/tr&gt;
&lt;tr&gt;&lt;td&gt;Altitude: 4026.8 m&lt;/td&gt;&lt;/tr&gt;
&lt;tr&gt;&lt;td&gt;Time: 2026-04-27T15:55:28Z&lt;/td&gt;&lt;/tr&gt;
&lt;/table&gt;
</description>
<Point>
<coordinates>-71.855094,-13.396197,4026.8</coordinates>
</Point>
</Placemark>
<Placemark>
<name>Jose Collas (-47)-704</name>
<description>
&lt;table&gt;
&lt;tr&gt;&lt;td&gt;Longitude: -71.855082&lt;/td&gt;&lt;/tr&gt;
&lt;tr&gt;&lt;td&gt;Latitude: -13.396195&lt;/td&gt;&lt;/tr&gt;
&lt;tr&gt;&lt;td&gt;Altitude: 4029.2 m&lt;/td&gt;&lt;/tr&gt;
&lt;tr&gt;&lt;td&gt;Time: 2026-04-27T15:56:05Z&lt;/td&gt;&lt;/tr&gt;
&lt;/table&gt;
</description>
<Point>
<coordinates>-71.855082,-13.396195,4029.2</coordinates>
</Point>
</Placemark>
<Placemark>
<name>Jose Collas (-47)-705</name>
<description>
&lt;table&gt;
&lt;tr&gt;&lt;td&gt;Longitude: -71.855180&lt;/td&gt;&lt;/tr&gt;
&lt;tr&gt;&lt;td&gt;Latitude: -13.396194&lt;/td&gt;&lt;/tr&gt;
&lt;tr&gt;&lt;td&gt;Altitude: 4030.4 m&lt;/td&gt;&lt;/tr&gt;
&lt;tr&gt;&lt;td&gt;Time: 2026-04-27T15:56:47Z&lt;/td&gt;&lt;/tr&gt;
&lt;/table&gt;
</description>
<Point>
<coordinates>-71.855180,-13.396194,4030.4</coordinates>
</Point>
</Placemark>
<Placemark>
<name>Jose Collas (-47)-706</name>
<description>
&lt;table&gt;
&lt;tr&gt;&lt;td&gt;Longitude: -71.855299&lt;/td&gt;&lt;/tr&gt;
&lt;tr&gt;&lt;td&gt;Latitude: -13.396257&lt;/td&gt;&lt;/tr&gt;
&lt;tr&gt;&lt;td&gt;Altitude: 4032 m&lt;/td&gt;&lt;/tr&gt;
&lt;tr&gt;&lt;td&gt;Time: 2026-04-27T15:57:01Z&lt;/td&gt;&lt;/tr&gt;
&lt;/table&gt;
</description>
<Point>
<coordinates>-71.855299,-13.396257,4032</coordinates>
</Point>
</Placemark>
<Placemark>
<name>Jose Collas (-47)-707</name>
<description>
&lt;table&gt;
&lt;tr&gt;&lt;td&gt;Longitude: -71.855459&lt;/td&gt;&lt;/tr&gt;
&lt;tr&gt;&lt;td&gt;Latitude: -13.396435&lt;/td&gt;&lt;/tr&gt;
&lt;tr&gt;&lt;td&gt;Altitude: 4034.6 m&lt;/td&gt;&lt;/tr&gt;
&lt;tr&gt;&lt;td&gt;Time: 2026-04-27T15:57:31Z&lt;/td&gt;&lt;/tr&gt;
&lt;/table&gt;
</description>
<Point>
<coordinates>-71.855459,-13.396435,4034.6</coordinates>
</Point>
</Placemark>
<Placemark>
<name>Jose Collas (-47)-708</name>
<description>
&lt;table&gt;
&lt;tr&gt;&lt;td&gt;Longitude: -71.855627&lt;/td&gt;&lt;/tr&gt;
&lt;tr&gt;&lt;td&gt;Latitude: -13.396541&lt;/td&gt;&lt;/tr&gt;
&lt;tr&gt;&lt;td&gt;Altitude: 4038 m&lt;/td&gt;&lt;/tr&gt;
&lt;tr&gt;&lt;td&gt;Time: 2026-04-27T15:58:39Z&lt;/td&gt;&lt;/tr&gt;
&lt;/table&gt;
</description>
<Point>
<coordinates>-71.855627,-13.396541,4038</coordinates>
</Point>
</Placemark>
<Placemark>
<name>Jose Collas (-47)-709</name>
<description>
&lt;table&gt;
&lt;tr&gt;&lt;td&gt;Longitude: -71.855935&lt;/td&gt;&lt;/tr&gt;
&lt;tr&gt;&lt;td&gt;Latitude: -13.396835&lt;/td&gt;&lt;/tr&gt;
&lt;tr&gt;&lt;td&gt;Altitude: 4042.8 m&lt;/td&gt;&lt;/tr&gt;
&lt;tr&gt;&lt;td&gt;Time: 2026-04-27T16:00:57Z&lt;/td&gt;&lt;/tr&gt;
&lt;/table&gt;
</description>
<Point>
<coordinates>-71.855935,-13.396835,4042.8</coordinates>
</Point>
</Placemark>
<Placemark>
<name>Jose Collas (-47)-710</name>
<description>
&lt;table&gt;
&lt;tr&gt;&lt;td&gt;Longitude: -71.856063&lt;/td&gt;&lt;/tr&gt;
&lt;tr&gt;&lt;td&gt;Latitude: -13.396920&lt;/td&gt;&lt;/tr&gt;
&lt;tr&gt;&lt;td&gt;Altitude: 4044 m&lt;/td&gt;&lt;/tr&gt;
&lt;tr&gt;&lt;td&gt;Time: 2026-04-27T16:01:14Z&lt;/td&gt;&lt;/tr&gt;
&lt;/table&gt;
</description>
<Point>
<coordinates>-71.856063,-13.396920,4044</coordinates>
</Point>
</Placemark>
<Placemark>
<name>Jose Collas (-47)-711</name>
<description>
&lt;table&gt;
&lt;tr&gt;&lt;td&gt;Longitude: -71.856276&lt;/td&gt;&lt;/tr&gt;
&lt;tr&gt;&lt;td&gt;Latitude: -13.397022&lt;/td&gt;&lt;/tr&gt;
&lt;tr&gt;&lt;td&gt;Altitude: 4046 m&lt;/td&gt;&lt;/tr&gt;
&lt;tr&gt;&lt;td&gt;Time: 2026-04-27T16:01:54Z&lt;/td&gt;&lt;/tr&gt;
&lt;/table&gt;
</description>
<Point>
<coordinates>-71.856276,-13.397022,4046</coordinates>
</Point>
</Placemark>
<Placemark>
<name>Jose Collas (-47)-712</name>
<description>
&lt;table&gt;
&lt;tr&gt;&lt;td&gt;Longitude: -71.856356&lt;/td&gt;&lt;/tr&gt;
&lt;tr&gt;&lt;td&gt;Latitude: -13.397096&lt;/td&gt;&lt;/tr&gt;
&lt;tr&gt;&lt;td&gt;Altitude: 4047 m&lt;/td&gt;&lt;/tr&gt;
&lt;tr&gt;&lt;td&gt;Time: 2026-04-27T16:02:05Z&lt;/td&gt;&lt;/tr&gt;
&lt;/table&gt;
</description>
<Point>
<coordinates>-71.856356,-13.397096,4047</coordinates>
</Point>
</Placemark>
<Placemark>
<name>Jose Collas (-47)-713</name>
<description>
&lt;table&gt;
&lt;tr&gt;&lt;td&gt;Longitude: -71.856617&lt;/td&gt;&lt;/tr&gt;
&lt;tr&gt;&lt;td&gt;Latitude: -13.397237&lt;/td&gt;&lt;/tr&gt;
&lt;tr&gt;&lt;td&gt;Altitude: 4047 m&lt;/td&gt;&lt;/tr&gt;
&lt;tr&gt;&lt;td&gt;Time: 2026-04-27T16:03:27Z&lt;/td&gt;&lt;/tr&gt;
&lt;/table&gt;
</description>
<Point>
<coordinates>-71.856617,-13.397237,4047</coordinates>
</Point>
</Placemark>
<Placemark>
<name>Jose Collas (-47)-714</name>
<description>
&lt;table&gt;
&lt;tr&gt;&lt;td&gt;Longitude: -71.856648&lt;/td&gt;&lt;/tr&gt;
&lt;tr&gt;&lt;td&gt;Latitude: -13.397297&lt;/td&gt;&lt;/tr&gt;
&lt;tr&gt;&lt;td&gt;Altitude: 4047.8 m&lt;/td&gt;&lt;/tr&gt;
&lt;tr&gt;&lt;td&gt;Time: 2026-04-27T16:03:41Z&lt;/td&gt;&lt;/tr&gt;
&lt;/table&gt;
</description>
<Point>
<coordinates>-71.856648,-13.397297,4047.8</coordinates>
</Point>
</Placemark>
<Placemark>
<name>Jose Collas (-47)-715</name>
<description>
&lt;table&gt;
&lt;tr&gt;&lt;td&gt;Longitude: -71.856685&lt;/td&gt;&lt;/tr&gt;
&lt;tr&gt;&lt;td&gt;Latitude: -13.397287&lt;/td&gt;&lt;/tr&gt;
&lt;tr&gt;&lt;td&gt;Altitude: 4048.6 m&lt;/td&gt;&lt;/tr&gt;
&lt;tr&gt;&lt;td&gt;Time: 2026-04-27T16:04:09Z&lt;/td&gt;&lt;/tr&gt;
&lt;/table&gt;
</description>
<Point>
<coordinates>-71.856685,-13.397287,4048.6</coordinates>
</Point>
</Placemark>
<Placemark>
<name>Jose Collas (-47)-716</name>
<description>
&lt;table&gt;
&lt;tr&gt;&lt;td&gt;Longitude: -71.856689&lt;/td&gt;&lt;/tr&gt;
&lt;tr&gt;&lt;td&gt;Latitude: -13.397239&lt;/td&gt;&lt;/tr&gt;
&lt;tr&gt;&lt;td&gt;Altitude: 4049 m&lt;/td&gt;&lt;/tr&gt;
&lt;tr&gt;&lt;td&gt;Time: 2026-04-27T16:04:26Z&lt;/td&gt;&lt;/tr&gt;
&lt;/table&gt;
</description>
<Point>
<coordinates>-71.856689,-13.397239,4049</coordinates>
</Point>
</Placemark>
<Placemark>
<name>Jose Collas (-47)-717</name>
<description>
&lt;table&gt;
&lt;tr&gt;&lt;td&gt;Longitude: -71.856703&lt;/td&gt;&lt;/tr&gt;
&lt;tr&gt;&lt;td&gt;Latitude: -13.397224&lt;/td&gt;&lt;/tr&gt;
&lt;tr&gt;&lt;td&gt;Altitude: 4049.2 m&lt;/td&gt;&lt;/tr&gt;
&lt;tr&gt;&lt;td&gt;Time: 2026-04-27T16:04:33Z&lt;/td&gt;&lt;/tr&gt;
&lt;/table&gt;
</description>
<Point>
<coordinates>-71.856703,-13.397224,4049.2</coordinates>
</Point>
</Placemark>
<Placemark>
<name>Jose Collas (-47)-718</name>
<description>
&lt;table&gt;
&lt;tr&gt;&lt;td&gt;Longitude: -71.856810&lt;/td&gt;&lt;/tr&gt;
&lt;tr&gt;&lt;td&gt;Latitude: -13.397242&lt;/td&gt;&lt;/tr&gt;
&lt;tr&gt;&lt;td&gt;Altitude: 4050.4 m&lt;/td&gt;&lt;/tr&gt;
&lt;tr&gt;&lt;td&gt;Time: 2026-04-27T16:04:54Z&lt;/td&gt;&lt;/tr&gt;
&lt;/table&gt;
</description>
<Point>
<coordinates>-71.856810,-13.397242,4050.4</coordinates>
</Point>
</Placemark>
<Placemark>
<name>Jose Collas (-47)-719</name>
<description>
&lt;table&gt;
&lt;tr&gt;&lt;td&gt;Longitude: -71.856870&lt;/td&gt;&lt;/tr&gt;
&lt;tr&gt;&lt;td&gt;Latitude: -13.397235&lt;/td&gt;&lt;/tr&gt;
&lt;tr&gt;&lt;td&gt;Altitude: 4051.6 m&lt;/td&gt;&lt;/tr&gt;
&lt;tr&gt;&lt;td&gt;Time: 2026-04-27T16:05:15Z&lt;/td&gt;&lt;/tr&gt;
&lt;/table&gt;
</description>
<Point>
<coordinates>-71.856870,-13.397235,4051.6</coordinates>
</Point>
</Placemark>
<Placemark>
<name>Jose Collas (-47)-720</name>
<description>
&lt;table&gt;
&lt;tr&gt;&lt;td&gt;Longitude: -71.856914&lt;/td&gt;&lt;/tr&gt;
&lt;tr&gt;&lt;td&gt;Latitude: -13.397256&lt;/td&gt;&lt;/tr&gt;
&lt;tr&gt;&lt;td&gt;Altitude: 4052.4 m&lt;/td&gt;&lt;/tr&gt;
&lt;tr&gt;&lt;td&gt;Time: 2026-04-27T16:05:27Z&lt;/td&gt;&lt;/tr&gt;
&lt;/table&gt;
</description>
<Point>
<coordinates>-71.856914,-13.397256,4052.4</coordinates>
</Point>
</Placemark>
<Placemark>
<name>Jose Collas (-47)-721</name>
<description>
&lt;table&gt;
&lt;tr&gt;&lt;td&gt;Longitude: -71.857036&lt;/td&gt;&lt;/tr&gt;
&lt;tr&gt;&lt;td&gt;Latitude: -13.397226&lt;/td&gt;&lt;/tr&gt;
&lt;tr&gt;&lt;td&gt;Altitude: 4056.2 m&lt;/td&gt;&lt;/tr&gt;
&lt;tr&gt;&lt;td&gt;Time: 2026-04-27T16:06:24Z&lt;/td&gt;&lt;/tr&gt;
&lt;/table&gt;
</description>
<Point>
<coordinates>-71.857036,-13.397226,4056.2</coordinates>
</Point>
</Placemark>
<Placemark>
<name>Jose Collas (-47)-722</name>
<description>
&lt;table&gt;
&lt;tr&gt;&lt;td&gt;Longitude: -71.857076&lt;/td&gt;&lt;/tr&gt;
&lt;tr&gt;&lt;td&gt;Latitude: -13.397248&lt;/td&gt;&lt;/tr&gt;
&lt;tr&gt;&lt;td&gt;Altitude: 4058 m&lt;/td&gt;&lt;/tr&gt;
&lt;tr&gt;&lt;td&gt;Time: 2026-04-27T16:06:37Z&lt;/td&gt;&lt;/tr&gt;
&lt;/table&gt;
</description>
<Point>
<coordinates>-71.857076,-13.397248,4058</coordinates>
</Point>
</Placemark>
<Placemark>
<name>Jose Collas (-47)-723</name>
<description>
&lt;table&gt;
&lt;tr&gt;&lt;td&gt;Longitude: -71.857124&lt;/td&gt;&lt;/tr&gt;
&lt;tr&gt;&lt;td&gt;Latitude: -13.397201&lt;/td&gt;&lt;/tr&gt;
&lt;tr&gt;&lt;td&gt;Altitude: 4061.4 m&lt;/td&gt;&lt;/tr&gt;
&lt;tr&gt;&lt;td&gt;Time: 2026-04-27T16:07:00Z&lt;/td&gt;&lt;/tr&gt;
&lt;/table&gt;
</description>
<Point>
<coordinates>-71.857124,-13.397201,4061.4</coordinates>
</Point>
</Placemark>
<Placemark>
<name>Jose Collas (-47)-724</name>
<description>
&lt;table&gt;
&lt;tr&gt;&lt;td&gt;Longitude: -71.857157&lt;/td&gt;&lt;/tr&gt;
&lt;tr&gt;&lt;td&gt;Latitude: -13.397249&lt;/td&gt;&lt;/tr&gt;
&lt;tr&gt;&lt;td&gt;Altitude: 4065.8 m&lt;/td&gt;&lt;/tr&gt;
&lt;tr&gt;&lt;td&gt;Time: 2026-04-27T16:07:27Z&lt;/td&gt;&lt;/tr&gt;
&lt;/table&gt;
</description>
<Point>
<coordinates>-71.857157,-13.397249,4065.8</coordinates>
</Point>
</Placemark>
<Placemark>
<name>Jose Collas (-47)-725</name>
<description>
&lt;table&gt;
&lt;tr&gt;&lt;td&gt;Longitude: -71.857265&lt;/td&gt;&lt;/tr&gt;
&lt;tr&gt;&lt;td&gt;Latitude: -13.397251&lt;/td&gt;&lt;/tr&gt;
&lt;tr&gt;&lt;td&gt;Altitude: 4069.4 m&lt;/td&gt;&lt;/tr&gt;
&lt;tr&gt;&lt;td&gt;Time: 2026-04-27T16:09:19Z&lt;/td&gt;&lt;/tr&gt;
&lt;/table&gt;
</description>
<Point>
<coordinates>-71.857265,-13.397251,4069.4</coordinates>
</Point>
</Placemark>
<Placemark>
<name>Jose Collas (-47)-726</name>
<description>
&lt;table&gt;
&lt;tr&gt;&lt;td&gt;Longitude: -71.857292&lt;/td&gt;&lt;/tr&gt;
&lt;tr&gt;&lt;td&gt;Latitude: -13.397285&lt;/td&gt;&lt;/tr&gt;
&lt;tr&gt;&lt;td&gt;Altitude: 4070 m&lt;/td&gt;&lt;/tr&gt;
&lt;tr&gt;&lt;td&gt;Time: 2026-04-27T16:09:29Z&lt;/td&gt;&lt;/tr&gt;
&lt;/table&gt;
</description>
<Point>
<coordinates>-71.857292,-13.397285,4070</coordinates>
</Point>
</Placemark>
<Placemark>
<name>Jose Collas (-47)-727</name>
<description>
&lt;table&gt;
&lt;tr&gt;&lt;td&gt;Longitude: -71.857304&lt;/td&gt;&lt;/tr&gt;
&lt;tr&gt;&lt;td&gt;Latitude: -13.397344&lt;/td&gt;&lt;/tr&gt;
&lt;tr&gt;&lt;td&gt;Altitude: 4071.6 m&lt;/td&gt;&lt;/tr&gt;
&lt;tr&gt;&lt;td&gt;Time: 2026-04-27T16:09:54Z&lt;/td&gt;&lt;/tr&gt;
&lt;/table&gt;
</description>
<Point>
<coordinates>-71.857304,-13.397344,4071.6</coordinates>
</Point>
</Placemark>
<Placemark>
<name>Jose Collas (-47)-728</name>
<description>
&lt;table&gt;
&lt;tr&gt;&lt;td&gt;Longitude: -71.857340&lt;/td&gt;&lt;/tr&gt;
&lt;tr&gt;&lt;td&gt;Latitude: -13.397359&lt;/td&gt;&lt;/tr&gt;
&lt;tr&gt;&lt;td&gt;Altitude: 4073 m&lt;/td&gt;&lt;/tr&gt;
&lt;tr&gt;&lt;td&gt;Time: 2026-04-27T16:10:09Z&lt;/td&gt;&lt;/tr&gt;
&lt;/table&gt;
</description>
<Point>
<coordinates>-71.857340,-13.397359,4073</coordinates>
</Point>
</Placemark>
<Placemark>
<name>Jose Collas (-47)-729</name>
<description>
&lt;table&gt;
&lt;tr&gt;&lt;td&gt;Longitude: -71.857359&lt;/td&gt;&lt;/tr&gt;
&lt;tr&gt;&lt;td&gt;Latitude: -13.397395&lt;/td&gt;&lt;/tr&gt;
&lt;tr&gt;&lt;td&gt;Altitude: 4074.8 m&lt;/td&gt;&lt;/tr&gt;
&lt;tr&gt;&lt;td&gt;Time: 2026-04-27T16:10:20Z&lt;/td&gt;&lt;/tr&gt;
&lt;/table&gt;
</description>
<Point>
<coordinates>-71.857359,-13.397395,4074.8</coordinates>
</Point>
</Placemark>
<Placemark>
<name>Jose Collas (-47)-730</name>
<description>
&lt;table&gt;
&lt;tr&gt;&lt;td&gt;Longitude: -71.857538&lt;/td&gt;&lt;/tr&gt;
&lt;tr&gt;&lt;td&gt;Latitude: -13.397429&lt;/td&gt;&lt;/tr&gt;
&lt;tr&gt;&lt;td&gt;Altitude: 4075.6 m&lt;/td&gt;&lt;/tr&gt;
&lt;tr&gt;&lt;td&gt;Time: 2026-04-27T16:11:05Z&lt;/td&gt;&lt;/tr&gt;
&lt;/table&gt;
</description>
<Point>
<coordinates>-71.857538,-13.397429,4075.6</coordinates>
</Point>
</Placemark>
<Placemark>
<name>Jose Collas (-47)-731</name>
<description>
&lt;table&gt;
&lt;tr&gt;&lt;td&gt;Longitude: -71.857662&lt;/td&gt;&lt;/tr&gt;
&lt;tr&gt;&lt;td&gt;Latitude: -13.397503&lt;/td&gt;&lt;/tr&gt;
&lt;tr&gt;&lt;td&gt;Altitude: 4075.4 m&lt;/td&gt;&lt;/tr&gt;
&lt;tr&gt;&lt;td&gt;Time: 2026-04-27T16:11:21Z&lt;/td&gt;&lt;/tr&gt;
&lt;/table&gt;
</description>
<Point>
<coordinates>-71.857662,-13.397503,4075.4</coordinates>
</Point>
</Placemark>
<Placemark>
<name>Jose Collas (-47)-732</name>
<description>
&lt;table&gt;
&lt;tr&gt;&lt;td&gt;Longitude: -71.857898&lt;/td&gt;&lt;/tr&gt;
&lt;tr&gt;&lt;td&gt;Latitude: -13.397614&lt;/td&gt;&lt;/tr&gt;
&lt;tr&gt;&lt;td&gt;Altitude: 4076.2 m&lt;/td&gt;&lt;/tr&gt;
&lt;tr&gt;&lt;td&gt;Time: 2026-04-27T16:12:23Z&lt;/td&gt;&lt;/tr&gt;
&lt;/table&gt;
</description>
<Point>
<coordinates>-71.857898,-13.397614,4076.2</coordinates>
</Point>
</Placemark>
<Placemark>
<name>Jose Collas (-47)-733</name>
<description>
&lt;table&gt;
&lt;tr&gt;&lt;td&gt;Longitude: -71.857940&lt;/td&gt;&lt;/tr&gt;
&lt;tr&gt;&lt;td&gt;Latitude: -13.397627&lt;/td&gt;&lt;/tr&gt;
&lt;tr&gt;&lt;td&gt;Altitude: 4076.8 m&lt;/td&gt;&lt;/tr&gt;
&lt;tr&gt;&lt;td&gt;Time: 2026-04-27T16:12:28Z&lt;/td&gt;&lt;/tr&gt;
&lt;/table&gt;
</description>
<Point>
<coordinates>-71.857940,-13.397627,4076.8</coordinates>
</Point>
</Placemark>
<Placemark>
<name>Jose Collas (-47)-734</name>
<description>
&lt;table&gt;
&lt;tr&gt;&lt;td&gt;Longitude: -71.858064&lt;/td&gt;&lt;/tr&gt;
&lt;tr&gt;&lt;td&gt;Latitude: -13.397627&lt;/td&gt;&lt;/tr&gt;
&lt;tr&gt;&lt;td&gt;Altitude: 4079.8 m&lt;/td&gt;&lt;/tr&gt;
&lt;tr&gt;&lt;td&gt;Time: 2026-04-27T16:12:59Z&lt;/td&gt;&lt;/tr&gt;
&lt;/table&gt;
</description>
<Point>
<coordinates>-71.858064,-13.397627,4079.8</coordinates>
</Point>
</Placemark>
<Placemark>
<name>Jose Collas (-47)-735</name>
<description>
&lt;table&gt;
&lt;tr&gt;&lt;td&gt;Longitude: -71.858126&lt;/td&gt;&lt;/tr&gt;
&lt;tr&gt;&lt;td&gt;Latitude: -13.397664&lt;/td&gt;&lt;/tr&gt;
&lt;tr&gt;&lt;td&gt;Altitude: 4080.4 m&lt;/td&gt;&lt;/tr&gt;
&lt;tr&gt;&lt;td&gt;Time: 2026-04-27T16:13:09Z&lt;/td&gt;&lt;/tr&gt;
&lt;/table&gt;
</description>
<Point>
<coordinates>-71.858126,-13.397664,4080.4</coordinates>
</Point>
</Placemark>
<Placemark>
<name>Jose Collas (-47)-736</name>
<description>
&lt;table&gt;
&lt;tr&gt;&lt;td&gt;Longitude: -71.858190&lt;/td&gt;&lt;/tr&gt;
&lt;tr&gt;&lt;td&gt;Latitude: -13.397725&lt;/td&gt;&lt;/tr&gt;
&lt;tr&gt;&lt;td&gt;Altitude: 4080 m&lt;/td&gt;&lt;/tr&gt;
&lt;tr&gt;&lt;td&gt;Time: 2026-04-27T16:13:29Z&lt;/td&gt;&lt;/tr&gt;
&lt;/table&gt;
</description>
<Point>
<coordinates>-71.858190,-13.397725,4080</coordinates>
</Point>
</Placemark>
<Placemark>
<name>Jose Collas (-47)-737</name>
<description>
&lt;table&gt;
&lt;tr&gt;&lt;td&gt;Longitude: -71.858238&lt;/td&gt;&lt;/tr&gt;
&lt;tr&gt;&lt;td&gt;Latitude: -13.397798&lt;/td&gt;&lt;/tr&gt;
&lt;tr&gt;&lt;td&gt;Altitude: 4079.4 m&lt;/td&gt;&lt;/tr&gt;
&lt;tr&gt;&lt;td&gt;Time: 2026-04-27T16:13:40Z&lt;/td&gt;&lt;/tr&gt;
&lt;/table&gt;
</description>
<Point>
<coordinates>-71.858238,-13.397798,4079.4</coordinates>
</Point>
</Placemark>
<Placemark>
<name>Jose Collas (-47)-738</name>
<description>
&lt;table&gt;
&lt;tr&gt;&lt;td&gt;Longitude: -71.858204&lt;/td&gt;&lt;/tr&gt;
&lt;tr&gt;&lt;td&gt;Latitude: -13.397905&lt;/td&gt;&lt;/tr&gt;
&lt;tr&gt;&lt;td&gt;Altitude: 4079.2 m&lt;/td&gt;&lt;/tr&gt;
&lt;tr&gt;&lt;td&gt;Time: 2026-04-27T16:13:52Z&lt;/td&gt;&lt;/tr&gt;
&lt;/table&gt;
</description>
<Point>
<coordinates>-71.858204,-13.397905,4079.2</coordinates>
</Point>
</Placemark>
<Placemark>
<name>Jose Collas (-47)-739</name>
<description>
&lt;table&gt;
&lt;tr&gt;&lt;td&gt;Longitude: -71.858170&lt;/td&gt;&lt;/tr&gt;
&lt;tr&gt;&lt;td&gt;Latitude: -13.397956&lt;/td&gt;&lt;/tr&gt;
&lt;tr&gt;&lt;td&gt;Altitude: 4080.2 m&lt;/td&gt;&lt;/tr&gt;
&lt;tr&gt;&lt;td&gt;Time: 2026-04-27T16:14:00Z&lt;/td&gt;&lt;/tr&gt;
&lt;/table&gt;
</description>
<Point>
<coordinates>-71.858170,-13.397956,4080.2</coordinates>
</Point>
</Placemark>
<Placemark>
<name>Jose Collas (-47)-740</name>
<description>
&lt;table&gt;
&lt;tr&gt;&lt;td&gt;Longitude: -71.858176&lt;/td&gt;&lt;/tr&gt;
&lt;tr&gt;&lt;td&gt;Latitude: -13.398037&lt;/td&gt;&lt;/tr&gt;
&lt;tr&gt;&lt;td&gt;Altitude: 4081.6 m&lt;/td&gt;&lt;/tr&gt;
&lt;tr&gt;&lt;td&gt;Time: 2026-04-27T16:14:11Z&lt;/td&gt;&lt;/tr&gt;
&lt;/table&gt;
</description>
<Point>
<coordinates>-71.858176,-13.398037,4081.6</coordinates>
</Point>
</Placemark>
<Placemark>
<name>Jose Collas (-47)-741</name>
<description>
&lt;table&gt;
&lt;tr&gt;&lt;td&gt;Longitude: -71.858088&lt;/td&gt;&lt;/tr&gt;
&lt;tr&gt;&lt;td&gt;Latitude: -13.398110&lt;/td&gt;&lt;/tr&gt;
&lt;tr&gt;&lt;td&gt;Altitude: 4082 m&lt;/td&gt;&lt;/tr&gt;
&lt;tr&gt;&lt;td&gt;Time: 2026-04-27T16:14:33Z&lt;/td&gt;&lt;/tr&gt;
&lt;/table&gt;
</description>
<Point>
<coordinates>-71.858088,-13.398110,4082</coordinates>
</Point>
</Placemark>
<Placemark>
<name>Jose Collas (-47)-742</name>
<description>
&lt;table&gt;
&lt;tr&gt;&lt;td&gt;Longitude: -71.858054&lt;/td&gt;&lt;/tr&gt;
&lt;tr&gt;&lt;td&gt;Latitude: -13.398217&lt;/td&gt;&lt;/tr&gt;
&lt;tr&gt;&lt;td&gt;Altitude: 4084.4 m&lt;/td&gt;&lt;/tr&gt;
&lt;tr&gt;&lt;td&gt;Time: 2026-04-27T16:14:53Z&lt;/td&gt;&lt;/tr&gt;
&lt;/table&gt;
</description>
<Point>
<coordinates>-71.858054,-13.398217,4084.4</coordinates>
</Point>
</Placemark>
<Placemark>
<name>Jose Collas (-47)-743</name>
<description>
&lt;table&gt;
&lt;tr&gt;&lt;td&gt;Longitude: -71.858083&lt;/td&gt;&lt;/tr&gt;
&lt;tr&gt;&lt;td&gt;Latitude: -13.398426&lt;/td&gt;&lt;/tr&gt;
&lt;tr&gt;&lt;td&gt;Altitude: 4086 m&lt;/td&gt;&lt;/tr&gt;
&lt;tr&gt;&lt;td&gt;Time: 2026-04-27T16:15:55Z&lt;/td&gt;&lt;/tr&gt;
&lt;/table&gt;
</description>
<Point>
<coordinates>-71.858083,-13.398426,4086</coordinates>
</Point>
</Placemark>
<Placemark>
<name>Jose Collas (-47)-744</name>
<description>
&lt;table&gt;
&lt;tr&gt;&lt;td&gt;Longitude: -71.858108&lt;/td&gt;&lt;/tr&gt;
&lt;tr&gt;&lt;td&gt;Latitude: -13.398492&lt;/td&gt;&lt;/tr&gt;
&lt;tr&gt;&lt;td&gt;Altitude: 4086.6 m&lt;/td&gt;&lt;/tr&gt;
&lt;tr&gt;&lt;td&gt;Time: 2026-04-27T16:16:14Z&lt;/td&gt;&lt;/tr&gt;
&lt;/table&gt;
</description>
<Point>
<coordinates>-71.858108,-13.398492,4086.6</coordinates>
</Point>
</Placemark>
<Placemark>
<name>Jose Collas (-47)-745</name>
<description>
&lt;table&gt;
&lt;tr&gt;&lt;td&gt;Longitude: -71.858129&lt;/td&gt;&lt;/tr&gt;
&lt;tr&gt;&lt;td&gt;Latitude: -13.398511&lt;/td&gt;&lt;/tr&gt;
&lt;tr&gt;&lt;td&gt;Altitude: 4086.6 m&lt;/td&gt;&lt;/tr&gt;
&lt;tr&gt;&lt;td&gt;Time: 2026-04-27T16:16:19Z&lt;/td&gt;&lt;/tr&gt;
&lt;/table&gt;
</description>
<Point>
<coordinates>-71.858129,-13.398511,4086.6</coordinates>
</Point>
</Placemark>
<Placemark>
<name>Jose Collas (-47)-746</name>
<description>
&lt;table&gt;
&lt;tr&gt;&lt;td&gt;Longitude: -71.858137&lt;/td&gt;&lt;/tr&gt;
&lt;tr&gt;&lt;td&gt;Latitude: -13.398579&lt;/td&gt;&lt;/tr&gt;
&lt;tr&gt;&lt;td&gt;Altitude: 4086.2 m&lt;/td&gt;&lt;/tr&gt;
&lt;tr&gt;&lt;td&gt;Time: 2026-04-27T16:16:31Z&lt;/td&gt;&lt;/tr&gt;
&lt;/table&gt;
</description>
<Point>
<coordinates>-71.858137,-13.398579,4086.2</coordinates>
</Point>
</Placemark>
<Placemark>
<name>Jose Collas (-47)-747</name>
<description>
&lt;table&gt;
&lt;tr&gt;&lt;td&gt;Longitude: -71.858154&lt;/td&gt;&lt;/tr&gt;
&lt;tr&gt;&lt;td&gt;Latitude: -13.398607&lt;/td&gt;&lt;/tr&gt;
&lt;tr&gt;&lt;td&gt;Altitude: 4086.4 m&lt;/td&gt;&lt;/tr&gt;
&lt;tr&gt;&lt;td&gt;Time: 2026-04-27T16:16:43Z&lt;/td&gt;&lt;/tr&gt;
&lt;/table&gt;
</description>
<Point>
<coordinates>-71.858154,-13.398607,4086.4</coordinates>
</Point>
</Placemark>
<Placemark>
<name>Jose Collas (-47)-748</name>
<description>
&lt;table&gt;
&lt;tr&gt;&lt;td&gt;Longitude: -71.858120&lt;/td&gt;&lt;/tr&gt;
&lt;tr&gt;&lt;td&gt;Latitude: -13.398718&lt;/td&gt;&lt;/tr&gt;
&lt;tr&gt;&lt;td&gt;Altitude: 4088.4 m&lt;/td&gt;&lt;/tr&gt;
&lt;tr&gt;&lt;td&gt;Time: 2026-04-27T16:17:18Z&lt;/td&gt;&lt;/tr&gt;
&lt;/table&gt;
</description>
<Point>
<coordinates>-71.858120,-13.398718,4088.4</coordinates>
</Point>
</Placemark>
<Placemark>
<name>Jose Collas (-47)-749</name>
<description>
&lt;table&gt;
&lt;tr&gt;&lt;td&gt;Longitude: -71.858161&lt;/td&gt;&lt;/tr&gt;
&lt;tr&gt;&lt;td&gt;Latitude: -13.398824&lt;/td&gt;&lt;/tr&gt;
&lt;tr&gt;&lt;td&gt;Altitude: 4090.4 m&lt;/td&gt;&lt;/tr&gt;
&lt;tr&gt;&lt;td&gt;Time: 2026-04-27T16:18:00Z&lt;/td&gt;&lt;/tr&gt;
&lt;/table&gt;
</description>
<Point>
<coordinates>-71.858161,-13.398824,4090.4</coordinates>
</Point>
</Placemark>
<Placemark>
<name>Jose Collas (-47)-750</name>
<description>
&lt;table&gt;
&lt;tr&gt;&lt;td&gt;Longitude: -71.858096&lt;/td&gt;&lt;/tr&gt;
&lt;tr&gt;&lt;td&gt;Latitude: -13.399166&lt;/td&gt;&lt;/tr&gt;
&lt;tr&gt;&lt;td&gt;Altitude: 4095 m&lt;/td&gt;&lt;/tr&gt;
&lt;tr&gt;&lt;td&gt;Time: 2026-04-27T16:19:42Z&lt;/td&gt;&lt;/tr&gt;
&lt;/table&gt;
</description>
<Point>
<coordinates>-71.858096,-13.399166,4095</coordinates>
</Point>
</Placemark>
<Placemark>
<name>Jose Collas (-47)-751</name>
<description>
&lt;table&gt;
&lt;tr&gt;&lt;td&gt;Longitude: -71.858073&lt;/td&gt;&lt;/tr&gt;
&lt;tr&gt;&lt;td&gt;Latitude: -13.399224&lt;/td&gt;&lt;/tr&gt;
&lt;tr&gt;&lt;td&gt;Altitude: 4096 m&lt;/td&gt;&lt;/tr&gt;
&lt;tr&gt;&lt;td&gt;Time: 2026-04-27T16:19:57Z&lt;/td&gt;&lt;/tr&gt;
&lt;/table&gt;
</description>
<Point>
<coordinates>-71.858073,-13.399224,4096</coordinates>
</Point>
</Placemark>
<Placemark>
<name>Jose Collas (-47)-752</name>
<description>
&lt;table&gt;
&lt;tr&gt;&lt;td&gt;Longitude: -71.858090&lt;/td&gt;&lt;/tr&gt;
&lt;tr&gt;&lt;td&gt;Latitude: -13.399247&lt;/td&gt;&lt;/tr&gt;
&lt;tr&gt;&lt;td&gt;Altitude: 4096.6 m&lt;/td&gt;&lt;/tr&gt;
&lt;tr&gt;&lt;td&gt;Time: 2026-04-27T16:20:06Z&lt;/td&gt;&lt;/tr&gt;
&lt;/table&gt;
</description>
<Point>
<coordinates>-71.858090,-13.399247,4096.6</coordinates>
</Point>
</Placemark>
<Placemark>
<name>Jose Collas (-47)-753</name>
<description>
&lt;table&gt;
&lt;tr&gt;&lt;td&gt;Longitude: -71.858080&lt;/td&gt;&lt;/tr&gt;
&lt;tr&gt;&lt;td&gt;Latitude: -13.399279&lt;/td&gt;&lt;/tr&gt;
&lt;tr&gt;&lt;td&gt;Altitude: 4096.8 m&lt;/td&gt;&lt;/tr&gt;
&lt;tr&gt;&lt;td&gt;Time: 2026-04-27T16:20:12Z&lt;/td&gt;&lt;/tr&gt;
&lt;/table&gt;
</description>
<Point>
<coordinates>-71.858080,-13.399279,4096.8</coordinates>
</Point>
</Placemark>
<Placemark>
<name>Jose Collas (-47)-754</name>
<description>
&lt;table&gt;
&lt;tr&gt;&lt;td&gt;Longitude: -71.858099&lt;/td&gt;&lt;/tr&gt;
&lt;tr&gt;&lt;td&gt;Latitude: -13.399291&lt;/td&gt;&lt;/tr&gt;
&lt;tr&gt;&lt;td&gt;Altitude: 4097 m&lt;/td&gt;&lt;/tr&gt;
&lt;tr&gt;&lt;td&gt;Time: 2026-04-27T16:20:21Z&lt;/td&gt;&lt;/tr&gt;
&lt;/table&gt;
</description>
<Point>
<coordinates>-71.858099,-13.399291,4097</coordinates>
</Point>
</Placemark>
<Placemark>
<name>Jose Collas (-47)-755</name>
<description>
&lt;table&gt;
&lt;tr&gt;&lt;td&gt;Longitude: -71.858069&lt;/td&gt;&lt;/tr&gt;
&lt;tr&gt;&lt;td&gt;Latitude: -13.399374&lt;/td&gt;&lt;/tr&gt;
&lt;tr&gt;&lt;td&gt;Altitude: 4098.2 m&lt;/td&gt;&lt;/tr&gt;
&lt;tr&gt;&lt;td&gt;Time: 2026-04-27T16:20:53Z&lt;/td&gt;&lt;/tr&gt;
&lt;/table&gt;
</description>
<Point>
<coordinates>-71.858069,-13.399374,4098.2</coordinates>
</Point>
</Placemark>
<Placemark>
<name>Jose Collas (-47)-756</name>
<description>
&lt;table&gt;
&lt;tr&gt;&lt;td&gt;Longitude: -71.858074&lt;/td&gt;&lt;/tr&gt;
&lt;tr&gt;&lt;td&gt;Latitude: -13.399355&lt;/td&gt;&lt;/tr&gt;
&lt;tr&gt;&lt;td&gt;Altitude: 4098.2 m&lt;/td&gt;&lt;/tr&gt;
&lt;tr&gt;&lt;td&gt;Time: 2026-04-27T16:21:03Z&lt;/td&gt;&lt;/tr&gt;
&lt;/table&gt;
</description>
<Point>
<coordinates>-71.858074,-13.399355,4098.2</coordinates>
</Point>
</Placemark>
<Placemark>
<name>Jose Collas (-47)-757</name>
<description>
&lt;table&gt;
&lt;tr&gt;&lt;td&gt;Longitude: -71.858101&lt;/td&gt;&lt;/tr&gt;
&lt;tr&gt;&lt;td&gt;Latitude: -13.399356&lt;/td&gt;&lt;/tr&gt;
&lt;tr&gt;&lt;td&gt;Altitude: 4098.2 m&lt;/td&gt;&lt;/tr&gt;
&lt;tr&gt;&lt;td&gt;Time: 2026-04-27T16:21:08Z&lt;/td&gt;&lt;/tr&gt;
&lt;/table&gt;
</description>
<Point>
<coordinates>-71.858101,-13.399356,4098.2</coordinates>
</Point>
</Placemark>
<Placemark>
<name>Jose Collas (-47)-758</name>
<description>
&lt;table&gt;
&lt;tr&gt;&lt;td&gt;Longitude: -71.858157&lt;/td&gt;&lt;/tr&gt;
&lt;tr&gt;&lt;td&gt;Latitude: -13.399438&lt;/td&gt;&lt;/tr&gt;
&lt;tr&gt;&lt;td&gt;Altitude: 4098.6 m&lt;/td&gt;&lt;/tr&gt;
&lt;tr&gt;&lt;td&gt;Time: 2026-04-27T16:21:54Z&lt;/td&gt;&lt;/tr&gt;
&lt;/table&gt;
</description>
<Point>
<coordinates>-71.858157,-13.399438,4098.6</coordinates>
</Point>
</Placemark>
<Placemark>
<name>Jose Collas (-47)-759</name>
<description>
&lt;table&gt;
&lt;tr&gt;&lt;td&gt;Longitude: -71.858184&lt;/td&gt;&lt;/tr&gt;
&lt;tr&gt;&lt;td&gt;Latitude: -13.399421&lt;/td&gt;&lt;/tr&gt;
&lt;tr&gt;&lt;td&gt;Altitude: 4099.2 m&lt;/td&gt;&lt;/tr&gt;
&lt;tr&gt;&lt;td&gt;Time: 2026-04-27T16:22:11Z&lt;/td&gt;&lt;/tr&gt;
&lt;/table&gt;
</description>
<Point>
<coordinates>-71.858184,-13.399421,4099.2</coordinates>
</Point>
</Placemark>
<Placemark>
<name>Jose Collas (-47)-760</name>
<description>
&lt;table&gt;
&lt;tr&gt;&lt;td&gt;Longitude: -71.858218&lt;/td&gt;&lt;/tr&gt;
&lt;tr&gt;&lt;td&gt;Latitude: -13.399425&lt;/td&gt;&lt;/tr&gt;
&lt;tr&gt;&lt;td&gt;Altitude: 4099.6 m&lt;/td&gt;&lt;/tr&gt;
&lt;tr&gt;&lt;td&gt;Time: 2026-04-27T16:22:41Z&lt;/td&gt;&lt;/tr&gt;
&lt;/table&gt;
</description>
<Point>
<coordinates>-71.858218,-13.399425,4099.6</coordinates>
</Point>
</Placemark>
<Placemark>
<name>Jose Collas (-47)-761</name>
<description>
&lt;table&gt;
&lt;tr&gt;&lt;td&gt;Longitude: -71.858232&lt;/td&gt;&lt;/tr&gt;
&lt;tr&gt;&lt;td&gt;Latitude: -13.399463&lt;/td&gt;&lt;/tr&gt;
&lt;tr&gt;&lt;td&gt;Altitude: 4100.6 m&lt;/td&gt;&lt;/tr&gt;
&lt;tr&gt;&lt;td&gt;Time: 2026-04-27T16:23:11Z&lt;/td&gt;&lt;/tr&gt;
&lt;/table&gt;
</description>
<Point>
<coordinates>-71.858232,-13.399463,4100.6</coordinates>
</Point>
</Placemark>
<Placemark>
<name>Jose Collas (-47)-762</name>
<description>
&lt;table&gt;
&lt;tr&gt;&lt;td&gt;Longitude: -71.858261&lt;/td&gt;&lt;/tr&gt;
&lt;tr&gt;&lt;td&gt;Latitude: -13.399469&lt;/td&gt;&lt;/tr&gt;
&lt;tr&gt;&lt;td&gt;Altitude: 4101.4 m&lt;/td&gt;&lt;/tr&gt;
&lt;tr&gt;&lt;td&gt;Time: 2026-04-27T16:23:36Z&lt;/td&gt;&lt;/tr&gt;
&lt;/table&gt;
</description>
<Point>
<coordinates>-71.858261,-13.399469,4101.4</coordinates>
</Point>
</Placemark>
<Placemark>
<name>Jose Collas (-47)-763</name>
<description>
&lt;table&gt;
&lt;tr&gt;&lt;td&gt;Longitude: -71.858287&lt;/td&gt;&lt;/tr&gt;
&lt;tr&gt;&lt;td&gt;Latitude: -13.399457&lt;/td&gt;&lt;/tr&gt;
&lt;tr&gt;&lt;td&gt;Altitude: 4102.2 m&lt;/td&gt;&lt;/tr&gt;
&lt;tr&gt;&lt;td&gt;Time: 2026-04-27T16:24:16Z&lt;/td&gt;&lt;/tr&gt;
&lt;/table&gt;
</description>
<Point>
<coordinates>-71.858287,-13.399457,4102.2</coordinates>
</Point>
</Placemark>
<Placemark>
<name>Jose Collas (-47)-764</name>
<description>
&lt;table&gt;
&lt;tr&gt;&lt;td&gt;Longitude: -71.858312&lt;/td&gt;&lt;/tr&gt;
&lt;tr&gt;&lt;td&gt;Latitude: -13.399477&lt;/td&gt;&lt;/tr&gt;
&lt;tr&gt;&lt;td&gt;Altitude: 4102.8 m&lt;/td&gt;&lt;/tr&gt;
&lt;tr&gt;&lt;td&gt;Time: 2026-04-27T16:24:29Z&lt;/td&gt;&lt;/tr&gt;
&lt;/table&gt;
</description>
<Point>
<coordinates>-71.858312,-13.399477,4102.8</coordinates>
</Point>
</Placemark>
<Placemark>
<name>Jose Collas (-47)-765</name>
<description>
&lt;table&gt;
&lt;tr&gt;&lt;td&gt;Longitude: -71.858371&lt;/td&gt;&lt;/tr&gt;
&lt;tr&gt;&lt;td&gt;Latitude: -13.399586&lt;/td&gt;&lt;/tr&gt;
&lt;tr&gt;&lt;td&gt;Altitude: 4104.8 m&lt;/td&gt;&lt;/tr&gt;
&lt;tr&gt;&lt;td&gt;Time: 2026-04-27T16:25:23Z&lt;/td&gt;&lt;/tr&gt;
&lt;/table&gt;
</description>
<Point>
<coordinates>-71.858371,-13.399586,4104.8</coordinates>
</Point>
</Placemark>
<Placemark>
<name>Jose Collas (-47)-766</name>
<description>
&lt;table&gt;
&lt;tr&gt;&lt;td&gt;Longitude: -71.858368&lt;/td&gt;&lt;/tr&gt;
&lt;tr&gt;&lt;td&gt;Latitude: -13.399676&lt;/td&gt;&lt;/tr&gt;
&lt;tr&gt;&lt;td&gt;Altitude: 4105 m&lt;/td&gt;&lt;/tr&gt;
&lt;tr&gt;&lt;td&gt;Time: 2026-04-27T16:25:42Z&lt;/td&gt;&lt;/tr&gt;
&lt;/table&gt;
</description>
<Point>
<coordinates>-71.858368,-13.399676,4105</coordinates>
</Point>
</Placemark>
<Placemark>
<name>Jose Collas (-47)-767</name>
<description>
&lt;table&gt;
&lt;tr&gt;&lt;td&gt;Longitude: -71.858388&lt;/td&gt;&lt;/tr&gt;
&lt;tr&gt;&lt;td&gt;Latitude: -13.399616&lt;/td&gt;&lt;/tr&gt;
&lt;tr&gt;&lt;td&gt;Altitude: 4106.2 m&lt;/td&gt;&lt;/tr&gt;
&lt;tr&gt;&lt;td&gt;Time: 2026-04-27T16:26:05Z&lt;/td&gt;&lt;/tr&gt;
&lt;/table&gt;
</description>
<Point>
<coordinates>-71.858388,-13.399616,4106.2</coordinates>
</Point>
</Placemark>
<Placemark>
<name>Jose Collas (-47)-768</name>
<description>
&lt;table&gt;
&lt;tr&gt;&lt;td&gt;Longitude: -71.858416&lt;/td&gt;&lt;/tr&gt;
&lt;tr&gt;&lt;td&gt;Latitude: -13.399619&lt;/td&gt;&lt;/tr&gt;
&lt;tr&gt;&lt;td&gt;Altitude: 4107.2 m&lt;/td&gt;&lt;/tr&gt;
&lt;tr&gt;&lt;td&gt;Time: 2026-04-27T16:26:25Z&lt;/td&gt;&lt;/tr&gt;
&lt;/table&gt;
</description>
<Point>
<coordinates>-71.858416,-13.399619,4107.2</coordinates>
</Point>
</Placemark>
<Placemark>
<name>Jose Collas (-47)-769</name>
<description>
&lt;table&gt;
&lt;tr&gt;&lt;td&gt;Longitude: -71.858470&lt;/td&gt;&lt;/tr&gt;
&lt;tr&gt;&lt;td&gt;Latitude: -13.399570&lt;/td&gt;&lt;/tr&gt;
&lt;tr&gt;&lt;td&gt;Altitude: 4108.6 m&lt;/td&gt;&lt;/tr&gt;
&lt;tr&gt;&lt;td&gt;Time: 2026-04-27T16:27:58Z&lt;/td&gt;&lt;/tr&gt;
&lt;/table&gt;
</description>
<Point>
<coordinates>-71.858470,-13.399570,4108.6</coordinates>
</Point>
</Placemark>
<Placemark>
<name>Jose Collas (-47)-770</name>
<description>
&lt;table&gt;
&lt;tr&gt;&lt;td&gt;Longitude: -71.858489&lt;/td&gt;&lt;/tr&gt;
&lt;tr&gt;&lt;td&gt;Latitude: -13.399583&lt;/td&gt;&lt;/tr&gt;
&lt;tr&gt;&lt;td&gt;Altitude: 4110 m&lt;/td&gt;&lt;/tr&gt;
&lt;tr&gt;&lt;td&gt;Time: 2026-04-27T16:28:27Z&lt;/td&gt;&lt;/tr&gt;
&lt;/table&gt;
</description>
<Point>
<coordinates>-71.858489,-13.399583,4110</coordinates>
</Point>
</Placemark>
<Placemark>
<name>Jose Collas (-47)-771</name>
<description>
&lt;table&gt;
&lt;tr&gt;&lt;td&gt;Longitude: -71.858529&lt;/td&gt;&lt;/tr&gt;
&lt;tr&gt;&lt;td&gt;Latitude: -13.399568&lt;/td&gt;&lt;/tr&gt;
&lt;tr&gt;&lt;td&gt;Altitude: 4112.2 m&lt;/td&gt;&lt;/tr&gt;
&lt;tr&gt;&lt;td&gt;Time: 2026-04-27T16:29:13Z&lt;/td&gt;&lt;/tr&gt;
&lt;/table&gt;
</description>
<Point>
<coordinates>-71.858529,-13.399568,4112.2</coordinates>
</Point>
</Placemark>
<Placemark>
<name>Jose Collas (-47)-772</name>
<description>
&lt;table&gt;
&lt;tr&gt;&lt;td&gt;Longitude: -71.858546&lt;/td&gt;&lt;/tr&gt;
&lt;tr&gt;&lt;td&gt;Latitude: -13.399580&lt;/td&gt;&lt;/tr&gt;
&lt;tr&gt;&lt;td&gt;Altitude: 4113 m&lt;/td&gt;&lt;/tr&gt;
&lt;tr&gt;&lt;td&gt;Time: 2026-04-27T16:29:27Z&lt;/td&gt;&lt;/tr&gt;
&lt;/table&gt;
</description>
<Point>
<coordinates>-71.858546,-13.399580,4113</coordinates>
</Point>
</Placemark>
<Placemark>
<name>Jose Collas (-47)-773</name>
<description>
&lt;table&gt;
&lt;tr&gt;&lt;td&gt;Longitude: -71.858573&lt;/td&gt;&lt;/tr&gt;
&lt;tr&gt;&lt;td&gt;Latitude: -13.399556&lt;/td&gt;&lt;/tr&gt;
&lt;tr&gt;&lt;td&gt;Altitude: 4114.2 m&lt;/td&gt;&lt;/tr&gt;
&lt;tr&gt;&lt;td&gt;Time: 2026-04-27T16:29:57Z&lt;/td&gt;&lt;/tr&gt;
&lt;/table&gt;
</description>
<Point>
<coordinates>-71.858573,-13.399556,4114.2</coordinates>
</Point>
</Placemark>
<Placemark>
<name>Jose Collas (-47)-774</name>
<description>
&lt;table&gt;
&lt;tr&gt;&lt;td&gt;Longitude: -71.858615&lt;/td&gt;&lt;/tr&gt;
&lt;tr&gt;&lt;td&gt;Latitude: -13.399576&lt;/td&gt;&lt;/tr&gt;
&lt;tr&gt;&lt;td&gt;Altitude: 4116.4 m&lt;/td&gt;&lt;/tr&gt;
&lt;tr&gt;&lt;td&gt;Time: 2026-04-27T16:30:38Z&lt;/td&gt;&lt;/tr&gt;
&lt;/table&gt;
</description>
<Point>
<coordinates>-71.858615,-13.399576,4116.4</coordinates>
</Point>
</Placemark>
<Placemark>
<name>Jose Collas (-47)-775</name>
<description>
&lt;table&gt;
&lt;tr&gt;&lt;td&gt;Longitude: -71.858617&lt;/td&gt;&lt;/tr&gt;
&lt;tr&gt;&lt;td&gt;Latitude: -13.399593&lt;/td&gt;&lt;/tr&gt;
&lt;tr&gt;&lt;td&gt;Altitude: 4116.8 m&lt;/td&gt;&lt;/tr&gt;
&lt;tr&gt;&lt;td&gt;Time: 2026-04-27T16:30:49Z&lt;/td&gt;&lt;/tr&gt;
&lt;/table&gt;
</description>
<Point>
<coordinates>-71.858617,-13.399593,4116.8</coordinates>
</Point>
</Placemark>
<Placemark>
<name>Jose Collas (-47)-776</name>
<description>
&lt;table&gt;
&lt;tr&gt;&lt;td&gt;Longitude: -71.858633&lt;/td&gt;&lt;/tr&gt;
&lt;tr&gt;&lt;td&gt;Latitude: -13.399595&lt;/td&gt;&lt;/tr&gt;
&lt;tr&gt;&lt;td&gt;Altitude: 4117.6 m&lt;/td&gt;&lt;/tr&gt;
&lt;tr&gt;&lt;td&gt;Time: 2026-04-27T16:31:01Z&lt;/td&gt;&lt;/tr&gt;
&lt;/table&gt;
</description>
<Point>
<coordinates>-71.858633,-13.399595,4117.6</coordinates>
</Point>
</Placemark>
<Placemark>
<name>Jose Collas (-47)-777</name>
<description>
&lt;table&gt;
&lt;tr&gt;&lt;td&gt;Longitude: -71.858628&lt;/td&gt;&lt;/tr&gt;
&lt;tr&gt;&lt;td&gt;Latitude: -13.399633&lt;/td&gt;&lt;/tr&gt;
&lt;tr&gt;&lt;td&gt;Altitude: 4118.6 m&lt;/td&gt;&lt;/tr&gt;
&lt;tr&gt;&lt;td&gt;Time: 2026-04-27T16:31:18Z&lt;/td&gt;&lt;/tr&gt;
&lt;/table&gt;
</description>
<Point>
<coordinates>-71.858628,-13.399633,4118.6</coordinates>
</Point>
</Placemark>
<Placemark>
<name>Jose Collas (-47)-778</name>
<description>
&lt;table&gt;
&lt;tr&gt;&lt;td&gt;Longitude: -71.858649&lt;/td&gt;&lt;/tr&gt;
&lt;tr&gt;&lt;td&gt;Latitude: -13.399659&lt;/td&gt;&lt;/tr&gt;
&lt;tr&gt;&lt;td&gt;Altitude: 4120.6 m&lt;/td&gt;&lt;/tr&gt;
&lt;tr&gt;&lt;td&gt;Time: 2026-04-27T16:31:52Z&lt;/td&gt;&lt;/tr&gt;
&lt;/table&gt;
</description>
<Point>
<coordinates>-71.858649,-13.399659,4120.6</coordinates>
</Point>
</Placemark>
<Placemark>
<name>Jose Collas (-47)-779</name>
<description>
&lt;table&gt;
&lt;tr&gt;&lt;td&gt;Longitude: -71.858653&lt;/td&gt;&lt;/tr&gt;
&lt;tr&gt;&lt;td&gt;Latitude: -13.399706&lt;/td&gt;&lt;/tr&gt;
&lt;tr&gt;&lt;td&gt;Altitude: 4123.6 m&lt;/td&gt;&lt;/tr&gt;
&lt;tr&gt;&lt;td&gt;Time: 2026-04-27T16:32:09Z&lt;/td&gt;&lt;/tr&gt;
&lt;/table&gt;
</description>
<Point>
<coordinates>-71.858653,-13.399706,4123.6</coordinates>
</Point>
</Placemark>
<Placemark>
<name>Jose Collas (-47)-780</name>
<description>
&lt;table&gt;
&lt;tr&gt;&lt;td&gt;Longitude: -71.858689&lt;/td&gt;&lt;/tr&gt;
&lt;tr&gt;&lt;td&gt;Latitude: -13.399788&lt;/td&gt;&lt;/tr&gt;
&lt;tr&gt;&lt;td&gt;Altitude: 4126.2 m&lt;/td&gt;&lt;/tr&gt;
&lt;tr&gt;&lt;td&gt;Time: 2026-04-27T16:32:26Z&lt;/td&gt;&lt;/tr&gt;
&lt;/table&gt;
</description>
<Point>
<coordinates>-71.858689,-13.399788,4126.2</coordinates>
</Point>
</Placemark>
<Placemark>
<name>Jose Collas (-47)-781</name>
<description>
&lt;table&gt;
&lt;tr&gt;&lt;td&gt;Longitude: -71.858855&lt;/td&gt;&lt;/tr&gt;
&lt;tr&gt;&lt;td&gt;Latitude: -13.399943&lt;/td&gt;&lt;/tr&gt;
&lt;tr&gt;&lt;td&gt;Altitude: 4135.4 m&lt;/td&gt;&lt;/tr&gt;
&lt;tr&gt;&lt;td&gt;Time: 2026-04-27T16:34:03Z&lt;/td&gt;&lt;/tr&gt;
&lt;/table&gt;
</description>
<Point>
<coordinates>-71.858855,-13.399943,4135.4</coordinates>
</Point>
</Placemark>
<Placemark>
<name>Jose Collas (-47)-782</name>
<description>
&lt;table&gt;
&lt;tr&gt;&lt;td&gt;Longitude: -71.858919&lt;/td&gt;&lt;/tr&gt;
&lt;tr&gt;&lt;td&gt;Latitude: -13.400151&lt;/td&gt;&lt;/tr&gt;
&lt;tr&gt;&lt;td&gt;Altitude: 4141.2 m&lt;/td&gt;&lt;/tr&gt;
&lt;tr&gt;&lt;td&gt;Time: 2026-04-27T16:35:51Z&lt;/td&gt;&lt;/tr&gt;
&lt;/table&gt;
</description>
<Point>
<coordinates>-71.858919,-13.400151,4141.2</coordinates>
</Point>
</Placemark>
<Placemark>
<name>Jose Collas (-47)-783</name>
<description>
&lt;table&gt;
&lt;tr&gt;&lt;td&gt;Longitude: -71.858994&lt;/td&gt;&lt;/tr&gt;
&lt;tr&gt;&lt;td&gt;Latitude: -13.400217&lt;/td&gt;&lt;/tr&gt;
&lt;tr&gt;&lt;td&gt;Altitude: 4144.6 m&lt;/td&gt;&lt;/tr&gt;
&lt;tr&gt;&lt;td&gt;Time: 2026-04-27T16:36:27Z&lt;/td&gt;&lt;/tr&gt;
&lt;/table&gt;
</description>
<Point>
<coordinates>-71.858994,-13.400217,4144.6</coordinates>
</Point>
</Placemark>
<Placemark>
<name>Jose Collas (-47)-784</name>
<description>
&lt;table&gt;
&lt;tr&gt;&lt;td&gt;Longitude: -71.859026&lt;/td&gt;&lt;/tr&gt;
&lt;tr&gt;&lt;td&gt;Latitude: -13.400212&lt;/td&gt;&lt;/tr&gt;
&lt;tr&gt;&lt;td&gt;Altitude: 4147 m&lt;/td&gt;&lt;/tr&gt;
&lt;tr&gt;&lt;td&gt;Time: 2026-04-27T16:36:40Z&lt;/td&gt;&lt;/tr&gt;
&lt;/table&gt;
</description>
<Point>
<coordinates>-71.859026,-13.400212,4147</coordinates>
</Point>
</Placemark>
<Placemark>
<name>Jose Collas (-47)-785</name>
<description>
&lt;table&gt;
&lt;tr&gt;&lt;td&gt;Longitude: -71.859100&lt;/td&gt;&lt;/tr&gt;
&lt;tr&gt;&lt;td&gt;Latitude: -13.400322&lt;/td&gt;&lt;/tr&gt;
&lt;tr&gt;&lt;td&gt;Altitude: 4150 m&lt;/td&gt;&lt;/tr&gt;
&lt;tr&gt;&lt;td&gt;Time: 2026-04-27T16:39:02Z&lt;/td&gt;&lt;/tr&gt;
&lt;/table&gt;
</description>
<Point>
<coordinates>-71.859100,-13.400322,4150</coordinates>
</Point>
</Placemark>
<Placemark>
<name>Jose Collas (-47)-786</name>
<description>
&lt;table&gt;
&lt;tr&gt;&lt;td&gt;Longitude: -71.859166&lt;/td&gt;&lt;/tr&gt;
&lt;tr&gt;&lt;td&gt;Latitude: -13.400351&lt;/td&gt;&lt;/tr&gt;
&lt;tr&gt;&lt;td&gt;Altitude: 4151.4 m&lt;/td&gt;&lt;/tr&gt;
&lt;tr&gt;&lt;td&gt;Time: 2026-04-27T16:39:35Z&lt;/td&gt;&lt;/tr&gt;
&lt;/table&gt;
</description>
<Point>
<coordinates>-71.859166,-13.400351,4151.4</coordinates>
</Point>
</Placemark>
<Placemark>
<name>Jose Collas (-47)-787</name>
<description>
&lt;table&gt;
&lt;tr&gt;&lt;td&gt;Longitude: -71.859230&lt;/td&gt;&lt;/tr&gt;
&lt;tr&gt;&lt;td&gt;Latitude: -13.400498&lt;/td&gt;&lt;/tr&gt;
&lt;tr&gt;&lt;td&gt;Altitude: 4157.2 m&lt;/td&gt;&lt;/tr&gt;
&lt;tr&gt;&lt;td&gt;Time: 2026-04-27T16:42:21Z&lt;/td&gt;&lt;/tr&gt;
&lt;/table&gt;
</description>
<Point>
<coordinates>-71.859230,-13.400498,4157.2</coordinates>
</Point>
</Placemark>
<Placemark>
<name>Jose Collas (-47)-788</name>
<description>
&lt;table&gt;
&lt;tr&gt;&lt;td&gt;Longitude: -71.859264&lt;/td&gt;&lt;/tr&gt;
&lt;tr&gt;&lt;td&gt;Latitude: -13.400501&lt;/td&gt;&lt;/tr&gt;
&lt;tr&gt;&lt;td&gt;Altitude: 4158.8 m&lt;/td&gt;&lt;/tr&gt;
&lt;tr&gt;&lt;td&gt;Time: 2026-04-27T16:42:38Z&lt;/td&gt;&lt;/tr&gt;
&lt;/table&gt;
</description>
<Point>
<coordinates>-71.859264,-13.400501,4158.8</coordinates>
</Point>
</Placemark>
<Placemark>
<name>Jose Collas (-47)-789</name>
<description>
&lt;table&gt;
&lt;tr&gt;&lt;td&gt;Longitude: -71.859273&lt;/td&gt;&lt;/tr&gt;
&lt;tr&gt;&lt;td&gt;Latitude: -13.400515&lt;/td&gt;&lt;/tr&gt;
&lt;tr&gt;&lt;td&gt;Altitude: 4159.6 m&lt;/td&gt;&lt;/tr&gt;
&lt;tr&gt;&lt;td&gt;Time: 2026-04-27T16:42:51Z&lt;/td&gt;&lt;/tr&gt;
&lt;/table&gt;
</description>
<Point>
<coordinates>-71.859273,-13.400515,4159.6</coordinates>
</Point>
</Placemark>
<Placemark>
<name>Jose Collas (-47)-790</name>
<description>
&lt;table&gt;
&lt;tr&gt;&lt;td&gt;Longitude: -71.859300&lt;/td&gt;&lt;/tr&gt;
&lt;tr&gt;&lt;td&gt;Latitude: -13.400506&lt;/td&gt;&lt;/tr&gt;
&lt;tr&gt;&lt;td&gt;Altitude: 4160.2 m&lt;/td&gt;&lt;/tr&gt;
&lt;tr&gt;&lt;td&gt;Time: 2026-04-27T16:43:09Z&lt;/td&gt;&lt;/tr&gt;
&lt;/table&gt;
</description>
<Point>
<coordinates>-71.859300,-13.400506,4160.2</coordinates>
</Point>
</Placemark>
<Placemark>
<name>Jose Collas (-47)-791</name>
<description>
&lt;table&gt;
&lt;tr&gt;&lt;td&gt;Longitude: -71.859334&lt;/td&gt;&lt;/tr&gt;
&lt;tr&gt;&lt;td&gt;Latitude: -13.400532&lt;/td&gt;&lt;/tr&gt;
&lt;tr&gt;&lt;td&gt;Altitude: 4161.4 m&lt;/td&gt;&lt;/tr&gt;
&lt;tr&gt;&lt;td&gt;Time: 2026-04-27T16:43:51Z&lt;/td&gt;&lt;/tr&gt;
&lt;/table&gt;
</description>
<Point>
<coordinates>-71.859334,-13.400532,4161.4</coordinates>
</Point>
</Placemark>
<Placemark>
<name>Jose Collas (-47)-792</name>
<description>
&lt;table&gt;
&lt;tr&gt;&lt;td&gt;Longitude: -71.859365&lt;/td&gt;&lt;/tr&gt;
&lt;tr&gt;&lt;td&gt;Latitude: -13.400585&lt;/td&gt;&lt;/tr&gt;
&lt;tr&gt;&lt;td&gt;Altitude: 4163.6 m&lt;/td&gt;&lt;/tr&gt;
&lt;tr&gt;&lt;td&gt;Time: 2026-04-27T16:44:03Z&lt;/td&gt;&lt;/tr&gt;
&lt;/table&gt;
</description>
<Point>
<coordinates>-71.859365,-13.400585,4163.6</coordinates>
</Point>
</Placemark>
<Placemark>
<name>Jose Collas (-47)-793</name>
<description>
&lt;table&gt;
&lt;tr&gt;&lt;td&gt;Longitude: -71.859342&lt;/td&gt;&lt;/tr&gt;
&lt;tr&gt;&lt;td&gt;Latitude: -13.400434&lt;/td&gt;&lt;/tr&gt;
&lt;tr&gt;&lt;td&gt;Altitude: 4163 m&lt;/td&gt;&lt;/tr&gt;
&lt;tr&gt;&lt;td&gt;Time: 2026-04-27T16:44:58Z&lt;/td&gt;&lt;/tr&gt;
&lt;/table&gt;
</description>
<Point>
<coordinates>-71.859342,-13.400434,4163</coordinates>
</Point>
</Placemark>
<Placemark>
<name>Jose Collas (-47)-794</name>
<description>
&lt;table&gt;
&lt;tr&gt;&lt;td&gt;Longitude: -71.859365&lt;/td&gt;&lt;/tr&gt;
&lt;tr&gt;&lt;td&gt;Latitude: -13.400382&lt;/td&gt;&lt;/tr&gt;
&lt;tr&gt;&lt;td&gt;Altitude: 4163.6 m&lt;/td&gt;&lt;/tr&gt;
&lt;tr&gt;&lt;td&gt;Time: 2026-04-27T16:45:23Z&lt;/td&gt;&lt;/tr&gt;
&lt;/table&gt;
</description>
<Point>
<coordinates>-71.859365,-13.400382,4163.6</coordinates>
</Point>
</Placemark>
<Placemark>
<name>Jose Collas (-47)-795</name>
<description>
&lt;table&gt;
&lt;tr&gt;&lt;td&gt;Longitude: -71.859340&lt;/td&gt;&lt;/tr&gt;
&lt;tr&gt;&lt;td&gt;Latitude: -13.400426&lt;/td&gt;&lt;/tr&gt;
&lt;tr&gt;&lt;td&gt;Altitude: 4163.2 m&lt;/td&gt;&lt;/tr&gt;
&lt;tr&gt;&lt;td&gt;Time: 2026-04-27T16:45:31Z&lt;/td&gt;&lt;/tr&gt;
&lt;/table&gt;
</description>
<Point>
<coordinates>-71.859340,-13.400426,4163.2</coordinates>
</Point>
</Placemark>
<Placemark>
<name>Jose Collas (-47)-796</name>
<description>
&lt;table&gt;
&lt;tr&gt;&lt;td&gt;Longitude: -71.859353&lt;/td&gt;&lt;/tr&gt;
&lt;tr&gt;&lt;td&gt;Latitude: -13.400472&lt;/td&gt;&lt;/tr&gt;
&lt;tr&gt;&lt;td&gt;Altitude: 4163.4 m&lt;/td&gt;&lt;/tr&gt;
&lt;tr&gt;&lt;td&gt;Time: 2026-04-27T16:45:35Z&lt;/td&gt;&lt;/tr&gt;
&lt;/table&gt;
</description>
<Point>
<coordinates>-71.859353,-13.400472,4163.4</coordinates>
</Point>
</Placemark>
<Placemark>
<name>Jose Collas (-47)-797</name>
<description>
&lt;table&gt;
&lt;tr&gt;&lt;td&gt;Longitude: -71.859359&lt;/td&gt;&lt;/tr&gt;
&lt;tr&gt;&lt;td&gt;Latitude: -13.400655&lt;/td&gt;&lt;/tr&gt;
&lt;tr&gt;&lt;td&gt;Altitude: 4167.8 m&lt;/td&gt;&lt;/tr&gt;
&lt;tr&gt;&lt;td&gt;Time: 2026-04-27T16:47:33Z&lt;/td&gt;&lt;/tr&gt;
&lt;/table&gt;
</description>
<Point>
<coordinates>-71.859359,-13.400655,4167.8</coordinates>
</Point>
</Placemark>
<Placemark>
<name>Jose Collas (-47)-798</name>
<description>
&lt;table&gt;
&lt;tr&gt;&lt;td&gt;Longitude: -71.859342&lt;/td&gt;&lt;/tr&gt;
&lt;tr&gt;&lt;td&gt;Latitude: -13.400670&lt;/td&gt;&lt;/tr&gt;
&lt;tr&gt;&lt;td&gt;Altitude: 4168.6 m&lt;/td&gt;&lt;/tr&gt;
&lt;tr&gt;&lt;td&gt;Time: 2026-04-27T16:47:37Z&lt;/td&gt;&lt;/tr&gt;
&lt;/table&gt;
</description>
<Point>
<coordinates>-71.859342,-13.400670,4168.6</coordinates>
</Point>
</Placemark>
<Placemark>
<name>Jose Collas (-47)-799</name>
<description>
&lt;table&gt;
&lt;tr&gt;&lt;td&gt;Longitude: -71.859338&lt;/td&gt;&lt;/tr&gt;
&lt;tr&gt;&lt;td&gt;Latitude: -13.400768&lt;/td&gt;&lt;/tr&gt;
&lt;tr&gt;&lt;td&gt;Altitude: 4171.4 m&lt;/td&gt;&lt;/tr&gt;
&lt;tr&gt;&lt;td&gt;Time: 2026-04-27T16:47:49Z&lt;/td&gt;&lt;/tr&gt;
&lt;/table&gt;
</description>
<Point>
<coordinates>-71.859338,-13.400768,4171.4</coordinates>
</Point>
</Placemark>
<Placemark>
<name>Jose Collas (-47)-800</name>
<description>
&lt;table&gt;
&lt;tr&gt;&lt;td&gt;Longitude: -71.859375&lt;/td&gt;&lt;/tr&gt;
&lt;tr&gt;&lt;td&gt;Latitude: -13.400831&lt;/td&gt;&lt;/tr&gt;
&lt;tr&gt;&lt;td&gt;Altitude: 4172.2 m&lt;/td&gt;&lt;/tr&gt;
&lt;tr&gt;&lt;td&gt;Time: 2026-04-27T16:47:56Z&lt;/td&gt;&lt;/tr&gt;
&lt;/table&gt;
</description>
<Point>
<coordinates>-71.859375,-13.400831,4172.2</coordinates>
</Point>
</Placemark>
<Placemark>
<name>Jose Collas (-47)-801</name>
<description>
&lt;table&gt;
&lt;tr&gt;&lt;td&gt;Longitude: -71.859397&lt;/td&gt;&lt;/tr&gt;
&lt;tr&gt;&lt;td&gt;Latitude: -13.400956&lt;/td&gt;&lt;/tr&gt;
&lt;tr&gt;&lt;td&gt;Altitude: 4173.8 m&lt;/td&gt;&lt;/tr&gt;
&lt;tr&gt;&lt;td&gt;Time: 2026-04-27T16:48:09Z&lt;/td&gt;&lt;/tr&gt;
&lt;/table&gt;
</description>
<Point>
<coordinates>-71.859397,-13.400956,4173.8</coordinates>
</Point>
</Placemark>
<Placemark>
<name>Jose Collas (-47)-802</name>
<description>
&lt;table&gt;
&lt;tr&gt;&lt;td&gt;Longitude: -71.859385&lt;/td&gt;&lt;/tr&gt;
&lt;tr&gt;&lt;td&gt;Latitude: -13.401055&lt;/td&gt;&lt;/tr&gt;
&lt;tr&gt;&lt;td&gt;Altitude: 4174.6 m&lt;/td&gt;&lt;/tr&gt;
&lt;tr&gt;&lt;td&gt;Time: 2026-04-27T16:48:20Z&lt;/td&gt;&lt;/tr&gt;
&lt;/table&gt;
</description>
<Point>
<coordinates>-71.859385,-13.401055,4174.6</coordinates>
</Point>
</Placemark>
<Placemark>
<name>Jose Collas (-47)-803</name>
<description>
&lt;table&gt;
&lt;tr&gt;&lt;td&gt;Longitude: -71.859334&lt;/td&gt;&lt;/tr&gt;
&lt;tr&gt;&lt;td&gt;Latitude: -13.401171&lt;/td&gt;&lt;/tr&gt;
&lt;tr&gt;&lt;td&gt;Altitude: 4176.8 m&lt;/td&gt;&lt;/tr&gt;
&lt;tr&gt;&lt;td&gt;Time: 2026-04-27T16:48:38Z&lt;/td&gt;&lt;/tr&gt;
&lt;/table&gt;
</description>
<Point>
<coordinates>-71.859334,-13.401171,4176.8</coordinates>
</Point>
</Placemark>
<Placemark>
<name>Jose Collas (-47)-804</name>
<description>
&lt;table&gt;
&lt;tr&gt;&lt;td&gt;Longitude: -71.859416&lt;/td&gt;&lt;/tr&gt;
&lt;tr&gt;&lt;td&gt;Latitude: -13.401183&lt;/td&gt;&lt;/tr&gt;
&lt;tr&gt;&lt;td&gt;Altitude: 4176.4 m&lt;/td&gt;&lt;/tr&gt;
&lt;tr&gt;&lt;td&gt;Time: 2026-04-27T16:49:38Z&lt;/td&gt;&lt;/tr&gt;
&lt;/table&gt;
</description>
<Point>
<coordinates>-71.859416,-13.401183,4176.4</coordinates>
</Point>
</Placemark>
<Placemark>
<name>Jose Collas (-47)-805</name>
<description>
&lt;table&gt;
&lt;tr&gt;&lt;td&gt;Longitude: -71.859462&lt;/td&gt;&lt;/tr&gt;
&lt;tr&gt;&lt;td&gt;Latitude: -13.401212&lt;/td&gt;&lt;/tr&gt;
&lt;tr&gt;&lt;td&gt;Altitude: 4175.2 m&lt;/td&gt;&lt;/tr&gt;
&lt;tr&gt;&lt;td&gt;Time: 2026-04-27T16:49:45Z&lt;/td&gt;&lt;/tr&gt;
&lt;/table&gt;
</description>
<Point>
<coordinates>-71.859462,-13.401212,4175.2</coordinates>
</Point>
</Placemark>
<Placemark>
<name>Jose Collas (-47)-806</name>
<description>
&lt;table&gt;
&lt;tr&gt;&lt;td&gt;Longitude: -71.859469&lt;/td&gt;&lt;/tr&gt;
&lt;tr&gt;&lt;td&gt;Latitude: -13.401252&lt;/td&gt;&lt;/tr&gt;
&lt;tr&gt;&lt;td&gt;Altitude: 4174.2 m&lt;/td&gt;&lt;/tr&gt;
&lt;tr&gt;&lt;td&gt;Time: 2026-04-27T16:49:53Z&lt;/td&gt;&lt;/tr&gt;
&lt;/table&gt;
</description>
<Point>
<coordinates>-71.859469,-13.401252,4174.2</coordinates>
</Point>
</Placemark>
<Placemark>
<name>Jose Collas (-47)-807</name>
<description>
&lt;table&gt;
&lt;tr&gt;&lt;td&gt;Longitude: -71.859523&lt;/td&gt;&lt;/tr&gt;
&lt;tr&gt;&lt;td&gt;Latitude: -13.401305&lt;/td&gt;&lt;/tr&gt;
&lt;tr&gt;&lt;td&gt;Altitude: 4171 m&lt;/td&gt;&lt;/tr&gt;
&lt;tr&gt;&lt;td&gt;Time: 2026-04-27T16:50:09Z&lt;/td&gt;&lt;/tr&gt;
&lt;/table&gt;
</description>
<Point>
<coordinates>-71.859523,-13.401305,4171</coordinates>
</Point>
</Placemark>
<Placemark>
<name>Jose Collas (-47)-808</name>
<description>
&lt;table&gt;
&lt;tr&gt;&lt;td&gt;Longitude: -71.859539&lt;/td&gt;&lt;/tr&gt;
&lt;tr&gt;&lt;td&gt;Latitude: -13.401379&lt;/td&gt;&lt;/tr&gt;
&lt;tr&gt;&lt;td&gt;Altitude: 4169.8 m&lt;/td&gt;&lt;/tr&gt;
&lt;tr&gt;&lt;td&gt;Time: 2026-04-27T16:50:22Z&lt;/td&gt;&lt;/tr&gt;
&lt;/table&gt;
</description>
<Point>
<coordinates>-71.859539,-13.401379,4169.8</coordinates>
</Point>
</Placemark>
<Placemark>
<name>Jose Collas (-47)-809</name>
<description>
&lt;table&gt;
&lt;tr&gt;&lt;td&gt;Longitude: -71.859590&lt;/td&gt;&lt;/tr&gt;
&lt;tr&gt;&lt;td&gt;Latitude: -13.401478&lt;/td&gt;&lt;/tr&gt;
&lt;tr&gt;&lt;td&gt;Altitude: 4168.8 m&lt;/td&gt;&lt;/tr&gt;
&lt;tr&gt;&lt;td&gt;Time: 2026-04-27T16:50:56Z&lt;/td&gt;&lt;/tr&gt;
&lt;/table&gt;
</description>
<Point>
<coordinates>-71.859590,-13.401478,4168.8</coordinates>
</Point>
</Placemark>
<Placemark>
<name>Jose Collas (-47)-810</name>
<description>
&lt;table&gt;
&lt;tr&gt;&lt;td&gt;Longitude: -71.859707&lt;/td&gt;&lt;/tr&gt;
&lt;tr&gt;&lt;td&gt;Latitude: -13.401540&lt;/td&gt;&lt;/tr&gt;
&lt;tr&gt;&lt;td&gt;Altitude: 4167.6 m&lt;/td&gt;&lt;/tr&gt;
&lt;tr&gt;&lt;td&gt;Time: 2026-04-27T16:51:15Z&lt;/td&gt;&lt;/tr&gt;
&lt;/table&gt;
</description>
<Point>
<coordinates>-71.859707,-13.401540,4167.6</coordinates>
</Point>
</Placemark>
<Placemark>
<name>Jose Collas (-47)-811</name>
<description>
&lt;table&gt;
&lt;tr&gt;&lt;td&gt;Longitude: -71.859739&lt;/td&gt;&lt;/tr&gt;
&lt;tr&gt;&lt;td&gt;Latitude: -13.401601&lt;/td&gt;&lt;/tr&gt;
&lt;tr&gt;&lt;td&gt;Altitude: 4168.6 m&lt;/td&gt;&lt;/tr&gt;
&lt;tr&gt;&lt;td&gt;Time: 2026-04-27T16:51:27Z&lt;/td&gt;&lt;/tr&gt;
&lt;/table&gt;
</description>
<Point>
<coordinates>-71.859739,-13.401601,4168.6</coordinates>
</Point>
</Placemark>
<Placemark>
<name>Jose Collas (-47)-812</name>
<description>
&lt;table&gt;
&lt;tr&gt;&lt;td&gt;Longitude: -71.859737&lt;/td&gt;&lt;/tr&gt;
&lt;tr&gt;&lt;td&gt;Latitude: -13.401626&lt;/td&gt;&lt;/tr&gt;
&lt;tr&gt;&lt;td&gt;Altitude: 4169 m&lt;/td&gt;&lt;/tr&gt;
&lt;tr&gt;&lt;td&gt;Time: 2026-04-27T16:51:36Z&lt;/td&gt;&lt;/tr&gt;
&lt;/table&gt;
</description>
<Point>
<coordinates>-71.859737,-13.401626,4169</coordinates>
</Point>
</Placemark>
<Placemark>
<name>Jose Collas (-47)-813</name>
<description>
&lt;table&gt;
&lt;tr&gt;&lt;td&gt;Longitude: -71.859759&lt;/td&gt;&lt;/tr&gt;
&lt;tr&gt;&lt;td&gt;Latitude: -13.401577&lt;/td&gt;&lt;/tr&gt;
&lt;tr&gt;&lt;td&gt;Altitude: 4169.8 m&lt;/td&gt;&lt;/tr&gt;
&lt;tr&gt;&lt;td&gt;Time: 2026-04-27T16:51:57Z&lt;/td&gt;&lt;/tr&gt;
&lt;/table&gt;
</description>
<Point>
<coordinates>-71.859759,-13.401577,4169.8</coordinates>
</Point>
</Placemark>
<Placemark>
<name>Jose Collas (-47)-814</name>
<description>
&lt;table&gt;
&lt;tr&gt;&lt;td&gt;Longitude: -71.859791&lt;/td&gt;&lt;/tr&gt;
&lt;tr&gt;&lt;td&gt;Latitude: -13.401590&lt;/td&gt;&lt;/tr&gt;
&lt;tr&gt;&lt;td&gt;Altitude: 4170.8 m&lt;/td&gt;&lt;/tr&gt;
&lt;tr&gt;&lt;td&gt;Time: 2026-04-27T16:52:10Z&lt;/td&gt;&lt;/tr&gt;
&lt;/table&gt;
</description>
<Point>
<coordinates>-71.859791,-13.401590,4170.8</coordinates>
</Point>
</Placemark>
<Placemark>
<name>Jose Collas (-47)-815</name>
<description>
&lt;table&gt;
&lt;tr&gt;&lt;td&gt;Longitude: -71.859800&lt;/td&gt;&lt;/tr&gt;
&lt;tr&gt;&lt;td&gt;Latitude: -13.401566&lt;/td&gt;&lt;/tr&gt;
&lt;tr&gt;&lt;td&gt;Altitude: 4171.4 m&lt;/td&gt;&lt;/tr&gt;
&lt;tr&gt;&lt;td&gt;Time: 2026-04-27T16:52:17Z&lt;/td&gt;&lt;/tr&gt;
&lt;/table&gt;
</description>
<Point>
<coordinates>-71.859800,-13.401566,4171.4</coordinates>
</Point>
</Placemark>
<Placemark>
<name>Jose Collas (-47)-816</name>
<description>
&lt;table&gt;
&lt;tr&gt;&lt;td&gt;Longitude: -71.859911&lt;/td&gt;&lt;/tr&gt;
&lt;tr&gt;&lt;td&gt;Latitude: -13.401478&lt;/td&gt;&lt;/tr&gt;
&lt;tr&gt;&lt;td&gt;Altitude: 4171.2 m&lt;/td&gt;&lt;/tr&gt;
&lt;tr&gt;&lt;td&gt;Time: 2026-04-27T16:52:42Z&lt;/td&gt;&lt;/tr&gt;
&lt;/table&gt;
</description>
<Point>
<coordinates>-71.859911,-13.401478,4171.2</coordinates>
</Point>
</Placemark>
<Placemark>
<name>Jose Collas (-47)-817</name>
<description>
&lt;table&gt;
&lt;tr&gt;&lt;td&gt;Longitude: -71.859994&lt;/td&gt;&lt;/tr&gt;
&lt;tr&gt;&lt;td&gt;Latitude: -13.401445&lt;/td&gt;&lt;/tr&gt;
&lt;tr&gt;&lt;td&gt;Altitude: 4170 m&lt;/td&gt;&lt;/tr&gt;
&lt;tr&gt;&lt;td&gt;Time: 2026-04-27T16:53:03Z&lt;/td&gt;&lt;/tr&gt;
&lt;/table&gt;
</description>
<Point>
<coordinates>-71.859994,-13.401445,4170</coordinates>
</Point>
</Placemark>
<Placemark>
<name>Jose Collas (-47)-818</name>
<description>
&lt;table&gt;
&lt;tr&gt;&lt;td&gt;Longitude: -71.860058&lt;/td&gt;&lt;/tr&gt;
&lt;tr&gt;&lt;td&gt;Latitude: -13.401306&lt;/td&gt;&lt;/tr&gt;
&lt;tr&gt;&lt;td&gt;Altitude: 4167 m&lt;/td&gt;&lt;/tr&gt;
&lt;tr&gt;&lt;td&gt;Time: 2026-04-27T16:53:19Z&lt;/td&gt;&lt;/tr&gt;
&lt;/table&gt;
</description>
<Point>
<coordinates>-71.860058,-13.401306,4167</coordinates>
</Point>
</Placemark>
<Placemark>
<name>Jose Collas (-47)-819</name>
<description>
&lt;table&gt;
&lt;tr&gt;&lt;td&gt;Longitude: -71.860103&lt;/td&gt;&lt;/tr&gt;
&lt;tr&gt;&lt;td&gt;Latitude: -13.401251&lt;/td&gt;&lt;/tr&gt;
&lt;tr&gt;&lt;td&gt;Altitude: 4167 m&lt;/td&gt;&lt;/tr&gt;
&lt;tr&gt;&lt;td&gt;Time: 2026-04-27T16:53:30Z&lt;/td&gt;&lt;/tr&gt;
&lt;/table&gt;
</description>
<Point>
<coordinates>-71.860103,-13.401251,4167</coordinates>
</Point>
</Placemark>
<Placemark>
<name>Jose Collas (-47)-820</name>
<description>
&lt;table&gt;
&lt;tr&gt;&lt;td&gt;Longitude: -71.860188&lt;/td&gt;&lt;/tr&gt;
&lt;tr&gt;&lt;td&gt;Latitude: -13.401213&lt;/td&gt;&lt;/tr&gt;
&lt;tr&gt;&lt;td&gt;Altitude: 4167.8 m&lt;/td&gt;&lt;/tr&gt;
&lt;tr&gt;&lt;td&gt;Time: 2026-04-27T16:53:42Z&lt;/td&gt;&lt;/tr&gt;
&lt;/table&gt;
</description>
<Point>
<coordinates>-71.860188,-13.401213,4167.8</coordinates>
</Point>
</Placemark>
<Placemark>
<name>Jose Collas (-47)-821</name>
<description>
&lt;table&gt;
&lt;tr&gt;&lt;td&gt;Longitude: -71.860264&lt;/td&gt;&lt;/tr&gt;
&lt;tr&gt;&lt;td&gt;Latitude: -13.401229&lt;/td&gt;&lt;/tr&gt;
&lt;tr&gt;&lt;td&gt;Altitude: 4168.2 m&lt;/td&gt;&lt;/tr&gt;
&lt;tr&gt;&lt;td&gt;Time: 2026-04-27T16:53:53Z&lt;/td&gt;&lt;/tr&gt;
&lt;/table&gt;
</description>
<Point>
<coordinates>-71.860264,-13.401229,4168.2</coordinates>
</Point>
</Placemark>
<Placemark>
<name>Jose Collas (-47)-822</name>
<description>
&lt;table&gt;
&lt;tr&gt;&lt;td&gt;Longitude: -71.860263&lt;/td&gt;&lt;/tr&gt;
&lt;tr&gt;&lt;td&gt;Latitude: -13.401273&lt;/td&gt;&lt;/tr&gt;
&lt;tr&gt;&lt;td&gt;Altitude: 4168.2 m&lt;/td&gt;&lt;/tr&gt;
&lt;tr&gt;&lt;td&gt;Time: 2026-04-27T16:54:24Z&lt;/td&gt;&lt;/tr&gt;
&lt;/table&gt;
</description>
<Point>
<coordinates>-71.860263,-13.401273,4168.2</coordinates>
</Point>
</Placemark>
<Placemark>
<name>Jose Collas (-47)-823</name>
<description>
&lt;table&gt;
&lt;tr&gt;&lt;td&gt;Longitude: -71.860257&lt;/td&gt;&lt;/tr&gt;
&lt;tr&gt;&lt;td&gt;Latitude: -13.401246&lt;/td&gt;&lt;/tr&gt;
&lt;tr&gt;&lt;td&gt;Altitude: 4165.6 m&lt;/td&gt;&lt;/tr&gt;
&lt;tr&gt;&lt;td&gt;Time: 2026-04-27T16:58:33Z&lt;/td&gt;&lt;/tr&gt;
&lt;/table&gt;
</description>
<Point>
<coordinates>-71.860257,-13.401246,4165.6</coordinates>
</Point>
</Placemark>
<Placemark>
<name>Jose Collas (-47)-824</name>
<description>
&lt;table&gt;
&lt;tr&gt;&lt;td&gt;Longitude: -71.860269&lt;/td&gt;&lt;/tr&gt;
&lt;tr&gt;&lt;td&gt;Latitude: -13.401248&lt;/td&gt;&lt;/tr&gt;
&lt;tr&gt;&lt;td&gt;Altitude: 4165.6 m&lt;/td&gt;&lt;/tr&gt;
&lt;tr&gt;&lt;td&gt;Time: 2026-04-27T17:12:10Z&lt;/td&gt;&lt;/tr&gt;
&lt;/table&gt;
</description>
<Point>
<coordinates>-71.860269,-13.401248,4165.6</coordinates>
</Point>
</Placemark>
</Document>
</kml>