<?xml version="1.0" encoding="UTF-8"?><gpx creator="Wikiloc - https://www.wikiloc.com" version="1.1" xmlns="http://www.topografix.com/GPX/1/1" xmlns:xsi="http://www.w3.org/2001/XMLSchema-instance" xsi:schemaLocation="http://www.topografix.com/GPX/1/1 http://www.topografix.com/GPX/1/1/gpx.xsd"><metadata><name>Wikiloc - Apu Linli hike</name><author><name>Sam Fraser</name><link href="https://www.wikiloc.com/wikiloc/user.do?id=8240481"><text>Sam Fraser on Wikiloc</text></link></author><link href="https://www.wikiloc.com/hiking-trails/apu-linli-hike-66115188"><text>Apu Linli hike on Wikiloc</text></link><time>2021-02-19T19:55:10Z</time></metadata><trk><name>Apu Linli hike - Wikiloc</name><cmt></cmt><desc></desc><trkseg><trkpt lat="-13.411119" lon="-71.847410"><ele>3381.261</ele><time>2021-02-19T16:26:26Z</time></trkpt><trkpt lat="-13.411123" lon="-71.847359"><ele>3381.921</ele><time>2021-02-19T16:26:31Z</time></trkpt><trkpt lat="-13.411110" lon="-71.847307"><ele>3382.513</ele><time>2021-02-19T16:26:38Z</time></trkpt><trkpt lat="-13.411088" lon="-71.847264"><ele>3383.408</ele><time>2021-02-19T16:26:44Z</time></trkpt><trkpt lat="-13.411065" lon="-71.847223"><ele>3384.412</ele><time>2021-02-19T16:26:52Z</time></trkpt><trkpt lat="-13.411023" lon="-71.847249"><ele>3384.242</ele><time>2021-02-19T16:27:03Z</time></trkpt><trkpt lat="-13.411067" lon="-71.847263"><ele>3384.237</ele><time>2021-02-19T16:28:14Z</time></trkpt><trkpt lat="-13.411057" lon="-71.847212"><ele>3384.697</ele><time>2021-02-19T16:28:40Z</time></trkpt><trkpt lat="-13.411018" lon="-71.847185"><ele>3385.611</ele><time>2021-02-19T16:28:47Z</time></trkpt><trkpt lat="-13.411006" lon="-71.847231"><ele>3386.957</ele><time>2021-02-19T16:28:52Z</time></trkpt><trkpt lat="-13.410991" lon="-71.847285"><ele>3387.444</ele><time>2021-02-19T16:28:57Z</time></trkpt><trkpt lat="-13.410984" lon="-71.847331"><ele>3387.724</ele><time>2021-02-19T16:29:01Z</time></trkpt><trkpt lat="-13.410959" lon="-71.847373"><ele>3387.777</ele><time>2021-02-19T16:29:05Z</time></trkpt><trkpt lat="-13.410978" lon="-71.847419"><ele>3388.761</ele><time>2021-02-19T16:29:13Z</time></trkpt><trkpt lat="-13.410986" lon="-71.847467"><ele>3389.527</ele><time>2021-02-19T16:29:18Z</time></trkpt><trkpt lat="-13.410996" lon="-71.847513"><ele>3391.408</ele><time>2021-02-19T16:29:23Z</time></trkpt><trkpt lat="-13.410986" lon="-71.847565"><ele>3393.863</ele><time>2021-02-19T16:29:38Z</time></trkpt><trkpt lat="-13.410973" lon="-71.847615"><ele>3395.473</ele><time>2021-02-19T16:30:00Z</time></trkpt><trkpt lat="-13.410962" lon="-71.847664"><ele>3396.478</ele><time>2021-02-19T16:30:05Z</time></trkpt><trkpt lat="-13.410944" lon="-71.847711"><ele>3397.328</ele><time>2021-02-19T16:30:11Z</time></trkpt><trkpt lat="-13.410935" lon="-71.847758"><ele>3397.682</ele><time>2021-02-19T16:30:17Z</time></trkpt><trkpt lat="-13.410895" lon="-71.847731"><ele>3398.498</ele><time>2021-02-19T16:30:30Z</time></trkpt><trkpt lat="-13.410921" lon="-71.847781"><ele>3400.995</ele><time>2021-02-19T16:30:37Z</time></trkpt><trkpt lat="-13.410955" lon="-71.847814"><ele>3403.455</ele><time>2021-02-19T16:30:45Z</time></trkpt><trkpt lat="-13.410984" lon="-71.847850"><ele>3405.221</ele><time>2021-02-19T16:30:50Z</time></trkpt><trkpt lat="-13.411001" lon="-71.847898"><ele>3406.541</ele><time>2021-02-19T16:30:54Z</time></trkpt><trkpt lat="-13.411012" lon="-71.847943"><ele>3408.205</ele><time>2021-02-19T16:31:02Z</time></trkpt><trkpt lat="-13.410967" lon="-71.847937"><ele>3409.308</ele><time>2021-02-19T16:31:08Z</time></trkpt><trkpt lat="-13.410988" lon="-71.847983"><ele>3411.128</ele><time>2021-02-19T16:31:22Z</time></trkpt><trkpt lat="-13.410972" lon="-71.848037"><ele>3413.478</ele><time>2021-02-19T16:31:31Z</time></trkpt><trkpt lat="-13.410921" lon="-71.848032"><ele>3416.673</ele><time>2021-02-19T16:31:44Z</time></trkpt><trkpt lat="-13.410881" lon="-71.848009"><ele>3420.183</ele><time>2021-02-19T16:31:53Z</time></trkpt><trkpt lat="-13.410805" lon="-71.848030"><ele>3421.247</ele><time>2021-02-19T16:32:01Z</time></trkpt><trkpt lat="-13.410809" lon="-71.847979"><ele>3424.363</ele><time>2021-02-19T16:32:08Z</time></trkpt><trkpt lat="-13.410772" lon="-71.848016"><ele>3427.550</ele><time>2021-02-19T16:32:14Z</time></trkpt><trkpt lat="-13.410745" lon="-71.848075"><ele>3429.870</ele><time>2021-02-19T16:32:22Z</time></trkpt><trkpt lat="-13.410692" lon="-71.848053"><ele>3431.882</ele><time>2021-02-19T16:32:30Z</time></trkpt><trkpt lat="-13.410648" lon="-71.848067"><ele>3434.443</ele><time>2021-02-19T16:32:46Z</time></trkpt><trkpt lat="-13.410599" lon="-71.848048"><ele>3437.117</ele><time>2021-02-19T16:32:58Z</time></trkpt><trkpt lat="-13.410610" lon="-71.847989"><ele>3440.208</ele><time>2021-02-19T16:33:14Z</time></trkpt><trkpt lat="-13.410475" lon="-71.847893"><ele>3443.364</ele><time>2021-02-19T16:35:47Z</time></trkpt><trkpt lat="-13.410338" lon="-71.847847"><ele>3446.054</ele><time>2021-02-19T16:35:55Z</time></trkpt><trkpt lat="-13.410276" lon="-71.847785"><ele>3448.649</ele><time>2021-02-19T16:36:03Z</time></trkpt><trkpt lat="-13.410209" lon="-71.847737"><ele>3450.789</ele><time>2021-02-19T16:36:11Z</time></trkpt><trkpt lat="-13.410135" lon="-71.847760"><ele>3454.713</ele><time>2021-02-19T16:36:35Z</time></trkpt><trkpt lat="-13.410089" lon="-71.847768"><ele>3456.659</ele><time>2021-02-19T16:38:18Z</time></trkpt><trkpt lat="-13.409942" lon="-71.847733"><ele>3457.796</ele><time>2021-02-19T16:38:48Z</time></trkpt><trkpt lat="-13.409889" lon="-71.847704"><ele>3461.046</ele><time>2021-02-19T16:38:53Z</time></trkpt><trkpt lat="-13.409799" lon="-71.847714"><ele>3463.551</ele><time>2021-02-19T16:39:03Z</time></trkpt><trkpt lat="-13.409756" lon="-71.847687"><ele>3465.401</ele><time>2021-02-19T16:39:08Z</time></trkpt><trkpt lat="-13.409734" lon="-71.847639"><ele>3467.211</ele><time>2021-02-19T16:39:13Z</time></trkpt><trkpt lat="-13.409730" lon="-71.847588"><ele>3469.708</ele><time>2021-02-19T16:39:18Z</time></trkpt><trkpt lat="-13.409684" lon="-71.847542"><ele>3473.061</ele><time>2021-02-19T16:39:28Z</time></trkpt><trkpt lat="-13.409621" lon="-71.847511"><ele>3475.561</ele><time>2021-02-19T16:39:38Z</time></trkpt><trkpt lat="-13.409556" lon="-71.847447"><ele>3478.416</ele><time>2021-02-19T16:39:48Z</time></trkpt><trkpt lat="-13.409510" lon="-71.847436"><ele>3481.116</ele><time>2021-02-19T16:39:58Z</time></trkpt><trkpt lat="-13.409474" lon="-71.847396"><ele>3483.710</ele><time>2021-02-19T16:40:41Z</time></trkpt><trkpt lat="-13.409426" lon="-71.847363"><ele>3485.656</ele><time>2021-02-19T16:41:02Z</time></trkpt><trkpt lat="-13.409371" lon="-71.847364"><ele>3487.873</ele><time>2021-02-19T16:41:17Z</time></trkpt><trkpt lat="-13.409321" lon="-71.847363"><ele>3489.743</ele><time>2021-02-19T16:41:23Z</time></trkpt><trkpt lat="-13.409265" lon="-71.847347"><ele>3491.793</ele><time>2021-02-19T16:41:29Z</time></trkpt><trkpt lat="-13.409206" lon="-71.847338"><ele>3493.565</ele><time>2021-02-19T16:41:35Z</time></trkpt><trkpt lat="-13.409159" lon="-71.847328"><ele>3494.221</ele><time>2021-02-19T16:41:41Z</time></trkpt><trkpt lat="-13.409096" lon="-71.847325"><ele>3496.008</ele><time>2021-02-19T16:41:50Z</time></trkpt><trkpt lat="-13.409046" lon="-71.847313"><ele>3498.015</ele><time>2021-02-19T16:41:56Z</time></trkpt><trkpt lat="-13.408995" lon="-71.847296"><ele>3500.125</ele><time>2021-02-19T16:42:02Z</time></trkpt><trkpt lat="-13.408921" lon="-71.847268"><ele>3501.310</ele><time>2021-02-19T16:42:08Z</time></trkpt><trkpt lat="-13.408864" lon="-71.847256"><ele>3502.570</ele><time>2021-02-19T16:42:17Z</time></trkpt><trkpt lat="-13.408808" lon="-71.847255"><ele>3504.414</ele><time>2021-02-19T16:42:26Z</time></trkpt><trkpt lat="-13.408759" lon="-71.847258"><ele>3506.460</ele><time>2021-02-19T16:42:35Z</time></trkpt><trkpt lat="-13.408702" lon="-71.847291"><ele>3506.857</ele><time>2021-02-19T16:42:45Z</time></trkpt><trkpt lat="-13.408664" lon="-71.847357"><ele>3507.657</ele><time>2021-02-19T16:42:55Z</time></trkpt><trkpt lat="-13.408590" lon="-71.847396"><ele>3508.617</ele><time>2021-02-19T16:43:05Z</time></trkpt><trkpt lat="-13.408538" lon="-71.847374"><ele>3510.387</ele><time>2021-02-19T16:43:35Z</time></trkpt><trkpt lat="-13.408479" lon="-71.847410"><ele>3513.015</ele><time>2021-02-19T16:43:50Z</time></trkpt><trkpt lat="-13.408428" lon="-71.847395"><ele>3514.808</ele><time>2021-02-19T16:44:00Z</time></trkpt><trkpt lat="-13.408387" lon="-71.847434"><ele>3515.127</ele><time>2021-02-19T16:44:10Z</time></trkpt><trkpt lat="-13.408320" lon="-71.847457"><ele>3516.667</ele><time>2021-02-19T16:44:30Z</time></trkpt><trkpt lat="-13.408268" lon="-71.847508"><ele>3518.862</ele><time>2021-02-19T16:44:40Z</time></trkpt><trkpt lat="-13.408210" lon="-71.847522"><ele>3519.332</ele><time>2021-02-19T16:44:50Z</time></trkpt><trkpt lat="-13.408143" lon="-71.847480"><ele>3518.846</ele><time>2021-02-19T16:45:00Z</time></trkpt><trkpt lat="-13.408099" lon="-71.847467"><ele>3520.482</ele><time>2021-02-19T16:45:05Z</time></trkpt><trkpt lat="-13.407995" lon="-71.847482"><ele>3519.979</ele><time>2021-02-19T16:45:20Z</time></trkpt><trkpt lat="-13.407930" lon="-71.847453"><ele>3519.579</ele><time>2021-02-19T16:45:35Z</time></trkpt><trkpt lat="-13.407882" lon="-71.847455"><ele>3519.244</ele><time>2021-02-19T16:45:45Z</time></trkpt><trkpt lat="-13.407822" lon="-71.847387"><ele>3518.805</ele><time>2021-02-19T16:46:00Z</time></trkpt><trkpt lat="-13.407799" lon="-71.847338"><ele>3519.215</ele><time>2021-02-19T16:46:05Z</time></trkpt><trkpt lat="-13.407765" lon="-71.847414"><ele>3522.308</ele><time>2021-02-19T16:46:15Z</time></trkpt><trkpt lat="-13.407695" lon="-71.847396"><ele>3523.280</ele><time>2021-02-19T16:46:20Z</time></trkpt><trkpt lat="-13.407634" lon="-71.847406"><ele>3522.740</ele><time>2021-02-19T16:46:25Z</time></trkpt><trkpt lat="-13.407578" lon="-71.847418"><ele>3523.385</ele><time>2021-02-19T16:46:30Z</time></trkpt><trkpt lat="-13.407532" lon="-71.847414"><ele>3525.125</ele><time>2021-02-19T16:46:35Z</time></trkpt><trkpt lat="-13.407482" lon="-71.847425"><ele>3527.499</ele><time>2021-02-19T16:46:40Z</time></trkpt><trkpt lat="-13.407425" lon="-71.847411"><ele>3528.735</ele><time>2021-02-19T16:46:45Z</time></trkpt><trkpt lat="-13.407365" lon="-71.847405"><ele>3530.212</ele><time>2021-02-19T16:46:50Z</time></trkpt><trkpt lat="-13.407316" lon="-71.847461"><ele>3534.292</ele><time>2021-02-19T16:47:00Z</time></trkpt><trkpt lat="-13.407249" lon="-71.847479"><ele>3538.235</ele><time>2021-02-19T16:47:24Z</time></trkpt><trkpt lat="-13.407160" lon="-71.847496"><ele>3542.286</ele><time>2021-02-19T16:47:29Z</time></trkpt><trkpt lat="-13.407058" lon="-71.847514"><ele>3544.814</ele><time>2021-02-19T16:47:34Z</time></trkpt><trkpt lat="-13.407006" lon="-71.847508"><ele>3547.508</ele><time>2021-02-19T16:47:39Z</time></trkpt><trkpt lat="-13.406946" lon="-71.847499"><ele>3549.439</ele><time>2021-02-19T16:47:44Z</time></trkpt><trkpt lat="-13.406898" lon="-71.847489"><ele>3550.849</ele><time>2021-02-19T16:47:49Z</time></trkpt><trkpt lat="-13.406773" lon="-71.847482"><ele>3552.984</ele><time>2021-02-19T16:48:02Z</time></trkpt><trkpt lat="-13.406582" lon="-71.847492"><ele>3553.194</ele><time>2021-02-19T16:48:19Z</time></trkpt><trkpt lat="-13.406509" lon="-71.847516"><ele>3551.058</ele><time>2021-02-19T16:48:28Z</time></trkpt><trkpt lat="-13.406410" lon="-71.847596"><ele>3547.654</ele><time>2021-02-19T16:48:37Z</time></trkpt><trkpt lat="-13.406345" lon="-71.847649"><ele>3549.241</ele><time>2021-02-19T16:48:46Z</time></trkpt><trkpt lat="-13.406252" lon="-71.847659"><ele>3551.691</ele><time>2021-02-19T16:48:55Z</time></trkpt><trkpt lat="-13.406174" lon="-71.847649"><ele>3554.531</ele><time>2021-02-19T16:49:04Z</time></trkpt><trkpt lat="-13.406115" lon="-71.847519"><ele>3553.361</ele><time>2021-02-19T16:49:58Z</time></trkpt><trkpt lat="-13.406043" lon="-71.847618"><ele>3555.607</ele><time>2021-02-19T16:50:07Z</time></trkpt><trkpt lat="-13.405975" lon="-71.847668"><ele>3557.908</ele><time>2021-02-19T16:50:16Z</time></trkpt><trkpt lat="-13.405905" lon="-71.847643"><ele>3554.079</ele><time>2021-02-19T16:50:25Z</time></trkpt><trkpt lat="-13.405922" lon="-71.847687"><ele>3558.039</ele><time>2021-02-19T16:52:34Z</time></trkpt><trkpt lat="-13.405853" lon="-71.847647"><ele>3558.284</ele><time>2021-02-19T16:53:01Z</time></trkpt><trkpt lat="-13.405771" lon="-71.847625"><ele>3559.524</ele><time>2021-02-19T16:53:10Z</time></trkpt><trkpt lat="-13.405720" lon="-71.847611"><ele>3559.268</ele><time>2021-02-19T16:53:17Z</time></trkpt><trkpt lat="-13.405668" lon="-71.847554"><ele>3558.934</ele><time>2021-02-19T16:53:26Z</time></trkpt><trkpt lat="-13.405573" lon="-71.847553"><ele>3559.541</ele><time>2021-02-19T16:53:36Z</time></trkpt><trkpt lat="-13.405517" lon="-71.847547"><ele>3560.341</ele><time>2021-02-19T16:53:41Z</time></trkpt><trkpt lat="-13.405471" lon="-71.847535"><ele>3560.516</ele><time>2021-02-19T16:53:46Z</time></trkpt><trkpt lat="-13.405445" lon="-71.847492"><ele>3563.576</ele><time>2021-02-19T16:54:16Z</time></trkpt><trkpt lat="-13.405392" lon="-71.847497"><ele>3566.213</ele><time>2021-02-19T16:54:21Z</time></trkpt><trkpt lat="-13.405338" lon="-71.847501"><ele>3569.208</ele><time>2021-02-19T16:54:26Z</time></trkpt><trkpt lat="-13.405280" lon="-71.847507"><ele>3570.797</ele><time>2021-02-19T16:54:36Z</time></trkpt><trkpt lat="-13.404958" lon="-71.847432"><ele>3569.447</ele><time>2021-02-19T16:55:14Z</time></trkpt><trkpt lat="-13.404880" lon="-71.847432"><ele>3572.452</ele><time>2021-02-19T16:55:32Z</time></trkpt><trkpt lat="-13.404824" lon="-71.847461"><ele>3571.082</ele><time>2021-02-19T16:55:46Z</time></trkpt><trkpt lat="-13.404774" lon="-71.847486"><ele>3571.216</ele><time>2021-02-19T16:55:51Z</time></trkpt><trkpt lat="-13.404724" lon="-71.847493"><ele>3574.812</ele><time>2021-02-19T16:56:11Z</time></trkpt><trkpt lat="-13.404676" lon="-71.847492"><ele>3577.739</ele><time>2021-02-19T16:56:16Z</time></trkpt><trkpt lat="-13.404630" lon="-71.847496"><ele>3579.989</ele><time>2021-02-19T16:56:21Z</time></trkpt><trkpt lat="-13.404581" lon="-71.847502"><ele>3581.479</ele><time>2021-02-19T16:56:26Z</time></trkpt><trkpt lat="-13.404531" lon="-71.847529"><ele>3580.905</ele><time>2021-02-19T16:56:31Z</time></trkpt><trkpt lat="-13.404454" lon="-71.847535"><ele>3582.325</ele><time>2021-02-19T16:56:41Z</time></trkpt><trkpt lat="-13.404365" lon="-71.847518"><ele>3585.008</ele><time>2021-02-19T16:56:51Z</time></trkpt><trkpt lat="-13.404299" lon="-71.847501"><ele>3586.673</ele><time>2021-02-19T16:56:56Z</time></trkpt><trkpt lat="-13.404248" lon="-71.847501"><ele>3589.213</ele><time>2021-02-19T16:57:01Z</time></trkpt><trkpt lat="-13.404174" lon="-71.847446"><ele>3592.558</ele><time>2021-02-19T16:57:11Z</time></trkpt><trkpt lat="-13.404128" lon="-71.847430"><ele>3594.978</ele><time>2021-02-19T16:57:16Z</time></trkpt><trkpt lat="-13.404084" lon="-71.847401"><ele>3597.142</ele><time>2021-02-19T16:57:21Z</time></trkpt><trkpt lat="-13.404034" lon="-71.847349"><ele>3597.838</ele><time>2021-02-19T16:57:31Z</time></trkpt><trkpt lat="-13.403991" lon="-71.847324"><ele>3599.155</ele><time>2021-02-19T17:00:16Z</time></trkpt><trkpt lat="-13.403922" lon="-71.847311"><ele>3601.025</ele><time>2021-02-19T17:00:23Z</time></trkpt><trkpt lat="-13.403869" lon="-71.847301"><ele>3602.988</ele><time>2021-02-19T17:00:29Z</time></trkpt><trkpt lat="-13.403814" lon="-71.847295"><ele>3605.024</ele><time>2021-02-19T17:00:35Z</time></trkpt><trkpt lat="-13.403767" lon="-71.847298"><ele>3606.626</ele><time>2021-02-19T17:00:41Z</time></trkpt><trkpt lat="-13.403706" lon="-71.847278"><ele>3608.908</ele><time>2021-02-19T17:00:50Z</time></trkpt><trkpt lat="-13.403652" lon="-71.847277"><ele>3610.894</ele><time>2021-02-19T17:00:56Z</time></trkpt><trkpt lat="-13.403605" lon="-71.847278"><ele>3612.134</ele><time>2021-02-19T17:01:02Z</time></trkpt><trkpt lat="-13.403550" lon="-71.847269"><ele>3613.829</ele><time>2021-02-19T17:01:08Z</time></trkpt><trkpt lat="-13.403453" lon="-71.847293"><ele>3615.879</ele><time>2021-02-19T17:01:19Z</time></trkpt><trkpt lat="-13.403480" lon="-71.847208"><ele>3618.443</ele><time>2021-02-19T17:01:28Z</time></trkpt><trkpt lat="-13.403490" lon="-71.847156"><ele>3619.189</ele><time>2021-02-19T17:01:33Z</time></trkpt><trkpt lat="-13.403493" lon="-71.847108"><ele>3619.076</ele><time>2021-02-19T17:01:38Z</time></trkpt><trkpt lat="-13.403482" lon="-71.847056"><ele>3616.346</ele><time>2021-02-19T17:01:43Z</time></trkpt><trkpt lat="-13.403459" lon="-71.847014"><ele>3617.991</ele><time>2021-02-19T17:01:48Z</time></trkpt><trkpt lat="-13.403426" lon="-71.846981"><ele>3621.981</ele><time>2021-02-19T17:01:53Z</time></trkpt><trkpt lat="-13.403347" lon="-71.846979"><ele>3625.919</ele><time>2021-02-19T17:02:03Z</time></trkpt><trkpt lat="-13.403289" lon="-71.846969"><ele>3628.108</ele><time>2021-02-19T17:02:13Z</time></trkpt><trkpt lat="-13.403266" lon="-71.846899"><ele>3628.675</ele><time>2021-02-19T17:02:23Z</time></trkpt><trkpt lat="-13.403200" lon="-71.846847"><ele>3630.585</ele><time>2021-02-19T17:02:38Z</time></trkpt><trkpt lat="-13.403252" lon="-71.846798"><ele>3634.530</ele><time>2021-02-19T17:03:03Z</time></trkpt><trkpt lat="-13.403252" lon="-71.846740"><ele>3635.950</ele><time>2021-02-19T17:03:56Z</time></trkpt><trkpt lat="-13.403276" lon="-71.846678"><ele>3636.744</ele><time>2021-02-19T17:04:08Z</time></trkpt><trkpt lat="-13.403316" lon="-71.846637"><ele>3636.820</ele><time>2021-02-19T17:04:50Z</time></trkpt><trkpt lat="-13.403382" lon="-71.846620"><ele>3636.487</ele><time>2021-02-19T17:04:54Z</time></trkpt><trkpt lat="-13.403435" lon="-71.846686"><ele>3635.327</ele><time>2021-02-19T17:04:58Z</time></trkpt><trkpt lat="-13.403482" lon="-71.846662"><ele>3634.223</ele><time>2021-02-19T17:05:02Z</time></trkpt><trkpt lat="-13.403519" lon="-71.846628"><ele>3633.283</ele><time>2021-02-19T17:05:06Z</time></trkpt><trkpt lat="-13.403564" lon="-71.846618"><ele>3632.211</ele><time>2021-02-19T17:05:10Z</time></trkpt><trkpt lat="-13.403615" lon="-71.846602"><ele>3630.908</ele><time>2021-02-19T17:05:14Z</time></trkpt><trkpt lat="-13.403668" lon="-71.846596"><ele>3629.748</ele><time>2021-02-19T17:05:18Z</time></trkpt><trkpt lat="-13.403725" lon="-71.846582"><ele>3628.818</ele><time>2021-02-19T17:05:24Z</time></trkpt><trkpt lat="-13.403672" lon="-71.846597"><ele>3628.353</ele><time>2021-02-19T17:07:53Z</time></trkpt><trkpt lat="-13.403617" lon="-71.846610"><ele>3628.493</ele><time>2021-02-19T17:07:59Z</time></trkpt><trkpt lat="-13.403555" lon="-71.846631"><ele>3629.037</ele><time>2021-02-19T17:08:05Z</time></trkpt><trkpt lat="-13.403506" lon="-71.846627"><ele>3630.073</ele><time>2021-02-19T17:08:11Z</time></trkpt><trkpt lat="-13.403465" lon="-71.846658"><ele>3630.770</ele><time>2021-02-19T17:08:15Z</time></trkpt><trkpt lat="-13.403425" lon="-71.846686"><ele>3631.540</ele><time>2021-02-19T17:08:19Z</time></trkpt><trkpt lat="-13.403377" lon="-71.846726"><ele>3632.472</ele><time>2021-02-19T17:08:25Z</time></trkpt><trkpt lat="-13.403331" lon="-71.846759"><ele>3633.413</ele><time>2021-02-19T17:08:31Z</time></trkpt><trkpt lat="-13.403258" lon="-71.846781"><ele>3634.814</ele><time>2021-02-19T17:08:39Z</time></trkpt><trkpt lat="-13.403202" lon="-71.846792"><ele>3636.208</ele><time>2021-02-19T17:08:45Z</time></trkpt><trkpt lat="-13.403147" lon="-71.846807"><ele>3637.843</ele><time>2021-02-19T17:08:51Z</time></trkpt><trkpt lat="-13.403091" lon="-71.846814"><ele>3639.873</ele><time>2021-02-19T17:08:57Z</time></trkpt><trkpt lat="-13.403031" lon="-71.846830"><ele>3640.958</ele><time>2021-02-19T17:09:03Z</time></trkpt><trkpt lat="-13.402984" lon="-71.846834"><ele>3642.068</ele><time>2021-02-19T17:09:09Z</time></trkpt><trkpt lat="-13.402933" lon="-71.846836"><ele>3643.612</ele><time>2021-02-19T17:09:15Z</time></trkpt><trkpt lat="-13.402869" lon="-71.846862"><ele>3644.538</ele><time>2021-02-19T17:09:24Z</time></trkpt><trkpt lat="-13.402825" lon="-71.846853"><ele>3645.875</ele><time>2021-02-19T17:09:30Z</time></trkpt><trkpt lat="-13.402764" lon="-71.846841"><ele>3647.355</ele><time>2021-02-19T17:09:51Z</time></trkpt><trkpt lat="-13.402706" lon="-71.846845"><ele>3649.284</ele><time>2021-02-19T17:09:57Z</time></trkpt><trkpt lat="-13.402658" lon="-71.846817"><ele>3651.407</ele><time>2021-02-19T17:10:30Z</time></trkpt><trkpt lat="-13.402605" lon="-71.846819"><ele>3653.017</ele><time>2021-02-19T17:10:58Z</time></trkpt><trkpt lat="-13.402551" lon="-71.846788"><ele>3654.408</ele><time>2021-02-19T17:11:02Z</time></trkpt><trkpt lat="-13.402488" lon="-71.846787"><ele>3655.864</ele><time>2021-02-19T17:11:15Z</time></trkpt><trkpt lat="-13.402428" lon="-71.846785"><ele>3657.044</ele><time>2021-02-19T17:12:07Z</time></trkpt><trkpt lat="-13.402364" lon="-71.846772"><ele>3659.169</ele><time>2021-02-19T17:12:15Z</time></trkpt><trkpt lat="-13.402310" lon="-71.846751"><ele>3661.179</ele><time>2021-02-19T17:12:23Z</time></trkpt><trkpt lat="-13.402259" lon="-71.846731"><ele>3662.733</ele><time>2021-02-19T17:12:31Z</time></trkpt><trkpt lat="-13.402217" lon="-71.846705"><ele>3664.089</ele><time>2021-02-19T17:12:37Z</time></trkpt><trkpt lat="-13.402188" lon="-71.846670"><ele>3665.076</ele><time>2021-02-19T17:12:41Z</time></trkpt><trkpt lat="-13.402166" lon="-71.846629"><ele>3666.586</ele><time>2021-02-19T17:12:45Z</time></trkpt><trkpt lat="-13.402102" lon="-71.846621"><ele>3668.041</ele><time>2021-02-19T17:12:51Z</time></trkpt><trkpt lat="-13.402055" lon="-71.846624"><ele>3669.581</ele><time>2021-02-19T17:12:57Z</time></trkpt><trkpt lat="-13.402010" lon="-71.846628"><ele>3670.909</ele><time>2021-02-19T17:13:05Z</time></trkpt><trkpt lat="-13.401965" lon="-71.846614"><ele>3672.308</ele><time>2021-02-19T17:13:19Z</time></trkpt><trkpt lat="-13.401920" lon="-71.846606"><ele>3673.870</ele><time>2021-02-19T17:13:27Z</time></trkpt><trkpt lat="-13.401869" lon="-71.846599"><ele>3675.340</ele><time>2021-02-19T17:13:37Z</time></trkpt><trkpt lat="-13.401812" lon="-71.846603"><ele>3676.885</ele><time>2021-02-19T17:13:45Z</time></trkpt><trkpt lat="-13.401758" lon="-71.846580"><ele>3678.855</ele><time>2021-02-19T17:13:53Z</time></trkpt><trkpt lat="-13.401711" lon="-71.846564"><ele>3680.499</ele><time>2021-02-19T17:13:59Z</time></trkpt><trkpt lat="-13.401655" lon="-71.846552"><ele>3682.055</ele><time>2021-02-19T17:14:07Z</time></trkpt><trkpt lat="-13.401608" lon="-71.846541"><ele>3683.982</ele><time>2021-02-19T17:14:37Z</time></trkpt><trkpt lat="-13.401546" lon="-71.846519"><ele>3685.982</ele><time>2021-02-19T17:14:49Z</time></trkpt><trkpt lat="-13.401498" lon="-71.846503"><ele>3688.514</ele><time>2021-02-19T17:14:57Z</time></trkpt><trkpt lat="-13.401446" lon="-71.846500"><ele>3690.554</ele><time>2021-02-19T17:15:03Z</time></trkpt><trkpt lat="-13.401393" lon="-71.846502"><ele>3692.309</ele><time>2021-02-19T17:15:11Z</time></trkpt><trkpt lat="-13.401342" lon="-71.846491"><ele>3694.308</ele><time>2021-02-19T17:15:27Z</time></trkpt><trkpt lat="-13.401290" lon="-71.846501"><ele>3695.467</ele><time>2021-02-19T17:15:39Z</time></trkpt><trkpt lat="-13.401235" lon="-71.846515"><ele>3697.137</ele><time>2021-02-19T17:15:51Z</time></trkpt><trkpt lat="-13.401190" lon="-71.846521"><ele>3698.542</ele><time>2021-02-19T17:15:57Z</time></trkpt><trkpt lat="-13.401149" lon="-71.846548"><ele>3700.052</ele><time>2021-02-19T17:16:03Z</time></trkpt><trkpt lat="-13.401091" lon="-71.846560"><ele>3701.666</ele><time>2021-02-19T17:16:12Z</time></trkpt><trkpt lat="-13.401034" lon="-71.846547"><ele>3703.982</ele><time>2021-02-19T17:16:21Z</time></trkpt><trkpt lat="-13.400987" lon="-71.846550"><ele>3706.169</ele><time>2021-02-19T17:16:27Z</time></trkpt><trkpt lat="-13.400943" lon="-71.846535"><ele>3708.379</ele><time>2021-02-19T17:16:33Z</time></trkpt><trkpt lat="-13.400891" lon="-71.846516"><ele>3710.012</ele><time>2021-02-19T17:16:39Z</time></trkpt><trkpt lat="-13.400835" lon="-71.846530"><ele>3711.832</ele><time>2021-02-19T17:16:45Z</time></trkpt><trkpt lat="-13.400780" lon="-71.846530"><ele>3713.405</ele><time>2021-02-19T17:16:54Z</time></trkpt><trkpt lat="-13.400738" lon="-71.846571"><ele>3715.208</ele><time>2021-02-19T17:17:03Z</time></trkpt><trkpt lat="-13.400688" lon="-71.846615"><ele>3716.137</ele><time>2021-02-19T17:17:42Z</time></trkpt><trkpt lat="-13.400626" lon="-71.846636"><ele>3717.137</ele><time>2021-02-19T17:17:51Z</time></trkpt><trkpt lat="-13.400546" lon="-71.846662"><ele>3719.392</ele><time>2021-02-19T17:18:01Z</time></trkpt><trkpt lat="-13.400427" lon="-71.846702"><ele>3722.532</ele><time>2021-02-19T17:18:21Z</time></trkpt><trkpt lat="-13.400379" lon="-71.846749"><ele>3725.426</ele><time>2021-02-19T17:18:26Z</time></trkpt><trkpt lat="-13.400317" lon="-71.846792"><ele>3727.122</ele><time>2021-02-19T17:18:31Z</time></trkpt><trkpt lat="-13.400263" lon="-71.846819"><ele>3727.769</ele><time>2021-02-19T17:18:36Z</time></trkpt><trkpt lat="-13.400225" lon="-71.846847"><ele>3728.969</ele><time>2021-02-19T17:18:41Z</time></trkpt><trkpt lat="-13.400143" lon="-71.846932"><ele>3729.541</ele><time>2021-02-19T17:20:56Z</time></trkpt><trkpt lat="-13.399948" lon="-71.847029"><ele>3732.381</ele><time>2021-02-19T17:21:05Z</time></trkpt><trkpt lat="-13.399895" lon="-71.847077"><ele>3733.709</ele><time>2021-02-19T17:21:23Z</time></trkpt><trkpt lat="-13.399843" lon="-71.847057"><ele>3736.308</ele><time>2021-02-19T17:28:17Z</time></trkpt><trkpt lat="-13.399786" lon="-71.847070"><ele>3738.360</ele><time>2021-02-19T17:28:23Z</time></trkpt><trkpt lat="-13.399719" lon="-71.847078"><ele>3740.330</ele><time>2021-02-19T17:28:29Z</time></trkpt><trkpt lat="-13.399664" lon="-71.847094"><ele>3742.225</ele><time>2021-02-19T17:28:35Z</time></trkpt><trkpt lat="-13.399597" lon="-71.847095"><ele>3743.815</ele><time>2021-02-19T17:28:42Z</time></trkpt><trkpt lat="-13.399531" lon="-71.847118"><ele>3745.139</ele><time>2021-02-19T17:28:49Z</time></trkpt><trkpt lat="-13.399448" lon="-71.847127"><ele>3746.235</ele><time>2021-02-19T17:28:57Z</time></trkpt><trkpt lat="-13.399374" lon="-71.847164"><ele>3748.112</ele><time>2021-02-19T17:29:05Z</time></trkpt><trkpt lat="-13.399309" lon="-71.847184"><ele>3749.752</ele><time>2021-02-19T17:29:13Z</time></trkpt><trkpt lat="-13.399235" lon="-71.847205"><ele>3751.412</ele><time>2021-02-19T17:29:21Z</time></trkpt><trkpt lat="-13.399157" lon="-71.847245"><ele>3753.032</ele><time>2021-02-19T17:29:29Z</time></trkpt><trkpt lat="-13.399104" lon="-71.847250"><ele>3754.905</ele><time>2021-02-19T17:29:33Z</time></trkpt><trkpt lat="-13.399053" lon="-71.847280"><ele>3756.308</ele><time>2021-02-19T17:29:40Z</time></trkpt><trkpt lat="-13.399008" lon="-71.847301"><ele>3758.047</ele><time>2021-02-19T17:29:46Z</time></trkpt><trkpt lat="-13.398959" lon="-71.847330"><ele>3759.927</ele><time>2021-02-19T17:29:52Z</time></trkpt><trkpt lat="-13.398914" lon="-71.847351"><ele>3761.982</ele><time>2021-02-19T17:29:58Z</time></trkpt><trkpt lat="-13.398871" lon="-71.847384"><ele>3763.682</ele><time>2021-02-19T17:30:04Z</time></trkpt><trkpt lat="-13.398825" lon="-71.847421"><ele>3765.536</ele><time>2021-02-19T17:30:12Z</time></trkpt><trkpt lat="-13.398791" lon="-71.847458"><ele>3767.012</ele><time>2021-02-19T17:30:18Z</time></trkpt><trkpt lat="-13.398752" lon="-71.847487"><ele>3768.679</ele><time>2021-02-19T17:30:24Z</time></trkpt><trkpt lat="-13.398729" lon="-71.847530"><ele>3771.019</ele><time>2021-02-19T17:30:31Z</time></trkpt><trkpt lat="-13.398685" lon="-71.847562"><ele>3773.439</ele><time>2021-02-19T17:30:41Z</time></trkpt><trkpt lat="-13.398665" lon="-71.847611"><ele>3774.901</ele><time>2021-02-19T17:30:49Z</time></trkpt><trkpt lat="-13.398711" lon="-71.847647"><ele>3775.821</ele><time>2021-02-19T17:30:55Z</time></trkpt><trkpt lat="-13.398767" lon="-71.847663"><ele>3776.408</ele><time>2021-02-19T17:31:01Z</time></trkpt><trkpt lat="-13.398788" lon="-71.847707"><ele>3776.869</ele><time>2021-02-19T17:32:11Z</time></trkpt><trkpt lat="-13.398746" lon="-71.847688"><ele>3777.529</ele><time>2021-02-19T17:33:45Z</time></trkpt><trkpt lat="-13.398679" lon="-71.847687"><ele>3778.184</ele><time>2021-02-19T17:34:40Z</time></trkpt><trkpt lat="-13.398634" lon="-71.847702"><ele>3778.634</ele><time>2021-02-19T17:34:44Z</time></trkpt><trkpt lat="-13.398588" lon="-71.847705"><ele>3779.058</ele><time>2021-02-19T17:34:48Z</time></trkpt><trkpt lat="-13.398527" lon="-71.847710"><ele>3779.814</ele><time>2021-02-19T17:34:56Z</time></trkpt><trkpt lat="-13.398478" lon="-71.847691"><ele>3781.361</ele><time>2021-02-19T17:35:10Z</time></trkpt><trkpt lat="-13.398392" lon="-71.847720"><ele>3781.621</ele><time>2021-02-19T17:35:20Z</time></trkpt><trkpt lat="-13.398345" lon="-71.847750"><ele>3782.316</ele><time>2021-02-19T17:35:22Z</time></trkpt><trkpt lat="-13.398279" lon="-71.847770"><ele>3783.676</ele><time>2021-02-19T17:35:26Z</time></trkpt><trkpt lat="-13.398231" lon="-71.847779"><ele>3784.213</ele><time>2021-02-19T17:35:30Z</time></trkpt><trkpt lat="-13.398185" lon="-71.847787"><ele>3784.508</ele><time>2021-02-19T17:35:34Z</time></trkpt><trkpt lat="-13.398127" lon="-71.847798"><ele>3785.057</ele><time>2021-02-19T17:35:40Z</time></trkpt><trkpt lat="-13.398075" lon="-71.847815"><ele>3786.257</ele><time>2021-02-19T17:35:46Z</time></trkpt><trkpt lat="-13.398028" lon="-71.847816"><ele>3787.412</ele><time>2021-02-19T17:35:52Z</time></trkpt><trkpt lat="-13.397968" lon="-71.847809"><ele>3788.632</ele><time>2021-02-19T17:35:58Z</time></trkpt><trkpt lat="-13.397922" lon="-71.847810"><ele>3789.686</ele><time>2021-02-19T17:36:02Z</time></trkpt><trkpt lat="-13.397875" lon="-71.847814"><ele>3790.632</ele><time>2021-02-19T17:36:06Z</time></trkpt><trkpt lat="-13.397813" lon="-71.847824"><ele>3791.969</ele><time>2021-02-19T17:36:12Z</time></trkpt><trkpt lat="-13.397757" lon="-71.847822"><ele>3793.099</ele><time>2021-02-19T17:36:20Z</time></trkpt><trkpt lat="-13.397697" lon="-71.847830"><ele>3794.614</ele><time>2021-02-19T17:36:26Z</time></trkpt><trkpt lat="-13.397656" lon="-71.847853"><ele>3795.654</ele><time>2021-02-19T17:36:30Z</time></trkpt><trkpt lat="-13.397607" lon="-71.847863"><ele>3796.609</ele><time>2021-02-19T17:36:36Z</time></trkpt><trkpt lat="-13.397553" lon="-71.847865"><ele>3797.608</ele><time>2021-02-19T17:36:42Z</time></trkpt><trkpt lat="-13.397501" lon="-71.847832"><ele>3798.997</ele><time>2021-02-19T17:36:48Z</time></trkpt><trkpt lat="-13.397441" lon="-71.847837"><ele>3800.637</ele><time>2021-02-19T17:36:54Z</time></trkpt><trkpt lat="-13.397386" lon="-71.847862"><ele>3801.092</ele><time>2021-02-19T17:37:00Z</time></trkpt><trkpt lat="-13.397329" lon="-71.847859"><ele>3801.682</ele><time>2021-02-19T17:37:28Z</time></trkpt><trkpt lat="-13.397283" lon="-71.847855"><ele>3802.426</ele><time>2021-02-19T17:37:34Z</time></trkpt><trkpt lat="-13.397233" lon="-71.847861"><ele>3803.212</ele><time>2021-02-19T17:37:39Z</time></trkpt><trkpt lat="-13.397186" lon="-71.847862"><ele>3804.089</ele><time>2021-02-19T17:37:44Z</time></trkpt><trkpt lat="-13.397138" lon="-71.847865"><ele>3805.049</ele><time>2021-02-19T17:37:50Z</time></trkpt><trkpt lat="-13.397091" lon="-71.847875"><ele>3806.773</ele><time>2021-02-19T17:37:56Z</time></trkpt><trkpt lat="-13.397044" lon="-71.847878"><ele>3808.185</ele><time>2021-02-19T17:38:03Z</time></trkpt><trkpt lat="-13.396995" lon="-71.847890"><ele>3809.713</ele><time>2021-02-19T17:38:08Z</time></trkpt><trkpt lat="-13.396948" lon="-71.847898"><ele>3811.208</ele><time>2021-02-19T17:38:12Z</time></trkpt><trkpt lat="-13.396890" lon="-71.847895"><ele>3812.433</ele><time>2021-02-19T17:38:17Z</time></trkpt><trkpt lat="-13.396845" lon="-71.847898"><ele>3813.253</ele><time>2021-02-19T17:38:20Z</time></trkpt><trkpt lat="-13.396793" lon="-71.847886"><ele>3814.528</ele><time>2021-02-19T17:38:25Z</time></trkpt><trkpt lat="-13.396747" lon="-71.847883"><ele>3815.498</ele><time>2021-02-19T17:38:30Z</time></trkpt><trkpt lat="-13.396683" lon="-71.847885"><ele>3816.892</ele><time>2021-02-19T17:38:38Z</time></trkpt><trkpt lat="-13.396627" lon="-71.847892"><ele>3818.658</ele><time>2021-02-19T17:38:44Z</time></trkpt><trkpt lat="-13.396581" lon="-71.847902"><ele>3820.875</ele><time>2021-02-19T17:38:50Z</time></trkpt><trkpt lat="-13.396529" lon="-71.847906"><ele>3822.145</ele><time>2021-02-19T17:38:58Z</time></trkpt><trkpt lat="-13.396479" lon="-71.847913"><ele>3823.444</ele><time>2021-02-19T17:39:06Z</time></trkpt><trkpt lat="-13.396423" lon="-71.847922"><ele>3824.605</ele><time>2021-02-19T17:39:12Z</time></trkpt><trkpt lat="-13.396373" lon="-71.847928"><ele>3825.415</ele><time>2021-02-19T17:39:16Z</time></trkpt><trkpt lat="-13.396327" lon="-71.847925"><ele>3826.008</ele><time>2021-02-19T17:39:20Z</time></trkpt><trkpt lat="-13.396280" lon="-71.847932"><ele>3826.840</ele><time>2021-02-19T17:39:24Z</time></trkpt><trkpt lat="-13.396233" lon="-71.847938"><ele>3827.840</ele><time>2021-02-19T17:39:28Z</time></trkpt><trkpt lat="-13.396187" lon="-71.847943"><ele>3828.735</ele><time>2021-02-19T17:39:32Z</time></trkpt><trkpt lat="-13.396126" lon="-71.847947"><ele>3829.685</ele><time>2021-02-19T17:39:38Z</time></trkpt><trkpt lat="-13.396071" lon="-71.847950"><ele>3830.119</ele><time>2021-02-19T17:39:44Z</time></trkpt><trkpt lat="-13.396026" lon="-71.847977"><ele>3830.985</ele><time>2021-02-19T17:39:52Z</time></trkpt><trkpt lat="-13.395980" lon="-71.847995"><ele>3831.522</ele><time>2021-02-19T17:40:04Z</time></trkpt><trkpt lat="-13.395927" lon="-71.848017"><ele>3831.732</ele><time>2021-02-19T17:40:10Z</time></trkpt><trkpt lat="-13.395864" lon="-71.848041"><ele>3831.721</ele><time>2021-02-19T17:40:16Z</time></trkpt><trkpt lat="-13.395802" lon="-71.848057"><ele>3831.841</ele><time>2021-02-19T17:40:22Z</time></trkpt><trkpt lat="-13.395748" lon="-71.848064"><ele>3832.205</ele><time>2021-02-19T17:40:26Z</time></trkpt><trkpt lat="-13.395695" lon="-71.848073"><ele>3832.608</ele><time>2021-02-19T17:40:30Z</time></trkpt><trkpt lat="-13.395646" lon="-71.848088"><ele>3832.958</ele><time>2021-02-19T17:40:34Z</time></trkpt><trkpt lat="-13.395597" lon="-71.848099"><ele>3833.298</ele><time>2021-02-19T17:40:38Z</time></trkpt><trkpt lat="-13.395550" lon="-71.848108"><ele>3833.643</ele><time>2021-02-19T17:40:42Z</time></trkpt><trkpt lat="-13.395508" lon="-71.848126"><ele>3834.083</ele><time>2021-02-19T17:40:46Z</time></trkpt><trkpt lat="-13.395462" lon="-71.848136"><ele>3834.217</ele><time>2021-02-19T17:40:50Z</time></trkpt><trkpt lat="-13.395415" lon="-71.848155"><ele>3834.683</ele><time>2021-02-19T17:40:54Z</time></trkpt><trkpt lat="-13.395377" lon="-71.848183"><ele>3834.910</ele><time>2021-02-19T17:40:58Z</time></trkpt><trkpt lat="-13.395326" lon="-71.848213"><ele>3835.050</ele><time>2021-02-19T17:41:04Z</time></trkpt><trkpt lat="-13.395296" lon="-71.848264"><ele>3835.557</ele><time>2021-02-19T17:41:10Z</time></trkpt><trkpt lat="-13.395284" lon="-71.848318"><ele>3836.300</ele><time>2021-02-19T17:41:16Z</time></trkpt><trkpt lat="-13.395241" lon="-71.848335"><ele>3837.120</ele><time>2021-02-19T17:41:30Z</time></trkpt><trkpt lat="-13.395151" lon="-71.848328"><ele>3838.208</ele><time>2021-02-19T17:41:36Z</time></trkpt><trkpt lat="-13.395109" lon="-71.848306"><ele>3839.321</ele><time>2021-02-19T17:41:40Z</time></trkpt><trkpt lat="-13.395058" lon="-71.848279"><ele>3840.411</ele><time>2021-02-19T17:41:46Z</time></trkpt><trkpt lat="-13.395020" lon="-71.848250"><ele>3841.566</ele><time>2021-02-19T17:41:52Z</time></trkpt><trkpt lat="-13.394962" lon="-71.848234"><ele>3842.566</ele><time>2021-02-19T17:42:00Z</time></trkpt><trkpt lat="-13.394925" lon="-71.848206"><ele>3844.020</ele><time>2021-02-19T17:42:06Z</time></trkpt><trkpt lat="-13.394897" lon="-71.848167"><ele>3845.616</ele><time>2021-02-19T17:42:12Z</time></trkpt><trkpt lat="-13.394850" lon="-71.848161"><ele>3847.253</ele><time>2021-02-19T17:42:20Z</time></trkpt><trkpt lat="-13.394804" lon="-71.848191"><ele>3848.883</ele><time>2021-02-19T17:42:28Z</time></trkpt><trkpt lat="-13.394760" lon="-71.848217"><ele>3850.476</ele><time>2021-02-19T17:42:34Z</time></trkpt><trkpt lat="-13.394707" lon="-71.848239"><ele>3852.090</ele><time>2021-02-19T17:42:42Z</time></trkpt><trkpt lat="-13.394659" lon="-71.848252"><ele>3853.619</ele><time>2021-02-19T17:42:50Z</time></trkpt><trkpt lat="-13.394612" lon="-71.848251"><ele>3854.008</ele><time>2021-02-19T17:42:57Z</time></trkpt><trkpt lat="-13.394565" lon="-71.848234"><ele>3855.353</ele><time>2021-02-19T17:43:02Z</time></trkpt><trkpt lat="-13.394518" lon="-71.848234"><ele>3855.743</ele><time>2021-02-19T17:43:23Z</time></trkpt><trkpt lat="-13.394472" lon="-71.848249"><ele>3856.348</ele><time>2021-02-19T17:43:33Z</time></trkpt><trkpt lat="-13.394419" lon="-71.848256"><ele>3856.898</ele><time>2021-02-19T17:43:39Z</time></trkpt><trkpt lat="-13.394375" lon="-71.848238"><ele>3857.232</ele><time>2021-02-19T17:43:44Z</time></trkpt><trkpt lat="-13.394336" lon="-71.848208"><ele>3857.828</ele><time>2021-02-19T17:43:49Z</time></trkpt><trkpt lat="-13.394302" lon="-71.848175"><ele>3858.495</ele><time>2021-02-19T17:43:54Z</time></trkpt><trkpt lat="-13.394251" lon="-71.848137"><ele>3859.125</ele><time>2021-02-19T17:44:00Z</time></trkpt><trkpt lat="-13.394207" lon="-71.848098"><ele>3859.732</ele><time>2021-02-19T17:44:06Z</time></trkpt><trkpt lat="-13.394160" lon="-71.848056"><ele>3860.092</ele><time>2021-02-19T17:44:12Z</time></trkpt><trkpt lat="-13.394117" lon="-71.848005"><ele>3860.211</ele><time>2021-02-19T17:44:18Z</time></trkpt><trkpt lat="-13.394079" lon="-71.847952"><ele>3860.608</ele><time>2021-02-19T17:44:24Z</time></trkpt><trkpt lat="-13.394048" lon="-71.847911"><ele>3861.139</ele><time>2021-02-19T17:44:40Z</time></trkpt><trkpt lat="-13.393975" lon="-71.847854"><ele>3860.179</ele><time>2021-02-19T17:44:52Z</time></trkpt><trkpt lat="-13.394018" lon="-71.847832"><ele>3859.554</ele><time>2021-02-19T17:45:06Z</time></trkpt><trkpt lat="-13.394001" lon="-71.847776"><ele>3859.444</ele><time>2021-02-19T17:45:12Z</time></trkpt><trkpt lat="-13.393956" lon="-71.847738"><ele>3859.458</ele><time>2021-02-19T17:45:17Z</time></trkpt><trkpt lat="-13.393920" lon="-71.847700"><ele>3859.784</ele><time>2021-02-19T17:45:31Z</time></trkpt><trkpt lat="-13.393883" lon="-71.847650"><ele>3860.281</ele><time>2021-02-19T17:45:37Z</time></trkpt><trkpt lat="-13.393842" lon="-71.847603"><ele>3860.891</ele><time>2021-02-19T17:45:43Z</time></trkpt><trkpt lat="-13.393803" lon="-71.847564"><ele>3861.319</ele><time>2021-02-19T17:45:49Z</time></trkpt><trkpt lat="-13.393771" lon="-71.847519"><ele>3861.209</ele><time>2021-02-19T17:45:59Z</time></trkpt><trkpt lat="-13.393738" lon="-71.847479"><ele>3860.919</ele><time>2021-02-19T17:46:05Z</time></trkpt><trkpt lat="-13.393693" lon="-71.847519"><ele>3861.208</ele><time>2021-02-19T17:46:39Z</time></trkpt><trkpt lat="-13.393657" lon="-71.847558"><ele>3862.217</ele><time>2021-02-19T17:46:45Z</time></trkpt><trkpt lat="-13.393631" lon="-71.847620"><ele>3863.397</ele><time>2021-02-19T17:46:51Z</time></trkpt><trkpt lat="-13.393612" lon="-71.847682"><ele>3864.472</ele><time>2021-02-19T17:46:57Z</time></trkpt><trkpt lat="-13.393584" lon="-71.847729"><ele>3865.612</ele><time>2021-02-19T17:47:03Z</time></trkpt><trkpt lat="-13.393564" lon="-71.847791"><ele>3866.826</ele><time>2021-02-19T17:47:09Z</time></trkpt><trkpt lat="-13.393536" lon="-71.847834"><ele>3868.412</ele><time>2021-02-19T17:47:15Z</time></trkpt><trkpt lat="-13.393523" lon="-71.847889"><ele>3869.789</ele><time>2021-02-19T17:47:21Z</time></trkpt><trkpt lat="-13.393484" lon="-71.847922"><ele>3871.329</ele><time>2021-02-19T17:47:27Z</time></trkpt><trkpt lat="-13.393442" lon="-71.847959"><ele>3873.527</ele><time>2021-02-19T17:47:33Z</time></trkpt><trkpt lat="-13.393390" lon="-71.847970"><ele>3875.468</ele><time>2021-02-19T17:47:39Z</time></trkpt><trkpt lat="-13.393353" lon="-71.848015"><ele>3877.014</ele><time>2021-02-19T17:47:47Z</time></trkpt><trkpt lat="-13.393328" lon="-71.848056"><ele>3878.408</ele><time>2021-02-19T17:48:08Z</time></trkpt><trkpt lat="-13.393267" lon="-71.848012"><ele>3878.998</ele><time>2021-02-19T17:48:14Z</time></trkpt><trkpt lat="-13.393221" lon="-71.848003"><ele>3879.798</ele><time>2021-02-19T17:48:20Z</time></trkpt><trkpt lat="-13.393179" lon="-71.847964"><ele>3880.453</ele><time>2021-02-19T17:48:26Z</time></trkpt><trkpt lat="-13.393125" lon="-71.847921"><ele>3881.383</ele><time>2021-02-19T17:48:33Z</time></trkpt><trkpt lat="-13.393067" lon="-71.847888"><ele>3882.377</ele><time>2021-02-19T17:48:39Z</time></trkpt><trkpt lat="-13.393017" lon="-71.847867"><ele>3883.263</ele><time>2021-02-19T17:48:43Z</time></trkpt><trkpt lat="-13.392969" lon="-71.847848"><ele>3883.930</ele><time>2021-02-19T17:48:47Z</time></trkpt><trkpt lat="-13.392915" lon="-71.847841"><ele>3884.730</ele><time>2021-02-19T17:48:52Z</time></trkpt><trkpt lat="-13.392852" lon="-71.847859"><ele>3885.166</ele><time>2021-02-19T17:48:58Z</time></trkpt><trkpt lat="-13.392840" lon="-71.847916"><ele>3885.529</ele><time>2021-02-19T17:49:27Z</time></trkpt><trkpt lat="-13.392799" lon="-71.847945"><ele>3886.021</ele><time>2021-02-19T17:49:33Z</time></trkpt><trkpt lat="-13.392759" lon="-71.847970"><ele>3886.308</ele><time>2021-02-19T17:49:39Z</time></trkpt><trkpt lat="-13.392781" lon="-71.848017"><ele>3886.722</ele><time>2021-02-19T17:51:25Z</time></trkpt><trkpt lat="-13.392753" lon="-71.847975"><ele>3886.822</ele><time>2021-02-19T17:53:48Z</time></trkpt><trkpt lat="-13.392752" lon="-71.848055"><ele>3886.697</ele><time>2021-02-19T17:59:42Z</time></trkpt><trkpt lat="-13.392778" lon="-71.848005"><ele>3887.357</ele><time>2021-02-19T17:59:44Z</time></trkpt><trkpt lat="-13.392799" lon="-71.848046"><ele>3887.941</ele><time>2021-02-19T18:00:15Z</time></trkpt><trkpt lat="-13.392846" lon="-71.848057"><ele>3888.657</ele><time>2021-02-19T18:00:25Z</time></trkpt><trkpt lat="-13.392771" lon="-71.848028"><ele>3888.264</ele><time>2021-02-19T18:04:59Z</time></trkpt><trkpt lat="-13.392738" lon="-71.847996"><ele>3888.224</ele><time>2021-02-19T18:05:06Z</time></trkpt><trkpt lat="-13.392755" lon="-71.848064"><ele>3888.589</ele><time>2021-02-19T18:05:24Z</time></trkpt><trkpt lat="-13.392763" lon="-71.847992"><ele>3888.206</ele><time>2021-02-19T18:07:34Z</time></trkpt><trkpt lat="-13.392801" lon="-71.848017"><ele>3888.426</ele><time>2021-02-19T18:08:34Z</time></trkpt><trkpt lat="-13.392818" lon="-71.848064"><ele>3889.108</ele><time>2021-02-19T18:08:42Z</time></trkpt><trkpt lat="-13.392781" lon="-71.848104"><ele>3889.554</ele><time>2021-02-19T18:08:48Z</time></trkpt><trkpt lat="-13.392812" lon="-71.848030"><ele>3888.684</ele><time>2021-02-19T18:09:09Z</time></trkpt><trkpt lat="-13.392756" lon="-71.848004"><ele>3887.869</ele><time>2021-02-19T18:09:53Z</time></trkpt><trkpt lat="-13.392824" lon="-71.848034"><ele>3888.449</ele><time>2021-02-19T18:10:29Z</time></trkpt><trkpt lat="-13.392853" lon="-71.848096"><ele>3888.983</ele><time>2021-02-19T18:10:57Z</time></trkpt><trkpt lat="-13.392883" lon="-71.848150"><ele>3889.599</ele><time>2021-02-19T18:11:05Z</time></trkpt><trkpt lat="-13.392928" lon="-71.848213"><ele>3890.016</ele><time>2021-02-19T18:11:25Z</time></trkpt><trkpt lat="-13.392961" lon="-71.848247"><ele>3889.876</ele><time>2021-02-19T18:11:29Z</time></trkpt><trkpt lat="-13.393005" lon="-71.848285"><ele>3889.781</ele><time>2021-02-19T18:11:33Z</time></trkpt><trkpt lat="-13.393048" lon="-71.848317"><ele>3889.361</ele><time>2021-02-19T18:11:37Z</time></trkpt><trkpt lat="-13.392987" lon="-71.848396"><ele>3890.917</ele><time>2021-02-19T18:13:21Z</time></trkpt><trkpt lat="-13.392802" lon="-71.848435"><ele>3894.908</ele><time>2021-02-19T18:13:29Z</time></trkpt><trkpt lat="-13.392696" lon="-71.848480"><ele>3897.044</ele><time>2021-02-19T18:13:37Z</time></trkpt><trkpt lat="-13.392615" lon="-71.848532"><ele>3897.744</ele><time>2021-02-19T18:13:45Z</time></trkpt><trkpt lat="-13.392565" lon="-71.848589"><ele>3898.129</ele><time>2021-02-19T18:13:53Z</time></trkpt><trkpt lat="-13.392482" lon="-71.848648"><ele>3898.039</ele><time>2021-02-19T18:14:01Z</time></trkpt><trkpt lat="-13.392415" lon="-71.848736"><ele>3901.743</ele><time>2021-02-19T18:14:09Z</time></trkpt><trkpt lat="-13.392353" lon="-71.848860"><ele>3904.319</ele><time>2021-02-19T18:14:18Z</time></trkpt><trkpt lat="-13.392223" lon="-71.848996"><ele>3905.536</ele><time>2021-02-19T18:14:33Z</time></trkpt><trkpt lat="-13.392151" lon="-71.849061"><ele>3909.526</ele><time>2021-02-19T18:14:49Z</time></trkpt><trkpt lat="-13.392118" lon="-71.849134"><ele>3913.192</ele><time>2021-02-19T18:15:05Z</time></trkpt><trkpt lat="-13.392051" lon="-71.849176"><ele>3911.873</ele><time>2021-02-19T18:15:13Z</time></trkpt><trkpt lat="-13.391972" lon="-71.849208"><ele>3910.220</ele><time>2021-02-19T18:15:21Z</time></trkpt><trkpt lat="-13.391877" lon="-71.849253"><ele>3909.908</ele><time>2021-02-19T18:15:29Z</time></trkpt><trkpt lat="-13.391778" lon="-71.849271"><ele>3910.535</ele><time>2021-02-19T18:15:37Z</time></trkpt><trkpt lat="-13.391702" lon="-71.849295"><ele>3913.945</ele><time>2021-02-19T18:15:45Z</time></trkpt><trkpt lat="-13.391591" lon="-71.849338"><ele>3917.680</ele><time>2021-02-19T18:15:53Z</time></trkpt><trkpt lat="-13.391508" lon="-71.849377"><ele>3915.470</ele><time>2021-02-19T18:16:01Z</time></trkpt><trkpt lat="-13.391450" lon="-71.849422"><ele>3914.054</ele><time>2021-02-19T18:16:09Z</time></trkpt><trkpt lat="-13.391429" lon="-71.849498"><ele>3913.680</ele><time>2021-02-19T18:16:17Z</time></trkpt><trkpt lat="-13.391395" lon="-71.849562"><ele>3916.757</ele><time>2021-02-19T18:16:25Z</time></trkpt><trkpt lat="-13.391337" lon="-71.849602"><ele>3920.787</ele><time>2021-02-19T18:16:33Z</time></trkpt><trkpt lat="-13.391258" lon="-71.849642"><ele>3924.761</ele><time>2021-02-19T18:16:41Z</time></trkpt><trkpt lat="-13.391191" lon="-71.849681"><ele>3926.521</ele><time>2021-02-19T18:16:49Z</time></trkpt><trkpt lat="-13.391139" lon="-71.849721"><ele>3930.513</ele><time>2021-02-19T18:16:57Z</time></trkpt><trkpt lat="-13.391074" lon="-71.849750"><ele>3934.408</ele><time>2021-02-19T18:17:05Z</time></trkpt><trkpt lat="-13.391000" lon="-71.849786"><ele>3935.212</ele><time>2021-02-19T18:17:13Z</time></trkpt><trkpt lat="-13.390923" lon="-71.849848"><ele>3934.112</ele><time>2021-02-19T18:17:21Z</time></trkpt><trkpt lat="-13.390848" lon="-71.849918"><ele>3932.817</ele><time>2021-02-19T18:17:29Z</time></trkpt><trkpt lat="-13.390783" lon="-71.849983"><ele>3933.387</ele><time>2021-02-19T18:17:37Z</time></trkpt><trkpt lat="-13.390703" lon="-71.850038"><ele>3934.781</ele><time>2021-02-19T18:17:45Z</time></trkpt><trkpt lat="-13.390643" lon="-71.850138"><ele>3931.547</ele><time>2021-02-19T18:17:53Z</time></trkpt><trkpt lat="-13.390631" lon="-71.850259"><ele>3930.764</ele><time>2021-02-19T18:18:01Z</time></trkpt><trkpt lat="-13.390591" lon="-71.850318"><ele>3931.314</ele><time>2021-02-19T18:18:09Z</time></trkpt><trkpt lat="-13.390534" lon="-71.850143"><ele>3935.352</ele><time>2021-02-19T18:18:17Z</time></trkpt><trkpt lat="-13.390486" lon="-71.850156"><ele>3935.953</ele><time>2021-02-19T18:18:25Z</time></trkpt><trkpt lat="-13.390373" lon="-71.850237"><ele>3938.308</ele><time>2021-02-19T18:18:41Z</time></trkpt><trkpt lat="-13.390332" lon="-71.850312"><ele>3938.308</ele><time>2021-02-19T18:18:49Z</time></trkpt><trkpt lat="-13.390261" lon="-71.850446"><ele>3938.651</ele><time>2021-02-19T18:18:57Z</time></trkpt><trkpt lat="-13.390227" lon="-71.850533"><ele>3942.681</ele><time>2021-02-19T18:19:05Z</time></trkpt><trkpt lat="-13.390231" lon="-71.850585"><ele>3945.746</ele><time>2021-02-19T18:19:13Z</time></trkpt><trkpt lat="-13.390218" lon="-71.850647"><ele>3946.976</ele><time>2021-02-19T18:19:21Z</time></trkpt><trkpt lat="-13.390230" lon="-71.850695"><ele>3945.430</ele><time>2021-02-19T18:19:29Z</time></trkpt><trkpt lat="-13.390251" lon="-71.850770"><ele>3946.736</ele><time>2021-02-19T18:19:45Z</time></trkpt><trkpt lat="-13.390234" lon="-71.850909"><ele>3949.023</ele><time>2021-02-19T18:20:34Z</time></trkpt><trkpt lat="-13.390311" lon="-71.851080"><ele>3953.023</ele><time>2021-02-19T18:20:43Z</time></trkpt><trkpt lat="-13.390298" lon="-71.851213"><ele>3953.241</ele><time>2021-02-19T18:20:52Z</time></trkpt><trkpt lat="-13.390256" lon="-71.851316"><ele>3954.481</ele><time>2021-02-19T18:21:01Z</time></trkpt><trkpt lat="-13.390275" lon="-71.851410"><ele>3954.609</ele><time>2021-02-19T18:21:10Z</time></trkpt><trkpt lat="-13.390285" lon="-71.851458"><ele>3952.308</ele><time>2021-02-19T18:21:19Z</time></trkpt><trkpt lat="-13.390277" lon="-71.851538"><ele>3953.690</ele><time>2021-02-19T18:21:46Z</time></trkpt><trkpt lat="-13.390317" lon="-71.851567"><ele>3952.080</ele><time>2021-02-19T18:22:11Z</time></trkpt><trkpt lat="-13.390350" lon="-71.851619"><ele>3950.325</ele><time>2021-02-19T18:22:25Z</time></trkpt><trkpt lat="-13.390388" lon="-71.851588"><ele>3950.165</ele><time>2021-02-19T18:22:30Z</time></trkpt><trkpt lat="-13.390436" lon="-71.851671"><ele>3951.769</ele><time>2021-02-19T18:22:40Z</time></trkpt><trkpt lat="-13.390459" lon="-71.851760"><ele>3952.935</ele><time>2021-02-19T18:22:45Z</time></trkpt><trkpt lat="-13.390507" lon="-71.851802"><ele>3953.052</ele><time>2021-02-19T18:22:50Z</time></trkpt><trkpt lat="-13.390547" lon="-71.851840"><ele>3952.362</ele><time>2021-02-19T18:22:55Z</time></trkpt><trkpt lat="-13.390589" lon="-71.851878"><ele>3952.366</ele><time>2021-02-19T18:23:00Z</time></trkpt><trkpt lat="-13.390633" lon="-71.851928"><ele>3952.729</ele><time>2021-02-19T18:23:05Z</time></trkpt><trkpt lat="-13.390664" lon="-71.851980"><ele>3953.921</ele><time>2021-02-19T18:23:10Z</time></trkpt><trkpt lat="-13.390686" lon="-71.852035"><ele>3955.008</ele><time>2021-02-19T18:23:15Z</time></trkpt><trkpt lat="-13.390726" lon="-71.852089"><ele>3954.682</ele><time>2021-02-19T18:23:20Z</time></trkpt><trkpt lat="-13.390759" lon="-71.852141"><ele>3955.182</ele><time>2021-02-19T18:23:25Z</time></trkpt><trkpt lat="-13.390790" lon="-71.852194"><ele>3955.327</ele><time>2021-02-19T18:23:30Z</time></trkpt><trkpt lat="-13.390820" lon="-71.852241"><ele>3956.837</ele><time>2021-02-19T18:23:35Z</time></trkpt><trkpt lat="-13.390845" lon="-71.852297"><ele>3957.541</ele><time>2021-02-19T18:23:40Z</time></trkpt><trkpt lat="-13.390872" lon="-71.852357"><ele>3957.157</ele><time>2021-02-19T18:23:45Z</time></trkpt><trkpt lat="-13.390913" lon="-71.852401"><ele>3956.724</ele><time>2021-02-19T18:23:50Z</time></trkpt><trkpt lat="-13.390958" lon="-71.852401"><ele>3956.884</ele><time>2021-02-19T18:24:05Z</time></trkpt><trkpt lat="-13.391024" lon="-71.852432"><ele>3957.597</ele><time>2021-02-19T18:24:11Z</time></trkpt><trkpt lat="-13.391096" lon="-71.852462"><ele>3956.123</ele><time>2021-02-19T18:24:16Z</time></trkpt><trkpt lat="-13.391186" lon="-71.852481"><ele>3956.725</ele><time>2021-02-19T18:24:26Z</time></trkpt><trkpt lat="-13.391248" lon="-71.852505"><ele>3957.708</ele><time>2021-02-19T18:24:31Z</time></trkpt><trkpt lat="-13.391324" lon="-71.852546"><ele>3959.485</ele><time>2021-02-19T18:24:36Z</time></trkpt><trkpt lat="-13.391388" lon="-71.852615"><ele>3960.885</ele><time>2021-02-19T18:24:41Z</time></trkpt><trkpt lat="-13.391437" lon="-71.852681"><ele>3962.580</ele><time>2021-02-19T18:24:46Z</time></trkpt><trkpt lat="-13.391512" lon="-71.852764"><ele>3963.280</ele><time>2021-02-19T18:25:28Z</time></trkpt><trkpt lat="-13.391641" lon="-71.852870"><ele>3964.684</ele><time>2021-02-19T18:25:37Z</time></trkpt><trkpt lat="-13.391742" lon="-71.852947"><ele>3964.890</ele><time>2021-02-19T18:25:46Z</time></trkpt><trkpt lat="-13.391842" lon="-71.852974"><ele>3965.487</ele><time>2021-02-19T18:25:55Z</time></trkpt><trkpt lat="-13.391949" lon="-71.853050"><ele>3969.487</ele><time>2021-02-19T18:26:04Z</time></trkpt><trkpt lat="-13.392039" lon="-71.853149"><ele>3971.688</ele><time>2021-02-19T18:26:13Z</time></trkpt><trkpt lat="-13.392138" lon="-71.853248"><ele>3972.624</ele><time>2021-02-19T18:26:22Z</time></trkpt><trkpt lat="-13.392230" lon="-71.853346"><ele>3973.626</ele><time>2021-02-19T18:26:31Z</time></trkpt><trkpt lat="-13.392314" lon="-71.853478"><ele>3972.608</ele><time>2021-02-19T18:27:25Z</time></trkpt><trkpt lat="-13.392418" lon="-71.853521"><ele>3973.584</ele><time>2021-02-19T18:27:49Z</time></trkpt><trkpt lat="-13.392471" lon="-71.853511"><ele>3973.894</ele><time>2021-02-19T18:27:54Z</time></trkpt><trkpt lat="-13.392516" lon="-71.853530"><ele>3972.319</ele><time>2021-02-19T18:27:59Z</time></trkpt><trkpt lat="-13.392564" lon="-71.853563"><ele>3972.599</ele><time>2021-02-19T18:28:04Z</time></trkpt><trkpt lat="-13.392629" lon="-71.853592"><ele>3973.093</ele><time>2021-02-19T18:28:09Z</time></trkpt><trkpt lat="-13.392678" lon="-71.853635"><ele>3972.749</ele><time>2021-02-19T18:28:14Z</time></trkpt><trkpt lat="-13.392709" lon="-71.853679"><ele>3974.686</ele><time>2021-02-19T18:28:19Z</time></trkpt><trkpt lat="-13.392760" lon="-71.853698"><ele>3975.996</ele><time>2021-02-19T18:28:24Z</time></trkpt><trkpt lat="-13.392816" lon="-71.853714"><ele>3976.358</ele><time>2021-02-19T18:28:29Z</time></trkpt><trkpt lat="-13.392858" lon="-71.853698"><ele>3975.752</ele><time>2021-02-19T18:28:39Z</time></trkpt><trkpt lat="-13.392891" lon="-71.853730"><ele>3973.817</ele><time>2021-02-19T18:28:44Z</time></trkpt><trkpt lat="-13.393030" lon="-71.853764"><ele>3975.408</ele><time>2021-02-19T18:29:07Z</time></trkpt><trkpt lat="-13.393101" lon="-71.853766"><ele>3974.631</ele><time>2021-02-19T18:29:16Z</time></trkpt><trkpt lat="-13.393153" lon="-71.853816"><ele>3975.491</ele><time>2021-02-19T18:29:25Z</time></trkpt><trkpt lat="-13.393246" lon="-71.853869"><ele>3974.796</ele><time>2021-02-19T18:29:34Z</time></trkpt><trkpt lat="-13.393365" lon="-71.853890"><ele>3974.616</ele><time>2021-02-19T18:29:43Z</time></trkpt><trkpt lat="-13.393492" lon="-71.853943"><ele>3974.430</ele><time>2021-02-19T18:29:48Z</time></trkpt><trkpt lat="-13.393565" lon="-71.853978"><ele>3974.846</ele><time>2021-02-19T18:29:54Z</time></trkpt><trkpt lat="-13.393680" lon="-71.854034"><ele>3973.453</ele><time>2021-02-19T18:30:03Z</time></trkpt><trkpt lat="-13.393739" lon="-71.854031"><ele>3973.453</ele><time>2021-02-19T18:30:08Z</time></trkpt><trkpt lat="-13.393787" lon="-71.854052"><ele>3973.655</ele><time>2021-02-19T18:30:13Z</time></trkpt><trkpt lat="-13.393836" lon="-71.854097"><ele>3974.507</ele><time>2021-02-19T18:30:18Z</time></trkpt><trkpt lat="-13.393876" lon="-71.854121"><ele>3975.417</ele><time>2021-02-19T18:30:23Z</time></trkpt><trkpt lat="-13.393924" lon="-71.854128"><ele>3976.008</ele><time>2021-02-19T18:30:33Z</time></trkpt><trkpt lat="-13.393989" lon="-71.854110"><ele>3974.351</ele><time>2021-02-19T18:30:43Z</time></trkpt><trkpt lat="-13.394077" lon="-71.854102"><ele>3974.471</ele><time>2021-02-19T18:30:53Z</time></trkpt><trkpt lat="-13.394158" lon="-71.854072"><ele>3974.976</ele><time>2021-02-19T18:31:03Z</time></trkpt><trkpt lat="-13.394237" lon="-71.854047"><ele>3975.896</ele><time>2021-02-19T18:31:13Z</time></trkpt><trkpt lat="-13.394311" lon="-71.854084"><ele>3979.860</ele><time>2021-02-19T18:31:23Z</time></trkpt><trkpt lat="-13.394391" lon="-71.854098"><ele>3981.796</ele><time>2021-02-19T18:31:33Z</time></trkpt><trkpt lat="-13.394440" lon="-71.854120"><ele>3983.793</ele><time>2021-02-19T18:31:38Z</time></trkpt><trkpt lat="-13.394485" lon="-71.854140"><ele>3984.583</ele><time>2021-02-19T18:31:43Z</time></trkpt><trkpt lat="-13.394544" lon="-71.854163"><ele>3984.721</ele><time>2021-02-19T18:31:48Z</time></trkpt><trkpt lat="-13.394614" lon="-71.854176"><ele>3983.341</ele><time>2021-02-19T18:31:53Z</time></trkpt><trkpt lat="-13.394661" lon="-71.854178"><ele>3982.305</ele><time>2021-02-19T18:31:58Z</time></trkpt><trkpt lat="-13.394748" lon="-71.854187"><ele>3982.708</ele><time>2021-02-19T18:32:08Z</time></trkpt><trkpt lat="-13.394801" lon="-71.854216"><ele>3984.568</ele><time>2021-02-19T18:32:13Z</time></trkpt><trkpt lat="-13.394862" lon="-71.854239"><ele>3985.558</ele><time>2021-02-19T18:32:18Z</time></trkpt><trkpt lat="-13.394925" lon="-71.854240"><ele>3987.563</ele><time>2021-02-19T18:32:23Z</time></trkpt><trkpt lat="-13.394976" lon="-71.854248"><ele>3988.123</ele><time>2021-02-19T18:32:28Z</time></trkpt><trkpt lat="-13.394944" lon="-71.854317"><ele>3992.137</ele><time>2021-02-19T18:32:38Z</time></trkpt><trkpt lat="-13.395005" lon="-71.854344"><ele>3995.183</ele><time>2021-02-19T18:32:44Z</time></trkpt><trkpt lat="-13.395085" lon="-71.854363"><ele>3996.460</ele><time>2021-02-19T18:32:50Z</time></trkpt><trkpt lat="-13.395152" lon="-71.854403"><ele>3997.870</ele><time>2021-02-19T18:32:56Z</time></trkpt><trkpt lat="-13.395213" lon="-71.854452"><ele>3999.072</ele><time>2021-02-19T18:33:02Z</time></trkpt><trkpt lat="-13.395279" lon="-71.854484"><ele>4000.513</ele><time>2021-02-19T18:33:11Z</time></trkpt><trkpt lat="-13.395332" lon="-71.854503"><ele>4002.114</ele><time>2021-02-19T18:33:23Z</time></trkpt><trkpt lat="-13.395376" lon="-71.854526"><ele>4003.708</ele><time>2021-02-19T18:33:29Z</time></trkpt><trkpt lat="-13.395434" lon="-71.854550"><ele>4004.243</ele><time>2021-02-19T18:33:35Z</time></trkpt><trkpt lat="-13.395492" lon="-71.854548"><ele>4004.663</ele><time>2021-02-19T18:33:59Z</time></trkpt><trkpt lat="-13.395544" lon="-71.854566"><ele>4005.488</ele><time>2021-02-19T18:34:05Z</time></trkpt><trkpt lat="-13.395597" lon="-71.854587"><ele>4006.358</ele><time>2021-02-19T18:34:11Z</time></trkpt><trkpt lat="-13.395657" lon="-71.854612"><ele>4007.212</ele><time>2021-02-19T18:34:17Z</time></trkpt><trkpt lat="-13.395699" lon="-71.854638"><ele>4006.848</ele><time>2021-02-19T18:34:24Z</time></trkpt><trkpt lat="-13.395741" lon="-71.854664"><ele>4007.635</ele><time>2021-02-19T18:34:28Z</time></trkpt><trkpt lat="-13.395791" lon="-71.854676"><ele>4008.825</ele><time>2021-02-19T18:34:34Z</time></trkpt><trkpt lat="-13.395830" lon="-71.854701"><ele>4009.715</ele><time>2021-02-19T18:34:50Z</time></trkpt><trkpt lat="-13.395887" lon="-71.854732"><ele>4010.965</ele><time>2021-02-19T18:34:56Z</time></trkpt><trkpt lat="-13.395926" lon="-71.854765"><ele>4012.111</ele><time>2021-02-19T18:35:00Z</time></trkpt><trkpt lat="-13.395970" lon="-71.854790"><ele>4013.008</ele><time>2021-02-19T18:35:04Z</time></trkpt><trkpt lat="-13.396010" lon="-71.854821"><ele>4014.097</ele><time>2021-02-19T18:35:08Z</time></trkpt><trkpt lat="-13.396044" lon="-71.854852"><ele>4015.187</ele><time>2021-02-19T18:35:12Z</time></trkpt><trkpt lat="-13.396081" lon="-71.854882"><ele>4016.022</ele><time>2021-02-19T18:35:16Z</time></trkpt><trkpt lat="-13.396119" lon="-71.854917"><ele>4016.892</ele><time>2021-02-19T18:35:20Z</time></trkpt><trkpt lat="-13.396146" lon="-71.854956"><ele>4017.816</ele><time>2021-02-19T18:35:40Z</time></trkpt><trkpt lat="-13.396169" lon="-71.855002"><ele>4019.062</ele><time>2021-02-19T18:35:46Z</time></trkpt><trkpt lat="-13.396187" lon="-71.855047"><ele>4020.379</ele><time>2021-02-19T18:35:56Z</time></trkpt><trkpt lat="-13.396220" lon="-71.855097"><ele>4021.899</ele><time>2021-02-19T18:36:18Z</time></trkpt><trkpt lat="-13.396221" lon="-71.855157"><ele>4022.959</ele><time>2021-02-19T18:36:50Z</time></trkpt><trkpt lat="-13.396211" lon="-71.855212"><ele>4023.803</ele><time>2021-02-19T18:36:56Z</time></trkpt><trkpt lat="-13.396234" lon="-71.855256"><ele>4024.423</ele><time>2021-02-19T18:37:00Z</time></trkpt><trkpt lat="-13.396254" lon="-71.855301"><ele>4024.708</ele><time>2021-02-19T18:37:04Z</time></trkpt><trkpt lat="-13.396286" lon="-71.855346"><ele>4025.141</ele><time>2021-02-19T18:37:08Z</time></trkpt><trkpt lat="-13.396328" lon="-71.855381"><ele>4025.731</ele><time>2021-02-19T18:37:12Z</time></trkpt><trkpt lat="-13.396375" lon="-71.855412"><ele>4026.246</ele><time>2021-02-19T18:37:16Z</time></trkpt><trkpt lat="-13.396414" lon="-71.855438"><ele>4026.966</ele><time>2021-02-19T18:37:20Z</time></trkpt><trkpt lat="-13.396445" lon="-71.855478"><ele>4028.110</ele><time>2021-02-19T18:37:24Z</time></trkpt><trkpt lat="-13.396479" lon="-71.855512"><ele>4028.526</ele><time>2021-02-19T18:37:28Z</time></trkpt><trkpt lat="-13.396507" lon="-71.855555"><ele>4029.053</ele><time>2021-02-19T18:37:36Z</time></trkpt><trkpt lat="-13.396520" lon="-71.855609"><ele>4029.593</ele><time>2021-02-19T18:37:57Z</time></trkpt><trkpt lat="-13.396556" lon="-71.855657"><ele>4029.657</ele><time>2021-02-19T18:38:04Z</time></trkpt><trkpt lat="-13.396604" lon="-71.855700"><ele>4029.800</ele><time>2021-02-19T18:38:10Z</time></trkpt><trkpt lat="-13.396632" lon="-71.855740"><ele>4030.720</ele><time>2021-02-19T18:38:14Z</time></trkpt><trkpt lat="-13.396678" lon="-71.855780"><ele>4032.008</ele><time>2021-02-19T18:39:12Z</time></trkpt><trkpt lat="-13.396715" lon="-71.855829"><ele>4032.921</ele><time>2021-02-19T18:39:16Z</time></trkpt><trkpt lat="-13.396749" lon="-71.855869"><ele>4033.591</ele><time>2021-02-19T18:39:20Z</time></trkpt><trkpt lat="-13.396795" lon="-71.855910"><ele>4034.386</ele><time>2021-02-19T18:39:24Z</time></trkpt><trkpt lat="-13.396840" lon="-71.855953"><ele>4035.476</ele><time>2021-02-19T18:39:28Z</time></trkpt><trkpt lat="-13.396876" lon="-71.855996"><ele>4036.390</ele><time>2021-02-19T18:39:32Z</time></trkpt><trkpt lat="-13.396900" lon="-71.856038"><ele>4036.776</ele><time>2021-02-19T18:40:02Z</time></trkpt><trkpt lat="-13.396930" lon="-71.856098"><ele>4037.083</ele><time>2021-02-19T18:40:08Z</time></trkpt><trkpt lat="-13.396946" lon="-71.856141"><ele>4037.113</ele><time>2021-02-19T18:40:12Z</time></trkpt><trkpt lat="-13.396984" lon="-71.856197"><ele>4037.523</ele><time>2021-02-19T18:40:18Z</time></trkpt><trkpt lat="-13.397009" lon="-71.856264"><ele>4038.283</ele><time>2021-02-19T18:40:24Z</time></trkpt><trkpt lat="-13.397031" lon="-71.856310"><ele>4038.711</ele><time>2021-02-19T18:40:28Z</time></trkpt><trkpt lat="-13.397068" lon="-71.856345"><ele>4038.508</ele><time>2021-02-19T18:40:32Z</time></trkpt><trkpt lat="-13.397097" lon="-71.856389"><ele>4038.658</ele><time>2021-02-19T18:40:36Z</time></trkpt><trkpt lat="-13.397121" lon="-71.856449"><ele>4038.768</ele><time>2021-02-19T18:40:42Z</time></trkpt><trkpt lat="-13.397173" lon="-71.856481"><ele>4038.873</ele><time>2021-02-19T18:40:48Z</time></trkpt><trkpt lat="-13.397202" lon="-71.856542"><ele>4038.863</ele><time>2021-02-19T18:41:14Z</time></trkpt><trkpt lat="-13.397237" lon="-71.856594"><ele>4039.077</ele><time>2021-02-19T18:41:20Z</time></trkpt><trkpt lat="-13.397259" lon="-71.856658"><ele>4039.083</ele><time>2021-02-19T18:41:30Z</time></trkpt><trkpt lat="-13.397305" lon="-71.856687"><ele>4039.510</ele><time>2021-02-19T18:41:36Z</time></trkpt><trkpt lat="-13.397260" lon="-71.856690"><ele>4040.760</ele><time>2021-02-19T18:41:52Z</time></trkpt><trkpt lat="-13.397212" lon="-71.856717"><ele>4041.881</ele><time>2021-02-19T18:41:58Z</time></trkpt><trkpt lat="-13.397215" lon="-71.856765"><ele>4042.361</ele><time>2021-02-19T18:42:04Z</time></trkpt><trkpt lat="-13.397227" lon="-71.856811"><ele>4043.417</ele><time>2021-02-19T18:42:10Z</time></trkpt><trkpt lat="-13.397230" lon="-71.856870"><ele>4044.608</ele><time>2021-02-19T18:42:36Z</time></trkpt><trkpt lat="-13.397245" lon="-71.856932"><ele>4045.814</ele><time>2021-02-19T18:42:42Z</time></trkpt><trkpt lat="-13.397238" lon="-71.856981"><ele>4047.474</ele><time>2021-02-19T18:42:48Z</time></trkpt><trkpt lat="-13.397242" lon="-71.857033"><ele>4048.539</ele><time>2021-02-19T18:42:52Z</time></trkpt><trkpt lat="-13.397222" lon="-71.857084"><ele>4049.469</ele><time>2021-02-19T18:43:02Z</time></trkpt><trkpt lat="-13.397191" lon="-71.857126"><ele>4049.313</ele><time>2021-02-19T18:43:10Z</time></trkpt><trkpt lat="-13.397229" lon="-71.857172"><ele>4051.449</ele><time>2021-02-19T18:43:18Z</time></trkpt><trkpt lat="-13.397253" lon="-71.857225"><ele>4054.596</ele><time>2021-02-19T18:43:54Z</time></trkpt><trkpt lat="-13.397277" lon="-71.857283"><ele>4057.746</ele><time>2021-02-19T18:44:00Z</time></trkpt><trkpt lat="-13.397323" lon="-71.857312"><ele>4060.179</ele><time>2021-02-19T18:44:06Z</time></trkpt><trkpt lat="-13.397384" lon="-71.857333"><ele>4062.205</ele><time>2021-02-19T18:44:12Z</time></trkpt><trkpt lat="-13.397415" lon="-71.857371"><ele>4064.325</ele><time>2021-02-19T18:44:22Z</time></trkpt><trkpt lat="-13.397422" lon="-71.857427"><ele>4065.208</ele><time>2021-02-19T18:45:09Z</time></trkpt><trkpt lat="-13.397424" lon="-71.857486"><ele>4065.993</ele><time>2021-02-19T18:45:25Z</time></trkpt><trkpt lat="-13.397438" lon="-71.857538"><ele>4066.273</ele><time>2021-02-19T18:45:29Z</time></trkpt><trkpt lat="-13.397459" lon="-71.857606"><ele>4066.858</ele><time>2021-02-19T18:45:35Z</time></trkpt><trkpt lat="-13.397478" lon="-71.857654"><ele>4067.138</ele><time>2021-02-19T18:45:39Z</time></trkpt><trkpt lat="-13.397501" lon="-71.857696"><ele>4067.462</ele><time>2021-02-19T18:45:43Z</time></trkpt><trkpt lat="-13.397523" lon="-71.857737"><ele>4067.828</ele><time>2021-02-19T18:45:47Z</time></trkpt><trkpt lat="-13.397540" lon="-71.857794"><ele>4068.255</ele><time>2021-02-19T18:45:53Z</time></trkpt><trkpt lat="-13.397579" lon="-71.857850"><ele>4068.415</ele><time>2021-02-19T18:45:59Z</time></trkpt><trkpt lat="-13.397595" lon="-71.857893"><ele>4068.546</ele><time>2021-02-19T18:46:03Z</time></trkpt><trkpt lat="-13.397588" lon="-71.857950"><ele>4068.088</ele><time>2021-02-19T18:46:09Z</time></trkpt><trkpt lat="-13.397576" lon="-71.858005"><ele>4067.916</ele><time>2021-02-19T18:46:15Z</time></trkpt><trkpt lat="-13.397587" lon="-71.858061"><ele>4067.708</ele><time>2021-02-19T18:46:21Z</time></trkpt><trkpt lat="-13.397629" lon="-71.858079"><ele>4068.870</ele><time>2021-02-19T18:46:27Z</time></trkpt><trkpt lat="-13.397645" lon="-71.858146"><ele>4068.760</ele><time>2021-02-19T18:46:53Z</time></trkpt><trkpt lat="-13.397675" lon="-71.858194"><ele>4068.845</ele><time>2021-02-19T18:46:59Z</time></trkpt><trkpt lat="-13.397706" lon="-71.858243"><ele>4068.315</ele><time>2021-02-19T18:47:05Z</time></trkpt><trkpt lat="-13.397762" lon="-71.858267"><ele>4068.499</ele><time>2021-02-19T18:48:17Z</time></trkpt><trkpt lat="-13.397819" lon="-71.858273"><ele>4068.085</ele><time>2021-02-19T18:48:22Z</time></trkpt><trkpt lat="-13.397867" lon="-71.858252"><ele>4067.982</ele><time>2021-02-19T18:48:26Z</time></trkpt><trkpt lat="-13.397923" lon="-71.858232"><ele>4067.362</ele><time>2021-02-19T18:48:32Z</time></trkpt><trkpt lat="-13.397968" lon="-71.858232"><ele>4067.036</ele><time>2021-02-19T18:48:36Z</time></trkpt><trkpt lat="-13.398015" lon="-71.858239"><ele>4066.817</ele><time>2021-02-19T18:48:40Z</time></trkpt><trkpt lat="-13.398057" lon="-71.858200"><ele>4066.818</ele><time>2021-02-19T18:48:46Z</time></trkpt><trkpt lat="-13.398104" lon="-71.858151"><ele>4067.108</ele><time>2021-02-19T18:48:52Z</time></trkpt><trkpt lat="-13.398148" lon="-71.858131"><ele>4068.199</ele><time>2021-02-19T18:48:56Z</time></trkpt><trkpt lat="-13.398203" lon="-71.858116"><ele>4069.439</ele><time>2021-02-19T18:49:00Z</time></trkpt><trkpt lat="-13.398251" lon="-71.858111"><ele>4070.994</ele><time>2021-02-19T18:49:04Z</time></trkpt><trkpt lat="-13.398317" lon="-71.858118"><ele>4072.384</ele><time>2021-02-19T18:49:10Z</time></trkpt><trkpt lat="-13.398363" lon="-71.858116"><ele>4073.848</ele><time>2021-02-19T18:49:14Z</time></trkpt><trkpt lat="-13.398432" lon="-71.858128"><ele>4075.494</ele><time>2021-02-19T18:49:20Z</time></trkpt><trkpt lat="-13.398494" lon="-71.858152"><ele>4077.271</ele><time>2021-02-19T18:49:26Z</time></trkpt><trkpt lat="-13.398547" lon="-71.858174"><ele>4078.431</ele><time>2021-02-19T18:49:32Z</time></trkpt><trkpt lat="-13.398608" lon="-71.858188"><ele>4080.137</ele><time>2021-02-19T18:49:38Z</time></trkpt><trkpt lat="-13.398667" lon="-71.858177"><ele>4080.749</ele><time>2021-02-19T18:49:44Z</time></trkpt><trkpt lat="-13.398714" lon="-71.858159"><ele>4082.113</ele><time>2021-02-19T18:49:50Z</time></trkpt><trkpt lat="-13.398759" lon="-71.858151"><ele>4083.408</ele><time>2021-02-19T18:49:55Z</time></trkpt><trkpt lat="-13.398807" lon="-71.858168"><ele>4084.769</ele><time>2021-02-19T18:50:02Z</time></trkpt><trkpt lat="-13.398832" lon="-71.858207"><ele>4086.259</ele><time>2021-02-19T18:50:07Z</time></trkpt><trkpt lat="-13.398865" lon="-71.858247"><ele>4088.354</ele><time>2021-02-19T18:50:14Z</time></trkpt><trkpt lat="-13.398904" lon="-71.858275"><ele>4090.154</ele><time>2021-02-19T18:50:20Z</time></trkpt><trkpt lat="-13.398948" lon="-71.858295"><ele>4091.818</ele><time>2021-02-19T18:50:25Z</time></trkpt><trkpt lat="-13.398994" lon="-71.858283"><ele>4092.954</ele><time>2021-02-19T18:50:29Z</time></trkpt><trkpt lat="-13.399044" lon="-71.858282"><ele>4094.111</ele><time>2021-02-19T18:50:35Z</time></trkpt><trkpt lat="-13.399075" lon="-71.858318"><ele>4095.821</ele><time>2021-02-19T18:50:47Z</time></trkpt><trkpt lat="-13.399028" lon="-71.858339"><ele>4095.511</ele><time>2021-02-19T18:50:55Z</time></trkpt><trkpt lat="-13.399055" lon="-71.858386"><ele>4097.221</ele><time>2021-02-19T18:51:02Z</time></trkpt><trkpt lat="-13.399101" lon="-71.858392"><ele>4098.203</ele><time>2021-02-19T18:51:16Z</time></trkpt><trkpt lat="-13.399154" lon="-71.858379"><ele>4100.108</ele><time>2021-02-19T18:51:26Z</time></trkpt><trkpt lat="-13.399193" lon="-71.858353"><ele>4101.487</ele><time>2021-02-19T18:51:36Z</time></trkpt><trkpt lat="-13.399241" lon="-71.858363"><ele>4102.917</ele><time>2021-02-19T18:51:44Z</time></trkpt><trkpt lat="-13.399298" lon="-71.858374"><ele>4104.872</ele><time>2021-02-19T18:51:52Z</time></trkpt><trkpt lat="-13.399342" lon="-71.858392"><ele>4106.822</ele><time>2021-02-19T18:52:00Z</time></trkpt><trkpt lat="-13.399396" lon="-71.858443"><ele>4109.756</ele><time>2021-02-19T18:52:08Z</time></trkpt><trkpt lat="-13.399439" lon="-71.858461"><ele>4112.152</ele><time>2021-02-19T18:52:22Z</time></trkpt><trkpt lat="-13.399485" lon="-71.858473"><ele>4114.329</ele><time>2021-02-19T18:52:30Z</time></trkpt><trkpt lat="-13.399534" lon="-71.858453"><ele>4115.479</ele><time>2021-02-19T18:52:38Z</time></trkpt><trkpt lat="-13.399553" lon="-71.858501"><ele>4117.888</ele><time>2021-02-19T18:53:24Z</time></trkpt><trkpt lat="-13.399572" lon="-71.858556"><ele>4120.424</ele><time>2021-02-19T18:53:32Z</time></trkpt><trkpt lat="-13.399567" lon="-71.858612"><ele>4121.426</ele><time>2021-02-19T18:53:40Z</time></trkpt><trkpt lat="-13.399606" lon="-71.858637"><ele>4123.608</ele><time>2021-02-19T18:53:47Z</time></trkpt><trkpt lat="-13.399658" lon="-71.858648"><ele>4125.664</ele><time>2021-02-19T18:53:53Z</time></trkpt><trkpt lat="-13.399702" lon="-71.858675"><ele>4127.364</ele><time>2021-02-19T18:54:00Z</time></trkpt><trkpt lat="-13.399744" lon="-71.858701"><ele>4129.169</ele><time>2021-02-19T18:54:08Z</time></trkpt><trkpt lat="-13.399783" lon="-71.858727"><ele>4131.499</ele><time>2021-02-19T18:54:15Z</time></trkpt><trkpt lat="-13.399826" lon="-71.858754"><ele>4133.143</ele><time>2021-02-19T18:54:21Z</time></trkpt><trkpt lat="-13.399875" lon="-71.858750"><ele>4135.339</ele><time>2021-02-19T18:58:24Z</time></trkpt><trkpt lat="-13.399909" lon="-71.858780"><ele>4137.366</ele><time>2021-02-19T18:58:30Z</time></trkpt><trkpt lat="-13.399945" lon="-71.858820"><ele>4138.816</ele><time>2021-02-19T18:58:36Z</time></trkpt><trkpt lat="-13.399981" lon="-71.858867"><ele>4140.349</ele><time>2021-02-19T18:58:42Z</time></trkpt><trkpt lat="-13.400019" lon="-71.858915"><ele>4142.102</ele><time>2021-02-19T18:58:48Z</time></trkpt><trkpt lat="-13.400054" lon="-71.858951"><ele>4143.922</ele><time>2021-02-19T18:58:54Z</time></trkpt><trkpt lat="-13.400110" lon="-71.858950"><ele>4145.908</ele><time>2021-02-19T18:59:00Z</time></trkpt><trkpt lat="-13.400148" lon="-71.858901"><ele>4147.170</ele><time>2021-02-19T19:00:02Z</time></trkpt><trkpt lat="-13.400157" lon="-71.858951"><ele>4148.160</ele><time>2021-02-19T19:00:05Z</time></trkpt><trkpt lat="-13.400184" lon="-71.858988"><ele>4148.715</ele><time>2021-02-19T19:00:49Z</time></trkpt><trkpt lat="-13.400223" lon="-71.859033"><ele>4150.965</ele><time>2021-02-19T19:01:35Z</time></trkpt><trkpt lat="-13.400248" lon="-71.859072"><ele>4152.599</ele><time>2021-02-19T19:01:39Z</time></trkpt><trkpt lat="-13.400297" lon="-71.859104"><ele>4153.845</ele><time>2021-02-19T19:01:45Z</time></trkpt><trkpt lat="-13.400337" lon="-71.859126"><ele>4154.882</ele><time>2021-02-19T19:01:49Z</time></trkpt><trkpt lat="-13.400380" lon="-71.859142"><ele>4155.972</ele><time>2021-02-19T19:01:55Z</time></trkpt><trkpt lat="-13.400420" lon="-71.859177"><ele>4157.679</ele><time>2021-02-19T19:02:03Z</time></trkpt><trkpt lat="-13.400464" lon="-71.859197"><ele>4159.805</ele><time>2021-02-19T19:02:11Z</time></trkpt><trkpt lat="-13.400510" lon="-71.859229"><ele>4162.025</ele><time>2021-02-19T19:02:19Z</time></trkpt><trkpt lat="-13.400457" lon="-71.859240"><ele>4163.908</ele><time>2021-02-19T19:02:55Z</time></trkpt><trkpt lat="-13.400490" lon="-71.859282"><ele>4165.643</ele><time>2021-02-19T19:03:03Z</time></trkpt><trkpt lat="-13.400469" lon="-71.859336"><ele>4168.093</ele><time>2021-02-19T19:03:13Z</time></trkpt><trkpt lat="-13.400412" lon="-71.859319"><ele>4169.878</ele><time>2021-02-19T19:03:19Z</time></trkpt><trkpt lat="-13.400368" lon="-71.859330"><ele>4171.488</ele><time>2021-02-19T19:03:27Z</time></trkpt><trkpt lat="-13.400336" lon="-71.859366"><ele>4174.112</ele><time>2021-02-19T19:03:37Z</time></trkpt><trkpt lat="-13.400340" lon="-71.859417"><ele>4176.168</ele><time>2021-02-19T19:03:47Z</time></trkpt><trkpt lat="-13.400338" lon="-71.859464"><ele>4177.685</ele><time>2021-02-19T19:04:07Z</time></trkpt><trkpt lat="-13.400372" lon="-71.859499"><ele>4178.865</ele><time>2021-02-19T19:04:21Z</time></trkpt><trkpt lat="-13.400320" lon="-71.859493"><ele>4179.332</ele><time>2021-02-19T19:04:25Z</time></trkpt><trkpt lat="-13.400344" lon="-71.859533"><ele>4180.792</ele><time>2021-02-19T19:04:30Z</time></trkpt><trkpt lat="-13.400383" lon="-71.859569"><ele>4183.411</ele><time>2021-02-19T19:04:38Z</time></trkpt><trkpt lat="-13.400428" lon="-71.859578"><ele>4186.408</ele><time>2021-02-19T19:04:53Z</time></trkpt><trkpt lat="-13.400420" lon="-71.859641"><ele>4189.039</ele><time>2021-02-19T19:05:22Z</time></trkpt><trkpt lat="-13.400485" lon="-71.859612"><ele>4193.059</ele><time>2021-02-19T19:05:39Z</time></trkpt><trkpt lat="-13.400463" lon="-71.859653"><ele>4195.274</ele><time>2021-02-19T19:06:52Z</time></trkpt><trkpt lat="-13.400489" lon="-71.859694"><ele>4198.894</ele><time>2021-02-19T19:06:58Z</time></trkpt><trkpt lat="-13.400505" lon="-71.859737"><ele>4202.528</ele><time>2021-02-19T19:07:05Z</time></trkpt><trkpt lat="-13.400508" lon="-71.859795"><ele>4202.844</ele><time>2021-02-19T19:07:14Z</time></trkpt><trkpt lat="-13.400500" lon="-71.859843"><ele>4204.651</ele><time>2021-02-19T19:07:21Z</time></trkpt><trkpt lat="-13.400487" lon="-71.859890"><ele>4207.121</ele><time>2021-02-19T19:07:40Z</time></trkpt><trkpt lat="-13.400427" lon="-71.859872"><ele>4211.147</ele><time>2021-02-19T19:10:08Z</time></trkpt><trkpt lat="-13.400401" lon="-71.859833"><ele>4213.329</ele><time>2021-02-19T19:10:14Z</time></trkpt><trkpt lat="-13.400351" lon="-71.859863"><ele>4215.521</ele><time>2021-02-19T19:10:28Z</time></trkpt><trkpt lat="-13.400311" lon="-71.859892"><ele>4217.708</ele><time>2021-02-19T19:10:42Z</time></trkpt><trkpt lat="-13.400263" lon="-71.859915"><ele>4220.510</ele><time>2021-02-19T19:11:40Z</time></trkpt><trkpt lat="-13.400254" lon="-71.859963"><ele>4224.520</ele><time>2021-02-19T19:13:56Z</time></trkpt><trkpt lat="-13.400211" lon="-71.859922"><ele>4227.595</ele><time>2021-02-19T19:21:56Z</time></trkpt><trkpt lat="-13.400186" lon="-71.859881"><ele>4228.595</ele><time>2021-02-19T19:22:06Z</time></trkpt><trkpt lat="-13.400170" lon="-71.859832"><ele>4227.739</ele><time>2021-02-19T19:22:18Z</time></trkpt><trkpt lat="-13.400150" lon="-71.859789"><ele>4226.175</ele><time>2021-02-19T19:22:46Z</time></trkpt><trkpt lat="-13.400129" lon="-71.859745"><ele>4222.982</ele><time>2021-02-19T19:23:14Z</time></trkpt><trkpt lat="-13.400086" lon="-71.859716"><ele>4219.622</ele><time>2021-02-19T19:23:22Z</time></trkpt><trkpt lat="-13.400046" lon="-71.859677"><ele>4216.846</ele><time>2021-02-19T19:23:29Z</time></trkpt><trkpt lat="-13.400081" lon="-71.859644"><ele>4214.988</ele><time>2021-02-19T19:23:33Z</time></trkpt><trkpt lat="-13.400128" lon="-71.859629"><ele>4213.216</ele><time>2021-02-19T19:23:39Z</time></trkpt><trkpt lat="-13.400167" lon="-71.859594"><ele>4211.108</ele><time>2021-02-19T19:23:44Z</time></trkpt><trkpt lat="-13.400127" lon="-71.859562"><ele>4208.630</ele><time>2021-02-19T19:23:54Z</time></trkpt><trkpt lat="-13.400080" lon="-71.859554"><ele>4206.310</ele><time>2021-02-19T19:24:00Z</time></trkpt><trkpt lat="-13.400034" lon="-71.859535"><ele>4203.075</ele><time>2021-02-19T19:24:08Z</time></trkpt><trkpt lat="-13.400022" lon="-71.859488"><ele>4200.775</ele><time>2021-02-19T19:24:21Z</time></trkpt><trkpt lat="-13.399973" lon="-71.859492"><ele>4197.939</ele><time>2021-02-19T19:24:27Z</time></trkpt><trkpt lat="-13.399973" lon="-71.859440"><ele>4193.935</ele><time>2021-02-19T19:24:41Z</time></trkpt><trkpt lat="-13.399922" lon="-71.859409"><ele>4190.912</ele><time>2021-02-19T19:24:45Z</time></trkpt><trkpt lat="-13.399879" lon="-71.859388"><ele>4188.162</ele><time>2021-02-19T19:24:49Z</time></trkpt><trkpt lat="-13.399847" lon="-71.859346"><ele>4185.531</ele><time>2021-02-19T19:24:53Z</time></trkpt><trkpt lat="-13.399822" lon="-71.859284"><ele>4183.061</ele><time>2021-02-19T19:24:59Z</time></trkpt><trkpt lat="-13.399859" lon="-71.859236"><ele>4181.207</ele><time>2021-02-19T19:25:07Z</time></trkpt><trkpt lat="-13.399909" lon="-71.859222"><ele>4180.108</ele><time>2021-02-19T19:25:11Z</time></trkpt><trkpt lat="-13.399950" lon="-71.859194"><ele>4179.039</ele><time>2021-02-19T19:25:17Z</time></trkpt><trkpt lat="-13.400097" lon="-71.859258"><ele>4177.689</ele><time>2021-02-19T19:25:29Z</time></trkpt><trkpt lat="-13.400146" lon="-71.859284"><ele>4176.564</ele><time>2021-02-19T19:25:33Z</time></trkpt><trkpt lat="-13.400197" lon="-71.859315"><ele>4175.894</ele><time>2021-02-19T19:25:37Z</time></trkpt><trkpt lat="-13.400255" lon="-71.859317"><ele>4175.358</ele><time>2021-02-19T19:25:49Z</time></trkpt><trkpt lat="-13.400300" lon="-71.859315"><ele>4175.054</ele><time>2021-02-19T19:25:53Z</time></trkpt><trkpt lat="-13.400345" lon="-71.859322"><ele>4175.191</ele><time>2021-02-19T19:25:57Z</time></trkpt><trkpt lat="-13.400425" lon="-71.859307"><ele>4174.551</ele><time>2021-02-19T19:26:05Z</time></trkpt><trkpt lat="-13.400469" lon="-71.859319"><ele>4173.642</ele><time>2021-02-19T19:26:09Z</time></trkpt><trkpt lat="-13.400457" lon="-71.859257"><ele>4171.222</ele><time>2021-02-19T19:26:16Z</time></trkpt><trkpt lat="-13.400514" lon="-71.859243"><ele>4168.914</ele><time>2021-02-19T19:26:26Z</time></trkpt><trkpt lat="-13.400477" lon="-71.859192"><ele>4166.608</ele><time>2021-02-19T19:26:32Z</time></trkpt><trkpt lat="-13.400435" lon="-71.859171"><ele>4165.140</ele><time>2021-02-19T19:26:36Z</time></trkpt><trkpt lat="-13.400389" lon="-71.859149"><ele>4163.990</ele><time>2021-02-19T19:26:40Z</time></trkpt><trkpt lat="-13.400355" lon="-71.859118"><ele>4161.515</ele><time>2021-02-19T19:26:48Z</time></trkpt><trkpt lat="-13.400303" lon="-71.859089"><ele>4159.155</ele><time>2021-02-19T19:26:52Z</time></trkpt><trkpt lat="-13.400255" lon="-71.859063"><ele>4157.039</ele><time>2021-02-19T19:26:56Z</time></trkpt><trkpt lat="-13.400196" lon="-71.859040"><ele>4155.195</ele><time>2021-02-19T19:27:02Z</time></trkpt><trkpt lat="-13.400167" lon="-71.858994"><ele>4153.312</ele><time>2021-02-19T19:27:08Z</time></trkpt><trkpt lat="-13.400120" lon="-71.858972"><ele>4151.982</ele><time>2021-02-19T19:27:12Z</time></trkpt><trkpt lat="-13.400088" lon="-71.858936"><ele>4150.612</ele><time>2021-02-19T19:27:18Z</time></trkpt><trkpt lat="-13.400044" lon="-71.858947"><ele>4149.232</ele><time>2021-02-19T19:27:22Z</time></trkpt><trkpt lat="-13.399993" lon="-71.858918"><ele>4147.405</ele><time>2021-02-19T19:27:28Z</time></trkpt><trkpt lat="-13.399965" lon="-71.858875"><ele>4145.908</ele><time>2021-02-19T19:27:32Z</time></trkpt><trkpt lat="-13.399942" lon="-71.858834"><ele>4143.577</ele><time>2021-02-19T19:27:44Z</time></trkpt><trkpt lat="-13.399908" lon="-71.858793"><ele>4141.827</ele><time>2021-02-19T19:27:49Z</time></trkpt><trkpt lat="-13.399871" lon="-71.858765"><ele>4139.652</ele><time>2021-02-19T19:27:53Z</time></trkpt><trkpt lat="-13.399829" lon="-71.858732"><ele>4137.952</ele><time>2021-02-19T19:27:57Z</time></trkpt><trkpt lat="-13.399783" lon="-71.858699"><ele>4136.226</ele><time>2021-02-19T19:28:01Z</time></trkpt><trkpt lat="-13.399742" lon="-71.858677"><ele>4135.182</ele><time>2021-02-19T19:28:04Z</time></trkpt><trkpt lat="-13.399702" lon="-71.858655"><ele>4133.969</ele><time>2021-02-19T19:28:07Z</time></trkpt><trkpt lat="-13.399653" lon="-71.858627"><ele>4132.529</ele><time>2021-02-19T19:28:11Z</time></trkpt><trkpt lat="-13.399602" lon="-71.858604"><ele>4131.276</ele><time>2021-02-19T19:28:15Z</time></trkpt><trkpt lat="-13.399562" lon="-71.858580"><ele>4129.190</ele><time>2021-02-19T19:28:20Z</time></trkpt><trkpt lat="-13.399543" lon="-71.858538"><ele>4127.219</ele><time>2021-02-19T19:28:24Z</time></trkpt><trkpt lat="-13.399496" lon="-71.858510"><ele>4125.208</ele><time>2021-02-19T19:28:29Z</time></trkpt><trkpt lat="-13.399467" lon="-71.858468"><ele>4123.783</ele><time>2021-02-19T19:28:35Z</time></trkpt><trkpt lat="-13.399426" lon="-71.858444"><ele>4121.913</ele><time>2021-02-19T19:28:41Z</time></trkpt><trkpt lat="-13.399395" lon="-71.858400"><ele>4119.738</ele><time>2021-02-19T19:28:46Z</time></trkpt><trkpt lat="-13.399397" lon="-71.858353"><ele>4118.228</ele><time>2021-02-19T19:28:52Z</time></trkpt><trkpt lat="-13.399334" lon="-71.858332"><ele>4115.792</ele><time>2021-02-19T19:29:00Z</time></trkpt><trkpt lat="-13.399280" lon="-71.858355"><ele>4113.918</ele><time>2021-02-19T19:29:06Z</time></trkpt><trkpt lat="-13.399222" lon="-71.858385"><ele>4111.985</ele><time>2021-02-19T19:29:12Z</time></trkpt><trkpt lat="-13.399154" lon="-71.858392"><ele>4109.215</ele><time>2021-02-19T19:29:18Z</time></trkpt><trkpt lat="-13.399116" lon="-71.858417"><ele>4106.856</ele><time>2021-02-19T19:29:22Z</time></trkpt><trkpt lat="-13.399058" lon="-71.858418"><ele>4104.659</ele><time>2021-02-19T19:29:26Z</time></trkpt><trkpt lat="-13.399030" lon="-71.858380"><ele>4102.314</ele><time>2021-02-19T19:29:30Z</time></trkpt><trkpt lat="-13.399014" lon="-71.858316"><ele>4100.508</ele><time>2021-02-19T19:29:36Z</time></trkpt><trkpt lat="-13.399074" lon="-71.858302"><ele>4099.251</ele><time>2021-02-19T19:29:42Z</time></trkpt><trkpt lat="-13.399061" lon="-71.858253"><ele>4098.731</ele><time>2021-02-19T19:29:48Z</time></trkpt><trkpt lat="-13.399011" lon="-71.858220"><ele>4098.266</ele><time>2021-02-19T19:29:54Z</time></trkpt><trkpt lat="-13.398955" lon="-71.858240"><ele>4096.746</ele><time>2021-02-19T19:30:00Z</time></trkpt><trkpt lat="-13.398899" lon="-71.858241"><ele>4094.110</ele><time>2021-02-19T19:30:06Z</time></trkpt><trkpt lat="-13.398840" lon="-71.858221"><ele>4091.266</ele><time>2021-02-19T19:30:12Z</time></trkpt><trkpt lat="-13.398793" lon="-71.858174"><ele>4088.583</ele><time>2021-02-19T19:30:18Z</time></trkpt><trkpt lat="-13.398745" lon="-71.858164"><ele>4087.813</ele><time>2021-02-19T19:30:38Z</time></trkpt><trkpt lat="-13.398696" lon="-71.858173"><ele>4086.235</ele><time>2021-02-19T19:30:45Z</time></trkpt><trkpt lat="-13.398647" lon="-71.858164"><ele>4084.686</ele><time>2021-02-19T19:30:49Z</time></trkpt><trkpt lat="-13.398596" lon="-71.858169"><ele>4082.614</ele><time>2021-02-19T19:30:53Z</time></trkpt><trkpt lat="-13.398544" lon="-71.858164"><ele>4081.008</ele><time>2021-02-19T19:30:57Z</time></trkpt><trkpt lat="-13.398491" lon="-71.858151"><ele>4079.499</ele><time>2021-02-19T19:31:02Z</time></trkpt><trkpt lat="-13.398443" lon="-71.858126"><ele>4077.879</ele><time>2021-02-19T19:31:07Z</time></trkpt><trkpt lat="-13.398394" lon="-71.858106"><ele>4075.894</ele><time>2021-02-19T19:31:12Z</time></trkpt><trkpt lat="-13.398348" lon="-71.858101"><ele>4074.674</ele><time>2021-02-19T19:31:16Z</time></trkpt><trkpt lat="-13.398297" lon="-71.858097"><ele>4073.578</ele><time>2021-02-19T19:31:20Z</time></trkpt><trkpt lat="-13.398244" lon="-71.858087"><ele>4073.064</ele><time>2021-02-19T19:31:24Z</time></trkpt><trkpt lat="-13.398191" lon="-71.858089"><ele>4072.071</ele><time>2021-02-19T19:31:29Z</time></trkpt><trkpt lat="-13.398139" lon="-71.858101"><ele>4071.271</ele><time>2021-02-19T19:31:34Z</time></trkpt><trkpt lat="-13.398087" lon="-71.858123"><ele>4070.538</ele><time>2021-02-19T19:31:40Z</time></trkpt><trkpt lat="-13.398050" lon="-71.858149"><ele>4070.270</ele><time>2021-02-19T19:31:44Z</time></trkpt><trkpt lat="-13.398016" lon="-71.858187"><ele>4070.017</ele><time>2021-02-19T19:31:48Z</time></trkpt><trkpt lat="-13.397965" lon="-71.858185"><ele>4069.408</ele><time>2021-02-19T19:31:52Z</time></trkpt><trkpt lat="-13.397892" lon="-71.858221"><ele>4068.949</ele><time>2021-02-19T19:31:59Z</time></trkpt><trkpt lat="-13.397828" lon="-71.858236"><ele>4068.339</ele><time>2021-02-19T19:32:03Z</time></trkpt><trkpt lat="-13.397778" lon="-71.858256"><ele>4068.194</ele><time>2021-02-19T19:32:07Z</time></trkpt><trkpt lat="-13.397729" lon="-71.858227"><ele>4068.144</ele><time>2021-02-19T19:32:11Z</time></trkpt><trkpt lat="-13.397686" lon="-71.858208"><ele>4067.588</ele><time>2021-02-19T19:32:15Z</time></trkpt><trkpt lat="-13.397653" lon="-71.858157"><ele>4066.164</ele><time>2021-02-19T19:32:21Z</time></trkpt><trkpt lat="-13.397615" lon="-71.858105"><ele>4064.571</ele><time>2021-02-19T19:32:27Z</time></trkpt><trkpt lat="-13.397593" lon="-71.858060"><ele>4063.181</ele><time>2021-02-19T19:32:31Z</time></trkpt><trkpt lat="-13.397577" lon="-71.858013"><ele>4061.091</ele><time>2021-02-19T19:32:35Z</time></trkpt><trkpt lat="-13.397584" lon="-71.857956"><ele>4059.481</ele><time>2021-02-19T19:32:39Z</time></trkpt><trkpt lat="-13.397595" lon="-71.857906"><ele>4058.219</ele><time>2021-02-19T19:32:43Z</time></trkpt><trkpt lat="-13.397579" lon="-71.857858"><ele>4058.508</ele><time>2021-02-19T19:32:47Z</time></trkpt><trkpt lat="-13.397544" lon="-71.857798"><ele>4059.225</ele><time>2021-02-19T19:32:53Z</time></trkpt><trkpt lat="-13.397515" lon="-71.857738"><ele>4059.885</ele><time>2021-02-19T19:32:59Z</time></trkpt><trkpt lat="-13.397492" lon="-71.857690"><ele>4060.210</ele><time>2021-02-19T19:33:03Z</time></trkpt><trkpt lat="-13.397471" lon="-71.857645"><ele>4060.760</ele><time>2021-02-19T19:33:07Z</time></trkpt><trkpt lat="-13.397450" lon="-71.857601"><ele>4061.244</ele><time>2021-02-19T19:33:11Z</time></trkpt><trkpt lat="-13.397438" lon="-71.857555"><ele>4061.430</ele><time>2021-02-19T19:33:15Z</time></trkpt><trkpt lat="-13.397432" lon="-71.857501"><ele>4061.757</ele><time>2021-02-19T19:33:19Z</time></trkpt><trkpt lat="-13.397419" lon="-71.857451"><ele>4062.187</ele><time>2021-02-19T19:33:23Z</time></trkpt><trkpt lat="-13.397425" lon="-71.857394"><ele>4062.587</ele><time>2021-02-19T19:33:27Z</time></trkpt><trkpt lat="-13.397397" lon="-71.857345"><ele>4063.342</ele><time>2021-02-19T19:33:33Z</time></trkpt><trkpt lat="-13.397370" lon="-71.857296"><ele>4063.526</ele><time>2021-02-19T19:33:43Z</time></trkpt><trkpt lat="-13.397315" lon="-71.857285"><ele>4061.708</ele><time>2021-02-19T19:33:51Z</time></trkpt><trkpt lat="-13.397257" lon="-71.857254"><ele>4060.824</ele><time>2021-02-19T19:33:57Z</time></trkpt><trkpt lat="-13.397251" lon="-71.857204"><ele>4059.584</ele><time>2021-02-19T19:34:01Z</time></trkpt><trkpt lat="-13.397248" lon="-71.857144"><ele>4057.979</ele><time>2021-02-19T19:34:07Z</time></trkpt><trkpt lat="-13.397216" lon="-71.857107"><ele>4056.549</ele><time>2021-02-19T19:34:13Z</time></trkpt><trkpt lat="-13.397241" lon="-71.857059"><ele>4055.033</ele><time>2021-02-19T19:34:20Z</time></trkpt><trkpt lat="-13.397256" lon="-71.856985"><ele>4051.879</ele><time>2021-02-19T19:34:28Z</time></trkpt><trkpt lat="-13.397264" lon="-71.856897"><ele>4049.466</ele><time>2021-02-19T19:34:36Z</time></trkpt><trkpt lat="-13.397250" lon="-71.856844"><ele>4047.016</ele><time>2021-02-19T19:34:40Z</time></trkpt><trkpt lat="-13.397241" lon="-71.856783"><ele>4044.827</ele><time>2021-02-19T19:34:44Z</time></trkpt><trkpt lat="-13.397237" lon="-71.856732"><ele>4042.868</ele><time>2021-02-19T19:34:48Z</time></trkpt><trkpt lat="-13.397296" lon="-71.856644"><ele>4039.614</ele><time>2021-02-19T19:35:08Z</time></trkpt><trkpt lat="-13.397231" lon="-71.856612"><ele>4037.608</ele><time>2021-02-19T19:35:12Z</time></trkpt><trkpt lat="-13.397207" lon="-71.856555"><ele>4036.088</ele><time>2021-02-19T19:35:16Z</time></trkpt><trkpt lat="-13.397180" lon="-71.856513"><ele>4034.778</ele><time>2021-02-19T19:35:20Z</time></trkpt><trkpt lat="-13.397154" lon="-71.856471"><ele>4033.793</ele><time>2021-02-19T19:35:24Z</time></trkpt><trkpt lat="-13.397109" lon="-71.856417"><ele>4032.683</ele><time>2021-02-19T19:35:32Z</time></trkpt><trkpt lat="-13.397078" lon="-71.856356"><ele>4032.517</ele><time>2021-02-19T19:35:39Z</time></trkpt><trkpt lat="-13.397028" lon="-71.856304"><ele>4032.433</ele><time>2021-02-19T19:35:45Z</time></trkpt><trkpt lat="-13.397000" lon="-71.856245"><ele>4031.950</ele><time>2021-02-19T19:35:51Z</time></trkpt><trkpt lat="-13.396974" lon="-71.856200"><ele>4031.450</ele><time>2021-02-19T19:35:55Z</time></trkpt><trkpt lat="-13.396950" lon="-71.856159"><ele>4031.089</ele><time>2021-02-19T19:35:59Z</time></trkpt><trkpt lat="-13.396929" lon="-71.856106"><ele>4030.606</ele><time>2021-02-19T19:36:03Z</time></trkpt><trkpt lat="-13.396905" lon="-71.856062"><ele>4030.326</ele><time>2021-02-19T19:36:07Z</time></trkpt><trkpt lat="-13.396881" lon="-71.856018"><ele>4030.508</ele><time>2021-02-19T19:36:11Z</time></trkpt><trkpt lat="-13.396846" lon="-71.855973"><ele>4030.164</ele><time>2021-02-19T19:36:15Z</time></trkpt><trkpt lat="-13.396807" lon="-71.855928"><ele>4029.384</ele><time>2021-02-19T19:36:19Z</time></trkpt><trkpt lat="-13.396766" lon="-71.855895"><ele>4029.189</ele><time>2021-02-19T19:36:23Z</time></trkpt><trkpt lat="-13.396728" lon="-71.855855"><ele>4029.099</ele><time>2021-02-19T19:36:27Z</time></trkpt><trkpt lat="-13.396681" lon="-71.855832"><ele>4028.523</ele><time>2021-02-19T19:36:31Z</time></trkpt><trkpt lat="-13.396626" lon="-71.855735"><ele>4028.419</ele><time>2021-02-19T19:36:38Z</time></trkpt><trkpt lat="-13.396590" lon="-71.855699"><ele>4028.446</ele><time>2021-02-19T19:36:42Z</time></trkpt><trkpt lat="-13.396528" lon="-71.855658"><ele>4028.256</ele><time>2021-02-19T19:36:48Z</time></trkpt><trkpt lat="-13.396492" lon="-71.855566"><ele>4027.061</ele><time>2021-02-19T19:36:55Z</time></trkpt><trkpt lat="-13.396462" lon="-71.855518"><ele>4025.421</ele><time>2021-02-19T19:36:59Z</time></trkpt><trkpt lat="-13.396426" lon="-71.855468"><ele>4024.213</ele><time>2021-02-19T19:37:03Z</time></trkpt><trkpt lat="-13.396403" lon="-71.855427"><ele>4023.108</ele><time>2021-02-19T19:37:15Z</time></trkpt><trkpt lat="-13.396371" lon="-71.855393"><ele>4022.582</ele><time>2021-02-19T19:37:19Z</time></trkpt><trkpt lat="-13.396297" lon="-71.855344"><ele>4021.862</ele><time>2021-02-19T19:37:27Z</time></trkpt><trkpt lat="-13.396263" lon="-71.855308"><ele>4021.247</ele><time>2021-02-19T19:37:31Z</time></trkpt><trkpt lat="-13.396217" lon="-71.855227"><ele>4020.447</ele><time>2021-02-19T19:37:39Z</time></trkpt><trkpt lat="-13.396203" lon="-71.855180"><ele>4019.851</ele><time>2021-02-19T19:37:43Z</time></trkpt><trkpt lat="-13.396204" lon="-71.855128"><ele>4019.087</ele><time>2021-02-19T19:37:47Z</time></trkpt><trkpt lat="-13.396193" lon="-71.855065"><ele>4018.964</ele><time>2021-02-19T19:37:51Z</time></trkpt><trkpt lat="-13.396169" lon="-71.855014"><ele>4018.114</ele><time>2021-02-19T19:37:55Z</time></trkpt><trkpt lat="-13.396136" lon="-71.854967"><ele>4017.661</ele><time>2021-02-19T19:38:00Z</time></trkpt><trkpt lat="-13.396137" lon="-71.854914"><ele>4015.021</ele><time>2021-02-19T19:43:02Z</time></trkpt><trkpt lat="-13.396215" lon="-71.854820"><ele>4011.013</ele><time>2021-02-19T19:43:10Z</time></trkpt><trkpt lat="-13.396281" lon="-71.854705"><ele>4007.008</ele><time>2021-02-19T19:43:18Z</time></trkpt><trkpt lat="-13.396322" lon="-71.854613"><ele>4003.122</ele><time>2021-02-19T19:43:26Z</time></trkpt><trkpt lat="-13.396361" lon="-71.854533"><ele>4000.372</ele><time>2021-02-19T19:43:34Z</time></trkpt><trkpt lat="-13.396429" lon="-71.854476"><ele>3996.347</ele><time>2021-02-19T19:43:42Z</time></trkpt><trkpt lat="-13.396497" lon="-71.854413"><ele>3992.597</ele><time>2021-02-19T19:43:50Z</time></trkpt><trkpt lat="-13.396536" lon="-71.854303"><ele>3988.531</ele><time>2021-02-19T19:43:58Z</time></trkpt><trkpt lat="-13.396607" lon="-71.854171"><ele>3984.537</ele><time>2021-02-19T19:44:06Z</time></trkpt><trkpt lat="-13.396678" lon="-71.854084"><ele>3980.544</ele><time>2021-02-19T19:44:18Z</time></trkpt><trkpt lat="-13.396706" lon="-71.854039"><ele>3977.064</ele><time>2021-02-19T19:44:22Z</time></trkpt><trkpt lat="-13.396736" lon="-71.853984"><ele>3974.419</ele><time>2021-02-19T19:44:26Z</time></trkpt><trkpt lat="-13.396766" lon="-71.853930"><ele>3972.809</ele><time>2021-02-19T19:44:30Z</time></trkpt><trkpt lat="-13.396807" lon="-71.853893"><ele>3971.519</ele><time>2021-02-19T19:44:34Z</time></trkpt><trkpt lat="-13.396842" lon="-71.853853"><ele>3969.808</ele><time>2021-02-19T19:44:38Z</time></trkpt><trkpt lat="-13.396864" lon="-71.853765"><ele>3967.597</ele><time>2021-02-19T19:44:46Z</time></trkpt><trkpt lat="-13.396866" lon="-71.853683"><ele>3965.247</ele><time>2021-02-19T19:45:02Z</time></trkpt><trkpt lat="-13.396867" lon="-71.853636"><ele>3962.472</ele><time>2021-02-19T19:45:18Z</time></trkpt><trkpt lat="-13.396826" lon="-71.853483"><ele>3958.832</ele><time>2021-02-19T19:45:26Z</time></trkpt><trkpt lat="-13.396786" lon="-71.853372"><ele>3955.016</ele><time>2021-02-19T19:45:34Z</time></trkpt><trkpt lat="-13.396800" lon="-71.853237"><ele>3951.012</ele><time>2021-02-19T19:45:42Z</time></trkpt><trkpt lat="-13.396765" lon="-71.853162"><ele>3947.089</ele><time>2021-02-19T19:45:50Z</time></trkpt><trkpt lat="-13.396690" lon="-71.853097"><ele>3944.679</ele><time>2021-02-19T19:45:58Z</time></trkpt><trkpt lat="-13.396703" lon="-71.852983"><ele>3941.612</ele><time>2021-02-19T19:46:06Z</time></trkpt><trkpt lat="-13.396706" lon="-71.852906"><ele>3937.632</ele><time>2021-02-19T19:46:14Z</time></trkpt><trkpt lat="-13.396646" lon="-71.852839"><ele>3933.605</ele><time>2021-02-19T19:46:22Z</time></trkpt><trkpt lat="-13.396556" lon="-71.852792"><ele>3930.308</ele><time>2021-02-19T19:46:30Z</time></trkpt><trkpt lat="-13.396463" lon="-71.852724"><ele>3926.397</ele><time>2021-02-19T19:46:38Z</time></trkpt><trkpt lat="-13.396388" lon="-71.852686"><ele>3923.227</ele><time>2021-02-19T19:46:46Z</time></trkpt><trkpt lat="-13.396280" lon="-71.852678"><ele>3920.022</ele><time>2021-02-19T19:46:54Z</time></trkpt><trkpt lat="-13.396170" lon="-71.852674"><ele>3921.032</ele><time>2021-02-19T19:47:02Z</time></trkpt><trkpt lat="-13.396061" lon="-71.852637"><ele>3920.386</ele><time>2021-02-19T19:47:10Z</time></trkpt><trkpt lat="-13.395976" lon="-71.852579"><ele>3920.882</ele><time>2021-02-19T19:47:18Z</time></trkpt><trkpt lat="-13.395925" lon="-71.852483"><ele>3920.489</ele><time>2021-02-19T19:47:26Z</time></trkpt><trkpt lat="-13.395922" lon="-71.852379"><ele>3918.239</ele><time>2021-02-19T19:47:34Z</time></trkpt><trkpt lat="-13.395973" lon="-71.852259"><ele>3914.458</ele><time>2021-02-19T19:47:42Z</time></trkpt><trkpt lat="-13.396074" lon="-71.852279"><ele>3911.052</ele><time>2021-02-19T19:48:06Z</time></trkpt><trkpt lat="-13.396183" lon="-71.852129"><ele>3908.117</ele><time>2021-02-19T19:48:14Z</time></trkpt><trkpt lat="-13.396208" lon="-71.852075"><ele>3904.208</ele><time>2021-02-19T19:48:22Z</time></trkpt><trkpt lat="-13.396308" lon="-71.852033"><ele>3900.261</ele><time>2021-02-19T19:48:33Z</time></trkpt><trkpt lat="-13.396338" lon="-71.851993"><ele>3896.981</ele><time>2021-02-19T19:48:37Z</time></trkpt><trkpt lat="-13.396353" lon="-71.851942"><ele>3894.336</ele><time>2021-02-19T19:48:42Z</time></trkpt><trkpt lat="-13.396371" lon="-71.851895"><ele>3892.136</ele><time>2021-02-19T19:48:46Z</time></trkpt><trkpt lat="-13.396394" lon="-71.851805"><ele>3889.380</ele><time>2021-02-19T19:48:54Z</time></trkpt><trkpt lat="-13.396404" lon="-71.851756"><ele>3886.936</ele><time>2021-02-19T19:48:58Z</time></trkpt><trkpt lat="-13.396436" lon="-71.851716"><ele>3884.573</ele><time>2021-02-19T19:49:02Z</time></trkpt><trkpt lat="-13.396527" lon="-71.851681"><ele>3881.273</ele><time>2021-02-19T19:49:09Z</time></trkpt><trkpt lat="-13.396629" lon="-71.851615"><ele>3878.188</ele><time>2021-02-19T19:49:22Z</time></trkpt><trkpt lat="-13.396707" lon="-71.851587"><ele>3874.124</ele><time>2021-02-19T19:49:30Z</time></trkpt><trkpt lat="-13.396776" lon="-71.851607"><ele>3870.126</ele><time>2021-02-19T19:49:38Z</time></trkpt><trkpt lat="-13.396837" lon="-71.851608"><ele>3867.808</ele><time>2021-02-19T19:49:46Z</time></trkpt><trkpt lat="-13.396893" lon="-71.851618"><ele>3866.464</ele><time>2021-02-19T19:49:54Z</time></trkpt><trkpt lat="-13.396961" lon="-71.851649"><ele>3866.764</ele><time>2021-02-19T19:50:02Z</time></trkpt><trkpt lat="-13.397013" lon="-71.851692"><ele>3866.759</ele><time>2021-02-19T19:50:10Z</time></trkpt><trkpt lat="-13.397090" lon="-71.851709"><ele>3864.669</ele><time>2021-02-19T19:50:18Z</time></trkpt><trkpt lat="-13.397149" lon="-71.851756"><ele>3861.273</ele><time>2021-02-19T19:50:26Z</time></trkpt><trkpt lat="-13.397253" lon="-71.851796"><ele>3859.229</ele><time>2021-02-19T19:50:34Z</time></trkpt><trkpt lat="-13.397340" lon="-71.851729"><ele>3856.456</ele><time>2021-02-19T19:50:42Z</time></trkpt><trkpt lat="-13.397413" lon="-71.851696"><ele>3854.696</ele><time>2021-02-19T19:50:50Z</time></trkpt><trkpt lat="-13.397483" lon="-71.851645"><ele>3854.125</ele><time>2021-02-19T19:50:58Z</time></trkpt><trkpt lat="-13.397574" lon="-71.851599"><ele>3853.426</ele><time>2021-02-19T19:51:06Z</time></trkpt><trkpt lat="-13.397645" lon="-71.851550"><ele>3852.308</ele><time>2021-02-19T19:51:10Z</time></trkpt><trkpt lat="-13.397689" lon="-71.851583"><ele>3851.508</ele><time>2021-02-19T19:51:14Z</time></trkpt><trkpt lat="-13.397735" lon="-71.851599"><ele>3850.148</ele><time>2021-02-19T19:51:18Z</time></trkpt><trkpt lat="-13.397778" lon="-71.851630"><ele>3849.238</ele><time>2021-02-19T19:51:22Z</time></trkpt><trkpt lat="-13.397826" lon="-71.851653"><ele>3848.163</ele><time>2021-02-19T19:51:26Z</time></trkpt><trkpt lat="-13.397881" lon="-71.851674"><ele>3847.083</ele><time>2021-02-19T19:51:30Z</time></trkpt><trkpt lat="-13.397937" lon="-71.851698"><ele>3845.717</ele><time>2021-02-19T19:51:34Z</time></trkpt><trkpt lat="-13.398009" lon="-71.851746"><ele>3844.783</ele><time>2021-02-19T19:51:50Z</time></trkpt><trkpt lat="-13.398073" lon="-71.851812"><ele>3843.760</ele><time>2021-02-19T19:51:58Z</time></trkpt><trkpt lat="-13.398133" lon="-71.851827"><ele>3842.390</ele><time>2021-02-19T19:52:02Z</time></trkpt><trkpt lat="-13.398188" lon="-71.851859"><ele>3841.351</ele><time>2021-02-19T19:52:06Z</time></trkpt><trkpt lat="-13.398246" lon="-71.851883"><ele>3840.401</ele><time>2021-02-19T19:52:10Z</time></trkpt><trkpt lat="-13.398310" lon="-71.851891"><ele>3838.911</ele><time>2021-02-19T19:53:10Z</time></trkpt><trkpt lat="-13.398349" lon="-71.851918"><ele>3838.208</ele><time>2021-02-19T19:53:14Z</time></trkpt><trkpt lat="-13.398390" lon="-71.851945"><ele>3838.291</ele><time>2021-02-19T19:53:18Z</time></trkpt><trkpt lat="-13.398436" lon="-71.851963"><ele>3838.461</ele><time>2021-02-19T19:53:22Z</time></trkpt><trkpt lat="-13.398483" lon="-71.851974"><ele>3838.736</ele><time>2021-02-19T19:53:26Z</time></trkpt><trkpt lat="-13.398570" lon="-71.851970"><ele>3837.916</ele><time>2021-02-19T19:53:34Z</time></trkpt><trkpt lat="-13.398649" lon="-71.851979"><ele>3837.860</ele><time>2021-02-19T19:53:42Z</time></trkpt><trkpt lat="-13.398701" lon="-71.851992"><ele>3837.046</ele><time>2021-02-19T19:53:46Z</time></trkpt><trkpt lat="-13.398763" lon="-71.851996"><ele>3835.863</ele><time>2021-02-19T19:53:50Z</time></trkpt><trkpt lat="-13.398819" lon="-71.851986"><ele>3834.853</ele><time>2021-02-19T19:53:54Z</time></trkpt><trkpt lat="-13.398873" lon="-71.851980"><ele>3834.124</ele><time>2021-02-19T19:53:58Z</time></trkpt><trkpt lat="-13.398925" lon="-71.851980"><ele>3833.504</ele><time>2021-02-19T19:54:02Z</time></trkpt><trkpt lat="-13.398978" lon="-71.851976"><ele>3833.214</ele><time>2021-02-19T19:54:06Z</time></trkpt><trkpt lat="-13.399033" lon="-71.851961"><ele>3833.008</ele><time>2021-02-19T19:54:10Z</time></trkpt><trkpt lat="-13.399085" lon="-71.851936"><ele>3832.958</ele><time>2021-02-19T19:54:14Z</time></trkpt><trkpt lat="-13.399142" lon="-71.851913"><ele>3832.878</ele><time>2021-02-19T19:54:18Z</time></trkpt><trkpt lat="-13.399196" lon="-71.851895"><ele>3832.763</ele><time>2021-02-19T19:54:22Z</time></trkpt><trkpt lat="-13.399257" lon="-71.851893"><ele>3832.743</ele><time>2021-02-19T19:54:26Z</time></trkpt><trkpt lat="-13.399316" lon="-71.851870"><ele>3832.087</ele><time>2021-02-19T19:54:30Z</time></trkpt><trkpt lat="-13.399373" lon="-71.851862"><ele>3831.143</ele><time>2021-02-19T19:54:34Z</time></trkpt><trkpt lat="-13.399428" lon="-71.851857"><ele>3830.180</ele><time>2021-02-19T19:54:38Z</time></trkpt><trkpt lat="-13.399483" lon="-71.851853"><ele>3829.090</ele><time>2021-02-19T19:54:42Z</time></trkpt><trkpt lat="-13.399539" lon="-71.851843"><ele>3828.045</ele><time>2021-02-19T19:54:46Z</time></trkpt><trkpt lat="-13.399594" lon="-71.851847"><ele>3827.347</ele><time>2021-02-19T19:54:50Z</time></trkpt><trkpt lat="-13.399650" lon="-71.851836"><ele>3826.611</ele><time>2021-02-19T19:54:54Z</time></trkpt><trkpt lat="-13.399705" lon="-71.851830"><ele>3825.708</ele><time>2021-02-19T19:54:58Z</time></trkpt><trkpt lat="-13.399754" lon="-71.851828"><ele>3825.170</ele><time>2021-02-19T19:55:02Z</time></trkpt><trkpt lat="-13.399809" lon="-71.851840"><ele>3824.620</ele><time>2021-02-19T19:55:06Z</time></trkpt><trkpt lat="-13.399864" lon="-71.851840"><ele>3824.095</ele><time>2021-02-19T19:55:10Z</time></trkpt><trkpt lat="-13.399921" lon="-71.851838"><ele>3823.585</ele><time>2021-02-19T19:55:14Z</time></trkpt><trkpt lat="-13.399975" lon="-71.851844"><ele>3822.899</ele><time>2021-02-19T19:55:18Z</time></trkpt><trkpt lat="-13.400033" lon="-71.851837"><ele>3822.385</ele><time>2021-02-19T19:55:22Z</time></trkpt><trkpt lat="-13.400088" lon="-71.851841"><ele>3822.062</ele><time>2021-02-19T19:55:26Z</time></trkpt><trkpt lat="-13.400181" lon="-71.851836"><ele>3820.362</ele><time>2021-02-19T19:55:34Z</time></trkpt><trkpt lat="-13.400226" lon="-71.851847"><ele>3818.716</ele><time>2021-02-19T19:55:38Z</time></trkpt><trkpt lat="-13.400282" lon="-71.851859"><ele>3817.076</ele><time>2021-02-19T19:55:42Z</time></trkpt><trkpt lat="-13.400334" lon="-71.851863"><ele>3815.813</ele><time>2021-02-19T19:55:46Z</time></trkpt><trkpt lat="-13.400389" lon="-71.851867"><ele>3814.408</ele><time>2021-02-19T19:55:50Z</time></trkpt><trkpt lat="-13.400439" lon="-71.851873"><ele>3813.157</ele><time>2021-02-19T19:55:54Z</time></trkpt><trkpt lat="-13.400596" lon="-71.851893"><ele>3811.237</ele><time>2021-02-19T19:56:17Z</time></trkpt><trkpt lat="-13.400707" lon="-71.851876"><ele>3808.432</ele><time>2021-02-19T19:56:25Z</time></trkpt><trkpt lat="-13.400777" lon="-71.851811"><ele>3804.412</ele><time>2021-02-19T19:56:33Z</time></trkpt><trkpt lat="-13.400759" lon="-71.851758"><ele>3801.166</ele><time>2021-02-19T19:56:49Z</time></trkpt><trkpt lat="-13.400898" lon="-71.851759"><ele>3797.692</ele><time>2021-02-19T19:56:57Z</time></trkpt><trkpt lat="-13.400955" lon="-71.851670"><ele>3796.899</ele><time>2021-02-19T19:57:05Z</time></trkpt><trkpt lat="-13.401051" lon="-71.851491"><ele>3793.019</ele><time>2021-02-19T19:57:22Z</time></trkpt><trkpt lat="-13.401122" lon="-71.851387"><ele>3791.481</ele><time>2021-02-19T19:57:31Z</time></trkpt><trkpt lat="-13.401136" lon="-71.851273"><ele>3787.461</ele><time>2021-02-19T19:57:40Z</time></trkpt><trkpt lat="-13.401139" lon="-71.851149"><ele>3783.817</ele><time>2021-02-19T19:57:49Z</time></trkpt><trkpt lat="-13.401193" lon="-71.851105"><ele>3784.208</ele><time>2021-02-19T19:57:58Z</time></trkpt><trkpt lat="-13.401262" lon="-71.851137"><ele>3781.884</ele><time>2021-02-19T19:58:07Z</time></trkpt><trkpt lat="-13.401196" lon="-71.851051"><ele>3777.874</ele><time>2021-02-19T19:58:25Z</time></trkpt><trkpt lat="-13.401036" lon="-71.851014"><ele>3773.879</ele><time>2021-02-19T19:58:34Z</time></trkpt><trkpt lat="-13.400940" lon="-71.850948"><ele>3769.869</ele><time>2021-02-19T19:58:43Z</time></trkpt><trkpt lat="-13.400939" lon="-71.850815"><ele>3767.753</ele><time>2021-02-19T19:58:52Z</time></trkpt><trkpt lat="-13.401030" lon="-71.850779"><ele>3767.589</ele><time>2021-02-19T19:59:01Z</time></trkpt><trkpt lat="-13.401131" lon="-71.850801"><ele>3764.216</ele><time>2021-02-19T19:59:10Z</time></trkpt><trkpt lat="-13.401202" lon="-71.850833"><ele>3760.376</ele><time>2021-02-19T19:59:19Z</time></trkpt><trkpt lat="-13.401140" lon="-71.850637"><ele>3759.612</ele><time>2021-02-19T19:59:28Z</time></trkpt><trkpt lat="-13.401125" lon="-71.850564"><ele>3755.632</ele><time>2021-02-19T19:59:37Z</time></trkpt><trkpt lat="-13.401016" lon="-71.850496"><ele>3751.605</ele><time>2021-02-19T19:59:46Z</time></trkpt><trkpt lat="-13.400915" lon="-71.850440"><ele>3747.608</ele><time>2021-02-19T19:59:55Z</time></trkpt><trkpt lat="-13.400857" lon="-71.850369"><ele>3743.627</ele><time>2021-02-19T20:00:04Z</time></trkpt><trkpt lat="-13.400814" lon="-71.850405"><ele>3740.527</ele><time>2021-02-19T20:00:08Z</time></trkpt><trkpt lat="-13.400862" lon="-71.850204"><ele>3740.752</ele><time>2021-02-19T20:00:13Z</time></trkpt><trkpt lat="-13.400863" lon="-71.850132"><ele>3740.342</ele><time>2021-02-19T20:00:18Z</time></trkpt><trkpt lat="-13.400827" lon="-71.850081"><ele>3739.726</ele><time>2021-02-19T20:00:23Z</time></trkpt><trkpt lat="-13.400790" lon="-71.850025"><ele>3739.082</ele><time>2021-02-19T20:00:28Z</time></trkpt><trkpt lat="-13.400743" lon="-71.849977"><ele>3738.159</ele><time>2021-02-19T20:00:33Z</time></trkpt><trkpt lat="-13.400711" lon="-71.849928"><ele>3737.759</ele><time>2021-02-19T20:00:38Z</time></trkpt><trkpt lat="-13.400701" lon="-71.849838"><ele>3737.839</ele><time>2021-02-19T20:00:48Z</time></trkpt><trkpt lat="-13.400720" lon="-71.849793"><ele>3736.701</ele><time>2021-02-19T20:00:53Z</time></trkpt><trkpt lat="-13.400771" lon="-71.849748"><ele>3734.921</ele><time>2021-02-19T20:00:58Z</time></trkpt><trkpt lat="-13.400836" lon="-71.849719"><ele>3733.008</ele><time>2021-02-19T20:01:03Z</time></trkpt><trkpt lat="-13.400907" lon="-71.849718"><ele>3732.119</ele><time>2021-02-19T20:01:08Z</time></trkpt><trkpt lat="-13.400954" lon="-71.849762"><ele>3731.419</ele><time>2021-02-19T20:01:13Z</time></trkpt><trkpt lat="-13.400979" lon="-71.849805"><ele>3729.594</ele><time>2021-02-19T20:01:18Z</time></trkpt><trkpt lat="-13.401104" lon="-71.849712"><ele>3726.634</ele><time>2021-02-19T20:01:41Z</time></trkpt><trkpt lat="-13.401214" lon="-71.849596"><ele>3723.228</ele><time>2021-02-19T20:01:50Z</time></trkpt><trkpt lat="-13.401311" lon="-71.849507"><ele>3719.464</ele><time>2021-02-19T20:01:59Z</time></trkpt><trkpt lat="-13.401396" lon="-71.849434"><ele>3716.751</ele><time>2021-02-19T20:02:08Z</time></trkpt><trkpt lat="-13.401425" lon="-71.849317"><ele>3715.971</ele><time>2021-02-19T20:02:17Z</time></trkpt><trkpt lat="-13.401381" lon="-71.849236"><ele>3714.972</ele><time>2021-02-19T20:02:22Z</time></trkpt><trkpt lat="-13.401475" lon="-71.849312"><ele>3712.113</ele><time>2021-02-19T20:02:28Z</time></trkpt><trkpt lat="-13.401542" lon="-71.849300"><ele>3709.614</ele><time>2021-02-19T20:02:33Z</time></trkpt><trkpt lat="-13.401584" lon="-71.849247"><ele>3707.108</ele><time>2021-02-19T20:02:38Z</time></trkpt><trkpt lat="-13.401640" lon="-71.849248"><ele>3704.033</ele><time>2021-02-19T20:02:43Z</time></trkpt><trkpt lat="-13.401689" lon="-71.849231"><ele>3702.013</ele><time>2021-02-19T20:02:48Z</time></trkpt><trkpt lat="-13.401744" lon="-71.849166"><ele>3700.928</ele><time>2021-02-19T20:03:03Z</time></trkpt><trkpt lat="-13.401795" lon="-71.849164"><ele>3699.288</ele><time>2021-02-19T20:03:08Z</time></trkpt><trkpt lat="-13.401849" lon="-71.849172"><ele>3697.852</ele><time>2021-02-19T20:03:13Z</time></trkpt><trkpt lat="-13.401907" lon="-71.849212"><ele>3696.248</ele><time>2021-02-19T20:03:18Z</time></trkpt><trkpt lat="-13.401961" lon="-71.849254"><ele>3695.565</ele><time>2021-02-19T20:03:23Z</time></trkpt><trkpt lat="-13.402006" lon="-71.849246"><ele>3694.515</ele><time>2021-02-19T20:03:28Z</time></trkpt><trkpt lat="-13.402018" lon="-71.849197"><ele>3692.622</ele><time>2021-02-19T20:03:33Z</time></trkpt><trkpt lat="-13.401974" lon="-71.849139"><ele>3690.762</ele><time>2021-02-19T20:03:38Z</time></trkpt><trkpt lat="-13.401959" lon="-71.849089"><ele>3688.308</ele><time>2021-02-19T20:03:43Z</time></trkpt><trkpt lat="-13.401992" lon="-71.849042"><ele>3685.408</ele><time>2021-02-19T20:03:48Z</time></trkpt><trkpt lat="-13.402035" lon="-71.849002"><ele>3683.358</ele><time>2021-02-19T20:03:53Z</time></trkpt><trkpt lat="-13.402079" lon="-71.848957"><ele>3681.278</ele><time>2021-02-19T20:03:58Z</time></trkpt><trkpt lat="-13.402131" lon="-71.848930"><ele>3679.083</ele><time>2021-02-19T20:04:03Z</time></trkpt><trkpt lat="-13.402191" lon="-71.848896"><ele>3676.963</ele><time>2021-02-19T20:04:08Z</time></trkpt><trkpt lat="-13.402247" lon="-71.848854"><ele>3674.727</ele><time>2021-02-19T20:04:13Z</time></trkpt><trkpt lat="-13.402306" lon="-71.848832"><ele>3673.763</ele><time>2021-02-19T20:04:18Z</time></trkpt><trkpt lat="-13.402350" lon="-71.848824"><ele>3670.970</ele><time>2021-02-19T20:04:23Z</time></trkpt><trkpt lat="-13.402318" lon="-71.848732"><ele>3668.470</ele><time>2021-02-19T20:04:33Z</time></trkpt><trkpt lat="-13.402230" lon="-71.848722"><ele>3666.988</ele><time>2021-02-19T20:04:38Z</time></trkpt><trkpt lat="-13.402159" lon="-71.848714"><ele>3665.224</ele><time>2021-02-19T20:04:43Z</time></trkpt><trkpt lat="-13.402185" lon="-71.848661"><ele>3662.926</ele><time>2021-02-19T20:04:53Z</time></trkpt><trkpt lat="-13.402225" lon="-71.848639"><ele>3660.408</ele><time>2021-02-19T20:04:58Z</time></trkpt><trkpt lat="-13.402278" lon="-71.848579"><ele>3657.414</ele><time>2021-02-19T20:05:08Z</time></trkpt><trkpt lat="-13.402314" lon="-71.848537"><ele>3655.994</ele><time>2021-02-19T20:05:18Z</time></trkpt><trkpt lat="-13.402295" lon="-71.848484"><ele>3653.789</ele><time>2021-02-19T20:05:23Z</time></trkpt><trkpt lat="-13.402335" lon="-71.848420"><ele>3651.659</ele><time>2021-02-19T20:05:33Z</time></trkpt><trkpt lat="-13.402404" lon="-71.848413"><ele>3650.443</ele><time>2021-02-19T20:05:38Z</time></trkpt><trkpt lat="-13.402456" lon="-71.848402"><ele>3648.979</ele><time>2021-02-19T20:05:43Z</time></trkpt><trkpt lat="-13.402439" lon="-71.848330"><ele>3647.736</ele><time>2021-02-19T20:05:53Z</time></trkpt><trkpt lat="-13.402405" lon="-71.848285"><ele>3643.726</ele><time>2021-02-19T20:06:06Z</time></trkpt><trkpt lat="-13.402487" lon="-71.848259"><ele>3640.191</ele><time>2021-02-19T20:06:12Z</time></trkpt><trkpt lat="-13.402534" lon="-71.848269"><ele>3637.781</ele><time>2021-02-19T20:06:15Z</time></trkpt><trkpt lat="-13.402599" lon="-71.848284"><ele>3636.319</ele><time>2021-02-19T20:06:21Z</time></trkpt><trkpt lat="-13.402637" lon="-71.848324"><ele>3635.208</ele><time>2021-02-19T20:06:27Z</time></trkpt><trkpt lat="-13.402648" lon="-71.848276"><ele>3633.665</ele><time>2021-02-19T20:06:36Z</time></trkpt><trkpt lat="-13.402664" lon="-71.848207"><ele>3631.795</ele><time>2021-02-19T20:06:42Z</time></trkpt><trkpt lat="-13.402714" lon="-71.848247"><ele>3630.010</ele><time>2021-02-19T20:06:48Z</time></trkpt><trkpt lat="-13.402771" lon="-71.848226"><ele>3627.580</ele><time>2021-02-19T20:06:57Z</time></trkpt><trkpt lat="-13.402816" lon="-71.848243"><ele>3625.834</ele><time>2021-02-19T20:07:00Z</time></trkpt><trkpt lat="-13.402887" lon="-71.848233"><ele>3623.970</ele><time>2021-02-19T20:07:06Z</time></trkpt><trkpt lat="-13.402945" lon="-71.848183"><ele>3621.757</ele><time>2021-02-19T20:07:12Z</time></trkpt><trkpt lat="-13.402996" lon="-71.848192"><ele>3619.617</ele><time>2021-02-19T20:07:42Z</time></trkpt><trkpt lat="-13.403057" lon="-71.848183"><ele>3617.983</ele><time>2021-02-19T20:07:48Z</time></trkpt><trkpt lat="-13.403137" lon="-71.848202"><ele>3615.625</ele><time>2021-02-19T20:07:54Z</time></trkpt><trkpt lat="-13.403216" lon="-71.848207"><ele>3614.117</ele><time>2021-02-19T20:08:00Z</time></trkpt><trkpt lat="-13.403275" lon="-71.848206"><ele>3612.608</ele><time>2021-02-19T20:08:06Z</time></trkpt><trkpt lat="-13.403321" lon="-71.848176"><ele>3611.284</ele><time>2021-02-19T20:08:12Z</time></trkpt><trkpt lat="-13.403394" lon="-71.848143"><ele>3609.574</ele><time>2021-02-19T20:08:18Z</time></trkpt><trkpt lat="-13.403467" lon="-71.848123"><ele>3607.929</ele><time>2021-02-19T20:08:24Z</time></trkpt><trkpt lat="-13.403533" lon="-71.848097"><ele>3606.739</ele><time>2021-02-19T20:08:30Z</time></trkpt><trkpt lat="-13.403589" lon="-71.848073"><ele>3606.123</ele><time>2021-02-19T20:08:36Z</time></trkpt><trkpt lat="-13.403620" lon="-71.848020"><ele>3605.869</ele><time>2021-02-19T20:08:42Z</time></trkpt><trkpt lat="-13.403666" lon="-71.847968"><ele>3605.216</ele><time>2021-02-19T20:08:48Z</time></trkpt><trkpt lat="-13.403731" lon="-71.847939"><ele>3604.886</ele><time>2021-02-19T20:08:54Z</time></trkpt><trkpt lat="-13.403807" lon="-71.847913"><ele>3604.626</ele><time>2021-02-19T20:09:00Z</time></trkpt><trkpt lat="-13.403845" lon="-71.847887"><ele>3604.347</ele><time>2021-02-19T20:09:03Z</time></trkpt><trkpt lat="-13.403912" lon="-71.847835"><ele>3603.911</ele><time>2021-02-19T20:09:09Z</time></trkpt><trkpt lat="-13.403960" lon="-71.847772"><ele>3603.308</ele><time>2021-02-19T20:09:15Z</time></trkpt><trkpt lat="-13.403989" lon="-71.847684"><ele>3602.728</ele><time>2021-02-19T20:09:21Z</time></trkpt><trkpt lat="-13.404005" lon="-71.847598"><ele>3602.098</ele><time>2021-02-19T20:09:27Z</time></trkpt><trkpt lat="-13.404018" lon="-71.847514"><ele>3601.243</ele><time>2021-02-19T20:09:33Z</time></trkpt><trkpt lat="-13.404037" lon="-71.847440"><ele>3600.523</ele><time>2021-02-19T20:09:39Z</time></trkpt><trkpt lat="-13.404075" lon="-71.847391"><ele>3600.157</ele><time>2021-02-19T20:09:45Z</time></trkpt><trkpt lat="-13.404112" lon="-71.847435"><ele>3599.423</ele><time>2021-02-19T20:09:51Z</time></trkpt><trkpt lat="-13.404175" lon="-71.847450"><ele>3598.680</ele><time>2021-02-19T20:09:57Z</time></trkpt><trkpt lat="-13.404226" lon="-71.847474"><ele>3597.690</ele><time>2021-02-19T20:10:03Z</time></trkpt><trkpt lat="-13.404279" lon="-71.847466"><ele>3597.065</ele><time>2021-02-19T20:10:09Z</time></trkpt><trkpt lat="-13.404341" lon="-71.847478"><ele>3596.068</ele><time>2021-02-19T20:10:15Z</time></trkpt><trkpt lat="-13.404405" lon="-71.847492"><ele>3595.214</ele><time>2021-02-19T20:10:21Z</time></trkpt><trkpt lat="-13.404474" lon="-71.847503"><ele>3594.108</ele><time>2021-02-19T20:10:27Z</time></trkpt><trkpt lat="-13.404532" lon="-71.847532"><ele>3592.642</ele><time>2021-02-19T20:10:33Z</time></trkpt><trkpt lat="-13.404596" lon="-71.847543"><ele>3591.462</ele><time>2021-02-19T20:10:39Z</time></trkpt><trkpt lat="-13.404664" lon="-71.847549"><ele>3590.157</ele><time>2021-02-19T20:10:45Z</time></trkpt><trkpt lat="-13.404698" lon="-71.847505"><ele>3589.357</ele><time>2021-02-19T20:10:51Z</time></trkpt><trkpt lat="-13.404743" lon="-71.847491"><ele>3588.481</ele><time>2021-02-19T20:10:57Z</time></trkpt><trkpt lat="-13.404807" lon="-71.847491"><ele>3586.627</ele><time>2021-02-19T20:11:03Z</time></trkpt><trkpt lat="-13.404875" lon="-71.847487"><ele>3584.864</ele><time>2021-02-19T20:11:09Z</time></trkpt><trkpt lat="-13.404949" lon="-71.847486"><ele>3583.064</ele><time>2021-02-19T20:11:15Z</time></trkpt><trkpt lat="-13.405014" lon="-71.847470"><ele>3581.987</ele><time>2021-02-19T20:11:21Z</time></trkpt><trkpt lat="-13.405084" lon="-71.847482"><ele>3580.842</ele><time>2021-02-19T20:11:27Z</time></trkpt><trkpt lat="-13.405142" lon="-71.847467"><ele>3579.926</ele><time>2021-02-19T20:11:33Z</time></trkpt><trkpt lat="-13.405208" lon="-71.847450"><ele>3578.408</ele><time>2021-02-19T20:11:39Z</time></trkpt><trkpt lat="-13.405275" lon="-71.847482"><ele>3576.594</ele><time>2021-02-19T20:11:45Z</time></trkpt><trkpt lat="-13.405315" lon="-71.847508"><ele>3574.724</ele><time>2021-02-19T20:11:51Z</time></trkpt><trkpt lat="-13.405371" lon="-71.847517"><ele>3573.019</ele><time>2021-02-19T20:12:00Z</time></trkpt><trkpt lat="-13.405438" lon="-71.847504"><ele>3571.149</ele><time>2021-02-19T20:12:06Z</time></trkpt><trkpt lat="-13.405516" lon="-71.847517"><ele>3569.813</ele><time>2021-02-19T20:12:12Z</time></trkpt><trkpt lat="-13.405577" lon="-71.847549"><ele>3568.239</ele><time>2021-02-19T20:12:18Z</time></trkpt><trkpt lat="-13.405646" lon="-71.847556"><ele>3566.796</ele><time>2021-02-19T20:12:27Z</time></trkpt><trkpt lat="-13.405694" lon="-71.847588"><ele>3566.066</ele><time>2021-02-19T20:12:33Z</time></trkpt><trkpt lat="-13.405753" lon="-71.847619"><ele>3565.194</ele><time>2021-02-19T20:12:39Z</time></trkpt><trkpt lat="-13.405831" lon="-71.847632"><ele>3564.257</ele><time>2021-02-19T20:12:45Z</time></trkpt><trkpt lat="-13.405910" lon="-71.847651"><ele>3563.722</ele><time>2021-02-19T20:12:51Z</time></trkpt><trkpt lat="-13.405989" lon="-71.847638"><ele>3563.608</ele><time>2021-02-19T20:12:57Z</time></trkpt><trkpt lat="-13.406052" lon="-71.847629"><ele>3563.095</ele><time>2021-02-19T20:13:03Z</time></trkpt><trkpt lat="-13.406131" lon="-71.847608"><ele>3561.995</ele><time>2021-02-19T20:13:09Z</time></trkpt><trkpt lat="-13.406202" lon="-71.847592"><ele>3560.890</ele><time>2021-02-19T20:13:15Z</time></trkpt><trkpt lat="-13.406275" lon="-71.847595"><ele>3559.670</ele><time>2021-02-19T20:13:21Z</time></trkpt><trkpt lat="-13.406328" lon="-71.847593"><ele>3559.294</ele><time>2021-02-19T20:13:25Z</time></trkpt><trkpt lat="-13.406386" lon="-71.847588"><ele>3558.950</ele><time>2021-02-19T20:13:29Z</time></trkpt><trkpt lat="-13.406438" lon="-71.847569"><ele>3558.127</ele><time>2021-02-19T20:13:33Z</time></trkpt><trkpt lat="-13.406489" lon="-71.847551"><ele>3557.747</ele><time>2021-02-19T20:13:37Z</time></trkpt><trkpt lat="-13.406540" lon="-71.847538"><ele>3557.241</ele><time>2021-02-19T20:13:41Z</time></trkpt><trkpt lat="-13.406600" lon="-71.847544"><ele>3556.981</ele><time>2021-02-19T20:13:45Z</time></trkpt><trkpt lat="-13.406652" lon="-71.847550"><ele>3556.509</ele><time>2021-02-19T20:13:49Z</time></trkpt><trkpt lat="-13.406706" lon="-71.847551"><ele>3556.008</ele><time>2021-02-19T20:13:53Z</time></trkpt><trkpt lat="-13.406757" lon="-71.847541"><ele>3555.340</ele><time>2021-02-19T20:13:57Z</time></trkpt><trkpt lat="-13.406806" lon="-71.847524"><ele>3554.410</ele><time>2021-02-19T20:14:01Z</time></trkpt><trkpt lat="-13.406855" lon="-71.847505"><ele>3553.945</ele><time>2021-02-19T20:14:05Z</time></trkpt><trkpt lat="-13.406906" lon="-71.847492"><ele>3553.585</ele><time>2021-02-19T20:14:09Z</time></trkpt><trkpt lat="-13.406958" lon="-71.847493"><ele>3552.839</ele><time>2021-02-19T20:14:13Z</time></trkpt><trkpt lat="-13.407014" lon="-71.847491"><ele>3551.935</ele><time>2021-02-19T20:14:17Z</time></trkpt><trkpt lat="-13.407070" lon="-71.847491"><ele>3551.282</ele><time>2021-02-19T20:14:21Z</time></trkpt><trkpt lat="-13.407125" lon="-71.847496"><ele>3550.822</ele><time>2021-02-19T20:14:25Z</time></trkpt><trkpt lat="-13.407181" lon="-71.847497"><ele>3550.547</ele><time>2021-02-19T20:14:29Z</time></trkpt><trkpt lat="-13.407234" lon="-71.847489"><ele>3550.229</ele><time>2021-02-19T20:14:33Z</time></trkpt><trkpt lat="-13.407288" lon="-71.847475"><ele>3549.621</ele><time>2021-02-19T20:14:37Z</time></trkpt><trkpt lat="-13.407348" lon="-71.847468"><ele>3548.808</ele><time>2021-02-19T20:14:41Z</time></trkpt><trkpt lat="-13.407407" lon="-71.847465"><ele>3547.980</ele><time>2021-02-19T20:14:45Z</time></trkpt><trkpt lat="-13.407467" lon="-71.847467"><ele>3546.870</ele><time>2021-02-19T20:14:49Z</time></trkpt><trkpt lat="-13.407524" lon="-71.847466"><ele>3545.715</ele><time>2021-02-19T20:14:53Z</time></trkpt><trkpt lat="-13.407576" lon="-71.847468"><ele>3544.635</ele><time>2021-02-19T20:14:57Z</time></trkpt><trkpt lat="-13.407624" lon="-71.847472"><ele>3543.469</ele><time>2021-02-19T20:15:01Z</time></trkpt><trkpt lat="-13.407682" lon="-71.847476"><ele>3542.595</ele><time>2021-02-19T20:15:05Z</time></trkpt><trkpt lat="-13.407741" lon="-71.847472"><ele>3541.482</ele><time>2021-02-19T20:15:09Z</time></trkpt><trkpt lat="-13.407795" lon="-71.847470"><ele>3540.542</ele><time>2021-02-19T20:15:13Z</time></trkpt><trkpt lat="-13.407848" lon="-71.847453"><ele>3539.682</ele><time>2021-02-19T20:15:17Z</time></trkpt><trkpt lat="-13.407906" lon="-71.847438"><ele>3538.843</ele><time>2021-02-19T20:15:21Z</time></trkpt><trkpt lat="-13.407956" lon="-71.847432"><ele>3538.017</ele><time>2021-02-19T20:15:25Z</time></trkpt><trkpt lat="-13.408011" lon="-71.847425"><ele>3537.208</ele><time>2021-02-19T20:15:29Z</time></trkpt><trkpt lat="-13.408081" lon="-71.847413"><ele>3535.964</ele><time>2021-02-19T20:15:35Z</time></trkpt><trkpt lat="-13.408132" lon="-71.847407"><ele>3534.894</ele><time>2021-02-19T20:15:39Z</time></trkpt><trkpt lat="-13.408184" lon="-71.847399"><ele>3533.329</ele><time>2021-02-19T20:15:43Z</time></trkpt><trkpt lat="-13.408233" lon="-71.847410"><ele>3531.689</ele><time>2021-02-19T20:15:49Z</time></trkpt><trkpt lat="-13.408265" lon="-71.847448"><ele>3529.873</ele><time>2021-02-19T20:15:53Z</time></trkpt><trkpt lat="-13.408325" lon="-71.847462"><ele>3527.869</ele><time>2021-02-19T20:15:59Z</time></trkpt><trkpt lat="-13.408389" lon="-71.847459"><ele>3525.896</ele><time>2021-02-19T20:16:05Z</time></trkpt><trkpt lat="-13.408441" lon="-71.847418"><ele>3524.166</ele><time>2021-02-19T20:16:11Z</time></trkpt><trkpt lat="-13.408495" lon="-71.847383"><ele>3522.671</ele><time>2021-02-19T20:16:17Z</time></trkpt><trkpt lat="-13.408554" lon="-71.847381"><ele>3520.741</ele><time>2021-02-19T20:16:23Z</time></trkpt><trkpt lat="-13.408618" lon="-71.847365"><ele>3518.415</ele><time>2021-02-19T20:16:29Z</time></trkpt><trkpt lat="-13.408671" lon="-71.847386"><ele>3516.808</ele><time>2021-02-19T20:16:33Z</time></trkpt><trkpt lat="-13.408710" lon="-71.847410"><ele>3515.063</ele><time>2021-02-19T20:16:37Z</time></trkpt><trkpt lat="-13.408766" lon="-71.847428"><ele>3512.813</ele><time>2021-02-19T20:16:43Z</time></trkpt><trkpt lat="-13.408813" lon="-71.847415"><ele>3510.648</ele><time>2021-02-19T20:16:47Z</time></trkpt><trkpt lat="-13.408865" lon="-71.847390"><ele>3508.998</ele><time>2021-02-19T20:16:53Z</time></trkpt><trkpt lat="-13.408911" lon="-71.847405"><ele>3507.372</ele><time>2021-02-19T20:17:03Z</time></trkpt><trkpt lat="-13.408949" lon="-71.847438"><ele>3505.378</ele><time>2021-02-19T20:17:15Z</time></trkpt><trkpt lat="-13.409005" lon="-71.847404"><ele>3503.645</ele><time>2021-02-19T20:17:21Z</time></trkpt><trkpt lat="-13.409055" lon="-71.847407"><ele>3501.855</ele><time>2021-02-19T20:17:25Z</time></trkpt><trkpt lat="-13.409124" lon="-71.847402"><ele>3499.894</ele><time>2021-02-19T20:17:31Z</time></trkpt><trkpt lat="-13.409168" lon="-71.847432"><ele>3497.957</ele><time>2021-02-19T20:17:37Z</time></trkpt><trkpt lat="-13.409214" lon="-71.847447"><ele>3495.822</ele><time>2021-02-19T20:17:41Z</time></trkpt><trkpt lat="-13.409278" lon="-71.847451"><ele>3493.608</ele><time>2021-02-19T20:17:47Z</time></trkpt><trkpt lat="-13.409323" lon="-71.847477"><ele>3491.595</ele><time>2021-02-19T20:17:53Z</time></trkpt><trkpt lat="-13.409360" lon="-71.847513"><ele>3489.145</ele><time>2021-02-19T20:17:59Z</time></trkpt><trkpt lat="-13.409403" lon="-71.847498"><ele>3487.150</ele><time>2021-02-19T20:18:03Z</time></trkpt><trkpt lat="-13.409458" lon="-71.847528"><ele>3485.280</ele><time>2021-02-19T20:18:11Z</time></trkpt><trkpt lat="-13.409487" lon="-71.847564"><ele>3483.384</ele><time>2021-02-19T20:18:17Z</time></trkpt><trkpt lat="-13.409544" lon="-71.847555"><ele>3481.820</ele><time>2021-02-19T20:18:23Z</time></trkpt><trkpt lat="-13.409603" lon="-71.847562"><ele>3480.227</ele><time>2021-02-19T20:18:29Z</time></trkpt><trkpt lat="-13.409636" lon="-71.847598"><ele>3478.487</ele><time>2021-02-19T20:18:35Z</time></trkpt><trkpt lat="-13.409653" lon="-71.847647"><ele>3476.099</ele><time>2021-02-19T20:18:45Z</time></trkpt><trkpt lat="-13.409706" lon="-71.847670"><ele>3473.207</ele><time>2021-02-19T20:18:53Z</time></trkpt><trkpt lat="-13.409761" lon="-71.847706"><ele>3471.127</ele><time>2021-02-19T20:18:59Z</time></trkpt><trkpt lat="-13.409805" lon="-71.847724"><ele>3469.008</ele><time>2021-02-19T20:19:05Z</time></trkpt><trkpt lat="-13.409856" lon="-71.847763"><ele>3466.795</ele><time>2021-02-19T20:19:11Z</time></trkpt><trkpt lat="-13.409918" lon="-71.847770"><ele>3464.385</ele><time>2021-02-19T20:19:21Z</time></trkpt><trkpt lat="-13.409960" lon="-71.847799"><ele>3461.450</ele><time>2021-02-19T20:19:27Z</time></trkpt><trkpt lat="-13.409960" lon="-71.847850"><ele>3459.260</ele><time>2021-02-19T20:19:39Z</time></trkpt><trkpt lat="-13.410019" lon="-71.847872"><ele>3457.124</ele><time>2021-02-19T20:19:45Z</time></trkpt><trkpt lat="-13.410074" lon="-71.847872"><ele>3455.250</ele><time>2021-02-19T20:19:51Z</time></trkpt><trkpt lat="-13.410135" lon="-71.847868"><ele>3453.667</ele><time>2021-02-19T20:21:11Z</time></trkpt><trkpt lat="-13.410132" lon="-71.847932"><ele>3452.017</ele><time>2021-02-19T20:21:21Z</time></trkpt><trkpt lat="-13.410163" lon="-71.847982"><ele>3450.252</ele><time>2021-02-19T20:21:26Z</time></trkpt><trkpt lat="-13.410204" lon="-71.848001"><ele>3448.353</ele><time>2021-02-19T20:21:31Z</time></trkpt><trkpt lat="-13.410256" lon="-71.848014"><ele>3447.008</ele><time>2021-02-19T20:21:36Z</time></trkpt><trkpt lat="-13.410296" lon="-71.847983"><ele>3446.708</ele><time>2021-02-19T20:21:45Z</time></trkpt><trkpt lat="-13.410346" lon="-71.847973"><ele>3446.191</ele><time>2021-02-19T20:21:49Z</time></trkpt><trkpt lat="-13.410390" lon="-71.848000"><ele>3444.561</ele><time>2021-02-19T20:21:52Z</time></trkpt><trkpt lat="-13.410437" lon="-71.848012"><ele>3443.146</ele><time>2021-02-19T20:21:55Z</time></trkpt><trkpt lat="-13.410484" lon="-71.848014"><ele>3441.796</ele><time>2021-02-19T20:21:58Z</time></trkpt><trkpt lat="-13.410522" lon="-71.848041"><ele>3440.610</ele><time>2021-02-19T20:22:03Z</time></trkpt><trkpt lat="-13.410563" lon="-71.848063"><ele>3439.166</ele><time>2021-02-19T20:22:08Z</time></trkpt><trkpt lat="-13.410609" lon="-71.848068"><ele>3437.663</ele><time>2021-02-19T20:22:13Z</time></trkpt><trkpt lat="-13.410651" lon="-71.848084"><ele>3435.863</ele><time>2021-02-19T20:22:19Z</time></trkpt><trkpt lat="-13.410701" lon="-71.848077"><ele>3434.068</ele><time>2021-02-19T20:22:25Z</time></trkpt><trkpt lat="-13.410754" lon="-71.848075"><ele>3431.342</ele><time>2021-02-19T20:22:35Z</time></trkpt><trkpt lat="-13.410778" lon="-71.848033"><ele>3428.726</ele><time>2021-02-19T20:22:42Z</time></trkpt><trkpt lat="-13.410821" lon="-71.848002"><ele>3427.008</ele><time>2021-02-19T20:22:47Z</time></trkpt><trkpt lat="-13.410834" lon="-71.848049"><ele>3425.762</ele><time>2021-02-19T20:22:51Z</time></trkpt><trkpt lat="-13.410879" lon="-71.848024"><ele>3424.512</ele><time>2021-02-19T20:23:00Z</time></trkpt><trkpt lat="-13.410950" lon="-71.848049"><ele>3421.527</ele><time>2021-02-19T20:23:14Z</time></trkpt><trkpt lat="-13.411009" lon="-71.848028"><ele>3418.687</ele><time>2021-02-19T20:23:20Z</time></trkpt><trkpt lat="-13.410982" lon="-71.847965"><ele>3415.741</ele><time>2021-02-19T20:23:26Z</time></trkpt><trkpt lat="-13.411021" lon="-71.847942"><ele>3412.147</ele><time>2021-02-19T20:23:40Z</time></trkpt><trkpt lat="-13.410990" lon="-71.847888"><ele>3409.344</ele><time>2021-02-19T20:23:46Z</time></trkpt><trkpt lat="-13.410975" lon="-71.847844"><ele>3407.124</ele><time>2021-02-19T20:23:50Z</time></trkpt><trkpt lat="-13.410933" lon="-71.847794"><ele>3404.962</ele><time>2021-02-19T20:23:56Z</time></trkpt><trkpt lat="-13.410903" lon="-71.847746"><ele>3402.483</ele><time>2021-02-19T20:24:02Z</time></trkpt><trkpt lat="-13.410955" lon="-71.847738"><ele>3400.111</ele><time>2021-02-19T20:24:08Z</time></trkpt><trkpt lat="-13.410971" lon="-71.847682"><ele>3398.108</ele><time>2021-02-19T20:24:18Z</time></trkpt><trkpt lat="-13.410992" lon="-71.847626"><ele>3395.952</ele><time>2021-02-19T20:24:24Z</time></trkpt><trkpt lat="-13.411008" lon="-71.847577"><ele>3394.222</ele><time>2021-02-19T20:24:28Z</time></trkpt><trkpt lat="-13.411027" lon="-71.847535"><ele>3392.697</ele><time>2021-02-19T20:24:32Z</time></trkpt><trkpt lat="-13.411002" lon="-71.847475"><ele>3390.567</ele><time>2021-02-19T20:24:38Z</time></trkpt><trkpt lat="-13.410986" lon="-71.847420"><ele>3388.211</ele><time>2021-02-19T20:24:44Z</time></trkpt><trkpt lat="-13.410993" lon="-71.847369"><ele>3385.837</ele><time>2021-02-19T20:24:48Z</time></trkpt><trkpt lat="-13.410998" lon="-71.847319"><ele>3383.944</ele><time>2021-02-19T20:24:52Z</time></trkpt><trkpt lat="-13.411004" lon="-71.847270"><ele>3382.384</ele><time>2021-02-19T20:24:56Z</time></trkpt><trkpt lat="-13.411026" lon="-71.847210"><ele>3380.326</ele><time>2021-02-19T20:25:02Z</time></trkpt><trkpt lat="-13.411061" lon="-71.847259"><ele>3378.747</ele><time>2021-02-19T20:25:08Z</time></trkpt><trkpt lat="-13.411094" lon="-71.847297"><ele>3378.011</ele><time>2021-02-19T20:25:12Z</time></trkpt><trkpt lat="-13.411110" lon="-71.847355"><ele>3376.108</ele><time>2021-02-19T20:25:18Z</time></trkpt><trkpt lat="-13.411107" lon="-71.847402"><ele>3374.718</ele><time>2021-02-19T20:25:22Z</time></trkpt><trkpt lat="-13.411106" lon="-71.847464"><ele>3373.188</ele><time>2021-02-19T20:25:28Z</time></trkpt><trkpt lat="-13.411122" lon="-71.847510"><ele>3371.433</ele><time>2021-02-19T20:25:32Z</time></trkpt><trkpt lat="-13.411156" lon="-71.847544"><ele>3369.473</ele><time>2021-02-19T20:25:36Z</time></trkpt><trkpt lat="-13.411193" lon="-71.847575"><ele>3367.517</ele><time>2021-02-19T20:25:40Z</time></trkpt><trkpt lat="-13.411239" lon="-71.847615"><ele>3368.383</ele><time>2021-02-19T20:25:45Z</time></trkpt><trkpt lat="-13.411281" lon="-71.847658"><ele>3367.350</ele><time>2021-02-19T20:25:48Z</time></trkpt><trkpt lat="-13.411298" lon="-71.847705"><ele>3365.960</ele><time>2021-02-19T20:25:52Z</time></trkpt><trkpt lat="-13.411313" lon="-71.847757"><ele>3364.278</ele><time>2021-02-19T20:25:57Z</time></trkpt><trkpt lat="-13.411342" lon="-71.847805"><ele>3362.733</ele><time>2021-02-19T20:26:01Z</time></trkpt><trkpt lat="-13.411357" lon="-71.847849"><ele>3361.226</ele><time>2021-02-19T20:26:05Z</time></trkpt><trkpt lat="-13.411386" lon="-71.847898"><ele>3359.608</ele><time>2021-02-19T20:26:10Z</time></trkpt><trkpt lat="-13.411424" lon="-71.847932"><ele>3358.433</ele><time>2021-02-19T20:26:15Z</time></trkpt><trkpt lat="-13.411433" lon="-71.847886"><ele>3357.073</ele><time>2021-02-19T20:26:19Z</time></trkpt><trkpt lat="-13.411432" lon="-71.847837"><ele>3355.358</ele><time>2021-02-19T20:26:23Z</time></trkpt><trkpt lat="-13.411442" lon="-71.847790"><ele>3353.938</ele><time>2021-02-19T20:26:27Z</time></trkpt><trkpt lat="-13.411456" lon="-71.847741"><ele>3352.432</ele><time>2021-02-19T20:26:31Z</time></trkpt><trkpt lat="-13.411473" lon="-71.847698"><ele>3350.768</ele><time>2021-02-19T20:26:36Z</time></trkpt><trkpt lat="-13.411476" lon="-71.847647"><ele>3348.775</ele><time>2021-02-19T20:26:41Z</time></trkpt><trkpt lat="-13.411481" lon="-71.847600"><ele>3346.865</ele><time>2021-02-19T20:26:45Z</time></trkpt><trkpt lat="-13.411501" lon="-71.847543"><ele>3345.441</ele><time>2021-02-19T20:26:49Z</time></trkpt><trkpt lat="-13.411509" lon="-71.847485"><ele>3344.181</ele><time>2021-02-19T20:26:53Z</time></trkpt><trkpt lat="-13.411522" lon="-71.847437"><ele>3343.209</ele><time>2021-02-19T20:26:57Z</time></trkpt><trkpt lat="-13.411539" lon="-71.847391"><ele>3341.808</ele><time>2021-02-19T20:27:02Z</time></trkpt><trkpt lat="-13.411574" lon="-71.847427"><ele>3340.590</ele><time>2021-02-19T20:27:09Z</time></trkpt><trkpt lat="-13.411595" lon="-71.847470"><ele>3339.310</ele><time>2021-02-19T20:27:14Z</time></trkpt><trkpt lat="-13.411625" lon="-71.847518"><ele>3337.725</ele><time>2021-02-19T20:27:19Z</time></trkpt><trkpt lat="-13.411650" lon="-71.847557"><ele>3336.595</ele><time>2021-02-19T20:27:23Z</time></trkpt><trkpt lat="-13.411674" lon="-71.847603"><ele>3335.029</ele><time>2021-02-19T20:27:28Z</time></trkpt><trkpt lat="-13.411693" lon="-71.847646"><ele>3333.265</ele><time>2021-02-19T20:27:32Z</time></trkpt><trkpt lat="-13.411721" lon="-71.847706"><ele>3334.132</ele><time>2021-02-19T20:27:39Z</time></trkpt><trkpt lat="-13.411759" lon="-71.847755"><ele>3333.992</ele><time>2021-02-19T20:27:42Z</time></trkpt><trkpt lat="-13.411801" lon="-71.847806"><ele>3332.125</ele><time>2021-02-19T20:27:46Z</time></trkpt><trkpt lat="-13.411826" lon="-71.847850"><ele>3330.126</ele><time>2021-02-19T20:27:50Z</time></trkpt><trkpt lat="-13.411846" lon="-71.847798"><ele>3327.808</ele><time>2021-02-19T20:27:56Z</time></trkpt><trkpt lat="-13.411846" lon="-71.847732"><ele>3325.308</ele><time>2021-02-19T20:28:02Z</time></trkpt><trkpt lat="-13.411874" lon="-71.847772"><ele>3322.748</ele><time>2021-02-19T20:28:08Z</time></trkpt><trkpt lat="-13.411918" lon="-71.847751"><ele>3320.648</ele><time>2021-02-19T20:28:14Z</time></trkpt><trkpt lat="-13.411933" lon="-71.847704"><ele>3318.773</ele><time>2021-02-19T20:28:18Z</time></trkpt><trkpt lat="-13.411943" lon="-71.847655"><ele>3316.923</ele><time>2021-02-19T20:28:22Z</time></trkpt><trkpt lat="-13.411955" lon="-71.847609"><ele>3315.447</ele><time>2021-02-19T20:28:26Z</time></trkpt><trkpt lat="-13.411956" lon="-71.847562"><ele>3314.123</ele><time>2021-02-19T20:28:30Z</time></trkpt><trkpt lat="-13.411951" lon="-71.847496"><ele>3312.190</ele><time>2021-02-19T20:28:36Z</time></trkpt><trkpt lat="-13.411969" lon="-71.847446"><ele>3310.010</ele><time>2021-02-19T20:28:40Z</time></trkpt><trkpt lat="-13.412031" lon="-71.847444"><ele>3308.264</ele><time>2021-02-19T20:28:46Z</time></trkpt><trkpt lat="-13.412079" lon="-71.847478"><ele>3306.806</ele><time>2021-02-19T20:28:54Z</time></trkpt><trkpt lat="-13.412119" lon="-71.847513"><ele>3305.916</ele><time>2021-02-19T20:29:00Z</time></trkpt><trkpt lat="-13.412182" lon="-71.847517"><ele>3304.408</ele><time>2021-02-19T20:29:06Z</time></trkpt><trkpt lat="-13.412246" lon="-71.847516"><ele>3302.812</ele><time>2021-02-19T20:29:12Z</time></trkpt><trkpt lat="-13.412300" lon="-71.847537"><ele>3300.472</ele><time>2021-02-19T20:29:18Z</time></trkpt><trkpt lat="-13.412365" lon="-71.847551"><ele>3298.287</ele><time>2021-02-19T20:29:24Z</time></trkpt><trkpt lat="-13.412400" lon="-71.847583"><ele>3296.697</ele><time>2021-02-19T20:29:28Z</time></trkpt><trkpt lat="-13.412456" lon="-71.847567"><ele>3294.981</ele><time>2021-02-19T20:29:34Z</time></trkpt><trkpt lat="-13.412496" lon="-71.847544"><ele>3293.387</ele><time>2021-02-19T20:29:38Z</time></trkpt><trkpt lat="-13.412546" lon="-71.847535"><ele>3291.674</ele><time>2021-02-19T20:29:42Z</time></trkpt><trkpt lat="-13.412599" lon="-71.847522"><ele>3290.084</ele><time>2021-02-19T20:29:46Z</time></trkpt><trkpt lat="-13.412663" lon="-71.847496"><ele>3288.477</ele><time>2021-02-19T20:29:52Z</time></trkpt><trkpt lat="-13.412713" lon="-71.847484"><ele>3287.261</ele><time>2021-02-19T20:29:56Z</time></trkpt><trkpt lat="-13.412770" lon="-71.847495"><ele>3286.127</ele><time>2021-02-19T20:30:00Z</time></trkpt><trkpt lat="-13.412812" lon="-71.847522"><ele>3285.008</ele><time>2021-02-19T20:30:04Z</time></trkpt><trkpt lat="-13.412863" lon="-71.847544"><ele>3283.763</ele><time>2021-02-19T20:30:08Z</time></trkpt><trkpt lat="-13.412913" lon="-71.847546"><ele>3282.713</ele><time>2021-02-19T20:30:12Z</time></trkpt><trkpt lat="-13.412955" lon="-71.847597"><ele>3280.988</ele><time>2021-02-19T20:30:18Z</time></trkpt><trkpt lat="-13.412963" lon="-71.847655"><ele>3279.198</ele><time>2021-02-19T20:30:24Z</time></trkpt><trkpt lat="-13.412998" lon="-71.847688"><ele>3277.432</ele><time>2021-02-19T20:30:28Z</time></trkpt><trkpt lat="-13.413040" lon="-71.847708"><ele>3275.778</ele><time>2021-02-19T20:30:32Z</time></trkpt><trkpt lat="-13.413101" lon="-71.847732"><ele>3276.045</ele><time>2021-02-19T20:30:38Z</time></trkpt><trkpt lat="-13.413146" lon="-71.847764"><ele>3273.895</ele><time>2021-02-19T20:30:43Z</time></trkpt><trkpt lat="-13.413201" lon="-71.847755"><ele>3272.341</ele><time>2021-02-19T20:30:47Z</time></trkpt><trkpt lat="-13.413258" lon="-71.847745"><ele>3271.081</ele><time>2021-02-19T20:30:51Z</time></trkpt><trkpt lat="-13.413307" lon="-71.847742"><ele>3269.509</ele><time>2021-02-19T20:30:55Z</time></trkpt><trkpt lat="-13.413351" lon="-71.847754"><ele>3267.308</ele><time>2021-02-19T20:30:59Z</time></trkpt><trkpt lat="-13.413395" lon="-71.847766"><ele>3264.840</ele><time>2021-02-19T20:31:03Z</time></trkpt><trkpt lat="-13.413446" lon="-71.847778"><ele>3262.890</ele><time>2021-02-19T20:31:08Z</time></trkpt><trkpt lat="-13.413495" lon="-71.847790"><ele>3260.765</ele><time>2021-02-19T20:31:13Z</time></trkpt><trkpt lat="-13.413542" lon="-71.847800"><ele>3258.875</ele><time>2021-02-19T20:31:17Z</time></trkpt><trkpt lat="-13.413601" lon="-71.847809"><ele>3257.319</ele><time>2021-02-19T20:31:21Z</time></trkpt><trkpt lat="-13.413660" lon="-71.847806"><ele>3255.395</ele><time>2021-02-19T20:31:26Z</time></trkpt><trkpt lat="-13.413705" lon="-71.847821"><ele>3253.642</ele><time>2021-02-19T20:31:30Z</time></trkpt><trkpt lat="-13.413749" lon="-71.847843"><ele>3252.432</ele><time>2021-02-19T20:31:34Z</time></trkpt><trkpt lat="-13.413800" lon="-71.847838"><ele>3251.219</ele><time>2021-02-19T20:31:38Z</time></trkpt><trkpt lat="-13.413856" lon="-71.847837"><ele>3250.309</ele><time>2021-02-19T20:31:42Z</time></trkpt><trkpt lat="-13.413908" lon="-71.847830"><ele>3249.019</ele><time>2021-02-19T20:31:46Z</time></trkpt><trkpt lat="-13.413959" lon="-71.847830"><ele>3247.808</ele><time>2021-02-19T20:31:50Z</time></trkpt><trkpt lat="-13.414016" lon="-71.847838"><ele>3246.727</ele><time>2021-02-19T20:31:54Z</time></trkpt><trkpt lat="-13.414072" lon="-71.847845"><ele>3245.687</ele><time>2021-02-19T20:31:58Z</time></trkpt><trkpt lat="-13.414129" lon="-71.847848"><ele>3244.042</ele><time>2021-02-19T20:32:02Z</time></trkpt><trkpt lat="-13.414187" lon="-71.847866"><ele>3242.332</ele><time>2021-02-19T20:32:06Z</time></trkpt><trkpt lat="-13.414232" lon="-71.847867"><ele>3240.546</ele><time>2021-02-19T20:32:09Z</time></trkpt><trkpt lat="-13.414282" lon="-71.847879"><ele>3239.482</ele><time>2021-02-19T20:32:12Z</time></trkpt><trkpt lat="-13.414336" lon="-71.847899"><ele>3238.929</ele><time>2021-02-19T20:32:16Z</time></trkpt><trkpt lat="-13.414391" lon="-71.847904"><ele>3238.499</ele><time>2021-02-19T20:32:20Z</time></trkpt><trkpt lat="-13.414447" lon="-71.847911"><ele>3237.865</ele><time>2021-02-19T20:32:24Z</time></trkpt><trkpt lat="-13.414526" lon="-71.847941"><ele>3239.268</ele><time>2021-02-19T20:32:30Z</time></trkpt><trkpt lat="-13.414569" lon="-71.847959"><ele>3239.314</ele><time>2021-02-19T20:32:33Z</time></trkpt><trkpt lat="-13.414625" lon="-71.847972"><ele>3238.408</ele><time>2021-02-19T20:32:37Z</time></trkpt><trkpt lat="-13.414671" lon="-71.847990"><ele>3237.892</ele><time>2021-02-19T20:32:41Z</time></trkpt><trkpt lat="-13.414719" lon="-71.848002"><ele>3236.612</ele><time>2021-02-19T20:32:45Z</time></trkpt><trkpt lat="-13.414761" lon="-71.848021"><ele>3235.517</ele><time>2021-02-19T20:32:49Z</time></trkpt><trkpt lat="-13.414814" lon="-71.848039"><ele>3234.687</ele><time>2021-02-19T20:32:53Z</time></trkpt><trkpt lat="-13.414870" lon="-71.848050"><ele>3233.291</ele><time>2021-02-19T20:32:57Z</time></trkpt><trkpt lat="-13.414932" lon="-71.848052"><ele>3232.057</ele><time>2021-02-19T20:33:01Z</time></trkpt><trkpt lat="-13.414983" lon="-71.848067"><ele>3230.614</ele><time>2021-02-19T20:33:05Z</time></trkpt><trkpt lat="-13.415038" lon="-71.848075"><ele>3229.424</ele><time>2021-02-19T20:33:09Z</time></trkpt><trkpt lat="-13.415086" lon="-71.848085"><ele>3228.513</ele><time>2021-02-19T20:33:13Z</time></trkpt><trkpt lat="-13.415133" lon="-71.848085"><ele>3227.443</ele><time>2021-02-19T20:33:17Z</time></trkpt><trkpt lat="-13.415179" lon="-71.848093"><ele>3226.307</ele><time>2021-02-19T20:33:21Z</time></trkpt><trkpt lat="-13.415220" lon="-71.848125"><ele>3225.108</ele><time>2021-02-19T20:33:25Z</time></trkpt><trkpt lat="-13.415260" lon="-71.848176"><ele>3223.337</ele><time>2021-02-19T20:33:31Z</time></trkpt><trkpt lat="-13.415306" lon="-71.848189"><ele>3221.727</ele><time>2021-02-19T20:33:35Z</time></trkpt><trkpt lat="-13.415356" lon="-71.848195"><ele>3220.262</ele><time>2021-02-19T20:33:39Z</time></trkpt><trkpt lat="-13.415410" lon="-71.848224"><ele>3218.992</ele><time>2021-02-19T20:33:45Z</time></trkpt><trkpt lat="-13.415470" lon="-71.848241"><ele>3217.256</ele><time>2021-02-19T20:33:51Z</time></trkpt><trkpt lat="-13.415531" lon="-71.848264"><ele>3215.392</ele><time>2021-02-19T20:33:57Z</time></trkpt><trkpt lat="-13.415570" lon="-71.848291"><ele>3213.429</ele><time>2021-02-19T20:34:01Z</time></trkpt><trkpt lat="-13.415638" lon="-71.848304"><ele>3211.599</ele><time>2021-02-19T20:34:07Z</time></trkpt><trkpt lat="-13.415685" lon="-71.848300"><ele>3210.151</ele><time>2021-02-19T20:34:11Z</time></trkpt><trkpt lat="-13.415746" lon="-71.848296"><ele>3208.501</ele><time>2021-02-19T20:34:17Z</time></trkpt><trkpt lat="-13.415794" lon="-71.848287"><ele>3207.111</ele><time>2021-02-19T20:34:21Z</time></trkpt><trkpt lat="-13.415794" lon="-71.848341"><ele>3205.608</ele><time>2021-02-19T20:34:27Z</time></trkpt><trkpt lat="-13.415808" lon="-71.848397"><ele>3203.741</ele><time>2021-02-19T20:34:33Z</time></trkpt><trkpt lat="-13.415821" lon="-71.848459"><ele>3202.151</ele><time>2021-02-19T20:34:39Z</time></trkpt><trkpt lat="-13.415881" lon="-71.848479"><ele>3200.716</ele><time>2021-02-19T20:34:45Z</time></trkpt><trkpt lat="-13.415907" lon="-71.848519"><ele>3199.556</ele><time>2021-02-19T20:34:54Z</time></trkpt><trkpt lat="-13.415954" lon="-71.848526"><ele>3197.240</ele><time>2021-02-19T20:34:58Z</time></trkpt><trkpt lat="-13.415931" lon="-71.848575"><ele>3195.366</ele><time>2021-02-19T20:35:07Z</time></trkpt><trkpt lat="-13.415904" lon="-71.848613"><ele>3193.563</ele><time>2021-02-19T20:35:12Z</time></trkpt><trkpt lat="-13.415912" lon="-71.848665"><ele>3192.383</ele><time>2021-02-19T20:35:18Z</time></trkpt><trkpt lat="-13.415922" lon="-71.848713"><ele>3190.633</ele><time>2021-02-19T20:35:24Z</time></trkpt><trkpt lat="-13.415960" lon="-71.848739"><ele>3189.023</ele><time>2021-02-19T20:35:30Z</time></trkpt><trkpt lat="-13.416007" lon="-71.848734"><ele>3187.215</ele><time>2021-02-19T20:35:35Z</time></trkpt><trkpt lat="-13.416056" lon="-71.848728"><ele>3184.508</ele><time>2021-02-19T20:35:47Z</time></trkpt><trkpt lat="-13.416103" lon="-71.848747"><ele>3182.189</ele><time>2021-02-19T20:35:52Z</time></trkpt><trkpt lat="-13.416149" lon="-71.848739"><ele>3179.919</ele><time>2021-02-19T20:35:56Z</time></trkpt><trkpt lat="-13.416198" lon="-71.848712"><ele>3177.814</ele><time>2021-02-19T20:36:01Z</time></trkpt><trkpt lat="-13.416236" lon="-71.848683"><ele>3175.864</ele><time>2021-02-19T20:36:05Z</time></trkpt><trkpt lat="-13.416282" lon="-71.848659"><ele>3174.778</ele><time>2021-02-19T20:36:09Z</time></trkpt><trkpt lat="-13.416327" lon="-71.848641"><ele>3173.144</ele><time>2021-02-19T20:36:14Z</time></trkpt><trkpt lat="-13.416373" lon="-71.848626"><ele>3171.451</ele><time>2021-02-19T20:36:19Z</time></trkpt><trkpt lat="-13.416418" lon="-71.848611"><ele>3169.991</ele><time>2021-02-19T20:36:24Z</time></trkpt><trkpt lat="-13.416462" lon="-71.848597"><ele>3168.347</ele><time>2021-02-19T20:36:28Z</time></trkpt><trkpt lat="-13.416515" lon="-71.848615"><ele>3168.629</ele><time>2021-02-19T20:36:33Z</time></trkpt><trkpt lat="-13.416570" lon="-71.848630"><ele>3166.621</ele><time>2021-02-19T20:36:38Z</time></trkpt><trkpt lat="-13.416615" lon="-71.848641"><ele>3165.108</ele><time>2021-02-19T20:36:42Z</time></trkpt><trkpt lat="-13.416663" lon="-71.848636"><ele>3163.450</ele><time>2021-02-19T20:36:46Z</time></trkpt><trkpt lat="-13.416710" lon="-71.848628"><ele>3162.050</ele><time>2021-02-19T20:36:50Z</time></trkpt><trkpt lat="-13.416691" lon="-71.848679"><ele>3160.685</ele><time>2021-02-19T20:37:00Z</time></trkpt><trkpt lat="-13.416651" lon="-71.848708"><ele>3159.025</ele><time>2021-02-19T20:37:04Z</time></trkpt><trkpt lat="-13.416607" lon="-71.848752"><ele>3157.969</ele><time>2021-02-19T20:37:10Z</time></trkpt><trkpt lat="-13.416577" lon="-71.848787"><ele>3156.745</ele><time>2021-02-19T20:37:14Z</time></trkpt><trkpt lat="-13.416522" lon="-71.848825"><ele>3154.722</ele><time>2021-02-19T20:37:20Z</time></trkpt><trkpt lat="-13.416468" lon="-71.848864"><ele>3153.072</ele><time>2021-02-19T20:37:26Z</time></trkpt><trkpt lat="-13.416443" lon="-71.848908"><ele>3151.759</ele><time>2021-02-19T20:37:32Z</time></trkpt><trkpt lat="-13.416414" lon="-71.848957"><ele>3150.003</ele><time>2021-02-19T20:37:38Z</time></trkpt><trkpt lat="-13.416421" lon="-71.849026"><ele>3147.523</ele><time>2021-02-19T20:37:44Z</time></trkpt><trkpt lat="-13.416429" lon="-71.849073"><ele>3144.608</ele><time>2021-02-19T20:37:48Z</time></trkpt><trkpt lat="-13.416449" lon="-71.849118"><ele>3142.741</ele><time>2021-02-19T20:37:52Z</time></trkpt><trkpt lat="-13.416487" lon="-71.849153"><ele>3141.971</ele><time>2021-02-19T20:37:56Z</time></trkpt><trkpt lat="-13.416521" lon="-71.849186"><ele>3141.446</ele><time>2021-02-19T20:38:00Z</time></trkpt><trkpt lat="-13.416536" lon="-71.849141"><ele>3141.496</ele><time>2021-02-19T20:38:06Z</time></trkpt><trkpt lat="-13.416535" lon="-71.849075"><ele>3140.970</ele><time>2021-02-19T20:38:12Z</time></trkpt><trkpt lat="-13.416588" lon="-71.849056"><ele>3140.216</ele><time>2021-02-19T20:38:20Z</time></trkpt><trkpt lat="-13.416623" lon="-71.849097"><ele>3139.393</ele><time>2021-02-19T20:38:30Z</time></trkpt><trkpt lat="-13.416678" lon="-71.849084"><ele>3137.473</ele><time>2021-02-19T20:38:38Z</time></trkpt><trkpt lat="-13.416653" lon="-71.849129"><ele>3135.486</ele><time>2021-02-19T20:38:46Z</time></trkpt><trkpt lat="-13.416672" lon="-71.849175"><ele>3132.760</ele><time>2021-02-19T20:38:56Z</time></trkpt><trkpt lat="-13.416721" lon="-71.849156"><ele>3131.326</ele><time>2021-02-19T20:39:02Z</time></trkpt><trkpt lat="-13.416771" lon="-71.849136"><ele>3130.208</ele><time>2021-02-19T20:39:08Z</time></trkpt><trkpt lat="-13.416827" lon="-71.849133"><ele>3128.854</ele><time>2021-02-19T20:39:14Z</time></trkpt><trkpt lat="-13.416876" lon="-71.849117"><ele>3127.634</ele><time>2021-02-19T20:39:20Z</time></trkpt><trkpt lat="-13.416924" lon="-71.849094"><ele>3126.419</ele><time>2021-02-19T20:39:26Z</time></trkpt><trkpt lat="-13.416881" lon="-71.849119"><ele>3124.059</ele><time>2021-02-19T20:39:37Z</time></trkpt><trkpt lat="-13.416928" lon="-71.849139"><ele>3121.823</ele><time>2021-02-19T20:39:42Z</time></trkpt><trkpt lat="-13.416981" lon="-71.849136"><ele>3118.789</ele><time>2021-02-19T20:39:48Z</time></trkpt><trkpt lat="-13.417000" lon="-71.849186"><ele>3115.986</ele><time>2021-02-19T20:40:02Z</time></trkpt><trkpt lat="-13.416994" lon="-71.849235"><ele>3113.766</ele><time>2021-02-19T20:40:08Z</time></trkpt><trkpt lat="-13.416986" lon="-71.849284"><ele>3112.263</ele><time>2021-02-19T20:40:13Z</time></trkpt><trkpt lat="-13.417019" lon="-71.849322"><ele>3111.044</ele><time>2021-02-19T20:40:17Z</time></trkpt><trkpt lat="-13.417065" lon="-71.849347"><ele>3110.118</ele><time>2021-02-19T20:40:21Z</time></trkpt><trkpt lat="-13.417091" lon="-71.849393"><ele>3108.508</ele><time>2021-02-19T20:40:27Z</time></trkpt><trkpt lat="-13.417129" lon="-71.849426"><ele>3107.272</ele><time>2021-02-19T20:40:33Z</time></trkpt><trkpt lat="-13.417164" lon="-71.849459"><ele>3105.012</ele><time>2021-02-19T20:40:42Z</time></trkpt><trkpt lat="-13.417207" lon="-71.849474"><ele>3102.527</ele><time>2021-02-19T20:40:48Z</time></trkpt><trkpt lat="-13.417216" lon="-71.849529"><ele>3100.577</ele><time>2021-02-19T20:40:53Z</time></trkpt><trkpt lat="-13.417251" lon="-71.849562"><ele>3099.311</ele><time>2021-02-19T20:40:58Z</time></trkpt><trkpt lat="-13.417283" lon="-71.849522"><ele>3098.167</ele><time>2021-02-19T20:41:02Z</time></trkpt><trkpt lat="-13.417291" lon="-71.849472"><ele>3096.264</ele><time>2021-02-19T20:41:07Z</time></trkpt><trkpt lat="-13.417297" lon="-71.849424"><ele>3094.594</ele><time>2021-02-19T20:41:12Z</time></trkpt><trkpt lat="-13.417330" lon="-71.849373"><ele>3094.728</ele><time>2021-02-19T20:41:21Z</time></trkpt><trkpt lat="-13.417377" lon="-71.849367"><ele>3092.889</ele><time>2021-02-19T20:41:28Z</time></trkpt><trkpt lat="-13.417420" lon="-71.849387"><ele>3089.817</ele><time>2021-02-19T20:42:00Z</time></trkpt><trkpt lat="-13.417443" lon="-71.849428"><ele>3087.908</ele><time>2021-02-19T20:42:08Z</time></trkpt><trkpt lat="-13.417429" lon="-71.849476"><ele>3085.668</ele><time>2021-02-19T20:42:14Z</time></trkpt><trkpt lat="-13.417419" lon="-71.849533"><ele>3084.128</ele><time>2021-02-19T20:42:20Z</time></trkpt><trkpt lat="-13.417451" lon="-71.849587"><ele>3082.833</ele><time>2021-02-19T20:42:26Z</time></trkpt><trkpt lat="-13.417442" lon="-71.849634"><ele>3081.173</ele><time>2021-02-19T20:42:32Z</time></trkpt><trkpt lat="-13.417439" lon="-71.849681"><ele>3078.767</ele><time>2021-02-19T20:42:38Z</time></trkpt><trkpt lat="-13.417450" lon="-71.849741"><ele>3076.443</ele><time>2021-02-19T20:42:44Z</time></trkpt><trkpt lat="-13.417455" lon="-71.849795"><ele>3073.880</ele><time>2021-02-19T20:42:50Z</time></trkpt><trkpt lat="-13.417457" lon="-71.849844"><ele>3071.610</ele><time>2021-02-19T20:42:54Z</time></trkpt><trkpt lat="-13.417468" lon="-71.849904"><ele>3069.313</ele><time>2021-02-19T20:43:00Z</time></trkpt><trkpt lat="-13.417490" lon="-71.849967"><ele>3067.843</ele><time>2021-02-19T20:43:06Z</time></trkpt><trkpt lat="-13.417503" lon="-71.850027"><ele>3066.407</ele><time>2021-02-19T20:43:12Z</time></trkpt><trkpt lat="-13.417518" lon="-71.850074"><ele>3064.408</ele><time>2021-02-19T20:43:18Z</time></trkpt><trkpt lat="-13.417543" lon="-71.850033"><ele>3062.817</ele><time>2021-02-19T20:43:24Z</time></trkpt><trkpt lat="-13.417592" lon="-71.849999"><ele>3062.117</ele><time>2021-02-19T20:43:30Z</time></trkpt><trkpt lat="-13.417608" lon="-71.849942"><ele>3060.842</ele><time>2021-02-19T20:43:36Z</time></trkpt><trkpt lat="-13.417618" lon="-71.849871"><ele>3060.142</ele><time>2021-02-19T20:43:42Z</time></trkpt><trkpt lat="-13.417648" lon="-71.849834"><ele>3058.886</ele><time>2021-02-19T20:43:46Z</time></trkpt><trkpt lat="-13.417701" lon="-71.849813"><ele>3056.832</ele><time>2021-02-19T20:43:54Z</time></trkpt><trkpt lat="-13.417751" lon="-71.849785"><ele>3054.679</ele><time>2021-02-19T20:44:00Z</time></trkpt><trkpt lat="-13.417773" lon="-71.849830"><ele>3054.339</ele><time>2021-02-19T20:44:12Z</time></trkpt><trkpt lat="-13.417826" lon="-71.849820"><ele>3050.542</ele><time>2021-02-19T20:44:22Z</time></trkpt><trkpt lat="-13.417862" lon="-71.849787"><ele>3047.022</ele><time>2021-02-19T20:44:27Z</time></trkpt><trkpt lat="-13.417904" lon="-71.849807"><ele>3044.114</ele><time>2021-02-19T20:44:33Z</time></trkpt><trkpt lat="-13.417957" lon="-71.849804"><ele>3041.608</ele><time>2021-02-19T20:44:38Z</time></trkpt><trkpt lat="-13.418003" lon="-71.849775"><ele>3039.340</ele><time>2021-02-19T20:44:43Z</time></trkpt><trkpt lat="-13.418031" lon="-71.849727"><ele>3037.980</ele><time>2021-02-19T20:44:47Z</time></trkpt><trkpt lat="-13.418013" lon="-71.849682"><ele>3036.115</ele><time>2021-02-19T20:44:52Z</time></trkpt><trkpt lat="-13.418051" lon="-71.849646"><ele>3035.645</ele><time>2021-02-19T20:45:01Z</time></trkpt><trkpt lat="-13.418096" lon="-71.849636"><ele>3034.739</ele><time>2021-02-19T20:45:07Z</time></trkpt><trkpt lat="-13.418146" lon="-71.849640"><ele>3033.865</ele><time>2021-02-19T20:45:12Z</time></trkpt><trkpt lat="-13.418193" lon="-71.849638"><ele>3032.582</ele><time>2021-02-19T20:45:17Z</time></trkpt><trkpt lat="-13.418250" lon="-71.849672"><ele>3034.792</ele><time>2021-02-19T20:45:35Z</time></trkpt><trkpt lat="-13.418311" lon="-71.849677"><ele>3034.023</ele><time>2021-02-19T20:45:40Z</time></trkpt><trkpt lat="-13.418374" lon="-71.849690"><ele>3032.683</ele><time>2021-02-19T20:45:46Z</time></trkpt><trkpt lat="-13.418442" lon="-71.849693"><ele>3030.511</ele><time>2021-02-19T20:45:52Z</time></trkpt><trkpt lat="-13.418498" lon="-71.849702"><ele>3027.908</ele><time>2021-02-19T20:45:58Z</time></trkpt><trkpt lat="-13.418563" lon="-71.849706"><ele>3025.288</ele><time>2021-02-19T20:46:04Z</time></trkpt><trkpt lat="-13.418608" lon="-71.849714"><ele>3022.858</ele><time>2021-02-19T20:46:08Z</time></trkpt><trkpt lat="-13.418653" lon="-71.849721"><ele>3020.713</ele><time>2021-02-19T20:46:12Z</time></trkpt><trkpt lat="-13.418718" lon="-71.849731"><ele>3018.953</ele><time>2021-02-19T20:46:18Z</time></trkpt><trkpt lat="-13.418772" lon="-71.849750"><ele>3018.247</ele><time>2021-02-19T20:46:26Z</time></trkpt><trkpt lat="-13.418833" lon="-71.849751"><ele>3017.463</ele><time>2021-02-19T20:46:32Z</time></trkpt><trkpt lat="-13.418892" lon="-71.849748"><ele>3016.340</ele><time>2021-02-19T20:46:38Z</time></trkpt><trkpt lat="-13.418954" lon="-71.849758"><ele>3015.110</ele><time>2021-02-19T20:46:44Z</time></trkpt><trkpt lat="-13.419011" lon="-71.849776"><ele>3014.687</ele><time>2021-02-19T20:46:50Z</time></trkpt><trkpt lat="-13.419075" lon="-71.849787"><ele>3013.342</ele><time>2021-02-19T20:46:58Z</time></trkpt><trkpt lat="-13.419132" lon="-71.849798"><ele>3011.426</ele><time>2021-02-19T20:47:04Z</time></trkpt><trkpt lat="-13.419186" lon="-71.849822"><ele>3010.208</ele><time>2021-02-19T20:47:12Z</time></trkpt><trkpt lat="-13.419222" lon="-71.849850"><ele>3008.444</ele><time>2021-02-19T20:47:18Z</time></trkpt><trkpt lat="-13.419284" lon="-71.849877"><ele>3006.664</ele><time>2021-02-19T20:47:24Z</time></trkpt><trkpt lat="-13.419343" lon="-71.849908"><ele>3005.099</ele><time>2021-02-19T20:47:30Z</time></trkpt><trkpt lat="-13.419397" lon="-71.849940"><ele>3003.099</ele><time>2021-02-19T20:47:36Z</time></trkpt><trkpt lat="-13.419427" lon="-71.849975"><ele>3002.573</ele><time>2021-02-19T20:47:42Z</time></trkpt><trkpt lat="-13.419475" lon="-71.849989"><ele>3001.819</ele><time>2021-02-19T20:47:45Z</time></trkpt><trkpt lat="-13.419519" lon="-71.850018"><ele>2999.756</ele><time>2021-02-19T20:47:51Z</time></trkpt><trkpt lat="-13.419564" lon="-71.850040"><ele>2998.126</ele><time>2021-02-19T20:47:55Z</time></trkpt><trkpt lat="-13.419610" lon="-71.850054"><ele>2996.926</ele><time>2021-02-19T20:47:59Z</time></trkpt><trkpt lat="-13.419660" lon="-71.850074"><ele>2995.947</ele><time>2021-02-19T20:48:03Z</time></trkpt><trkpt lat="-13.419707" lon="-71.850093"><ele>2994.611</ele><time>2021-02-19T20:48:07Z</time></trkpt><trkpt lat="-13.419752" lon="-71.850116"><ele>2993.708</ele><time>2021-02-19T20:48:11Z</time></trkpt><trkpt lat="-13.419798" lon="-71.850144"><ele>2992.798</ele><time>2021-02-19T20:48:15Z</time></trkpt><trkpt lat="-13.419846" lon="-71.850173"><ele>2991.438</ele><time>2021-02-19T20:48:19Z</time></trkpt><trkpt lat="-13.419895" lon="-71.850199"><ele>2990.433</ele><time>2021-02-19T20:48:23Z</time></trkpt><trkpt lat="-13.419938" lon="-71.850222"><ele>2989.323</ele><time>2021-02-19T20:48:27Z</time></trkpt><trkpt lat="-13.419984" lon="-71.850244"><ele>2988.627</ele><time>2021-02-19T20:48:31Z</time></trkpt><trkpt lat="-13.420008" lon="-71.850287"><ele>2988.153</ele><time>2021-02-19T20:48:38Z</time></trkpt><trkpt lat="-13.420039" lon="-71.850327"><ele>2988.190</ele><time>2021-02-19T20:48:42Z</time></trkpt><trkpt lat="-13.420084" lon="-71.850348"><ele>2988.140</ele><time>2021-02-19T20:48:46Z</time></trkpt><trkpt lat="-13.420130" lon="-71.850367"><ele>2988.664</ele><time>2021-02-19T20:48:50Z</time></trkpt><trkpt lat="-13.420179" lon="-71.850374"><ele>2987.606</ele><time>2021-02-19T20:49:17Z</time></trkpt><trkpt lat="-13.420225" lon="-71.850405"><ele>2986.116</ele><time>2021-02-19T20:49:21Z</time></trkpt><trkpt lat="-13.420267" lon="-71.850435"><ele>2984.608</ele><time>2021-02-19T20:49:25Z</time></trkpt><trkpt lat="-13.420334" lon="-71.850485"><ele>2984.282</ele><time>2021-02-19T20:49:31Z</time></trkpt><trkpt lat="-13.420383" lon="-71.850500"><ele>2982.872</ele><time>2021-02-19T20:49:35Z</time></trkpt><trkpt lat="-13.420426" lon="-71.850527"><ele>2981.937</ele><time>2021-02-19T20:49:39Z</time></trkpt><trkpt lat="-13.420465" lon="-71.850569"><ele>2980.417</ele><time>2021-02-19T20:49:45Z</time></trkpt><trkpt lat="-13.420518" lon="-71.850584"><ele>2980.481</ele><time>2021-02-19T20:49:51Z</time></trkpt><trkpt lat="-13.420565" lon="-71.850599"><ele>2979.837</ele><time>2021-02-19T20:49:55Z</time></trkpt><trkpt lat="-13.420611" lon="-71.850594"><ele>2979.754</ele><time>2021-02-19T20:50:01Z</time></trkpt><trkpt lat="-13.420658" lon="-71.850632"><ele>2979.194</ele><time>2021-02-19T20:50:07Z</time></trkpt><trkpt lat="-13.420707" lon="-71.850670"><ele>2978.226</ele><time>2021-02-19T20:50:13Z</time></trkpt><trkpt lat="-13.420763" lon="-71.850691"><ele>2977.747</ele><time>2021-02-19T20:50:19Z</time></trkpt><trkpt lat="-13.420800" lon="-71.850736"><ele>2977.011</ele><time>2021-02-19T20:50:25Z</time></trkpt><trkpt lat="-13.420853" lon="-71.850758"><ele>2977.008</ele><time>2021-02-19T20:50:31Z</time></trkpt><trkpt lat="-13.420910" lon="-71.850777"><ele>2977.018</ele><time>2021-02-19T20:50:37Z</time></trkpt><trkpt lat="-13.420953" lon="-71.850793"><ele>2976.818</ele><time>2021-02-19T20:50:41Z</time></trkpt><trkpt lat="-13.421006" lon="-71.850809"><ele>2976.583</ele><time>2021-02-19T20:50:47Z</time></trkpt><trkpt lat="-13.421059" lon="-71.850814"><ele>2977.283</ele><time>2021-02-19T20:50:53Z</time></trkpt><trkpt lat="-13.421087" lon="-71.850860"><ele>2976.747</ele><time>2021-02-19T20:50:59Z</time></trkpt><trkpt lat="-13.421127" lon="-71.850896"><ele>2976.353</ele><time>2021-02-19T20:51:05Z</time></trkpt><trkpt lat="-13.421186" lon="-71.850909"><ele>2976.020</ele><time>2021-02-19T20:51:11Z</time></trkpt><trkpt lat="-13.421247" lon="-71.850923"><ele>2975.780</ele><time>2021-02-19T20:51:17Z</time></trkpt><trkpt lat="-13.421300" lon="-71.850945"><ele>2975.594</ele><time>2021-02-19T20:51:23Z</time></trkpt><trkpt lat="-13.421344" lon="-71.850957"><ele>2975.157</ele><time>2021-02-19T20:51:27Z</time></trkpt><trkpt lat="-13.421406" lon="-71.850975"><ele>2974.322</ele><time>2021-02-19T20:51:33Z</time></trkpt><trkpt lat="-13.421471" lon="-71.850999"><ele>2973.108</ele><time>2021-02-19T20:51:39Z</time></trkpt><trkpt lat="-13.421518" lon="-71.851011"><ele>2972.495</ele><time>2021-02-19T20:51:43Z</time></trkpt><trkpt lat="-13.421553" lon="-71.851057"><ele>2973.085</ele><time>2021-02-19T20:51:48Z</time></trkpt><trkpt lat="-13.421613" lon="-71.851086"><ele>2973.410</ele><time>2021-02-19T20:51:53Z</time></trkpt><trkpt lat="-13.421660" lon="-71.851096"><ele>2974.170</ele><time>2021-02-19T20:51:56Z</time></trkpt><trkpt lat="-13.421714" lon="-71.851114"><ele>2974.144</ele><time>2021-02-19T20:52:00Z</time></trkpt><trkpt lat="-13.421764" lon="-71.851138"><ele>2973.870</ele><time>2021-02-19T20:52:05Z</time></trkpt><trkpt lat="-13.421810" lon="-71.851153"><ele>2973.537</ele><time>2021-02-19T20:52:09Z</time></trkpt><trkpt lat="-13.421782" lon="-71.851202"><ele>2973.437</ele><time>2021-02-19T20:52:21Z</time></trkpt><trkpt lat="-13.421858" lon="-71.851106"><ele>2971.898</ele><time>2021-02-19T20:54:12Z</time></trkpt><trkpt lat="-13.421908" lon="-71.851157"><ele>2970.415</ele><time>2021-02-19T20:54:18Z</time></trkpt><trkpt lat="-13.421959" lon="-71.851183"><ele>2969.426</ele><time>2021-02-19T20:54:24Z</time></trkpt><trkpt lat="-13.422003" lon="-71.851220"><ele>2969.008</ele><time>2021-02-19T20:54:30Z</time></trkpt><trkpt lat="-13.422051" lon="-71.851242"><ele>2969.585</ele><time>2021-02-19T20:54:48Z</time></trkpt><trkpt lat="-13.422044" lon="-71.851300"><ele>2969.545</ele><time>2021-02-19T20:54:54Z</time></trkpt><trkpt lat="-13.422046" lon="-71.851365"><ele>2969.350</ele><time>2021-02-19T20:55:10Z</time></trkpt></trkseg></trk></gpx>